x,y,z,xdot,ydot,zdot,Period,JC,Stability
1.003986442087302,0.0,2.3484663792673817e-10,0.0,0.004615276462168598,0.0,3.0914797887457537,3.0001868584181484,1711.9870310998442
1.003983492599039,0.0,0.00011253545016169151,0.0,0.004625276462168598,0.0,3.091399421827592,3.00018673851014,1708.0272232183868
1.0039805436112084,0.0,0.00015905574761521148,0.0,0.0046352764621685975,0.0,3.0913195425908566,3.0001866185941624,1704.0766119414936
1.0039775923175172,0.0,0.000194769239340992,0.0,0.004645276462168597,0.0,3.0912394254830358,3.0001864985254754,1700.1280542642137
1.003974638720301,0.0,0.00022488472025535862,0.0,0.004655276462168597,0.0,3.0911590698083393,3.000186378304446,1696.1815787103087
1.0039716828238336,0.0,0.00025142172216552583,0.0,0.004665276462168596,0.0,3.091078475359007,3.0001862579315546,1692.2372226207308
1.0039687246295497,0.0,0.0002754164759976706,0.0,0.004675276462168596,0.0,3.090997641204558,3.0001861374071166,1688.2950101502054
1.003965764140739,0.0,0.0002974846504820926,0.0,0.004685276462168595,0.0,3.0909165668818424,3.000186016731554,1684.3549738357374
1.0039628013602635,0.0,0.00031802744373876586,0.0,0.004695276462168595,0.0,3.0908352518157862,3.000185895905267,1680.417144120052
1.003959836290979,0.0,0.00033732354653719635,0.0,0.004705276462168595,0.0,3.090753695426532,3.000185774928651,1676.4815512787334
1.0039568689357437,0.0,0.00035557587691406156,0.0,0.004715276462168594,0.0,3.0906718971321405,3.000185653802105,1672.5482254592332
1.003953899297421,0.0,0.00037293762121883093,0.0,0.004725276462168594,0.0,3.090589856348562,3.0001855325260265,1668.617196709348
1.0039509273787268,0.0,0.0003895277904261879,0.0,0.004735276462168593,0.0,3.090507572450206,3.0001854111008024,1664.6884930051406
1.0039479531829096,0.0,0.00040544101378910905,0.0,0.004745276462168593,0.0,3.0904250449461474,3.00018528952686,1660.7621489137166
1.0039449767125912,0.0,0.0004207540239667337,0.0,0.004755276462168593,0.0,3.090342273179908,3.0001851678045792,1656.8381908843555
1.0039419979706692,0.0,0.00043553005086336604,0.0,0.004765276462168592,0.0,3.090259256563844,3.00018504593436,1652.9166487212785
1.0039390169600388,0.0,0.00044982193366508463,0.0,0.004775276462168592,0.0,3.090175994505768,3.0001849239166014,1648.9975519829695
1.0039360336835959,0.0,0.00046367436414230433,0.0,0.004785276462168591,0.0,3.090092486410362,3.0001848017517037,1645.080930045774
1.0039330481442383,0.0,0.00047712554324326993,0.0,0.004795276462168591,0.0,3.090008731679884,3.0001846794400677,1641.1668121610194
1.0039300603448675,0.0,0.0004902084282716822,0.0,0.0048052764621685905,0.0,3.089924729714106,3.0001845569820924,1637.255227472791
1.003927070288392,0.0,0.0005029516879066541,0.0,0.00481527646216859,0.0,3.0898404799106705,3.000184434378178,1633.3462049518098
1.0039240779777192,0.0,0.0005153804446721905,0.0,0.00482527646216859,0.0,3.0897559816652707,3.0001843116287246,1629.43977351218
1.0039210834157675,0.0,0.0005275168597847656,0.0,0.004835276462168589,0.0,3.0896712343710764,3.0001841887341345,1625.5359618870834
1.0039180866054565,0.0,0.000539380599686202,0.0,0.004845276462168589,0.0,3.0895862374196357,3.0001840656948078,1621.634798714996
1.0039150875497111,0.0,0.000550989212025611,0.0,0.0048552764621685885,0.0,3.0895009901999773,3.000183942511146,1617.736312552197
1.0039120862514617,0.0,0.0005623584318655481,0.0,0.004865276462168588,0.0,3.0894154920992403,3.000183819183549,1613.8405317844827
1.0039090827136439,0.0,0.0005735024331990447,0.0,0.004875276462168588,0.0,3.0893297425024873,3.0001836957124195,1609.9474846988173
1.0039060769391972,0.0,0.0005844340373329308,0.0,0.004885276462168587,0.0,3.0892437407926328,3.0001835720981602,1606.0571994693755
1.0039030689310675,0.0,0.000595164886794417,0.0,0.004895276462168587,0.0,3.0891574863504254,3.0001834483411725,1602.1697041465447
1.003900058692205,0.0,0.0006057055915376174,0.0,0.0049052764621685865,0.0,3.089070978554558,3.000183324441858,1598.2850266718199
1.0038970462255654,0.0,0.0006160658526141634,0.0,0.004915276462168586,0.0,3.0889842167815673,3.000183200400621,1594.403194860709
1.003894031534108,0.0,0.0006262545674451423,0.0,0.004925276462168586,0.0,3.088897200406054,3.0001830762178625,1590.524236412839
1.0038910146208002,0.0,0.0006362799198931586,0.0,0.004935276462168585,0.0,3.088809928800158,3.000182951893987,1586.6481788994593
1.0038879954886109,0.0,0.0006461494578091296,0.0,0.004945276462168585,0.0,3.0887224013342367,3.000182827429397,1582.7750497935713
1.0038849741405198,0.0,0.0006558701599871592,0.0,0.004955276462168584,0.0,3.088634617376139,3.000182702824497,1578.9048764202112
1.0038819505795045,0.0,0.0006654484944530666,0.0,0.004965276462168584,0.0,3.0885465762920616,3.00018257807969,1575.037686030758
1.0038789248085531,0.0,0.0006748904691456515,0.0,0.004975276462168584,0.0,3.088458277445727,3.00018245319538,1571.173505705418
1.0038758968306583,0.0,0.0006842016764166121,0.0,0.004985276462168583,0.0,3.0883697201986626,3.000182328171972,1567.3123624547325
1.0038728666488175,0.0,0.0006933873321171045,0.0,0.004995276462168583,0.0,3.0882809039105172,3.000182203009871,1563.4542831229169
1.003869834266033,0.0,0.0007024523100691954,0.0,0.005005276462168582,0.0,3.0881918279385103,3.0001820777094794,1559.5992944765494
1.0038667996853123,0.0,0.0007114011726084586,0.0,0.005015276462168582,0.0,3.0881024916380193,3.0001819522712054,1555.7474231392362
1.0038637629096707,0.0,0.0007202381976703535,0.0,0.005025276462168582,0.0,3.0880128943618486,3.000181826695453,1551.898695622228
1.0038607239421267,0.0,0.0007289674029724912,0.0,0.005035276462168581,0.0,3.0879230354609963,3.0001817009826266,1548.053138318879
1.0038576827857044,0.0,0.0007375925675774319,0.0,0.005045276462168581,0.0,3.0878329142841543,3.0001815751331335,1544.2107774961378
1.0038546394434347,0.0,0.0007461172512202545,0.0,0.00505527646216858,0.0,3.0877425301777444,3.0001814491473793,1540.3716393183263
1.0038515939183537,0.0,0.0007545448116885996,0.0,0.00506527646216858,0.0,3.087651882486155,3.00018132302577,1536.5357498025492
1.0038485462135023,0.0,0.0007628784204469685,0.0,0.0050752764621685795,0.0,3.0875609705515807,3.0001811967687138,1532.7031348836208
1.0038454963319274,0.0,0.000771121076758857,0.0,0.005085276462168579,0.0,3.0874697937139843,3.0001810703766156,1528.8738203315952
1.0038424442766822,0.0,0.0007792756204467651,0.0,0.005095276462168579,0.0,3.0873783513110356,3.0001809438498834,1525.0478318385183
1.003839390050825,0.0,0.0007873447434839613,0.0,0.005105276462168578,0.0,3.0872866426784262,3.0001808171889235,1521.2251949477543
1.00383633365742,0.0,0.0007953310004954985,0.0,0.005115276462168578,0.0,3.0871946671494026,3.0001806903941444,1517.405935109232
1.0038332750995373,0.0,0.0008032368183579024,0.0,0.0051252764621685775,0.0,3.087102424055289,3.0001805634659546,1513.5900776239125
1.0038302143802524,0.0,0.0008110645049128744,0.0,0.005135276462168577,0.0,3.087009912724935,3.0001804364047606,1509.7776476905142
1.0038271515026478,0.0,0.0008188162569547154,0.0,0.005145276462168577,0.0,3.0869171324850027,3.000180309210972,1505.968670396323
1.003824086469809,0.0,0.0008264941675597459,0.0,0.005155276462168576,0.0,3.0868240826602227,3.000180181884997,1502.163170675834
1.0038210192848316,0.0,0.0008341002327454418,0.0,0.005165276462168576,0.0,3.0867307625727065,3.000180054427244,1498.361173375402
1.0038179499508142,0.0,0.0008416363576658225,0.0,0.0051752764621685755,0.0,3.086637171542582,3.000179926838123,1494.562703209846
1.0038148784708616,0.0,0.0008491043622521894,0.0,0.005185276462168575,0.0,3.0865433088877032,3.0001797991180426,1490.7677847637096
1.0038118048480844,0.0,0.0008565059864373377,0.0,0.005195276462168575,0.0,3.0864491739237248,3.000179671267413,1486.9764425370554
1.003808729085602,0.0,0.0008638428949550622,0.0,0.005205276462168574,0.0,3.08635476596386,3.000179543286644,1483.1887008559029
1.0038056511865363,0.0,0.0008711166818102828,0.0,0.005215276462168574,0.0,3.0862600843192878,3.0001794151761447,1479.404583967638
1.0038025711540166,0.0,0.0008783288743826911,0.0,0.005225276462168573,0.0,3.0861651282989255,3.000179286936327,1475.6241159881556
1.0037994889911797,0.0,0.000885480937227344,0.0,0.005235276462168573,0.0,3.0860698972091987,3.000179158567601,1471.847320906158
1.0037964047011656,0.0,0.0008925742756462756,0.0,0.005245276462168573,0.0,3.085974390354738,3.0001790300703775,1468.0742225849508
1.0037933182871235,0.0,0.000899610238926965,0.0,0.005255276462168572,0.0,3.0858786070374236,3.0001789014450675,1464.3048447943534
1.0037902297522072,0.0,0.0009065901234367645,0.0,0.005265276462168572,0.0,3.085782546557116,3.000178772692083,1460.5392111535712
1.0037871390995767,0.0,0.0009135151754476768,0.0,0.005275276462168571,0.0,3.0856862082113548,3.0001786438118354,1456.7773451801775
1.0037840463324,0.0,0.0009203865937860001,0.0,0.005285276462168571,0.0,3.0855895912953946,3.0001785148047366,1453.01927025539
1.0037809514538483,0.0,0.0009272055323198319,0.0,0.005295276462168571,0.0,3.0854926951022486,3.0001783856711985,1449.265009659499
1.0037778544671025,0.0,0.0009339731022510851,0.0,0.00530527646216857,0.0,3.085395518922564,3.000178256411634,1445.5145865325885
1.0037747553753464,0.0,0.0009406903742936968,0.0,0.00531527646216857,0.0,3.0852980620449073,3.0001781270264565,1441.7680239170568
1.003771654181775,0.0,0.0009473583806682332,0.0,0.005325276462168569,0.0,3.0852003237551244,3.0001779975160785,1438.0253447020123
1.0037685508895833,0.0,0.0009539781170359449,0.0,0.005335276462168569,0.0,3.0851023033373433,3.0001778678809123,1434.286571695744
1.0037654455019798,0.0,0.0009605505442244665,0.0,0.0053452764621685685,0.0,3.085004000072829,3.0001777381213723,1430.551727548208
1.003762338022174,0.0,0.0009670765899412902,0.0,0.005355276462168568,0.0,3.084905413240904,3.000177608237873,1426.8208348108446
1.003759228453384,0.0,0.0009735571503095933,0.0,0.005365276462168568,0.0,3.0848065421184563,3.000177478230827,1423.0939159225586
1.0037561167988371,0.0,0.0009799930913409816,0.0,0.005375276462168567,0.0,3.0847073859799474,3.00017734810065,1419.3709931571943
1.0037530030617607,0.0,0.0009863852503474283,0.0,0.005385276462168567,0.0,3.084607944097843,3.0001772178477553,1415.652088731341
1.0037498872453952,0.0,0.0009927344372053606,0.0,0.0053952764621685665,0.0,3.0845082157419483,3.000177087472559,1411.9372246831415
1.003746769352985,0.0,0.000999041435612259,0.0,0.005405276462168566,0.0,3.0844082001798423,3.0001769569754755,1408.2264229745615
1.00374364938778,0.0,0.0010053070042448109,0.0,0.005415276462168566,0.0,3.084307896676972,3.00017682635692,1404.5197054141927
1.0037405273530402,0.0,0.0010115318778277597,0.0,0.005425276462168565,0.0,3.084207304496023,3.000176695617309,1400.8170937103826
1.0037374032520292,0.0,0.0010177167682038446,0.0,0.005435276462168565,0.0,3.084106422897746,3.0001765647570577,1397.1186094466384
1.0037342770880193,0.0,0.001023862365282932,0.0,0.0054452764621685645,0.0,3.084005251140335,3.0001764337765824,1393.4242740743152
1.0037311488642893,0.0,0.0010299693379747015,0.0,0.005455276462168564,0.0,3.0839037884797054,3.0001763026763,1389.7341089386894
1.0037280185841242,0.0,0.0010360383350674642,0.0,0.005465276462168564,0.0,3.0838020341693233,3.000176171456627,1386.0481352477584
1.0037248862508148,0.0,0.0010420699860538877,0.0,0.005475276462168563,0.0,3.0836999874605104,3.0001760401179807,1382.36637412166
1.0037217518676622,0.0,0.00104806490190769,0.0,0.005485276462168563,0.0,3.0835976476019975,3.0001759086607764,1378.6888465224383
1.0037186154379727,0.0,0.0010540236758371506,0.0,0.005495276462168562,0.0,3.0834950138401447,3.0001757770854347,1375.0155733055701
1.0037154769650585,0.0,0.0010599468839946533,0.0,0.005505276462168562,0.0,3.0833920854191343,3.000175645392372,1371.3465752134457
1.0037123364522385,0.0,0.0010658350861444076,0.0,0.005515276462168562,0.0,3.0832888615807454,3.000175513582006,1367.6818728668554
1.0037091939028435,0.0,0.0010716888262800657,0.0,0.005525276462168561,0.0,3.083185341564124,3.0001753816547545,1364.021486744178
1.0037060493202061,0.0,0.0010775086332670807,0.0,0.005535276462168561,0.0,3.0830815246062024,3.0001752496110385,1360.365437230289
1.003702902707666,0.0,0.0010832950213994193,0.0,0.00554527646216856,0.0,3.0829774099416927,3.0001751174512745,1356.7137445949147
1.003699754068575,0.0,0.0010890484909363118,0.0,0.00555527646216856,0.0,3.0828729968026027,3.0001749851758825,1353.0664289419365
1.003696603406287,0.0,0.0010947695286467503,0.0,0.00556527646216856,0.0,3.0827682844187208,3.0001748527852823,1349.4235103062028
1.003693450724166,0.0,0.001100458608296183,0.0,0.005575276462168559,0.0,3.0826632720174425,3.000174720279893,1345.7850085712826
1.0036902960255825,0.0,0.0011061161911163542,0.0,0.005585276462168559,0.0,3.0825579588235885,3.0001745876601347,1342.1509435218966
1.0036871393139135,0.0,0.001111742726272271,0.0,0.005595276462168558,0.0,3.082452344059776,3.000174454926428,1338.521334798842
1.0036839805925448,0.0,0.001117338651277145,0.0,0.005605276462168558,0.0,3.0823464269461054,3.000174322079193,1334.89620193477
1.0036808198648677,0.0,0.0011229043924169243,0.0,0.0056152764621685575,0.0,3.08224020670031,3.000174189118851,1331.2755643607316
1.0036776571342838,0.0,0.001128440365130712,0.0,0.005625276462168557,0.0,3.0821336825375627,3.0001740560458225,1327.6594413389225
1.0036744924041985,0.0,0.0011339469744067597,0.0,0.005635276462168557,0.0,3.0820268536708246,3.0001739228605286,1324.04785206371
1.0036713256780272,0.0,0.0011394246151183143,0.0,0.005645276462168556,0.0,3.081919719310433,3.0001737895633918,1320.4408155894544
1.003668156959192,0.0,0.001144873672386351,0.0,0.005655276462168556,0.0,3.081812278664462,3.0001736561548333,1316.8383508292134
1.0036649862511244,0.0,0.0011502945218887536,0.0,0.0056652764621685555,0.0,3.0817045309382474,3.0001735226352753,1313.240476612733
1.0036618135572581,0.0,0.0011556875302093951,0.0,0.005675276462168555,0.0,3.081596475335157,3.000173389005141,1309.6472116228242
1.003658638881041,0.0,0.0011610530550921012,0.0,0.005685276462168555,0.0,3.081488111055618,3.000173255264852,1306.0585744395958
1.0036554622259248,0.0,0.0011663914457672275,0.0,0.005695276462168554,0.0,3.0813794372978927,3.0001731214148313,1302.4745835130407
1.0036522835953696,0.0,0.0011717030432145798,0.0,0.005705276462168554,0.0,3.081270453257696,3.000172987455503,1298.8952571753919
1.003649102992844,0.0,0.0011769881804281792,0.0,0.0057152764621685535,0.0,3.0811611581283165,3.0001728533872907,1295.3206136391766
1.003645920421822,0.0,0.001182247182675959,0.0,0.005725276462168553,0.0,3.081051551100686,3.000172719210617,1291.7506709997187
1.0036427358857893,0.0,0.001187480367728026,0.0,0.005735276462168553,0.0,3.080941631362897,3.000172584925907,1288.1854472361279
1.0036395493882353,0.0,0.0011926880461200803,0.0,0.005745276462168552,0.0,3.08083139810107,3.0001724505335843,1284.6249601990603
1.003636360932659,0.0,0.0011978705213498658,0.0,0.005755276462168552,0.0,3.0807208504984365,3.000172316034074,1281.0692276324455
1.003633170522569,0.0,0.0012030280901039264,0.0,0.005765276462168551,0.0,3.080609987735908,3.0001721814278013,1277.5182671426037
1.003629978161479,0.0,0.001208161042473059,0.0,0.005775276462168551,0.0,3.0804988089920364,3.000172046715191,1273.9720962302947
1.0036267838529123,0.0,0.0012132696621401495,0.0,0.005785276462168551,0.0,3.080387313442597,3.000171911896668,1270.4307322774866
1.0036235876003987,0.0,0.001218354226581569,0.0,0.00579527646216855,0.0,3.080275500261165,3.0001717769726586,1266.8941925451352
1.003620389407478,0.0,0.0012234150072403,0.0,0.00580527646216855,0.0,3.0801633686186403,3.0001716419435884,1263.3624941712815
1.0036171892776966,0.0,0.001228452269715395,0.0,0.005815276462168549,0.0,3.080050917683349,3.0001715068098838,1259.835654176581
1.0036139872146095,0.0,0.0012334662739282693,0.0,0.005825276462168549,0.0,3.07993814662143,3.0001713715719727,1256.313689464411
1.0036107832217787,0.0,0.001238457274286571,0.0,0.005835276462168549,0.0,3.0798250545962076,3.0001712362302797,1252.7966168242624
1.0036075773027777,0.0,0.0012434255198383423,0.0,0.005845276462168548,0.0,3.079711640768564,3.0001711007852334,1249.2844529146591
1.003604369461183,0.0,0.0012483712544396695,0.0,0.005855276462168548,0.0,3.079597904296998,3.0001709652372606,1245.7772142951703
1.0036011597005836,0.0,0.0012532947168838041,0.0,0.005865276462168547,0.0,3.079483844337366,3.0001708295867884,1242.274917384414
1.0035979480245754,0.0,0.0012581961410522847,0.0,0.005875276462168547,0.0,3.0793694600429427,3.0001706938342463,1238.7775784952325
1.0035947344367624,0.0,0.001263075756053554,0.0,0.0058852764621685465,0.0,3.0792547505645613,3.000170557980061,1235.285213818628
1.0035915189407556,0.0,0.0012679337863535215,0.0,0.005895276462168546,0.0,3.0791397150506263,3.0001704220246617,1231.7978394419688
1.0035883015401774,0.0,0.0012727704518954576,0.0,0.005905276462168546,0.0,3.0790243526467793,3.0001702859684767,1228.3154713058702
1.0035850822386552,0.0,0.001277585968237786,0.0,0.005915276462168545,0.0,3.0789086624963176,3.0001701498119355,1224.8381252598035
1.0035818610398284,0.0,0.0012823805466530005,0.0,0.005925276462168545,0.0,3.078792643739842,3.000170013555467,1221.3658170193912
1.0035786379473413,0.0,0.0012871543942635118,0.0,0.0059352764621685445,0.0,3.0786762955155296,3.0001698771995016,1217.8985621956617
1.0035754129648484,0.0,0.0012919077141379776,0.0,0.005945276462168544,0.0,3.078559616958981,3.0001697407444685,1214.436376266778
1.0035721860960143,0.0,0.0012966407053978362,0.0,0.005955276462168544,0.0,3.0784426072030935,3.000169604190798,1210.979274600741
1.003568957344509,0.0,0.0013013535633341735,0.0,0.005965276462168543,0.0,3.0783252653784343,3.000169467538919,1207.527272454435
1.0035657267140117,0.0,0.0013060464794956393,0.0,0.005975276462168543,0.0,3.07820759061285,3.0001693307892654,1204.0803849693814
1.0035624942082126,0.0,0.001310719641783236,0.0,0.0059852764621685425,0.0,3.0780895820317022,3.000169193942266,1200.6386271429694
1.003559259830809,0.0,0.0013153732345521207,0.0,0.005995276462168542,0.0,3.0779712387577223,3.000169056998352,1197.2020138892385
1.0035560235855057,0.0,0.0013200074387004538,0.0,0.006005276462168542,0.0,3.077852559911094,3.000168919957956,1193.7705599929716
1.0035527854760184,0.0,0.0013246224317510946,0.0,0.006015276462168541,0.0,3.0777335446094476,3.000168782821508,1190.3442801124427
1.00354954550607,0.0,0.001329218387942602,0.0,0.006025276462168541,0.0,3.077614191967775,3.000168645589442,1186.923188803178
1.0035463036793921,0.0,0.0013337954783092252,0.0,0.00603527646216854,0.0,3.077494501098648,3.00016850826219,1183.5073004995047
1.0035430599997275,0.0,0.0013383538707520666,0.0,0.00604527646216854,0.0,3.0773744711116824,3.0001683708401834,1180.0966295180378
1.0035398144708254,0.0,0.0013428937301344513,0.0,0.00605527646216854,0.0,3.077254101114354,3.000168233323856,1176.6911900518649
1.0035365670964438,0.0,0.0013474152183385881,0.0,0.006065276462168539,0.0,3.077133390211188,3.0001680957136414,1173.290996200084
1.0035333178803505,0.0,0.0013519184943465187,0.0,0.006075276462168539,0.0,3.0770123375043523,3.0001679580099725,1169.896061925212
1.0035300668263236,0.0,0.0013564037143040193,0.0,0.006085276462168538,0.0,3.076890942093219,3.0001678202132838,1166.5064010810722
1.0035268139381481,0.0,0.0013608710315978038,0.0,0.006095276462168538,0.0,3.076769203074742,3.0001676823240078,1163.1220274055966
1.0035235592196174,0.0,0.0013653205969148593,0.0,0.006105276462168538,0.0,3.0766471195431278,3.0001675443425797,1159.742954519098
1.0035203026745367,0.0,0.001369752558303676,0.0,0.006115276462168537,0.0,3.07652469058999,3.000167406269434,1156.369195929379
1.0035170443067183,0.0,0.0013741670612411516,0.0,0.006125276462168537,0.0,3.0764019153043693,3.0001672681050056,1153.0007650324437
1.0035137841199844,0.0,0.0013785642486904852,0.0,0.006135276462168536,0.0,3.0762787927726554,3.0001671298497303,1149.637675099179
1.0035105221181666,0.0,0.0013829442611593815,0.0,0.006145276462168536,0.0,3.076155322078633,3.000166991504042,1146.2799392882584
1.0035072583051037,0.0,0.0013873072367598584,0.0,0.0061552764621685355,0.0,3.076031502303483,3.0001668530683783,1142.927570662429
1.0035039926846467,0.0,0.0013916533112530807,0.0,0.006165276462168535,0.0,3.0759073325256083,3.0001667145431727,1139.580582144021
1.003500725260654,0.0,0.001395982618117907,0.0,0.006175276462168535,0.0,3.075782811821092,3.000166575928864,1136.2389865469602
1.0034974560369936,0.0,0.0014002952885869514,0.0,0.006185276462168534,0.0,3.075657939263007,3.000166437225887,1132.9027965791147
1.003494185017543,0.0,0.001404591451708662,0.0,0.006195276462168534,0.0,3.0755327139220783,3.000166298434679,1129.5720248280168
1.0034909122061895,0.0,0.001408871234387991,0.0,0.0062052764621685335,0.0,3.075407134866212,3.0001661595556777,1126.2466837708723
1.003487637606828,0.0,0.0014131347614405522,0.0,0.006215276462168533,0.0,3.0752812011607586,3.0001660205893192,1122.9267857786385
1.0034843612233664,0.0,0.0014173821556308025,0.0,0.006225276462168533,0.0,3.0751549118683514,3.0001658815360415,1119.6123430766033
1.003481083059717,0.0,0.0014216135377286773,0.0,0.006235276462168532,0.0,3.0750282660491406,3.000165742396284,1116.3033678250044
1.0034778031198073,0.0,0.0014258290265357825,0.0,0.006245276462168532,0.0,3.074901262760311,3.0001656031704824,1112.9998720192764
1.0034745214071112,0.0,0.00143002874010625,0.0,0.0062552764621685315,0.0,3.0747739016389324,3.000165463859063,1109.7018698555162
1.003467952681897,0.0,0.0014383812928050383,0.0,0.0062752764621685315,0.0,3.074518098610532,3.0001651849812077,1103.1223798822411
1.003461376914364,0.0,0.0014466720976489627,0.0,0.006295276462168532,0.0,3.074260851094988,3.0001649057661886,1096.5649977222183
1.003454794136793,0.0,0.001454902023680411,0.0,0.006315276462168532,0.0,3.0740021508516646,3.0001646262175377,1090.0298123033099
1.0034482043811583,0.0,0.0014630719141400567,0.0,0.006335276462168532,0.0,3.073741990179522,3.000164346338777,1083.5169130343488
1.0034416076795958,0.0,0.001471182586391622,0.0,0.006355276462168532,0.0,3.0734803613343233,3.0001640661334323,1077.0263875418134
1.0034350040643945,0.0,0.0014792348329886996,0.0,0.006375276462168532,0.0,3.0732172565291704,3.000163785605035,1070.5583216592852
1.0034283935680064,0.0,0.001487229422649712,0.0,0.006395276462168532,0.0,3.0729526679337056,3.000163504757119,1064.1127994539547
1.0034217762230435,0.0,0.0014951671012116883,0.0,0.006415276462168532,0.0,3.072686587674614,3.0001632235932254,1057.6899032067258
1.0034151520622774,0.0,0.001503048592527716,0.0,0.006435276462168532,0.0,3.0724190078353106,3.0001629421168956,1051.2897134431562
1.003408521118644,0.0,0.0015108745993108912,0.0,0.006455276462168532,0.0,3.072149920455831,3.00016266033168,1044.9123089332656
1.0034018834252412,0.0,0.001518645803951275,0.0,0.006475276462168532,0.0,3.071879317532744,3.0001623782411304,1038.557766686737
1.0033952390153313,0.0,0.0015263628692858337,0.0,0.006495276462168532,0.0,3.0716071910193032,3.0001620958488036,1032.2261619745825
1.0033885879223476,0.0,0.0015340264393205905,0.0,0.006515276462168532,0.0,3.0713335328248688,3.0001618131582597,1025.9175683119906
1.003381930179883,0.0,0.0015416371399518765,0.0,0.006535276462168532,0.0,3.0710583348154046,3.0001615301730653,1019.6320575041632
1.0033752658217028,0.0,0.0015491955796157033,0.0,0.006555276462168532,0.0,3.0707815888131416,3.0001612468967904,1013.3696996065956
1.0033685948817401,0.0,0.001556702349928591,0.0,0.006575276462168532,0.0,3.070503286596445,3.000160963333009,1007.1305629766659
1.003361917394099,0.0,0.001564158026290257,0.0,0.006595276462168532,0.0,3.0702234198997638,3.000160679485298,1000.9147142413251
1.003355233393055,0.0,0.0015715631684700812,0.0,0.006615276462168532,0.0,3.0699419804138146,3.0001603953572427,994.7222183281027
1.0033485429130558,0.0,0.0015789183211520315,0.0,0.0066352764621685325,0.0,3.0696589597851793,3.0001601109524274,988.5531384670129
1.0033418459887211,0.0,0.0015862240144693476,0.0,0.0066552764621685325,0.0,3.0693743496165333,3.000159826274444,982.4075361881346
1.0033351426548476,0.0,0.0015934807645032064,0.0,0.0066752764621685326,0.0,3.069088141466397,3.0001595413268887,976.2854713484844
1.0033284329464047,0.0,0.0016006890737709346,0.0,0.006695276462168533,0.0,3.0688003268491237,3.0001592561133603,970.1870021279585
1.0033217168985435,0.0,0.0016078494316789133,0.0,0.006715276462168533,0.0,3.0685108972349733,3.0001589706374636,964.1121850158206
1.0033149945465878,0.0,0.0016149623149785857,0.0,0.006735276462168533,0.0,3.068219844049887,3.000158684902806,958.0610748642606
1.0033082659260415,0.0,0.001622028188178968,0.0,0.006755276462168533,0.0,3.0679271586755767,3.000158398912998,952.0337248638785
1.0033015310725937,0.0,0.0016290475039487618,0.0,0.006775276462168533,0.0,3.0676328324493953,3.0001581126716586,946.0301865348835
1.0032947900221056,0.0,0.001636020703524506,0.0,0.006795276462168533,0.0,3.0673368566643706,3.0001578261824067,940.0505097940431
1.0032880428106292,0.0,0.001642948217054936,0.0,0.006815276462168533,0.0,3.0670392225691305,3.000157539448868,934.0947429041881
1.003281289474394,0.0,0.0016498304639852427,0.0,0.006835276462168533,0.0,3.0667399213679216,3.0001572524746702,928.1629325035219
1.0032745300498165,0.0,0.001656667853381303,0.0,0.006855276462168533,0.0,3.066438944220495,3.000156965263446,922.2551236233038
1.0032677645734984,0.0,0.001663460784266497,0.0,0.006875276462168533,0.0,3.066136282242127,3.000156677818833,916.3713596793748
1.003260993082228,0.0,0.0016702096459362567,0.0,0.006895276462168533,0.0,3.065831926503642,3.0001563901444714,910.5116824942377
1.003254215612981,0.0,0.0016769148182623039,0.0,0.006915276462168533,0.0,3.0655258680312643,3.000156102244007,904.6761322896518
1.0032474322029197,0.0,0.0016835766719859706,0.0,0.006935276462168533,0.0,3.0652180978068766,3.0001558141210887,898.8647477167685
1.0032406428894005,0.0,0.0016901955689902334,0.0,0.006955276462168533,0.0,3.064908606767628,3.0001555257793675,893.0775658326083
1.003233847709967,0.0,0.0016967718625814966,0.0,0.006975276462168533,0.0,3.0645973858062114,3.0001552372225038,887.3146221487501
1.0032270467023563,0.0,0.001703305897738517,0.0,0.006995276462168533,0.0,3.0642844257707966,3.000154948454155,881.575950599379
1.0032202399044983,0.0,0.001709798011367418,0.0,0.0070152764621685335,0.0,3.0639697174649085,3.0001546594779884,875.861583578809
1.0032134273545157,0.0,0.0017162485325420826,0.0,0.0070352764621685335,0.0,3.0636532516476804,3.0001543702976714,870.1715519422503
1.0032066090907277,0.0,0.0017226577827306846,0.0,0.0070552764621685336,0.0,3.063335019033594,3.0001540809168765,864.5058850073681
1.0031997851516494,0.0,0.0017290260760230648,0.0,0.007075276462168534,0.0,3.063015010292578,3.000153791339281,858.8646105664624
1.0031929555759926,0.0,0.0017353537193448313,0.0,0.007095276462168534,0.0,3.0626932160502767,3.0001535015685636,853.2477548982991
1.0031861204026669,0.0,0.0017416410126614705,0.0,0.007115276462168534,0.0,3.062369626887543,3.0001532116084104,847.6553427809442
1.0031792796707817,0.0,0.0017478882491805303,0.0,0.007135276462168534,0.0,3.062044233340988,3.000152921462508,842.0873974860386
1.003172433419646,0.0,0.0017540957155437208,0.0,0.007155276462168534,0.0,3.06171702590278,3.000152631134548,836.5439408051013
1.003165581688772,0.0,0.0017602636920062667,0.0,0.007175276462168534,0.0,3.0613879950204805,3.000152340628227,831.0249930450223
1.0031587245178732,0.0,0.0017663924526265294,0.0,0.007195276462168534,0.0,3.0610571310975434,3.0001520499472414,825.5305730394657
1.0031518619468647,0.0,0.0017724822654332094,0.0,0.007215276462168534,0.0,3.0607244244929257,3.0001517590952966,820.0606981705748
1.0031449940158663,0.0,0.0017785333925927332,0.0,0.007235276462168534,0.0,3.060389865521478,3.0001514680760977,814.6153843674833
1.0031381207652095,0.0,0.0017845460905610065,0.0,0.007255276462168534,0.0,3.0600534444535645,3.0001511768933544,809.1946460977933
1.0031312422354213,0.0,0.001790520610264224,0.0,0.007275276462168534,0.0,3.05971515151569,3.000150885550781,803.7984964289819
1.0031243584672453,0.0,0.0017964571972178415,0.0,0.007295276462168534,0.0,3.059374976889942,3.0001505940520934,798.4269469752435
1.0031174695016296,0.0,0.0018023560916962313,0.0,0.007315276462168534,0.0,3.0590329107145884,3.0001503024010137,793.0800079505599
1.0031105753797303,0.0,0.0018082175288645541,0.0,0.007335276462168534,0.0,3.0586889430838733,3.0001500106012653,787.7576881688115
1.0031036761429186,0.0,0.00181404173890706,0.0,0.007355276462168534,0.0,3.058343064048016,3.0001497186565755,782.4599950300376
1.0030967718327726,0.0,0.0018198289471737994,0.0,0.007375276462168534,0.0,3.057995263613536,3.0001494265706756,777.1869345696778
1.0030898624910847,0.0,0.0018255793742971958,0.0,0.0073952764621685345,0.0,3.057645531743195,3.0001491343473,771.9385114304123
1.0030829481598624,0.0,0.0018312932363153752,0.0,0.0074152764621685345,0.0,3.057293858356053,3.0001488419901854,766.7147288942103
1.0030760288813239,0.0,0.0018369707447994943,0.0,0.0074352764621685346,0.0,3.0569402333276523,3.000148549503075,761.5155888960168
1.0030691046979034,0.0,0.0018426121069628854,0.0,0.007455276462168535,0.0,3.056584646490066,3.000148256889711,756.34109200978
1.0030621756522569,0.0,0.0018482175257664014,0.0,0.007475276462168535,0.0,3.0562270876319952,3.0001479641538427,751.1912374769227
1.0030552417872485,0.0,0.0018537872000470776,0.0,0.007495276462168535,0.0,3.055867546498997,3.0001476712992203,746.0660232173541
1.0030483031459672,0.0,0.0018593213245999783,0.0,0.007515276462168535,0.0,3.0555060127933884,3.000147378329596,740.9654458297489
1.0030413597717196,0.0,0.0018648200902944723,0.0,0.007535276462168535,0.0,3.055142476174502,3.0001470852487304,735.8895006000109
1.003034411708032,0.0,0.0018702836841675162,0.0,0.007555276462168535,0.0,3.0547769262588207,3.000146792060381,730.8381815254563
1.0030274589986508,0.0,0.001875712289523837,0.0,0.007575276462168535,0.0,3.054409352620123,3.000146498768312,725.811481312215
1.0030205016875458,0.0,0.0018811060860217952,0.0,0.007595276462168535,0.0,3.0540397447895566,3.0001462053762893,720.8093913914233
1.0030135398189086,0.0,0.0018864652497692573,0.0,0.007615276462168535,0.0,3.0536680922557355,3.0001459118880835,715.831901925395
1.0030065734371556,0.0,0.0018917899534080323,0.0,0.007635276462168535,0.0,3.053294384465023,3.000145618307466,710.8790018152818
1.002999602586927,0.0,0.0018970803662007882,0.0,0.007655276462168535,0.0,3.052918610821675,3.0001453246382113,705.9506787273415
1.0029926273130887,0.0,0.0019023366541123653,0.0,0.007675276462168535,0.0,3.0525407606879202,3.0001450308840982,701.0469190742185
1.0029856476607337,0.0,0.0019075589798876926,0.0,0.007695276462168535,0.0,3.0521608233841238,3.000144737048908,696.1677080627827
1.0029786636751803,0.0,0.0019127475031357189,0.0,0.007715276462168535,0.0,3.0517787881891416,3.0001444431364233,691.3130296680904
1.0029716754019786,0.0,0.0019179023803955102,0.0,0.007735276462168535,0.0,3.0513946443402062,3.0001441491504313,686.4828666623324
1.0029646828869037,0.0,0.0019230237652191446,0.0,0.007755276462168535,0.0,3.051008381033379,3.0001438550947195,681.6772006343241
1.0029576861759646,0.0,0.0019281118082350238,0.0,0.0077752764621685354,0.0,3.0506199874235134,3.0001435609730818,676.8960119663715
1.0029506853153984,0.0,0.0019331666572240348,0.0,0.0077952764621685355,0.0,3.0502294526248197,3.0001432667893106,672.139279885871
1.0029436803516736,0.0,0.001938188457182241,0.0,0.007815276462168536,0.0,3.0498367657106242,3.000142972547204,667.4069824484257
1.0029366713314916,0.0,0.001943177350389422,0.0,0.007835276462168535,0.0,3.0494419157139263,3.0001426782505605,662.6990965574778
1.00292965830179,0.0,0.0019481334764671122,0.0,0.007855276462168534,0.0,3.049044891627373,3.000142383903182,658.0155979655658
1.002922641309736,0.0,0.0019530569724494874,0.0,0.007875276462168533,0.0,3.0486456824037296,3.0001420895088726,653.3564613016972
1.002915620402735,0.0,0.0019579479728356244,0.0,0.007895276462168532,0.0,3.048244276955912,3.0001417950714404,648.7216600739009
1.0029085956284258,0.0,0.0019628066096544013,0.0,0.007915276462168531,0.0,3.047840664157353,3.0001415005946916,644.1111666695922
1.002901567034684,0.0,0.0019676330125186683,0.0,0.00793527646216853,0.0,3.0474348328421845,3.000141206082439,639.5249523855339
1.0028945346696243,0.0,0.0019724273086790174,0.0,0.00795527646216853,0.0,3.0470267718055584,3.0001409115384954,634.9629874160489
1.0028874985815974,0.0,0.0019771896230819596,0.0,0.007975276462168529,0.0,3.0466164698038085,3.000140616966676,630.4252408887446
1.0028804588191953,0.0,0.001981920078419045,0.0,0.007995276462168528,0.0,3.046203915554804,3.000140322370799,625.9116808461822
1.0028734154312462,0.0,0.0019866187951831323,0.0,0.008015276462168527,0.0,3.0457890977382376,3.000140027754683,621.4222742892289
1.0028663684668189,0.0,0.0019912858917163416,0.0,0.008035276462168527,0.0,3.045372004995923,3.000139733122151,616.956987161992
1.0028593179752265,0.0,0.0019959214842536987,0.0,0.008055276462168526,0.0,3.0449526259319395,3.0001394384770244,612.515784367786
1.00285226400602,0.0,0.002000525686980766,0.0,0.008075276462168525,0.0,3.044530949113174,3.000139143823131,608.0986297899303
1.0028452066089963,0.0,0.0020050986120691673,0.0,0.008095276462168524,0.0,3.0441069630693507,3.000138849164296,603.705486291102
1.0028381458341915,0.0,0.0020096403697337753,0.0,0.008115276462168523,0.0,3.0436806562936987,3.00013855450435,599.3363157307228
1.0028310817318882,0.0,0.0020141510682658214,0.0,0.008135276462168523,0.0,3.043252017242891,3.0001382598471222,594.9910789736539
1.0028240143526126,0.0,0.002018630814083481,0.0,0.008155276462168522,0.0,3.042821034337714,3.000137965196447,590.6697358976351
1.0028169437471361,0.0,0.0020230797117696884,0.0,0.008175276462168521,0.0,3.042387695963101,3.0001376705561555,586.3722454122667
1.0028098699664736,0.0,0.0020274978641185585,0.0,0.00819527646216852,0.0,3.0419519904689274,3.000137375930085,582.098565462848
1.0028027930618904,0.0,0.0020318853721670925,0.0,0.00821527646216852,0.0,3.0415139061697714,3.0001370813220727,577.848653037076
1.0027957130848972,0.0,0.0020362423352396674,0.0,0.008235276462168518,0.0,3.0410734313457923,3.000136786735956,573.622464188172
1.00278863008725,0.0,0.002040568850989861,0.0,0.008255276462168518,0.0,3.0406305542428336,3.000136492175575,569.4199540359305
1.0027815441209549,0.0,0.002044865015429899,0.0,0.008275276462168517,0.0,3.040185263072978,3.0001361976447702,565.2410767813402
1.0027744552382662,0.0,0.002049130922971623,0.0,0.008295276462168516,0.0,3.0397375460146963,3.000135903147385,561.0857857172052
1.0027673634916885,0.0,0.0020533666664614494,0.0,0.008315276462168515,0.0,3.0392873912135836,3.0001356086872617,556.9540332348131
1.002760268933975,0.0,0.002057572337214732,0.0,0.008335276462168514,0.0,3.038834786782416,3.000135314268245,552.8457708403819
1.0027531716181288,0.0,0.00206174802505168,0.0,0.008355276462168514,0.0,3.0383797208018857,3.000135019894181,548.7609491631949
1.0027460715974046,0.0,0.002065893818327292,0.0,0.008375276462168513,0.0,3.037922181320771,3.0001347255689157,544.6995179646299
1.0027389689253097,0.0,0.0020700098039656235,0.0,0.008395276462168512,0.0,3.0374621563565385,3.000134431296296,540.6614261505972
1.0027318636556004,0.0,0.0020740960674932403,0.0,0.008415276462168511,0.0,3.03699963389579,3.00013413708017,536.6466217852089
1.002724755842288,0.0,0.002078152693066806,0.0,0.00843527646216851,0.0,3.0365346018945436,3.000133842924389,532.6550520957235
1.0027176455396356,0.0,0.0020821797635064174,0.0,0.00845527646216851,0.0,3.036067048278871,3.0001335488327996,528.6866634854366
1.0027105328021582,0.0,0.002086177360325414,0.0,0.008475276462168509,0.0,3.035596960945382,3.000133254809254,524.7414015478098
1.002703417684627,0.0,0.0020901455637557676,0.0,0.008495276462168508,0.0,3.035124327761612,3.0001329608576026,520.8192110706921
1.0026963002420644,0.0,0.0020940844527831738,0.0,0.008515276462168507,0.0,3.034649136566539,3.000132666981696,516.9200360534442
1.0026891805297504,0.0,0.002097994105166689,0.0,0.008535276462168506,0.0,3.0341713751710833,3.000132373185387,513.0438197102883
1.0026820586032166,0.0,0.0021018745974741475,0.0,0.008555276462168505,0.0,3.0336910313586376,3.0001320794725275,509.19050449247595
1.002674934518252,0.0,0.002105726005103688,0.0,0.008575276462168505,0.0,3.0332080928856233,3.000131785846969,505.36003208606735
1.0026678083309,0.0,0.002109548402311461,0.0,0.008595276462168504,0.0,3.032722547481917,3.0001314923125655,501.5523434282645
1.0026606800974607,0.0,0.0021133418622384485,0.0,0.008615276462168503,0.0,3.0322343828515925,3.000131198873168,497.7673787205249
1.0026535498744893,0.0,0.002117106456933321,0.0,0.008635276462168502,0.0,3.031743586673126,3.00013090553263,494.0050774351357
1.002646417718799,0.0,0.0021208422573787008,0.0,0.008655276462168501,0.0,3.0312501466003527,3.0001306122948046,490.2653783256741
1.0026392836874582,0.0,0.0021245493335161113,0.0,0.0086752764621685,0.0,3.0307540502627788,3.000130319163544,486.5482194409758
1.002632147837793,0.0,0.002128227754266707,0.0,0.0086952764621685,0.0,3.030255285266268,3.0001300261427004,482.8535381333163
1.0026250102273868,0.0,0.002131877587557559,0.0,0.008715276462168499,0.0,3.029753839193538,3.000129733236127,479.181271069305
1.0026178709140803,0.0,0.002135498900342427,0.0,0.008735276462168498,0.0,3.0292496996049176,3.0001294404476737,475.53135423964864
1.0026107299559703,0.0,0.00213909175862705,0.0,0.008755276462168497,0.0,3.028742854038834,3.0001291477811933,471.90372297007093
1.0026035874114139,0.0,0.002142656227485977,0.0,0.008775276462168496,0.0,3.0282332900124413,3.0001288552405367,468.29831193375867
1.0025964433390253,0.0,0.002146192371087743,0.0,0.008795276462168496,0.0,3.0277209950223525,3.0001285628295533,464.7150551567613
1.0025892977976767,0.0,0.002149700252715269,0.0,0.008815276462168495,0.0,3.027205956545116,3.0001282705520933,461.15388603373515
1.0025821508464972,0.0,0.0021531799347878073,0.0,0.008835276462168494,0.0,3.0266881620380635,3.0001279784120056,457.61473733636706
1.0025750025448763,0.0,0.002156631478878029,0.0,0.008855276462168493,0.0,3.026167598939837,3.000127686413138,454.0975412206899
1.0025678529524602,0.0,0.002160054945734704,0.0,0.008875276462168492,0.0,3.025644254671116,3.000127394559337,450.6022292446538
1.0025607021291552,0.0,0.002163450395300894,0.0,0.008895276462168492,0.0,3.0251181166352685,3.0001271028544507,447.1287323690126
1.0025535501351248,0.0,0.002166817886733373,0.0,0.00891527646216849,0.0,3.0245891722191023,3.0001268113023225,443.6769809750584
1.0025463970307904,0.0,0.0021701574784237093,0.0,0.00893527646216849,0.0,3.02405740879358,3.0001265199067966,440.24690487253406
1.0025392428768343,0.0,0.002173469228012188,0.0,0.008955276462168489,0.0,3.0235228137144183,3.000126228671716,436.8384333072005
1.0025320877341959,0.0,0.002176753192409441,0.0,0.008975276462168488,0.0,3.022985374322922,3.0001259376009215,433.4514949738616
1.0025249316640705,0.0,0.0021800094278163116,0.0,0.008995276462168487,0.0,3.0224450779468053,3.000125646698254,430.0860180286661
1.0025177747279157,0.0,0.0021832379897352094,0.0,0.009015276462168487,0.0,3.0219019119007156,3.0001253559675507,426.74193009349517
1.0025106169874447,0.0,0.0021864389329929257,0.0,0.009035276462168486,0.0,3.021355863487186,3.0001250654126483,423.4191582683121
1.002503458504632,0.0,0.00218961231175356,0.0,0.009055276462168485,0.0,3.0208069199973595,3.000124775037383,420.1176291437057
1.0024962993417048,0.0,0.0021927581795408014,0.0,0.009075276462168484,0.0,3.0202550687117347,3.000124484845587,416.83726880802726
1.002489139561153,0.0,0.0021958765892477828,0.0,0.009095276462168483,0.0,3.019700296900975,3.0001241948410917,413.57800285866324
1.002481979225721,0.0,0.0021989675931580657,0.0,0.009115276462168483,0.0,3.019142591826806,3.0001239050277273,410.3397564100296
1.0024748183984122,0.0,0.0022020312429585115,0.0,0.009135276462168482,0.0,3.0185819407426617,3.00012361540932,407.12245410577816
1.0024676571424862,0.0,0.002205067589757605,0.0,0.009155276462168481,0.0,3.018018330894696,3.000123325989696,403.92602012863904
1.0024604955214595,0.0,0.0022080766840988585,0.0,0.00917527646216848,0.0,3.0174517495225115,3.000123036772678,400.750378207851
1.002453333599106,0.0,0.002211058575976186,0.0,0.00919527646216848,0.0,3.016882183860051,3.0001227477620858,397.5954516307859
1.0024461714394552,0.0,0.002214013314849294,0.0,0.009215276462168479,0.0,3.0163096211364664,3.0001224589617386,394.4611632516585
1.0024390091067916,0.0,0.002216940949659108,0.0,0.009235276462168478,0.0,3.0157340485769213,3.000122170375451,391.3474355033421
1.0024318466656572,0.0,0.002219841528840049,0.0,0.009255276462168477,0.0,3.01515545340368,3.0001218820070368,388.25419040342035
1.0024246841808468,0.0,0.0022227151003368422,0.0,0.009275276462168476,0.0,3.014573822836703,3.000121593860306,385.18134956667643
1.0024175217174118,0.0,0.002225561711616517,0.0,0.009295276462168475,0.0,3.01398914409489,3.0001213059390657,382.1288342132152
1.0024103593406577,0.0,0.0022283814096819552,0.0,0.009315276462168474,0.0,3.0134014043966837,3.0001210182471203,379.0965651788172
1.0024031971161411,0.0,0.0022311742410892096,0.0,0.009335276462168474,0.0,3.0128105909612706,3.0001207307882716,376.08446292423776
1.0023960351096757,0.0,0.0022339402519550456,0.0,0.009355276462168473,0.0,3.012216691009402,3.0001204435663174,373.09244754219753
1.0023888733873245,0.0,0.0022366794879757324,0.0,0.009375276462168472,0.0,3.011619691764295,3.000120156585053,370.12043877162523
1.0023817120154057,0.0,0.002239391994434958,0.0,0.009395276462168471,0.0,3.0110195804527837,3.000119869848269,367.16835600252807
1.0023745510604858,0.0,0.0022420778162221323,0.0,0.00941527646216847,0.0,3.0104163443060696,3.0001195833597563,364.2361182879814
1.002367390589385,0.0,0.0022447369978394723,0.0,0.00943527646216847,0.0,3.0098099705609727,3.0001192971232977,361.32364435007855
1.002360230669173,0.0,0.002247369583418268,0.0,0.009455276462168469,0.0,3.0092004464606554,3.000119011142674,358.43085259316604
1.0023530713671671,0.0,0.0022499756167307446,0.0,0.009475276462168468,0.0,3.008587759255867,3.000118725421663,355.55766111063895
1.0023459127509367,0.0,0.0022525551411993567,0.0,0.009495276462168467,0.0,3.0079718962058823,3.000118439964038,352.70398769406825
1.0023387548882956,0.0,0.0022551081999132557,0.0,0.009515276462168466,0.0,3.007352844579531,3.0001181547735687,349.86974984223764
1.0023315978473104,0.0,0.0022576348356339684,0.0,0.009535276462168465,0.0,3.0067305916562526,3.0001178698540207,347.0548647712807
1.0023244416962875,0.0,0.0022601350908151093,0.0,0.009555276462168465,0.0,3.006105124727191,3.0001175852091553,344.2592494208195
1.0023172865037853,0.0,0.0022626090076050863,0.0,0.009575276462168464,0.0,3.0054764310962727,3.000117300842729,341.4828204662998
1.0023101323386017,0.0,0.0022650566278662135,0.0,0.009595276462168463,0.0,3.0048444980812206,3.0001170167584936,338.7254943263624
1.002302979269783,0.0,0.0022674779931793117,0.0,0.009615276462168462,0.0,3.0042093130147367,3.000116732960199,335.9871871688465
1.002295827366615,0.0,0.002269873144860115,0.0,0.009635276462168461,0.0,3.0035708632455855,3.0001164494515864,333.26781492505836
1.0022886766986283,0.0,0.002272242123965644,0.0,0.00965527646216846,0.0,3.0029291361396866,3.000116166236397,330.5672932942375
1.0022815273355927,0.0,0.0022745849713087167,0.0,0.00967527646216846,0.0,3.002284119081264,3.0001158833183625,327.8855377512871
1.0022743793475206,0.0,0.0022769017274652656,0.0,0.009695276462168459,0.0,3.0016357994740623,3.0001156007012124,325.2224635587164
1.0022672328046607,0.0,0.002279192432787601,0.0,0.009715276462168458,0.0,3.0009841647423694,3.0001153183886715,322.5779857741776
1.0022600877774988,0.0,0.0022814571274141185,0.0,0.009735276462168457,0.0,3.000329202332278,3.000115036384458,319.9520192581009
1.0022529443367603,0.0,0.002283695851277403,0.0,0.009755276462168457,0.0,2.9996708997128443,3.0001147546922846,317.3444786808882
1.0022458025534073,0.0,0.0022859086441152044,0.0,0.009775276462168456,0.0,2.999009244377318,3.000114473315859,314.7552785315397
1.002238662498632,0.0,0.002288095545483201,0.0,0.009795276462168455,0.0,2.998344223844237,3.0001141922588848,312.1843331312899
1.0022315242438629,0.0,0.0022902565947608817,0.0,0.009815276462168454,0.0,2.997675825658753,3.0001139115250584,309.63155663271164
1.0022243878607584,0.0,0.002292391831164534,0.0,0.009835276462168453,0.0,2.997004037393788,3.000113631118071,307.096863034644
1.0022172534212108,0.0,0.002294501293752713,0.0,0.009855276462168452,0.0,2.996328846651351,3.0001133510416076,304.58016618731756
1.0022101209973389,0.0,0.00229658502144073,0.0,0.009875276462168452,0.0,2.995650241063694,3.000113071299347,302.08137980089714
1.0022029906614898,0.0,0.002298643053006908,0.0,0.00989527646216845,0.0,2.9949682082945848,3.000112791894963,299.6004174544295
1.002195862486238,0.0,0.002300675427102026,0.0,0.00991527646216845,0.0,2.994282736040678,3.0001125128321218,297.1371926017829
1.0021887365443827,0.0,0.002302682182259161,0.0,0.00993527646216845,0.0,2.9935938120326386,3.000112234114485,294.6916185813268
1.0021816129089471,0.0,0.002304663356902603,0.0,0.009955276462168448,0.0,2.9929014240365865,3.0001119557457043,292.2636086218147
1.0021744916531763,0.0,0.0023066189893565184,0.0,0.009975276462168448,0.0,2.9922055598553237,3.0001116777294303,289.85307585202236
1.0021673728505356,0.0,0.0023085491178545642,0.0,0.009995276462168447,0.0,2.991506207329609,3.0001114000693017,287.459933306686
1.002160256574709,0.0,0.0023104537805480087,0.0,0.010015276462168446,0.0,2.990803354339573,3.000111122768953,285.08409393568047
1.002153142899601,0.0,0.002312333015512884,0.0,0.010035276462168445,0.0,2.9900969888060462,3.0001108458320114,282.7254706088189
1.002146031899327,0.0,0.002314186860762376,0.0,0.010055276462168444,0.0,2.9893870986918185,3.0001105692620964,280.3839761273765
1.0021389236482194,0.0,0.0023160153542518573,0.0,0.010075276462168443,0.0,2.9886736720030664,3.000110293062821,278.05952322713324
1.002131818220823,0.0,0.0023178185338877835,0.0,0.010095276462168443,0.0,2.987956696790723,3.000110017237791,275.7520245893246
1.0021247156918922,0.0,0.0023195964375374704,0.0,0.010115276462168442,0.0,2.9872361611518476,3.0001097417906037,273.4613928444994
1.0021176161363894,0.0,0.00232134910303665,0.0,0.010135276462168441,0.0,2.9865120532309946,3.0001094667248496,271.1875405828541
1.0021105196294848,0.0,0.0023230765681962963,0.0,0.01015527646216844,0.0,2.9857843612215813,3.0001091920441114,268.9303803592479
1.0021034262465551,0.0,0.002324778870811211,0.0,0.01017527646216844,0.0,2.985053073367448,3.000108917751964,266.68982470042806
1.0020963360631774,0.0,0.0023264560486700413,0.0,0.010195276462168439,0.0,2.9843181779641204,3.000108643851974,264.4657861131243
1.0020892491551305,0.0,0.002328108139560314,0.0,0.010215276462168438,0.0,2.983579663360274,3.0001083703477014,262.25817709026694
1.0020821655983931,0.0,0.002329735181276891,0.0,0.010235276462168437,0.0,2.982837517959185,3.0001080972426957,260.0669101175357
1.0020750854691403,0.0,0.0023313372116311763,0.0,0.010255276462168436,0.0,2.982091730220202,3.0001078245404993,257.89189768014967
1.0020680088437428,0.0,0.0023329142684559486,0.0,0.010275276462168435,0.0,2.9813422886602203,3.0001075522446463,255.73305227018875
1.002060935798762,0.0,0.0023344663896163026,0.0,0.010295276462168435,0.0,2.980589181855043,3.0001072803586633,253.5902863931069
1.0020538664109517,0.0,0.0023359936130141657,0.0,0.010315276462168434,0.0,2.9798323984409736,3.000107008886063,251.46351257336596
1.002046800757255,0.0,0.002337495976595895,0.0,0.010335276462168433,0.0,2.979071927116269,3.0001067378303565,249.35264336236258
1.0020397389147986,0.0,0.0023389735183621347,0.0,0.010355276462168432,0.0,2.9783077566426015,3.0001064671950424,247.25759134361368
1.0020326809608948,0.0,0.002340426276371684,0.0,0.010375276462168431,0.0,2.977539875846586,3.0001061969836087,245.178269140032
1.002025626973037,0.0,0.00234185428875134,0.0,0.01039527646216843,0.0,2.9767682736212993,3.0001059271995363,243.1145894190434
1.0020185770288967,0.0,0.0023432575937011135,0.0,0.01041527646216843,0.0,2.9759929389278126,3.000105657846296,241.06646490093425
1.002011531206324,0.0,0.0023446362295016063,0.0,0.010435276462168429,0.0,2.9752138607966434,3.00010538892735,239.03380836271833
1.00200448958334,0.0,0.002345990234522667,0.0,0.010455276462168428,0.0,2.9744310283293833,3.0001051204461486,237.01653264550316
1.0019974522381425,0.0,0.0023473196472261902,0.0,0.010475276462168427,0.0,2.973644430700266,3.0001048524061353,235.01455065972374
1.0019904192490932,0.0,0.002348624506177584,0.0,0.010495276462168426,0.0,2.972854057157586,3.000104584810742,233.0277753927748
1.0019833906947238,0.0,0.002349904850049362,0.0,0.010515276462168426,0.0,2.972059897025413,3.0001043176633893,231.05611991256848
1.0019763666537291,0.0,0.0023511607176284334,0.0,0.010535276462168425,0.0,2.9712619397050433,3.0001040509674914,229.09949737491525
1.0019693472049624,0.0,0.0023523921478243643,0.0,0.010555276462168424,0.0,2.9704601746765813,3.0001037847264476,227.15782102937652
1.0019623324274416,0.0,0.0023535991796719558,0.0,0.010575276462168423,0.0,2.969654591500709,3.00010351894365,225.2310042233869
1.001955322400334,0.0,0.0023547818523420266,0.0,0.010595276462168422,0.0,2.968845179819965,3.000103253622479,223.31896041005467
1.0019483172029642,0.0,0.0023559402051449383,0.0,0.010615276462168421,0.0,2.968031929360636,3.000102988766305,221.42160315147322
1.0019413169148035,0.0,0.0023570742775383385,0.0,0.01063527646216842,0.0,2.967214829934188,3.000102724378486,219.5388461265191
1.0019343216154728,0.0,0.002358184109132551,0.0,0.01065527646216842,0.0,2.9663938714388833,3.0001024604623705,217.67060313401396
1.0019273313847366,0.0,0.0023592697396967424,0.0,0.010675276462168419,0.0,2.9655690438614997,3.000102197021295,215.81678809966672
1.0019203463025004,0.0,0.0023603312091651715,0.0,0.010695276462168418,0.0,2.9647403372788856,3.000101934058584,213.97731508084024
1.0019133664488087,0.0,0.0023613685576434136,0.0,0.010715276462168417,0.0,2.9639077418595794,3.0001016715775526,212.1520982711948
1.001906391903839,0.0,0.0023623818254147506,0.0,0.010735276462168417,0.0,2.9630712478654146,3.000101409581504,210.34105200688805
1.0018994227479032,0.0,0.0023633710529443954,0.0,0.010755276462168416,0.0,2.962230845653297,3.0001011480737283,208.54409077092163
1.0018924590614415,0.0,0.002364336280886932,0.0,0.010775276462168415,0.0,2.9613865256767067,3.000100887057504,206.7611291979668
1.0018855009250187,0.0,0.0023652775500918244,0.0,0.010795276462168414,0.0,2.960538278487381,3.0001006265360988,204.99208208006996
1.0018785484193224,0.0,0.0023661949016086465,0.0,0.010815276462168413,0.0,2.9596860947369943,3.0001003665127675,203.2368643709434
1.0018716016251599,0.0,0.002367088376692542,0.0,0.010835276462168413,0.0,2.958829965178826,3.0001001069907516,201.49539119089815
1.0018646606234536,0.0,0.002367958016810535,0.0,0.010855276462168412,0.0,2.957969880669389,3.0000998479732828,199.76757783151635
1.0018577254952385,0.0,0.002368803863646452,0.0,0.010875276462168411,0.0,2.957105832170119,3.000099589463579,198.05333976032972
1.001850796321659,0.0,0.002369625959106848,0.0,0.01089527646216841,0.0,2.956237810749021,3.000099331464843,196.35259262548135
1.0018438731839627,0.0,0.002370424345326181,0.0,0.01091527646216841,0.0,2.9553658075823868,3.00009907398027,194.66525226035554
1.0018369561635023,0.0,0.002371199064671638,0.0,0.010935276462168408,0.0,2.9544898139564153,3.0000988170130376,192.9912346873673
1.001830045341727,0.0,0.0023719501597491465,0.0,0.010955276462168408,0.0,2.9536098212689614,3.0000985605663115,191.33045612354692
1.0018231408010612,0.0,0.00237267767232566,0.0,0.010975276462168407,0.0,2.9527258220665966,3.000098304643284,189.68283352692674
1.0018093508844033,0.0,0.0023740621291184253,0.0,0.011015276462168407,0.0,2.950945764525464,3.000097794380639,186.42671965214606
1.0017955870702762,0.0,0.0023753527796657706,0.0,0.011055276462168407,0.0,2.9491495788583943,3.0000972862501687,183.22223013713767
1.0017818500131823,0.0,0.0023765499771343894,0.0,0.011095276462168407,0.0,2.947337200369778,3.0000967802765666,180.06870331965746
1.0017681403696581,0.0,0.002377654077984621,0.0,0.011135276462168407,0.0,2.945508567374321,3.0000962764843404,176.9654816440264
1.001754458797262,0.0,0.002378665443206354,0.0,0.011175276462168407,0.0,2.943663620215706,3.0000957748977646,173.91191124035674
1.0017408059544513,0.0,0.002379584438464915,0.0,0.011215276462168407,0.0,2.941802301320887,3.0000952755408816,170.90734204188732
1.0017271825004468,0.0,0.0023804114342457034,0.0,0.011255276462168408,0.0,2.9399245552540814,3.0000947784374925,167.95112789901083
1.0017135890950954,0.0,0.0023811468059949928,0.0,0.011295276462168408,0.0,2.9380303287707674,3.0000942836111553,165.0426266889259
1.001700026398738,0.0,0.0023817909342534363,0.0,0.011335276462168408,0.0,2.936119570871806,3.000093791085179,162.18120042123974
1.0016864950720612,0.0,0.0023823442047912384,0.0,0.011375276462168408,0.0,2.9341922328568217,3.0000933008826176,159.3662153387222
1.0016729957759583,0.0,0.0023828070087336273,0.0,0.011415276462168408,0.0,2.9322482683779785,3.0000928130262725,156.59704201562243
1.0016595291713817,0.0,0.00238317974268568,0.0,0.011455276462168408,0.0,2.9302876334930863,3.000092327538676,153.87305545012316
1.0016460959191953,0.0,0.0023834628088512987,0.0,0.011495276462168408,0.0,2.9283102867186597,3.0000918444420988,151.19363515411658
1.001632696680018,0.0,0.0023836566151505733,0.0,0.011535276462168408,0.0,2.9263161890823315,3.0000913637585356,148.55816523869612
1.001619332114073,0.0,0.0023837615753299107,0.0,0.011575276462168408,0.0,2.924305304175159,3.0000908855097075,145.96603449557674
1.0016060028810285,0.0,0.0023837781090696626,0.0,0.011615276462168408,0.0,2.9222775982033267,3.0000904097170538,143.41663647484913
1.0015927096398407,0.0,0.0023837066420868457,0.0,0.011655276462168409,0.0,2.920233040039419,3.000089936401729,140.90936955898314
1.0015794530485873,0.0,0.0023835476062353937,0.0,0.011695276462168409,0.0,2.9181716012729724,3.000089465584596,138.44363703279066
1.0015662337643054,0.0,0.00238330143959882,0.0,0.011735276462168409,0.0,2.9160932562606856,3.000088997286225,136.0188471504061
1.0015530524428218,0.0,0.0023829685865820373,0.0,0.011775276462168409,0.0,2.9139979821757254,3.0000885315268864,133.63441319778732
1.0015399097385846,0.0,0.0023825494979960657,0.0,0.011815276462168409,0.0,2.911885759056514,3.0000880683265474,131.28975355212083
1.0015268063044935,0.0,0.0023820446311391182,0.0,0.011855276462168409,0.0,2.9097565698547565,3.000087607704867,128.98429173750753
1.0015137427917211,0.0,0.002381454449874015,0.0,0.01189527646216841,0.0,2.9076104004824885,3.000087149681191,126.71745647744055
1.0015007198495374,0.0,0.0023807794247004857,0.0,0.01193527646216841,0.0,2.905447239858321,3.00008669427455,124.48868174355604
1.0014877381251326,0.0,0.002380020032821987,0.0,0.01197527646216841,0.0,2.9032670799528972,3.0000862415036518,122.29740680104103
1.0014747982634358,0.0,0.0023791767582089915,0.0,0.01201527646216841,0.0,2.9010699158333697,3.000085791386879,120.14307625104041
1.0014619009069308,0.0,0.002378250091657366,0.0,0.01205527646216841,0.0,2.898855745706512,3.000085343942287,118.02514006951549
1.0014490466954746,0.0,0.0023772405308410505,0.0,0.01209527646216841,0.0,2.896624570961287,3.0000848991875926,115.94305364295371
1.0014362362661078,0.0,0.002376148580361238,0.0,0.01213527646216841,0.0,2.894376396209846,3.000084457140177,113.89627780111013
1.0014234702528682,0.0,0.0023749747517899334,0.0,0.01217527646216841,0.0,2.892111229327505,3.000084017817078,111.88427884646802
1.0014107492866018,0.0,0.0023737195637079742,0.0,0.01221527646216841,0.0,2.8898290814915906,3.000083581234988,109.90652858103607
1.0013980739947677,0.0,0.0023723835417401953,0.0,0.01225527646216841,0.0,2.8875299672185846,3.000083147410247,107.96250432968023
1.0013854450012518,0.0,0.0023709672185821874,0.0,0.01229527646216841,0.0,2.8852139044006133,3.000082716358843,106.05168896110058
1.0013728629261682,0.0,0.0023694711340255213,0.0,0.01233527646216841,0.0,2.882880914339696,3.000082288096401,104.1735709056957
1.0013603283856676,0.0,0.0023678958349747066,0.0,0.01237527646216841,0.0,2.8805310217813536,3.000081862638187,102.32764417069765
1.001347841991736,0.0,0.0023662418754620456,0.0,0.01241527646216841,0.0,2.8781642549459225,3.0000814399991005,100.51340835270804
1.0013354043520046,0.0,0.002364509816654055,0.0,0.01245527646216841,0.0,2.875780645558987,3.0000810201936683,98.73036864758001
1.0013230160695485,0.0,0.002362700226854873,0.0,0.01249527646216841,0.0,2.873380228879857,3.0000806032360456,96.97803585769068
1.0013106777426863,0.0,0.0023608136815041862,0.0,0.012535276462168411,0.0,2.870963043728184,3.000080189140009,95.25592639665675
1.001298389964786,0.0,0.0023588507631679915,0.0,0.012575276462168411,0.0,2.8685291325094697,3.0000797779189554,93.56356229190172
1.001286153324064,0.0,0.0023568120615259725,0.0,0.012615276462168411,0.0,2.8660785412382874,3.0000793695858965,91.90047118444673
1.0012739684033833,0.0,0.002354698173352854,0.0,0.012655276462168411,0.0,2.863611319559737,3.000078964153455,90.2661863266853
1.0012618357800573,0.0,0.0023525097024935733,0.0,0.012695276462168411,0.0,2.861127520769404,3.000078561633865,88.66024657788674
1.0012497560256477,0.0,0.0023502472598340624,0.0,0.012735276462168411,0.0,2.8586272018308954,3.0000781620389634,87.08219639721568
1.0012377297057682,0.0,0.00234791146326537,0.0,0.012775276462168412,0.0,2.85611042339204,3.0000777653801927,85.53158583532422
1.0012257573798813,0.0,0.0023455029376437085,0.0,0.012815276462168412,0.0,2.853577249798363,3.0000773716685925,84.00797052281018
1.001213839601106,0.0,0.002343022314743065,0.0,0.012855276462168412,0.0,2.851027749105382,3.0000769809148005,82.51091165798096
1.0012019769160139,0.0,0.0023404702332042644,0.0,0.012895276462168412,0.0,2.8484619930879775,3.000076593129047,81.03997599144307
1.0011901698644363,0.0,0.00233784733847703,0.0,0.012935276462168412,0.0,2.845880057248308,3.000076208321156,79.59473580979082
1.0011784189792683,0.0,0.0023351542827569614,0.0,0.012975276462168412,0.0,2.8432820208212575,3.000075826500537,78.17476891693823
1.001166724786272,0.0,0.0023323917249172075,0.0,0.013015276462168412,0.0,2.8406679667777937,3.0000754476761893,76.77965861392724
1.001155087803886,0.0,0.002329560330434115,0.0,0.013055276462168412,0.0,2.838037981826085,3.000075071856692,75.40899367681408
1.001143508543032,0.0,0.0023266607713076605,0.0,0.013095276462168412,0.0,2.8353921564104563,3.0000746990502094,74.06236833341478
1.0011319875069262,0.0,0.002323693725976188,0.0,0.013135276462168412,0.0,2.832730584707989,3.0000743292644825,72.73938223779913
1.0011205251908892,0.0,0.002320659879226058,0.0,0.013175276462168413,0.0,2.8300533646227377,3.0000739625068324,71.43964044402875
1.0011091220821642,0.0,0.002317559922094858,0.0,0.013215276462168413,0.0,2.827360597778087,3.000073598784155,70.1627533777586
1.0010977786597273,0.0,0.0023143945517706773,0.0,0.013255276462168413,0.0,2.8246523895059883,3.0000732381029196,68.90833680693359
1.001086495394114,0.0,0.0023111644714841587,0.0,0.013295276462168413,0.0,2.821928848834717,3.000072880469168,67.67601181097737
1.0010752727472327,0.0,0.002307870390397172,0.0,0.013335276462168413,0.0,2.819190088473511,3.0000725258885153,66.46540474846859
1.0010641111721956,0.0,0.0023045130234843098,0.0,0.013375276462168413,0.0,2.8164362247954227,3.000072174366143,65.27614722414035
1.0010530111131404,0.0,0.0023010930914107697,0.0,0.013415276462168413,0.0,2.8136673778172563,3.0000718259068035,64.10787605401978
1.0010419730050657,0.0,0.0022976113204038148,0.0,0.013455276462168413,0.0,2.8108836711775322,3.0000714805148183,62.96023323019874
1.0010309972736608,0.0,0.0022940684421200877,0.0,0.013495276462168413,0.0,2.808085232111717,3.0000711381940723,61.83286588382204
1.0010200843351458,0.0,0.0022904651935069433,0.0,0.013535276462168414,0.0,2.805272191425481,3.0000707989480184,60.7254262475454
1.001009234596111,0.0,0.0022868023166598447,0.0,0.013575276462168414,0.0,2.8024446834649783,3.0000704627796764,59.63757161682608
1.0009984484533614,0.0,0.0022830805586743276,0.0,0.013615276462168414,0.0,2.799602846085021,3.0000701296916295,58.56896431035598
1.000987726293767,0.0,0.0022793006714932396,0.0,0.013655276462168414,0.0,2.7967468206151223,3.000069799686028,57.519271629538764
1.0009770684941142,0.0,0.002275463411749393,0.0,0.013695276462168414,0.0,2.7938767518225847,3.000069472764586,56.488165817339976
1.000966475420966,0.0,0.0022715695406036597,0.0,0.013735276462168414,0.0,2.790992787873853,3.0000691489285827,55.47532401610506
1.0009559474305203,0.0,0.0022676198235789436,0.0,0.013775276462168414,0.0,2.788095080292837,3.0000688281788643,54.48042822494935
1.0009454848684796,0.0,0.0022636150303892593,0.0,0.013815276462168414,0.0,2.7851837839174296,3.0000685105158436,53.50316525610937
1.0009350880699206,0.0,0.002259555934765205,0.0,0.013855276462168414,0.0,2.782259056853644,3.000068195939497,52.54322669096226
1.0009247573591744,0.0,0.0022554433142748043,0.0,0.013895276462168414,0.0,2.7793210604272742,3.0000678844493724,51.600308835449255
1.000914493049702,0.0,0.002251277950141195,0.0,0.013935276462168415,0.0,2.7763699591332087,3.0000675760445827,50.674112674493514
1.0009042954439875,0.0,0.002247060627055828,0.0,0.013975276462168415,0.0,2.7734059205829706,3.0000672707238145,49.76434382662103
1.0008941648334269,0.0,0.0022427921329884718,0.0,0.014015276462168415,0.0,2.7704291154497085,3.0000669684853234,48.87071249741908
1.0008841014982288,0.0,0.002238473258993649,0.0,0.014055276462168415,0.0,2.7674397174111354,3.000066669326937,47.99293343315935
1.000874105707315,0.0,0.0022341047990137477,0.0,0.014095276462168415,0.0,2.7644379030903474,3.000066373246058,47.13072587345307
1.000864177718233,0.0,0.0022296875496791405,0.0,0.014135276462168415,0.0,2.761423851994566,3.000066080239667,46.28381350402819
1.0008543177770712,0.0,0.0022252223101051185,0.0,0.014175276462168415,0.0,2.7583977464521388,3.00006579030432,45.45192440885987
1.000844526118379,0.0,0.0022207098816862357,0.0,0.014215276462168415,0.0,2.7553597715469937,3.0000655034361565,44.63479102227437
1.000834802965095,0.0,0.0022161510678879756,0.0,0.014255276462168415,0.0,2.7523101150516744,3.0000652196308963,43.832150080350445
1.0008251485284827,0.0,0.002211546674036039,0.0,0.014295276462168416,0.0,2.7492489673584686,3.000064938883848,43.0437425728706
1.0008155630080697,0.0,0.0022068975071034246,0.0,0.014335276462168416,0.0,2.7461765214087053,3.000064661189905,42.26931369410097
1.0008060465915931,0.0,0.002202204375495216,0.0,0.014375276462168416,0.0,2.743092972619806,3.000064386543555,41.508612794356054
1.0007965994549552,0.0,0.00219746808883202,0.0,0.014415276462168416,0.0,2.739998518811838,3.0000641149388794,40.76139333074673
1.0007872217621825,0.0,0.0021926894577313175,0.0,0.014455276462168416,0.0,2.7368933601311043,3.0000638463695557,40.02741281807444
1.0007779136653912,0.0,0.002187869293587557,0.0,0.014495276462168416,0.0,2.7337776989732956,3.000063580828865,39.30643277984335
1.000768675304761,0.0,0.0021830084083510315,0.0,0.014535276462168416,0.0,2.7306517399044856,3.000063318309692,38.59821869881958
1.0007595068085158,0.0,0.002178107614305613,0.0,0.014575276462168416,0.0,2.727515689581032,3.000063058804529,37.902539967993235
1.0007504082929088,0.0,0.002173167723845767,0.0,0.014615276462168416,0.0,2.724369756668281,3.0000628023054836,37.21916984116346
1.000741379862216,0.0,0.002168189549252877,0.0,0.014655276462168416,0.0,2.7212141517575583,3.0000625488042796,36.54788538383579
1.0007324216087368,0.0,0.0021631739024712683,0.0,0.014695276462168417,0.0,2.7180490872826044,3.0000622982922582,35.88846742402522
1.0007235336128013,0.0,0.002158121594883922,0.0,0.014735276462168417,0.0,2.714874777434558,3.0000620507603917,35.24070050334451
1.000714715942782,0.0,0.002153033437088064,0.0,0.014775276462168417,0.0,2.7116914380758046,3.0000618061992785,34.604372827688294
1.0007059686551165,0.0,0.0021479102386714765,0.0,0.014815276462168417,0.0,2.708499286653517,3.0000615645991537,33.97927621874727
1.0006972917943322,0.0,0.0021427528079886746,0.0,0.014855276462168417,0.0,2.7052985421115743,3.000061325949891,33.365206064965406
1.000688685393082,0.0,0.0021375619519379205,0.0,0.014895276462168417,0.0,2.7020894248023666,3.0000610902410108,32.761961273251615
1.0006801494721844,0.0,0.0021323384757394024,0.0,0.014935276462168417,0.0,2.6988721563978073,3.000060857461681,32.169344220489535
1.0006716840406702,0.0,0.0021270831827139344,0.0,0.014975276462168417,0.0,2.6956469597992894,3.0000606276007282,31.58716070526127
1.0006632890958347,0.0,0.0021217968740633013,0.0,0.015015276462168417,0.0,2.692414059047861,3.000060400646637,31.015219899996666
1.0006549646233012,0.0,0.0021164803486519264,0.0,0.015055276462168418,0.0,2.68917367923361,3.0000601765875596,30.453334303225816
1.000646710597085,0.0,0.0021111344027902683,0.0,0.015095276462168418,0.0,2.6859260464047896,3.000059955411319,29.901319692008613
1.0006385269796667,0.0,0.00210575983001994,0.0,0.015135276462168418,0.0,2.6826713874765726,3.000059737105421,29.358995074651347
1.0006304137220725,0.0,0.002100357420901075,0.0,0.015175276462168418,0.0,2.6794099301401606,3.000059521657049,28.826182643948457
1.000622370763958,0.0,0.002094927962801782,0.0,0.015215276462168418,0.0,2.6761419027711746,3.00005930905308,28.302707730316996
1.0006143980337017,0.0,0.0020894722396902782,0.0,0.015255276462168418,0.0,2.672867534338759,3.0000590992800875,27.788398755371517
1.0006064954484999,0.0,0.0020839910319291562,0.0,0.015295276462168418,0.0,2.669587054314193,3.0000588923243465,27.28308718601157
1.0005986629144714,0.0,0.002078485116072871,0.0,0.015335276462168418,0.0,2.6663006925800516,3.0000586881718414,26.786607488657168
1.0005909003267666,0.0,0.002072955264668307,0.0,0.015375276462168418,0.0,2.66300867933974,3.0000584868082716,26.29879708360727
1.0005832075696819,0.0,0.002067402246057874,0.0,0.015415276462168418,0.0,2.6597112450272493,3.0000582882190585,25.81949630031106
1.0005755845167783,0.0,0.0020618268241864644,0.0,0.015455276462168419,0.0,2.656408620217231,3.0000580923893536,25.348548332378968
1.0005680310310074,0.0,0.00205622975841163,0.0,0.015495276462168419,0.0,2.65310103553586,3.0000578993040414,24.88579919330119
1.0005605469648442,0.0,0.0020506118033174468,0.0,0.015535276462168419,0.0,2.6497887215725417,3.0000577089477507,24.43109767256729
1.000553132160417,0.0,0.002044973708531933,0.0,0.015575276462168419,0.0,2.6464719087914057,3.0000575213048566,23.984295291881082
1.0005457864496534,0.0,0.002039316218548743,0.0,0.015615276462168419,0.0,2.643150827444825,3.000057336359494,23.545246262085428
1.0005385096544226,0.0,0.0020336400725524833,0.0,0.015655276462168417,0.0,2.6398257074869016,3.0000571540955563,23.113807440210934
1.0005313015866824,0.0,0.002027946004248423,0.0,0.015695276462168416,0.0,2.636496778487999,3.0000569744967107,22.689838287212105
1.0005241620486365,0.0,0.002022234741696201,0.0,0.015735276462168414,0.0,2.6331642695505444,3.000056797546398,22.273200825716003
1.0005170908328918,0.0,0.002016507007148538,0.0,0.015775276462168412,0.0,2.6298284092260316,3.0000566232278465,21.863759598677632
1.000510087722618,0.0,0.0020107635168935658,0.0,0.01581527646216841,0.0,2.626489425432444,3.0000564515240717,21.46138162782352
1.000503152491715,0.0,0.0020050049811024162,0.0,0.01585527646216841,0.0,2.6231475453736413,3.0000562824178907,21.065936373266283
1.0004962849049814,0.0,0.0019992321036812447,0.0,0.015895276462168408,0.0,2.619802995459668,3.000056115891925,20.67729569283226
1.000489484718285,0.0,0.001993445582127861,0.0,0.015935276462168406,0.0,2.616456001228071,3.000055951928607,20.295333802249317
1.000482751678743,0.0,0.001987646107393628,0.0,0.015975276462168404,0.0,2.6131067872675913,3.000055790510192,19.919927235642227
1.0004760855248973,0.0,0.0019818343637499495,0.0,0.016015276462168403,0.0,2.6097555771421996,3.00005563161876,19.55095480643041
1.000469485986896,0.0,0.001976011028659473,0.0,0.0160552764621684,0.0,2.606402593316981,3.000055475236227,19.188297568708045
1.0004629527866782,0.0,0.0019701767726530554,0.0,0.0160952764621684,0.0,2.6030480570858927,3.0000553213443486,18.831838778941496
1.000456485638161,0.0,0.001964332259211039,0.0,0.016135276462168398,0.0,2.599692188500719,3.00005516992473,18.48146385832215
1.0004500842474284,0.0,0.001958478144650339,0.0,0.016175276462168396,0.0,2.596335206301847,3.0000550209588317,18.137060355340438
1.00044374831292,0.0,0.0019526150780159743,0.0,0.016215276462168395,0.0,2.5929773278505284,3.000054874427978,17.79851790887124
1.0004374775256255,0.0,0.001946743700978278,0.0,0.016255276462168393,0.0,2.5896187690629695,3.000054730313362,17.46572821175353
1.0004312715692798,0.0,0.0019408646477351752,0.0,0.01629527646216839,0.0,2.586259744346322,3.0000545885960546,17.13858497472829
1.0004251301205556,0.0,0.0019349785449196686,0.0,0.01633527646216839,0.0,2.5829004665359916,3.00005444925701,16.816983890813596
1.0004190528492625,0.0,0.0019290860115121807,0.0,0.016375276462168388,0.0,2.5795411468351825,3.000054312277074,16.50082260016014
1.000413039418544,0.0,0.0019231876587589049,0.0,0.016415276462168386,0.0,2.5761819947560696,3.0000541776369896,16.190000655332256
1.0004070894850787,0.0,0.0019172840900946795,0.0,0.016455276462168385,0.0,2.572823218063052,3.000054045317406,15.88441948690842
1.0004012026992755,0.0,0.0019113759010709577,0.0,0.016495276462168383,0.0,2.5694650227172158,3.0000539152988837,15.583982369727472
1.000395378705478,0.0,0.0019054636792898885,0.0,0.01653527646216838,0.0,2.5661076128238034,3.0000537875618996,15.28859438923897
1.0003896171421611,0.0,0.0018995480043421248,0.0,0.01657527646216838,0.0,2.562751190580281,3.0000536620868585,14.998162408672787
1.0003839176421347,0.0,0.0018936294477511601,0.0,0.016615276462168378,0.0,2.5593959562275677,3.0000535388540954,14.712595036259387
1.0003782798327423,0.0,0.0018877085729218257,0.0,0.016655276462168377,0.0,2.556042108002341,3.0000534178438834,14.431802593024283
1.0003727033360599,0.0,0.0018817859350936988,0.0,0.016695276462168375,0.0,2.5526898420913513,3.000053299036442,14.155697081054587
1.0003671877691,0.0,0.0018758620813007544,0.0,0.016735276462168373,0.0,2.5493393525884698,3.00005318241194,13.884192151951513
1.0003617327440069,0.0,0.0018699375503340944,0.0,0.01677527646216837,0.0,2.545990831452505,3.000053067950505,13.617203075970231
1.0003563378682565,0.0,0.0018640128727109998,0.0,0.01681527646216837,0.0,2.542644468467835,3.0000529556322277,13.35464671123729
1.0003510027448559,0.0,0.0018580885706482673,0.0,0.01685527646216837,0.0,2.539300451206727,3.000052845437168,13.096441473590613
1.0003457269725364,0.0,0.0018521651580401515,0.0,0.016895276462168367,0.0,2.535958964993391,3.0000527373453627,12.842507306643292
1.0003405101459528,0.0,0.0018462431404410006,0.0,0.016935276462168365,0.0,2.532620192870208,3.0000526313368305,12.59276565236583
1.0003353518558755,0.0,0.00184032301505291,0.0,0.016975276462168364,0.0,2.5292843155658957,3.000052527391578,12.347139421751155
1.0003302516893842,0.0,0.0018344052707171196,0.0,0.017015276462168362,0.0,2.52595151146529,3.000052425489604,12.105552966241252
1.0003252092300583,0.0,0.0018284903879105846,0.0,0.01705527646216836,0.0,2.522621956581369,3.0000523256109073,11.86793204902306
1.0003202240581686,0.0,0.0018225788387463886,0.0,0.01709527646216836,0.0,2.5192958245289776,3.000052227735492,11.634203817017017
1.0003152957508625,0.0,0.0018166710869785831,0.0,0.017135276462168357,0.0,2.5159732865003837,3.00005213184337,11.40429677303484
1.0003104238823521,0.0,0.0018107675880110502,0.0,0.017175276462168355,0.0,2.512654511242682,3.000052037914572,11.178140748144692
1.0003056080240962,0.0,0.0018048687889105854,0.0,0.017215276462168354,0.0,2.5093396650371362,3.0000519459291466,10.955666874578128
1.0003008477449835,0.0,0.0017989751284238184,0.0,0.017255276462168352,0.0,2.5060289116802648,3.000051855867169,10.736807558600276
1.0002961426115116,0.0,0.001793087036998163,0.0,0.01729527646216835,0.0,2.5027224124665524,3.0000517677087455,10.521496453852198
1.0002914921879633,0.0,0.0017872049368059968,0.0,0.01733527646216835,0.0,2.4994203261730825,3.0000516814340172,10.309668434943127
1.0002868960365834,0.0,0.0017813292417733998,0.0,0.017375276462168347,0.0,2.496122809045888,3.000051597023167,10.101259570987683
1.0002823537177483,0.0,0.0017754603576112815,0.0,0.017415276462168346,0.0,2.492830014787777,3.0000515144564215,9.896207099717437
1.0002778647901371,0.0,0.0017695986818509935,0.0,0.017455276462168344,0.0,2.4895420945481033,3.0000514337140576,9.694449401516003
1.0002734288108992,0.0,0.001763744603882694,0.0,0.017495276462168342,0.0,2.4862591969139576,3.000051354776406,9.495925973601274
1.0002690453358172,0.0,0.0017578985049971029,0.0,0.01753527646216834,0.0,2.482981467903158,3.0000512776238573,9.300577404455893
1.0002647139194687,0.0,0.001752060758430168,0.0,0.01757527646216834,0.0,2.4797090509584336,3.00005120223686,9.108345348297252
1.0002604341153845,0.0,0.0017462317294108841,0.0,0.017615276462168337,0.0,2.476442086943533,3.0000511285959353,8.919172499527559
1.0002562054762063,0.0,0.0017404117752123798,0.0,0.017655276462168336,0.0,2.4731807141407245,3.0000510566816705,8.733002567264883
1.0002520275538362,0.0,0.0017346012452048012,0.0,0.017695276462168334,0.0,2.4699250682495504,3.0000509864747293,8.549780249893928
1.0002478998995878,0.0,0.0017288004809118947,0.0,0.017735276462168333,0.0,2.466675282387166,3.000050917955852,8.36945120946675
1.0002438220643357,0.0,0.0017230098160694706,0.0,0.01777527646216833,0.0,2.4634314870902134,3.000050851105863,8.191962045955965
1.0002397935986533,0.0,0.001717229576686689,0.0,0.01781527646216833,0.0,2.46019381031766,3.000050785905669,8.017260271490372
1.000235814052958,0.0,0.0017114600811093228,0.0,0.017855276462168328,0.0,2.4569623774552403,3.0000507223362676,7.845294284177507
1.0002318829776466,0.0,0.0017057016400857624,0.0,0.017895276462168326,0.0,2.4537373113211984,3.0000506603787462,7.676013341691302
1.0002279999232297,0.0,0.0016999545568345453,0.0,0.017935276462168324,0.0,2.450518732172994,3.0000506000142892,7.509367534509504
1.0002241644404624,0.0,0.0016942191271143697,0.0,0.017975276462168323,0.0,2.447306757715459,3.0000505412241774,7.34530775855343
1.0002203760804722,0.0,0.0016884956392958284,0.0,0.01801527646216832,0.0,2.4441015031100313,3.0000504839897935,7.183785687372543
1.0002166343948846,0.0,0.0016827843744347522,0.0,0.01805527646216832,0.0,2.4409030809849885,3.000050428292622,7.024753743532001
1.0002129389359438,0.0,0.0016770856063477364,0.0,0.018095276462168318,0.0,2.437711601447026,3.0000503741142563,6.868165069242229
1.0002092892566283,0.0,0.0016713996016888245,0.0,0.018135276462168316,0.0,2.4345271720935293,3.0000503214363983,6.7139734960329065
1.0002056849107719,0.0,0.0016657266200278329,0.0,0.018175276462168315,0.0,2.431349898026233,3.000050270240859,6.5621335131076926
1.000202125453168,0.0,0.0016600669139300867,0.0,0.018215276462168313,0.0,2.4281798818654527,3.0000502205095647,6.412600234730943
1.0001986104396847,0.0,0.0016544207290375237,0.0,0.01825527646216831,0.0,2.42501722376556,3.0000501722245594,6.265329365534818
1.0001951394273656,0.0,0.001648788304150948,0.0,0.01829527646216831,0.0,2.421862021431167,3.000050125368001,6.120277164573791
1.000191711974535,0.0,0.0016431698713133306,0.0,0.018335276462168308,0.0,2.418714370134207,3.0000500799221728,5.977400406802724
1.000188327640894,0.0,0.0016375656558941388,0.0,0.018375276462168307,0.0,2.4155743627318524,3.0000500358694766,5.836656342420243
1.0001849859876193,0.0,0.001631975876674744,0.0,0.018415276462168305,0.0,2.4124420896851553,3.000049993192439,5.698002653184252
1.0001816865774549,0.0,0.0016264007459345748,0.0,0.018455276462168303,0.0,2.409317639078486,3.000049951873714,5.561397405454503
1.0001784289748006,0.0,0.0016208404695379998,0.0,0.0184952764621683,0.0,2.406201096639593,3.00004991189608,5.4267989994759525
1.0001752127457992,0.0,0.0016152952470218408,0.0,0.0185352764621683,0.0,2.4030925457604475,3.0000498732424474,5.29416611406992
1.0001720374584222,0.0,0.001609765271683829,0.0,0.0185752764621683,0.0,2.3999920675186206,3.0000498358958563,5.163457645894624
1.0001689026825467,0.0,0.0016042507306709534,0.0,0.018615276462168297,0.0,2.396899740699224,3.0000497998394766,5.0346326429532375
1.0001658079900362,0.0,0.0015987518050688246,0.0,0.018655276462168295,0.0,2.393815641817577,3.0000497650566142,4.907650230558904
1.0001627529548123,0.0,0.00159326866999121,0.0,0.018695276462168293,0.0,2.390739845142252,3.0000497315307073,4.782469528896231
1.0001597371529305,0.0,0.0015878014946697147,0.0,0.018735276462168292,0.0,2.387672422718674,3.0000496992453303,4.659049560331093
1.0001567601626455,0.0,0.0015823504425438164,0.0,0.01877527646216829,0.0,2.384613444393167,3.0000496681841944,4.537349145258771
1.0001538215644772,0.0,0.0015769156713511807,0.0,0.01881527646216829,0.0,2.3815629778374445,3.000049638331148,4.41732678341311
1.0001509209412776,0.0,0.0015714973332177562,0.0,0.018855276462168287,0.0,2.378521088573501,3.000049609670177,4.2989405180119284
1.000148057878287,0.0,0.0015660955747481748,0.0,0.018895276462168285,0.0,2.37548783999895,3.0000495821854076,4.182147780377319
1.0001452319631965,0.0,0.001560710537115948,0.0,0.018935276462168284,0.0,2.3724632934124763,3.000049555861106,4.066905208679113
1.0001424427861976,0.0,0.0015553423561538056,0.0,0.018975276462168282,0.0,2.36944750803988,3.0000495306816757,3.953168438208146
1.00013968994004,0.0,0.0015499911624434423,0.0,0.01901527646216828,0.0,2.366440541060309,3.000049506631665,3.8408918540214207
1.0001369730200789,0.0,0.0015446570814054677,0.0,0.01905527646216828,0.0,2.363442447632546,3.0000494836957623,3.730028299433389
1.0001342916243237,0.0,0.001539340233388889,0.0,0.019095276462168277,0.0,2.3604532809219148,3.000049461858797,3.620528728479365
1.0001316453534814,0.0,0.0015340407337606802,0.0,0.019135276462168276,0.0,2.3574730921270617,3.0000494411057423,3.512341789118598
1.000129033811001,0.0,0.0015287586929941044,0.0,0.019175276462168274,0.0,2.354501930507095,3.000049421421714,3.4054133190690203
1.0001264566031147,0.0,0.0015234942167575555,0.0,0.019215276462168272,0.0,2.3515398434087893,3.000049402791968,3.299685730036014
1.000123913338873,0.0,0.0015182474060027196,0.0,0.01925527646216827,0.0,2.348586876294022,3.0000493852019066,3.195097249140585
1.0001214036301813,0.0,0.0015130183570515531,0.0,0.01929527646216827,0.0,2.345643072767155,3.000049368637073,3.091580975508908
1.0001189270918367,0.0,0.0015078071616841777,0.0,0.019335276462168267,0.0,2.342708474602747,3.0000493530831536,2.989063690099945
1.0001164833415548,0.0,0.0015026139072246562,0.0,0.019375276462168266,0.0,2.3397831217731535,3.00004933852598,2.887464341777833
1.0001140720000008,0.0,0.0014974386766268017,0.0,0.019415276462168264,0.0,2.3368670524761317,3.0000493249515245,2.7866920900982732
1.0001116926908182,0.0,0.0014922815485599245,0.0,0.019455276462168263,0.0,2.333960303162682,3.000049312345903,2.6866437378139914
1.0001093450406517,0.0,0.0014871425974931482,0.0,0.01949527646216826,0.0,2.3310629085647556,3.0000493006953746,2.5872003058895894
1.000107028679171,0.0,0.0014820218937788932,0.0,0.01953527646216826,0.0,2.3281749017228774,3.000049289986341,2.4882223760186726
1.0001047432390924,0.0,0.0014769195037365513,0.0,0.019575276462168258,0.0,2.325296314014007,3.0000492802053462,2.389543611136995
1.0001024883561995,0.0,0.001471835489734777,0.0,0.019615276462168256,0.0,2.3224271751790058,3.000049271339075,2.2909615132577876
1.000100263669359,0.0,0.0014667699102726697,0.0,0.019655276462168254,0.0,2.3195675133503686,3.0000492633743563,2.1922238333898614
1.0000980688205368,0.0,0.001461722820060922,0.0,0.019695276462168253,0.0,2.316717355079666,3.000049256298158,2.093007858940079
1.000095903454812,0.0,0.0014566942701016192,0.0,0.01973527646216825,0.0,2.313876725364973,3.000049250097589,1.9928874463564803
1.000093767220392,0.0,0.0014516843077676924,0.0,0.01977527646216825,0.0,2.3110456476781787,3.0000492447599014,1.891277630075626
1.000091659768619,0.0,0.0014466929768806472,0.0,0.019815276462168248,0.0,2.308224143992248,3.0000492402724825,1.7873349463868924
1.0000895807539825,0.0,0.0014417203177883244,0.0,0.019855276462168246,0.0,2.3054122348080965,3.000049236622863,1.6797608759621125
1.0000875298341267,0.0,0.001436766367441351,0.0,0.019895276462168245,0.0,2.302609939181813,3.0000492337987104,1.5663613966213406
1.000085506669855,0.0,0.001431831159468351,0.0,0.019935276462168243,0.0,2.299817274751132,3.0000492317878313,1.4428470833134437
1.0000835109251378,0.0,0.001426914724251227,0.0,0.01997527646216824,0.0,2.297034257762141,3.000049230578168,1.2981853665022927
1.000081542267113,0.0,0.0014220170889981936,0.0,0.02001527646216824,0.0,2.294260903095784,3.0000492301578023,1.0511605314186607
1.0000796003660901,0.0,0.0014171382778170245,0.0,0.020055276462168238,0.0,2.29149722429395,3.00004923051495,1.0000000000281946
1.0000776848955506,0.0,0.0014122783117865476,0.0,0.020095276462168236,0.0,2.288743233585553,3.0000492316379628,1.0000000000091591
1.0000757955321469,0.0,0.0014074372090276323,0.0,0.020135276462168235,0.0,2.285998941912398,3.0000492335153277,1.000000000004253
1.0000739319557013,0.0,0.0014026149847729608,0.0,0.020175276462168233,0.0,2.283264358954754,3.0000492361356645,1.0000089526824247
1.0000720938492043,0.0,0.0013978116514360116,0.0,0.02021527646216823,0.0,2.28053949315671,3.0000492394877254,1.0000000000039722
1.0000702808988078,0.0,0.0013930272186788693,0.0,0.02025527646216823,0.0,2.2778243517513688,3.0000492435603996,1.0000067131728299
1.000068492793824,0.0,0.0013882616934791237,0.0,0.02029527646216823,0.0,2.275118940785816,3.000049248342701,1.0000000000112097
1.0000667292267151,0.0,0.0013835150801958724,0.0,0.020335276462168227,0.0,2.272423265145649,3.0000492538237777,1.0000000000040903
1.0000649898930898,0.0,0.0013787873806343969,0.0,0.020375276462168225,0.0,2.269737328579535,3.0000492599929074,1.0000093451587606
1.000063274491695,0.0,0.0013740785941105482,0.0,0.020415276462168223,0.0,2.2670611337233555,3.0000492668394956,1.0000077717521534
1.000061582724404,0.0,0.0013693887175131873,0.0,0.020455276462168222,0.0,2.2643946821240672,3.0000492743530756,1.0000000000019686
1.0000599142962094,0.0,0.0013647177453663176,0.0,0.02049527646216822,0.0,2.2617379742633195,3.000049282523307,1.000000000001183
1.0000582689152107,0.0,0.0013600656698899733,0.0,0.02053527646216822,0.0,2.259091009581008,3.0000492913399777,1.0000000000064693
1.000056646292606,0.0,0.0013554324810604098,0.0,0.020575276462168217,0.0,2.256453786498163,3.0000493007929983,0.9999999999999881
1.0000550461426747,0.0,0.0013508181666686612,0.0,0.020615276462168215,0.0,2.2538263024398084,3.0000493108724036,1.0000037604785081
1.0000534681827697,0.0,0.0013462227123786944,0.0,0.020655276462168214,0.0,2.25120855385768,3.000049321568352,1.0000000000027445
1.0000519121332994,0.0,0.0013416461017843697,0.0,0.020695276462168212,0.0,2.2486005362522667,3.0000493328711233,1.0000000000034612
1.0000503777177163,0.0,0.0013370883164654222,0.0,0.02073527646216821,0.0,2.2460022441948992,3.0000493447711185,1.0000000000023157
1.0000488646625,0.0,0.001332549336042613,0.0,0.02077527646216821,0.0,2.2434136713494133,3.000049357258858,0.9999999999999432
1.000047372697143,0.0,0.0013280291382315092,0.0,0.020815276462168207,0.0,2.240834810493608,3.000049370324982,1.0000000000013511
1.0000459015541328,0.0,0.0013235276988958042,0.0,0.020855276462168205,0.0,2.238265653540133,3.0000493839602482,1.000000000001056
1.0000444509689363,0.0,0.0013190449920993407,0.0,0.020895276462168204,0.0,2.2357061915576204,3.0000493981555296,1.000000000003121
1.000043020679982,0.0,0.0013145809901572599,0.0,0.020935276462168202,0.0,2.2331564147909506,3.0000494129018174,0.9999999999999509
1.0000416104286423,0.0,0.0013101356636862835,0.0,0.0209752764621682,0.0,2.2306163126816285,3.0000494281902155,1.000006132958096
1.0000402199592147,0.0,0.0013057089816541328,0.0,0.0210152764621682,0.0,2.2280858738875646,3.0000494440119434,1.000004800655257
1.0000388490189036,0.0,0.001301300911427549,0.0,0.021055276462168197,0.0,2.2255650863028413,3.0000494603583308,1.0000070959815461
1.0000374973578003,0.0,0.0012969114188201222,0.0,0.021095276462168196,0.0,2.223053937077012,3.0000494772208195,1.0000000000012863
1.0000361647288631,0.0,0.001292540468138569,0.0,0.021135276462168194,0.0,2.2205524126341536,3.0000494945909635,1.0000000000018323
1.0000348508878987,0.0,0.0012881880222284552,0.0,0.021175276462168192,0.0,2.2180604986914956,3.0000495124604236,1.000003846021725
1.0000335555935422,0.0,0.001283854042519046,0.0,0.02121527646216819,0.0,2.21557818027806,3.00004953082097,1.0000000000012308
1.0000322786072322,0.0,0.0012795384890668536,0.0,0.02125527646216819,0.0,2.213105441752734,3.0000495496644817,1.0000000000008213
1.0000310196931943,0.0,0.0012752413205989715,0.0,0.021295276462168188,0.0,2.2106422668221346,3.000049568982939,1.000003065545798
1.000029778618419,0.0,0.0012709624945549999,0.0,0.021335276462168186,0.0,2.2081886385581075,3.000049588768433,1.0000000000005485
1.0000285551526373,0.0,0.0012667019671282614,0.0,0.021375276462168184,0.0,2.2057445394152126,3.0000496090131534,0.9999999999998681
1.000027349068302,0.0,0.001262459693306314,0.0,0.021415276462168183,0.0,2.203309951247512,3.0000496297093977,1.000005693845063
1.0000261601405642,0.0,0.0012582356269106182,0.0,0.02145527646216818,0.0,2.2008848553253895,3.0000496508495607,0.9999999999998431
1.0000249881472518,0.0,0.001254029720635116,0.0,0.02149527646216818,0.0,2.198469232351915,3.0000496724261407,1.0000000000033713
1.000023832868845,0.0,0.0012498419260841998,0.0,0.021535276462168178,0.0,2.196063062479125,3.000049694431736,0.9999999999996921
1.0000226940884558,0.0,0.0012456721938098611,0.0,0.021575276462168176,0.0,2.1936663253237008,3.000049716859039,1.0000000000003968
1.0000215715918053,0.0,0.001241520473348414,0.0,0.021615276462168174,0.0,2.191278999982557,3.000049739700845,1.0000062645457075
1.0000204651671991,0.0,0.0012373867132553973,0.0,0.021655276462168173,0.0,2.188901065048322,3.0000497629500433,1.0000000000003975
1.000019374605504,0.0,0.0012332708611409368,0.0,0.02169527646216817,0.0,2.1865324986241625,3.0000497865996176,1.0000053662957396
1.000018299700127,0.0,0.001229172863703458,0.0,0.02173527646216817,0.0,2.184173278338654,3.0000498106426474,1.0000000000002014
1.0000172402469905,0.0,0.001225092666763204,0.0,0.021775276462168168,0.0,2.1818233813602204,3.0000498350723044,1.0000045973279423
1.0000161960445095,0.0,0.0012210302152947852,0.0,0.021815276462168166,0.0,2.179482784411331,3.000049859881853,1.000005107061121
1.000015166893567,0.0,0.0012169854534586997,0.0,0.021855276462168165,0.0,2.177151463782523,3.0000498850646484,1.000003954362846
1.0000141525974913,0.0,0.0012129583246329914,0.0,0.021895276462168163,0.0,2.174829395345937,3.0000499106141363,1.0000052745417134
1.0000131529620335,0.0,0.0012089487714433051,0.0,0.02193527646216816,0.0,2.172516554568868,3.0000499365238507,1.000000000002077
1.0000121677953417,0.0,0.0012049567357925637,0.0,0.02197527646216816,0.0,2.1702129165269954,3.000049962787414,1.0000000000004432
1.00001119690794,0.0,0.0012009821588904405,0.0,0.022015276462168158,0.0,2.167918455916993,3.000049989398536,1.0000000000005007
1.0000102401127011,0.0,0.0011970249812812493,0.0,0.022055276462168157,0.0,2.165633147069615,3.0000500163510115,1.000006978460461
1.0000092972248267,0.0,0.0011930851428719302,0.0,0.022095276462168155,0.0,2.1633569639617956,3.0000500436387214,1.0000000000005589
1.0000083680618228,0.0,0.001189162582959319,0.0,0.022135276462168153,0.0,2.1610898802288094,3.0000500712556293,1.0000000000002733
1.0000074524434734,0.0,0.0011852572402560276,0.0,0.02217527646216815,0.0,2.15883186917646,3.0000500991957826,1.0000048527537992
1.000006550191821,0.0,0.001181369052916944,0.0,0.02221527646216815,0.0,2.1565829037924793,3.0000501274533105,1.0000000000000144
1.0000056611311412,0.0,0.0011774979585638442,0.0,0.02225527646216815,0.0,2.154342956758214,3.0000501560224224,1.0000000000008697
1.000004785087918,0.0,0.0011736438943104497,0.0,0.022295276462168147,0.0,2.152112000459546,3.000050184897409,1.0000000000008917
1.0000039218908217,0.0,0.0011698067967861677,0.0,0.022335276462168145,0.0,2.1498900069981532,3.0000502140726377,1.0000000000003655
1.0000030713706867,0.0,0.0011659866021596003,0.0,0.022375276462168144,0.0,2.1476769482022062,3.0000502435425576,0.9999999999991652
1.0000022333604857,0.0,0.0011621832461614474,0.0,0.022415276462168142,0.0,2.1454727956367146,3.0000502733016914,1.0000000000013458
1.0000014076953099,0.0,0.0011583966641066927,0.0,0.02245527646216814,0.0,2.1432775206141716,3.0000503033446404,1.0000000000001337
1.0000005942123409,0.0,0.0011546267909165206,0.0,0.02249527646216814,0.0,2.141091094204317,3.0000503336660795,1.0000000000003229
0.9999997927508333,0.0,0.0011508735611394018,0.0,0.022535276462168137,0.0,2.1389134872441247,3.0000503642607583,1.0000000000019573
0.9999990031520894,0.0,0.0011471369089718051,0.0,0.022575276462168135,0.0,2.136744670347615,3.0000503951234996,1.0000000000000426
0.9999982252594327,0.0,0.0011434167682782624,0.0,0.022615276462168134,0.0,2.1345846139151465,3.0000504262492,1.000000000000712
0.9999974589181939,0.0,0.0011397130726112981,0.0,0.022655276462168132,0.0,2.1324332881426797,3.0000504576328257,1.0000000000007652
0.9999967039756774,0.0,0.00113602575523015,0.0,0.02269527646216813,0.0,2.130290663030907,3.0000504892694138,1.112457699608873
0.99999596028115,0.0,0.0011323547491198553,0.0,0.02273527646216813,0.0,2.1281567083941337,3.0000505211540727,1.2015779302752363
0.9999952276858112,0.0,0.0011286999870092514,0.0,0.022775276462168127,0.0,2.1260313938686553,3.0000505532819775,1.266643411369719
0.9999945060427716,0.0,0.0011250614013884666,0.0,0.022815276462168126,0.0,2.1239146889217433,3.000050585648374,1.321710975776237
0.9999937952070348,0.0,0.0011214389245265254,0.0,0.022855276462168124,0.0,2.121806562859423,3.000050618248571,1.3708716476578002
0.9999930950354714,0.0,0.001117832488488,0.0,0.022895276462168122,0.0,2.1197069848347296,3.0000506510779483,1.4159943938560184
0.9999924053867997,0.0,0.0011142420251493202,0.0,0.02293527646216812,0.0,2.117615923855655,3.000050684131948,1.4581175373032016
0.9999917261215621,0.0,0.0011106674662146102,0.0,0.02297527646216812,0.0,2.1155333487929804,3.000050717406076,1.4978877598937008
0.9999910571021081,0.0,0.0011071087432314673,0.0,0.023015276462168117,0.0,2.113459228387513,3.0000507508959062,1.535739585486602
0.9999903981925654,0.0,0.0011035657876056547,0.0,0.023055276462168116,0.0,2.111393531257822,3.0000507845970703,1.5719813110735088
0.9999897492588264,0.0,0.001100038530616166,0.0,0.023095276462168114,0.0,2.1093362259069783,3.0000508185052652,1.6068408477471576
0.9999891101685225,0.0,0.0010965269034290996,0.0,0.023135276462168113,0.0,2.1072872807302043,3.0000508526162486,1.640492196723948
0.9999884807910057,0.0,0.0010930308371118332,0.0,0.02317527646216811,0.0,2.1052466640211924,3.0000508869258375,1.673071701565665
0.9999878609973251,0.0,0.0010895502626463412,0.0,0.02321527646216811,0.0,2.103214343979069,3.0000509214299096,1.7046885202129147
0.9999872506602108,0.0,0.001086085110942468,0.0,0.023255276462168108,0.0,2.1011902887148435,3.0000509561244018,1.7354316432422832
0.9999866496540493,0.0,0.0010826353128505016,0.0,0.023295276462168106,0.0,2.099174466257905,3.000050991005309,1.7653747545278926
0.9999860578548655,0.0,0.001079200799173575,0.0,0.023335276462168104,0.0,2.0971668445622376,3.0000510260686806,1.7945796915875438
0.9999854751403031,0.0,0.001075781500679934,0.0,0.023375276462168103,0.0,2.095167391512394,3.0000510613106273,1.8230989680580056
0.9999849013896029,0.0,0.0010723773481143587,0.0,0.0234152764621681,0.0,2.0931760749295343,3.000051096727313,1.850977650686361
0.9999843364835854,0.0,0.0010689882722097505,0.0,0.0234552764621681,0.0,2.0911928625770724,3.000051132314956,1.878254780900353
0.9999837803046299,0.0,0.0010656142036979657,0.0,0.023495276462168098,0.0,2.0892177221665915,3.000051168069831,1.9049644687895189
0.9999832327366552,0.0,0.001062255073320648,0.0,0.023535276462168096,0.0,2.0872506213630757,3.000051203988265,1.9311367467999359
0.9999826936651021,0.0,0.0010589108118396133,0.0,0.023575276462168095,0.0,2.0852915277903983,3.000051240066638,1.9567982441895009
0.9999821629769124,0.0,0.0010555813500469791,0.0,0.023615276462168093,0.0,2.083340409036506,3.000051276301383,1.981972726043661
0.999981640560511,0.0,0.0010522666187746856,0.0,0.02365527646216809,0.0,2.081397232658762,3.000051312688984,2.0066815283906054
0.999981126305788,0.0,0.0010489665489044518,0.0,0.02369527646216809,0.0,2.0794619661884384,3.0000513492259757,2.0309439126462063
0.9999806201040798,0.0,0.0010456810713766029,0.0,0.023735276462168088,0.0,2.0775345771360727,3.000051385908943,2.0547773569079126
0.9999801218481497,0.0,0.0010424101171991498,0.0,0.023775276462168086,0.0,2.075615032995789,3.0000514227345203,2.0781977971284546
0.999979631432173,0.0,0.001039153617456449,0.0,0.023815276462168085,0.0,2.0737033012500943,3.0000514596993915,2.1012198281713093
0.9999791487517165,0.0,0.0010359115033175942,0.0,0.023855276462168083,0.0,2.071799349374309,3.0000514968002876,2.123856872665108
0.9999786737037214,0.0,0.0010326837060445067,0.0,0.02389527646216808,0.0,2.0699031448409104,3.0000515340339877,2.146121323567165
0.9999782061864855,0.0,0.0010294701569997138,0.0,0.02393527646216808,0.0,2.068014655123921,3.000051571397317,2.1680246652710977
0.9999777460996484,0.0,0.001026270787654255,0.0,0.02397527646216808,0.0,2.0661338477026603,3.000051608887148,2.1895775768906502
0.9999772933441701,0.0,0.0010230855295946916,0.0,0.024015276462168077,0.0,2.0642606900663276,3.000051646500398,2.2107900211008253
0.9999768478223181,0.0,0.0010199143145306043,0.0,0.024055276462168075,0.0,2.062395149717243,3.0000516842340303,2.231671320475756
0.9999764094376492,0.0,0.0010167570743011942,0.0,0.024095276462168073,0.0,2.0605371941753274,3.0000517220850513,2.2522302237580583
0.9999759780949921,0.0,0.0010136137408822085,0.0,0.024135276462168072,0.0,2.0586867909812465,3.000051760050512,2.272474963374204
0.9999755537004313,0.0,0.0010104842463921867,0.0,0.02417527646216807,0.0,2.0568439077003857,3.0000517981275054,2.292413305710137
0.9999751361612932,0.0,0.0010073685230989151,0.0,0.02421527646216807,0.0,2.055008511926078,3.000051836313168,2.3120525949927226
0.9999747253861254,0.0,0.0010042665034251691,0.0,0.024255276462168067,0.0,2.053180571283381,3.00005187460468,2.3313997920922187
0.9999743212846879,0.0,0.0010011781199550796,0.0,0.024295276462168065,0.0,2.0513600534316048,3.000051912999259,2.350461508428814
0.9999739237679277,0.0,0.0009981033054388961,0.0,0.024335276462168064,0.0,2.049546926068776,3.000051951494166,2.3692440364289262
0.9999735327479736,0.0,0.0009950419927993864,0.0,0.024375276462168062,0.0,2.047741156933334,3.000051990086703,2.3877533759273417
0.9999731481381147,0.0,0.0009919941151363353,0.0,0.02441527646216806,0.0,2.045942713808356,3.00005202877421,2.4059952582863877
0.9999727698527856,0.0,0.0009889596057320118,0.0,0.02445527646216806,0.0,2.0441515645235597,3.000052067554067,2.4239751674894325
0.9999723978075541,0.0,0.0009859383980557654,0.0,0.024495276462168057,0.0,2.04236767695902,3.000052106423692,2.4416983592119794
0.9999720319191036,0.0,0.0009829304257689523,0.0,0.024535276462168056,0.0,2.040591019047239,3.0000521453805424,2.459169877878029
0.9999716721052213,0.0,0.0009799356227293643,0.0,0.024575276462168054,0.0,2.0388215587760614,3.0000521844221115,2.47639457195414
0.999971318284781,0.0,0.0009769539229955281,0.0,0.024615276462168052,0.0,2.037059264191478,3.0000522235459317,2.493377107861275
0.9999709703777311,0.0,0.0009739852608309212,0.0,0.02465527646216805,0.0,2.035304103399934,3.00005226274957,2.5101219823849306
0.9999706283050782,0.0,0.0009710295707079988,0.0,0.02469527646216805,0.0,2.0335560445708802,3.00005230203063,2.52663353402661
0.9999702919888754,0.0,0.000968086787312078,0.0,0.024735276462168047,0.0,2.031815055939104,3.0000523413867515,2.542915953277374
0.999969961352208,0.0,0.0009651568455451694,0.0,0.024775276462168046,0.0,2.030081105806835,3.0000523808156094,2.5589732918503394
0.9999696363191779,0.0,0.0009622396805291915,0.0,0.024815276462168044,0.0,2.0283541625465498,3.0000524203149124,2.5748094713912186
0.9999693168148932,0.0,0.000959335227609834,0.0,0.024855276462168042,0.0,2.0266341946024156,3.000052459882403,2.5904282909989
0.9999690027654535,0.0,0.0009564434223595271,0.0,0.02489527646216804,0.0,2.0249211704929144,3.0000524995158586,2.6058334344784955
0.9999686940979363,0.0,0.0009535642005807752,0.0,0.02493527646216804,0.0,2.02321505881252,3.0000525392130895,2.6210284767923717
0.9999683907403836,0.0,0.0009506974983089121,0.0,0.024975276462168038,0.0,2.0215158282340204,3.0000525789719377,2.636016890087795
0.9999680926217922,0.0,0.0009478432518153989,0.0,0.025015276462168036,0.0,2.019823447509921,3.0000526187902783,2.650802049064826
0.9999677996720974,0.0,0.0009450013976100562,0.0,0.025055276462168034,0.0,2.018137885474951,3.0000526586660183,2.665387236211418
0.9999675118221621,0.0,0.0009421718724442487,0.0,0.025095276462168033,0.0,2.0164591110467853,3.0000526985970954,2.6797756462939333
0.9999672290037654,0.0,0.0009393546133129542,0.0,0.02513527646216803,0.0,2.0147870932288567,3.000052738581479,2.693970390812626
0.9999669511495884,0.0,0.0009365495574573197,0.0,0.02517527646216803,0.0,2.013121801111508,3.0000527786171673,2.707974501922325
0.9999666781932028,0.0,0.0009337566423668988,0.0,0.025215276462168028,0.0,2.0114632038735403,3.000052818702191,2.7217909361942767
0.9999664100690617,0.0,0.0009309758057820023,0.0,0.025255276462168026,0.0,2.0098112707836777,3.000052858834609,2.735422577947817
0.9999661467124837,0.0,0.0009282069856955034,0.0,0.025295276462168025,0.0,2.008165971202283,3.000052899012508,2.748872242591405
0.9999658880596438,0.0,0.0009254501203548673,0.0,0.025335276462168023,0.0,2.0065272745828273,3.000052939234008,2.762142679514513
0.999965634047561,0.0,0.0009227051482640635,0.0,0.02537527646216802,0.0,2.0048951504728754,3.000052979497253,2.7752365749149304
0.9999653846140888,0.0,0.0009199720081853013,0.0,0.02541527646216802,0.0,2.003269568515736,3.0000530198004176,2.7881565543307487
0.9999651396979018,0.0,0.0009172506391406343,0.0,0.025455276462168018,0.0,2.001650498451743,3.0000530601417013,2.8009051851395235
0.9999648992384855,0.0,0.0009145409804136259,0.0,0.025495276462168016,0.0,2.000037910118978,3.0000531005193345,2.8134849788121548
0.9999646631761266,0.0,0.0009118429715505664,0.0,0.025535276462168015,0.0,1.9984317734555475,3.0000531409315716,2.8258983930362094
0.9999644314519006,0.0,0.0009091565523621994,0.0,0.025575276462168013,0.0,1.9968320584992558,3.0000531813766944,2.838147833711961
0.9999642040076617,0.0,0.0009064816629246621,0.0,0.02561527646216801,0.0,1.9952387353900767,3.0000532218530114,2.8502356569173326
0.9999639807860337,0.0,0.0009038182435810794,0.0,0.02565527646216801,0.0,1.9936517743700017,3.000053262358856,2.862164170571051
0.999963761730397,0.0,0.0009011662349421953,0.0,0.025695276462168008,0.0,1.9920711457851183,3.0000533028925878,2.8739356361938535
0.9999635467848816,0.0,0.0008985255778879349,0.0,0.025735276462168007,0.0,1.9904968200856539,3.00005334345259,2.885552270408752
0.9999633358943556,0.0,0.000895896213568034,0.0,0.025775276462168005,0.0,1.9889287678272511,3.0000533840372725,2.8970162465074445
0.9999631290044139,0.0,0.0008932780834030435,0.0,0.025815276462168003,0.0,1.9873669596720978,3.000053424645069,2.908329695838956
0.9999629260613702,0.0,0.0008906711290850576,0.0,0.025855276462168002,0.0,1.9858113663894057,3.000053465274435,2.919494709142322
0.9999627270122482,0.0,0.0008880752925786321,0.0,0.025895276462168,0.0,1.9842619588563497,3.000053505923852,2.9305133377955843
0.9999625318047686,0.0,0.0008854905161212748,0.0,0.025935276462168,0.0,1.9827187080586683,3.000053546591826,2.941387595100727
0.999962340387344,0.0,0.0008829167422242265,0.0,0.025975276462167997,0.0,1.9811815850916163,3.000053587276882,2.952119457261367
0.9999621527090665,0.0,0.000880353913672867,0.0,0.026015276462167995,0.0,1.979650561160478,3.00005362797757,2.962710864689517
0.9999619687196999,0.0,0.0008778019735272518,0.0,0.026055276462167994,0.0,1.978125607581439,3.0000536686924635,2.973163722820265
0.9999617883696702,0.0,0.0008752608651225343,0.0,0.026095276462167992,0.0,1.9766066957818973,3.000053709420157,2.9834799033411254
0.9999616116100568,0.0,0.0008727305320693621,0.0,0.02613527646216799,0.0,1.975093797301158,3.000053750159266,2.9936612448556756
0.9999614383925839,0.0,0.0008702109182540942,0.0,0.02617527646216799,0.0,1.973586883791083,3.0000537909084275,3.003709554028436
0.999961268669612,0.0,0.0008677019678391728,0.0,0.026215276462167987,0.0,1.9720859270165043,3.000053831666301,3.0136266063299546
0.9999611023941289,0.0,0.0008652036252630936,0.0,0.026255276462167985,0.0,1.9705908988559313,3.000053872431566,3.0234141468117066
0.9999609395197413,0.0,0.0008627158352408405,0.0,0.026295276462167984,0.0,1.9691017713016836,3.000053913202923,3.0330738909951003
0.9999607800006671,0.0,0.0008602385427637824,0.0,0.026335276462167982,0.0,1.9676185164603557,3.0000539539790907,3.0426075255755825
0.9999606237917255,0.0,0.000857771693099687,0.0,0.02637527646216798,0.0,1.966141106553584,3.0000539947588116,3.0520167091891763
0.9999604708483314,0.0,0.0008553152317928587,0.0,0.02641527646216798,0.0,1.9646695139181067,3.000054035540844,3.0613030730412625
0.999960321126486,0.0,0.0008528691046639666,0.0,0.026455276462167977,0.0,1.9632037110061071,3.000054076323968,3.070468221535738
0.9999601745827671,0.0,0.0008504332578099085,0.0,0.026495276462167976,0.0,1.961743670385835,3.0000541171069823,3.0795137331236115
0.9999600311743266,0.0,0.0008480076376038841,0.0,0.026535276462167974,0.0,1.9602893647413397,3.0000541578887048,3.088441160642183
0.9999598908588765,0.0,0.0008455921906949884,0.0,0.026575276462167972,0.0,1.9588407668731205,3.0000541986679714,3.0972520321230577
0.9999597535946849,0.0,0.0008431868640078873,0.0,0.02661527646216797,0.0,1.9573978496989655,3.0000542394436365,3.1059478512519707
0.9999596193405695,0.0,0.00084079160474305,0.0,0.02665527646216797,0.0,1.9559605862525218,3.000054280214572,3.1145300979404578
0.9999594880558867,0.0,0.0008384063603757779,0.0,0.026695276462167968,0.0,1.9545289496855127,3.0000543209796686,3.1230002289070184
0.9999593597005271,0.0,0.0008360310786563518,0.0,0.026735276462167966,0.0,1.9531029132662907,3.0000543617378352,3.1313596781135558
0.9999592342349071,0.0,0.0008336657076094283,0.0,0.026775276462167964,0.0,1.9516824503809511,3.0000544024879967,3.139609857289361
0.9999591116199632,0.0,0.0008313101955337763,0.0,0.026815276462167963,0.0,1.9502675345327662,3.0000544432290956,3.1477521564519693
0.999958991817143,0.0,0.0008289644910015678,0.0,0.02685527646216796,0.0,1.9488581393434192,3.0000544839600907,3.1557879442878445
0.9999588747883987,0.0,0.0008266285428581714,0.0,0.02689527646216796,0.0,1.947454238551585,3.0000545246799586,3.1637185686744513
0.9999587604961835,0.0,0.0008243023002215017,0.0,0.026935276462167958,0.0,1.9460558060145259,3.000054565387691,3.171545357088589
0.9999586489034394,0.0,0.0008219857124814958,0.0,0.026975276462167956,0.0,1.9446628157066745,3.000054606082298,3.1792696169870855
0.999958539973596,0.0,0.000819678729299559,0.0,0.027015276462167954,0.0,1.9432752417209076,3.0000546467628024,3.1868926362730225
0.9999584336705594,0.0,0.0008173813006078918,0.0,0.027055276462167953,0.0,1.941893058268194,3.0000546874282445,3.19441568366586
0.9999583299587099,0.0,0.0008150933766090378,0.0,0.02709527646216795,0.0,1.9405162396767963,3.000054728077681,3.2018400090058905
0.9999582288028912,0.0,0.0008128149077748737,0.0,0.02713527646216795,0.0,1.9391447603940248,3.000054768710182,3.2091668438594616
0.9999581301684091,0.0,0.0008105458448464256,0.0,0.027175276462167948,0.0,1.937778594984198,3.0000548093248343,3.216397401520831
0.9999580340210219,0.0,0.0008082861388327534,0.0,0.027215276462167946,0.0,1.9364177181299767,3.000054849920738,3.2235328777055368
0.9999579403269342,0.0,0.0008060357410103647,0.0,0.027255276462167945,0.0,1.9350621046318162,3.0000548904970086,3.2305744506562597
0.9999578490527935,0.0,0.0008037946029225409,0.0,0.027295276462167943,0.0,1.9337117294076802,3.000054931052777,3.2375232816129795
0.9999577601656816,0.0,0.0008015626763783712,0.0,0.02733527646216794,0.0,1.9323665674937471,3.0000549715871863,3.2443805150482037
0.9999576736331105,0.0,0.0007993399134521522,0.0,0.02737527646216794,0.0,1.9310265940434705,3.0000550120993954,3.2511472790292744
0.9999575894230158,0.0,0.0007971262664824547,0.0,0.027415276462167938,0.0,1.9296917843276706,3.0000550525885754,3.257824685484322
0.9999575075037512,0.0,0.0007949216880713852,0.0,0.027455276462167937,0.0,1.9283621137345615,3.0000550930539136,3.264413830509741
0.999957427844083,0.0,0.0007927261310835705,0.0,0.027495276462167935,0.0,1.9270375577697483,3.0000551334946075,3.2709157946856973
0.9999573504131846,0.0,0.0007905395486454457,0.0,0.027535276462167933,0.0,1.9257180920557158,3.0000551739098706,3.2773316433591706
0.9999572751806304,0.0,0.0007883618941442994,0.0,0.02757527646216793,0.0,1.9244036923317955,3.000055214298929,3.283662426815839
0.9999572021163919,0.0,0.0007861931212273799,0.0,0.02761527646216793,0.0,1.9230943344540232,3.0000552546610195,3.289909180690732
0.9999571311908302,0.0,0.0007840331838008612,0.0,0.02765527646216793,0.0,1.9217899943952739,3.0000552949953927,3.296072926144594
0.9999570623746942,0.0,0.0007818820360292379,0.0,0.027695276462167927,0.0,1.920490648243928,3.000055335301315,3.3021546701192706
0.99995699563911,0.0,0.0007797396323338232,0.0,0.027735276462167925,0.0,1.9191962722055265,3.0000553755780595,3.3081554056203544
0.9999569309555825,0.0,0.0007776059273923995,0.0,0.027775276462167924,0.0,1.917906842600513,3.0000554158249164,3.314076111913574
0.9999568682959842,0.0,0.0007754808761377231,0.0,0.027815276462167922,0.0,1.9166223358657006,3.0000554560411854,3.3199177548281944
0.9999568076325556,0.0,0.0007733644337569183,0.0,0.02785527646216792,0.0,1.915342728552608,3.0000554962261776,3.325681286898326
0.9999567489378954,0.0,0.0007712565556901506,0.0,0.02789527646216792,0.0,1.9140679973286139,3.0000555363792176,3.331367647647304
0.99995669218496,0.0,0.0007691571976298945,0.0,0.027935276462167917,0.0,1.912798118975339,3.0000555764996406,3.3369777638010873
0.9999566373470544,0.0,0.0007670663155196078,0.0,0.027975276462167915,0.0,1.9115330703897402,3.000055616586793,3.3425125495272052
0.9999565843978331,0.0,0.0007649838655530628,0.0,0.028015276462167914,0.0,1.9102728285823187,3.0000556566400323,3.347972906482221
0.9999565333112893,0.0,0.0007629098041729432,0.0,0.028055276462167912,0.0,1.909017370677999,3.0000556966587277,3.3533597243018956
0.9999564840617543,0.0,0.0007608440880699061,0.0,0.02809527646216791,0.0,1.9077666739158614,3.0000557366422593,3.3586738806246124
0.9999564366238943,0.0,0.0007587866741817507,0.0,0.02813527646216791,0.0,1.9065207156476092,3.0000557765900164,3.363916241138566
0.9999563909726997,0.0,0.0007567375196919277,0.0,0.028175276462167907,0.0,1.905279473338592,3.0000558165014017,3.3690876602352833
0.9999563470834874,0.0,0.0007546965820286701,0.0,0.028215276462167906,0.0,1.9040429245673085,3.0000558563758246,3.374188980605126
0.9999563049318936,0.0,0.0007526638188640651,0.0,0.028255276462167904,0.0,1.9028110470240394,3.000055896212708,3.379221033940187
0.9999562644938692,0.0,0.0007506391881126218,0.0,0.028295276462167902,0.0,1.9015838185116696,3.0000559360114836,3.3841846407983702
0.9999562257456757,0.0,0.0007486226479303508,0.0,0.0283352764621679,0.0,1.9003612169449322,3.0000559757715934,3.389080610937779
0.9999561886638834,0.0,0.0007466141567137163,0.0,0.0283752764621679,0.0,1.8991432203498717,3.0000560154924893,3.3939097433242007
0.9999561532253636,0.0,0.0007446136730982881,0.0,0.028415276462167897,0.0,1.8979298068640114,3.0000560551736317,3.398672826480482
0.9999561194072876,0.0,0.0007426211559579684,0.0,0.028455276462167896,0.0,1.8967209547350263,3.0000560948144925,3.403370638641305
0.9999560871871208,0.0,0.0007406365644033885,0.0,0.028495276462167894,0.0,1.8955166423219767,3.000056134414552,3.408003947680412
0.9999560565426199,0.0,0.0007386598577812312,0.0,0.028535276462167893,0.0,1.8943168480931287,3.0000561739733,3.412573511593144
0.9999560274518282,0.0,0.0007366909956727984,0.0,0.02857527646216789,0.0,1.8931215506270382,3.0000562134902355,3.417080078423681
0.9999559998930752,0.0,0.0007347299378931103,0.0,0.02861527646216789,0.0,1.8919307286111842,3.000056252964867,3.421524386528362
0.9999559738449653,0.0,0.0007327766444894478,0.0,0.028655276462167888,0.0,1.890744360842173,3.0000562923967107,3.4259071646665777
0.9999559492863823,0.0,0.0007308310757404528,0.0,0.028695276462167886,0.0,1.8895624262251824,3.0000563317852924,3.430229132132825
0.9999559261964809,0.0,0.0007288931921548865,0.0,0.028735276462167884,0.0,1.888384903773758,3.0000563711301464,3.434490999089622
0.9999559045546839,0.0,0.0007269629544704524,0.0,0.028775276462167883,0.0,1.8872117726088287,3.0000564104308167,3.4386934663599154
0.9999558843406803,0.0,0.0007250403236527009,0.0,0.02881527646216788,0.0,1.8860430119590377,3.0000564496868534,3.442837225916392
0.9999558655344208,0.0,0.0007231252608938962,0.0,0.02885527646216788,0.0,1.8848786011596972,3.0000564888978176,3.446922960718018
0.9999558481161124,0.0,0.0007212177276116052,0.0,0.028895276462167878,0.0,1.8837185196531077,3.000056528063276,3.4509513452520353
0.9999558320662191,0.0,0.0007193176854478898,0.0,0.028935276462167876,0.0,1.8825627469875224,3.000056567182806,3.454923045048468
0.9999558173654546,0.0,0.0007174250962679134,0.0,0.028975276462167875,0.0,1.881411262816762,3.00005660625599,3.4588387174337574
0.9999558039947813,0.0,0.0007155399221587909,0.0,0.029015276462167873,0.0,1.8802640469004506,3.000056645282421,3.462699011285914
0.9999557919354061,0.0,0.0007136621254284941,0.0,0.02905527646216787,0.0,1.8791210791027015,3.0000566842616987,3.466504567239991
0.9999557811687778,0.0,0.0007117916686046323,0.0,0.02909527646216787,0.0,1.8779823393925295,3.000056723193429,3.470256017900433
0.9999557716765833,0.0,0.000709928514433312,0.0,0.029135276462167868,0.0,1.8768478078427,3.0000567620772287,3.473953987802721
0.9999557634407451,0.0,0.0007080726258779499,0.0,0.029175276462167866,0.0,1.87571746462986,3.000056800912719,3.4775990936940837
0.9999557564434169,0.0,0.0007062239661180132,0.0,0.029215276462167865,0.0,1.8745912900340203,3.000056839699529,3.48119194451627
0.9999557506669825,0.0,0.0007043824985480748,0.0,0.029255276462167863,0.0,1.8734692644376192,3.000056878437297,3.484733141596036
0.9999557460940515,0.0,0.0007025481867764526,0.0,0.02929527646216786,0.0,1.8723513683257145,3.0000569171256646,3.4882232786801626
0.9999557427074558,0.0,0.0007007209946240361,0.0,0.02933527646216786,0.0,1.8712375822852654,3.000056955764285,3.4916629422380216
0.9999557404902485,0.0,0.0006989008861232356,0.0,0.02937527646216786,0.0,1.8701278870049314,3.000056994352814,3.4950527112025886
0.9999557394256997,0.0,0.0006970878255167861,0.0,0.029415276462167857,0.0,1.8690222632739173,3.000057032890918,3.498393157578931
0.9999557394972935,0.0,0.0006952817772564747,0.0,0.029455276462167855,0.0,1.8679206919827023,3.0000570713782673,3.5016848460789944
0.9999557406887271,0.0,0.0006934827060021211,0.0,0.029495276462167853,0.0,1.866823154121426,3.000057109814541,3.504928334309459
0.9999557429839039,0.0,0.0006916905766202704,0.0,0.029535276462167852,0.0,1.8657296307803977,3.000057148199423,3.5081241733198434
0.999955746366936,0.0,0.0006899053541831526,0.0,0.02957527646216785,0.0,1.8646401031491646,3.000057186532603,3.5112729070610964
0.9999557508221375,0.0,0.0006881270039675239,0.0,0.02961527646216785,0.0,1.8635545525155137,3.000057224813781,3.5143750729185617
0.9999557563340239,0.0,0.0006863554914533784,0.0,0.029655276462167847,0.0,1.8624729602664984,3.000057263042659,3.5174312015349143
0.9999557628873083,0.0,0.0006845907823228486,0.0,0.029695276462167845,0.0,1.8613953078868843,3.0000573012189466,3.520441817233966
0.9999557704669003,0.0,0.0006828328424592268,0.0,0.029735276462167844,0.0,1.860321576958583,3.0000573393423613,3.5234074377513593
0.9999557790579018,0.0,0.0006810816379455193,0.0,0.029775276462167842,0.0,1.8592517491609177,3.0000573774126233,3.5263285744617368
0.9999557886456053,0.0,0.0006793371350635116,0.0,0.02981527646216784,0.0,1.8581858062696996,3.0000574154294606,3.529205732670669
0.9999557992154912,0.0,0.0006775993002924887,0.0,0.02985527646216784,0.0,1.8571237301572145,3.000057453392608,3.532039411411553
0.9999558107532254,0.0,0.0006758681003082427,0.0,0.029895276462167837,0.0,1.8560655027910373,3.0000574913018037,3.5348301036327188
0.999955823244657,0.0,0.0006741435019817681,0.0,0.029935276462167835,0.0,1.8550111062342773,3.0000575291567935,3.5375782962492033
0.999955836675817,0.0,0.0006724254723782601,0.0,0.029975276462167834,0.0,1.8539605226447937,3.000057566957328,3.540284470376342
0.9999558510329131,0.0,0.0006707139787558936,0.0,0.030015276462167832,0.0,1.852913734274648,3.000057604703162,3.5429491011830945
0.9999558663023304,0.0,0.0006690089885647199,0.0,0.03005527646216783,0.0,1.851870723470148,3.00005764239406,3.545572658309519
0.9999558824706263,0.0,0.0006673104694455491,0.0,0.03009527646216783,0.0,1.8508314726706827,3.0000576800297876,3.5481556054622736
0.9999558995245315,0.0,0.0006656183892287766,0.0,0.030135276462167827,0.0,1.8497959644091386,3.0000577176101157,3.5506984009440137
0.9999559174509455,0.0,0.0006639327159333921,0.0,0.030175276462167826,0.0,1.84876418131024,3.000057755134824,3.5532014973713864
0.9999559362369339,0.0,0.0006622534177656658,0.0,0.030215276462167824,0.0,1.8477361060915125,3.0000577926036933,3.555665342191113
0.9999559558697284,0.0,0.0006605804631181696,0.0,0.030255276462167822,0.0,1.8467117215618323,3.000057830016512,3.5580903771824186
0.9999559763367232,0.0,0.0006589138205686859,0.0,0.03029527646216782,0.0,1.8456910106211821,3.0000578673730742,3.5604770390684046
0.9999559976254739,0.0,0.0006572534588790441,0.0,0.03033527646216782,0.0,1.8446739562603214,3.0000579046731746,3.5628257591834047
0.999956019723693,0.0,0.0006555993469939246,0.0,0.030375276462167818,0.0,1.8436605415606326,3.0000579419166176,3.5651369638561055
0.9999560426192513,0.0,0.0006539514540400245,0.0,0.030415276462167816,0.0,1.8426507496926292,3.00005797910321,3.5674110742277834
0.9999560663001736,0.0,0.0006523097493246362,0.0,0.030455276462167814,0.0,1.8416445639173524,3.000058016232764,3.56964850653222
0.9999560907546368,0.0,0.0006506742023348578,0.0,0.030495276462167813,0.0,1.8406419675834036,3.000058053305096,3.571849671908036
0.9999561159709692,0.0,0.0006490447827362917,0.0,0.03053527646216781,0.0,1.8396429441290163,3.0000580903200262,3.5740149767330647
0.9999561419376478,0.0,0.0006474214603720975,0.0,0.03057527646216781,0.0,1.8386474770798769,3.0000581272773816,3.576144822615695
0.9999561686432953,0.0,0.0006458042052618692,0.0,0.030615276462167808,0.0,1.8376555500490521,3.0000581641769926,3.578239606249489
0.9999561960766803,0.0,0.0006441929876004588,0.0,0.030655276462167806,0.0,1.8366671467374693,3.0000582010186925,3.5802997198145015
0.9999562242267133,0.0,0.0006425877777570556,0.0,0.030695276462167805,0.0,1.8356822509325221,3.0000582378023206,3.582325550785792
0.9999562530824482,0.0,0.0006409885462741943,0.0,0.030735276462167803,0.0,1.8347008465072128,3.0000582745277202,3.5843174820925716
0.9999562826330755,0.0,0.0006393952638663845,0.0,0.0307752764621678,0.0,1.8337229174210377,3.000058311194738,3.5862758920572437
0.9999563128679251,0.0,0.0006378079014193441,0.0,0.0308152764621678,0.0,1.832748447718833,3.0000583478032263,3.5882011547791715
0.9999563437764621,0.0,0.0006362264299888668,0.0,0.030855276462167798,0.0,1.8317774215296627,3.0000583843530406,3.5900936398105188
0.9999563753482851,0.0,0.0006346508207996806,0.0,0.030895276462167796,0.0,1.8308098230680028,3.0000584208440397,3.591953712386857
0.9999564075731259,0.0,0.0006330810452445299,0.0,0.030935276462167795,0.0,1.8298456366319336,3.0000584572760873,3.593781733608233
0.9999564404408467,0.0,0.0006315170748831421,0.0,0.030975276462167793,0.0,1.8288848466026273,3.000058493649051,3.595578060225808
0.9999564739414385,0.0,0.0006299588814410948,0.0,0.03101527646216779,0.0,1.8279274374451937,3.000058529962802,3.5973430447933206
0.9999565080650201,0.0,0.0006284064368088602,0.0,0.03105527646216779,0.0,1.8269733937070047,3.000058566217216,3.5990770359010815
0.9999565428018347,0.0,0.0006268597130407784,0.0,0.031095276462167788,0.0,1.8260227000177531,3.0000586024121714,3.600780378043808
0.9999565781422513,0.0,0.0006253186823540388,0.0,0.031135276462167787,0.0,1.8250753410891791,3.000058638547551,3.6024534116971325
0.9999566140767592,0.0,0.0006237833171275876,0.0,0.031175276462167785,0.0,1.8241313017140806,3.00005867462324,3.6040964733807623
0.999956650595971,0.0,0.0006222535899013305,0.0,0.031215276462167783,0.0,1.8231905667665578,3.0000587106391294,3.605709895703784
0.9999566876906177,0.0,0.0006207294733749418,0.0,0.03125527646216778,0.0,1.822253121200587,3.0000587465951116,3.60729400754799
0.9999567253515476,0.0,0.0006192109404068513,0.0,0.03129527646216778,0.0,1.8213189500512126,3.000058782491084,3.6088491337819777
0.9999567635697255,0.0,0.0006176979640134154,0.0,0.03133527646216778,0.0,1.8203880384325875,3.000058818326946,3.6103755957986534
0.9999568023362316,0.0,0.0006161905173677849,0.0,0.03137527646216778,0.0,1.8194603715378272,3.000058854102601,3.6118737110551593
0.9999568416422595,0.0,0.0006146885737990317,0.0,0.031415276462167775,0.0,1.8185359346394425,3.000058889817958,3.613343793578645
0.9999568814791148,0.0,0.0006131921067910925,0.0,0.031455276462167774,0.0,1.8176147130878106,3.000058925472925,3.6147861535010772
0.9999569218382129,0.0,0.0006117010899818113,0.0,0.03149527646216777,0.0,1.8166966923116743,3.0000589610674173,3.616201097691536
0.9999569627110778,0.0,0.0006102154971619584,0.0,0.03153527646216777,0.0,1.8157818578171399,3.000058996601349,3.6175889293900774
0.9999570040893448,0.0,0.0006087353022744569,0.0,0.03157527646216777,0.0,1.8148701951871482,3.0000590320746428,3.6189499482597838
0.9999570459647502,0.0,0.0006072604794130295,0.0,0.03161527646216777,0.0,1.813961690081928,3.000059067487219,3.6202844507353755
0.9999570883291404,0.0,0.0006057910028216949,0.0,0.031655276462167765,0.0,1.8130563282374097,3.0000591028390056,3.6215927298396164
0.9999571311744608,0.0,0.0006043268468934646,0.0,0.031695276462167764,0.0,1.8121540954653474,3.0000591381299304,3.6228750750358185
0.9999571744927644,0.0,0.0006028679861696765,0.0,0.03173527646216776,0.0,1.8112549776536955,3.000059173359926,3.6241317727226714
0.9999572182762008,0.0,0.0006014143953388023,0.0,0.03177527646216776,0.0,1.8103589607648516,3.000059208528926,3.6253631060309104
0.999957262517021,0.0,0.0005999660492357642,0.0,0.03181527646216776,0.0,1.809466030835513,3.0000592436368696,3.6265693546870623
0.9999573072075757,0.0,0.0005985229228409093,0.0,0.03185527646216776,0.0,1.8085761739766548,3.0000592786836977,3.627750795520125
0.9999573523403106,0.0,0.0005970849912789226,0.0,0.031895276462167756,0.0,1.8076893763739097,3.0000593136693516,3.6289077020336062
0.9999573979077693,0.0,0.0005956522298181963,0.0,0.031935276462167754,0.0,1.8068056242853379,3.0000593485937785,3.6300403447244807
0.9999574439025893,0.0,0.0005942246138697836,0.0,0.03197527646216775,0.0,1.8059249040423195,3.0000593834569282,3.6311489909324894
0.9999574903175028,0.0,0.0005928021189864505,0.0,0.03201527646216775,0.0,1.805047202048961,3.000059418258751,3.6322339051644073
0.9999575371453328,0.0,0.0005913847208618827,0.0,0.03205527646216775,0.0,1.8041725047809045,3.000059452999201,3.633295348683684
0.9999575843789955,0.0,0.000589972395329713,0.0,0.03209527646216775,0.0,1.8033007987860896,3.000059487678236,3.6343335801204026
0.9999576320114956,0.0,0.0005885651183625781,0.0,0.032135276462167746,0.0,1.8024320706840509,3.0000595222958144,3.635348854955091
0.9999576800359277,0.0,0.000587162866071476,0.0,0.032175276462167744,0.0,1.8015663071642083,3.000059556851898,3.636341425906222
0.9999577284454739,0.0,0.0005857656147045847,0.0,0.03221527646216774,0.0,1.8007034949877905,3.000059591346453,3.6373115428362714
0.9999577772334033,0.0,0.0005843733406465661,0.0,0.03225527646216774,0.0,1.7998436209854551,3.000059625779444,3.638259452872692
0.9999578263930716,0.0,0.0005829860204177195,0.0,0.03229527646216774,0.0,1.798986672057881,3.000059660150841,3.6391854002265385
0.9999578759179171,0.0,0.0005816036306729995,0.0,0.03233527646216774,0.0,1.7981326351745843,3.000059694460615,3.640089626625719
0.9999579258014634,0.0,0.0005802261482012137,0.0,0.032375276462167736,0.0,1.7972814973751288,3.000059728708741,3.640972370716163
0.9999579760373158,0.0,0.0005788535499242067,0.0,0.032415276462167734,0.0,1.7964332457666747,3.000059762895195,3.6418338689387633
0.9999580266191609,0.0,0.0005774858128959497,0.0,0.03245527646216773,0.0,1.7955878675250692,3.0000597970199547,3.642674354681272
0.9999580775407669,0.0,0.0005761229143017515,0.0,0.03249527646216773,0.0,1.7947453498940038,3.000059831083002,3.6434940591580394
0.9999581287959795,0.0,0.0005747648314573801,0.0,0.03253527646216773,0.0,1.7939056801844953,3.0000598650843187,3.644293210596341
0.9999581803787246,0.0,0.0005734115418082952,0.0,0.03257527646216773,0.0,1.7930688457743715,3.00005989902389,3.6450720349710264
0.999958232283005,0.0,0.0005720630229286756,0.0,0.032615276462167726,0.0,1.7922348341088281,3.0000599329017037,3.6458307556632676
0.9999582845029003,0.0,0.0005707192525208366,0.0,0.032655276462167725,0.0,1.791403632698617,3.000059966717749,3.6465695935550513
0.9999583370325645,0.0,0.0005693802084141427,0.0,0.03269527646216772,0.0,1.7905752291206645,3.000060000472018,3.647288767157227
0.999958389866227,0.0,0.0005680458685643602,0.0,0.03273527646216772,0.0,1.7897496110176723,3.000060034164503,3.647988492534085
0.9999584429981915,0.0,0.0005667162110528463,0.0,0.03277527646216772,0.0,1.7889267660974022,3.000060067795201,3.648668983272716
0.9999584964228336,0.0,0.0005653912140857019,0.0,0.03281527646216772,0.0,1.7881066821323126,3.0000601013641086,3.6493304507389226
0.9999585501345997,0.0,0.000564070855992934,0.0,0.032855276462167717,0.0,1.7872893469595283,3.000060134871225,3.6499731038934207
0.9999586041280102,0.0,0.000562755115227823,0.0,0.032895276462167715,0.0,1.786474748479683,3.0000601683165518,3.65059714946442
0.999958658397652,0.0,0.0005614439703658747,0.0,0.03293527646216771,0.0,1.7856628746580465,3.000060201700092,3.6512027918014205
0.9999587129381844,0.0,0.000560137400104406,0.0,0.03297527646216771,0.0,1.7848537135224307,3.0000602350218517,3.6517902331647862
0.9999587677443319,0.0,0.0005588353832612678,0.0,0.03301527646216771,0.0,1.7840472531641076,3.0000602682818376,3.652359673450202
0.9999588228108891,0.0,0.0005575378987746862,0.0,0.03305527646216771,0.0,1.7832434817363847,3.0000603014800573,3.6529113103911084
0.9999588781327157,0.0,0.0005562449257018601,0.0,0.03309527646216771,0.0,1.7824423874556274,3.0000603346165233,3.6534453396754394
0.9999589337047374,0.0,0.0005549564432186872,0.0,0.033135276462167705,0.0,1.7816439585996,3.0000603676912467,3.653961954766511
0.9999589895219455,0.0,0.0005536724306188039,0.0,0.033175276462167703,0.0,1.7808481835076053,3.0000604007042417,3.6544613468980796
0.9999590455793952,0.0,0.000552392867312746,0.0,0.0332152764621677,0.0,1.7800550505806043,3.0000604336555248,3.6549437053815668
0.9999591018722049,0.0,0.000551117732827422,0.0,0.0332552764621677,0.0,1.7792645482798877,3.000060466545112,3.6554092174153294
0.9999591583955554,0.0,0.0005498470068052619,0.0,0.0332952764621677,0.0,1.778476665127109,3.0000604993730238,3.655858068209186
0.9999592151446899,0.0,0.0005485806690033431,0.0,0.0333352764621677,0.0,1.7776913897048237,3.00006053213928,3.6562904408856904
0.9999592721149116,0.0,0.0005473186992928597,0.0,0.033375276462167695,0.0,1.7769087106548695,3.0000605648439036,3.6567065166061097
0.9999593293015852,0.0,0.0005460610776583268,0.0,0.033415276462167694,0.0,1.7761286166786991,3.000060597486919,3.657106474532335
0.9999593867001346,0.0,0.0005448077841968403,0.0,0.03345527646216769,0.0,1.775351096536805,3.0000606300683494,3.6574904919127165
0.9999594443060422,0.0,0.0005435587991173481,0.0,0.03349527646216769,0.0,1.7745761390483785,3.0000606625882247,3.657858744118375
0.9999595021148476,0.0,0.0005423141027398734,0.0,0.03353527646216769,0.0,1.7738037330915855,3.000060695046571,3.658211404532451
0.99995956012215,0.0,0.0005410736754950545,0.0,0.03357527646216769,0.0,1.7730338676017712,3.0000607274434197,3.6585486447011375
0.9999596183236036,0.0,0.0005398374979230913,0.0,0.033615276462167686,0.0,1.7722665315729906,3.0000607597788016,3.6588706343102255
0.9999596767149187,0.0,0.0005386055506733306,0.0,0.033655276462167684,0.0,1.7715017140559093,3.00006079205275,3.659177541337696
0.9999597352918619,0.0,0.0005373778145033677,0.0,0.03369527646216768,0.0,1.7707394041591629,3.000060824265299,3.6594695316874124
0.999959794050252,0.0,0.0005361542702784864,0.0,0.03373527646216768,0.0,1.7699795910472997,3.000060856416484,3.659746769798722
0.999959852985965,0.0,0.0005349348989709114,0.0,0.03377527646216768,0.0,1.769222263942023,3.0000608885063422,3.660009418046386
0.9999599120949271,0.0,0.000533719681659166,0.0,0.03381527646216768,0.0,1.7684674121206445,3.0000609205349122,3.6602576371367888
0.9999599713731187,0.0,0.0005325085995272717,0.0,0.033855276462167676,0.0,1.76771502491726,3.000060952502233,3.6604915863330336
0.9999600308165719,0.0,0.0005313016338643052,0.0,0.033895276462167674,0.0,1.7669650917196509,3.0000609844083472,3.6607114227548667
0.9999600904213698,0.0,0.000530098766063454,0.0,0.03393527646216767,0.0,1.766217601972576,3.0000610162532952,3.660917302118558
0.9999601501836471,0.0,0.0005288999776216328,0.0,0.03397527646216767,0.0,1.7654725451744844,3.0000610480371215,3.6611093783467523
0.9999602100995865,0.0,0.0005277052501385182,0.0,0.03401527646216767,0.0,1.764729910878932,3.0000610797598704,3.6612878037475576
0.9999602701654222,0.0,0.0005265145653161839,0.0,0.03405527646216767,0.0,1.7639896886930688,3.000061111421589,3.6614527290707803
0.999960330377436,0.0,0.0005253279049581988,0.0,0.034095276462167666,0.0,1.7632518682790175,3.000061143022323,3.661604303401546
0.9999603907319575,0.0,0.0005241452509691565,0.0,0.034135276462167664,0.0,1.7625164393516612,3.0000611745621217,3.6617426741862174
0.9999604512253666,0.0,0.00052296658535401,0.0,0.03417527646216766,0.0,1.7617833916791765,3.0000612060410345,3.661867987346927
0.9999605118540871,0.0,0.0005217918902173316,0.0,0.03421527646216766,0.0,1.7610527150828972,3.0000612374591125,3.6619803873173233
0.9999605726145906,0.0,0.0005206211477627858,0.0,0.03425527646216766,0.0,1.7603243994366575,3.0000612688164066,3.6620800168218115
0.9999606335033948,0.0,0.0005194543402923592,0.0,0.03429527646216766,0.0,1.7595984346669393,3.0000613001129706,3.662167017208888
0.9999606945170617,0.0,0.000518291450205927,0.0,0.034335276462167656,0.0,1.7588748107520973,3.0000613313488578,3.6622415283527094
0.9999607556521993,0.0,0.0005171324600004552,0.0,0.034375276462167655,0.0,1.7581535177222125,3.000061362524124,3.662303688484186
0.9999608169054588,0.0,0.0005159773522695286,0.0,0.03441527646216765,0.0,1.7574345456588616,3.0000613936388247,3.6623536345352283
0.9999608782735353,0.0,0.0005148261097025541,0.0,0.03445527646216765,0.0,1.7567178846950084,3.0000614246930173,3.6623915017889743
0.9999609397531681,0.0,0.0005136787150843977,0.0,0.03449527646216765,0.0,1.7560035250138217,3.0000614556867604,3.6624174242800187
0.9999610013411382,0.0,0.0005125351512945469,0.0,0.03453527646216765,0.0,1.7552914568497016,3.000061486620113,3.662431534609935
0.9999610630342678,0.0,0.0005113954013065842,0.0,0.034575276462167646,0.0,1.7545816704874384,3.000061517493135,3.6624339639621715
0.9999611248294222,0.0,0.0005102594481877176,0.0,0.034615276462167645,0.0,1.7538741562605271,3.000061548305888,3.662424841922905
0.9999611867235075,0.0,0.0005091272750979642,0.0,0.03465527646216764,0.0,1.7531689045538592,3.000061579058433,3.662404297110303
0.9999612487134698,0.0,0.0005079988652897152,0.0,0.03469527646216764,0.0,1.7524659058007914,3.000061609750834,3.6623724564254694
0.9999613107962945,0.0,0.000506874202107094,0.0,0.03473527646216764,0.0,1.7517651504835836,3.0000616403831546,3.6623294455069684
0.9999613729690088,0.0,0.0005057532689854377,0.0,0.03477527646216764,0.0,1.7510666291341561,3.0000616709554606,3.6622753889867417
0.9999614352286775,0.0,0.0005046360494506384,0.0,0.03481527646216764,0.0,1.7503703323319229,3.000061701467817,3.6622104097363612
0.9999614975724048,0.0,0.0005035225271185611,0.0,0.034855276462167635,0.0,1.7496762507056955,3.00006173192029,3.6621346294765624
0.9999615599973312,0.0,0.000502412685694545,0.0,0.03489527646216763,0.0,1.7489843749314653,3.000061762312947,3.6620481689030777
0.9999616225006366,0.0,0.0005013065089727898,0.0,0.03493527646216763,0.0,1.7482946957334147,3.000061792645857,3.661951147077113
0.9999616850795381,0.0,0.000500203980835829,0.0,0.03497527646216763,0.0,1.7476072038830328,3.0000618229190894,3.6618436820815914
0.9999617477312889,0.0,0.0004991050852539093,0.0,0.03501527646216763,0.0,1.746921890198781,3.0000618531327135,3.6617258906409553
0.999961810453179,0.0,0.000498009806284572,0.0,0.03505527646216763,0.0,1.7462387455457582,3.0000618832868002,3.6615978882988576
0.999961873242534,0.0,0.0004969181280719082,0.0,0.035095276462167625,0.0,1.745557760836241,3.0000619133814213,3.661459789409514
0.9999619360967147,0.0,0.0004958300348461001,0.0,0.035135276462167624,0.0,1.7448789270291827,3.0000619434166484,3.661311706905162
0.9999619990131179,0.0,0.0004947455109230096,0.0,0.03517527646216762,0.0,1.7442022351282176,3.0000619733925555,3.6611537529369644
0.9999620619891734,0.0,0.0004936645407033089,0.0,0.03521527646216762,0.0,1.743527676184583,3.0000620033092162,3.660986038246508
0.9999621250223462,0.0,0.0004925871086723518,0.0,0.03525527646216762,0.0,1.742855241293532,3.0000620331667043,3.660808672306545
0.9999621881101349,0.0,0.0004915131993993312,0.0,0.03529527646216762,0.0,1.7421849215963379,3.0000620629650956,3.66062176369542
0.9999622512500722,0.0,0.0004904427975369174,0.0,0.035335276462167615,0.0,1.7415167082791463,3.000062092704466,3.6604254197073005
0.9999623144397213,0.0,0.0004893758878205463,0.0,0.035375276462167614,0.0,1.7408505925732058,3.0000621223848927,3.6602197466432678
0.9999623776766804,0.0,0.0004883124550681798,0.0,0.03541527646216761,0.0,1.740186565753747,3.000062152006453,3.6600048496243183
0.9999624409585798,0.0,0.00048725248417957147,0.0,0.03545527646216761,0.0,1.7395246191403806,3.000062181569223,3.6597808325912964
0.9999625042830794,0.0,0.0004861959601358125,0.0,0.03549527646216761,0.0,1.738864744096584,3.0000622110732844,3.6595477984653244
0.9999625676478724,0.0,0.00048514286799874773,0.0,0.03553527646216761,0.0,1.7382069320306772,3.000062240518714,3.6593058492116577
0.9999626310506818,0.0,0.0004840931929106693,0.0,0.035575276462167606,0.0,1.737551174392456,3.000062269905592,3.6590550856296113
0.9999626944892623,0.0,0.0004830469200935655,0.0,0.035615276462167604,0.0,1.736897462677045,3.0000622992340005,3.6587956075326598
0.9999627579613978,0.0,0.00048200403484883385,0.0,0.0356552764621676,0.0,1.736245788421061,3.0000623285040193,3.6585275136343687
0.9999628214649027,0.0,0.00048096452255665096,0.0,0.0356952764621676,0.0,1.7355961432040503,3.000062357715731,3.658250901633072
0.999962884997621,0.0,0.00047992836867550984,0.0,0.0357352764621676,0.0,1.7349485186487672,3.000062386869217,3.6579658681557277
0.9999629485574253,0.0,0.0004788955587416648,0.0,0.0357752764621676,0.0,1.7343029064198732,3.000062415964561,3.6576725090756703
0.9999630121422171,0.0,0.00047786607836884995,0.0,0.035815276462167596,0.0,1.7336592982239036,3.0000624450018454,3.657370919155259
0.9999630757499254,0.0,0.00047683991324749657,0.0,0.035855276462167594,0.0,1.733017685809214,3.000062473981156,3.6570611919533187
0.9999631393785108,0.0,0.00047581704914461976,0.0,0.03589527646216759,0.0,1.7323780609656731,3.0000625029025754,3.6567434202632985
0.9999632030259572,0.0,0.0004747974719029421,0.0,0.03593527646216759,0.0,1.7317404155244833,3.0000625317661904,3.6564176960874235
0.9999632666902779,0.0,0.0004737811674407119,0.0,0.03597527646216759,0.0,1.7311047413577798,3.000062560572084,3.6560841102039396
0.9999633303695146,0.0,0.0004727681217511077,0.0,0.03601527646216759,0.0,1.730471030378539,3.000062589320346,3.655742752443481
0.9999633940617336,0.0,0.00047175832090182537,0.0,0.036055276462167586,0.0,1.7298392745400855,3.0000626180110603,3.655393712012815
0.9999634577650285,0.0,0.0004707517510345425,0.0,0.036095276462167585,0.0,1.7292094658367585,3.0000626466443148,3.655037076765794
0.9999635214775184,0.0,0.0004697483983644919,0.0,0.03613527646216758,0.0,1.728581596302317,3.0000626752201964,3.654672934118321
0.9999635851973495,0.0,0.0004687482491800435,0.0,0.03617527646216758,0.0,1.7279556580108733,3.0000627037387937,3.654301370326702
0.9999636489226931,0.0,0.00046775128984225434,0.0,0.03621527646216758,0.0,1.7273316430757304,3.000062732200196,3.653922470712555
0.9999637126517446,0.0,0.0004667575067842884,0.0,0.03625527646216758,0.0,1.7267095436498248,3.0000627606044916,3.6535363199010775
0.9999637763827253,0.0,0.0004657668865111147,0.0,0.036295276462167576,0.0,1.7260893519254654,3.0000627889517686,3.6531430014221606
0.9999638401138802,0.0,0.0004647794155989805,0.0,0.036335276462167575,0.0,1.7254710601337724,3.0000628172421187,3.6527425982527197
0.9999639038434798,0.0,0.00046379508069498073,0.0,0.03637527646216757,0.0,1.7248546605446882,3.0000628454756297,3.652335192417074
0.999963967569818,0.0,0.00046281386851672367,0.0,0.03641527646216757,0.0,1.7242401454658711,3.000062873652396,3.651920864817979
0.9999640312912116,0.0,0.00046183576585168715,0.0,0.03645527646216757,0.0,1.7236275072447913,3.000062901772505,3.651499695879914
0.9999640950060013,0.0,0.0004608607595569289,0.0,0.03649527646216757,0.0,1.7230167382659625,3.0000629298360497,3.6510717650467126
0.9999641587125525,0.0,0.00045988883655868803,0.0,0.03653527646216757,0.0,1.7224078309516955,3.000062957843122,3.6506371510340725
0.9999642224092504,0.0,0.00045891998385182836,0.0,0.036575276462167565,0.0,1.7218007777624604,3.000062985793814,3.6501959315958956
0.9999642860945056,0.0,0.0004579541884994915,0.0,0.03661527646216756,0.0,1.7211955711960736,3.0000630136882176,3.64974818397843
0.9999643497667495,0.0,0.00045699143763268033,0.0,0.03665527646216756,0.0,1.7205922037872965,3.0000630415264267,3.6492939842862118
0.9999644134244345,0.0,0.0004560317184498107,0.0,0.03669527646216756,0.0,1.719990668107851,3.0000630693085335,3.6488334081290423
0.9999644770660386,0.0,0.00045507501821637637,0.0,0.03673527646216756,0.0,1.7193909567663568,3.000063097034633,3.6483665301669146
0.9999645406900569,0.0,0.00045412132426433867,0.0,0.03677527646216756,0.0,1.7187930624083512,3.0000631247048175,3.647893424393819
0.999964604295008,0.0,0.00045317062399190223,0.0,0.036815276462167555,0.0,1.718196977715666,3.000063152319183,3.647414164100339
0.9999646678794307,0.0,0.00045222290486312796,0.0,0.036855276462167554,0.0,1.7176026954052266,3.000063179877823,3.6469288216560667
0.9999647314418857,0.0,0.00045127815440737827,0.0,0.03689527646216755,0.0,1.7170102082316159,3.000063207380832,3.646437468989434
0.9999647949809528,0.0,0.0004503363602189471,0.0,0.03693527646216755,0.0,1.7164195089842096,3.000063234828305,3.6459401767930473
0.9999648584952331,0.0,0.0004493975099568455,0.0,0.03697527646216755,0.0,1.7158305904871196,3.0000632622203396,3.6454370154866016
0.9999649219833471,0.0,0.00044846159134408035,0.0,0.03701527646216755,0.0,1.715243445601832,3.0000632895570303,3.644928054936094
0.9999649854439339,0.0,0.00044752859216751466,0.0,0.037055276462167545,0.0,1.7146580672235987,3.0000633168384723,3.6444133637692295
0.9999650488756548,0.0,0.000446598500277501,0.0,0.037095276462167544,0.0,1.7140744482827255,3.0000633440647624,3.6438930100286053
0.9999651122771883,0.0,0.0004456713035872454,0.0,0.03713527646216754,0.0,1.7134925817438709,3.0000633712359983,3.643367061436084
0.9999651756472325,0.0,0.00044474699007263384,0.0,0.03717527646216754,0.0,1.7129124606079889,3.0000633983522755,3.642835584769602
0.9999652389845046,0.0,0.00044382554777183404,0.0,0.03721527646216754,0.0,1.7123340779082332,3.0000634254136918,3.642298645921539
0.999965302287739,0.0,0.00044290696478476615,0.0,0.03725527646216754,0.0,1.7117574267130697,3.000063452420345,3.6417563104662696
0.9999653655556913,0.0,0.00044199122927293265,0.0,0.037295276462167536,0.0,1.7111825001249825,3.000063479372331,3.6412086434182522
0.9999654287871319,0.0,0.00044107832945882765,0.0,0.037335276462167534,0.0,1.7106092912793402,3.0000635062697496,3.640655708573748
0.9999654919808517,0.0,0.0004401682536258018,0.0,0.03737527646216753,0.0,1.710037793345943,3.000063533112698,3.6400975696964415
0.9999655551356578,0.0,0.0004392609901173941,0.0,0.03741527646216753,0.0,1.7094679995284097,3.0000635599012755,3.6395342895175187
0.9999656182503752,0.0,0.0004383565273372886,0.0,0.03745527646216753,0.0,1.7088999030617686,3.000063586635578,3.6389659300766235
0.9999656813238472,0.0,0.0004374548537487576,0.0,0.03749527646216753,0.0,1.7083334972156143,3.000063613315706,3.638392553377272
0.9999657443549316,0.0,0.0004365559578742508,0.0,0.037535276462167526,0.0,1.707768775291874,3.000063639941759,3.6378142200368337
0.9999658073425052,0.0,0.00043565982829518447,0.0,0.037575276462167524,0.0,1.7072057306251787,3.000063666513835,3.6372309905126317
0.999965870285462,0.0,0.0004347664536515805,0.0,0.03761527646216752,0.0,1.7066443565822038,3.000063693032034,3.636642924500207
0.9999659331827104,0.0,0.00043387582264151086,0.0,0.03765527646216752,0.0,1.7060846465629902,3.000063719496455,3.6360500813156693
0.9999659960331762,0.0,0.00043298792402096713,0.0,0.03769527646216752,0.0,1.705526593997938,3.000063745907197,3.6354525191734317
0.9999660588358015,0.0,0.0004321027466034359,0.0,0.03773527646216752,0.0,1.7049701923510467,3.000063772264361,3.6348502963580156
0.999966121589543,0.0,0.0004312202792594946,0.0,0.037775276462167516,0.0,1.7044154351167564,3.0000637985680463,3.6342434701599275
0.9999661842933746,0.0,0.0004303405109165062,0.0,0.037815276462167514,0.0,1.7038623158219595,3.0000638248183535,3.6336320972006164
0.9999662469462847,0.0,0.00042946343055835675,0.0,0.03785527646216751,0.0,1.703310828024646,3.000063851015383,3.6330162339974743
0.9999663095472773,0.0,0.0004285890272249515,0.0,0.03789527646216751,0.0,1.7027609653133648,3.000063877159235,3.6323959358472817
0.9999663720953713,0.0,0.00042771729001200566,0.0,0.03793527646216751,0.0,1.702212721308553,3.0000639032500094,3.6317712581874577
0.9999664345896014,0.0,0.00042684820807067393,0.0,0.03797527646216751,0.0,1.7016660896612394,3.000063929287808,3.631142255507597
0.9999664970290165,0.0,0.00042598177060718047,0.0,0.038015276462167506,0.0,1.701121064052409,3.0000639552727306,3.6305089815351925
0.9999665594126788,0.0,0.0004251179668825395,0.0,0.038055276462167505,0.0,1.7005776381945854,3.0000639812048795,3.6298714901344145
0.9999666217396679,0.0,0.00042425678621219065,0.0,0.0380952764621675,0.0,1.7000358058302367,3.000064007084355,3.6292298338855846
0.999966684009074,0.0,0.0004233982179656515,0.0,0.0381352764621675,0.0,1.699495560731716,3.0000640329112587,3.6285840654174177
0.9999667462200033,0.0,0.00042254225156623923,0.0,0.0381752764621675,0.0,1.6989568967012811,3.000064058685691,3.6279342365289335
0.9999668083715777,0.0,0.0004216888764908059,0.0,0.0382152764621675,0.0,1.6984198075716306,3.0000640844077546,3.6272803983129163
0.9999668704629289,0.0,0.0004208380822692475,0.0,0.038255276462167496,0.0,1.6978842872044824,3.0000641100775507,3.6266226021037973
0.9999669324932038,0.0,0.0004199898584842739,0.0,0.038295276462167495,0.0,1.6973503294911747,3.00006413569518,3.625960897892588
0.9999669944615642,0.0,0.00041914419477114494,0.0,0.03833527646216749,0.0,1.6968179283532,3.0000641612607457,3.6252953354133903
0.9999670563671841,0.0,0.00041830108081738647,0.0,0.03837527646216749,0.0,1.6962870777390864,3.000064186774349,3.624625964075469
0.9999671182092487,0.0,0.00041746050636219624,0.0,0.03841527646216749,0.0,1.6957577716287857,3.0000642122360914,3.623952832966601
0.999967179986959,0.0,0.0004166224611965168,0.0,0.03845527646216749,0.0,1.6952300040295407,3.0000642376460758,3.623275990063323
0.9999672416995277,0.0,0.000415786935162509,0.0,0.03849527646216749,0.0,1.6947037689777686,3.000064263004403,3.6225954836310708
0.999967303346179,0.0,0.0004149539181532535,0.0,0.038535276462167485,0.0,1.6941790605384244,3.0000642883111768,3.6219113608257802
0.9999673649261519,0.0,0.00041412340011251974,0.0,0.03857527646216748,0.0,1.693655872804104,3.000064313566498,3.6212236683800048
0.9999674264386945,0.0,0.00041329537103434555,0.0,0.03861527646216748,0.0,1.6931341998970855,3.0000643387704695,3.6205324527997305
0.9999674878830694,0.0,0.0004124698209629257,0.0,0.03865527646216748,0.0,1.6926140359660733,3.0000643639231943,3.619837760240227
0.9999675492585504,0.0,0.0004116467399921407,0.0,0.03869527646216748,0.0,1.692095375188625,3.0000643890247733,3.619139636136054
0.999967610564424,0.0,0.00041082611826534943,0.0,0.03873527646216748,0.0,1.6915782117694718,3.00006441407531,3.618438125615561
0.9999676717999874,0.0,0.00041000794597503555,0.0,0.038775276462167475,0.0,1.6910625399415564,3.0000644390749067,3.617733273225931
0.9999677329645499,0.0,0.0004091922133626597,0.0,0.038815276462167474,0.0,1.6905483539641994,3.0000644640236658,3.6170251230464414
0.9999677940574315,0.0,0.00040837891071808557,0.0,0.03885527646216747,0.0,1.6900356481248906,3.0000644889216903,3.616313718880871
0.9999678550779636,0.0,0.0004075680283796095,0.0,0.03889527646216747,0.0,1.689524416738028,3.0000645137690816,3.6155991041055695
0.9999679160254905,0.0,0.0004067595567335198,0.0,0.03893527646216747,0.0,1.6890146541444653,3.000064538565943,3.6148813214670543
0.9999679768993648,0.0,0.00040595348621374333,0.0,0.03897527646216747,0.0,1.6885063547126797,3.0000645633123786,3.6141604133817653
0.9999680376989522,0.0,0.0004051498073017558,0.0,0.039015276462167466,0.0,1.6879995128366414,3.000064588008489,3.6134364218936166
0.9999680984236288,0.0,0.00040434851052611933,0.0,0.039055276462167464,0.0,1.6874941229383023,3.0000646126543784,3.612709388634355
0.9999681590727795,0.0,0.0004035495864622897,0.0,0.03909527646216746,0.0,1.6869901794649351,3.0000646372501483,3.6119793547533696
0.9999682196458012,0.0,0.0004027530257323325,0.0,0.03913527646216746,0.0,1.6864876768901655,3.000064661795902,3.6112463610785426
0.9999682801421016,0.0,0.00040195881900467116,0.0,0.03917527646216746,0.0,1.6859866097139284,3.000064686291742,3.6105104477802277
0.9999683405610974,0.0,0.00040116695699375334,0.0,0.03921527646216746,0.0,1.6854869724618151,3.0000647107377727,3.6097716551922603
0.9999684009022167,0.0,0.0004003774304598288,0.0,0.039255276462167456,0.0,1.6849887596856268,3.0000647351340946,3.609030022192856
0.9999684611648967,0.0,0.00039959023020869267,0.0,0.039295276462167454,0.0,1.6844919659618962,3.0000647594808107,3.6082855887953214
0.9999685213485839,0.0,0.00039880534709129604,0.0,0.03933527646216745,0.0,1.683996585894001,3.000064783778025,3.607538393341047
0.9999685814527363,0.0,0.00039802277200371106,0.0,0.03937527646216745,0.0,1.6835026141094345,3.0000648080258405,3.6067884740956835
0.9999686414768193,0.0,0.00039724249588661575,0.0,0.03941527646216745,0.0,1.6830100452614636,3.0000648322243575,3.6060358693494203
0.9999687014203104,0.0,0.0003964645097252422,0.0,0.03945527646216745,0.0,1.6825188740283987,3.000064856373682,3.605280616722424
0.9999687612826942,0.0,0.0003956888045489218,0.0,0.039495276462167446,0.0,1.6820290951136536,3.000064880473914,3.6045227532984505
0.9999688210634667,0.0,0.00039491537143105694,0.0,0.039535276462167444,0.0,1.6815407032453566,3.0000649045251566,3.6037623159715317
0.9999688807621305,0.0,0.0003941442014885892,0.0,0.03957527646216744,0.0,1.681053693175731,3.0000649285275145,3.6029993413541948
0.9999689403781987,0.0,0.0003933752858819895,0.0,0.03961527646216744,0.0,1.680568059681921,3.000064952481088,3.6022338656316717
0.9999689999111946,0.0,0.00039260861581490614,0.0,0.03965527646216744,0.0,1.680083797566325,3.0000649763859806,3.601465924615705
0.9999690593606477,0.0,0.00039184418253383865,0.0,0.03969527646216744,0.0,1.6796009016538684,3.0000650002422957,3.600695553662475
0.9999691187260987,0.0,0.0003910819773280398,0.0,0.039735276462167436,0.0,1.6791193667952167,3.0000650240501345,3.59992278792759
0.9999691780070944,0.0,0.00039032199152915734,0.0,0.039775276462167435,0.0,1.6786391878633573,3.0000650478096,3.5991476620274248
0.9999692372031925,0.0,0.0003895642165109919,0.0,0.03981527646216743,0.0,1.6781603597577917,3.0000650715207953,3.5983702107239814
0.9999692963139579,0.0,0.0003888086436893665,0.0,0.03985527646216743,0.0,1.677682877397999,3.000065095183822,3.597590467675088
0.9999693553389628,0.0,0.00038805526452164027,0.0,0.03989527646216743,0.0,1.677206735731001,3.0000651187987826,3.596808466903626
0.999969414277791,0.0,0.0003873040705068219,0.0,0.03993527646216743,0.0,1.6767319297246108,3.00006514236578,3.5960242413002312
0.9999694731300309,0.0,0.0003865550531849925,0.0,0.039975276462167426,0.0,1.6762584543705743,3.0000651658849153,3.5952378245869685
0.9999695318952796,0.0,0.0003858082041372087,0.0,0.040015276462167425,0.0,1.6757863046846255,3.000065189356292,3.594449249001092
0.9999695905731445,0.0,0.00038506351498535666,0.0,0.04005527646216742,0.0,1.675315475704799,3.000065212780012,3.593658547284216
0.9999696491632378,0.0,0.000384320977391733,0.0,0.04009527646216742,0.0,1.6748459624921774,3.000065236156176,3.5928657511888145
0.9999697076651805,0.0,0.0003835805830588903,0.0,0.04013527646216742,0.0,1.674377760131538,3.000065259484889,3.592070892618115
0.9999697660786024,0.0,0.00038284232372951134,0.0,0.04017527646216742,0.0,1.6739108637290565,3.000065282766251,3.591274003227188
0.9999698244031388,0.0,0.0003821061911860018,0.0,0.04021527646216742,0.0,1.6734452684138619,3.000065306000364,3.590475113944584
0.9999698826384338,0.0,0.0003813721772503267,0.0,0.040255276462167415,0.0,1.672980969338736,3.0000653291873296,3.5896742554906327
0.9999699407841393,0.0,0.000380640273783905,0.0,0.04029527646216741,0.0,1.6725179616770274,3.0000653523272507,3.588871458591289
0.9999699988399114,0.0,0.0003799104726871206,0.0,0.04033527646216741,0.0,1.672056240625635,3.000065375420228,3.58806675318819
0.9999700568054181,0.0,0.0003791827658994044,0.0,0.04037527646216741,0.0,1.671595801402854,3.000065398466364,3.587260169634824
0.99997011468033,0.0,0.00037845714539872806,0.0,0.04041527646216741,0.0,1.6711366392495,3.00006542146576,3.586451737318393
0.9999701724643281,0.0,0.00037773360320161794,0.0,0.04045527646216741,0.0,1.670678749427808,3.0000654444185164,3.585641485476899
0.9999702301570979,0.0,0.000377012131362776,0.0,0.040495276462167405,0.0,1.6702221272218647,3.0000654673247364,3.5848294434012646
0.9999702877583334,0.0,0.00037629272197491965,0.0,0.040535276462167404,0.0,1.6697667679374124,3.0000654901845203,3.584015639292981
0.9999703452677338,0.0,0.00037557536716856043,0.0,0.0405752764621674,0.0,1.6693126669018876,3.000065512997969,3.5832001022064226
0.9999704026850067,0.0,0.00037486005911181936,0.0,0.0406152764621674,0.0,1.668859819463908,3.0000655357651853,3.5823828602592744
0.9999704600098644,0.0,0.0003741467900101266,0.0,0.0406552764621674,0.0,1.6684082209931084,3.0000655584862685,3.5815639409509945
0.9999705172420278,0.0,0.00037343555210612084,0.0,0.0406952764621674,0.0,1.6679578668808819,3.0000655811613206,3.5807433720730044
0.9999705743812213,0.0,0.0003727263376792824,0.0,0.040735276462167395,0.0,1.6675087525395145,3.0000656037904423,3.579921181258332
0.9999706314271787,0.0,0.00037201913904594687,0.0,0.040775276462167394,0.0,1.6670608734017862,3.000065626373734,3.5790973954598133
0.9999706883796375,0.0,0.0003713139485588808,0.0,0.04081527646216739,0.0,1.6666142249219402,3.0000656489112965,3.578272041428163
0.9999707452383436,0.0,0.0003706107586071897,0.0,0.04085527646216739,0.0,1.6661688025747572,3.0000656714032314,3.5774451456608185
0.9999708020030473,0.0,0.00036990956161608423,0.0,0.04089527646216739,0.0,1.6657246018548062,3.000065693849638,3.57661673419238
0.9999708586735069,0.0,0.00036921035004670524,0.0,0.04093527646216739,0.0,1.6652816182780041,3.0000657162506172,3.5757868334581437
0.9999709152494826,0.0,0.00036851311639575203,0.0,0.040975276462167386,0.0,1.6648398473811203,3.0000657386062697,3.574955469062785
0.9999709717307453,0.0,0.0003678178531956502,0.0,0.041015276462167384,0.0,1.664399284720383,3.0000657609166947,3.5741226665749553
0.9999710281170688,0.0,0.000367124553013909,0.0,0.04105527646216738,0.0,1.6639599258715283,3.0000657831819924,3.5732884509998972
0.9999710844082338,0.0,0.0003664332084532703,0.0,0.04109527646216738,0.0,1.66352176643147,3.0000658054022638,3.572452847913534
0.9999711406040265,0.0,0.00036574381215127437,0.0,0.04113527646216738,0.0,1.6630848020173101,3.000065827577608,3.5716158815757453
0.9999711967042372,0.0,0.0003650563567801983,0.0,0.04117527646216738,0.0,1.6626490282651767,3.0000658497081254,3.570777576460797
0.9999712527086628,0.0,0.0003643708350468475,0.0,0.041215276462167376,0.0,1.662214440830568,3.000065871793915,3.569937956968698
0.9999713086171078,0.0,0.0003636872396922879,0.0,0.041255276462167374,0.0,1.6617810353900004,3.0000658938350764,3.569097047195805
0.9999713644293776,0.0,0.0003630055634917353,0.0,0.04129527646216737,0.0,1.6613488076387204,3.00006591583171,3.5682548707531963
0.9999714201452877,0.0,0.0003623257992543352,0.0,0.04133527646216737,0.0,1.6609177532910613,3.0000659377839134,3.5674114513810458
0.9999714757646533,0.0,0.0003616479398229076,0.0,0.04137527646216737,0.0,1.660487868081045,3.000065959691787,3.5665668122546865
0.9999715312873003,0.0,0.00036097197807386064,0.0,0.04141527646216737,0.0,1.660059147762269,3.00006598155543,3.565720976542544
0.9999715867130577,0.0,0.000360297906917022,0.0,0.041455276462167366,0.0,1.6596315881065746,3.0000660033749402,3.564873967057655
0.9999716420417567,0.0,0.0003596257192951747,0.0,0.041495276462167364,0.0,1.6592051849056169,3.0000660251504176,3.5640258063564567
0.9999716972732386,0.0,0.00035895540818436103,0.0,0.04153527646216736,0.0,1.6587799339694893,3.00006604688196,3.5631765167888965
0.9999717524073449,0.0,0.0003582869665931867,0.0,0.04157527646216736,0.0,1.6583558311277,3.0000660685696667,3.5623261209563903
0.9999718074439257,0.0,0.0003576203875630655,0.0,0.04161527646216736,0.0,1.6579328722272573,3.000066090213636,3.561474640294427
0.9999718623828326,0.0,0.0003569556641676445,0.0,0.04165527646216736,0.0,1.6575110531348072,3.0000661118139655,3.5606220965591096
0.9999719172239248,0.0,0.0003562927895129888,0.0,0.041695276462167356,0.0,1.6570903697353898,3.000066133370755,3.559768511800247
0.9999719719670658,0.0,0.00035563175673716547,0.0,0.041735276462167355,0.0,1.6566708179325966,3.0000661548841006,3.5589139067206097
0.9999720266121196,0.0,0.0003549725590100759,0.0,0.04177527646216735,0.0,1.6562523936471345,3.000066176354102,3.5580583027083774
0.99997208115896,0.0,0.00035431518953344185,0.0,0.04181527646216735,0.0,1.6558350928199554,3.000066197780855,3.5572017207969187
0.9999721356074639,0.0,0.00035365964154048484,0.0,0.04185527646216735,0.0,1.6554189114078133,3.0000662191644594,3.55634418126807
0.9999721899575107,0.0,0.00035300590829569944,0.0,0.04189527646216735,0.0,1.6550038453878724,3.0000662405050114,3.5554857046500703
0.9999722442089856,0.0,0.00035235398309492845,0.0,0.04193527646216735,0.0,1.6545898907535086,3.000066261802609,3.554626311362509
0.9999722983617787,0.0,0.00035170385926489706,0.0,0.041975276462167345,0.0,1.6541770435164285,3.0000662830573486,3.553766021604414
0.9999723524157834,0.0,0.00035105553016328206,0.0,0.04201527646216734,0.0,1.6537652997054422,3.000066304269328,3.552904855048308
0.9999724063708968,0.0,0.0003504089891783055,0.0,0.04205527646216734,0.0,1.653354655369014,3.000066325438644,3.5520428313957386
0.9999724602270227,0.0,0.00034976422972883656,0.0,0.04209527646216734,0.0,1.6529451065707355,3.0000663465653936,3.551179970076744
0.999972513984065,0.0,0.0003491212452639355,0.0,0.04213527646216734,0.0,1.652536649393084,3.0000663676496737,3.550316290149749
0.999972567641936,0.0,0.0003484800292629496,0.0,0.04217527646216734,0.0,1.6521292799353993,3.0000663886915797,3.549451811143232
0.9999726212005479,0.0,0.00034784057523507884,0.0,0.042215276462167335,0.0,1.6517229943151956,3.0000664096912093,3.548586551582065
0.9999726746598204,0.0,0.0003472028767195366,0.0,0.042255276462167334,0.0,1.651317788665957,3.000066430648659,3.5477205303210226
0.9999727280196752,0.0,0.00034656692728510485,0.0,0.04229527646216733,0.0,1.6509136591387104,3.0000664515640234,3.546853766083246
0.9999727812800382,0.0,0.00034593272053006104,0.0,0.04233527646216733,0.0,1.6505106019022266,3.000066472437399,3.545986276659098
0.9999728344408384,0.0,0.00034530025008206713,0.0,0.04237527646216733,0.0,1.6501086131398077,3.000066493268882,3.5451180806981175
0.9999728875020093,0.0,0.00034466950959794054,0.0,0.04241527646216733,0.0,1.6497076890552675,3.0000665140585676,3.5442491959677125
0.9999729404634892,0.0,0.0003440404927635418,0.0,0.042455276462167325,0.0,1.649307825866515,3.0000665348065514,3.543379640185625
0.9999729933252184,0.0,0.0003434131932936052,0.0,0.042495276462167324,0.0,1.6489090198079985,3.00006655551293,3.5425094310339316
0.9999730460871404,0.0,0.00034278760493152533,0.0,0.04253527646216732,0.0,1.6485112671323323,3.000066576177797,3.541638585825754
0.9999730987492043,0.0,0.000342163721449244,0.0,0.04257527646216732,0.0,1.6481145641078634,3.000066596801248,3.5407671219348833
0.9999731513113606,0.0,0.0003415415366471657,0.0,0.04261527646216732,0.0,1.6477189070186622,3.0000666173833777,3.5398950562785756
0.9999732037735654,0.0,0.0003409210443538663,0.0,0.04265527646216732,0.0,1.6473242921669196,3.0000666379242817,3.539022406008595
0.9999732561357758,0.0,0.0003403022384259966,0.0,0.042695276462167316,0.0,1.6469307158685806,3.000066658424054,3.538149187757626
0.999973308397954,0.0,0.0003396851127482149,0.0,0.042735276462167314,0.0,1.6465381744572982,3.000066678882788,3.5372754181054877
0.9999733605600652,0.0,0.0003390696612328481,0.0,0.04277527646216731,0.0,1.6461466642834388,3.00006669930058,3.5364011131673334
0.9999734126220783,0.0,0.0003384558778199312,0.0,0.04281527646216731,0.0,1.6457561817115063,3.0000667196775233,3.5355262895907558
0.9999734645839633,0.0,0.00033784375647693247,0.0,0.04285527646216731,0.0,1.645366723122728,3.0000667400137107,3.5346509631268854
0.9999735164456965,0.0,0.00033723329119866207,0.0,0.04289527646216731,0.0,1.644978284914795,3.0000667603092377,3.5337751499063965
0.9999735682072549,0.0,0.00033662447600711116,0.0,0.042935276462167306,0.0,1.6445908634997781,3.0000667805641967,3.53289886586945
0.9999736198686208,0.0,0.00033601730495128534,0.0,0.042975276462167304,0.0,1.6442044553074402,3.000066800778683,3.5320221261438087
0.9999736714297763,0.0,0.00033541177210703676,0.0,0.0430152764621673,0.0,1.6438190567803648,3.0000668209527874,3.5311449463221347
0.9999737228907096,0.0,0.00033480787157703397,0.0,0.0430552764621673,0.0,1.643434664379549,3.0000668410866043,3.5302673415688948
0.9999737742514119,0.0,0.0003342055974905152,0.0,0.0430952764621673,0.0,1.6430512745784422,3.0000668611802275,3.5293893273693397
0.9999738255118745,0.0,0.0003336049440030837,0.0,0.0431352764621673,0.0,1.6426688838683443,3.000066881233749,3.5285109183329753
0.9999738766720949,0.0,0.00033300590529678956,0.0,0.043175276462167296,0.0,1.6422874887546046,3.000066901247261,3.5276321292582087
0.9999739277320704,0.0,0.0003324084755797439,0.0,0.043215276462167294,0.0,1.6419070857569624,3.000066921220857,3.526752975354688
0.9999739786918046,0.0,0.0003318126490860557,0.0,0.04325527646216729,0.0,1.6415276714127052,3.0000669411546284,3.5258734705764025
0.9999740295513002,0.0,0.0003312184200758071,0.0,0.04329527646216729,0.0,1.6411492422717275,3.000066961048669,3.5249936295122746
0.9999740803105668,0.0,0.0003306257828347922,0.0,0.04333527646216729,0.0,1.6407717948998801,3.000066980903069,3.524113466225446
0.9999741309696124,0.0,0.0003300347316743855,0.0,0.04337527646216729,0.0,1.6403953258776625,3.000067000717921,3.5232329952300523
0.9999741815284499,0.0,0.00032944526093139735,0.0,0.043415276462167286,0.0,1.6400198318004189,3.0000670204933173,3.522352229529261
0.9999742319870949,0.0,0.00032885736496802173,0.0,0.043455276462167285,0.0,1.639645309278818,3.000067040229349,3.5214711843017232
0.9999742823455654,0.0,0.0003282710381716738,0.0,0.04349527646216728,0.0,1.6392717549361835,3.0000670599261063,3.520589872145431
0.999974332603882,0.0,0.00032768627495469556,0.0,0.04353527646216728,0.0,1.638899165413704,3.0000670795836815,3.5197083066623795
0.9999743827620682,0.0,0.0003271030697545138,0.0,0.04357527646216728,0.0,1.6385275373632397,3.000067099202166,3.51882650181777
0.9999744328201486,0.0,0.00032652141703323946,0.0,0.04361527646216728,0.0,1.6381568674540112,3.0000671187816503,3.5179444702238434
0.9999744827781518,0.0,0.0003259413112776716,0.0,0.043655276462167276,0.0,1.637787152367724,3.0000671383222244,3.5170622251243047
0.999974532636109,0.0,0.0003253627469991561,0.0,0.043695276462167275,0.0,1.6374183888020228,3.0000671578239797,3.5161797797166137
0.9999745823940513,0.0,0.0003247857187333344,0.0,0.04373527646216727,0.0,1.6370505734674277,3.0000671772870056,3.515297146876649
0.9999746320520151,0.0,0.0003242102210402447,0.0,0.04377527646216727,0.0,1.6366837030884556,3.000067196711393,3.5144143392548717
0.9999746816100392,0.0,0.00032363624850403894,0.0,0.04381527646216727,0.0,1.636317774405045,3.0000672160972326,3.5135313691574677
0.9999747310681614,0.0,0.0003230637957327538,0.0,0.04385527646216727,0.0,1.6359527841694792,3.0000672354446123,3.5126482491422966
0.9999747804264235,0.0,0.0003224928573583793,0.0,0.04389527646216727,0.0,1.6355887291499311,3.000067254753623,3.511764991621799
0.9999748296848727,0.0,0.0003219234280367775,0.0,0.043935276462167265,0.0,1.6352256061252404,3.000067274024355,3.5108816088234898
0.9999748788435541,0.0,0.00032135550244723996,0.0,0.04397527646216726,0.0,1.6348634118908678,3.0000672932568957,3.5099981129198796
0.9999749279025154,0.0,0.0003207890752926501,0.0,0.04401527646216726,0.0,1.6345021432553317,3.000067312451335,3.5091145155000287
0.9999749768618093,0.0,0.00032022414129925856,0.0,0.04405527646216726,0.0,1.6341417970402958,3.0000673316077626,3.5082308287369584
0.9999750257214883,0.0,0.00031966069521657874,0.0,0.04409527646216726,0.0,1.6337823700815064,3.000067350726266,3.5073470642906073
0.999975074481607,0.0,0.00031909873181721027,0.0,0.04413527646216726,0.0,1.6334238592269477,3.0000673698069353,3.50646323357519
0.9999751231422235,0.0,0.00031853824589678546,0.0,0.044175276462167255,0.0,1.6330662613396212,3.0000673888498577,3.5055793478264308
0.9999751717033967,0.0,0.00031797923227389275,0.0,0.044215276462167254,0.0,1.632709573294634,3.0000674078551217,3.5046954189960435
0.9999752201651874,0.0,0.00031742168578971323,0.0,0.04425527646216725,0.0,1.632353791981575,3.0000674268228162,3.5038114576732626
0.99997526852766,0.0,0.00031686560130824234,0.0,0.04429527646216725,0.0,1.631998914301246,3.0000674457530283,3.5029274756967497
0.999975316790878,0.0,0.0003163109737158391,0.0,0.04433527646216725,0.0,1.631644937171277,3.0000674646458454,3.5020434835931638
0.9999753649549107,0.0,0.00031575779792145754,0.0,0.04437527646216725,0.0,1.6312918575178752,3.000067483501357,3.501159492375151
0.9999754130198256,0.0,0.0003152060688562071,0.0,0.044415276462167246,0.0,1.6309396722821603,3.0000675023196477,3.5002755123118443
0.9999754609856933,0.0,0.00031465578147331396,0.0,0.044455276462167244,0.0,1.6305883784210131,3.0000675211008074,3.4993915547119685
0.9999755088525875,0.0,0.0003141069307482261,0.0,0.04449527646216724,0.0,1.6302379728986915,3.0000675398449217,3.4985076298978894
0.9999755566205814,0.0,0.0003135595116782042,0.0,0.04453527646216724,0.0,1.6298884526972008,3.0000675585520766,3.4976237482945933
0.9999756042897525,0.0,0.0003130135192823829,0.0,0.04457527646216724,0.0,1.6295398148079567,3.00006757722236,3.496739920472589
0.9999756518601799,0.0,0.00031246894860160096,0.0,0.04461527646216724,0.0,1.6291920562374032,3.0000675958558602,3.4958561560143737
0.9999756993319399,0.0,0.0003119257946982596,0.0,0.044655276462167236,0.0,1.6288451740024974,3.0000676144526595,3.4949724655795595
0.9999757467051164,0.0,0.00031138405265620145,0.0,0.044695276462167234,0.0,1.6284991651354002,3.000067633012847,3.4940888591722135
0.9999757939797922,0.0,0.00031084371758080103,0.0,0.04473527646216723,0.0,1.6281540266776406,3.000067651536507,3.4932053462885344
0.9999758411560525,0.0,0.00031030478459854273,0.0,0.04477527646216723,0.0,1.62780975568589,3.0000676700237268,3.4923219373041188
0.9999758882339833,0.0,0.0003097672488571071,0.0,0.04481527646216723,0.0,1.6274663492274608,3.000067688474591,3.4914386412660723
0.999975935213672,0.0,0.0003092311055251648,0.0,0.04485527646216723,0.0,1.6271238043828498,3.0000677068891863,3.4905554685429596
0.9999759820952092,0.0,0.00030869634979242296,0.0,0.044895276462167226,0.0,1.6267821182445596,3.0000677252675954,3.4896724277718167
0.999976028878686,0.0,0.0003081629768692872,0.0,0.044935276462167224,0.0,1.6264412879171486,3.0000677436099066,3.4887895288041078
0.9999760755641952,0.0,0.00030763098198695825,0.0,0.04497527646216722,0.0,1.6261013105171307,3.000067761916202,3.487906780468229
0.9999761221518291,0.0,0.0003071003603971092,0.0,0.04501527646216722,0.0,1.625762183174284,3.000067780186568,3.4870241930990953
0.9999761686416861,0.0,0.0003065711073721106,0.0,0.04505527646216722,0.0,1.6254239030284647,3.0000677984210884,3.486141774900002
0.9999762150338618,0.0,0.00030604321820455846,0.0,0.04509527646216722,0.0,1.625086467233249,3.000067816619848,3.4852595347795488
0.9999762613284552,0.0,0.000305516688207371,0.0,0.045135276462167216,0.0,1.624749872953168,3.000067834782931,3.484377482177293
0.999976307525567,0.0,0.0003049915127136844,0.0,0.045175276462167215,0.0,1.6244141173648585,3.0000678529104206,3.4834956252406486
0.9999763536252978,0.0,0.00030446768707668005,0.0,0.04521527646216721,0.0,1.6240791976561326,3.0000678710024027,3.4826139735161687
0.9999763996277503,0.0,0.0003039452066694743,0.0,0.04525527646216721,0.0,1.6237451110276884,3.000067889058958,3.4817325348033346
0.9999764455330302,0.0,0.000303424066885135,0.0,0.04529527646216721,0.0,1.623411854690541,3.000067907080173,3.4808513184734635
0.9999764913412409,0.0,0.00030290426313639863,0.0,0.04533527646216721,0.0,1.6230794258682852,3.0000679250661277,3.4799703322326216
0.9999765370524906,0.0,0.000302385790855717,0.0,0.045375276462167206,0.0,1.6227478217960558,3.0000679430169086,3.479089584740287
0.9999765826668872,0.0,0.000301868645495117,0.0,0.045415276462167205,0.0,1.6224170397195314,3.0000679609325966,3.478209083782366
0.9999766281845397,0.0,0.00030135282252602555,0.0,0.0454552764621672,0.0,1.6220870768972782,3.0000679788132745,3.4773288388456542
0.9999766736055595,0.0,0.00030083831743929436,0.0,0.0454952764621672,0.0,1.6217579305968712,3.000067996659026,3.4764488566664253
0.9999767189300576,0.0,0.0003003251257449916,0.0,0.0455352764621672,0.0,1.6214295981008404,3.0000680144699317,3.4755691459066385
0.9999767641581473,0.0,0.0002998132429723878,0.0,0.0455752764621672,0.0,1.6211020766987918,3.0000680322460753,3.4746897140312165
0.999976809289944,0.0,0.00029930266466973894,0.0,0.0456152764621672,0.0,1.6207753636955542,3.000068049987539,3.4738105691984495
0.9999768543255619,0.0,0.0002987933864043451,0.0,0.045655276462167195,0.0,1.6204494564033436,3.0000680676944036,3.4729317191866156
0.9999768992651188,0.0,0.0002982854037623598,0.0,0.04569527646216719,0.0,1.6201243521479767,3.000068085366752,3.472053171850243
0.9999769441087305,0.0,0.0002977787123486363,0.0,0.04573527646216719,0.0,1.619800048265982,3.000068103004664,3.4711749341143125
0.9999769888565174,0.0,0.00029727330778682605,0.0,0.04577527646216719,0.0,1.6194765421042914,3.000068120608222,3.470297014100872
0.999977033508599,0.0,0.00029676918571904984,0.0,0.04581527646216719,0.0,1.6191538310207683,3.0000681381775074,3.4694194188649523
0.9999770780650978,0.0,0.000296266341806021,0.0,0.04585527646216719,0.0,1.6188319123841939,3.000068155712601,3.4685421556605456
0.9999771225261337,0.0,0.0002957647717267138,0.0,0.045895276462167185,0.0,1.618510783574846,3.0000681732135828,3.467665232275709
0.9999771668918319,0.0,0.0002952644711785499,0.0,0.045935276462167184,0.0,1.618190441982228,3.000068190680534,3.466788655382305
0.999977211162315,0.0,0.0002947654358769854,0.0,0.04597527646216718,0.0,1.6178708850086252,3.0000682081135355,3.4659124318329133
0.9999772553377092,0.0,0.00029426766155571783,0.0,0.04601527646216718,0.0,1.6175521100659482,3.000068225512667,3.465036569547429
0.9999772994181396,0.0,0.0002937711439664208,0.0,0.04605527646216718,0.0,1.6172341145749902,3.000068242878008,3.464161074783842
0.9999773434037345,0.0,0.00029327587887869266,0.0,0.04609527646216718,0.0,1.61691689597139,3.000068260209639,3.4632859545002845
0.9999773872946226,0.0,0.0002927818620799915,0.0,0.046135276462167175,0.0,1.6166004516971961,3.00006827750764,3.462411215820843
0.9999774310909312,0.0,0.0002922890893754715,0.0,0.046175276462167174,0.0,1.616284779206594,3.00006829477209,3.461536865168278
0.999977474792792,0.0,0.00029179755658802545,0.0,0.04621527646216717,0.0,1.6159698759636902,3.0000683120030684,3.4606629089188483
0.9999775184003343,0.0,0.000291307259558008,0.0,0.04625527646216717,0.0,1.6156557394440845,3.000068329200655,3.4597893544122322
0.9999775619136926,0.0,0.0002908181941433615,0.0,0.04629527646216717,0.0,1.6153423671325748,3.000068346364928,3.45891620704707
0.9999776053329961,0.0,0.00029033035621931955,0.0,0.04633527646216717,0.0,1.6150297565241305,3.000068363495966,3.458043474421287
0.9999776486583811,0.0,0.0002898437416784954,0.0,0.046375276462167166,0.0,1.614717905124672,3.000068380593848,3.457171162158038
0.9999776918899815,0.0,0.0002893583464306745,0.0,0.046415276462167164,0.0,1.6144068104502465,3.0000683976586537,3.4562992767837604
0.9999777350279332,0.0,0.0002888741664028092,0.0,0.04645527646216716,0.0,1.6140964700259006,3.00006841469046,3.45542782428613
0.9999777780723701,0.0,0.0002883911975388258,0.0,0.04649527646216716,0.0,1.6137868813879759,3.000068431689344,3.45455681122053
0.9999778210234306,0.0,0.0002879094357996572,0.0,0.04653527646216716,0.0,1.6134780420821968,3.0000684486553864,3.453686243085382
0.9999778638812523,0.0,0.0002874288771631051,0.0,0.04657527646216716,0.0,1.6131699496642162,3.0000684655886616,3.452816126388198
0.9999779066459739,0.0,0.00028694951762373884,0.0,0.046615276462167156,0.0,1.6128626017003758,3.0000684824892505,3.4519464669202793
0.9999779493177343,0.0,0.000286471353192916,0.0,0.046655276462167154,0.0,1.6125559957652496,3.000068499357228,3.4510772702636903
0.9999779918966728,0.0,0.000285994379898389,0.0,0.04669527646216715,0.0,1.6122501294456086,3.000068516192673,3.450208543113819
0.9999780343829314,0.0,0.0002855185937847298,0.0,0.04673527646216715,0.0,1.6119450003356475,3.0000685329956602,3.4493402899476107
0.9999780767766505,0.0,0.0002850439909127415,0.0,0.04677527646216715,0.0,1.6116406060410045,3.000068549766269,3.448472516866523
0.9999781190779735,0.0,0.00028457056735973715,0.0,0.04681527646216715,0.0,1.6113369441760153,3.000068566504575,3.4476052301754776
0.9999781612870426,0.0,0.0002840983192192683,0.0,0.046855276462167146,0.0,1.6110340123639273,3.0000685832106546,3.4467384349672328
0.9999782034040008,0.0,0.00028362724260104694,0.0,0.046895276462167144,0.0,1.61073180824003,3.0000685998845844,3.445872136348353
0.9999782454289932,0.0,0.00028315733363096994,0.0,0.04693527646216714,0.0,1.6104303294467268,3.0000686165264403,3.4450063397427853
0.9999782873621634,0.0,0.00028268858845096695,0.0,0.04697527646216714,0.0,1.6101295736374945,3.000068633136298,3.4441410510312256
0.9999783292036577,0.0,0.0002822210032188997,0.0,0.04701527646216714,0.0,1.6098295384740582,3.0000686497142333,3.4432762753691746
0.9999783709536223,0.0,0.0002817545741085694,0.0,0.04705527646216714,0.0,1.6095302216285217,3.000068666260322,3.4424120182670093
0.9999784126122041,0.0,0.00028128929730958195,0.0,0.047095276462167136,0.0,1.6092316207811928,3.0000686827746406,3.441548284227165
0.9999784541795492,0.0,0.00028082516902722056,0.0,0.047135276462167135,0.0,1.6089337336231349,3.000068699257262,3.44068507890804
0.9999784956558075,0.0,0.00028036218548243533,0.0,0.04717527646216713,0.0,1.6086365578542923,3.0000687157082635,3.439822406694451
0.9999785370411259,0.0,0.00027990034291179285,0.0,0.04721527646216713,0.0,1.6083400911820143,3.000068732127719,3.438960272919456
0.9999785783356544,0.0,0.00027943963756729614,0.0,0.04725527646216713,0.0,1.6080443313261379,3.000068748515704,3.438098683053886
0.9999786195395416,0.0,0.00027898006571640217,0.0,0.04729527646216713,0.0,1.6077492760122858,3.000068764872291,3.4372376417423163
0.9999786606529387,0.0,0.000278521623641926,0.0,0.04733527646216713,0.0,1.6074549229768005,3.0000687811975566,3.436377152767427
0.9999787016759957,0.0,0.0002780643076418907,0.0,0.047375276462167125,0.0,1.6071612699664728,3.000068797491574,3.435517222388551
0.9999787426088641,0.0,0.00027760811402957933,0.0,0.04741527646216712,0.0,1.6068683147334466,3.000068813754416,3.434657854049822
0.9999787834516954,0.0,0.0002771530391333183,0.0,0.04745527646216712,0.0,1.6065760550427772,3.0000688299861595,3.4337990538039094
0.9999788242046423,0.0,0.0002766990792965554,0.0,0.04749527646216712,0.0,1.6062844886651293,3.0000688461868754,3.4329408249671607
0.999978864867858,0.0,0.00027624623087768113,0.0,0.04753527646216712,0.0,1.605993613382665,3.0000688623566387,3.4320831727843335
0.9999789054414937,0.0,0.0002757944902498987,0.0,0.04757527646216712,0.0,1.6057034269845414,3.000068878495522,3.4312261015284315
0.9999789459257056,0.0,0.0002753438538013686,0.0,0.047615276462167115,0.0,1.6054139272698322,3.0000688946036,3.430369615430798
0.9999789863206453,0.0,0.000274894317934868,0.0,0.047655276462167113,0.0,1.605125112045561,3.0000689106809424,3.4295137188324927
0.9999790266264688,0.0,0.0002744458790679316,0.0,0.04769527646216711,0.0,1.6048369791282886,3.0000689267276246,3.428658417126719
0.9999790668433315,0.0,0.00027399853363269615,0.0,0.04773527646216711,0.0,1.6045495263430087,3.000068942743719,3.4278037133578585
0.9999791069713877,0.0,0.0002735522780758367,0.0,0.04777527646216711,0.0,1.6042627515211232,3.000068958729297,3.426949611845091
0.9999791470107927,0.0,0.00027310710885834326,0.0,0.04781527646216711,0.0,1.6039766525073504,3.000068974684431,3.426096117343406
0.9999791869617048,0.0,0.00027266302245585264,0.0,0.047855276462167105,0.0,1.60369122715022,3.0000689906091944,3.4252432338065035
0.9999792268242794,0.0,0.0002722200153581088,0.0,0.047895276462167104,0.0,1.6034064733097777,3.000069006503658,3.4243909648595783
0.9999792665986738,0.0,0.0002717780840692218,0.0,0.0479352764621671,0.0,1.6031223888524975,3.0000690223678936,3.4235393152130804
0.9999793062850443,0.0,0.00027133722510739374,0.0,0.0479752764621671,0.0,1.6028389716559108,3.000069038201973,3.422688288427713
0.9999793458835504,0.0,0.000270897435004993,0.0,0.0480152764621671,0.0,1.6025562196033227,3.000069054005968,3.4218378885131813
0.9999793853943492,0.0,0.0002704587103084738,0.0,0.0480552764621671,0.0,1.6022741305863728,3.0000690697799492,3.42098811954404
0.999979424817599,0.0,0.0002700210475781452,0.0,0.048095276462167096,0.0,1.6019927025077731,3.000069085523988,3.4201389846931334
0.9999794641534596,0.0,0.0002695844433882951,0.0,0.048135276462167094,0.0,1.6017119332756162,3.000069101238156,3.419290488438919
0.999979503402089,0.0,0.00026914889432708833,0.0,0.04817527646216709,0.0,1.6014318208081604,3.0000691169225218,3.418442634411209
0.9999795425636467,0.0,0.000268714396996349,0.0,0.04821527646216709,0.0,1.6011523630305402,3.0000691325771576,3.4175954260246844
0.9999795816382931,0.0,0.00026828094801169055,0.0,0.04825527646216709,0.0,1.600873557875919,3.000069148202134,3.4167488670705057
0.9999796206261883,0.0,0.000267848544002389,0.0,0.04829527646216709,0.0,1.6005954032874687,3.0000691637975203,3.4159029614925336
0.9999796595274913,0.0,0.0002674171816111555,0.0,0.048335276462167086,0.0,1.600317897214095,3.0000691793633867,3.415057711740471
0.9999796983423642,0.0,0.00026698685749437415,0.0,0.048375276462167084,0.0,1.6000410376138074,3.0000691948998033,3.4142131225458643
0.9999797370709674,0.0,0.0002665575683217365,0.0,0.04841527646216708,0.0,1.5997648224535053,3.00006921040684,3.4133691970538704
0.9999797757134627,0.0,0.00026612931077642823,0.0,0.04845527646216708,0.0,1.599489249707048,3.000069225884566,3.412525938284957
0.9999798142700097,0.0,0.0002657020815547771,0.0,0.04849527646216708,0.0,1.5992143173548143,3.0000692413330508,3.4116833498444614
0.9999798527407714,0.0,0.00026527587736652403,0.0,0.04853527646216708,0.0,1.5989400233885624,3.000069256752363,3.410841435373751
0.9999798911259102,0.0,0.0002648506949345681,0.0,0.048575276462167076,0.0,1.598666365803522,3.0000692721425724,3.4100001975397563
0.9999799294255874,0.0,0.00026442653099481626,0.0,0.048615276462167074,0.0,1.5983933426079526,3.000069287503748,3.409159639938064
0.9999799676399653,0.0,0.0002640033822963154,0.0,0.04865527646216707,0.0,1.5981209518124881,3.000069302835957,3.408319765345973
0.9999800057692079,0.0,0.00026358124560113723,0.0,0.04869527646216707,0.0,1.597849191439465,3.0000693181392695,3.407480578332104
0.9999800438134762,0.0,0.000263160117684177,0.0,0.04873527646216707,0.0,1.597578059517762,3.000069333413754,3.4066420799414985
0.9999800817729341,0.0,0.00026273999533327024,0.0,0.04877527646216707,0.0,1.5973075540830124,3.0000693486594776,3.4058042749237125
0.9999801196477441,0.0,0.0002623208753490791,0.0,0.048815276462167066,0.0,1.5970376731786813,3.0000693638765075,3.40496716570325
0.9999801574380704,0.0,0.0002619027545449513,0.0,0.048855276462167065,0.0,1.5967684148565253,3.0000693790649136,3.4041307549131163
0.9999801951440768,0.0,0.0002614856297469702,0.0,0.04889527646216706,0.0,1.5964997771771632,3.0000693942247634,3.4032950460515896
0.999980232765927,0.0,0.0002610694977937915,0.0,0.04893527646216706,0.0,1.596231758206212,3.000069409356123,3.4024600420776028
0.9999802703037844,0.0,0.00026065435553669365,0.0,0.04897527646216706,0.0,1.5959643560171257,3.0000694244590607,3.401625745702333
0.9999803077578133,0.0,0.00026024019983939646,0.0,0.04901527646216706,0.0,1.5956975686922306,3.0000694395336436,3.400792159373161
0.9999803451281781,0.0,0.0002598270275780996,0.0,0.049055276462167056,0.0,1.5954313943208354,3.0000694545799385,3.399959286546565
0.9999803824150425,0.0,0.0002594148356413572,0.0,0.049095276462167055,0.0,1.595165830998001,3.0000694695980115,3.399127129390893
0.9999804196185724,0.0,0.0002590036209300795,0.0,0.04913527646216705,0.0,1.594900876829145,3.000069484587931,3.3982956908448356
0.9999804567389309,0.0,0.0002585933803574526,0.0,0.04917527646216705,0.0,1.5946365299242067,3.000069499549762,3.3974649737501172
0.9999804937762848,0.0,0.00025818411084888374,0.0,0.04921527646216705,0.0,1.5943727884012486,3.0000695144835716,3.3966349808618133
0.9999805307307964,0.0,0.00025777580934177515,0.0,0.04925527646216705,0.0,1.5941096503875092,3.000069529389426,3.395805714503259
0.9999805676026337,0.0,0.00025736847278583886,0.0,0.04929527646216705,0.0,1.5938471140145616,3.0000695442673906,3.3949771773378243
0.9999806043919595,0.0,0.00025696209814268615,0.0,0.049335276462167045,0.0,1.5935851774226526,3.0000695591175317,3.3941493719259554
0.9999806410989404,0.0,0.0002565566823859237,0.0,0.04937527646216704,0.0,1.5933238387594513,3.000069573939916,3.393322301128313
0.9999806777237408,0.0,0.0002561522225011574,0.0,0.04941527646216704,0.0,1.593063096178043,3.0000695887346067,3.3924959665664516
0.9999807142665267,0.0,0.0002557487154857396,0.0,0.04945527646216704,0.0,1.5928029478408148,3.0000696035016707,3.3916703716402368
0.9999807507274636,0.0,0.00025534615834888673,0.0,0.04949527646216704,0.0,1.5925433919166279,3.0000696182411737,3.3908455181467945
0.9999807871067182,0.0,0.0002549445481116158,0.0,0.04953527646216704,0.0,1.5922844265791989,3.00006963295318,3.3900214085707177
0.9999808234044547,0.0,0.00025454388180656335,0.0,0.049575276462167035,0.0,1.5920260500128764,3.0000696476377535,3.3891980453314527
0.9999808596208384,0.0,0.0002541441564779764,0.0,0.049615276462167034,0.0,1.5917682604059429,3.0000696622949605,3.3883754305822467
0.9999808957560367,0.0,0.00025374536918180014,0.0,0.04965527646216703,0.0,1.5915110559557826,3.0000696769248654,3.387553566427016
0.9999809318102147,0.0,0.00025334751698546167,0.0,0.04969527646216703,0.0,1.591254434864722,3.0000696915275324,3.3867324555936555
0.9999809677835381,0.0,0.00025295059696786397,0.0,0.04973527646216703,0.0,1.5909983953422309,3.000069706103025,3.3859121001108874
0.9999810036761742,0.0,0.0002525546062193038,0.0,0.04977527646216703,0.0,1.590742935607043,3.0000697206514078,3.3850925018782654
0.9999810394882868,0.0,0.000252159541841447,0.0,0.049815276462167025,0.0,1.5904880538820434,3.0000697351727452,3.3842736637857653
0.9999810752200434,0.0,0.0002517654009473553,0.0,0.049855276462167024,0.0,1.5902337483967188,3.000069749667099,3.3834555865881044
0.99998111087161,0.0,0.0002513721806612687,0.0,0.04989527646216702,0.0,1.589980017389947,3.0000697641345355,3.382638273710545
0.9999811464431534,0.0,0.00025097987811869004,0.0,0.04993527646216702,0.0,1.5897268591052318,3.000069778575117,3.381821726513368
0.9999811819348372,0.0,0.0002505884904662025,0.0,0.04997527646216702,0.0,1.5894742717925319,3.000069792988905,3.3810059474323597
0.9999812173468295,0.0,0.00025019801486155104,0.0,0.05001527646216702,0.0,1.5892222537105225,3.000069807375966,3.3801909377232584
0.9999812526792959,0.0,0.000249808448473563,0.0,0.050055276462167016,0.0,1.588970803121956,3.0000698217363606,3.3793767001137605
0.9999812879324043,0.0,0.000249419788482094,0.0,0.050095276462167014,0.0,1.5887199182963632,3.000069836070153,3.3785632356773245
0.9999813231063174,0.0,0.0002490320320777351,0.0,0.05013527646216701,0.0,1.5884695975133722,3.0000698503774044,3.3777505469496485
0.9999813582012047,0.0,0.00024864517646226784,0.0,0.05017527646216701,0.0,1.5882198390554798,3.000069864658178,3.37693863602074
0.9999813932172299,0.0,0.000248259218848119,0.0,0.05021527646216701,0.0,1.587970641210885,3.000069878912535,3.3761275040382057
0.9999814281545604,0.0,0.00024787415645857345,0.0,0.05025527646216701,0.0,1.587722002278681,3.0000698931405396,3.375317153075382
0.9999814630133618,0.0,0.0002474899865276381,0.0,0.050295276462167006,0.0,1.5874739205614044,3.000069907342253,3.3745075852511346
0.999981497793801,0.0,0.00024710670630014557,0.0,0.050335276462167004,0.0,1.5872263943677998,3.0000699215177375,3.373698802103171
0.9999815324960424,0.0,0.00024672431303135597,0.0,0.050375276462167,0.0,1.586979422014518,3.000069935667053,3.372890804014395
0.999981567120254,0.0,0.0002463428039873267,0.0,0.050415276462167,0.0,1.5867330018222336,3.000069949790263,3.3720835948284162
0.9999816016666003,0.0,0.00024596217644457034,0.0,0.050455276462167,0.0,1.5864871321209713,3.0000699638874275,3.371277175484361
0.9999816361352478,0.0,0.0002455824276900592,0.0,0.050495276462167,0.0,1.5862418112442076,3.000069977958609,3.3704715472515345
0.9999816705263627,0.0,0.00024520355502133915,0.0,0.050535276462166996,0.0,1.5859970375338366,3.000069992003868,3.369666711491065
0.9999817048401103,0.0,0.0002448255557462261,0.0,0.050575276462166995,0.0,1.5857528093372455,3.000070006023266,3.3688626707417066
0.9999817390766556,0.0,0.0002444484271829532,0.0,0.05061527646216699,0.0,1.5855091250073314,3.000070020016862,3.3680594255816927
0.9999817732361664,0.0,0.00024407216666011671,0.0,0.05065527646216699,0.0,1.5852659829040916,3.000070033984718,3.367256977877405
0.9999818073188068,0.0,0.0002436967715164472,0.0,0.05069527646216699,0.0,1.5850233813932086,3.0000700479268945,3.366455329303643
0.9999818413247428,0.0,0.00024332223910097928,0.0,0.05073527646216699,0.0,1.5847813188473239,3.0000700618434513,3.365654481476529
0.9999818752541398,0.0,0.00024294856677288892,0.0,0.050775276462166986,0.0,1.5845397936433072,3.0000700757344485,3.364854435313553
0.9999819091071638,0.0,0.00024257575190143524,0.0,0.050815276462166985,0.0,1.584298804165952,3.0000700895999475,3.364055192573004
0.9999819428839802,0.0,0.00024220379186602192,0.0,0.05085527646216698,0.0,1.584058348806128,3.0000701034400064,3.363256754983131
0.9999819765847526,0.0,0.00024183268405598258,0.0,0.05089527646216698,0.0,1.5838184259588381,3.0000701172546855,3.3624591226501668
0.999982010209648,0.0,0.00024146242587068462,0.0,0.05093527646216698,0.0,1.5835790340269085,3.000070131044044,3.3616622981300686
0.999982043758831,0.0,0.00024109301471944252,0.0,0.05097527646216698,0.0,1.5833401714177802,3.0000701448081424,3.3608662827533493
0.9999820772324663,0.0,0.00024072444802140526,0.0,0.05101527646216698,0.0,1.5831018365473595,3.000070158547039,3.3600710774355225
0.9999821106307196,0.0,0.00024035672320565872,0.0,0.051055276462166975,0.0,1.5828640278334618,3.000070172260793,3.3592766832724164
0.9999821439537554,0.0,0.00023998983771092566,0.0,0.05109527646216697,0.0,1.5826267437034671,3.0000701859494643,3.35848310192376
0.9999821772017381,0.0,0.00023962378898583509,0.0,0.05113527646216697,0.0,1.5823899825891472,3.00007019961311,3.3576903342656186
0.9999822103748323,0.0,0.000239258574488619,0.0,0.05117527646216697,0.0,1.5821537429274817,3.000070213251789,3.35689838158677
0.9999822434732029,0.0,0.0002388941916872544,0.0,0.05121527646216697,0.0,1.5819180231614207,3.000070226865562,3.356107245113752
0.9999822764970143,0.0,0.00023853063805928939,0.0,0.05125527646216697,0.0,1.5816828217409267,3.0000702404544852,3.3553169262939266
0.9999823094464306,0.0,0.00023816791109177203,0.0,0.051295276462166965,0.0,1.5814481371214202,3.000070254018617,3.3545274258393243
0.9999823423216152,0.0,0.00023780600828144055,0.0,0.051335276462166964,0.0,1.5812139677628854,3.0000702675580158,3.353738745071912
0.9999823751227348,0.0,0.0002374449271344833,0.0,0.05137527646216696,0.0,1.5809803121309962,3.0000702810727407,3.3529508849314564
0.9999824078499497,0.0,0.00023708466516632123,0.0,0.05141527646216696,0.0,1.5807471687002517,3.000070294562847,3.352163846185598
0.9999824405034257,0.0,0.00023672521990206606,0.0,0.05145527646216696,0.0,1.5805145359466126,3.000070308028394,3.3513776310206955
0.9999824730833269,0.0,0.00023636658887606941,0.0,0.05149527646216696,0.0,1.5802824123532944,3.000070321469439,3.3505922399190546
0.9999825055898158,0.0,0.00023600876963194125,0.0,0.051535276462166955,0.0,1.5800507964086195,3.0000703348860385,3.3498076726616968
0.9999825380230558,0.0,0.0002356517597226041,0.0,0.051575276462166954,0.0,1.579819686609866,3.0000703482782503,3.349023931393906
0.9999825703832106,0.0,0.00023529555671027402,0.0,0.05161527646216695,0.0,1.5795890814541909,3.0000703616461317,3.3482410174378407
0.999982602670443,0.0,0.0002349401581662606,0.0,0.05165527646216695,0.0,1.5793589794485623,3.000070374989739,3.3474589310560328
0.9999826348849167,0.0,0.00023458556167108574,0.0,0.05169527646216695,0.0,1.5791293791040444,3.000070388309129,3.3466776732737533
0.9999826670267933,0.0,0.0002342317648143026,0.0,0.05173527646216695,0.0,1.5789002789378876,3.000070401604359,3.345897244689799
0.9999826990962367,0.0,0.00023387876519466238,0.0,0.051775276462166946,0.0,1.5786716774709595,3.000070414875484,3.34511764700066
0.9999827310934079,0.0,0.00023352656041977516,0.0,0.051815276462166944,0.0,1.5784435732319877,3.0000704281225614,3.34433888039138
0.9999827630184713,0.0,0.00023317514810640178,0.0,0.05185527646216694,0.0,1.5782159647525815,3.0000704413456485,3.34356094575116
0.999982794871587,0.0,0.000232824525880047,0.0,0.05189527646216694,0.0,1.5779888505727395,3.0000704545447983,3.3427838450110787
0.9999828266529188,0.0,0.00023247469137536143,0.0,0.05193527646216694,0.0,1.5777622292346436,3.000070467720069,3.3420075763226373
0.9999828583626259,0.0,0.00023212564223556837,0.0,0.05197527646216694,0.0,1.5775360992881282,3.0000704808715146,3.3412321434112036
0.9999828900008726,0.0,0.0002317773761129815,0.0,0.052015276462166936,0.0,1.577310459286328,3.000070493999193,3.3404575454241803
0.9999829215678192,0.0,0.00023142989066855812,0.0,0.052055276462166934,0.0,1.5770853077914915,3.0000705071031573,3.339683783164404
0.9999829530636287,0.0,0.0002310831835720435,0.0,0.05209527646216693,0.0,1.5768606433656642,3.0000705201834648,3.3389108581223708
0.9999829844884596,0.0,0.00023073725250181466,0.0,0.05213527646216693,0.0,1.5766364645806659,3.0000705332401685,3.338138769537851
0.9999830158424745,0.0,0.00023039209514499087,0.0,0.05217527646216693,0.0,1.576412770011348,3.000070546273325,3.337367520474872
0.9999830471258345,0.0,0.00023004770919730417,0.0,0.05221527646216693,0.0,1.5761895582386012,3.000070559282989,3.336597109532521
0.9999830783387003,0.0,0.00022970409236305455,0.0,0.052255276462166926,0.0,1.5759668278478067,3.0000705722692147,3.3358275374978508
0.9999831094812299,0.0,0.0002293612423550508,0.0,0.052295276462166924,0.0,1.5757445774299657,3.0000705852320566,3.3350588061074973
0.9999831405535867,0.0,0.0002290191568946799,0.0,0.05233527646216692,0.0,1.5755228055818282,3.0000705981715705,3.334290915512251
0.9999831715559298,0.0,0.00022867783371182532,0.0,0.05237527646216692,0.0,1.5753015109033959,3.000070611087809,3.333523865465691
0.999983202488417,0.0,0.00022833727054464474,0.0,0.05241527646216692,0.0,1.5750806920011289,3.0000706239808266,3.3327576576795033
0.9999832333512106,0.0,0.00022799746513988927,0.0,0.05245527646216692,0.0,1.5748603474880425,3.000070636850677,3.3319922925453467
0.99998326414447,0.0,0.00022765841525255085,0.0,0.052495276462166916,0.0,1.5746404759790646,3.0000706496974168,3.3312277700651
0.9999832948683534,0.0,0.00022732011864597866,0.0,0.052535276462166915,0.0,1.5744210760952542,3.0000706625210953,3.330464090942023
0.9999833255230204,0.0,0.00022698257309178594,0.0,0.05257527646216691,0.0,1.5742021464641065,3.000070675321771,3.3297012553151273
0.99998335610863,0.0,0.00022664577636987744,0.0,0.05261527646216691,0.0,1.573983685715866,3.0000706880994943,3.3289392647203173
0.99998338662534,0.0,0.00022630972626827109,0.0,0.05265527646216691,0.0,1.5737656924880867,3.0000707008543177,3.328178119739837
0.9999834170733086,0.0,0.00022597442058325446,0.0,0.05269527646216691,0.0,1.5735481654203154,3.000070713586296,3.3274178186599417
0.999983447452697,0.0,0.00022563985711926014,0.0,0.052735276462166907,0.0,1.5733311031602475,3.0000707262954838,3.3266583645572574
0.99998347776366,0.0,0.00022530603368873723,0.0,0.052775276462166905,0.0,1.5731145043591857,3.0000707389819303,3.3258997561165917
0.9999835080063566,0.0,0.00022497294811224614,0.0,0.0528152764621669,0.0,1.5728983676727448,3.000070751645691,3.3251419947209504
0.9999835381809451,0.0,0.0002246405982184414,0.0,0.0528552764621669,0.0,1.5726826917599763,3.000070764286818,3.3243850805387813
0.999983568287583,0.0,0.0002243089818438602,0.0,0.0528952764621669,0.0,1.5724674752880368,3.0000707769053636,3.323629013152576
0.9999835983264265,0.0,0.0002239780968330324,0.0,0.0529352764621669,0.0,1.5722527169284253,3.0000707895013803,3.3228737944642415
0.9999836282976334,0.0,0.00022364794103846804,0.0,0.0529752764621669,0.0,1.5720384153549376,3.0000708020749203,3.3221194229359
0.9999836582013599,0.0,0.00022331851232050163,0.0,0.053015276462166895,0.0,1.5718245692469486,3.000070814626035,3.3213659000269176
0.9999836880377632,0.0,0.00022298980854730673,0.0,0.053055276462166893,0.0,1.5716111772917867,3.000070827154778,3.3206132266448036
0.999983717806999,0.0,0.00022266182759498522,0.0,0.05309527646216689,0.0,1.5713982381762506,3.000070839661199,3.31986140138853
0.9999837475092231,0.0,0.0002223345673472752,0.0,0.05313527646216689,0.0,1.5711857505959994,3.000070852145352,3.3191104260475472
0.9999837771445927,0.0,0.00022200802569580716,0.0,0.05317527646216689,0.0,1.5709737132490273,3.0000708646072862,3.3183603004371354
0.9999838067132628,0.0,0.00022168220053983364,0.0,0.05321527646216689,0.0,1.5707621248400607,3.000070877047055,3.317611025375149
0.9999838362153882,0.0,0.0002213570897862757,0.0,0.053255276462166885,0.0,1.5705509840766332,3.0000708894647095,3.3168625996749475
0.9999838656511256,0.0,0.0002210326913498212,0.0,0.053295276462166884,0.0,1.570340289670996,3.0000709018603,3.3161150241402506
0.9999838950206289,0.0,0.000220709003152649,0.0,0.05333527646216688,0.0,1.5701300403417329,3.0000709142338775,3.3153682999472025
0.9999839243240535,0.0,0.00022038602312458313,0.0,0.05337527646216688,0.0,1.5699202348110124,3.0000709265854937,3.314622426471038
0.9999839535615527,0.0,0.00022006374920293867,0.0,0.05341527646216688,0.0,1.5697108718041126,3.000070938915199,3.3138774034262783
0.9999839827332818,0.0,0.00021974217933263296,0.0,0.05345527646216688,0.0,1.5695019500531016,3.000070951223043,3.3131332320208093
0.9999840118393954,0.0,0.00021942131146603238,0.0,0.053495276462166876,0.0,1.56929346829142,3.0000709635090783,3.31238991207408
0.9999840408800454,0.0,0.00021910114356283258,0.0,0.053535276462166874,0.0,1.5690854252629165,3.000070975773354,3.311647443694958
0.9999840698553877,0.0,0.00021878167359035667,0.0,0.05357527646216687,0.0,1.5688778197102602,3.0000709880159215,3.3109058270154335
0.9999840987655734,0.0,0.0002184628995231698,0.0,0.05361527646216687,0.0,1.5686706503825063,3.0000710002368294,3.3101650615023104
0.9999841276107578,0.0,0.000218144819343234,0.0,0.05365527646216687,0.0,1.5684639160336569,3.000071012436128,3.309425148307648
0.9999841563910907,0.0,0.00021782743103977657,0.0,0.05369527646216687,0.0,1.5682576154224381,3.000071024613867,3.308686087300065
0.9999841851067289,0.0,0.0002175107326094438,0.0,0.053735276462166866,0.0,1.5680517473090774,3.000071036770098,3.3079478776087745
0.9999842137578204,0.0,0.0002171947220559449,0.0,0.053775276462166864,0.0,1.5678463104634353,3.0000710489048674,3.307210520983631
0.9999842423445202,0.0,0.00021687939739041849,0.0,0.05381527646216686,0.0,1.5676413036543333,3.000071061018228,3.306474015667954
0.9999842708669794,0.0,0.0002165647566310474,0.0,0.05385527646216686,0.0,1.5674367256574324,3.0000710731102274,3.3057383638995357
0.9999842993253489,0.0,0.00021625079780322572,0.0,0.05389527646216686,0.0,1.5672325752549618,3.000071085180915,3.3050035633456685
0.9999843277197817,0.0,0.0002159375189395201,0.0,0.05393527646216686,0.0,1.567028851228622,3.00007109723034,3.304269615140469
0.9999843560504273,0.0,0.00021562491807952035,0.0,0.053975276462166856,0.0,1.5668255523683976,3.000071109258551,3.303536520042928
0.9999843843174364,0.0,0.00021531299326988775,0.0,0.054015276462166854,0.0,1.5666226774664211,3.0000711212655973,3.302804276543393
0.9999844125209616,0.0,0.0002150017425644665,0.0,0.05405527646216685,0.0,1.5664202253195134,3.000071133251528,3.3020728857816
0.9999844406611504,0.0,0.00021469116402387479,0.0,0.05409527646216685,0.0,1.566218194731264,3.00007114521639,3.3013423467737146
0.9999844687381562,0.0,0.00021438125571592888,0.0,0.05413527646216685,0.0,1.5660165845033387,3.0000711571602348,3.3006126600201893
0.9999844967521265,0.0,0.00021407201571527025,0.0,0.05417527646216685,0.0,1.5658153934486176,3.0000711690831077,3.299883826163539
0.9999845247032108,0.0,0.00021376344210340324,0.0,0.054215276462166846,0.0,1.5656146203801153,3.000071180985058,3.2991558437585224
0.9999845525915597,0.0,0.00021345553296890315,0.0,0.054255276462166845,0.0,1.5654142641158473,3.0000711928661343,3.2984287134693346
0.9999845804173209,0.0,0.00021314828640705337,0.0,0.05429527646216684,0.0,1.5652143234789324,3.0000712047263836,3.2977024355016678
0.9999846081806449,0.0,0.0002128417005199943,0.0,0.05433527646216684,0.0,1.565014797295296,3.0000712165658556,3.296977009804964
0.9999846358816786,0.0,0.0002125357734167082,0.0,0.05437527646216684,0.0,1.5648156843947287,3.000071228384595,3.2962524348805022
0.9999846635205699,0.0,0.0002122305032128934,0.0,0.05441527646216684,0.0,1.5646169836126829,3.000071240182651,3.2955287131285327
0.9999846910974697,0.0,0.0002119258880310507,0.0,0.054455276462166836,0.0,1.5644186937883526,3.0000712519600725,3.2948058421310358
0.9999847186125232,0.0,0.00021162192600030053,0.0,0.054495276462166835,0.0,1.564220813764474,3.000071263716906,3.294083823115918
0.9999847460658798,0.0,0.00021131861525660757,0.0,0.05453527646216683,0.0,1.5640233423870533,3.0000712754531977,3.293362654290366
0.9999847734576831,0.0,0.00021101595394233398,0.0,0.05457527646216683,0.0,1.5638262785079404,3.0000712871689936,3.2926423373975164
0.9999848007880844,0.0,0.00021071394020672293,0.0,0.05461527646216683,0.0,1.5636296209815226,3.000071298864344,3.291922871095215
0.9999848280572277,0.0,0.00021041257220545223,0.0,0.05465527646216683,0.0,1.5634333686678934,3.000071310539294,3.291204255871832
0.99998485526526,0.0,0.00021011184810086302,0.0,0.05469527646216683,0.0,1.5632375204286069,3.0000713221938895,3.2904864904788718
0.999984882412328,0.0,0.0002098117660617744,0.0,0.054735276462166825,0.0,1.563042075132143,3.000071333828179,3.2897695769560658
0.9999849094985783,0.0,0.00020951232426358421,0.0,0.05477527646216682,0.0,1.562847031648265,3.0000713454422083,3.2890535130442835
0.9999849365241534,0.0,0.0002092135208879975,0.0,0.05481527646216682,0.0,1.5626523888525163,3.0000713570360227,3.2883382994243004
0.9999849634892023,0.0,0.0002089153541234857,0.0,0.05485527646216682,0.0,1.56245814562229,3.000071368609669,3.287623935239676
0.9999849903938678,0.0,0.00020861782216465602,0.0,0.05489527646216682,0.0,1.5622643008409614,3.000071380163194,3.2869104199051056
0.9999850172382955,0.0,0.0002083209232126801,0.0,0.05493527646216682,0.0,1.5620708533964633,3.000071391696643,3.2861977552115325
0.9999850440226299,0.0,0.00020802465547503947,0.0,0.054975276462166815,0.0,1.5618778021772401,3.000071403210063,3.2854859392670597
0.9999850707470144,0.0,0.00020772901716552538,0.0,0.055015276462166814,0.0,1.5616851460795103,3.000071414703498,3.2847749717480066
0.9999850974115945,0.0,0.000207434006504431,0.0,0.05505527646216681,0.0,1.5614928840006863,3.0000714261769947,3.2840648540678
0.9999851240165128,0.0,0.0002071396217181388,0.0,0.05509527646216681,0.0,1.56130101484087,3.000071437630598,3.283355582774524
0.9999851505619138,0.0,0.00020684586103938244,0.0,0.05513527646216681,0.0,1.561109537508409,3.0000714490643556,3.2826471603181324
0.9999851770479395,0.0,0.00020655272270712349,0.0,0.05517527646216681,0.0,1.5609184509116085,3.0000714604783103,3.281939585469566
0.9999852034747341,0.0,0.00020626020496658032,0.0,0.055215276462166805,0.0,1.5607277539651416,3.0000714718725083,3.2812328578550236
0.9999852298424372,0.0,0.00020596830606905801,0.0,0.055255276462166804,0.0,1.5605374455842915,3.000071483246993,3.280526977201805
0.9999852561511954,0.0,0.0002056770242721217,0.0,0.0552952764621668,0.0,1.560347524691331,3.0000714946018125,3.2798219438806906
0.9999852824011479,0.0,0.00020538635783945422,0.0,0.0553352764621668,0.0,1.5601579902092453,3.000071505937009,3.2791177574652295
0.9999853085924374,0.0,0.00020509630504080052,0.0,0.0553752764621668,0.0,1.5599688410682875,3.0000715172526276,3.2784144163983844
0.9999853347252053,0.0,0.00020480686415199874,0.0,0.0554152764621668,0.0,1.5597800761990517,3.000071528548715,3.277711921370866
0.9999853607995925,0.0,0.00020451803345499292,0.0,0.055455276462166796,0.0,1.5595916945371124,3.000071539825313,3.277010271412684
0.9999853868157409,0.0,0.00020422981123772934,0.0,0.055495276462166794,0.0,1.559403695023523,3.0000715510824674,3.276309465706647
0.9999854127737896,0.0,0.00020394219579410124,0.0,0.05553527646216679,0.0,1.5592160766001062,3.0000715623202225,3.2756095060947183
0.999985438673881,0.0,0.00020365518542415738,0.0,0.05557527646216679,0.0,1.5590288382125286,3.0000715735386208,3.2749103905890986
0.9999854645161531,0.0,0.0002033687784336189,0.0,0.05561527646216679,0.0,1.5588419788141434,3.000071584737709,3.2742121189075712
0.9999854903007477,0.0,0.00020308297313446593,0.0,0.05565527646216679,0.0,1.5586554973554814,3.0000715959175293,3.2735146905405124
0.9999855160278022,0.0,0.00020279776784430114,0.0,0.055695276462166786,0.0,1.5584693927963542,3.000071607078125,3.2728181044905496
0.9999855416974585,0.0,0.0002025131608868093,0.0,0.055735276462166784,0.0,1.5582836640955506,3.000071618219541,3.272122361825633
0.9999855673098534,0.0,0.00020222915059139564,0.0,0.05577527646216678,0.0,1.5580983102210502,3.000071629341821,3.2714274618431314
0.9999855928651271,0.0,0.0002019457352934035,0.0,0.05581527646216678,0.0,1.5579133301368437,3.0000716404450074,3.2707334031467554
0.9999856183634162,0.0,0.00020166291333385228,0.0,0.05585527646216678,0.0,1.55772872281864,3.000071651529144,3.2700401864364714
0.9999856438048607,0.0,0.00020138068305969745,0.0,0.05589527646216678,0.0,1.5575444872398905,3.0000716625942743,3.26934781018402
0.999985669189597,0.0,0.00020109904282350653,0.0,0.055935276462166776,0.0,1.5573606223794283,3.000071673640441,3.2686562746082624
0.9999856945177643,0.0,0.00020081799098373452,0.0,0.055975276462166774,0.0,1.5571771272194388,3.000071684667688,3.2679655790393216
0.9999857197894978,0.0,0.00020053752590441472,0.0,0.05601527646216677,0.0,1.556994000744512,3.0000716956760556,3.26727572312223
0.9999857450049365,0.0,0.00020025764595534015,0.0,0.05605527646216677,0.0,1.556811241945494,3.00007170666559,3.2665867066290204
0.9999857701642171,0.0,0.0001999783495119097,0.0,0.05609527646216677,0.0,1.5566288498160943,3.000071717636333,3.2658985287830213
0.9999857952674742,0.0,0.00019969963495521743,0.0,0.05613527646216677,0.0,1.5564468233503186,3.000071728588326,3.265211189595099
0.9999858203148454,0.0,0.00019942150067194935,0.0,0.056175276462166766,0.0,1.5562651615481047,3.0000717395216117,3.2645246870774502
0.9999858453064663,0.0,0.00019914394505442622,0.0,0.056215276462166765,0.0,1.5560838634120875,3.000071750436233,3.263839021758504
0.9999858702424723,0.0,0.0001988669665004169,0.0,0.05625527646216676,0.0,1.5559029279497005,3.000071761332232,3.263154194154082
0.9999858951229986,0.0,0.0001985905634133655,0.0,0.05629527646216676,0.0,1.555722354169707,3.00007177220965,3.26247020285682
0.9999859199481804,0.0,0.0001983147342021472,0.0,0.05633527646216676,0.0,1.5555421410861137,3.00007178306853,3.26178704648132
0.9999859447181534,0.0,0.00019803947728124556,0.0,0.05637527646216676,0.0,1.5553622877136508,3.0000717939089143,3.261104725540585
0.9999859694330503,0.0,0.00019776479107048176,0.0,0.05641527646216676,0.0,1.55518279307406,3.0000718047308434,3.2604232384537637
0.9999859940930065,0.0,0.00019749067399524366,0.0,0.056455276462166755,0.0,1.5550036561893585,3.0000718155343598,3.259742587383501
0.9999860186981556,0.0,0.0001972171244863235,0.0,0.05649527646216675,0.0,1.5548248760846215,3.0000718263195045,3.259062767966287
0.9999860432486312,0.0,0.0001969441409798391,0.0,0.05653527646216675,0.0,1.5546464517923728,3.0000718370863204,3.258383783383145
0.9999860677445672,0.0,0.00019667172191746893,0.0,0.05657527646216675,0.0,1.55446838234371,3.000071847834848,3.2577056297367806
0.9999860921860947,0.0,0.0001963998657460456,0.0,0.05661527646216675,0.0,1.554290666775572,3.000071858565127,3.2570283091110483
0.9999861165733477,0.0,0.0001961285709178707,0.0,0.05665527646216675,0.0,1.554113304127484,3.0000718692771997,3.2563518191167997
0.9999861409064597,0.0,0.00019585783589059306,0.0,0.056695276462166745,0.0,1.5539362934412961,3.000071879971109,3.2556761600248687
0.9999861651855607,0.0,0.0001955876591270817,0.0,0.056735276462166744,0.0,1.5537596337641175,3.000071890646893,3.2550013316359934
0.999986189410785,0.0,0.00019531803909548267,0.0,0.05677527646216674,0.0,1.5535833241456185,3.000071901304595,3.254327333364898
0.9999862135822626,0.0,0.00019504897426929728,0.0,0.05681527646216674,0.0,1.5534073636362706,3.000071911944253,3.2536541635243603
0.9999862377001255,0.0,0.00019478046312711693,0.0,0.05685527646216674,0.0,1.5532317512922083,3.000071922565911,3.2529818216581754
0.9999862617645037,0.0,0.00019451250415280342,0.0,0.05689527646216674,0.0,1.5530564861728426,3.0000719331696057,3.252310308599989
0.9999862857755281,0.0,0.00019424509583544657,0.0,0.056935276462166735,0.0,1.5528815673410001,3.0000719437553793,3.251639622493094
0.999986309733332,0.0,0.0001939782366693033,0.0,0.056975276462166734,0.0,1.5527069938608853,3.000071954323275,3.250969762962044
0.9999863336380416,0.0,0.00019371192515368066,0.0,0.05701527646216673,0.0,1.5525327648007157,3.0000719648733276,3.25030072869183
0.9999863574897894,0.0,0.0001934461597931305,0.0,0.05705527646216673,0.0,1.5523588792319867,3.0000719754055813,3.2496325206870345
0.999986381288704,0.0,0.0001931809390972456,0.0,0.05709527646216673,0.0,1.55218533622841,3.000071985920075,3.2489651374951833
0.9999864050349144,0.0,0.0001929162615807107,0.0,0.05713527646216673,0.0,1.5520121348694749,3.0000719964168465,3.2482985786155263
0.9999864287285504,0.0,0.0001926521257632732,0.0,0.057175276462166726,0.0,1.5518392742345468,3.000072006895939,3.2476328437942468
0.9999864523697399,0.0,0.00019238853016972007,0.0,0.057215276462166724,0.0,1.551666753407107,3.0000720173573896,3.246967931131189
0.9999864759586125,0.0,0.00019212547332993375,0.0,0.05725527646216672,0.0,1.551494571474395,3.000072027801239,3.246303841008593
0.9999864994952946,0.0,0.00019186295377860801,0.0,0.05729527646216672,0.0,1.5513227275263517,3.0000720382275254,3.2456405728076243
0.9999865229799173,0.0,0.00019160097005565532,0.0,0.05733527646216672,0.0,1.5511512206573108,3.0000720486362917,3.2449781249907192
0.9999865464126053,0.0,0.00019133952070579226,0.0,0.05737527646216672,0.0,1.5509800499616029,3.000072059027574,3.244316497307019
0.9999865697934855,0.0,0.0001910786042786728,0.0,0.057415276462166716,0.0,1.5508092145378318,3.00007206940141,3.243655689789102
0.9999865931226881,0.0,0.00019081821932899213,0.0,0.057455276462166714,0.0,1.5506387134895094,3.0000720797578433,3.242995700744319
0.9999866164003363,0.0,0.00019055836441619518,0.0,0.05749527646216671,0.0,1.5504685459214982,3.0000720900969093,3.242336531146406
0.9999866396265611,0.0,0.00019029903810481702,0.0,0.05753527646216671,0.0,1.550298710940379,3.0000721004186497,3.2416781782721515
0.9999866628014826,0.0,0.00019004023896387897,0.0,0.05757527646216671,0.0,1.5501292076578383,3.0000721107231003,3.2410206432833117
0.9999866859252318,0.0,0.00018978196556770536,0.0,0.05761527646216671,0.0,1.5499600351872131,3.0000721210103016,3.240363923761488
0.9999867089979324,0.0,0.00018952421649509886,0.0,0.057655276462166706,0.0,1.549791192649062,3.0000721312802923,3.2397080197583716
0.9999867320197092,0.0,0.00018926699032978622,0.0,0.057695276462166704,0.0,1.5496226791577643,3.0000721415331095,3.2390529312087994
0.9999867549906878,0.0,0.00018901028566027024,0.0,0.0577352764621667,0.0,1.5494544938399823,3.000072151768793,3.2383986562473766
0.9999867779109949,0.0,0.00018875410107987395,0.0,0.0577752764621667,0.0,1.5492866358196824,3.000072161987381,3.23774519508906
0.9999868007807499,0.0,0.00018849843518650445,0.0,0.0578152764621667,0.0,1.5491191042245154,3.000072172188909,3.23709254640347
0.999986823600082,0.0,0.00018824328658292443,0.0,0.0578552764621667,0.0,1.5489518981888357,3.0000721823734198,3.2364407107767805
0.9999868463691132,0.0,0.00018798865387663672,0.0,0.057895276462166696,0.0,1.5487850168436905,3.000072192540947,3.2357896860421778
0.9999868690879674,0.0,0.00018773453567966998,0.0,0.057935276462166695,0.0,1.5486184593287682,3.0000722026915323,3.2351394719851694
0.9999868917567664,0.0,0.0001874809306088448,0.0,0.05797527646216669,0.0,1.5484522247825738,3.000072212825209,3.234490066844985
0.9999869143756364,0.0,0.00018722783728560076,0.0,0.05801527646216669,0.0,1.5482863123495105,3.0000722229420194,3.2338414723469895
0.9999869369446969,0.0,0.00018697525433595958,0.0,0.05805527646216669,0.0,1.548120721174091,3.000072233041997,3.233193686359043
0.9999869594640732,0.0,0.00018672318039066735,0.0,0.05809527646216669,0.0,1.5479554504044732,3.0000722431251834,3.23254670700454
0.9999869819338856,0.0,0.00018647161408490972,0.0,0.058135276462166686,0.0,1.5477904991932738,3.0000722531916124,3.2319005355187738
0.9999870043542566,0.0,0.00018622055405856377,0.0,0.058175276462166685,0.0,1.547625866694233,3.0000722632413233,3.231255169292109
0.9999870267253066,0.0,0.00018596999895598794,0.0,0.05821527646216668,0.0,1.547461552063403,3.000072273274351,3.230610610013921
0.9999870490471603,0.0,0.00018571994742615285,0.0,0.05825527646216668,0.0,1.5472975544614453,3.000072283290737,3.229966853391928
0.9999870713199351,0.0,0.00018547039812245335,0.0,0.05829527646216668,0.0,1.5471338730507713,3.000072293290514,3.22932390256743
0.999987093543754,0.0,0.0001852213497028805,0.0,0.05833527646216668,0.0,1.5469705069952318,3.0000723032737207,3.2286817555931693
0.9999871157187371,0.0,0.00018497280082980765,0.0,0.05837527646216668,0.0,1.5468074554660272,3.0000723132403944,3.228040409040868
0.9999871378450045,0.0,0.0001847247501701683,0.0,0.058415276462166675,0.0,1.5466447176312668,3.0000723231905715,3.227399865501781
0.9999871599226744,0.0,0.00018447719639526808,0.0,0.05845527646216667,0.0,1.5464822926641961,3.0000723331242862,3.226760122018993
0.9999871819518712,0.0,0.00018423013818093617,0.0,0.05849527646216667,0.0,1.5463201797423651,3.00007234304158,3.22612117903767
0.9999872039327107,0.0,0.0001839835742073189,0.0,0.05853527646216667,0.0,1.5461583780435315,3.0000723529424853,3.2254830356012767
0.9999872258653104,0.0,0.0001837375031588905,0.0,0.05857527646216667,0.0,1.5459968867493747,3.000072362827038,3.2248456907211107
0.9999872477497921,0.0,0.0001834919237246445,0.0,0.05861527646216667,0.0,1.5458357050460818,3.0000723726952785,3.224209144036409
0.9999872695862744,0.0,0.0001832468345979618,0.0,0.058655276462166665,0.0,1.5456748321179403,3.000072382547239,3.2235733942227034
0.9999872913748745,0.0,0.00018300223447639518,0.0,0.058695276462166664,0.0,1.5455142671555415,3.000072392382958,3.2229384408950463
0.9999873131157093,0.0,0.00018275812206188552,0.0,0.05873527646216666,0.0,1.5453540093507605,3.0000724022024694,3.222304282152296
0.9999873348088999,0.0,0.00018251449606082468,0.0,0.05877527646216666,0.0,1.545194057899431,3.0000724120058115,3.2216709194414666
0.9999873564545605,0.0,0.00018227135518365627,0.0,0.05881527646216666,0.0,1.5450344119985553,3.0000724217930177,3.2210383495050063
0.9999873780528101,0.0,0.00018202869814527953,0.0,0.05885527646216666,0.0,1.5448750708469026,3.000072431564125,3.2204065735188645
0.9999873996037643,0.0,0.00018178652366467938,0.0,0.058895276462166656,0.0,1.544716033649575,3.000072441319169,3.219775589910107
0.9999874211075406,0.0,0.00018154483046528287,0.0,0.058935276462166654,0.0,1.5445572996092776,3.000072451058185,3.219145396589417
0.999987442564256,0.0,0.00018130361727461004,0.0,0.05897527646216665,0.0,1.5443988679360385,3.0000724607812086,3.2185159946711566
0.9999874639740247,0.0,0.00018106288282432225,0.0,0.05901527646216665,0.0,1.5442407378393606,3.0000724704882757,3.2178873833069987
0.9999874853369631,0.0,0.0001808226258504608,0.0,0.05905527646216665,0.0,1.5440829085317611,3.0000724801794183,3.2172595612178956
0.999987506653187,0.0,0.00018058284509303026,0.0,0.05909527646216665,0.0,1.5439253792310077,3.0000724898546762,3.2166325247892553
0.9999875279228116,0.0,0.00018034353929637589,0.0,0.059135276462166646,0.0,1.5437681491512878,3.0000724995140806,3.216006278329934
0.9999875491459529,0.0,0.00018010470720886623,0.0,0.059175276462166644,0.0,1.543611217517561,3.00007250915767,3.215380817837901
0.9999875703227229,0.0,0.0001798663475829412,0.0,0.05921527646216664,0.0,1.5434545835512783,3.0000725187854758,3.2147561431825595
0.9999875914532391,0.0,0.0001796284591753451,0.0,0.05925527646216664,0.0,1.543298246478248,3.0000725283975354,3.2141322531765577
0.9999876125376128,0.0,0.0001793910407466619,0.0,0.05929527646216664,0.0,1.5431422055253596,3.000072537993882,3.2135091475360795
0.9999876335759597,0.0,0.00017915409106175463,0.0,0.05933527646216664,0.0,1.5429864599258252,3.0000725475745513,3.2128868245886397
0.999987654568393,0.0,0.00017891760888949656,0.0,0.059375276462166636,0.0,1.5428310089104145,3.0000725571395765,3.212265285402659
0.9999876755150254,0.0,0.00017868159300266982,0.0,0.059415276462166634,0.0,1.5426758517165242,3.0000725666889934,3.2116445270867664
0.9999876964159711,0.0,0.00017844604217823805,0.0,0.05945527646216663,0.0,1.5425209875806334,3.0000725762228355,3.211024548521697
0.9999877172713413,0.0,0.00017821095519706783,0.0,0.05949527646216663,0.0,1.5423664157453676,3.000072585741137,3.2104053519983378
0.9999877380812505,0.0,0.0001779763308441634,0.0,0.05953527646216663,0.0,1.5422121354529021,3.000072595243933,3.2097869329099
0.9999877588458082,0.0,0.00017774216790825584,0.0,0.05957527646216663,0.0,1.542058145949345,3.000072604731257,3.209169292304513
0.9999877795651294,0.0,0.00017750846518235284,0.0,0.059615276462166626,0.0,1.5419044464800669,3.0000726142031424,3.208552430144524
0.9999878002393234,0.0,0.00017727522146310899,0.0,0.059655276462166625,0.0,1.5417510363000717,3.0000726236596247,3.207936343811123
0.9999878208685019,0.0,0.00017704243555129507,0.0,0.05969527646216662,0.0,1.5415979146574836,3.0000726331007352,3.207321032565485
0.9999878414527763,0.0,0.00017681010625153056,0.0,0.05973527646216662,0.0,1.5414450808103157,3.000072642526509,3.2067064966780094
0.9999878619922585,0.0,0.00017657823237240646,0.0,0.05977527646216662,0.0,1.5412925340170018,3.0000726519369816,3.2060927347812385
0.9999878824870582,0.0,0.00017634681272627503,0.0,0.05981527646216662,0.0,1.5411402735344053,3.000072661332184,3.205479745987079
0.9999879029372856,0.0,0.0001761158461294734,0.0,0.059855276462166616,0.0,1.540988298626897,3.0000726707121506,3.2048675301671454
0.9999879233430503,0.0,0.00017588533140210693,0.0,0.059895276462166615,0.0,1.5408366085577734,3.0000726800769137,3.204256085023493
0.9999879437044633,0.0,0.00017565526736818462,0.0,0.05993527646216661,0.0,1.5406852025956346,3.0000726894265086,3.2036454098820886
0.9999879640216325,0.0,0.00017542565285546223,0.0,0.05997527646216661,0.0,1.5405340800087013,3.000072698760967,3.2030355048041015
0.9999879842946687,0.0,0.0001751964866956524,0.0,0.06001527646216661,0.0,1.540383240070369,3.0000727080803222,3.2024263697777537
0.9999880045236795,0.0,0.00017496776772406858,0.0,0.06005527646216661,0.0,1.5402326820531447,3.000072717384607,3.2018180009077497
0.9999880247087755,0.0,0.00017473949477995085,0.0,0.06009527646216661,0.0,1.5400824052338964,3.000072726673857,3.201210399583627
0.9999880448500631,0.0,0.00017451166670622468,0.0,0.060135276462166605,0.0,1.5399324088914406,3.0000727359481014,3.200603565184335
0.9999880649476516,0.0,0.00017428428234957905,0.0,0.0601752764621666,0.0,1.5397826923065914,3.0000727452073757,3.199997496137571
0.9999880850016483,0.0,0.00017405734056051146,0.0,0.0602152764621666,0.0,1.5396332547628244,3.0000727544517103,3.199392190520125
0.9999881050121623,0.0,0.0001738308401931581,0.0,0.0602552764621666,0.0,1.5394840955476412,3.0000727636811404,3.1987876485329334
0.9999881249792989,0.0,0.00017360478010535293,0.0,0.0602952764621666,0.0,1.539335213945355,3.000072772895696,3.198183868867349
0.9999881449031663,0.0,0.00017337915915867225,0.0,0.0603352764621666,0.0,1.539186609248325,3.000072782095412,3.1975808519845264
0.999988164783871,0.0,0.00017315397621834363,0.0,0.060375276462166595,0.0,1.539038280749316,3.000072791280319,3.1969785964156974
0.9999881846215192,0.0,0.00017292923015327228,0.0,0.060415276462166594,0.0,1.5388902277417695,3.000072800450449,3.196377099166679
0.9999882044162179,0.0,0.00017270491983598638,0.0,0.06045527646216659,0.0,1.5387424495233606,3.000072809605836,3.1957763619017077
0.9999882241680735,0.0,0.00017248104414274102,0.0,0.06049527646216659,0.0,1.5385949453915473,3.00007281874651,3.195176382907675
0.9999882438771911,0.0,0.00017225760195325015,0.0,0.06053527646216659,0.0,1.5384477146508688,3.0000728278725055,3.1945771616427345
0.9999882635436763,0.0,0.0001720345921509579,0.0,0.06057527646216659,0.0,1.5383007566028897,3.0000728369838536,3.1939786961445096
0.9999882831676337,0.0,0.00017181201362287884,0.0,0.060615276462166585,0.0,1.538154070554072,3.0000728460805832,3.193380985582385
0.9999883027491698,0.0,0.0001715898652596092,0.0,0.060655276462166584,0.0,1.5380076558108877,3.0000728551627303,3.19278403099399
0.9999883222883882,0.0,0.0001713681459552474,0.0,0.06069527646216658,0.0,1.537861511684936,3.000072864230325,3.1921878298838116
0.9999883417853938,0.0,0.00017114685460750285,0.0,0.06073527646216658,0.0,1.5377156374897583,3.000072873283399,3.1915923805945847
0.9999883612402902,0.0,0.00017092599011763173,0.0,0.06077527646216658,0.0,1.5375700325377697,3.0000728823219833,3.190997683759301
0.9999883806531824,0.0,0.00017070555139042437,0.0,0.06081527646216658,0.0,1.5374246961460751,3.00007289134611,3.190403738070983
0.9999884000241731,0.0,0.00017048553733408682,0.0,0.060855276462166576,0.0,1.537279627634889,3.0000729003558098,3.1898105421945306
0.9999884193533666,0.0,0.000170265946860428,0.0,0.060895276462166574,0.0,1.5371348263237123,3.000072909351116,3.189218097227295
0.999988438640866,0.0,0.0001700467788847108,0.0,0.06093527646216657,0.0,1.5369902915377582,3.0000729183320582,3.1886263975657054
0.9999884578867733,0.0,0.00016982803232563364,0.0,0.06097527646216657,0.0,1.5368460225989302,3.000072927298666,3.1880354473659147
0.9999884770911927,0.0,0.00016960970610540365,0.0,0.06101527646216657,0.0,1.536702018838078,3.0000729362509744,3.187445242240391
0.9999884962542248,0.0,0.00016939179914958485,0.0,0.06105527646216657,0.0,1.5365582795843644,3.000072945189012,3.1868557846297483
0.9999885153759728,0.0,0.00016917431038728303,0.0,0.061095276462166566,0.0,1.5364148041660903,3.000072954112809,3.186267070771006
0.999988534456538,0.0,0.00016895723875093348,0.0,0.061135276462166564,0.0,1.5362715919219316,3.000072963022398,3.1856791004358342
0.9999885534960222,0.0,0.00016874058317644416,0.0,0.06117527646216656,0.0,1.536128642184379,3.000072971917808,3.185091873893373
0.9999885724945287,0.0,0.00016852434260309235,0.0,0.06121527646216656,0.0,1.5359859542927938,3.0000729807990725,3.1845053892015023
0.9999885914521551,0.0,0.000168308515973472,0.0,0.06125527646216656,0.0,1.5358435275855615,3.0000729896662186,3.18391964367097
0.9999886103690043,0.0,0.000168093102233598,0.0,0.06129527646216656,0.0,1.5357013614080106,3.000072998519279,3.1833346387651145
0.9999886292451776,0.0,0.00016787810033288438,0.0,0.061335276462166556,0.0,1.535559455101977,3.000073007358284,3.182750374557003
0.9999886480807738,0.0,0.00016766350922399522,0.0,0.061375276462166554,0.0,1.535417808012982,3.000073016183263,3.1821668467461146
0.9999886668758936,0.0,0.00016744932786295352,0.0,0.06141527646216655,0.0,1.5352764194915616,3.000073024994248,3.1815840577666212
0.9999886856306376,0.0,0.00016723555520911887,0.0,0.06145527646216655,0.0,1.535135288886504,3.000073033791268,3.1810020055009836
0.9999887043451036,0.0,0.00016702219022508104,0.0,0.06149527646216655,0.0,1.5349944155513098,3.000073042574353,3.1804206869925284
0.9999887230193928,0.0,0.0001668092318768784,0.0,0.06153527646216655,0.0,1.5348537988380686,3.0000730513435325,3.1798401037896764
0.999988741653603,0.0,0.00016659667913361848,0.0,0.061575276462166546,0.0,1.5347134381060479,3.000073060098838,3.179260254713966
0.9999887602478341,0.0,0.000166384530967855,0.0,0.061615276462166545,0.0,1.5345733327129703,3.000073068840299,3.1786811381550253
0.9999887788021842,0.0,0.00016617278635522786,0.0,0.06165527646216654,0.0,1.5344334820174117,3.000073077567946,3.178102752565541
0.9999887973167522,0.0,0.00016596144427479168,0.0,0.06169527646216654,0.0,1.53429388538437,3.0000730862818066,3.17752509887915
0.9999888157916347,0.0,0.00016575050370864277,0.0,0.06173527646216654,0.0,1.5341545421761436,3.0000730949819117,3.1769481740790453
0.9999888342269309,0.0,0.00016553996364224074,0.0,0.06177527646216654,0.0,1.5340154517601565,3.0000731036682917,3.1763719787145486
0.9999888526227382,0.0,0.00016532982306419205,0.0,0.06181527646216654,0.0,1.533876613505303,3.000073112340976,3.1757965119894855
0.9999888709791538,0.0,0.0001651200809662786,0.0,0.061855276462166535,0.0,1.5337380267805643,3.000073120999993,3.1752217715213615
0.9999888892962743,0.0,0.00016491073634349265,0.0,0.06189527646216653,0.0,1.5335996909582308,3.0000731296453718,3.1746477578662153
0.9999889075741971,0.0,0.00016470178819394813,0.0,0.06193527646216653,0.0,1.5334616054146744,3.0000731382771435,3.174074470155715
0.9999889258130185,0.0,0.00016449323551896507,0.0,0.06197527646216653,0.0,1.533323769523468,3.0000731468953354,3.1735019054147737
0.9999889440128357,0.0,0.00016428507732295508,0.0,0.06201527646216653,0.0,1.533186182664032,3.0000731554999787,3.172930065189593
0.9999889621737446,0.0,0.00016407731261354515,0.0,0.06205527646216653,0.0,1.5330488442161847,3.0000731640911007,3.172358947247953
0.9999889802958393,0.0,0.0001638699404013408,0.0,0.062095276462166525,0.0,1.5329117535625385,3.0000731726687313,3.1717885507295653
0.9999889983792177,0.0,0.00016366295970019387,0.0,0.062135276462166524,0.0,1.5327749100854304,3.0000731812328993,3.171218874520663
0.9999890164239742,0.0,0.00016345636952696982,0.0,0.06217527646216652,0.0,1.5326383131728638,3.000073189783633,3.1706499175015272
0.9999890344302046,0.0,0.00016325016890164867,0.0,0.06221527646216652,0.0,1.532501962211254,3.0000731983209628,3.1700816800248797
0.9999890523980033,0.0,0.00016304435684726774,0.0,0.06225527646216652,0.0,1.5323658565886764,3.0000732068449167,3.16951416007286
0.9999890703274646,0.0,0.00016283893238995222,0.0,0.06229527646216652,0.0,1.5322299957000929,3.000073215355522,3.1689473573597504
0.9999890882186827,0.0,0.000162633894558823,0.0,0.062335276462166515,0.0,1.5320943789356736,3.0000732238528074,3.1683812706364542
0.9999891060717521,0.0,0.0001624292423860423,0.0,0.062375276462166514,0.0,1.5319590056924077,3.000073232336803,3.167815897984463
0.9999891238867685,0.0,0.00016222497490691432,0.0,0.06241527646216651,0.0,1.5318238753669422,3.000073240807538,3.1672512394703096
0.9999891416638232,0.0,0.0001620210911596178,0.0,0.06245527646216651,0.0,1.5316889873585164,3.0000732492650384,3.166687294849721
0.9999891594030109,0.0,0.00016181759018538974,0.0,0.06249527646216651,0.0,1.5315543410663044,3.000073257709334,3.166124061230551
0.9999891771044243,0.0,0.00016161447102844295,0.0,0.06253527646216651,0.0,1.5314199358954517,3.000073266140452,3.1655615403901165
0.9999891947681565,0.0,0.00016141173273599683,0.0,0.06257527646216651,0.0,1.531285771248347,3.000073274558421,3.164999729294748
0.999989212394299,0.0,0.00016120937435820833,0.0,0.06261527646216651,0.0,1.5311518465333136,3.0000732829632675,3.164438627918643
0.9999892299829476,0.0,0.0001610073949482534,0.0,0.06265527646216651,0.0,1.5310181611569889,3.0000732913550237,3.163878232448822
0.9999892475341899,0.0,0.00016080579356215997,0.0,0.06269527646216651,0.0,1.5308847145304043,3.000073299733712,3.163318547921568
0.9999892650481237,0.0,0.00016060456925901594,0.0,0.0627352764621665,0.0,1.5307515060638024,3.000073308099366,3.1627595680743315
0.9999892825248343,0.0,0.0001604037211006417,0.0,0.0627752764621665,0.0,1.5306185351726016,3.000073316452008,3.1622012940945434
0.9999892999644185,0.0,0.00016020324815202105,0.0,0.0628152764621665,0.0,1.530485801271288,3.000073324791671,3.1616437242289765
0.9999893173669655,0.0,0.0001600031494808627,0.0,0.0628552764621665,0.0,1.5303533037775188,3.0000733331183795,3.1610868594642416
0.999989334732567,0.0,0.00015980342415784839,0.0,0.0628952764621665,0.0,1.5302210421084628,3.0000733414321608,3.1605306955081196
0.9999893520613128,0.0,0.0001596040712564702,0.0,0.0629352764621665,0.0,1.5300890156862745,3.000073349733044,3.159975235011928
0.9999893693532942,0.0,0.0001594050898531207,0.0,0.0629752764621665,0.0,1.5299572239352721,3.000073358021056,3.159420474111909
0.9999893866086008,0.0,0.00015920647902713996,0.0,0.0630152764621665,0.0,1.5298256662757816,3.0000733662962227,3.1588664139875253
0.9999894038273239,0.0,0.00015900823786057207,0.0,0.06305527646216649,0.0,1.5296943421368652,3.000073374558573,3.158313051614581
0.9999894210095537,0.0,0.00015881036543843053,0.0,0.06309527646216649,0.0,1.5295632509461705,3.0000733828081354,3.157760389982477
0.9999894381553789,0.0,0.000158612860848471,0.0,0.06313527646216649,0.0,1.5294323921316053,3.000073391044935,3.1572084240996965
0.9999894552648875,0.0,0.0001584157231812706,0.0,0.06317527646216649,0.0,1.5293017651257497,3.0000733992689974,3.156657153002734
0.9999894723381726,0.0,0.0001582189515303184,0.0,0.06321527646216649,0.0,1.5291713693620945,3.000073407480355,3.156106579051986
0.9999894893753204,0.0,0.00015802254499177235,0.0,0.06325527646216648,0.0,1.5290412042734722,3.000073415679029,3.155556698519585
0.9999895063764199,0.0,0.0001578265026646164,0.0,0.06329527646216648,0.0,1.5289112692975815,3.0000734238650497,3.155007509630537
0.9999895233415597,0.0,0.00015763082365059997,0.0,0.06333527646216648,0.0,1.5287815638730762,3.0000734320384437,3.154459015415872
0.999989540270829,0.0,0.00015743550705435243,0.0,0.06337527646216648,0.0,1.5286520874385598,3.0000734401992357,3.153911212089883
0.9999895571643134,0.0,0.00015724055198308644,0.0,0.06341527646216648,0.0,1.5285228394355725,3.000073448347452,3.1533640983661266
0.9999895740221045,0.0,0.0001570459575469039,0.0,0.06345527646216648,0.0,1.5283938193088975,3.0000734564831246,3.1528176758758746
0.9999895908442875,0.0,0.00015685172285852164,0.0,0.06349527646216648,0.0,1.528265026503223,3.0000734646062748,3.152271939811217
0.9999896076309505,0.0,0.0001566578470335132,0.0,0.06353527646216647,0.0,1.5281364604625969,3.0000734727169314,3.1517268915787993
0.9999896243821798,0.0,0.00015646432918998296,0.0,0.06357527646216647,0.0,1.5280081206396736,3.0000734808151197,3.15118253055459
0.9999896410980637,0.0,0.00015627116844901505,0.0,0.06361527646216647,0.0,1.5278800064816633,3.0000734889008664,3.1506388564909433
0.9999896577786866,0.0,0.00015607836393403724,0.0,0.06365527646216647,0.0,1.5277521174423723,3.0000734969741973,3.1500958648865405
0.9999896744241382,0.0,0.00015588591477153622,0.0,0.06369527646216647,0.0,1.5276244529721643,3.0000735050351413,3.149553559377351
0.9999896910345035,0.0,0.0001556938200904463,0.0,0.06373527646216647,0.0,1.527497012525698,3.0000735130837213,3.149011934368112
0.9999897076098673,0.0,0.0001555020790223231,0.0,0.06377527646216646,0.0,1.5273697955639567,3.000073521119965,3.1484709934919417
0.9999897241503157,0.0,0.00015531069070154576,0.0,0.06381527646216646,0.0,1.5272428015424728,3.0000735291438976,3.1479307325155386
0.9999897406559356,0.0,0.00015511965426507184,0.0,0.06385527646216646,0.0,1.5271160299206417,3.0000735371555463,3.1473911521135456
0.9999897571268107,0.0,0.00015492896885243576,0.0,0.06389527646216646,0.0,1.526989480161171,3.000073545154935,3.1468522509486903
0.9999897735630274,0.0,0.0001547386336059031,0.0,0.06393527646216646,0.0,1.526863151726568,3.0000735531420912,3.146314026754754
0.9999897899646711,0.0,0.000154548647670317,0.0,0.06397527646216646,0.0,1.5267370440832513,3.0000735611170417,3.1457764796601113
0.9999898063318243,0.0,0.00015435901019304198,0.0,0.06401527646216645,0.0,1.5266111566946963,3.0000735690798095,3.145239611549933
0.9999898226645738,0.0,0.00015416972032420497,0.0,0.06405527646216645,0.0,1.526485489031076,3.0000735770304217,3.144703417187726
0.9999898389630026,0.0,0.00015398077721639046,0.0,0.06409527646216645,0.0,1.5263600405614848,3.000073584968904,3.1441678964388875
0.9999898552271959,0.0,0.00015379218002481752,0.0,0.06413527646216645,0.0,1.5262348107568313,3.000073592895282,3.143633050700519
0.999989871457235,0.0,0.00015360392790721616,0.0,0.06417527646216645,0.0,1.5261097990904018,3.00007360080958,3.1430988753183904
0.9999898876532054,0.0,0.0001534160200239572,0.0,0.06421527646216645,0.0,1.525985005036438,3.000073608711824,3.142565370790279
0.9999899038151919,0.0,0.00015322845553797409,0.0,0.06425527646216644,0.0,1.525860428070881,3.0000736166020414,3.142032539919778
0.9999899199432746,0.0,0.00015304123361467177,0.0,0.06429527646216644,0.0,1.525736067670194,3.000073624480253,3.1415003779955155
0.9999899360375397,0.0,0.0001528543534219755,0.0,0.06433527646216644,0.0,1.5256119233164627,3.0000736323464907,3.140968882428136
0.9999899520980661,0.0,0.00015266781413038392,0.0,0.06437527646216644,0.0,1.5254879944869804,3.000073640200772,3.1404380573374144
0.9999899681249388,0.0,0.00015248161491289875,0.0,0.06441527646216644,0.0,1.5253642806658432,3.000073648043127,3.139907897546939
0.999989984118239,0.0,0.00015229575494506265,0.0,0.06445527646216644,0.0,1.5252407813359423,3.000073655873577,3.1393784050258327
0.9999900000780508,0.0,0.00015211023340486502,0.0,0.06449527646216643,0.0,1.5251174959835545,3.0000736636921523,3.1388495750025105
0.9999900160044541,0.0,0.00015192504947278,0.0,0.06453527646216643,0.0,1.5249944240956606,3.000073671498874,3.1383214114533238
0.9999900318975309,0.0,0.00015174020233176628,0.0,0.06457527646216643,0.0,1.5248715651585514,3.000073679293767,3.1377939101701315
0.9999900477573624,0.0,0.0001515556911672612,0.0,0.06461527646216643,0.0,1.5247489186632854,3.0000736870768563,3.137267069331341
0.9999900635840319,0.0,0.0001513715151671941,0.0,0.06465527646216643,0.0,1.5246264841023185,3.000073694848169,3.1367408920647315
0.9999900793776172,0.0,0.00015118767352188957,0.0,0.06469527646216643,0.0,1.5245042609663575,3.0000737026077253,3.1362153757555853
0.9999900951382011,0.0,0.00015100416542415234,0.0,0.06473527646216642,0.0,1.524382248753168,3.0000737103555526,3.135690514553061
0.9999901108658641,0.0,0.00015082099006916158,0.0,0.06477527646216642,0.0,1.5242604469561907,3.000073718091676,3.135166316491078
0.9999901265606851,0.0,0.00015063814665458534,0.0,0.06481527646216642,0.0,1.5241388550732202,3.0000737258161174,3.134642771577139
0.9999901422227478,0.0,0.00015045563438057332,0.0,0.06485527646216642,0.0,1.5240174726053541,3.000073733528905,3.1341198855022596
0.9999901578521292,0.0,0.00015027345244944483,0.0,0.06489527646216642,0.0,1.5238962990496567,3.0000737412300613,3.133597654426859
0.9999901734489087,0.0,0.000150091600066155,0.0,0.06493527646216642,0.0,1.5237753339103792,3.0000737489196085,3.133076078315538
0.9999901890131683,0.0,0.00014991007643797848,0.0,0.06497527646216641,0.0,1.5236545766907184,3.000073756597575,3.1325551551788013
0.999990204544984,0.0,0.00014972888077447385,0.0,0.06501527646216641,0.0,1.5235340268939193,3.000073764263979,3.1320348855542637
0.9999902200444386,0.0,0.0001495480122877591,0.0,0.06505527646216641,0.0,1.5234136840283676,3.0000737719188506,3.1315152671232758
0.9999902355116086,0.0,0.00014936747019213804,0.0,0.06509527646216641,0.0,1.5232935476001375,3.0000737795622108,3.1309962994162275
0.9999902509465723,0.0,0.00014918725370430196,0.0,0.06513527646216641,0.0,1.5231736171199908,3.000073787194084,3.1304779810658667
0.9999902663494113,0.0,0.00014900736204345743,0.0,0.0651752764621664,0.0,1.5230538920991072,3.0000737948144955,3.129960311339558
0.9999902817202,0.0,0.00014882779443092616,0.0,0.0652152764621664,0.0,1.5229343720468447,3.000073802423466,3.1294432904643346
0.9999902970590192,0.0,0.00014864855009046168,0.0,0.0652552764621664,0.0,1.5228150564794691,3.000073810021022,3.1289269176446615
0.9999903123659464,0.0,0.0001484696282481747,0.0,0.0652952764621664,0.0,1.5226959449103068,3.000073817607187,3.1284111892797606
0.999990327641059,0.0,0.00014829102813242607,0.0,0.0653352764621664,0.0,1.5225770368574596,3.0000738251819845,3.1278961078933847
0.9999903428844323,0.0,0.0001481127489738577,0.0,0.0653752764621664,0.0,1.5224583318376432,3.000073832745435,3.127381669100444
0.9999903580961478,0.0,0.00014793479000552203,0.0,0.0654152764621664,0.0,1.5223398293720003,3.0000738402975675,3.126867873320798
0.9999903732762803,0.0,0.00014775715046266364,0.0,0.0654552764621664,0.0,1.522221528979476,3.0000738478384035,3.1263547214753094
0.999990388424905,0.0,0.00014757982958278707,0.0,0.0654952764621664,0.0,1.5221034301838297,3.0000738553679636,3.1258422095440586
0.9999904035421017,0.0,0.00014740282660578735,0.0,0.06553527646216639,0.0,1.5219855325056826,3.000073862886275,3.1253303405826065
0.9999904186279444,0.0,0.0001472261407737188,0.0,0.06557527646216639,0.0,1.5218678354737298,3.0000738703933574,3.1248191086789716
0.9999904336825121,0.0,0.00014704977133097956,0.0,0.06561527646216639,0.0,1.5217503386119147,3.000073877889238,3.1243085154328085
0.9999904487058795,0.0,0.0001468737175240847,0.0,0.06565527646216639,0.0,1.5216330414496295,3.00007388537394,3.123798561587323
0.9999904636981216,0.0,0.0001466979786019333,0.0,0.06569527646216639,0.0,1.5215159435124521,3.0000738928474826,3.1232892431025134
0.9999904786593138,0.0,0.0001465225538154963,0.0,0.06573527646216638,0.0,1.5213990443366507,3.0000739003098906,3.122780561222509
0.999990493589533,0.0,0.00014634744241815855,0.0,0.06577527646216638,0.0,1.5212823434503864,3.000073907761188,3.122272516483002
0.9999905084888543,0.0,0.00014617264366540287,0.0,0.06581527646216638,0.0,1.5211658403858541,3.0000739152013973,3.121765102435919
0.9999905233573501,0.0,0.0001459981568148714,0.0,0.06585527646216638,0.0,1.5210495346813728,3.000073922630539,3.1212583224485972
0.9999905381951003,0.0,0.00014582398112658238,0.0,0.06589527646216638,0.0,1.520933425871471,3.0000739300486425,3.1207521740133473
0.9999905530021764,0.0,0.00014565011586257316,0.0,0.06593527646216638,0.0,1.5208175134931783,3.000073937455725,3.1202466580129435
0.9999905677786528,0.0,0.0001454765602871868,0.0,0.06597527646216637,0.0,1.520701797083998,3.0000739448518092,3.1197417723669463
0.9999905825246042,0.0,0.00014530331366680176,0.0,0.06601527646216637,0.0,1.5205862761861613,3.000073952236921,3.119237513447149
0.9999905972401062,0.0,0.00014513037527018346,0.0,0.06605527646216637,0.0,1.5204709503411746,3.000073959611082,3.118733886285349
0.9999906119252289,0.0,0.00014495774436797557,0.0,0.06609527646216637,0.0,1.5203558190897606,3.0000739669743117,3.1182308850492793
0.9999906265800501,0.0,0.000144785420233252,0.0,0.06613527646216637,0.0,1.520240881977029,3.000073974326637,3.1177285116743656
0.9999906412046404,0.0,0.00014461340214104977,0.0,0.06617527646216637,0.0,1.5201261385495741,3.0000739816680775,3.1172267607675983
0.9999906557990764,0.0,0.00014444168936868216,0.0,0.06621527646216636,0.0,1.520011588352852,3.000073988998658,3.116725638123617
0.9999906703634277,0.0,0.00014427028119539322,0.0,0.06625527646216636,0.0,1.519897230935651,3.0000739963183993,3.1162251367597955
0.9999906848977694,0.0,0.00014409917690277362,0.0,0.06629527646216636,0.0,1.5197830658478337,3.0000740036273243,3.1157252591269073
0.9999906994021732,0.0,0.00014392837577437785,0.0,0.06633527646216636,0.0,1.5196690926374363,3.000074010925455,3.1152260030044223
0.9999907138767123,0.0,0.00014375787709597498,0.0,0.06637527646216636,0.0,1.5195553108609396,3.0000740182128123,3.1147273703944225
0.999990728321458,0.0,0.00014358768015529144,0.0,0.06641527646216636,0.0,1.5194417200677683,3.00007402548942,3.1142293555706857
0.9999907427364846,0.0,0.0001434177842423476,0.0,0.06645527646216635,0.0,1.519328319812833,3.0000740327553017,3.1137319605535696
0.9999907571218593,0.0,0.00014324818864900907,0.0,0.06649527646216635,0.0,1.5192151096554007,3.0000740400104724,3.1132351857567913
0.9999907714776614,0.0,0.00014307889266948262,0.0,0.06653527646216635,0.0,1.5191020891508824,3.000074047254966,3.1127390252968445
0.9999907858039562,0.0,0.0001429098955998435,0.0,0.06657527646216635,0.0,1.5189892578556694,3.000074054488794,3.1122434809293034
0.9999908001008166,0.0,0.0001427411967382749,0.0,0.06661527646216635,0.0,1.5188766153311146,3.000074061711982,3.11174855521863
0.9999908143683152,0.0,0.00014257279538511242,0.0,0.06665527646216635,0.0,1.5187641611386498,3.0000740689245524,3.111254241906598
0.9999908286065233,0.0,0.0001424046908426783,0.0,0.06669527646216634,0.0,1.5186518948419139,3.000074076126527,3.110760541196189
0.999990842815508,0.0,0.00014223688241523478,0.0,0.06673527646216634,0.0,1.5185398160034813,3.0000740833179242,3.110267455261827
0.999990856995346,0.0,0.00014206936940929928,0.0,0.06677527646216634,0.0,1.5184279241861594,3.000074090498772,3.109774981222252
0.9999908711461026,0.0,0.0001419021511332203,0.0,0.06681527646216634,0.0,1.5183162189573016,3.0000740976690863,3.1092831174813527
0.9999908852678507,0.0,0.00014173522689744255,0.0,0.06685527646216634,0.0,1.5182046998874816,3.0000741048288933,3.108791865596828
0.9999908993606591,0.0,0.0001415685960144571,0.0,0.06689527646216634,0.0,1.5180933665394196,3.0000741119782095,3.108301220754951
0.9999909134245973,0.0,0.00014140225779868051,0.0,0.06693527646216633,0.0,1.5179822184875236,3.000074119117059,3.1078111825705292
0.9999909274597367,0.0,0.0001412362115666491,0.0,0.06697527646216633,0.0,1.5178712553006724,3.000074126245463,3.107321756140403
0.9999909414661465,0.0,0.00014107045663677017,0.0,0.06701527646216633,0.0,1.5177604765532493,3.0000741333634435,3.1068329317660464
0.9999909554438953,0.0,0.00014090499232952488,0.0,0.06705527646216633,0.0,1.517649881817189,3.0000741404710203,3.106344717022085
0.9999909693930529,0.0,0.00014073981796728307,0.0,0.06709527646216633,0.0,1.5175394706672427,3.0000741475682178,3.1058571030532076
0.9999909833136881,0.0,0.00014057493287446518,0.0,0.06713527646216633,0.0,1.5174292426817961,3.0000741546550547,3.1053700962159696
0.9999909972058695,0.0,0.00014041033637746954,0.0,0.06717527646216633,0.0,1.5173191974332394,3.0000741617315514,3.104883690037478
0.9999910110696654,0.0,0.00014024602780456362,0.0,0.06721527646216632,0.0,1.517209334506741,3.0000741687977293,3.1043978861769888
0.9999910249051447,0.0,0.00014008200648601944,0.0,0.06725527646216632,0.0,1.5170996534748789,3.0000741758536114,3.103912683164618
0.9999910387123756,0.0,0.00013991827175407857,0.0,0.06729527646216632,0.0,1.5169901539248292,3.0000741828992163,3.103428079839222
0.9999910524914265,0.0,0.00013975482294288264,0.0,0.06733527646216632,0.0,1.516880835434271,3.0000741899345673,3.102944075933326
0.9999910662423648,0.0,0.00013959165938851257,0.0,0.06737527646216632,0.0,1.5167716975884196,3.000074196959684,3.102460671510768
0.9999910799652582,0.0,0.00013942878042897308,0.0,0.06741527646216632,0.0,1.5166627399721115,3.0000742039745862,3.101977860625214
0.999991093660175,0.0,0.0001392661854042359,0.0,0.06745527646216631,0.0,1.5165539621683384,3.0000742109792964,3.101495651065498
0.9999911073271824,0.0,0.0001391038736560733,0.0,0.06749527646216631,0.0,1.5164453637698434,3.000074217973836,3.101014035114738
0.9999911209663472,0.0,0.00013894184452828057,0.0,0.06753527646216631,0.0,1.5163369443575512,3.0000742249582237,3.1005330136414613
0.9999911345777369,0.0,0.00013878009736647065,0.0,0.06757527646216631,0.0,1.5162287035253486,3.000074231932481,3.1000525856940424
0.9999911481614169,0.0,0.00013861863151814108,0.0,0.06761527646216631,0.0,1.5161206408617522,3.0000742388966284,3.099572750581995
0.9999911617174552,0.0,0.00013845744633275922,0.0,0.0676552764621663,0.0,1.516012755959986,3.000074245850686,3.099093507882955
0.9999911752459174,0.0,0.00013829654116159936,0.0,0.0676952764621663,0.0,1.5159050484107686,3.000074252794674,3.0986148550682002
0.9999911887468711,0.0,0.00013813591535783817,0.0,0.0677352764621663,0.0,1.515797517808706,3.0000742597286156,3.0981367937643505
0.9999912022203813,0.0,0.00013797556827649615,0.0,0.0677752764621663,0.0,1.515690163748331,3.0000742666525273,3.0976593211384937
0.9999912156665146,0.0,0.00013781549927447399,0.0,0.0678152764621663,0.0,1.5155829858277474,3.0000742735664314,3.0971824393057386
0.999991229085337,0.0,0.00013765570771049016,0.0,0.0678552764621663,0.0,1.5154759836444354,3.0000742804703506,3.096706141551368
0.9999912424769124,0.0,0.0001374961929451386,0.0,0.0678952764621663,0.0,1.515369156794108,3.000074287364299,3.0962304318358447
0.9999912558413075,0.0,0.00013733695434083005,0.0,0.0679352764621663,0.0,1.5152625048791515,3.000074294248302,3.095755305970454
0.9999912691785886,0.0,0.00013717799126189683,0.0,0.06797527646216629,0.0,1.515156027497745,3.0000743011223783,3.095280766841859
0.9999912824888209,0.0,0.0001370193030743824,0.0,0.06801527646216629,0.0,1.515049724254877,3.0000743079865506,3.0948068112545086
0.9999912957720646,0.0,0.00013686088914612637,0.0,0.06805527646216629,0.0,1.5149435947498768,3.0000743148408313,3.094333440162028
0.9999913090283895,0.0,0.00013670274884695972,0.0,0.06809527646216629,0.0,1.514837638591675,3.000074321685246,3.0938606484939717
0.9999913222578602,0.0,0.00013654488154840372,0.0,0.06813527646216629,0.0,1.5147318553800793,3.000074328519817,3.0933884418555584
0.9999913354605379,0.0,0.0001363872866237013,0.0,0.06817527646216628,0.0,1.514626244724975,3.000074335344558,3.0929168107210048
0.9999913486364904,0.0,0.00013622996344804517,0.0,0.06821527646216628,0.0,1.5145208062374431,3.000074342159497,3.092445761079536
0.9999913617857776,0.0,0.00013607291139833389,0.0,0.06825527646216628,0.0,1.514415539518346,3.0000743489646435,3.0919752914293954
0.9999913749084653,0.0,0.0001359161298532677,0.0,0.06829527646216628,0.0,1.5143104441801463,3.000074355760022,3.0915053981025746
0.9999913880046194,0.0,0.00013575961819335905,0.0,0.06833527646216628,0.0,1.5142055198368762,3.000074362545655,3.0910360825458127
0.9999914010743006,0.0,0.00013560337580077828,0.0,0.06837527646216628,0.0,1.5141007660988697,3.00007436932156,3.0905673421115196
0.9999914141175739,0.0,0.00013544740205961007,0.0,0.06841527646216627,0.0,1.5139961825795891,3.000074376087757,3.090099179554943
0.9999914271345017,0.0,0.0001352916963556057,0.0,0.06845527646216627,0.0,1.5138917688904967,3.000074382844264,3.089631585834456
0.9999914401251481,0.0,0.0001351362580763,0.0,0.06849527646216627,0.0,1.5137875246485095,3.000074389591103,3.0891645694559524
0.9999914530895745,0.0,0.00013498108661092554,0.0,0.06853527646216627,0.0,1.513683449471345,3.000074396328292,3.088698125092495
0.9999914660278442,0.0,0.0001348261813505548,0.0,0.06857527646216627,0.0,1.5135795429747991,3.000074403055849,3.088232251885079
0.9999914789400202,0.0,0.00013467154168787728,0.0,0.06861527646216627,0.0,1.5134758047794816,3.0000744097737964,3.08776694793345
0.9999914918261631,0.0,0.00013451716701736854,0.0,0.06865527646216626,0.0,1.5133722345013656,3.0000744164821493,3.0873022187332957
0.9999915046863382,0.0,0.00013436305673531455,0.0,0.06869527646216626,0.0,1.513268831762488,3.0000744231809326,3.0868380526917854
0.9999915175206049,0.0,0.00013420921023952933,0.0,0.06873527646216626,0.0,1.5131655961870805,3.000074429870161,3.0863744584399218
0.9999915303290263,0.0,0.0001340556269297051,0.0,0.06877527646216626,0.0,1.5130625273971847,3.000074436549855,3.0859114262160325
0.9999915431116647,0.0,0.00013390230620716098,0.0,0.06881527646216626,0.0,1.5129596250124875,3.000074443220035,3.0854489640231795
0.9999915558685797,0.0,0.000133749247474878,0.0,0.06885527646216626,0.0,1.5128568886646077,3.0000744498807195,3.084987070445606
0.9999915685998353,0.0,0.00013359645013771165,0.0,0.06889527646216626,0.0,1.5127543179741698,3.0000744565319266,3.0845257369978536
0.9999915813054905,0.0,0.0001334439136019357,0.0,0.06893527646216625,0.0,1.5126519125698161,3.0000744631736764,3.0840649681421883
0.9999915939856078,0.0,0.0001332916372757604,0.0,0.06897527646216625,0.0,1.5125496720780884,3.000074469805987,3.0836047636953996
0.9999916066402463,0.0,0.00013313962056885932,0.0,0.06901527646216625,0.0,1.5124475961322574,3.000074476428877,3.0831451223861674
0.99999161926947,0.0,0.00013298786289281983,0.0,0.06905527646216625,0.0,1.512345684357139,3.000074483042367,3.082686040536701
0.9999916318733356,0.0,0.00013283636366057802,0.0,0.06909527646216625,0.0,1.5122439363880138,3.0000744896464737,3.082227519051386
0.9999916444519066,0.0,0.0001326851222870232,0.0,0.06913527646216625,0.0,1.5121423518568977,3.000074496241219,3.0817695522169686
0.9999916570052413,0.0,0.00013253413818856453,0.0,0.06917527646216624,0.0,1.5120409303945717,3.0000745028266165,3.081312149303275
0.9999916695334018,0.0,0.00013238341078325634,0.0,0.06921527646216624,0.0,1.5119396716360427,3.0000745094026913,3.080855303723906
0.9999916820364455,0.0,0.00013223293949081078,0.0,0.06925527646216624,0.0,1.5118385752169756,3.0000745159694557,3.0803990130001053
0.9999916945144357,0.0,0.00013208272373261076,0.0,0.06929527646216624,0.0,1.5117376407759637,3.0000745225269356,3.07994328028613
0.9999917069674279,0.0,0.00013193276293161133,0.0,0.06933527646216624,0.0,1.5116368679469936,3.000074529075141,3.0794881018971125
0.9999917193954836,0.0,0.0001317830565124117,0.0,0.06937527646216624,0.0,1.5115362563697556,3.0000745356140954,3.0790334782546935
0.9999917317986636,0.0,0.0001316336039013321,0.0,0.06941527646216623,0.0,1.5114358056838015,3.000074542143818,3.0785794047841524
0.9999917441770241,0.0,0.000131484404526085,0.0,0.06945527646216623,0.0,1.5113355155286068,3.000074548664324,3.078125888086463
0.9999917565306264,0.0,0.00013133545781626217,0.0,0.06949527646216623,0.0,1.511235385545795,3.0000745551756336,3.077672920480955
0.9999917688595292,0.0,0.00013118676320285165,0.0,0.06953527646216623,0.0,1.5111354153797785,3.0000745616777675,3.0772205059273965
0.9999917811637898,0.0,0.00013103832011853638,0.0,0.06957527646216623,0.0,1.5110356046700102,3.0000745681707386,3.0767686410060273
0.9999917934434674,0.0,0.00013089012799752142,0.0,0.06961527646216623,0.0,1.51093595306308,3.0000745746545703,3.0763173247353297
0.9999918056986205,0.0,0.00013074218627572606,0.0,0.06965527646216622,0.0,1.510836460205853,3.0000745811292764,3.075866556271556
0.9999918179293081,0.0,0.00013059449439054032,0.0,0.06969527646216622,0.0,1.5107371257407691,3.0000745875948795,3.0754163363310956
0.9999918301355873,0.0,0.00013044705178097833,0.0,0.06973527646216622,0.0,1.51063794931927,3.0000745940513944,3.074966661666236
0.9999918423175164,0.0,0.0001302998578876,0.0,0.06977527646216622,0.0,1.5105389305864445,3.00007460049884,3.0745175328414156
0.9999918544751517,0.0,0.0001301529121525327,0.0,0.06981527646216622,0.0,1.510440069192401,3.000074606937233,3.07406894851798
0.9999918666085537,0.0,0.00013000621401950663,0.0,0.06985527646216622,0.0,1.5103413647878454,3.0000746133665963,3.0736209079291834
0.9999918787177794,0.0,0.00012985976293382678,0.0,0.06989527646216621,0.0,1.5102428170248225,3.000074619786945,3.073173414011373
0.9999918908028836,0.0,0.0001297135583422196,0.0,0.06993527646216621,0.0,1.5101444255536824,3.0000746261982942,3.0727264605711126
0.9999919028639245,0.0,0.00012956759969306487,0.0,0.06997527646216621,0.0,1.5100461900292446,3.0000746326006635,3.072280048685658
0.9999919149009612,0.0,0.00012942188643630091,0.0,0.07001527646216621,0.0,1.509948110103677,3.0000746389940742,3.0718341757644887
0.9999919269140455,0.0,0.00012927641802329312,0.0,0.07005527646216621,0.0,1.509850185432538,3.000074645378535,3.0713888444784945
0.9999919389032418,0.0,0.00012913119390711277,0.0,0.0700952764621662,0.0,1.5097524156755404,3.0000746517540766,3.0709440519441125
0.9999919508685993,0.0,0.00012898621354213554,0.0,0.0701352764621662,0.0,1.5096548004824786,3.0000746581207056,3.070499799909749
0.9999919628101798,0.0,0.00012884147638447463,0.0,0.0701752764621662,0.0,1.509557339516667,3.000074664478446,3.07005608071708
0.9999919747280356,0.0,0.00012869698189154586,0.0,0.0702152764621662,0.0,1.509460032436625,3.0000746708273125,3.0696128982992077
0.9999919866222253,0.0,0.0001285527295224837,0.0,0.0702552764621662,0.0,1.5093628788996853,3.0000746771673232,3.0691702544670525
0.9999919984928038,0.0,0.00012840871873779107,0.0,0.0702952764621662,0.0,1.509265878566083,3.0000746834984953,3.0687281448233223
0.9999920103398295,0.0,0.00012826494899951447,0.0,0.0703352764621662,0.0,1.509169031102247,3.000074689820852,3.0682865697021846
0.9999920221633521,0.0,0.00012812141977111972,0.0,0.0703752764621662,0.0,1.5090723361661327,3.0000746961343987,3.0678455250305374
0.9999920339634331,0.0,0.00012797813051775703,0.0,0.0704152764621662,0.0,1.508975793423054,3.0000747024391625,3.0674050173915397
0.9999920457401249,0.0,0.00012783508070586823,0.0,0.07045527646216619,0.0,1.5088794025349888,3.000074708735157,3.0669650365653682
0.9999920574934837,0.0,0.00012769226980344464,0.0,0.07049527646216619,0.0,1.508783163173649,3.0000747150224023,3.0665255894108623
0.9999920692235641,0.0,0.00012754969727996713,0.0,0.07053527646216619,0.0,1.508687074996537,3.0000747213009116,3.066086671322117
0.999992080930421,0.0,0.00012740736260636004,0.0,0.07057527646216619,0.0,1.508591137679259,3.000074727570704,3.0656482794521844
0.9999920926141117,0.0,0.00012726526525505243,0.0,0.07061527646216618,0.0,1.508495350884731,3.000074733831802,3.065210417488441
0.9999921042746863,0.0,0.00012712340469985637,0.0,0.07065527646216618,0.0,1.5083997142831544,3.000074740084213,3.064773087946154
0.9999921159122019,0.0,0.0001269817804161271,0.0,0.07069527646216618,0.0,1.508304227544707,3.0000747463279596,3.0643362789366964
0.9999921275267132,0.0,0.00012684039188063618,0.0,0.07073527646216618,0.0,1.5082088903390014,3.0000747525630582,3.0638999980329675
0.9999921391182742,0.0,0.00012669923857161114,0.0,0.07077527646216618,0.0,1.5081137023402875,3.000074758789527,3.063464241323458
0.9999921506869379,0.0,0.00012655831996865764,0.0,0.07081527646216618,0.0,1.5080186632179848,3.0000747650073807,3.0630290071201065
0.9999921622327589,0.0,0.00012641763555290488,0.0,0.07085527646216618,0.0,1.5079237726490928,3.0000747712166365,3.062594299349068
0.9999921737557911,0.0,0.00012627718480686363,0.0,0.07089527646216617,0.0,1.5078290303067332,3.000074777417313,3.06216011246047
0.9999921852560885,0.0,0.00012613696721450865,0.0,0.07093527646216617,0.0,1.5077344358639866,3.000074783609426,3.061726448745757
0.9999921967337039,0.0,0.00012599698226121197,0.0,0.07097527646216617,0.0,1.507639988998909,3.0000747897929925,3.061293304974685
0.9999922081886928,0.0,0.00012585722943378496,0.0,0.07101527646216617,0.0,1.5075456893870185,3.0000747959680316,3.060860680350536
0.999992219621105,0.0,0.0001257177082203756,0.0,0.07105527646216617,0.0,1.507451536710112,3.000074802134555,3.060428578378642
0.9999922310309942,0.0,0.00012557841811061319,0.0,0.07109527646216617,0.0,1.5073575306449085,3.00007480829258,3.0599969901520336
0.9999922424184163,0.0,0.00012543935859554803,0.0,0.07113527646216616,0.0,1.5072636708698421,3.000074814442129,3.059565920372039
0.9999922537834215,0.0,0.00012530052916756955,0.0,0.07117527646216616,0.0,1.5071699570672665,3.0000748205832135,3.059135370320483
0.9999922651260633,0.0,0.00012516192932046936,0.0,0.07121527646216616,0.0,1.5070763889177439,3.0000748267158532,3.0587053331731413
0.9999922764463931,0.0,0.00012502355854949088,0.0,0.07125527646216616,0.0,1.506982966101445,3.0000748328400597,3.0582758133118895
0.9999922877444658,0.0,0.00012488541635121995,0.0,0.07129527646216616,0.0,1.5068896883066167,3.000074838955856,3.0578468071840477
0.9999922990203314,0.0,0.00012474750222358298,0.0,0.07133527646216616,0.0,1.5067965552122955,3.0000748450632537,3.0574183133743964
0.9999923102740438,0.0,0.00012460981566597587,0.0,0.07137527646216615,0.0,1.5067035665052628,3.0000748511622723,3.0569903309199438
0.9999923215056529,0.0,0.00012447235617905092,0.0,0.07141527646216615,0.0,1.5066107218716105,3.000074857252926,3.056562865597722
0.9999923327152117,0.0,0.00012433512326489498,0.0,0.07145527646216615,0.0,1.5065180210001408,3.0000748633352323,3.0561359088743028
0.9999923439027715,0.0,0.00012419811642699893,0.0,0.07149527646216615,0.0,1.5064254635736902,3.000074869409205,3.055709461199005
0.9999923550683857,0.0,0.00012406133517014803,0.0,0.07153527646216615,0.0,1.5063330492820257,3.000074875474867,3.0552835234540914
0.999992366212104,0.0,0.00012392477900047998,0.0,0.07157527646216615,0.0,1.5062407778181521,3.000074881532229,3.0548580953557125
0.9999923773339756,0.0,0.00012378844742548395,0.0,0.07161527646216614,0.0,1.5061486488666356,3.000074887581304,3.0544331738497004
0.9999923884340558,0.0,0.0001236523399540897,0.0,0.07165527646216614,0.0,1.5060566621197637,3.0000748936221138,3.0540087629385066
0.999992399512394,0.0,0.00012351645609636662,0.0,0.07169527646216614,0.0,1.5059648172715514,3.000074899654677,3.0535848561514025
0.9999924105690409,0.0,0.00012338079536393568,0.0,0.07173527646216614,0.0,1.5058731140134742,3.0000749056790035,3.0531614538789276
0.9999924216040479,0.0,0.00012324535726962446,0.0,0.07177527646216614,0.0,1.5057815520366118,3.0000749116951138,3.052738556371837
0.9999924326174631,0.0,0.00012311014132758224,0.0,0.07181527646216614,0.0,1.5056901310395112,3.0000749177030177,3.0523161675416475
0.9999924436093399,0.0,0.00012297514705334573,0.0,0.07185527646216613,0.0,1.5055988507128308,3.0000749237027384,3.0518942766977815
0.9999924545797286,0.0,0.00012284037396376882,0.0,0.07189527646216613,0.0,1.505507710755742,3.0000749296942892,3.051472889995128
0.9999924655286766,0.0,0.00012270582157694046,0.0,0.07193527646216613,0.0,1.505416710860581,3.000074935677682,3.051052004254471
0.9999924764562375,0.0,0.00012257148941236835,0.0,0.07197527646216613,0.0,1.5053258507268292,3.0000749416529384,3.050631620096541
0.9999924873624585,0.0,0.00012243737699070816,0.0,0.07201527646216613,0.0,1.5052351300576303,3.0000749476200728,3.0502117347916626
0.9999924982473927,0.0,0.0001223034838341438,0.0,0.07205527646216613,0.0,1.50514454854435,3.000074953579101,3.0497923523072217
0.9999925091110843,0.0,0.00012216980946586845,0.0,0.07209527646216612,0.0,1.505054105890889,3.000074959530035,3.0493734662335714
0.9999925199535896,0.0,0.00012203635341076984,0.0,0.07213527646216612,0.0,1.5049638017962146,3.000074965472895,3.0489550772046874
0.9999925307749533,0.0,0.00012190311519458459,0.0,0.07217527646216612,0.0,1.5048736359643378,3.0000749714076953,3.048537181640909
0.9999925415752255,0.0,0.00012177009434458163,0.0,0.07221527646216612,0.0,1.5047836080968788,3.000074977334449,3.048119787388882
0.9999925523544579,0.0,0.00012163729038927934,0.0,0.07225527646216612,0.0,1.5046937178971778,3.0000749832531795,3.047702889826118
0.999992563112697,0.0,0.00012150470285847136,0.0,0.07229527646216612,0.0,1.5046039650626288,3.000074989163893,3.0472864820579812
0.9999925738499901,0.0,0.00012137233128315963,0.0,0.07233527646216611,0.0,1.504514349305275,3.000074995066605,3.046870570947227
0.9999925845663923,0.0,0.00012124017519570478,0.0,0.07237527646216611,0.0,1.504424870330719,3.000075000961344,3.04645515160212
0.9999925952619462,0.0,0.00012110823412967316,0.0,0.07241527646216611,0.0,1.504335527841559,3.000075006848111,3.0460402247043166
0.9999926059367035,0.0,0.00012097650761992252,0.0,0.07245527646216611,0.0,1.5042463215461617,3.000075012726929,3.045625792801278
0.9999926165907085,0.0,0.00012084499520248938,0.0,0.07249527646216611,0.0,1.5041572511517216,3.0000750185978053,3.045211844510236
0.9999926272240154,0.0,0.00012071369641477903,0.0,0.0725352764621661,0.0,1.5040683163706412,3.0000750244607683,3.0447983920905104
0.9999926378366685,0.0,0.00012058261079537147,0.0,0.0725752764621661,0.0,1.5039795169076935,3.000075030315824,3.0443854235267236
0.9999926484287179,0.0,0.00012045173788414142,0.0,0.0726152764621661,0.0,1.5038908524749257,3.0000750361629906,3.043972946523942
0.9999926590002085,0.0,0.00012032107722206619,0.0,0.0726552764621661,0.0,1.5038023227819861,3.0000750420022806,3.043560958553523
0.9999926695511909,0.0,0.00012019062835162266,0.0,0.0726952764621661,0.0,1.5037139275421059,3.00007504783371,3.0431494568282407
0.9999926800817134,0.0,0.00012006039081626601,0.0,0.0727352764621661,0.0,1.5036256664672247,3.0000750536572993,3.0427384390900833
0.9999926905918198,0.0,0.00011993036416072444,0.0,0.0727752764621661,0.0,1.5035375392718329,3.000075059473056,3.0423279103367644
0.9999927010815627,0.0,0.00011980054793109302,0.0,0.0728152764621661,0.0,1.5034495456689871,3.000075065281004,3.0419178610123323
0.9999927115509839,0.0,0.00011967094167452035,0.0,0.0728552764621661,0.0,1.5033616853711762,3.0000750710811475,3.041508300623302
0.9999927220001337,0.0,0.00011954154493943704,0.0,0.07289527646216609,0.0,1.5032739580964982,3.0000750768735096,3.0410992181414174
0.9999927324290574,0.0,0.00011941235727551443,0.0,0.07293527646216609,0.0,1.503186363561005,3.0000750826581,3.040690620186771
0.9999927428378041,0.0,0.00011928337823362964,0.0,0.07297527646216609,0.0,1.503098901480788,3.0000750884349383,3.0402825028748834
0.9999927532264189,0.0,0.0001191546073657999,0.0,0.07301527646216609,0.0,1.503011571574895,3.0000750942040364,3.0398748671945794
0.9999927635949508,0.0,0.00011902604422531747,0.0,0.07305527646216609,0.0,1.5029243735614464,3.0000750999654144,3.0394677137189827
0.9999927739434432,0.0,0.00011889768836659332,0.0,0.07309527646216608,0.0,1.5028373071607537,3.00007510571908,3.0390610415087504
0.9999927842719439,0.0,0.00011876953934530502,0.0,0.07313527646216608,0.0,1.5027503720890174,3.000075111465051,3.0386548393643764
0.9999927945804995,0.0,0.00011864159671828083,0.0,0.07317527646216608,0.0,1.5026635680709737,3.000075117203343,3.038249118738678
0.9999928048691556,0.0,0.00011851386004353339,0.0,0.07321527646216608,0.0,1.502576894825622,3.0000751229339686,3.037843878694404
0.999992815137959,0.0,0.00011838632888026814,0.0,0.07325527646216608,0.0,1.5024903520786521,3.0000751286569454,3.0374391104288683
0.9999928253869558,0.0,0.00011825900278886534,0.0,0.07329527646216608,0.0,1.502403939550161,3.0000751343722887,3.0370348161806757
0.9999928356161898,0.0,0.00011813188133089314,0.0,0.07333527646216607,0.0,1.5023176569604064,3.000075140080006,3.0366310046699363
0.9999928458257084,0.0,0.00011800496406901492,0.0,0.07337527646216607,0.0,1.5022315040431946,3.0000751457801202,3.036227664695813
0.9999928560155589,0.0,0.00011787825056720946,0.0,0.07341527646216607,0.0,1.5021454805162398,3.000075151472646,3.035824790931994
0.9999928661857825,0.0,0.00011775174039043832,0.0,0.07345527646216607,0.0,1.5020595861082224,3.000075157157589,3.035422394851096
0.9999928763364291,0.0,0.00011762543310501435,0.0,0.07349527646216607,0.0,1.5019738205453195,3.0000751628349733,3.0350204684678155
0.9999928864675397,0.0,0.00011749932827817744,0.0,0.07353527646216607,0.0,1.501888183552067,3.000075168504807,3.03461901590654
0.9999928965791612,0.0,0.00011737342547849383,0.0,0.07357527646216606,0.0,1.5018026748638356,3.000075174167107,3.0342180324728814
0.9999929066713398,0.0,0.00011724772427565568,0.0,0.07361527646216606,0.0,1.5017172942005792,3.0000751798218888,3.033817516596794
0.9999929167441185,0.0,0.00011712222424043475,0.0,0.07365527646216606,0.0,1.5016320412969524,3.0000751854691643,3.0334174731551364
0.9999929267975428,0.0,0.00011699692494477999,0.0,0.07369527646216606,0.0,1.50154691588272,3.000075191108949,3.033017894334458
0.999992936831659,0.0,0.00011687182596179942,0.0,0.07373527646216606,0.0,1.501461917689019,3.0000751967412613,3.032618782695827
0.9999929468465082,0.0,0.00011674692686564874,0.0,0.07377527646216606,0.0,1.5013770464456544,3.000075202366108,3.0322201412560457
0.999992956842137,0.0,0.00011662222723172555,0.0,0.07381527646216605,0.0,1.5012923018885869,3.000075207983508,3.0318219607118793
0.9999929668185892,0.0,0.00011649772663652637,0.0,0.07385527646216605,0.0,1.5012076837437403,3.0000752135934725,3.0314242499611086
0.9999929767759088,0.0,0.00011637342465758647,0.0,0.07389527646216605,0.0,1.5011231917507366,3.000075219196017,3.031027001679544
0.9999929867141417,0.0,0.00011624932087364178,0.0,0.07393527646216605,0.0,1.501038825645758,3.0000752247911615,3.0306302186649328
0.9999929966333274,0.0,0.00011612541486443464,0.0,0.07397527646216605,0.0,1.5009545851597716,3.00007523037891,3.030233892299172
0.9999930065335154,0.0,0.00011600170621106001,0.0,0.07401527646216605,0.0,1.5008704700289426,3.0000752359592853,3.0298380346087694
0.9999930164147449,0.0,0.00011587819449545619,0.0,0.07405527646216604,0.0,1.5007864799895152,3.0000752415322953,3.0294426376127777
0.9999930262770618,0.0,0.00011575487930081486,0.0,0.07409527646216604,0.0,1.5007026147816345,3.0000752470979557,3.0290476998064877
0.9999930361205095,0.0,0.00011563176021137373,0.0,0.07413527646216604,0.0,1.5006188741399782,3.0000752526562846,3.028653220381729
0.9999930459451298,0.0,0.00011550883681244668,0.0,0.07417527646216604,0.0,1.5005352578076607,3.00007525820729,3.0282592025617783
0.999993055750968,0.0,0.00011538610869055669,0.0,0.07421527646216604,0.0,1.5004517655181893,3.0000752637509893,3.027865643895143
0.9999930655380657,0.0,0.00011526357543317165,0.0,0.07425527646216604,0.0,1.5003683970127373,3.000075269287395,3.0274725420577386
0.9999930753064664,0.0,0.00011514123662894073,0.0,0.07429527646216603,0.0,1.5002851520347442,3.000075274816521,3.027079894897924
0.9999930850562126,0.0,0.00011501909186754136,0.0,0.07433527646216603,0.0,1.5002020303250525,3.0000752803383803,3.026687709111637
0.9999930947873494,0.0,0.00011489714073978928,0.0,0.07437527646216603,0.0,1.5001190316243187,3.000075285852992,3.026295975234395
0.9999931044999155,0.0,0.00011477538283749708,0.0,0.07441527646216603,0.0,1.500036155677042,3.000075291360362,3.02590469728938
0.999993114193957,0.0,0.00011465381775364631,0.0,0.07445527646216603,0.0,1.4999534022226026,3.0000752968605098,3.0255138687410645
0.9999931238695139,0.0,0.00011453244508222729,0.0,0.07449527646216603,0.0,1.4998707710087142,3.0000753023534448,3.025123500794005
0.9999931335266309,0.0,0.00011441126441834936,0.0,0.07453527646216603,0.0,1.4997882617758251,3.000075307839184,3.0247335814641345
0.9999931431653464,0.0,0.00011429027535801175,0.0,0.07457527646216602,0.0,1.4997058742763003,3.000075313317738,3.024344115547196
0.9999931527857073,0.0,0.00011416947749859032,0.0,0.07461527646216602,0.0,1.4996236082516097,3.0000753187891234,3.023955100039964
0.9999931623877554,0.0,0.00011404887043825335,0.0,0.07465527646216602,0.0,1.4995414634477995,3.0000753242533587,3.0235665397457154
0.9999931719715279,0.0,0.00011392845377626497,0.0,0.07469527646216602,0.0,1.4994594396152032,3.000075329710445,3.023178421459129
0.9999931815370708,0.0,0.00011380822711304554,0.0,0.07473527646216602,0.0,1.4993775364981217,3.0000753351604046,3.022790758805537
0.9999931910844237,0.0,0.00011368819004995864,0.0,0.07477527646216602,0.0,1.4992957538476002,3.0000753406032468,3.022403541192273
0.9999932006136293,0.0,0.00011356834218944298,0.0,0.07481527646216601,0.0,1.4992140914133198,3.000075346038989,3.0220167725276363
0.9999932101247305,0.0,0.00011344868313503953,0.0,0.07485527646216601,0.0,1.499132548942945,3.0000753514676455,3.0216304501906186
0.9999932196177636,0.0,0.0001133292124911643,0.0,0.07489527646216601,0.0,1.499051126188912,3.00007535688922,3.021244575457624
0.9999932290927749,0.0,0.00011320992986346131,0.0,0.07493527646216601,0.0,1.498969822901836,3.000075362303736,3.020859146224102
0.9999932385498032,0.0,0.00011309083485847158,0.0,0.07497527646216601,0.0,1.498888638831296,3.0000753677112035,3.0204741601165916
0.9999932479888917,0.0,0.00011297192708392067,0.0,0.075015276462166,0.0,1.4988075737336235,3.0000753731116343,3.0200896231916925
0.9999932574100778,0.0,0.00011285320614824072,0.0,0.075055276462166,0.0,1.4987266273613087,3.000075378505044,3.019705524782003
0.9999932668134061,0.0,0.00011273467166123865,0.0,0.075095276462166,0.0,1.498645799467401,3.0000753838914465,3.0193218744167054
0.9999932761989145,0.0,0.00011261632323354995,0.0,0.075135276462166,0.0,1.4985650898056426,3.0000753892708505,3.0189386594939798
0.9999932855666449,0.0,0.00011249816047685543,0.0,0.075175276462166,0.0,1.4984844981308858,3.0000753946432726,3.0185558860518293
0.9999932949166395,0.0,0.00011238018300390847,0.0,0.075215276462166,0.0,1.4984040242024537,3.0000754000087286,3.018173557701215
0.999993304248936,0.0,0.00011226239042833043,0.0,0.075255276462166,0.0,1.4983236677726128,3.0000754053672276,3.0177916689414777
0.9999933135635751,0.0,0.00011214478236489213,0.0,0.075295276462166,0.0,1.4982434285962234,3.0000754107187815,3.0174102188419116
0.9999933228605973,0.0,0.00011202735842922317,0.0,0.07533527646216599,0.0,1.498163306437716,3.000075416063408,3.017029207319365
0.9999933321400432,0.0,0.00011191011823820677,0.0,0.07537527646216599,0.0,1.498083301051073,3.000075421401113,3.016648634339759
0.9999933414019536,0.0,0.00011179306140941563,0.0,0.07541527646216599,0.0,1.498003412194839,3.0000754267319185,3.0162684950936356
0.9999933506463659,0.0,0.0001116761875615526,0.0,0.07545527646216599,0.0,1.4979236396305675,3.0000754320558305,3.015888795501748
0.9999933598733236,0.0,0.00011155949631440489,0.0,0.07549527646216599,0.0,1.49784398311752,3.000075437372868,3.0155095291619882
0.9999933690828612,0.0,0.00011144298728852423,0.0,0.07553527646216598,0.0,1.4977644424161154,3.0000754426830345,3.0151307032300414
0.9999933782750225,0.0,0.00011132666010568533,0.0,0.07557527646216598,0.0,1.497685017286993,3.00007544798635,3.014752310935386
0.9999933874498458,0.0,0.0001112105143884309,0.0,0.07561527646216598,0.0,1.4976057074927371,3.0000754532828284,3.0143743467971893
0.9999933966073715,0.0,0.000111094549760476,0.0,0.07565527646216598,0.0,1.4975265127948323,3.0000754585724807,3.013996815763827
0.9999934057476361,0.0,0.00011097876584631759,0.0,0.07569527646216598,0.0,1.4974474329593035,3.0000754638553166,3.0136197223494334
0.9999934148706809,0.0,0.00011086316227157534,0.0,0.07573527646216598,0.0,1.4973684677448296,3.000075469131352,3.013243061685107
0.9999934239765463,0.0,0.00011074773866278425,0.0,0.07577527646216597,0.0,1.4972896169227707,3.0000754744006017,3.012866831749265
0.9999934330652669,0.0,0.00011063249464736446,0.0,0.07581527646216597,0.0,1.4972108802518345,3.000075479663072,3.012491027344994
0.9999934421368867,0.0,0.00011051742985390133,0.0,0.07585527646216597,0.0,1.4971322575017685,3.0000754849187827,3.01211565246966
0.9999934511914416,0.0,0.00011040254391168833,0.0,0.07589527646216597,0.0,1.4970537484376543,3.000075490167744,3.0117407108651153
0.9999934602289686,0.0,0.00011028783645114488,0.0,0.07593527646216597,0.0,1.4969753528239738,3.000075495409962,3.0113661954841926
0.9999934692495103,0.0,0.00011017330710366807,0.0,0.07597527646216597,0.0,1.496897070427081,3.000075500645458,3.010992110209291
0.9999934782531021,0.0,0.00011005895550138442,0.0,0.07601527646216596,0.0,1.4968189010223796,3.0000755058742414,3.01061844865348
0.9999934872397855,0.0,0.00010994478127765008,0.0,0.07605527646216596,0.0,1.4967408443733663,3.0000755110963273,3.0102452163908233
0.9999934962095961,0.0,0.00010983078406659992,0.0,0.07609527646216596,0.0,1.4966629002471832,3.000075516311724,3.0098724102820693
0.9999935051625712,0.0,0.00010971696350328259,0.0,0.07613527646216596,0.0,1.4965850684131101,3.000075521520442,3.0095000277352435
0.9999935140987516,0.0,0.00010960331922378552,0.0,0.07617527646216596,0.0,1.4965073486504155,3.0000755267225014,3.009128065190936
0.9999935230181746,0.0,0.00010948985086513132,0.0,0.07621527646216596,0.0,1.4964297407202816,3.0000755319179095,3.008756530561775
0.9999935319208773,0.0,0.00010937655806518496,0.0,0.07625527646216596,0.0,1.4963522443968884,3.0000755371066794,3.0083854196230995
0.9999935408068976,0.0,0.00010926344046282466,0.0,0.07629527646216595,0.0,1.4962748594524686,3.0000755422888234,3.008014726285896
0.9999935496762742,0.0,0.00010915049769777058,0.0,0.07633527646216595,0.0,1.496197585661756,3.0000755474643577,3.007644461845314
0.999993558529045,0.0,0.00010903772941078925,0.0,0.07637527646216595,0.0,1.4961204227967617,3.0000755526332923,3.007274611232932
0.9999935673652431,0.0,0.00010892513524342778,0.0,0.07641527646216595,0.0,1.496043370628714,3.0000755577956304,3.0069051867588854
0.9999935761849102,0.0,0.00010881271483824762,0.0,0.07645527646216595,0.0,1.4959664289377963,3.000075562951395,3.0065361810337
0.9999935849880845,0.0,0.00010870046783874509,0.0,0.07649527646216595,0.0,1.4958895974962654,3.0000755681006,3.0061675880998995
0.9999935937747992,0.0,0.00010858839388920203,0.0,0.07653527646216594,0.0,1.4958128760741778,3.0000755732432483,3.0057994183057573
0.9999936025450956,0.0,0.00010847649263501554,0.0,0.07657527646216594,0.0,1.4957362644526264,3.00007557837936,3.005431668461473
0.9999936112990078,0.0,0.00010836476372223067,0.0,0.07661527646216594,0.0,1.4956597624118915,3.0000755835089445,3.0050643336265948
0.9999936200365733,0.0,0.00010825320679803117,0.0,0.07665527646216594,0.0,1.495583369719753,3.0000755886320114,3.0046974115566414
0.999993628757828,0.0,0.00010814182151034985,0.0,0.07669527646216594,0.0,1.4955070861603332,3.0000755937485715,3.0043309079039946
0.9999936374628121,0.0,0.00010803060750810726,0.0,0.07673527646216594,0.0,1.4954309115128452,3.000075598858648,3.0039648182496945
0.999993646151559,0.0,0.00010791956444106405,0.0,0.07677527646216593,0.0,1.4953548455538013,3.0000756039622414,3.00359914219135
0.9999936548241067,0.0,0.00010780869195991189,0.0,0.07681527646216593,0.0,1.495278888067504,3.0000756090593694,3.0032338867941766
0.9999936634804917,0.0,0.00010769798971625429,0.0,0.07685527646216593,0.0,1.4952030388235111,3.0000756141500413,3.0028690377945937
0.9999936721207481,0.0,0.00010758745736242884,0.0,0.07689527646216593,0.0,1.495127297610817,3.0000756192342677,3.00250460375198
0.9999936807449147,0.0,0.00010747709455188912,0.0,0.07693527646216593,0.0,1.4950516642091802,3.0000756243120645,3.00214058243726
0.999993689353027,0.0,0.00010736690093880518,0.0,0.07697527646216593,0.0,1.4949761383989086,3.000075629383443,3.0017769676441404
0.99999369794512,0.0,0.0001072568761783263,0.0,0.07701527646216592,0.0,1.4949007199639126,3.000075634448409,3.0014137663837523
0.9999937065212319,0.0,0.00010714701992639785,0.0,0.07705527646216592,0.0,1.4948254086839647,3.000075639506984,3.0010509728140975
0.9999937150813976,0.0,0.00010703733183988047,0.0,0.07709527646216592,0.0,1.4947502043442742,3.000075644559176,3.000688594092936
0.9999937236256518,0.0,0.00010692781157648232,0.0,0.07713527646216592,0.0,1.494675106730513,3.0000756496049936,3.0003266165609155
0.9999937321540302,0.0,0.00010681845879484175,0.0,0.07717527646216592,0.0,1.4946001156218047,3.0000756546444474,2.9999650521402583
0.9999937406665704,0.0,0.000106709273154361,0.0,0.07721527646216592,0.0,1.4945252308109127,3.000075659677558,2.999603888585116
0.9999937491633063,0.0,0.00010660025431540283,0.0,0.07725527646216591,0.0,1.4944504520775335,3.00007566470433,2.9992431349015773
0.9999937576442728,0.0,0.00010649140193916294,0.0,0.07729527646216591,0.0,1.4943757792119943,3.000075669724773,2.998882797439892
0.9999937661095075,0.0,0.00010638271568766172,0.0,0.07733527646216591,0.0,1.4943012119944248,3.0000756747389072,2.998522849543705
0.9999937745590439,0.0,0.00010627419522384063,0.0,0.07737527646216591,0.0,1.4942267502163071,3.000075679746737,2.9981633103523952
0.9999937829929182,0.0,0.00010616584021142147,0.0,0.07741527646216591,0.0,1.494152393666297,3.0000756847482783,2.9978041800876265
0.9999937914111622,0.0,0.00010605765031496901,0.0,0.0774552764621659,0.0,1.494078142131612,3.000075689743535,2.9974454530701133
0.999993799813817,0.0,0.00010594962520006325,0.0,0.0774952764621659,0.0,1.494003995396906,3.0000756947325318,2.9970871236888303
0.9999938082009123,0.0,0.00010584176453288628,0.0,0.0775352764621659,0.0,1.4939299532575459,3.0000756997152687,2.99672919922481
0.9999938165724849,0.0,0.00010573406798062094,0.0,0.0775752764621659,0.0,1.4938560155011336,3.0000757046917625,2.9963716769785957
0.9999938249285696,0.0,0.00010562653521128204,0.0,0.0776152764621659,0.0,1.4937821819156165,3.000075709662023,2.9960145564409033
0.999993833269201,0.0,0.0001055191658936407,0.0,0.0776552764621659,0.0,1.4937084522969943,3.0000757146260657,2.9956578344381475
0.9999938415944127,0.0,0.00010541195969735576,0.0,0.0776952764621659,0.0,1.4936348264348995,3.000075719583897,2.995301510724754
0.9999938499042389,0.0,0.00010530491629295544,0.0,0.0777352764621659,0.0,1.493561304114696,3.000075724535526,2.994945586417627
0.9999938581987156,0.0,0.00010519803535177867,0.0,0.0777752764621659,0.0,1.4934878851343216,3.0000757294809683,2.9945900621414436
0.9999938664778765,0.0,0.0001050913165458858,0.0,0.07781527646216589,0.0,1.4934145692902707,3.000075734420239,2.9942349348580777
0.9999938747417556,0.0,0.00010498475954832115,0.0,0.07785527646216589,0.0,1.4933413563673295,3.0000757393533446,2.9938802043263415
0.9999938829903879,0.0,0.00010487836403288005,0.0,0.07789527646216589,0.0,1.4932682461689228,3.0000757442802994,2.99352587153438
0.999993891223804,0.0,0.0001047721296741606,0.0,0.07793527646216589,0.0,1.4931952384806426,3.0000757492011036,2.9931719305541122
0.9999938994420411,0.0,0.00010466605614757429,0.0,0.07797527646216589,0.0,1.4931223331023848,3.0000757541157825,2.992818388034903
0.9999939076451331,0.0,0.00010456014312942071,0.0,0.07801527646216588,0.0,1.4930495298314093,3.0000757590243436,2.9924652405652576
0.9999939158331108,0.0,0.00010445439029670895,0.0,0.07805527646216588,0.0,1.4929768284594311,3.000075763926792,2.992112483244659
0.9999939240060111,0.0,0.00010434879732738825,0.0,0.07809527646216588,0.0,1.492904228782274,3.0000757688231445,2.991760125116555
0.9999939321638669,0.0,0.00010424336390009067,0.0,0.07813527646216588,0.0,1.492831730601655,3.0000757737134136,2.991408155314216
0.9999939403067118,0.0,0.00010413808969433249,0.0,0.07817527646216588,0.0,1.4927593337124356,3.0000757785976093,2.991056581256936
0.9999939484345773,0.0,0.00010403297439033262,0.0,0.07821527646216588,0.0,1.4926870379178077,3.0000757834757414,2.9907053971581328
0.9999939565474975,0.0,0.00010392801766926216,0.0,0.07825527646216587,0.0,1.492614843004658,3.0000757883478166,2.9903546014658953
0.999993964645507,0.0,0.00010382321921303123,0.0,0.07829527646216587,0.0,1.4925427487822995,3.0000757932138518,2.9900041932757566
0.999993972728637,0.0,0.00010371857870425235,0.0,0.07833527646216587,0.0,1.4924707550444265,3.0000757980738544,2.9896541828853795
0.9999939807969224,0.0,0.00010361409582642153,0.0,0.07837527646216587,0.0,1.4923988615974064,3.0000758029278414,2.989304555337971
0.9999939888503957,0.0,0.00010350977026384144,0.0,0.07841527646216587,0.0,1.492327068234732,3.00007580777582,2.9889553161672984
0.9999939968890895,0.0,0.00010340560170159539,0.0,0.07845527646216587,0.0,1.4922553747606506,3.0000758126178,2.9886064686973426
0.9999940049130359,0.0,0.00010330158982548603,0.0,0.07849527646216586,0.0,1.4921837809756924,3.0000758174537916,2.9882580059128094
0.9999940129222671,0.0,0.00010319773432212074,0.0,0.07853527646216586,0.0,1.4921122866871743,3.0000758222838053,2.987909934517185
0.9999940209168194,0.0,0.0001030940348789692,0.0,0.07857527646216586,0.0,1.492040891690774,3.0000758271078616,2.9875622424836425
0.9999940288967205,0.0,0.00010299049118419491,0.0,0.07861527646216586,0.0,1.4919695957897408,3.000075831925957,2.9872149362207416
0.999994036862007,0.0,0.00010288710292680245,0.0,0.07865527646216586,0.0,1.4918983987929166,3.0000758367381137,2.9868680173326014
0.9999940448127095,0.0,0.00010278386979652687,0.0,0.07869527646216586,0.0,1.4918273004984137,3.000075841544336,2.9865214838213374
0.9999940527488592,0.0,0.00010268079148382901,0.0,0.07873527646216585,0.0,1.4917563007156531,3.000075846344637,2.986175333451433
0.999994060670491,0.0,0.00010257786768010072,0.0,0.07877527646216585,0.0,1.491685399245755,3.0000758511390275,2.9858295597613616
0.9999940685776337,0.0,0.00010247509807729522,0.0,0.07881527646216585,0.0,1.4916145958950155,3.0000758559275162,2.9854841744459826
0.9999940764703235,0.0,0.00010237248236829796,0.0,0.07885527646216585,0.0,1.4915438904734306,3.0000758607101212,2.985139168755991
0.9999940843485892,0.0,0.00010227002024670466,0.0,0.07889527646216585,0.0,1.4914732827817565,3.000075865486844,2.9847945441871677
0.9999940922124617,0.0,0.00010216771140681735,0.0,0.07893527646216585,0.0,1.4914027726276102,3.000075870257693,2.9844503019801545
0.9999941000619762,0.0,0.00010206555554375048,0.0,0.07897527646216584,0.0,1.4913323598222124,3.0000758750226906,2.9841064408114857
0.9999941078971635,0.0,0.00010196355235339208,0.0,0.07901527646216584,0.0,1.491262044169374,3.0000758797818414,2.9837629554932175
0.9999941157180547,0.0,0.00010186170153236419,0.0,0.07905527646216584,0.0,1.4911918254762173,3.0000758845351565,2.9834198480230443
0.9999941235246806,0.0,0.00010176000277799887,0.0,0.07909527646216584,0.0,1.4911217035586404,3.0000758892826442,2.9830771215684373
0.999994131317073,0.0,0.00010165845578842033,0.0,0.07913527646216584,0.0,1.4910516782201866,3.0000758940243157,2.982734767575552
0.999994139095265,0.0,0.00010155706026251808,0.0,0.07917527646216584,0.0,1.4909817492708108,3.0000758987601857,2.9823927995691504
0.9999941468592849,0.0,0.00010145581589991273,0.0,0.07921527646216583,0.0,1.4909119165197682,3.000075903490255,2.9820511985368974
0.9999941546091676,0.0,0.00010135472240092947,0.0,0.07925527646216583,0.0,1.4908421797802907,3.0000759082145474,2.981709980359313
0.9999941623449417,0.0,0.00010125377946665366,0.0,0.07929527646216583,0.0,1.4907725388655784,3.0000759129330654,2.981369133620605
0.9999941700666398,0.0,0.00010115298679897643,0.0,0.07933527646216583,0.0,1.490702993581474,3.000075917645822,2.9810286601502805
0.9999941777742901,0.0,0.00010105234410039437,0.0,0.07937527646216583,0.0,1.490633543742297,3.0000759223528215,2.980688563711417
0.9999941854679284,0.0,0.00010095185107430066,0.0,0.07941527646216583,0.0,1.4905641891628505,3.000075927054085,2.9803488401859854
0.9999941931475812,0.0,0.00010085150742468326,0.0,0.07945527646216582,0.0,1.4904949296521832,3.000075931749613,2.9800094888625783
0.9999942008132812,0.0,0.00010075131285630881,0.0,0.07949527646216582,0.0,1.490425765027313,3.000075936439421,2.9796705091576836
0.9999942084650592,0.0,0.00010065126707469836,0.0,0.07953527646216582,0.0,1.4903566951002147,3.0000759411235185,2.979331905386572
0.9999942161029459,0.0,0.00010055136978604791,0.0,0.07957527646216582,0.0,1.490287719686203,3.0000759458019184,2.9789936658323706
0.9999942237269693,0.0,0.00010045162069731488,0.0,0.07961527646216582,0.0,1.4902188385955417,3.00007595047462,2.9786558029293526
0.9999942313371634,0.0,0.00010035201951616716,0.0,0.07965527646216582,0.0,1.4901500516506103,3.000075955141647,2.9783183072073105
0.9999942389335574,0.0,0.00010025256595096754,0.0,0.07969527646216581,0.0,1.4900813586629642,3.0000759598030067,2.9779811775811162
0.999994246516181,0.0,0.00010015325971087877,0.0,0.07973527646216581,0.0,1.4900127594507642,3.000075964458704,2.9776444182667863
0.9999942540850646,0.0,0.0001000541005056727,0.0,0.07977527646216581,0.0,1.489944253825056,3.000075969108751,2.977308030463996
0.9999942616402373,0.0,9.995508804587195e-5,0.0,0.07981527646216581,0.0,1.489875841608033,3.0000759737531557,2.9769720084852485
0.999994269181733,0.0,9.985622204278046e-5,0.0,0.07985527646216581,0.0,1.489807522617541,3.0000759783919384,2.9766363528742814
0.9999942767095783,0.0,9.975750220830394e-5,0.0,0.0798952764621658,0.0,1.4897392966715584,3.0000759830250994,2.976301065761989
0.9999942842238039,0.0,9.965892825512641e-5,0.0,0.0799352764621658,0.0,1.4896711635826885,3.00007598765265,2.9759661384070193
0.9999942917244398,0.0,9.956049989658287e-5,0.0,0.0799752764621658,0.0,1.4896031231781235,3.0000759922746028,2.9756315814398206
0.9999942992115148,0.0,9.946221684673794e-5,0.0,0.0800152764621658,0.0,1.48953517526927,3.0000759968909647,2.975297393993662
0.9999943066850612,0.0,9.93640788203704e-5,0.0,0.0800552764621658,0.0,1.4894673196807453,3.0000760015017534,2.974963559472945
0.9999943141451048,0.0,9.926608553297076e-5,0.0,0.0800952764621658,0.0,1.4893995562304154,3.000076006106964,2.9746300948348456
0.9999943215916792,0.0,9.916823670068708e-5,0.0,0.0801352764621658,0.0,1.489331884739322,3.000076010706622,2.9742969956702976
0.9999943290248109,0.0,9.907053204034272e-5,0.0,0.0801752764621658,0.0,1.4892643050277345,3.0000760153007286,2.9739642516191895
0.9999943364445315,0.0,9.897297126953106e-5,0.0,0.0802152764621658,0.0,1.4891968169222498,3.0000760198892986,2.9736318748803514
0.9999943438508698,0.0,9.887555410647311e-5,0.0,0.08025527646216579,0.0,1.4891294202418461,3.0000760244723423,2.973299858188782
0.9999943512438539,0.0,9.877828027011135e-5,0.0,0.08029527646216579,0.0,1.489062114801193,3.0000760290498625,2.9729682041835845
0.9999943586235132,0.0,9.868114948001859e-5,0.0,0.08033527646216579,0.0,1.4889949004314582,3.0000760336218737,2.9726369003153867
0.9999943659898779,0.0,9.858416145650918e-5,0.0,0.08037527646216579,0.0,1.4889277769567086,3.0000760381883884,2.9723059707461044
0.9999943733429771,0.0,9.848731592063276e-5,0.0,0.08041527646216579,0.0,1.4888607441927928,3.0000760427494124,2.9719753926930212
0.999994380682837,0.0,9.83906125939123e-5,0.0,0.08045527646216578,0.0,1.4887938019726266,3.0000760473049537,2.971645168932385
0.9999943880094907,0.0,9.829405119881663e-5,0.0,0.08049527646216578,0.0,1.4887269501142517,3.000076051855029,2.9713153105135794
0.9999943953229636,0.0,9.819763145828247e-5,0.0,0.08053527646216578,0.0,1.4886601884414197,3.0000760563996427,2.9709858026367435
0.999994402623287,0.0,9.81013530960405e-5,0.0,0.08057527646216578,0.0,1.4885935167888311,3.000076060938807,2.9706566612576655
0.9999944099104867,0.0,9.800521583644145e-5,0.0,0.08061527646216578,0.0,1.4885269349723058,3.000076065472526,2.9703278650615696
0.9999944171845928,0.0,9.79092194044866e-5,0.0,0.08065527646216578,0.0,1.4884604428236299,3.000076070000815,2.969999429981611
0.9999944244456361,0.0,9.781336352596188e-5,0.0,0.08069527646216577,0.0,1.4883940401656566,3.0000760745236867,2.969671348568063
0.9999944316936416,0.0,9.771764792713474e-5,0.0,0.08073527646216577,0.0,1.4883277268252508,3.0000760790411443,2.969343623693052
0.99999443892864,0.0,9.762207233507507e-5,0.0,0.08077527646216577,0.0,1.4882615026360875,3.000076083553203,2.9690162508646156
0.9999944461506581,0.0,9.752663647752708e-5,0.0,0.08081527646216577,0.0,1.4881953674180235,3.000076088059865,2.9686892304146157
0.9999944533597236,0.0,9.743134008275704e-5,0.0,0.08085527646216577,0.0,1.4881293210024482,3.000076092561143,2.9683625729104857
0.9999944605558683,0.0,9.733618287985628e-5,0.0,0.08089527646216577,0.0,1.4880633632199811,3.0000760970570544,2.968036260553673
0.9999944677391173,0.0,9.72411645984486e-5,0.0,0.08093527646216576,0.0,1.487997493895903,3.000076101547602,2.967710289133931
0.9999944749094974,0.0,9.714628496886699e-5,0.0,0.08097527646216576,0.0,1.487931712862494,3.000076106032789,2.9673846826973214
0.9999944820670399,0.0,9.705154372211772e-5,0.0,0.08101527646216576,0.0,1.4878660199476947,3.000076110512636,2.967059422105784
0.9999944892117711,0.0,9.695694058982276e-5,0.0,0.08105527646216576,0.0,1.4878004149835509,3.000076114987147,2.96673451693331
0.9999944963437161,0.0,9.68624753042025e-5,0.0,0.08109527646216576,0.0,1.4877348978004956,3.0000761194563252,2.9664099529663197
0.99999450346291,0.0,9.676814759830061e-5,0.0,0.08113527646216576,0.0,1.4876694682268063,3.0000761239202007,2.9660857377995162
0.999994510569373,0.0,9.667395720557881e-5,0.0,0.08117527646216575,0.0,1.4876041260981983,3.000076128378761,2.965761876648125
0.9999945176631381,0.0,9.657990386033942e-5,0.0,0.08121527646216575,0.0,1.4875388712458415,3.00007613283203,2.9654383625794547
0.9999945247442276,0.0,9.648598729736146e-5,0.0,0.08125527646216575,0.0,1.4874737034972594,3.0000761372800033,2.9651151986972937
0.9999945318126727,0.0,9.639220725220195e-5,0.0,0.08129527646216575,0.0,1.4874086226889158,3.0000761417227,2.9647923786601944
0.9999945388684999,0.0,9.629856346094632e-5,0.0,0.08133527646216575,0.0,1.4873436286525483,3.0000761461601297,2.964469905306519
0.9999945459117378,0.0,9.620505566038298e-5,0.0,0.08137527646216575,0.0,1.4872787212276621,3.000076150592305,2.9641477701656047
0.9999945529424118,0.0,9.61116835879962e-5,0.0,0.08141527646216574,0.0,1.487213900239176,3.0000761550192223,2.9638259892940284
0.9999945599605468,0.0,9.601844698168711e-5,0.0,0.08145527646216574,0.0,1.4871491655237354,3.0000761594408933,2.963504552797205
0.999994566966176,0.0,9.592534558025103e-5,0.0,0.08149527646216574,0.0,1.4870845169232387,3.0000761638573405,2.963183453830005
0.9999945739593233,0.0,9.583237912291584e-5,0.0,0.08153527646216574,0.0,1.4870199542627782,3.0000761682685666,2.962862706933324
0.9999945809400139,0.0,9.57395473496222e-5,0.0,0.08157527646216574,0.0,1.4869554773819382,3.0000761726745715,2.9625423014465126
0.9999945879082772,0.0,9.564685000091174e-5,0.0,0.08161527646216574,0.0,1.4868910861177045,3.000076177075376,2.96222223429349
0.9999945948641408,0.0,9.555428681801968e-5,0.0,0.08165527646216574,0.0,1.4868267803049706,3.0000761814709875,2.9619025100558196
0.9999946018076293,0.0,9.546185754267996e-5,0.0,0.08169527646216573,0.0,1.486762559781437,3.000076185861411,2.9615831268009893
0.9999946087387713,0.0,9.53695619172987e-5,0.0,0.08173527646216573,0.0,1.48669842438577,3.0000761902466637,2.9612640847795735
0.9999946156575905,0.0,9.527739968496885e-5,0.0,0.08177527646216573,0.0,1.4866343739471435,3.0000761946267382,2.960945387252254
0.9999946225641146,0.0,9.518537058927761e-5,0.0,0.08181527646216573,0.0,1.486570408310836,3.0000761990016547,2.9606270305971414
0.9999946294583749,0.0,9.509347437455963e-5,0.0,0.08185527646216573,0.0,1.4865065273189952,3.0000762033714325,2.960309004434009
0.9999946363403897,0.0,9.50017107856261e-5,0.0,0.08189527646216573,0.0,1.4864427307971044,3.0000762077360568,2.959991324587209
0.9999946432101928,0.0,9.491007956799614e-5,0.0,0.08193527646216572,0.0,1.4863790185981651,3.0000762120955615,2.95967398335792
0.9999946500678062,0.0,9.481858046778998e-5,0.0,0.08197527646216572,0.0,1.4863153905515056,3.000076216449939,2.959356970446868
0.9999946569132578,0.0,9.472721323167437e-5,0.0,0.08201527646216572,0.0,1.486251846504149,3.0000762207992056,2.9590403035992425
0.9999946637465713,0.0,9.463597760695802e-5,0.0,0.08205527646216572,0.0,1.4861883862857221,3.0000762251433604,2.9587239718814833
0.9999946705677768,0.0,9.454487334160872e-5,0.0,0.08209527646216572,0.0,1.4861250097514365,3.0000762294824264,2.958407976614483
0.999994677376898,0.0,9.445390018412219e-5,0.0,0.08213527646216572,0.0,1.486061716728527,3.0000762338164026,2.9580923169806397
0.999994684173962,0.0,9.436305788359889e-5,0.0,0.08217527646216571,0.0,1.485998507064641,3.0000762381453057,2.9577769878904934
0.9999946909589926,0.0,9.427234618979212e-5,0.0,0.08221527646216571,0.0,1.4859353806036553,3.0000762424691327,2.957461992493283
0.9999946977320177,0.0,9.418176485291595e-5,0.0,0.08225527646216571,0.0,1.4858723371827933,3.0000762467879074,2.9571473398662143
0.999994704493064,0.0,9.409131362404118e-5,0.0,0.08229527646216571,0.0,1.4858093766463316,3.0000762511016306,2.9568330166658
0.9999947112421556,0.0,9.400099225452763e-5,0.0,0.08233527646216571,0.0,1.4857464988408176,3.000076255410315,2.9565190226611033
0.9999947179793166,0.0,9.391080049658669e-5,0.0,0.0823752764621657,0.0,1.485683703595916,3.0000762597139556,2.9562053659928376
0.9999947247045751,0.0,9.382073810281943e-5,0.0,0.0824152764621657,0.0,1.4856209907695286,3.0000762640125775,2.9558920426255155
0.9999947314179574,0.0,9.373080482655643e-5,0.0,0.0824552764621657,0.0,1.4855583602013016,3.000076268306186,2.9555790505364916
0.9999947381194858,0.0,9.36410004215974e-5,0.0,0.0824952764621657,0.0,1.485495811735716,3.000076272594786,2.955266385840223
0.99999474480919,0.0,9.355132464247448e-5,0.0,0.0825352764621657,0.0,1.4854333452164659,3.000076276878392,2.954954053517217
0.9999947514870923,0.0,9.346177724419108e-5,0.0,0.0825752764621657,0.0,1.4853709604862464,3.000076281157006,2.954642049215801
0.9999947581532173,0.0,9.337235798226753e-5,0.0,0.0826152764621657,0.0,1.48530865739343,3.0000762854306404,2.9543303766514075
0.999994764807593,0.0,9.328306661301803e-5,0.0,0.0826552764621657,0.0,1.4852464357833377,3.0000762896993054,2.9540190323164124
0.9999947714502407,0.0,9.319390289316198e-5,0.0,0.08269527646216569,0.0,1.4851842955014611,3.000076293962999,2.953708015571095
0.9999947780811909,0.0,9.310486658010904e-5,0.0,0.08273527646216569,0.0,1.4851222363949221,3.0000762982217455,2.9533973235603335
0.9999947847004633,0.0,9.301595743166356e-5,0.0,0.08277527646216569,0.0,1.4850602583066186,3.0000763024755424,2.95308696357851
0.9999947913080867,0.0,9.292717520643527e-5,0.0,0.08281527646216569,0.0,1.4849983610923143,3.0000763067244036,2.952776928506993
0.9999947979040852,0.0,9.283851966344179e-5,0.0,0.08285527646216569,0.0,1.4849365445904046,3.0000763109683404,2.952467225335863
0.9999948044884815,0.0,9.274999056233947e-5,0.0,0.08289527646216568,0.0,1.4848748086550163,3.0000763152073513,2.952157840166987
0.9999948110613042,0.0,9.266158766333192e-5,0.0,0.08293527646216568,0.0,1.4848131531306192,3.000076319441459,2.951848787339128
0.9999948176225739,0.0,9.257331072721593e-5,0.0,0.08297527646216568,0.0,1.4847515778651597,3.0000763236706565,2.95154005117437
0.9999948241723174,0.0,9.248515951533012e-5,0.0,0.08301527646216568,0.0,1.4846900827087763,3.0000763278949583,2.951231655089968
0.9999948307105616,0.0,9.239713378958391e-5,0.0,0.08305527646216568,0.0,1.484628667516687,3.0000763321143835,2.950923568342927
0.9999948372373265,0.0,9.230923331243006e-5,0.0,0.08309527646216568,0.0,1.4845673321285577,3.0000763363289242,2.9506158108719123
0.9999948437526385,0.0,9.222145784683804e-5,0.0,0.08313527646216567,0.0,1.4845060764014892,3.0000763405386,2.950308369796614
0.9999948502565235,0.0,9.213380715653507e-5,0.0,0.08317527646216567,0.0,1.4844449001825262,3.000076344743415,2.9500012560483286
0.9999948567490055,0.0,9.204628100557691e-5,0.0,0.08321527646216567,0.0,1.4843838033285381,3.000076348943384,2.9496944587851197
0.9999948632301069,0.0,9.195887915871431e-5,0.0,0.08325527646216567,0.0,1.4843227856786563,3.0000763531385037,2.9493879907916494
0.9999948696998517,0.0,9.187160138117568e-5,0.0,0.08329527646216567,0.0,1.4842618470910447,3.000076357328783,2.9490818387832567
0.9999948761582675,0.0,9.178444743876708e-5,0.0,0.08333527646216567,0.0,1.4842009874203463,3.000076361514245,2.9487760104738614
0.9999948826053756,0.0,9.169741709788752e-5,0.0,0.08337527646216567,0.0,1.4841402065126115,3.000076365694884,2.948470501343825
0.9999948890412,0.0,9.161051012538425e-5,0.0,0.08341527646216566,0.0,1.4840795042233819,3.0000763698707136,2.9481653039873637
0.9999948954657669,0.0,9.152372628877379e-5,0.0,0.08345527646216566,0.0,1.4840188804095362,3.000076374041746,2.9478604423681243
0.9999949018790992,0.0,9.143706535608822e-5,0.0,0.08349527646216566,0.0,1.4839583349172227,3.000076378207983,2.9475558839734406
0.9999949082812195,0.0,9.13505270958276e-5,0.0,0.08353527646216566,0.0,1.4838978676022752,3.0000763823694325,2.94725164479907
0.9999949146721554,0.0,9.126411127713455e-5,0.0,0.08357527646216566,0.0,1.4838374783217545,3.0000763865261137,2.9469477325225504
0.999994921051925,0.0,9.117781766955974e-5,0.0,0.08361527646216566,0.0,1.483777166924189,3.0000763906780197,2.946644125483065
0.9999949274205561,0.0,9.109164604336975e-5,0.0,0.08365527646216565,0.0,1.4837169332676285,3.0000763948251685,2.946340839836481
0.9999949337780717,0.0,9.100559616929098e-5,0.0,0.08369527646216565,0.0,1.4836567772039033,3.000076398967564,2.9460378682328514
0.9999949401244941,0.0,9.091966781850225e-5,0.0,0.08373527646216565,0.0,1.4835966985936198,3.0000764031052163,2.9457352142662345
0.9999949464598485,0.0,9.083386076286341e-5,0.0,0.08377527646216565,0.0,1.4835366972849038,3.0000764072381343,2.945432873575813
0.9999949527841586,0.0,9.074817477468955e-5,0.0,0.08381527646216565,0.0,1.4834767731418548,3.000076411366328,2.945130853458028
0.9999949590974466,0.0,9.06626096268202e-5,0.0,0.08385527646216565,0.0,1.4834169260161536,3.000076415489803,2.9448291424875213
0.9999949653997349,0.0,9.057716509267217e-5,0.0,0.08389527646216564,0.0,1.4833571557613185,3.0000764196085603,2.94452774328599
0.9999949716910482,0.0,9.04918409461162e-5,0.0,0.08393527646216564,0.0,1.4832974622419588,3.0000764237226196,2.9442266637253427
0.9999949779714111,0.0,9.04066369616761e-5,0.0,0.08397527646216564,0.0,1.4832378453092836,3.0000764278319867,2.9439258873089296
0.9999949842408451,0.0,9.032155291428103e-5,0.0,0.08401527646216564,0.0,1.4831783048195857,3.0000764319366673,2.943625431488365
0.9999949904993725,0.0,9.023658857948265e-5,0.0,0.08405527646216564,0.0,1.4831188406369997,3.0000764360366627,2.9433252801778855
0.9999949967470199,0.0,9.015174373324996e-5,0.0,0.08409527646216564,0.0,1.4830594526138854,3.000076440131999,2.943025445585214
0.9999950029838062,0.0,9.006701815213834e-5,0.0,0.08413527646216563,0.0,1.4830001406143232,3.000076444222668,2.9427259196514814
0.999995009209756,0.0,8.998241161327144e-5,0.0,0.08417527646216563,0.0,1.4829409044890818,3.0000764483086804,2.942426699395764
0.9999950154248933,0.0,8.989792389418901e-5,0.0,0.08421527646216563,0.0,1.4828817441045565,3.0000764523900516,2.942127797346719
0.9999950216292379,0.0,8.981355477302369e-5,0.0,0.08425527646216563,0.0,1.4828226593168596,3.0000764564667755,2.9418291932165888
0.9999950278228186,0.0,8.972930402843622e-5,0.0,0.08429527646216563,0.0,1.4827636499915533,3.0000764605388834,2.941530905743989
0.9999950340056514,0.0,8.964517143948303e-5,0.0,0.08433527646216563,0.0,1.482704715977646,3.0000764646063605,2.9412329303220694
0.9999950401777621,0.0,8.956115678591271e-5,0.0,0.08437527646216562,0.0,1.482645857145469,3.000076468669221,2.9409352513521223
0.9999950463391748,0.0,8.94772598478603e-5,0.0,0.08441527646216562,0.0,1.4825870733508764,3.0000764727274825,2.9406378868930285
0.9999950524899097,0.0,8.939348040599095e-5,0.0,0.08445527646216562,0.0,1.4825283644555152,3.000076476781142,2.940340832787723
0.9999950586299895,0.0,8.930981824148925e-5,0.0,0.08449527646216562,0.0,1.4824697303212855,3.00007648083021,2.9400440734315105
0.9999950647594376,0.0,8.922627313607603e-5,0.0,0.08453527646216562,0.0,1.4824111708100398,3.0000764848746972,2.9397476293017957
0.9999950708782754,0.0,8.914284487193859e-5,0.0,0.08457527646216562,0.0,1.482352685785171,3.000076488914607,2.939451487143877
0.9999950769865272,0.0,8.90595332318079e-5,0.0,0.08461527646216561,0.0,1.4822942751086519,3.0000764929499546,2.9391556530184277
0.9999950830842137,0.0,8.897633799889265e-5,0.0,0.08465527646216561,0.0,1.4822359386394184,3.000076496980742,2.9388601223324455
0.999995089171359,0.0,8.88932589569434e-5,0.0,0.08469527646216561,0.0,1.4821776762459373,3.000076501006981,2.9385648887900624
0.9999950952479812,0.0,8.881029589005252e-5,0.0,0.08473527646216561,0.0,1.482119487788716,3.0000765050286726,2.9382699713100817
0.9999951013141064,0.0,8.872744858307655e-5,0.0,0.08477527646216561,0.0,1.4820613731283578,3.000076509045831,2.937975347839574
0.9999951073697553,0.0,8.864471682117945e-5,0.0,0.0848152764621656,0.0,1.4820033321428958,3.000076513058461,2.9376810263788373
0.9999951134149506,0.0,8.856210039013511e-5,0.0,0.0848552764621656,0.0,1.481945364675374,3.0000765170665695,2.937387008669834
0.9999951194497132,0.0,8.847959907603726e-5,0.0,0.0848952764621656,0.0,1.481887470600667,3.000076521070168,2.9370932934860874
0.9999951254740646,0.0,8.839721266565931e-5,0.0,0.0849352764621656,0.0,1.4818296497868153,3.0000765250692583,2.9367998790845413
0.9999951314880283,0.0,8.831494094620564e-5,0.0,0.0849752764621656,0.0,1.4817719020940112,3.0000765290638527,2.9365067631267205
0.9999951374916255,0.0,8.823278370533464e-5,0.0,0.0850152764621656,0.0,1.4817142273964954,3.000076533053961,2.9362139542349577
0.9999951434848783,0.0,8.815074073128486e-5,0.0,0.0850552764621656,0.0,1.481656625543873,3.0000765370395848,2.9359214358405725
0.9999951494678071,0.0,8.806881181264664e-5,0.0,0.0850952764621656,0.0,1.4815990964187917,3.000076541020735,2.935629227822302
0.9999951554404363,0.0,8.798699673862216e-5,0.0,0.0851352764621656,0.0,1.4815416398796843,3.000076544997424,2.9353373113014665
0.9999951614027836,0.0,8.790529529883482e-5,0.0,0.08517527646216559,0.0,1.481484255789847,3.0000765489696475,2.9350456915059504
0.9999951673548743,0.0,8.782370728343823e-5,0.0,0.08521527646216559,0.0,1.4814269440264123,3.0000765529374256,2.934754373583902
0.9999951732967295,0.0,8.77422324830611e-5,0.0,0.08525527646216559,0.0,1.4813697044461476,3.000076556900763,2.9344633517680765
0.9999951792283657,0.0,8.766087068867914e-5,0.0,0.08529527646216559,0.0,1.481312536922566,3.000076560859655,2.9341726243412545
0.9999951851498114,0.0,8.757962169203514e-5,0.0,0.08533527646216559,0.0,1.4812554413247916,3.000076564814125,2.9338821982669345
0.9999951910610826,0.0,8.749848528503307e-5,0.0,0.08537527646216558,0.0,1.481198417517228,3.000076568764172,2.9335920690601185
0.9999951969622037,0.0,8.741746126031024e-5,0.0,0.08541527646216558,0.0,1.4811414653705819,3.000076572709807,2.933302227239341
0.9999952028531952,0.0,8.733654941081634e-5,0.0,0.08545527646216558,0.0,1.4810845847576048,3.0000765766510384,2.9330126868821416
0.9999952087340769,0.0,8.725574953003984e-5,0.0,0.08549527646216558,0.0,1.4810277755362948,3.0000765805878684,2.932723441564872
0.9999952146048703,0.0,8.717506141196261e-5,0.0,0.08553527646216558,0.0,1.4809710375843432,3.0000765845203037,2.9324344912041678
0.9999952204655987,0.0,8.709448485101081e-5,0.0,0.08557527646216558,0.0,1.4809143707706316,3.000076588448362,2.932145826407096
0.9999952263162815,0.0,8.701401964204652e-5,0.0,0.08561527646216557,0.0,1.480857774967022,3.0000765923720465,2.931857461907872
0.9999952321569395,0.0,8.693366558051841e-5,0.0,0.08565527646216557,0.0,1.4808012500399224,3.000076596291358,2.931569394771245
0.999995237987595,0.0,8.685342246222376e-5,0.0,0.08569527646216557,0.0,1.4807447958626894,3.000076600206313,2.931281611031915
0.9999952438082662,0.0,8.677329008344766e-5,0.0,0.08573527646216557,0.0,1.480688412303035,3.0000766041169107,2.9309941307227207
0.9999952496189769,0.0,8.669326824104693e-5,0.0,0.08577527646216557,0.0,1.4806320992357827,3.0000766080231624,2.93070692893101
0.9999952554197463,0.0,8.661335673216165e-5,0.0,0.08581527646216557,0.0,1.4805758565303153,3.0000766119250795,2.930420026003325
0.9999952612105945,0.0,8.65335553545504e-5,0.0,0.08585527646216556,0.0,1.480519684057406,3.0000766158226604,2.9301334177420566
0.9999952669915441,0.0,8.645386390641673e-5,0.0,0.08589527646216556,0.0,1.4804635816919944,3.0000766197159185,2.92984708434176
0.999995272762614,0.0,8.637428218632919e-5,0.0,0.08593527646216556,0.0,1.4804075493042705,3.000076623604859,2.929561053626324
0.9999952785238271,0.0,8.629480999341038e-5,0.0,0.08597527646216556,0.0,1.4803515867739623,3.000076627489496,2.929275311277594
0.9999952842752005,0.0,8.62154471272062e-5,0.0,0.08601527646216556,0.0,1.480295693961737,3.0000766313698226,2.92898985327518
0.9999952900167592,0.0,8.613619338773732e-5,0.0,0.08605527646216556,0.0,1.480239870748361,3.0000766352458648,2.9287046889776995
0.9999952957485186,0.0,8.605704857541563e-5,0.0,0.08609527646216555,0.0,1.4801841170111456,3.0000766391176112,2.9284198073081606
0.9999953014705001,0.0,8.597801249116528e-5,0.0,0.08613527646216555,0.0,1.4801284326124988,3.0000766429850736,2.928135216733849
0.9999953071827282,0.0,8.589908493644924e-5,0.0,0.08617527646216555,0.0,1.4800728174365392,3.0000766468482705,2.9278509162803497
0.9999953128852205,0.0,8.582026571300389e-5,0.0,0.08621527646216555,0.0,1.4800172713510202,3.0000766507072028,2.9275669004393206
0.9999953185779951,0.0,8.574155462312593e-5,0.0,0.08625527646216555,0.0,1.4799617942345908,3.0000766545618687,2.9272831673182607
0.9999953242610765,0.0,8.566295146957839e-5,0.0,0.08629527646216555,0.0,1.4799063859614907,3.00007665841229,2.9269997156269607
0.9999953299344816,0.0,8.558445605547477e-5,0.0,0.08633527646216554,0.0,1.479851046409059,3.0000766622584654,2.926716560149584
0.9999953355982326,0.0,8.550606818449129e-5,0.0,0.08637527646216554,0.0,1.4797957754508175,3.000076666100407,2.926433681253089
0.9999953412523455,0.0,8.54277876606105e-5,0.0,0.08641527646216554,0.0,1.4797405729599298,3.0000766699381103,2.926151092152206
0.9999953468968451,0.0,8.534961428846402e-5,0.0,0.08645527646216554,0.0,1.4796854388146559,3.000076673771595,2.925868786082647
0.9999953525317491,0.0,8.527154787297262e-5,0.0,0.08649527646216554,0.0,1.4796303728935165,3.000076677600861,2.9255867654449474
0.9999953581570801,0.0,8.519358821951088e-5,0.0,0.08653527646216554,0.0,1.4795753750724663,3.00007668142593,2.9253050210928273
0.9999953637728527,0.0,8.511573513389985e-5,0.0,0.08657527646216553,0.0,1.4795204452264816,3.0000766852467877,2.9250235681778562
0.9999953693790896,0.0,8.503798842248521e-5,0.0,0.08661527646216553,0.0,1.4794655832334298,3.0000766890634485,2.924742392142682
0.9999953749758127,0.0,8.496034789197533e-5,0.0,0.08665527646216553,0.0,1.4794107889682013,3.0000766928759295,2.9244615046244182
0.9999953805630382,0.0,8.488281334952191e-5,0.0,0.08669527646216553,0.0,1.4793560623152537,3.000076696684225,2.9241808936010907
0.9999953861407883,0.0,8.480538460271137e-5,0.0,0.08673527646216553,0.0,1.4793014031481229,3.0000767004883517,2.923900558650871
0.9999953917090808,0.0,8.472806145959222e-5,0.0,0.08677527646216553,0.0,1.4792468113470083,3.0000767042883103,2.9236205096077987
0.9999953972679356,0.0,8.465084372861525e-5,0.0,0.08681527646216552,0.0,1.4791922867866572,3.000076708084108,2.9233407381004746
0.9999954028173725,0.0,8.457373121871019e-5,0.0,0.08685527646216552,0.0,1.4791378293487203,3.000076711875753,2.9230612543959498
0.9999954083574106,0.0,8.449672373917619e-5,0.0,0.08689527646216552,0.0,1.4790834389119971,3.000076715663251,2.9227820400839057
0.9999954138880711,0.0,8.441982109983205e-5,0.0,0.08693527646216552,0.0,1.4790291153565824,3.0000767194466147,2.9225031103527073
0.9999954194093723,0.0,8.434302311083031e-5,0.0,0.08697527646216552,0.0,1.478974858559675,3.000076723225849,2.9222244597934313
0.9999954249213319,0.0,8.42663295827959e-5,0.0,0.08701527646216552,0.0,1.4789206684109664,3.0000767270009523,2.9219460835961004
0.9999954304239713,0.0,8.418974032676664e-5,0.0,0.08705527646216552,0.0,1.4788665447759781,3.000076730771944,2.921667988476302
0.9999954359173095,0.0,8.411325515425776e-5,0.0,0.08709527646216551,0.0,1.4788124875433029,3.000076734538826,2.921390170818338
0.9999954414013649,0.0,8.403687387717382e-5,0.0,0.08713527646216551,0.0,1.4787584965922909,3.0000767383016,2.921112627381973
0.9999954468761567,0.0,8.39605963077982e-5,0.0,0.08717527646216551,0.0,1.4787045718055372,3.0000767420602785,2.9208353552072723
0.9999954523417038,0.0,8.388442225892243e-5,0.0,0.08721527646216551,0.0,1.4786507130633402,3.000076745814864,2.9205583682788907
0.999995457798024,0.0,8.38083515436298e-5,0.0,0.0872552764621655,0.0,1.4785969202460278,3.0000767495653635,2.920281655596523
0.9999954632451413,0.0,8.373238397564775e-5,0.0,0.0872952764621655,0.0,1.4785431932376283,3.000076753311797,2.920005218098146
0.9999954686830718,0.0,8.365651936896568e-5,0.0,0.0873352764621655,0.0,1.478489531918898,3.000076757054158,2.919729051019284
0.9999954741118313,0.0,8.358075753785972e-5,0.0,0.0873752764621655,0.0,1.4784359361704247,3.0000767607924543,2.919453162978797
0.9999954795314426,0.0,8.350509829739135e-5,0.0,0.0874152764621655,0.0,1.478382405872123,3.00007676452669,2.9191775475708766
0.9999954849419235,0.0,8.342954146266697e-5,0.0,0.0874552764621655,0.0,1.478328940918578,3.0000767682568825,2.918902195279893
0.9999954903432937,0.0,8.335408684940313e-5,0.0,0.0874952764621655,0.0,1.478275541185595,3.000076771983039,2.918627142751266
0.9999954957355682,0.0,8.327873427372793e-5,0.0,0.0875352764621655,0.0,1.4782222065547828,3.000076775705146,2.918352331252897
0.9999955011187688,0.0,8.320348355209365e-5,0.0,0.0875752764621655,0.0,1.4781689369106652,3.0000767794232286,2.918077809274599
0.9999955064929157,0.0,8.312833450146301e-5,0.0,0.08761527646216549,0.0,1.4781157321400398,3.0000767831372963,2.9178035578763306
0.9999955118580238,0.0,8.305328693914801e-5,0.0,0.08765527646216549,0.0,1.4780625921234674,3.0000767868473406,2.9175295697807195
0.9999955172141147,0.0,8.297834068289721e-5,0.0,0.08769527646216549,0.0,1.4780095167508287,3.0000767905533814,2.91725585850264
0.999995522561204,0.0,8.29034955508238e-5,0.0,0.08773527646216549,0.0,1.477956505900566,3.0000767942554143,2.916982426534948
0.99999552789931,0.0,8.282875136142646e-5,0.0,0.08777527646216549,0.0,1.477903559458818,3.0000767979534495,2.916709256929266
0.9999955332284557,0.0,8.275410793380876e-5,0.0,0.08781527646216548,0.0,1.4778506773139124,3.0000768016475026,2.9164363547258554
0.9999955385486561,0.0,8.267956508725741e-5,0.0,0.08785527646216548,0.0,1.4777978593494063,3.0000768053375713,2.916163722806088
0.9999955438599284,0.0,8.260512264150994e-5,0.0,0.08789527646216548,0.0,1.47774510544829,3.0000768090236587,2.9158913604287457
0.9999955491622949,0.0,8.253078041679384e-5,0.0,0.08793527646216548,0.0,1.4776924155000966,3.000076812705787,2.9156192647045183
0.9999955544557712,0.0,8.245653823362824e-5,0.0,0.08797527646216548,0.0,1.477639789394699,3.0000768163839515,2.915347438254936
0.9999955597403744,0.0,8.23823959129944e-5,0.0,0.08801527646216548,0.0,1.4775872270143842,3.000076820058156,2.9150758857922487
0.9999955650161245,0.0,8.230835327629701e-5,0.0,0.08805527646216547,0.0,1.4775347282424998,3.0000768237284126,2.91480459975903
0.999995570283041,0.0,8.223441014532197e-5,0.0,0.08809527646216547,0.0,1.4774822929690372,3.00007682739473,2.91453357520926
0.9999955755411377,0.0,8.216056634215167e-5,0.0,0.08813527646216547,0.0,1.4774299210866317,3.000076831057106,2.9142628193407827
0.999995580790437,0.0,8.208682168943798e-5,0.0,0.08817527646216547,0.0,1.4773776124710498,3.0000768347155575,2.9139923290466556
0.9999955860309537,0.0,8.201317601009111e-5,0.0,0.08821527646216547,0.0,1.477325367018773,3.000076838370081,2.913722104143832
0.9999955912627063,0.0,8.193962912746372e-5,0.0,0.08825527646216547,0.0,1.4772731846171108,3.0000768420206865,2.913452138875009
0.9999955964857152,0.0,8.18661808653215e-5,0.0,0.08829527646216546,0.0,1.4772210651516635,3.00007684566739,2.913182445769191
0.9999956016999961,0.0,8.179283104780481e-5,0.0,0.08833527646216546,0.0,1.4771690085080342,3.000076849310188,2.9129130249678465
0.999995606905566,0.0,8.171957949945563e-5,0.0,0.08837527646216546,0.0,1.4771170145839037,3.000076852949081,2.912643852377481
0.9999956121024443,0.0,8.164642604514133e-5,0.0,0.08841527646216546,0.0,1.477065083263845,3.0000768565840885,2.9123749531400924
0.9999956172906507,0.0,8.157337051028363e-5,0.0,0.08845527646216546,0.0,1.477013214433419,3.0000768602152172,2.9121063070462294
0.9999956224701965,0.0,8.15004127204569e-5,0.0,0.08849527646216546,0.0,1.476961407984429,3.0000768638424535,2.9118379369558522
0.9999956276411077,0.0,8.142755250182176e-5,0.0,0.08853527646216545,0.0,1.4769096638124817,3.000076867465837,2.911569820369545
0.9999956328033937,0.0,8.135478968076686e-5,0.0,0.08857527646216545,0.0,1.4768579817973173,3.000076871085342,2.91130196984174
0.9999956379570777,0.0,8.128212408425434e-5,0.0,0.08861527646216545,0.0,1.4768063618367517,3.000076874700994,2.911034381946036
0.9999956431021758,0.0,8.120955553947778e-5,0.0,0.08865527646216545,0.0,1.476754803818507,3.0000768783127936,2.9107670502641696
0.9999956482387038,0.0,8.113708387403674e-5,0.0,0.08869527646216545,0.0,1.4767033076346034,3.000076881920744,2.9104999889619716
0.9999956533666818,0.0,8.106470891601807e-5,0.0,0.08873527646216545,0.0,1.4766518731688199,3.0000768855248556,2.9102331881241916
0.999995658486125,0.0,8.099243049370355e-5,0.0,0.08877527646216544,0.0,1.476600500324576,3.0000768891251335,2.909966628780473
0.9999956635970515,0.0,8.092024843588244e-5,0.0,0.08881527646216544,0.0,1.4765491889805629,3.0000768927215864,2.9097003412512534
0.99999566869948,0.0,8.084816257175973e-5,0.0,0.08885527646216544,0.0,1.4764979390440756,3.000076896314221,2.909434327848439
0.9999956737934256,0.0,8.077617273078344e-5,0.0,0.08889527646216544,0.0,1.476446750392961,3.000076899903041,2.9091685567374657
0.9999956788789063,0.0,8.070427874293598e-5,0.0,0.08893527646216544,0.0,1.4763956229204394,3.000076903488047,2.908903042974737
0.9999956839559405,0.0,8.063248043842968e-5,0.0,0.08897527646216544,0.0,1.4763445565238187,3.000076907069259,2.90863778935759
0.9999956890245442,0.0,8.056077764795952e-5,0.0,0.08901527646216544,0.0,1.4762935510959054,3.0000769106466714,2.9083728003209055
0.9999956940847324,0.0,8.048917020244995e-5,0.0,0.08905527646216543,0.0,1.4762426065261753,3.0000769142202914,2.908108058757897
0.9999956991365258,0.0,8.041765793343302e-5,0.0,0.08909527646216543,0.0,1.476191722707072,3.0000769177901283,2.907843587847185
0.9999957041799415,0.0,8.034624067259476e-5,0.0,0.08913527646216543,0.0,1.4761408995414185,3.0000769213561984,2.907579359978823
0.9999957092149945,0.0,8.027491825210699e-5,0.0,0.08917527646216543,0.0,1.4760901369100383,3.000076924918494,2.907315386505936
0.9999957142417012,0.0,8.020369050447304e-5,0.0,0.08921527646216543,0.0,1.4760394347114494,3.00007692847702,2.9070516816920366
0.9999957192600797,0.0,8.013255726253181e-5,0.0,0.08925527646216543,0.0,1.4759887928461337,3.000076932031792,2.9067882333695247
0.9999957242701474,0.0,8.006151835960828e-5,0.0,0.08929527646216542,0.0,1.4759382111988453,3.0000769355828107,2.906525035179206
0.9999957292719195,0.0,7.99905736292471e-5,0.0,0.08933527646216542,0.0,1.4758876896653241,3.0000769391300817,2.906262082551865
0.9999957342654135,0.0,7.991972290547111e-5,0.0,0.08937527646216542,0.0,1.4758372281470307,3.0000769426736102,2.9059993953784007
0.9999957392506479,0.0,7.984896602260606e-5,0.0,0.08941527646216542,0.0,1.4757868265305611,3.0000769462134125,2.9057369605439822
0.9999957442276367,0.0,7.977830281536734e-5,0.0,0.08945527646216542,0.0,1.4757364847144028,3.000076949749481,2.9054747806035666
0.9999957491964002,0.0,7.970773311886463e-5,0.0,0.08949527646216542,0.0,1.4756862025977118,3.000076953281836,2.905212848961928
0.9999957541569509,0.0,7.96372567684505e-5,0.0,0.08953527646216541,0.0,1.4756359800716876,3.0000769568104717,2.9049511700023767
0.9999957591093063,0.0,7.956687359994992e-5,0.0,0.08957527646216541,0.0,1.4755858170334606,3.0000769603353956,2.9046897420748166
0.9999957640534859,0.0,7.949658344958003e-5,0.0,0.08961527646216541,0.0,1.4755357133803755,3.000076963856622,2.904428573820111
0.9999957689895022,0.0,7.942638615375339e-5,0.0,0.08965527646216541,0.0,1.4754856690057616,3.0000769673741483,2.9041676510507797
0.9999957739173738,0.0,7.935628154942074e-5,0.0,0.08969527646216541,0.0,1.4754356838090712,3.0000769708879815,2.9039069750435
0.9999957788371169,0.0,7.928626947382147e-5,0.0,0.0897352764621654,0.0,1.4753857576788374,3.0000769743981284,2.9036465621811933
0.9999957837487478,0.0,7.921634976447056e-5,0.0,0.0897752764621654,0.0,1.4753358905252414,3.0000769779045986,2.903386401116774
0.9999957886522841,0.0,7.914652225941646e-5,0.0,0.0898152764621654,0.0,1.475286082236708,3.0000769814073975,2.903126475144636
0.9999957935477399,0.0,7.907678679685368e-5,0.0,0.0898552764621654,0.0,1.47523633271595,3.000076984906528,2.902866803901805
0.9999957984351349,0.0,7.900714321554233e-5,0.0,0.0898952764621654,0.0,1.4751866418553883,3.000076988402001,2.9026073959311796
0.9999958033144809,0.0,7.893759135434546e-5,0.0,0.0899352764621654,0.0,1.4751370095571659,3.000076991893819,2.9023482269653558
0.9999958081857949,0.0,7.886813105272716e-5,0.0,0.0899752764621654,0.0,1.4750874357092,3.0000769953819777,2.902089303043132
0.999995813049096,0.0,7.87987621503584e-5,0.0,0.0900152764621654,0.0,1.4750379202254962,3.000076998866502,2.90183063515019
0.9999958179044013,0.0,7.872948448737326e-5,0.0,0.09005527646216539,0.0,1.47498846299415,3.0000770023473957,2.901572204276929
0.9999958227517206,0.0,7.866029790404325e-5,0.0,0.09009527646216539,0.0,1.474939063919033,3.000077005824646,2.901314038804541
0.9999958275910764,0.0,7.859120224122905e-5,0.0,0.09013527646216539,0.0,1.4748897228973057,3.0000770092982822,2.901056088703425
0.9999958324224786,0.0,7.852219733996596e-5,0.0,0.09017527646216539,0.0,1.4748404398215742,3.0000770127682834,2.9007984107732425
0.9999958372459495,0.0,7.845328304182173e-5,0.0,0.09021527646216539,0.0,1.4747912145990183,3.000077016234679,2.900540977732501
0.999995842061501,0.0,7.83844591883971e-5,0.0,0.09025527646216538,0.0,1.4747420471313761,3.0000770196974718,2.9002837868085396
0.9999958468691494,0.0,7.831572562199836e-5,0.0,0.09029527646216538,0.0,1.4746929373082887,3.0000770231566523,2.900026839880795
0.9999958516689128,0.0,7.824708218501106e-5,0.0,0.09033527646216538,0.0,1.4746438850421908,3.000077026612249,2.8997701460896987
0.9999958564608037,0.0,7.81785287203301e-5,0.0,0.09037527646216538,0.0,1.4745948902224735,3.0000770300642428,2.8995136992179087
0.9999958612448425,0.0,7.811006507109506e-5,0.0,0.09041527646216538,0.0,1.474545952756655,3.0000770335126665,2.8992574852751574
0.9999958660210397,0.0,7.80416910807776e-5,0.0,0.09045527646216538,0.0,1.4744970725420896,3.0000770369575034,2.8990015285272905
0.9999958707894145,0.0,7.79734065932616e-5,0.0,0.09049527646216537,0.0,1.474448249484824,3.000077040398772,2.8987458021268564
0.9999958755499823,0.0,7.790521145280224e-5,0.0,0.09053527646216537,0.0,1.474399483474018,3.00007704383647,2.89849031869323
0.999995880302756,0.0,7.783710550378681e-5,0.0,0.09057527646216537,0.0,1.474350774425161,3.000077047270605,2.8982350829099146
0.9999958850477546,0.0,7.776908859115726e-5,0.0,0.09061527646216537,0.0,1.4743021222355193,3.0000770507011905,2.8979800985993203
0.999995889784992,0.0,7.770116056014257e-5,0.0,0.09065527646216537,0.0,1.4742535267977022,3.000077054128222,2.8977253416416295
0.9999958945144829,0.0,7.763332125620421e-5,0.0,0.09069527646216537,0.0,1.4742049880250148,3.0000770575517084,2.897470837322396
0.9999958992362463,0.0,7.756557052528832e-5,0.0,0.09073527646216537,0.0,1.4741565058123938,3.000077060971665,2.897216579227119
0.9999959039502937,0.0,7.749790821354741e-5,0.0,0.09077527646216536,0.0,1.474108080068805,3.000077064388083,2.8969625487878385
0.9999959086566419,0.0,7.743033416750935e-5,0.0,0.09081527646216536,0.0,1.474059710691582,3.000077067800976,2.896708767039394
0.9999959133553069,0.0,7.736284823412273e-5,0.0,0.09085527646216536,0.0,1.4740113975809352,3.0000770712103453,2.8964552312594245
0.9999959180463046,0.0,7.729545026052855e-5,0.0,0.09089527646216536,0.0,1.4739631406513167,3.0000770746162058,2.896201924876419
0.9999959227296485,0.0,7.7228140094271e-5,0.0,0.09093527646216536,0.0,1.473914939792192,3.0000770780185526,2.895948862884689
0.9999959274053561,0.0,7.716091758321674e-5,0.0,0.09097527646216536,0.0,1.4738667949175137,3.000077081417401,2.895696037873635
0.9999959320734383,0.0,7.709378257552947e-5,0.0,0.09101527646216535,0.0,1.4738187059303869,3.0000770848127383,2.895443453345798
0.9999959367339168,0.0,7.70267349197546e-5,0.0,0.09105527646216535,0.0,1.4737706727264008,3.0000770882046015,2.895191115524772
0.9999959413868001,0.0,7.69597744647293e-5,0.0,0.09109527646216535,0.0,1.4737226952160305,3.0000770915929613,2.8949390043302343
0.9999959460321087,0.0,7.689290105963504e-5,0.0,0.09113527646216535,0.0,1.4736747733020394,3.0000770949778506,2.894687137637305
0.9999959506698545,0.0,7.682611455400716e-5,0.0,0.09117527646216535,0.0,1.47362690688649,3.0000770983592537,2.894435507510204
0.999995955300054,0.0,7.675941479756483e-5,0.0,0.09121527646216535,0.0,1.4735790958792832,3.0000771017371965,2.8941841207780072
0.9999959599227217,0.0,7.669280164054799e-5,0.0,0.09125527646216534,0.0,1.4735313401800803,3.0000771051116706,2.8939329585259452
0.9999959645378721,0.0,7.662627493337504e-5,0.0,0.09129527646216534,0.0,1.4734836397011657,3.0000771084826843,2.893682043171844
0.999995969145523,0.0,7.655983452689751e-5,0.0,0.09133527646216534,0.0,1.4734359943395614,3.0000771118502523,2.8934313627355794
0.9999959737456863,0.0,7.649348027217744e-5,0.0,0.09137527646216534,0.0,1.473388404003279,3.0000771152143684,2.8931809218635975
0.9999959783383744,0.0,7.642721202059686e-5,0.0,0.09141527646216534,0.0,1.4733408685975102,3.0000771185750312,2.892930708907012
0.9999959829236094,0.0,7.636102962400606e-5,0.0,0.09145527646216534,0.0,1.4732933880365788,3.0000771219322746,2.8926807284629614
0.9999959875014004,0.0,7.629493293443317e-5,0.0,0.09149527646216533,0.0,1.473245962210908,3.000077125286078,2.89243099264359
0.9999959920717654,0.0,7.622892180428978e-5,0.0,0.09153527646216533,0.0,1.4731985910406389,3.000077128636461,2.8921814846050378
0.9999959966347167,0.0,7.616299608624136e-5,0.0,0.09157527646216533,0.0,1.4731512744274224,3.0000771319834207,2.8919322121243196
0.9999960011902704,0.0,7.609715563336084e-5,0.0,0.09161527646216533,0.0,1.4731040122756998,3.0000771353269644,2.8916831785115416
0.99999600573844,0.0,7.603140029893154e-5,0.0,0.09165527646216533,0.0,1.4730568044933947,3.000077138667098,2.891434370696368
0.999996010279241,0.0,7.596572993664189e-5,0.0,0.09169527646216533,0.0,1.4730096509937955,3.000077142003826,2.891185796810987
0.9999960148126895,0.0,7.590014440045018e-5,0.0,0.09173527646216532,0.0,1.4729625516735252,3.000077145337165,2.890937468627837
0.9999960193387968,0.0,7.583464354462306e-5,0.0,0.09177527646216532,0.0,1.472915506446449,3.0000771486671023,2.890689366245439
0.99999602385758,0.0,7.576922722378816e-5,0.0,0.09181527646216532,0.0,1.4728685152174847,3.000077151993654,2.890441490699086
0.9999960283690552,0.0,7.570389529283304e-5,0.0,0.09185527646216532,0.0,1.4728215779052962,3.0000771553168355,2.890193842887367
0.9999960328732332,0.0,7.563864760699454e-5,0.0,0.09189527646216532,0.0,1.4727746943966662,3.0000771586366297,2.8899464401125354
0.9999960373701278,0.0,7.557348402168925e-5,0.0,0.09193527646216532,0.0,1.4727278646195199,3.0000771619530515,2.8896992672488886
0.9999960418597571,0.0,7.550840439288612e-5,0.0,0.09197527646216531,0.0,1.4726810884707398,3.00007716526611,2.889452318009127
0.9999960463421339,0.0,7.544340857663853e-5,0.0,0.09201527646216531,0.0,1.4726343658638537,3.000077168575811,2.8892056023597723
0.9999960508172743,0.0,7.537849642946559e-5,0.0,0.09205527646216531,0.0,1.472587696711775,3.000077171882164,2.88895911487666
0.9999960552851876,0.0,7.53136678080554e-5,0.0,0.09209527646216531,0.0,1.4725410809196124,3.000077175185154,2.8887128621789113
0.9999960597458942,0.0,7.524892256951823e-5,0.0,0.09213527646216531,0.0,1.4724945183915974,3.0000771784848124,2.8884668280856927
0.9999960641994007,0.0,7.51842605711728e-5,0.0,0.0921752764621653,0.0,1.4724480090416348,3.0000771817811094,2.8882210391372274
0.9999960686457312,0.0,7.511968167071904e-5,0.0,0.0922152764621653,0.0,1.4724015527840797,3.0000771850741015,2.8879754680363674
0.9999960730848918,0.0,7.505518572616983e-5,0.0,0.0922552764621653,0.0,1.4723551495144578,3.0000771883637447,2.8877301310913213
0.9999960775169019,0.0,7.499077259576223e-5,0.0,0.0922952764621653,0.0,1.4723087991597803,3.0000771916500777,2.8874850143778827
0.9999960819417704,0.0,7.492644213804526e-5,0.0,0.0923352764621653,0.0,1.4722625016173725,3.0000771949330813,2.8872401305200626
0.9999960863595155,0.0,7.486219421193485e-5,0.0,0.0923752764621653,0.0,1.4722162568059367,3.000077198212779,2.8869954658706063
0.9999960907701511,0.0,7.47980286766412e-5,0.0,0.0924152764621653,0.0,1.4721700646314837,3.0000772014891717,2.886751035846138
0.9999960951736884,0.0,7.473394539155564e-5,0.0,0.0924552764621653,0.0,1.4721239250070803,3.0000772047622593,2.886506838596847
0.9999960995701442,0.0,7.466994421656515e-5,0.0,0.0924952764621653,0.0,1.4720778378440649,3.000077208032051,2.8862628691989065
0.9999961039595332,0.0,7.460602501168727e-5,0.0,0.09253527646216529,0.0,1.4720318030543962,3.0000772112985628,2.8860191125523746
0.9999961083418647,0.0,7.454218763731899e-5,0.0,0.09257527646216529,0.0,1.4719858205425898,3.0000772145617716,2.885775593092164
0.9999961127171558,0.0,7.447843195409853e-5,0.0,0.09261527646216529,0.0,1.4719398902293432,3.000077217821705,2.885532289949376
0.9999961170854216,0.0,7.441475782300427e-5,0.0,0.09265527646216529,0.0,1.4718940120203439,3.0000772210783726,2.8852892167407362
0.9999961214466733,0.0,7.435116510535978e-5,0.0,0.09269527646216529,0.0,1.4718481858261183,3.0000772243317595,2.8850463746993418
0.9999961258009255,0.0,7.428765366270319e-5,0.0,0.09273527646216528,0.0,1.4718024115667039,3.000077227581877,2.8848037483547873
0.9999961301481934,0.0,7.422422335679996e-5,0.0,0.09277527646216528,0.0,1.471756689149327,3.0000772308287487,2.884561341760065
0.9999961344884879,0.0,7.4160874049852e-5,0.0,0.09281527646216528,0.0,1.4717110184816087,3.000077234072356,2.8843191635692387
0.9999961388218254,0.0,7.409760560433731e-5,0.0,0.09285527646216528,0.0,1.4716653994867674,3.000077237312716,2.8840772087577724
0.9999961431482179,0.0,7.40344178829422e-5,0.0,0.09289527646216528,0.0,1.4716198320643348,3.0000772405498286,2.8838354795561
0.9999961474676814,0.0,7.397131074868143e-5,0.0,0.09293527646216528,0.0,1.4715743161421424,3.0000772437837124,2.8835939784186744
0.9999961517802266,0.0,7.390828406484028e-5,0.0,0.09297527646216527,0.0,1.4715288516286107,3.0000772470143593,2.883352692663294
0.999996156085867,0.0,7.384533769509699e-5,0.0,0.09301527646216527,0.0,1.4714834384316549,3.0000772502417643,2.8831116252569187
0.9999961603846176,0.0,7.37824715031958e-5,0.0,0.09305527646216527,0.0,1.47143807646911,3.000077253465958,2.882870795489669
0.9999961646764943,0.0,7.371968535351048e-5,0.0,0.09309527646216527,0.0,1.471392765651796,3.000077256686935,2.882630173234234
0.9999961689615048,0.0,7.365697911032836e-5,0.0,0.09313527646216527,0.0,1.471347505894512,3.0000772599046885,2.882389777574268
0.999996173239667,0.0,7.359435263848817e-5,0.0,0.09317527646216527,0.0,1.471302297112566,3.000077263119238,2.8821495945841784
0.9999961775109937,0.0,7.353180580300384e-5,0.0,0.09321527646216526,0.0,1.4712571392224443,3.0000772663305866,2.881909646327412
0.9999961817754971,0.0,7.346933846919951e-5,0.0,0.09325527646216526,0.0,1.471212032133074,3.000077269538733,2.881669909718051
0.9999961860331906,0.0,7.340695050263767e-5,0.0,0.09329527646216526,0.0,1.4711669757658175,3.0000772727436873,2.8814303909252983
0.999996190284086,0.0,7.334464176920658e-5,0.0,0.09333527646216526,0.0,1.4711219700278657,3.0000772759454444,2.881191091641528
0.999996194528202,0.0,7.328241213513917e-5,0.0,0.09337527646216526,0.0,1.4710770148431929,3.000077279144033,2.8809520226511145
0.9999961987655492,0.0,7.322026146687695e-5,0.0,0.09341527646216526,0.0,1.4710321101176962,3.0000772823394435,2.8807131538228212
0.9999962029961388,0.0,7.315818963109256e-5,0.0,0.09345527646216525,0.0,1.470987255774997,3.000077285531676,2.880474519440103
0.9999962072199842,0.0,7.309619649483465e-5,0.0,0.09349527646216525,0.0,1.4709424517184893,3.000077288720735,2.880236100090787
0.9999962114370993,0.0,7.303428192535342e-5,0.0,0.09353527646216525,0.0,1.4708976978786017,3.0000772919066314,2.8799979017281
0.9999962156474996,0.0,7.297244579031102e-5,0.0,0.09357527646216525,0.0,1.4708529941629527,3.000077295089375,2.8797599008533834
0.9999962198511968,0.0,7.291068795745543e-5,0.0,0.09361527646216525,0.0,1.470808340495892,3.000077298268973,2.8795221337673187
0.9999962240481989,0.0,7.28490082949632e-5,0.0,0.09365527646216525,0.0,1.470763736776541,3.0000773014453963,2.879284589862035
0.999996228238528,0.0,7.278740667123775e-5,0.0,0.09369527646216524,0.0,1.4707191829395283,3.0000773046187015,2.879047258692465
0.999996232422191,0.0,7.27258829549569e-5,0.0,0.09373527646216524,0.0,1.4706746788877216,3.00007730778886,2.878810134358101
0.9999962365992028,0.0,7.266443701507737e-5,0.0,0.09377527646216524,0.0,1.470630224548691,3.000077310955886,2.8785732284818786
0.9999962407695783,0.0,7.260306872083761e-5,0.0,0.09381527646216524,0.0,1.4705858198351207,3.000077314119795,2.878336540459603
0.9999962449333244,0.0,7.25417779417373e-5,0.0,0.09385527646216524,0.0,1.470541464660594,3.0000773172805584,2.8781000855637564
0.9999962490904597,0.0,7.248056454756954e-5,0.0,0.09389527646216524,0.0,1.470497158944164,3.000077320438212,2.87786382710866
0.9999962532409956,0.0,7.24194284083305e-5,0.0,0.09393527646216523,0.0,1.4704529026102913,3.00007732359276,2.8776277822424836
0.9999962573849432,0.0,7.235836939438612e-5,0.0,0.09397527646216523,0.0,1.4704086955695839,3.0000773267441896,2.877391951227815
0.9999962615223168,0.0,7.229738737635428e-5,0.0,0.09401527646216523,0.0,1.470364537736073,3.0000773298925147,2.8771563420529582
0.9999962656531317,0.0,7.223648222508859e-5,0.0,0.09405527646216523,0.0,1.4703204290363157,3.000077333037754,2.8769209416190313
0.9999962697773946,0.0,7.217565381169633e-5,0.0,0.09409527646216523,0.0,1.4702763693815282,3.000077336179882,2.8766857615385266
0.9999962738951236,0.0,7.211490200760955e-5,0.0,0.09413527646216523,0.0,1.4702323587001818,3.0000773393189304,2.876450791786903
0.9999962780063308,0.0,7.205422668450579e-5,0.0,0.09417527646216522,0.0,1.4701883969002865,3.000077342454902,2.8762160353979196
0.9999962821110243,0.0,7.199362771431878e-5,0.0,0.09421527646216522,0.0,1.4701444839020286,3.000077345587775,2.8759814814344997
0.9999962862092221,0.0,7.19331049692435e-5,0.0,0.09425527646216522,0.0,1.4701006196311788,3.0000773487175874,2.875747149347828
0.9999962903009341,0.0,7.187265832178132e-5,0.0,0.09429527646216522,0.0,1.4700568039942186,3.0000773518443253,2.875513030570587
0.9999962943861728,0.0,7.181228764469209e-5,0.0,0.09433527646216522,0.0,1.4700130369216236,3.0000773549679915,2.875279122893363
0.9999962984649534,0.0,7.175199281092083e-5,0.0,0.09437527646216522,0.0,1.469969318332902,3.0000773580886144,2.8750454236245897
0.9999963025372863,0.0,7.169177369383587e-5,0.0,0.09441527646216522,0.0,1.4699256481404537,3.0000773612061744,2.874811937483904
0.9999963066031804,0.0,7.16316301668766e-5,0.0,0.09445527646216521,0.0,1.4698820262639782,3.0000773643206666,2.874578661031428
0.9999963106626549,0.0,7.157156210391071e-5,0.0,0.09449527646216521,0.0,1.4698384526327637,3.000077367432128,2.874345596049663
0.9999963147157205,0.0,7.151156937899682e-5,0.0,0.09453527646216521,0.0,1.469794927154337,3.0000773705405535,2.8741127386189342
0.9999963187623869,0.0,7.145165186644002e-5,0.0,0.09457527646216521,0.0,1.4697514497635653,3.0000773736459343,2.873880086357314
0.9999963228026668,0.0,7.139180944080192e-5,0.0,0.09461527646216521,0.0,1.4697080203631498,3.000077376748281,2.873647660551877
0.9999963268365755,0.0,7.133204197698955e-5,0.0,0.0946552764621652,0.0,1.4696646388914563,3.0000773798476077,2.873415424345004
0.9999963308641231,0.0,7.127234935010744e-5,0.0,0.0946952764621652,0.0,1.4696213052552338,3.000077382943907,2.873183416300983
0.9999963348853241,0.0,7.121273143551027e-5,0.0,0.0947352764621652,0.0,1.469578019385882,3.0000773860371988,2.8729515997070125
0.9999963389001869,0.0,7.115318810879689e-5,0.0,0.0947752764621652,0.0,1.4695347811944208,3.000077389127467,2.872720001425379
0.9999963429087256,0.0,7.109371924589096e-5,0.0,0.0948152764621652,0.0,1.469491590598924,3.0000773922147244,2.8724885986529385
0.9999963469109513,0.0,7.103432472289258e-5,0.0,0.0948552764621652,0.0,1.4694484475374323,3.0000773952989728,2.872257422537487
0.9999963509068848,0.0,7.097500441632321e-5,0.0,0.0948952764621652,0.0,1.4694053519234855,3.0000773983802547,2.8720264457813913
0.9999963548965232,0.0,7.091575820263226e-5,0.0,0.0949352764621652,0.0,1.4693623036730519,3.000077401458509,2.8717956690266178
0.9999963588798909,0.0,7.085658595892326e-5,0.0,0.09497527646216519,0.0,1.4693193027150295,3.0000774045337923,2.871565098848176
0.9999963628569927,0.0,7.079748756225117e-5,0.0,0.09501527646216519,0.0,1.4692763489671503,3.000077407606077,2.871334746663686
0.999996366827848,0.0,7.073846289013581e-5,0.0,0.09505527646216519,0.0,1.4692334423580855,3.0000774106754005,2.871104598110916
0.9999963707924616,0.0,7.067951182017223e-5,0.0,0.09509527646216519,0.0,1.4691905827960312,3.0000774137417348,2.870874654992459
0.9999963747508476,0.0,7.062063423027926e-5,0.0,0.09513527646216519,0.0,1.4691477702173248,3.0000774168050977,2.8706449140975305
0.9999963787030198,0.0,7.056182999870245e-5,0.0,0.09517527646216518,0.0,1.4691050045408225,3.0000774198654963,2.8704153814509525
0.9999963826489894,0.0,7.05030990038215e-5,0.0,0.09521527646216518,0.0,1.4690622856889286,3.000077422922937,2.870186057869778
0.999996386588769,0.0,7.044444112437708e-5,0.0,0.09525527646216518,0.0,1.4690196135830353,3.0000774259774237,2.8699569272443597
0.9999963905223671,0.0,7.03858562392622e-5,0.0,0.09529527646216518,0.0,1.4689769881455348,3.0000774290289427,2.8697279995022784
0.9999963944498,0.0,7.032734422764143e-5,0.0,0.09533527646216518,0.0,1.468934409301204,3.000077432077529,2.8694992920825593
0.9999963983710788,0.0,7.026890496906807e-5,0.0,0.09537527646216518,0.0,1.4688918769725976,3.000077435123168,2.8692707820710055
0.9999964022862106,0.0,7.0210538343048e-5,0.0,0.09541527646216517,0.0,1.4688493910894789,3.0000774381658584,2.8690424815611966
0.9999964061952129,0.0,7.015224422965178e-5,0.0,0.09545527646216517,0.0,1.4688069515570035,3.000077441205621,2.8688143667441866
0.9999964100980983,0.0,7.009402250902708e-5,0.0,0.09549527646216517,0.0,1.4687645583262943,3.00007744424247,2.8685864690766554
0.9999964139948698,0.0,7.003587306151951e-5,0.0,0.09553527646216517,0.0,1.4687222112975955,3.000077447276367,2.868358771137395
0.9999964178855487,0.0,6.997779576795313e-5,0.0,0.09557527646216517,0.0,1.468679910411821,3.0000774503073546,2.86813127141148
0.999996421770143,0.0,6.991979050912717e-5,0.0,0.09561527646216517,0.0,1.468637655584121,3.0000774533354315,2.867903977930783
0.9999964256486645,0.0,6.986185716626844e-5,0.0,0.09565527646216516,0.0,1.4685954467356044,3.000077456360594,2.8676768768361396
0.9999964295211264,0.0,6.980399562076466e-5,0.0,0.09569527646216516,0.0,1.4685532838039037,3.0000774593828585,2.8674499822915496
0.9999964333875327,0.0,6.974620575420686e-5,0.0,0.09573527646216516,0.0,1.4685111666972335,3.000077462402192,2.867223303497878
0.9999964372479057,0.0,6.968848744862068e-5,0.0,0.09577527646216516,0.0,1.4684690953623134,3.000077465418646,2.8669968217785873
0.9999964411022524,0.0,6.963084058603313e-5,0.0,0.09581527646216516,0.0,1.4684270697005506,3.0000774684322136,2.8667705309692795
0.9999964449505859,0.0,6.957326504888345e-5,0.0,0.09585527646216516,0.0,1.4683850896559285,3.0000774714429,2.8665444364739123
0.9999964487929122,0.0,6.951576071975377e-5,0.0,0.09589527646216515,0.0,1.4683431551414907,3.0000774744506806,2.866318540539038
0.999996452629247,0.0,6.945832748154913e-5,0.0,0.09593527646216515,0.0,1.468301266082319,3.0000774774555814,2.86609286001843
0.999996456459603,0.0,6.940096521733774e-5,0.0,0.09597527646216515,0.0,1.4682594224189591,3.000077480457619,2.8658673718972376
0.9999964602839888,0.0,6.934367381051712e-5,0.0,0.09601527646216515,0.0,1.4682176240610805,3.000077483456772,2.8656420778471876
0.9999964641024164,0.0,6.928645314458142e-5,0.0,0.09605527646216515,0.0,1.468175870938133,3.000077486453061,2.8654169957862963
0.999996467914901,0.0,6.9229303103462e-5,0.0,0.09609527646216515,0.0,1.4681341629904368,3.0000774894465,2.865192097612832
0.9999964717214489,0.0,6.917222357112612e-5,0.0,0.09613527646216515,0.0,1.4680925001222414,3.0000774924370726,2.8649674090959936
0.999996475522073,0.0,6.911521443192003e-5,0.0,0.09617527646216514,0.0,1.4680508822731617,3.000077495424789,2.8647429054916276
0.9999964793167859,0.0,6.905827557034382e-5,0.0,0.09621527646216514,0.0,1.4680093093735518,3.0000774984096625,2.864518610737625
0.9999964831055976,0.0,6.900140687120701e-5,0.0,0.09625527646216514,0.0,1.467967781339009,3.000077501391687,2.8642945090570797
0.9999964868885195,0.0,6.894460821946664e-5,0.0,0.09629527646216514,0.0,1.467926298100932,3.000077504370873,2.8640706161675156
0.9999964906655624,0.0,6.888787950041213e-5,0.0,0.09633527646216514,0.0,1.467884859588425,3.0000775073472163,2.8638469058727485
0.9999964944367397,0.0,6.883122059950979e-5,0.0,0.09637527646216514,0.0,1.4678434657274857,3.0000775103207356,2.8636233922783143
0.9999964982020613,0.0,6.877463140244914e-5,0.0,0.09641527646216513,0.0,1.4678021164446664,3.0000775132914304,2.8634000872158154
0.9999965019615361,0.0,6.871811179518781e-5,0.0,0.09645527646216513,0.0,1.4677608116640146,3.0000775162592888,2.863176964486673
0.9999965057151802,0.0,6.866166166388582e-5,0.0,0.09649527646216513,0.0,1.467719551322493,3.000077519224348,2.862954042497809
0.999996509463,0.0,6.860528089500886e-5,0.0,0.09653527646216513,0.0,1.467678335340441,3.0000775221865745,2.862731316833859
0.9999965132050094,0.0,6.854896937509855e-5,0.0,0.09657527646216513,0.0,1.4676371636487664,3.0000775251460046,2.862508786402436
0.9999965169412186,0.0,6.849272699109934e-5,0.0,0.09661527646216513,0.0,1.4675960361759006,3.0000775281026266,2.8622864487433186
0.9999965206716359,0.0,6.843655363004255e-5,0.0,0.09665527646216512,0.0,1.467554952843329,3.0000775310564376,2.862064312813584
0.9999965243962783,0.0,6.83804491793687e-5,0.0,0.09669527646216512,0.0,1.4675139135927586,3.0000775340074632,2.861842362324828
0.9999965281151523,0.0,6.832441352655351e-5,0.0,0.09673527646216512,0.0,1.467472918342177,3.0000775369556925,2.8616206082052633
0.9999965318282682,0.0,6.826844655941613e-5,0.0,0.09677527646216512,0.0,1.467431967015732,3.0000775399011204,2.861399059696531
0.9999965355356427,0.0,6.821254816594496e-5,0.0,0.09681527646216512,0.0,1.467391059559499,3.0000775428437936,2.861177698200415
0.9999965392372785,0.0,6.815671823441543e-5,0.0,0.09685527646216512,0.0,1.467350195889196,3.000077545783658,2.8609565312238647
0.9999965429331922,0.0,6.810095665327148e-5,0.0,0.09689527646216511,0.0,1.467309375936829,3.0000775487207587,2.860735544011776
0.999996546623392,0.0,6.804526331125854e-5,0.0,0.09693527646216511,0.0,1.4672685996312569,3.0000775516550773,2.8605147598400693
0.9999965503078929,0.0,6.798963809732017e-5,0.0,0.09697527646216511,0.0,1.4672278669038352,3.000077554586641,2.86029416538448
0.9999965539867018,0.0,6.793408090051971e-5,0.0,0.09701527646216511,0.0,1.4671871776815588,3.000077557515443,2.8600737622743067
0.9999965576598293,0.0,6.787859161026423e-5,0.0,0.09705527646216511,0.0,1.4671465318963608,3.000077560441479,2.859853557198101
0.9999965613272879,0.0,6.782317011619947e-5,0.0,0.0970952764621651,0.0,1.4671059294758917,3.0000775633647607,2.859633532358047
0.9999965649890884,0.0,6.776781630809826e-5,0.0,0.0971352764621651,0.0,1.4670653703503942,3.000077566285299,2.8594137156268395
0.9999965686452397,0.0,6.77125300760547e-5,0.0,0.0971752764621651,0.0,1.4670248544517794,3.0000775692030794,2.8591940736602632
0.9999965722957548,0.0,6.765731131027566e-5,0.0,0.0972152764621651,0.0,1.466984381708862,3.00007757211813,2.8589746206865034
0.9999965759406437,0.0,6.760215990135201e-5,0.0,0.0972552764621651,0.0,1.4669439520522378,3.0000775750304376,2.8587553777244876
0.9999965795799141,0.0,6.754707573987003e-5,0.0,0.0972952764621651,0.0,1.4669035654163993,3.0000775779400044,2.8585363079091715
0.9999965832135814,0.0,6.749205871687623e-5,0.0,0.0973352764621651,0.0,1.466863221726931,3.0000775808468507,2.8583174410748575
0.9999965868416559,0.0,6.743710872349266e-5,0.0,0.0973752764621651,0.0,1.4668229209179633,3.0000775837509828,2.8580987449251887
0.9999965904641434,0.0,6.738222565108853e-5,0.0,0.09741527646216509,0.0,1.4667826629150034,3.0000775866523752,2.8578802623505
0.9999965940810583,0.0,6.732740939124228e-5,0.0,0.09745527646216509,0.0,1.4667424476525737,3.0000775895510596,2.857661967338956
0.9999965976924095,0.0,6.727265983580022e-5,0.0,0.09749527646216509,0.0,1.4667022750604202,3.0000775924470244,2.857443848559983
0.9999966012982086,0.0,6.721797687677049e-5,0.0,0.09753527646216509,0.0,1.4666621450746662,3.000077595340287,2.8572259040596966
0.9999966048984656,0.0,6.716336040642989e-5,0.0,0.09757527646216509,0.0,1.4666220576206668,3.0000775982308423,2.857008177498482
0.9999966084931912,0.0,6.710881031723936e-5,0.0,0.09761527646216508,0.0,1.4665820126384452,3.000077601118696,2.8567906166302883
0.9999966120823951,0.0,6.705432650187053e-5,0.0,0.09765527646216508,0.0,1.4665420100459425,3.0000776040038524,2.856573261436636
0.9999966156660902,0.0,6.699990885326348e-5,0.0,0.09769527646216508,0.0,1.4665020497889327,3.0000776068863253,2.8563560857028087
0.9999966192442841,0.0,6.694555726448978e-5,0.0,0.09773527646216508,0.0,1.4664621317918605,3.000077609766106,2.8561390964739455
0.9999966228169866,0.0,6.689127162888602e-5,0.0,0.09777527646216508,0.0,1.4664222559956108,3.0000776126431976,2.855922297493179
0.9999966263842102,0.0,6.683705184003235e-5,0.0,0.09781527646216508,0.0,1.46638242231621,3.0000776155176108,2.8557056855472553
0.9999966299459647,0.0,6.678289779168903e-5,0.0,0.09785527646216508,0.0,1.4663426307025889,3.000077618389348,2.8554892552872375
0.9999966335022619,0.0,6.672880937780333e-5,0.0,0.09789527646216507,0.0,1.4663028810824135,3.000077621258426,2.85527301149664
0.9999966370531063,0.0,6.667478649256909e-5,0.0,0.09793527646216507,0.0,1.4662631733789409,3.000077624124812,2.855056959299229
0.9999966405985166,0.0,6.662082903047138e-5,0.0,0.09797527646216507,0.0,1.4662235075378087,3.0000776269885536,2.8548410852405217
0.999996644138496,0.0,6.656693688600614e-5,0.0,0.09801527646216507,0.0,1.4661838834780632,3.000077629849625,2.85462540921297
0.9999966476730573,0.0,6.65131099540451e-5,0.0,0.09805527646216507,0.0,1.466144301152685,3.000077632708041,2.8544099072495968
0.9999966512022125,0.0,6.645934812967072e-5,0.0,0.09809527646216507,0.0,1.4661047604751043,3.000077635563812,2.854194583618895
0.9999966547259708,0.0,6.640565130810197e-5,0.0,0.09813527646216506,0.0,1.46606526139685,3.000077638416938,2.853979468186257
0.9999966582443414,0.0,6.635201938477673e-5,0.0,0.09817527646216506,0.0,1.4660258038365463,3.000077641267422,2.8537645167005805
0.9999966617573325,0.0,6.629845225540407e-5,0.0,0.09821527646216506,0.0,1.4659863877290518,3.0000776441152492,2.853549740104686
0.9999966652649578,0.0,6.624494981578746e-5,0.0,0.09825527646216506,0.0,1.4659470130215468,3.0000776469604573,2.853335173679835
0.9999966687672244,0.0,6.6191511962097e-5,0.0,0.09829527646216506,0.0,1.4659076796333275,3.000077649803019,2.853120785844613
0.9999966722641455,0.0,6.613813859059435e-5,0.0,0.09833527646216506,0.0,1.4658683875037113,3.000077652642964,2.852906574052037
0.9999966757557295,0.0,6.608482959779305e-5,0.0,0.09837527646216505,0.0,1.4658291365636704,3.0000776554802844,2.8526925398148197
0.9999966792419853,0.0,6.603158488037557e-5,0.0,0.09841527646216505,0.0,1.4657899267535754,3.00007765831498,2.8524786968036686
0.9999966827229246,0.0,6.597840433530022e-5,0.0,0.09845527646216505,0.0,1.4657507580106537,3.0000776611470603,2.8522650483619114
0.9999966861985576,0.0,6.592528785966046e-5,0.0,0.09849527646216505,0.0,1.465711630259784,3.000077663976536,2.8520515654423844
0.9999966896688924,0.0,6.58722353507725e-5,0.0,0.09853527646216505,0.0,1.4656725434387254,3.0000776668033993,2.851838267175166
0.9999966931339419,0.0,6.581924670624708e-5,0.0,0.09857527646216505,0.0,1.4656334974851697,3.000077669627663,2.8516251510439536
0.9999966965937109,0.0,6.576632182369255e-5,0.0,0.09861527646216504,0.0,1.4655944923290778,3.000077672449318,2.851412209074986
0.9999967000482151,0.0,6.571346060117169e-5,0.0,0.09865527646216504,0.0,1.4655555279182415,3.000077675268387,2.8511994619064476
0.99999670349746,0.0,6.566066293679303e-5,0.0,0.09869527646216504,0.0,1.465516604168486,3.0000776780848524,2.8509868940794134
0.9999967069414589,0.0,6.560792872889968e-5,0.0,0.09873527646216504,0.0,1.4654777210269805,3.000077680898742,2.8507745083066194
0.9999967103802184,0.0,6.55552578760399e-5,0.0,0.09877527646216504,0.0,1.4654388784327121,3.0000776837100376,2.8505622901019723
0.999996713813751,0.0,6.550265027698684e-5,0.0,0.09881527646216504,0.0,1.4654000763184802,3.0000776865187597,2.8503502758044905
0.9999967172420617,0.0,6.54501058306414e-5,0.0,0.09885527646216503,0.0,1.4653613146067073,3.0000776893248884,2.850138416928949
0.9999967206651675,0.0,6.53976244362595e-5,0.0,0.09889527646216503,0.0,1.4653225932501994,3.000077692128462,2.849926748766952
0.9999967240830728,0.0,6.53452059931288e-5,0.0,0.09893527646216503,0.0,1.4652839121744767,3.000077694929459,2.849715254380672
0.9999967274957899,0.0,6.529285040082972e-5,0.0,0.09897527646216503,0.0,1.4652452713275037,3.0000776977278973,2.8495039434759692
0.9999967309033285,0.0,6.524055755914675e-5,0.0,0.09901527646216503,0.0,1.4652066706320135,3.0000777005237786,2.849292807456573
0.9999967343056961,0.0,6.518832736800242e-5,0.0,0.09905527646216503,0.0,1.4651681100320937,3.000077703317096,2.8490818628946144
0.9999967377028998,0.0,6.513615972750705e-5,0.0,0.09909527646216502,0.0,1.4651295894626264,3.0000777061078425,2.848871080885407
0.9999967410949575,0.0,6.508405453814435e-5,0.0,0.09913527646216502,0.0,1.4650911088587104,3.0000777088960624,2.8486604898664365
0.9999967444818721,0.0,6.503201170037821e-5,0.0,0.09917527646216502,0.0,1.465052668156047,3.000077711681726,2.8484500631464336
0.9999967478636579,0.0,6.498003111502674e-5,0.0,0.09921527646216502,0.0,1.4650142673040862,3.0000777144648576,2.848239817410015
0.9999967512403185,0.0,6.492811268293659e-5,0.0,0.09925527646216502,0.0,1.464975906220176,3.0000777172454387,2.848029760439313
0.9999967546118689,0.0,6.487625630533243e-5,0.0,0.09929527646216502,0.0,1.4649375848566615,3.000077720023496,2.84781987050989
0.9999967579783151,0.0,6.482446188355663e-5,0.0,0.09933527646216501,0.0,1.4648993031403328,3.0000777227990114,2.8476101701552654
0.9999967613396706,0.0,6.477272931913706e-5,0.0,0.09937527646216501,0.0,1.4648610610185708,3.0000777255720164,2.847400642555587
0.9999967646959392,0.0,6.472105851378104e-5,0.0,0.09941527646216501,0.0,1.464822858414466,3.0000777283424807,2.8471912700262947
0.999996768047136,0.0,6.466944936944428e-5,0.0,0.09945527646216501,0.0,1.4647846952875194,3.000077731110441,2.846982106011718
0.9999967713932653,0.0,6.461790178818595e-5,0.0,0.09949527646216501,0.0,1.46474657155795,3.000077733875877,2.84677310202737
0.9999967747343423,0.0,6.456641567249992e-5,0.0,0.099535276462165,0.0,1.4647084871624656,3.0000777366388047,2.8465642610833597
0.9999967780703699,0.0,6.451499092466429e-5,0.0,0.099575276462165,0.0,1.4646704420526186,3.0000777393992175,2.8463556152101512
0.9999967814013625,0.0,6.446362744753272e-5,0.0,0.099615276462165,0.0,1.464632436154429,3.000077742157132,2.8461471358296473
0.999996784727325,0.0,6.441232514390309e-5,0.0,0.099655276462165,0.0,1.4645944694119502,3.000077744912535,2.845938833933247
0.9999967880482743,0.0,6.436108391698855e-5,0.0,0.099695276462165,0.0,1.4645565417669442,3.000077747665464,2.845730702510673
0.999996791364211,0.0,6.430990366993194e-5,0.0,0.099735276462165,0.0,1.4645186531463183,3.000077750415883,2.845522752366795
0.9999967946751499,0.0,6.425878430632774e-5,0.0,0.099775276462165,0.0,1.4644808034948695,3.0000777531638136,2.8453149695525557
0.999996797981099,0.0,6.420772572971996e-5,0.0,0.099815276462165,0.0,1.4644429927585532,3.0000777559092704,2.8451073532320397
0.9999968012820662,0.0,6.41567278440147e-5,0.0,0.099855276462165,0.0,1.4644052208668286,3.0000777586522385,2.8448999316550836
0.9999968045780618,0.0,6.410579055328508e-5,0.0,0.09989527646216499,0.0,1.4643674877611266,3.0000777613927223,2.844692684078461
0.999996807869095,0.0,6.405491376169773e-5,0.0,0.09993527646216499,0.0,1.464329793375438,3.0000777641307366,2.8444855842501147
0.9999968111551735,0.0,6.400409737367239e-5,0.0,0.09997527646216499,0.0,1.4642921376628448,3.0000777668662737,2.844278684332936
0.9999968144363105,0.0,6.395334129384863e-5,0.0,0.10001527646216499,0.0,1.4642545205550823,3.000077769599362,2.8440719459856414
0.9999968177125108,0.0,6.390264542702846e-5,0.0,0.10005527646216499,0.0,1.4642169419869444,3.0000777723299716,2.8438653745958122
0.9999968209837878,0.0,6.385200967822175e-5,0.0,0.10009527646216498,0.0,1.46417940189495,3.0000777750581333,2.843658985596796
0.9999968242501435,0.0,6.380143395243366e-5,0.0,0.10013527646216498,0.0,1.464141900238004,3.000077777783824,2.843452753677062
0.9999968275115938,0.0,6.375091815522282e-5,0.0,0.10017527646216498,0.0,1.4641044369287834,3.000077780507066,2.8432467207473886
0.9999968307681449,0.0,6.370046219202137e-5,0.0,0.10021527646216498,0.0,1.4640670119277246,3.000077783227859,2.84304084657146
0.999996834019809,0.0,6.365006596859666e-5,0.0,0.10025527646216498,0.0,1.4640296251758156,3.000077785946221,2.8428351335771764
0.999996837266589,0.0,6.359972939085027e-5,0.0,0.10029527646216498,0.0,1.463992276598171,3.0000777886621166,2.8426295934273664
0.9999968405085005,0.0,6.354945236484655e-5,0.0,0.10033527646216497,0.0,1.463954966150994,3.0000777913756003,2.842424237488002
0.9999968437455475,0.0,6.349923479690913e-5,0.0,0.10037527646216497,0.0,1.4639176937619152,3.0000777940866343,2.8422190400998932
0.9999968469777424,0.0,6.344907659351623e-5,0.0,0.10041527646216497,0.0,1.4638804593780677,3.000077796795243,2.842014025120877
0.9999968502050912,0.0,6.339897766126861e-5,0.0,0.10045527646216497,0.0,1.4638432629330282,3.0000777995014176,2.841809157698493
0.9999968534276038,0.0,6.334893790700489e-5,0.0,0.10049527646216497,0.0,1.4638061043773973,3.000077802205168,2.841604473040457
0.9999968566452908,0.0,6.32989572377754e-5,0.0,0.10053527646216497,0.0,1.4637689836457566,3.000077804906504,2.84139997666354
0.9999968598581617,0.0,6.324903556076755e-5,0.0,0.10057527646216496,0.0,1.463731900689449,3.0000778076054355,2.84119562099482
0.9999968630662206,0.0,6.319917278333675e-5,0.0,0.10061527646216496,0.0,1.4636948554285563,3.000077810301935,2.8409914457315937
0.99999686626948,0.0,6.314936881307099e-5,0.0,0.10065527646216496,0.0,1.4636578478181057,3.000077812996029,2.8407874472895083
0.9999968694679497,0.0,6.309962355770578e-5,0.0,0.10069527646216496,0.0,1.463620877804081,3.0000778156877277,2.840583624011992
0.9999968726616345,0.0,6.304993692513341e-5,0.0,0.10073527646216496,0.0,1.463583945318894,3.0000778183770116,2.840379946803257
0.9999968758505481,0.0,6.30003088235344e-5,0.0,0.10077527646216496,0.0,1.4635470503079715,3.000077821063906,2.8401764366594984
0.9999968790346961,0.0,6.29507391611187e-5,0.0,0.10081527646216495,0.0,1.4635101927064773,3.0000778237484043,2.8399731163143738
0.9999968822140888,0.0,6.290122784635909e-5,0.0,0.10085527646216495,0.0,1.4634733724685582,3.000077826430518,2.839769934390582
0.9999968853887303,0.0,6.285177478789266e-5,0.0,0.10089527646216495,0.0,1.4634365895243124,3.0000778291102197,2.8395669512301374
0.9999968885586379,0.0,6.280237989453991e-5,0.0,0.10093527646216495,0.0,1.4633998438207994,3.0000778317875723,2.839364117916525
0.9999968917238137,0.0,6.275304307535347e-5,0.0,0.10097527646216495,0.0,1.4633631353027994,3.0000778344625245,2.8391614534232827
0.9999968948842672,0.0,6.270376423944506e-5,0.0,0.10101527646216495,0.0,1.4633264639084322,3.000077837135095,2.8389589633533543
0.9999968980400079,0.0,6.265454329617641e-5,0.0,0.10105527646216494,0.0,1.4632898295781358,3.000077839805292,2.838756628761729
0.9999969011910469,0.0,6.260538015508845e-5,0.0,0.10109527646216494,0.0,1.4632532322646208,3.000077842473134,2.8385544731346783
0.9999969043373871,0.0,6.255627472587946e-5,0.0,0.10113527646216494,0.0,1.463216671897564,3.0000778451385854,2.838352478013523
0.9999969074790432,0.0,6.250722691843421e-5,0.0,0.10117527646216494,0.0,1.463180148417965,3.0000778478016925,2.8381506368382095
0.9999969106160206,0.0,6.245823664282266e-5,0.0,0.10121527646216494,0.0,1.4631436617863443,3.0000778504624335,2.8379489866692826
0.9999969137483271,0.0,6.240930380923774e-5,0.0,0.10125527646216494,0.0,1.4631072119290476,3.0000778531208123,2.8377474822203066
0.9999969168759745,0.0,6.236042832812552e-5,0.0,0.10129527646216493,0.0,1.4630707988002352,3.000077855776849,2.8375461577990184
0.9999969199989687,0.0,6.231161011004715e-5,0.0,0.10133527646216493,0.0,1.4630344223311031,3.0000778584305334,2.837344977307345
0.9999969231173196,0.0,6.226284906577062e-5,0.0,0.10137527646216493,0.0,1.4629980824781035,3.000077861081875,2.837143968519217
0.9999969262310345,0.0,6.221414510623551e-5,0.0,0.10141527646216493,0.0,1.4629617791767984,3.000077863730867,2.836943132165812
0.9999969293401224,0.0,6.216549814247532e-5,0.0,0.10145527646216493,0.0,1.462925512370153,3.000077866377527,2.8367424579443408
0.9999969324445896,0.0,6.21169080857805e-5,0.0,0.10149527646216493,0.0,1.462889282004788,3.0000778690218413,2.8365419390848903
0.9999969355444487,0.0,6.206837484772541e-5,0.0,0.10153527646216493,0.0,1.4628530880180837,3.0000778716638212,2.8363416007085367
0.9999969386397071,0.0,6.201989833975587e-5,0.0,0.10157527646216492,0.0,1.4628169303687375,3.0000778743034924,2.8361414265222122
0.9999969417303702,0.0,6.197147847375741e-5,0.0,0.10161527646216492,0.0,1.462780808979798,3.0000778769408205,2.8359414012885193
0.9999969448164514,0.0,6.192311516169185e-5,0.0,0.10165527646216492,0.0,1.46274472381251,3.0000778795758447,2.835741539955026
0.9999969478979543,0.0,6.187480831569523e-5,0.0,0.10169527646216492,0.0,1.4627086747957103,3.0000778822085326,2.8355418442552263
0.99999695097489,0.0,6.182655784799736e-5,0.0,0.10173527646216492,0.0,1.4626726618912516,3.0000778848389205,2.835342344609044
0.9999969540472637,0.0,6.177836367110423e-5,0.0,0.10177527646216492,0.0,1.4626366850341084,3.0000778874669822,2.835142945367404
0.9999969571150873,0.0,6.173022569768829e-5,0.0,0.10181527646216491,0.0,1.4626007441662836,3.0000778900927423,2.834943738593825
0.9999969601783664,0.0,6.168214384051869e-5,0.0,0.10185527646216491,0.0,1.4625648392343693,3.0000778927161917,2.8347447024542856
0.9999969632371127,0.0,6.163411801265363e-5,0.0,0.10189527646216491,0.0,1.4625289701880033,3.0000778953373475,2.8345458200143403
0.9999969662913292,0.0,6.15861481271275e-5,0.0,0.10193527646216491,0.0,1.4624931369632554,3.0000778979561886,2.8343470939695963
0.9999969693410304,0.0,6.153823409729798e-5,0.0,0.10197527646216491,0.0,1.462457339503968,3.0000779005727622,2.834148533247615
0.9999969723862215,0.0,6.149037583672696e-5,0.0,0.1020152764621649,0.0,1.4624215777686886,3.000077903187033,2.833950155628454
0.9999969754269087,0.0,6.144257325896552e-5,0.0,0.1020552764621649,0.0,1.462385851689479,3.000077905799007,2.8337519047839295
0.999996978463104,0.0,6.1394826277878e-5,0.0,0.1020952764621649,0.0,1.4623501612194567,3.000077908408709,2.833553828646903
0.9999969814948125,0.0,6.134713480742684e-5,0.0,0.1021352764621649,0.0,1.4623145063055512,3.0000779110161218,2.8333559135858137
0.9999969845220433,0.0,6.129949876176866e-5,0.0,0.1021752764621649,0.0,1.4622788868835572,3.000077913621255,2.8331581635238012
0.9999969875448066,0.0,6.125191805521124e-5,0.0,0.1022152764621649,0.0,1.4622433028976947,3.0000779162241273,2.8329605577003534
0.9999969905631056,0.0,6.120439260222159e-5,0.0,0.1022552764621649,0.0,1.4622077543036172,3.00007791882471,2.8327631381370657
0.9999969935769542,0.0,6.115692231753691e-5,0.0,0.1022952764621649,0.0,1.4621722410354878,3.0000779214230318,2.8325658445275215
0.9999969965863557,0.0,6.110950711582477e-5,0.0,0.10233527646216489,0.0,1.4621367630646098,3.0000779240190854,2.832368723061177
0.9999969995913218,0.0,6.106214691217903e-5,0.0,0.10237527646216489,0.0,1.4621013203022086,3.000077926612882,2.8321717798800696
0.9999970025918601,0.0,6.101484162168711e-5,0.0,0.10241527646216489,0.0,1.462065912718722,3.0000779292044273,2.83197498699573
0.9999970055879737,0.0,6.0967591159606944e-5,0.0,0.10245527646216489,0.0,1.462030540249585,3.000077931793697,2.83177834912709
0.9999970085796782,0.0,6.09203954414788e-5,0.0,0.10249527646216489,0.0,1.4619952028391139,3.000077934380738,2.8315818697154236
0.9999970115669766,0.0,6.0873254382916144e-5,0.0,0.10253527646216488,0.0,1.4619599004422206,3.000077936965518,2.8313855531666268
0.9999970145498798,0.0,6.082616789970682e-5,0.0,0.10257527646216488,0.0,1.4619246329987696,3.000077939548062,2.831189376790341
0.9999970175283917,0.0,6.0779135907742134e-5,0.0,0.10261527646216488,0.0,1.4618894004568899,3.0000779421283528,2.830993372360995
0.9999970205025248,0.0,6.0732158323188165e-5,0.0,0.10265527646216488,0.0,1.4618542027706154,3.00007794470642,2.8307975331848403
0.9999970234722831,0.0,6.068523506229788e-5,0.0,0.10269527646216488,0.0,1.4618190398769528,3.00007794728224,2.8306018330279965
0.9999970264376775,0.0,6.063836604155822e-5,0.0,0.10273527646216488,0.0,1.4617839117216969,3.000077949855828,2.8304063038262086
0.9999970293987143,0.0,6.059155117746295e-5,0.0,0.10277527646216487,0.0,1.4617488182559686,3.0000779524271937,2.830210942968643
0.9999970323553975,0.0,6.0544790386770175e-5,0.0,0.10281527646216487,0.0,1.4617137594295968,3.0000779549963115,2.8300157007844677
0.9999970353077471,0.0,6.049808358658124e-5,0.0,0.10285527646216487,0.0,1.4616787351915368,3.000077957563242,2.829820642228132
0.9999970382557576,0.0,6.04514306937766e-5,0.0,0.10289527646216487,0.0,1.4616437454717517,3.0000779601279217,2.8296257181906452
0.999997041199446,0.0,6.04048316256353e-5,0.0,0.10293527646216487,0.0,1.4616087902398327,3.0000779626904155,2.8294309777820583
0.9999970441388156,0.0,6.035828629960634e-5,0.0,0.10297527646216487,0.0,1.4615738694307734,3.0000779652506826,2.829236380722613
0.9999970470738713,0.0,6.031179463312454e-5,0.0,0.10301527646216486,0.0,1.4615389829947072,3.0000779678087213,2.8290419481333933
0.9999970500046306,0.0,6.026535654403738e-5,0.0,0.10305527646216486,0.0,1.4615041308754346,3.000077970364588,2.828847656393049
0.9999970529310921,0.0,6.021897195009226e-5,0.0,0.10309527646216486,0.0,1.4614693130262584,3.000077972918234,2.828653534553118
0.9999970558532666,0.0,6.0172640769357414e-5,0.0,0.10313527646216486,0.0,1.461434529393427,3.0000779754696785,2.8284595652829463
0.9999970587711646,0.0,6.012636292003003e-5,0.0,0.10317527646216486,0.0,1.4613997799236262,3.0000779780189424,2.8282657526897057
0.9999970616847876,0.0,6.008013832035368e-5,0.0,0.10321527646216486,0.0,1.4613650645706389,3.000077980565997,2.8280720767665395
0.9999970645941477,0.0,6.003396688893828e-5,0.0,0.10325527646216486,0.0,1.4613303832760647,3.0000779831108577,2.827878586496798
0.9999970674992517,0.0,5.99878485443803e-5,0.0,0.10329527646216485,0.0,1.46129573597974,3.0000779856535296,2.8276852120730696
0.9999970704001113,0.0,5.994178320550797e-5,0.0,0.10333527646216485,0.0,1.46126112265197,3.0000779881940445,2.827492009925428
0.9999970732967279,0.0,5.989577079121032e-5,0.0,0.10337527646216485,0.0,1.461226543225957,3.000077990732367,2.827298960967673
0.9999970761891098,0.0,5.984981122065526e-5,0.0,0.10341527646216485,0.0,1.4611919976519914,3.0000779932684947,2.8271060547281364
0.9999970790772685,0.0,5.980390441308454e-5,0.0,0.10345527646216485,0.0,1.4611574858798464,3.0000779958024677,2.8269133422847785
0.9999970819612071,0.0,5.975805028791936e-5,0.0,0.10349527646216485,0.0,1.461123007861402,3.0000779983342505,2.826720745458753
0.9999970848409366,0.0,5.971224876473273e-5,0.0,0.10353527646216484,0.0,1.461088563534189,3.000078000863876,2.8265283284139637
0.9999970877164645,0.0,5.966649976324563e-5,0.0,0.10357527646216484,0.0,1.4610541528651746,3.0000780033913443,2.8263360442507106
0.9999970905877955,0.0,5.962080320336602e-5,0.0,0.10361527646216484,0.0,1.4610197757877073,3.000078005916634,2.8261439096369636
0.999997093454939,0.0,5.9575159005086385e-5,0.0,0.10365527646216484,0.0,1.4609854322551152,3.000078008439768,2.825951933274637
0.9999970963179052,0.0,5.952956708861778e-5,0.0,0.10369527646216484,0.0,1.4609511222262608,3.0000780109607654,2.8257601038866347
0.9999970991766962,0.0,5.948402737429529e-5,0.0,0.10373527646216484,0.0,1.4609168456295112,3.0000780134795875,2.8255684458789987
0.9999971020313237,0.0,5.943853978257023e-5,0.0,0.10377527646216483,0.0,1.4608826024379233,3.000078015996277,2.8253769100196764
0.9999971048817932,0.0,5.939310423410811e-5,0.0,0.10381527646216483,0.0,1.4608483925852433,3.000078018510814,2.8251855321403037
0.9999971077281111,0.0,5.934772064969708e-5,0.0,0.10385527646216483,0.0,1.4608142160307502,3.0000780210231976,2.824994311329984
0.9999971105702873,0.0,5.9302388950281436e-5,0.0,0.10389527646216483,0.0,1.4607800727228848,3.0000780235334457,2.8248032734050135
0.9999971134083282,0.0,5.9257109056916064e-5,0.0,0.10393527646216483,0.0,1.4607459625950545,3.0000780260415616,2.8246123448301934
0.9999971162422431,0.0,5.921188089087636e-5,0.0,0.10397527646216483,0.0,1.46071188562122,3.000078028547555,2.824421569061468
0.9999971190720371,0.0,5.9166704373555985e-5,0.0,0.10401527646216482,0.0,1.460677841731083,3.00007803105141,2.824230960294304
0.999997121897716,0.0,5.912157942648451e-5,0.0,0.10405527646216482,0.0,1.4606438308866914,3.0000780335531188,2.824040504631065
0.9999971247192903,0.0,5.9076505971305084e-5,0.0,0.10409527646216482,0.0,1.4606098530373948,3.0000780360527175,2.8238501939022544
0.9999971275367651,0.0,5.903148392987159e-5,0.0,0.10413527646216482,0.0,1.4605759081240608,3.0000780385501873,2.823660030518978
0.9999971303501484,0.0,5.89865132241437e-5,0.0,0.10417527646216482,0.0,1.4605419961176067,3.000078041045541,2.8234700159654
0.9999971331594505,0.0,5.8941593776362155e-5,0.0,0.10421527646216482,0.0,1.460508116942034,3.000078043538785,2.8232801267962153
0.999997135964675,0.0,5.889672550870168e-5,0.0,0.10425527646216481,0.0,1.4604742705616185,3.0000780460299104,2.823090433353187
0.9999971387658324,0.0,5.885190834362622e-5,0.0,0.10429527646216481,0.0,1.4604404569401819,3.00007804851894,2.8229008660038457
0.9999971415629255,0.0,5.8807142203679456e-5,0.0,0.10433527646216481,0.0,1.4604066759995695,3.0000780510058456,2.8227114349312563
0.9999971443559645,0.0,5.876242701157334e-5,0.0,0.10437527646216481,0.0,1.4603729277110107,3.0000780534906544,2.8225221680380743
0.9999971471449552,0.0,5.871776269019445e-5,0.0,0.10441527646216481,0.0,1.46033921200613,3.0000780559733533,2.8223330400873694
0.9999971499299105,0.0,5.867314916260326e-5,0.0,0.1044552764621648,0.0,1.4603055288703886,3.000078058453983,2.8221440802506708
0.9999971527108273,0.0,5.862858635182575e-5,0.0,0.1044952764621648,0.0,1.4602718782233315,3.000078060932486,2.821955258007205
0.9999971554877217,0.0,5.8584074181275536e-5,0.0,0.1045352764621648,0.0,1.4602382600224904,3.000078063408916,2.8217665760485224
0.9999971582605973,0.0,5.85396125743536e-5,0.0,0.1045752764621648,0.0,1.4602046742300396,3.0000780658832547,2.8215780592577007
0.9999971610294587,0.0,5.8495201454597634e-5,0.0,0.1046152764621648,0.0,1.4601711207898656,3.000078068355495,2.8213896649688177
0.9999971637943174,0.0,5.845084074585762e-5,0.0,0.1046552764621648,0.0,1.4601375996420205,3.000078070825652,2.821201428438366
0.999997166555182,0.0,5.840653037190808e-5,0.0,0.1046952764621648,0.0,1.4601041107726778,3.000078073293761,2.8210133419129773
0.999997169312055,0.0,5.836227025682089e-5,0.0,0.1047352764621648,0.0,1.4600706540973716,3.000078075759776,2.8208254074301675
0.9999971720649431,0.0,5.831806032470635e-5,0.0,0.1047752764621648,0.0,1.4600372295824116,3.0000780782237078,2.8206376208064103
0.9999971748138582,0.0,5.827390049995821e-5,0.0,0.10481527646216479,0.0,1.4600038371837987,3.000078080685581,2.820449971342584
0.9999971775588018,0.0,5.8229790706932744e-5,0.0,0.10485527646216479,0.0,1.4599704768399755,3.0000780831453717,2.8202624647845562
0.9999971802997865,0.0,5.81857308702901e-5,0.0,0.10489527646216479,0.0,1.459937148517764,3.000078085603113,2.820075096569008
0.9999971830368153,0.0,5.8141720914695126e-5,0.0,0.10493527646216479,0.0,1.459903852157563,3.0000780880587894,2.819887903214771
0.9999971857698955,0.0,5.8097760765089295e-5,0.0,0.10497527646216478,0.0,1.4598705877201177,3.000078090512391,2.8197008513284194
0.9999971884990372,0.0,5.805385034645005e-5,0.0,0.10501527646216478,0.0,1.4598373551543902,3.0000780929639554,2.8195139257033874
0.9999971912242432,0.0,5.800998958390963e-5,0.0,0.10505527646216478,0.0,1.4598041544050577,3.0000780954134543,2.819327156966277
0.9999971939455249,0.0,5.796617840285449e-5,0.0,0.10509527646216478,0.0,1.4597709854290142,3.000078097860909,2.8191405202846607
0.9999971966628859,0.0,5.792241672859109e-5,0.0,0.10513527646216478,0.0,1.4597378481955172,3.000078100306321,2.8189540471362085
0.9999971993763347,0.0,5.7878704486802706e-5,0.0,0.10517527646216478,0.0,1.4597047426349277,3.0000781027496832,2.8187676928619743
0.9999972020858785,0.0,5.783504160315432e-5,0.0,0.10521527646216478,0.0,1.4596716687116436,3.000078105191013,2.818581516713913
0.9999972047915219,0.0,5.779142800349676e-5,0.0,0.10525527646216477,0.0,1.4596386263724965,3.000078107630292,2.8183954536538294
0.9999972074932748,0.0,5.774786361387369e-5,0.0,0.10529527646216477,0.0,1.4596056155806278,3.000078110067542,2.8182095770633464
0.9999972101911412,0.0,5.770434836033642e-5,0.0,0.10533527646216477,0.0,1.459572636271178,3.0000781125027536,2.8180237992583197
0.999997212885133,0.0,5.766088216925665e-5,0.0,0.10537527646216477,0.0,1.4595396884133631,3.0000781149359543,2.817838180072117
0.9999972155752498,0.0,5.7617464966965986e-5,0.0,0.10541527646216477,0.0,1.4595067719451333,3.0000781173671003,2.8176526948439364
0.999997218261505,0.0,5.757409668002577e-5,0.0,0.10545527646216477,0.0,1.4594738868429196,3.0000781197962465,2.8174673805929844
0.9999972209439022,0.0,5.7530777235133987e-5,0.0,0.10549527646216476,0.0,1.4594410330405942,3.0000781222233663,2.8172821882866423
0.9999972236224469,0.0,5.748750655908671e-5,0.0,0.10553527646216476,0.0,1.4594082104898662,3.0000781246484567,2.817097147218383
0.9999972262971497,0.0,5.7444284578890564e-5,0.0,0.10557527646216476,0.0,1.4593754191617023,3.0000781270715415,2.816912246002552
0.9999972289680139,0.0,5.740111122159347e-5,0.0,0.10561527646216476,0.0,1.4593426589880307,3.000078129492604,2.8167274760116303
0.9999972316350488,0.0,5.7357986414467265e-5,0.0,0.10565527646216476,0.0,1.459309929939361,3.000078131911661,2.8165428560596037
0.9999972342982589,0.0,5.731491008480772e-5,0.0,0.10569527646216476,0.0,1.4592772319675422,3.0000781343287084,2.81635838422283
0.9999972369576546,0.0,5.727188216021539e-5,0.0,0.10573527646216475,0.0,1.4592445650201036,3.000078136743761,2.8161740544597973
0.9999972396132405,0.0,5.722890256825769e-5,0.0,0.10577527646216475,0.0,1.45921192904612,3.000078139156817,2.8159898544699713
0.9999972422650202,0.0,5.7185971236717274e-5,0.0,0.10581527646216475,0.0,1.4591793240158903,3.000078141567852,2.815805806613778
0.9999972449130053,0.0,5.714308809351522e-5,0.0,0.10585527646216475,0.0,1.4591467498686028,3.0000781439769066,2.8156218982464516
0.9999972475572,0.0,5.710025306668458e-5,0.0,0.10589527646216475,0.0,1.4591142065575875,3.0000781463839634,2.8154381294189115
0.9999972501976119,0.0,5.7057466084383605e-5,0.0,0.10593527646216475,0.0,1.4590816940589082,3.0000781487890373,2.8152545149993418
0.9999972528342462,0.0,5.701472707496407e-5,0.0,0.10597527646216474,0.0,1.4590492123081849,3.0000781511921106,2.8150710274142945
0.9999972554671124,0.0,5.697203596682132e-5,0.0,0.10601527646216474,0.0,1.459016761262223,3.0000781535932175,2.8148876694077587
0.9999972580962169,0.0,5.69293926885858e-5,0.0,0.10605527646216474,0.0,1.4589843408726209,3.0000781559923504,2.8147044723294417
0.9999972607215619,0.0,5.688679716890653e-5,0.0,0.10609527646216474,0.0,1.4589519511037852,3.0000781583894858,2.8145214173388924
0.9999972633431579,0.0,5.684424933664943e-5,0.0,0.10613527646216474,0.0,1.4589195919096452,3.0000781607846516,2.8143384762417605
0.9999972659610087,0.0,5.680174912079807e-5,0.0,0.10617527646216474,0.0,1.4588872632252714,3.0000781631778293,2.814155697136914
0.9999972685751245,0.0,5.675929645046657e-5,0.0,0.10621527646216473,0.0,1.4588549650310643,3.0000781655690476,2.8139730649741113
0.9999972711855101,0.0,5.671689125486043e-5,0.0,0.10625527646216473,0.0,1.458822697263262,3.0000781679583,2.8137905667655945
0.9999972737921754,0.0,5.6674533463388555e-5,0.0,0.10629527646216473,0.0,1.4587904598876742,3.000078170345612,2.8136081938412603
0.9999972763951192,0.0,5.663222300547415e-5,0.0,0.10633527646216473,0.0,1.4587582528582617,3.0000781727309342,2.8134259693389145
0.9999972789943534,0.0,5.658995981083134e-5,0.0,0.10637527646216473,0.0,1.458726076123719,3.0000781751142997,2.8132438788794256
0.999997281589884,0.0,5.654774380920136e-5,0.0,0.10641527646216473,0.0,1.458693929645744,3.0000781774957086,2.8130619250630367
0.9999972841817178,0.0,5.650557493047319e-5,0.0,0.10645527646216472,0.0,1.4586618133833829,3.0000781798751683,2.812880123622638
0.9999972867698584,0.0,5.64634531046064e-5,0.0,0.10649527646216472,0.0,1.4586297272906883,3.0000781822526688,2.8126984452521664
0.999997289354316,0.0,5.6421378261835145e-5,0.0,0.10653527646216472,0.0,1.4585976713118372,3.0000781846282267,2.8125169325988395
0.9999972919350967,0.0,5.637935033241559e-5,0.0,0.10657527646216472,0.0,1.458565645399047,3.000078187001848,2.812335537686626
0.9999972945122032,0.0,5.633736924669153e-5,0.0,0.10661527646216472,0.0,1.4585336495367702,3.0000781893735162,2.8121542737704988
0.9999972970856449,0.0,5.62954349353225e-5,0.0,0.10665527646216472,0.0,1.4585016836484346,3.0000781917432335,2.811973145645706
0.9999972996554298,0.0,5.625354732890224e-5,0.0,0.10669527646216471,0.0,1.4584697477122908,3.0000781941110333,2.811792163331708
0.9999973022215627,0.0,5.6211706358223805e-5,0.0,0.10673527646216471,0.0,1.4584378416777428,3.0000781964769025,2.811611323026233
0.9999973047840482,0.0,5.616991195419707e-5,0.0,0.10677527646216471,0.0,1.4584059654942336,3.000078198840833,2.8114306068408044
0.9999973073428934,0.0,5.612816404793417e-5,0.0,0.10681527646216471,0.0,1.4583741191163089,3.0000782012028187,2.8112500530469187
0.9999973098981075,0.0,5.60864625705474e-5,0.0,0.10685527646216471,0.0,1.4583423025257876,3.0000782035629014,2.8110696046345427
0.9999973124496938,0.0,5.604480745339262e-5,0.0,0.1068952764621647,0.0,1.4583105156370717,3.000078205921047,2.810889313802956
0.9999973149976606,0.0,5.6003198627841726e-5,0.0,0.1069352764621647,0.0,1.4582787584441024,3.0000782082772877,2.8107091541919926
0.9999973175420123,0.0,5.596163602551995e-5,0.0,0.1069752764621647,0.0,1.4582470308824045,3.0000782106315937,2.810529131972613
0.9999973200827554,0.0,5.59201195780632e-5,0.0,0.1070152764621647,0.0,1.4582153329172933,3.000078212983982,2.8103492335939833
0.999997322619897,0.0,5.587864921728312e-5,0.0,0.1070552764621647,0.0,1.4581836644947217,3.00007821533446,2.810169485975881
0.9999973251534472,0.0,5.583722487516075e-5,0.0,0.1070952764621647,0.0,1.4581520255886695,3.0000782176830536,2.8099898710351807
0.9999973276834049,0.0,5.5795846483703875e-5,0.0,0.1071352764621647,0.0,1.4581204161414647,3.0000782200297142,2.809810369869963
0.999997330209782,0.0,5.575451397516123e-5,0.0,0.1071752764621647,0.0,1.45808883611508,3.0000782223744795,2.8096310388135572
0.99999733273258,0.0,5.5713227281758315e-5,0.0,0.1072152764621647,0.0,1.4580572854641343,3.000078224717329,2.8094518237324277
0.9999973352518107,0.0,5.567198633603771e-5,0.0,0.10725527646216469,0.0,1.4580257641423837,3.0000782270582915,2.8092727556038253
0.999997337767475,0.0,5.5630791070437e-5,0.0,0.10729527646216469,0.0,1.4579942721236179,3.0000782293973494,2.8090938028831998
0.9999973402795794,0.0,5.5589641417705976e-5,0.0,0.10733527646216469,0.0,1.457962809337417,3.000078231734493,2.8089149847547796
0.9999973427881393,0.0,5.5548537310703326e-5,0.0,0.10737527646216469,0.0,1.4579313757631778,3.0000782340697953,2.8087363318843614
0.9999973452931497,0.0,5.5507478682268833e-5,0.0,0.10741527646216469,0.0,1.4578999713590282,3.0000782364031795,2.8085577837885163
0.9999973477946197,0.0,5.546646546552183e-5,0.0,0.10745527646216468,0.0,1.4578685960646325,3.000078238734661,2.8083793896504066
0.9999973502925592,0.0,5.54254975935723e-5,0.0,0.10749527646216468,0.0,1.4578372498592114,3.0000782410642906,2.808201110234908
0.9999973527869742,0.0,5.538457499981696e-5,0.0,0.10753527646216468,0.0,1.4578059326822375,3.0000782433920476,2.808022980495105
0.9999973552778642,0.0,5.534369761759157e-5,0.0,0.10757527646216468,0.0,1.4577746444970836,3.0000782457178947,2.8078449499417144
0.9999973577652439,0.0,5.530286538048579e-5,0.0,0.10761527646216468,0.0,1.457743385262482,3.000078248041901,2.8076670905405656
0.9999973602491099,0.0,5.526207822215947e-5,0.0,0.10765527646216468,0.0,1.457712154925158,3.0000782503639876,2.807489363350689
0.9999973627294754,0.0,5.522133607636395e-5,0.0,0.10769527646216467,0.0,1.4576809534700974,3.0000782526842262,2.8073117562105985
0.9999973652063442,0.0,5.51806388770876e-5,0.0,0.10773527646216467,0.0,1.4576497808239197,3.000078255002583,2.807134285990338
0.9999973676797295,0.0,5.513998655834926e-5,0.0,0.10777527646216467,0.0,1.4576186369736301,3.000078257319126,2.806956947762713
0.9999973701496216,0.0,5.509937905418331e-5,0.0,0.10781527646216467,0.0,1.457587521851355,3.000078259633744,2.806779730106754
0.9999973726160403,0.0,5.505881629896812e-5,0.0,0.10785527646216467,0.0,1.4575564354349364,3.000078261946537,2.8066026760226843
0.9999973750789872,0.0,5.5018298227113625e-5,0.0,0.10789527646216467,0.0,1.4575253776720238,3.000078264257467,2.8064257327855184
0.9999973775384651,0.0,5.497782477306602e-5,0.0,0.10793527646216466,0.0,1.4574943485197782,3.00007826656652,2.8062489261260106
0.999997379994485,0.0,5.493739587146551e-5,0.0,0.10797527646216466,0.0,1.4574633479383363,3.0000782688737426,2.8060722401779747
0.9999973824470544,0.0,5.4897011457109126e-5,0.0,0.10801527646216466,0.0,1.4574323758959864,3.00007827117914,2.805895679257085
0.9999973848961694,0.0,5.485667146481986e-5,0.0,0.10805527646216466,0.0,1.457401432340536,3.000078273482637,2.8057192640333906
0.9999973873418465,0.0,5.481637582962449e-5,0.0,0.10809527646216466,0.0,1.457370517230259,3.0000782757843227,2.8055430046204504
0.9999973897840854,0.0,5.477612448661736e-5,0.0,0.10813527646216466,0.0,1.4573396305209338,3.000078278084146,2.805366837206472
0.9999973922228961,0.0,5.473591737102914e-5,0.0,0.10817527646216465,0.0,1.4573087721836282,3.0000782803821453,2.805190811589242
0.9999973946582816,0.0,5.469575441817964e-5,0.0,0.10821527646216465,0.0,1.457277942166214,3.0000782826783032,2.805014919310276
0.9999973970902511,0.0,5.465563556357977e-5,0.0,0.10825527646216465,0.0,1.4572471404387717,3.0000782849726395,2.8048391559424943
0.9999973995188067,0.0,5.46155607427509e-5,0.0,0.10829527646216465,0.0,1.4572163669591496,3.0000782872651364,2.8046635190470703
0.9999974019439546,0.0,5.4575529891410994e-5,0.0,0.10833527646216465,0.0,1.457185621668467,3.0000782895557943,2.804488011301701
0.9999974043657041,0.0,5.453554294545418e-5,0.0,0.10837527646216465,0.0,1.4571549045387835,3.0000782918446287,2.8043126497160693
0.9999974067840587,0.0,5.4495599840733744e-5,0.0,0.10841527646216464,0.0,1.4571242155282387,3.0000782941316406,2.8041374150904828
0.9999974091990249,0.0,5.4455700513301994e-5,0.0,0.10845527646216464,0.0,1.4570935545993335,3.0000782964168353,2.803962312784769
0.9999974116106078,0.0,5.441584489932804e-5,0.0,0.10849527646216464,0.0,1.457062921701218,3.0000782987002084,2.8037873237245075
0.9999974140188139,0.0,5.43760329350789e-5,0.0,0.10853527646216464,0.0,1.4570323168109531,3.0000783009817695,2.803612472166693
0.9999974164236486,0.0,5.433626455698049e-5,0.0,0.10857527646216464,0.0,1.4570017398699648,3.000078303261513,2.803437749887798
0.9999974188251184,0.0,5.4296539701572106e-5,0.0,0.10861527646216464,0.0,1.4569711908470555,3.000078305539441,2.8032631529270335
0.9999974212232259,0.0,5.42568583053959e-5,0.0,0.10865527646216463,0.0,1.4569406696925684,3.0000783078155475,2.8030886988238057
0.9999974236179837,0.0,5.4217220305278976e-5,0.0,0.10869527646216463,0.0,1.4569101763877421,3.000078310089876,2.802914352039509
0.9999974260093926,0.0,5.417762563805e-5,0.0,0.10873527646216463,0.0,1.4568797108756055,3.0000783123623918,2.8027401538429584
0.9999974283974574,0.0,5.413807424065777e-5,0.0,0.10877527646216463,0.0,1.4568492731091287,3.0000783146330927,2.802566072348016
0.9999974307821888,0.0,5.4098566050274784e-5,0.0,0.10881527646216463,0.0,1.4568188630643932,3.0000783169020084,2.802392105068615
0.9999974331635865,0.0,5.405910100395587e-5,0.0,0.10885527646216463,0.0,1.4567884806899922,3.0000783191691176,2.802218291691423
0.9999974355416612,0.0,5.4019679039150855e-5,0.0,0.10889527646216463,0.0,1.4567581259548337,3.000078321434439,2.8020446029673676
0.9999974379164163,0.0,5.3980300093241504e-5,0.0,0.10893527646216462,0.0,1.456727798811106,3.0000783236979642,2.801871021327528
0.9999974402878586,0.0,5.394096410374156e-5,0.0,0.10897527646216462,0.0,1.4566974992304829,3.000078325959713,2.801697567765498
0.9999974426559926,0.0,5.39016710083417e-5,0.0,0.10901527646216462,0.0,1.456667227154418,3.0000783282196655,2.8015242712160693
0.9999974450208244,0.0,5.38624207447894e-5,0.0,0.10905527646216462,0.0,1.4566369825667558,3.0000783304778373,2.8013510873566565
0.9999974473823598,0.0,5.3823213250983715e-5,0.0,0.10909527646216462,0.0,1.4566067654009935,3.0000783327342244,2.8011780295643103
0.9999974497406038,0.0,5.3784048464925004e-5,0.0,0.10913527646216462,0.0,1.4565765756385385,3.0000783349888227,2.8010050854436166
0.9999974520955612,0.0,5.374492632465715e-5,0.0,0.10917527646216461,0.0,1.456546413237858,3.000078337241641,2.800832266137003
0.9999974544472414,0.0,5.370584676848906e-5,0.0,0.10921527646216461,0.0,1.456516278146565,3.0000783394926946,2.8006596026483956
0.9999974567956486,0.0,5.3666809734687366e-5,0.0,0.10925527646216461,0.0,1.456486170343151,3.0000783417419883,2.800487044602124
0.9999974591407864,0.0,5.362781516174194e-5,0.0,0.10929527646216461,0.0,1.456456089767969,3.0000783439894945,2.800314636571658
0.9999974614826626,0.0,5.358886298817166e-5,0.0,0.10933527646216461,0.0,1.456426036401631,3.000078346235243,2.8001423250883772
0.9999974638212824,0.0,5.354995315261939e-5,0.0,0.1093752764621646,0.0,1.4563960101881261,3.0000783484792364,2.7999701456798536
0.9999974661566495,0.0,5.351108559389466e-5,0.0,0.1094152764621646,0.0,1.4563660111115515,3.000078350721452,2.7997980663005144
0.9999974684887687,0.0,5.3472260250825304e-5,0.0,0.1094552764621646,0.0,1.456336039106094,3.0000783529618977,2.7996261498144865
0.9999974708176528,0.0,5.343347706252043e-5,0.0,0.1094952764621646,0.0,1.4563060941463515,3.000078355200617,2.799454365810933
0.9999974731432982,0.0,5.339473596792263e-5,0.0,0.1095352764621646,0.0,1.4562761762026473,3.0000783574375642,2.799282707658729
0.9999974754657169,0.0,5.335603690639743e-5,0.0,0.1095752764621646,0.0,1.4562462852119897,3.0000783596727674,2.7991111374041866
0.9999974777849113,0.0,5.3317379817216854e-5,0.0,0.1096152764621646,0.0,1.4562164211534125,3.0000783619062106,2.7989396964776416
0.9999974801008851,0.0,5.327876463975829e-5,0.0,0.1096552764621646,0.0,1.4561865839876935,3.000078364137892,2.798768443394626
0.9999974824136497,0.0,5.3240191313655366e-5,0.0,0.10969527646216459,0.0,1.456156773671825,3.000078366367849,2.798597231976917
0.9999974847232056,0.0,5.320165977846293e-5,0.0,0.10973527646216459,0.0,1.4561269901580194,3.0000783685960584,2.7984261889710766
0.9999974870295608,0.0,5.316316997403274e-5,0.0,0.10977527646216459,0.0,1.4560972334330726,3.0000783708225263,2.7982552712678697
0.9999974893327215,0.0,5.3124721840157236e-5,0.0,0.10981527646216459,0.0,1.4560675034428379,3.0000783730472755,2.798084467867652
0.9999974916326893,0.0,5.308631531686204e-5,0.0,0.10985527646216459,0.0,1.4560378001403413,3.000078375270265,2.7979137866934853
0.9999974939294713,0.0,5.304795034418727e-5,0.0,0.10989527646216458,0.0,1.4560081235058309,3.0000783774915205,2.7977432223289784
0.9999974962230751,0.0,5.3009626862384145e-5,0.0,0.10993527646216458,0.0,1.4559784734809822,3.0000783797110504,2.797572798484186
0.9999974985135036,0.0,5.297134481168462e-5,0.0,0.10997527646216458,0.0,1.4559488500508957,3.000078381928849,2.797402479057967
0.9999975008007634,0.0,5.293310413251516e-5,0.0,0.11001527646216458,0.0,1.4559192531684066,3.0000783841449254,2.797232296989508
0.9999975030848629,0.0,5.289490476549119e-5,0.0,0.11005527646216458,0.0,1.455889682778192,3.000078386359286,2.797062243146647
0.999997505365799,0.0,5.2856746651015494e-5,0.0,0.11009527646216458,0.0,1.4558601388641794,3.000078388571903,2.796892303519942
0.999997507643584,0.0,5.281862972998554e-5,0.0,0.11013527646216457,0.0,1.455830621383905,3.000078390782804,2.7967224566800195
0.9999975099182224,0.0,5.2780553943195316e-5,0.0,0.11017527646216457,0.0,1.4558011302934568,3.0000783929919943,2.7965527690626812
0.9999975121897203,0.0,5.27425192315691e-5,0.0,0.11021527646216457,0.0,1.4557716655561546,3.0000783951994827,2.796383200463042
0.9999975144580813,0.0,5.2704525536185664e-5,0.0,0.11025527646216457,0.0,1.455742227149436,3.00007839740525,2.796213749338125
0.9999975167233108,0.0,5.266657279814249e-5,0.0,0.11029527646216457,0.0,1.455712815011341,3.0000783996093086,2.796044435409966
0.9999975189854133,0.0,5.2628660958702305e-5,0.0,0.11033527646216457,0.0,1.4556834291296399,3.000078401811653,2.7958752127002433
0.9999975212443961,0.0,5.259078995924067e-5,0.0,0.11037527646216456,0.0,1.4556540694448985,3.0000784040122994,2.7957061475279703
0.9999975235002635,0.0,5.255295974123918e-5,0.0,0.11041527646216456,0.0,1.455624735931213,3.000078406211238,2.795537175031485
0.9999975257530211,0.0,5.2515170246220524e-5,0.0,0.11045527646216456,0.0,1.4555954285495847,3.0000784084084837,2.795368330623152
0.9999975280026746,0.0,5.247742141593704e-5,0.0,0.11049527646216456,0.0,1.4555661472596846,3.000078410604025,2.795199607675304
0.9999975302492262,0.0,5.243971319208538e-5,0.0,0.11053527646216456,0.0,1.4555368920246412,3.0000784127978535,2.795031006149946
0.9999975324926854,0.0,5.2402045516550683e-5,0.0,0.11057527646216456,0.0,1.4555076628221724,3.0000784149900115,2.7948625373250966
0.9999975347330554,0.0,5.236441833138157e-5,0.0,0.11061527646216456,0.0,1.4554784595939045,3.0000784171804673,2.7946941850314184
0.9999975369703427,0.0,5.232683157865372e-5,0.0,0.11065527646216455,0.0,1.4554492823104148,3.0000784193692374,2.794525926676154
0.9999975392045524,0.0,5.228928520051742e-5,0.0,0.11069527646216455,0.0,1.4554201309444732,3.0000784215563345,2.7943578028371685
0.9999975414356894,0.0,5.225177913933887e-5,0.0,0.11073527646216455,0.0,1.4553910054404198,3.00007842374174,2.7941898350099255
0.9999975436637554,0.0,5.221431333740924e-5,0.0,0.11077527646216455,0.0,1.4553619057870952,3.000078425925448,2.7940219508947592
0.9999975458887618,0.0,5.2176887737314286e-5,0.0,0.11081527646216455,0.0,1.4553328319216703,3.000078428107501,2.793854198930511
0.9999975481107087,0.0,5.213950228166799e-5,0.0,0.11085527646216455,0.0,1.4553037838244116,3.00007843028785,2.7936865673822937
0.999997550329604,0.0,5.2102156913079125e-5,0.0,0.11089527646216454,0.0,1.4552747614484145,3.0000784324665455,2.793519035072895
0.9999975525454525,0.0,5.206485157447111e-5,0.0,0.11093527646216454,0.0,1.4552457647574526,3.0000784346435596,2.7933516304179853
0.9999975547582581,0.0,5.20275862086982e-5,0.0,0.11097527646216454,0.0,1.4552167937262985,3.000078436818896,2.793184378324179
0.9999975569680278,0.0,5.199036075877393e-5,0.0,0.11101527646216454,0.0,1.45518784831188,3.000078438992573,2.7930172186574764
0.9999975591747658,0.0,5.195317516779369e-5,0.0,0.11105527646216454,0.0,1.4551589284858375,3.00007844116459,2.7928501972868776
0.9999975613784757,0.0,5.1916029379025595e-5,0.0,0.11109527646216454,0.0,1.4551300341967017,3.0000784433349192,2.7926832442814686
0.9999975635791669,0.0,5.1878923335754596e-5,0.0,0.11113527646216453,0.0,1.4551011654175932,3.0000784455036134,2.7925164354181105
0.9999975657768403,0.0,5.184185698139746e-5,0.0,0.11117527646216453,0.0,1.4550723221079307,3.0000784476706337,2.792349765482726
0.9999975679715023,0.0,5.1804830259480945e-5,0.0,0.11121527646216453,0.0,1.455043504221672,3.0000784498359914,2.7921832077477817
0.9999975701631574,0.0,5.1767843113569676e-5,0.0,0.11125527646216453,0.0,1.455014711760966,3.000078451999696,2.792016742320205
0.9999975723518146,0.0,5.173089548745151e-5,0.0,0.11129527646216453,0.0,1.4549859446567606,3.000078454161773,2.791850439092545
0.9999975745374711,0.0,5.1693987324912956e-5,0.0,0.11133527646216453,0.0,1.454957202874329,3.00007845632215,2.79168422154374
0.9999975767201427,0.0,5.165711856983423e-5,0.0,0.11137527646216452,0.0,1.454928486391728,3.000078458480948,2.791518141137956
0.9999975788998235,0.0,5.162028916632737e-5,0.0,0.11141527646216452,0.0,1.4548997951602303,3.000078460638037,2.791352165065066
0.9999975810765251,0.0,5.158349905839378e-5,0.0,0.11145527646216452,0.0,1.454871129158247,3.0000784627935104,2.7911862776146794
0.9999975832502512,0.0,5.154674819035537e-5,0.0,0.11149527646216452,0.0,1.4548424883344055,3.0000784649473315,2.7910205596499393
0.9999975854210066,0.0,5.151003650646447e-5,0.0,0.11153527646216452,0.0,1.454813872653167,3.000078467099514,2.7908549372877283
0.9999975875887965,0.0,5.147336395111724e-5,0.0,0.11157527646216452,0.0,1.4547852821068905,3.000078469250069,2.790689447878889
0.9999975897536268,0.0,5.143673046885752e-5,0.0,0.11161527646216451,0.0,1.4547567166319022,3.0000784713989956,2.7905240488337815
0.9999975919154986,0.0,5.1400136004272496e-5,0.0,0.11165527646216451,0.0,1.454728176197978,3.0000784735462647,2.7903587586980922
0.9999975940744222,0.0,5.136358050205422e-5,0.0,0.11169527646216451,0.0,1.4546996607808718,3.000078475691934,2.7901935860037104
0.9999975962303992,0.0,5.132706390706694e-5,0.0,0.11173527646216451,0.0,1.4546711703266604,3.0000784778359577,2.7900285875171362
0.9999975983834337,0.0,5.129058616414987e-5,0.0,0.11177527646216451,0.0,1.4546427048180726,3.000078479978345,2.789863660831392
0.9999976005335351,0.0,5.125414721838292e-5,0.0,0.1118152764621645,0.0,1.4546142642115707,3.000078482119122,2.789698850036563
0.9999976026807026,0.0,5.1217747014727e-5,0.0,0.1118552764621645,0.0,1.4545858484730487,3.0000784842582666,2.789534150606592
0.9999976048249491,0.0,5.1181385498526144e-5,0.0,0.1118952764621645,0.0,1.454557457577152,3.000078486395824,2.789369581614621
0.9999976069662696,0.0,5.114506261496045e-5,0.0,0.1119352764621645,0.0,1.4545290914673217,3.0000784885317233,2.78920512578079
0.9999976091046755,0.0,5.110877830945481e-5,0.0,0.1119752764621645,0.0,1.4545007501215974,3.0000784906660227,2.78904079805064
0.9999976112401686,0.0,5.1072532527484594e-5,0.0,0.1120152764621645,0.0,1.4544724335106498,3.000078492798695,2.788876559914202
0.9999976133727596,0.0,5.1036325214698166e-5,0.0,0.1120552764621645,0.0,1.4544441415882856,3.0000784949297836,2.788712451633515
0.9999976155024456,0.0,5.100015631659555e-5,0.0,0.1120952764621645,0.0,1.4544158743366606,3.000078497059255,2.7885484374042036
0.9999976176292368,0.0,5.096402577914394e-5,0.0,0.1121352764621645,0.0,1.454387631705157,3.000078499187116,2.788384578841682
0.9999976197531383,0.0,5.092793354812268e-5,0.0,0.11217527646216449,0.0,1.4543594136700582,3.0000785013133933,2.788220812917112
0.9999976218741489,0.0,5.0891879569472016e-5,0.0,0.11221527646216449,0.0,1.4543312201826255,3.0000785034380337,2.7880571405950323
0.9999976239922794,0.0,5.085586378925403e-5,0.0,0.11225527646216449,0.0,1.4543030512169417,3.0000785055610972,2.7878936082375887
0.9999976261075301,0.0,5.081988615364035e-5,0.0,0.11229527646216449,0.0,1.4542749067432794,3.0000785076825345,2.787730205607866
0.9999976282199132,0.0,5.078394660889986e-5,0.0,0.11233527646216449,0.0,1.45424678671433,3.000078509802418,2.787566904967446
0.999997630329427,0.0,5.0748045101336866e-5,0.0,0.11237527646216448,0.0,1.4542186911231398,3.0000785119206914,2.787403677652792
0.9999976324360785,0.0,5.07121815774329e-5,0.0,0.11241527646216448,0.0,1.4541906198944745,3.0000785140373685,2.787240599885432
0.999997634539869,0.0,5.067635598361894e-5,0.0,0.11245527646216448,0.0,1.4541625730218057,3.0000785161524393,2.7870776312151113
0.9999976366408069,0.0,5.0640568266566686e-5,0.0,0.11249527646216448,0.0,1.4541345504684267,3.000078518265931,2.786914790144572
0.9999976387388981,0.0,5.0604818373045856e-5,0.0,0.11253527646216448,0.0,1.4541065522087808,3.000078520377844,2.786752034993835
0.9999976408341474,0.0,5.056910624982178e-5,0.0,0.11257527646216448,0.0,1.4540785781910628,3.000078522488192,2.786589412460671
0.9999976429265544,0.0,5.053343184377668e-5,0.0,0.11261527646216447,0.0,1.4540506283859969,3.000078524596929,2.786426914055544
0.9999976450161293,0.0,5.0497795101952466e-5,0.0,0.11265527646216447,0.0,1.45402270275942,3.000078526704103,2.7862645084460054
0.999997647102875,0.0,5.0462195971396546e-5,0.0,0.11269527646216447,0.0,1.453994801283119,3.000078528809706,2.7861022020553388
0.9999976491867958,0.0,5.042663439933381e-5,0.0,0.11273527646216447,0.0,1.4539669239227782,3.0000785309137257,2.785940024945403
0.9999976512678964,0.0,5.0391110332989285e-5,0.0,0.11277527646216447,0.0,1.4539390706382238,3.0000785330161768,2.785777964818385
0.9999976533461838,0.0,5.035562371982743e-5,0.0,0.11281527646216447,0.0,1.4539112414081574,3.0000785351170602,2.7856160270996067
0.9999976554216569,0.0,5.032017450715563e-5,0.0,0.11285527646216446,0.0,1.453883436178996,3.000078537216355,2.7854541787045797
0.9999976574943242,0.0,5.028476264262731e-5,0.0,0.11289527646216446,0.0,1.453855654935623,3.0000785393140807,2.785292463873189
0.9999976595641952,0.0,5.0249388073893075e-5,0.0,0.11293527646216446,0.0,1.4538278976369174,3.000078541410282,2.785130838282762
0.9999976616312672,0.0,5.0214050748655594e-5,0.0,0.11297527646216446,0.0,1.4538001642548308,3.000078543504897,2.784969347480062
0.999997663695547,0.0,5.0178750614687376e-5,0.0,0.11301527646216446,0.0,1.4537724547514106,3.0000785455979617,2.78480795884002
0.9999976657570389,0.0,5.014348761998947e-5,0.0,0.11305527646216446,0.0,1.4537447691001633,3.0000785476894523,2.784646692925106
0.999997667815754,0.0,5.010826171261789e-5,0.0,0.11309527646216445,0.0,1.4537171072491317,3.0000785497794276,2.7844855084909743
0.999997669871683,0.0,5.0073072840475994e-5,0.0,0.11313527646216445,0.0,1.453689469184738,3.0000785518677944,2.7843244690378297
0.9999976719248443,0.0,5.003792095196692e-5,0.0,0.11317527646216445,0.0,1.4536618548662725,3.0000785539546415,2.784163500261215
0.9999976739752358,0.0,5.0002805995262136e-5,0.0,0.11321527646216445,0.0,1.4536342642602955,3.0000785560399295,2.784002679028187
0.9999976760228636,0.0,4.996772791876132e-5,0.0,0.11325527646216445,0.0,1.4536066973367139,3.00007855812367,2.7838419661204608
0.9999976780677312,0.0,4.9932686670852885e-5,0.0,0.11329527646216445,0.0,1.4535791540719953,3.0000785602058713,2.783681341237865
0.9999976801098438,0.0,4.989768220017891e-5,0.0,0.11333527646216444,0.0,1.453551634399501,3.0000785622865176,2.783520852639469
0.9999976821492095,0.0,4.98627144553468e-5,0.0,0.11337527646216444,0.0,1.4535241383287207,3.0000785643656553,2.783360462807572
0.999997684185824,0.0,4.982778338507807e-5,0.0,0.11341527646216444,0.0,1.4534966658035178,3.000078566443199,2.78320017887734
0.9999976862197012,0.0,4.9792888938171005e-5,0.0,0.11345527646216444,0.0,1.4534692167956935,3.0000785685192493,2.7830400253653975
0.9999976882508397,0.0,4.975803106357862e-5,0.0,0.11349527646216444,0.0,1.4534417912694744,3.000078570593737,2.7828799664250154
0.9999976902792497,0.0,4.972320971032637e-5,0.0,0.11353527646216444,0.0,1.4534143891971203,3.000078572666715,2.7827199936972873
0.9999976923049309,0.0,4.9688424827418906e-5,0.0,0.11357527646216443,0.0,1.4533870105495361,3.000078574738155,2.7825601337724555
0.9999976943278908,0.0,4.9653676364077905e-5,0.0,0.11361527646216443,0.0,1.4533596552866739,3.00007857680808,2.782400439402038
0.9999976963481277,0.0,4.961896426952795e-5,0.0,0.11365527646216443,0.0,1.4533323233623003,3.000078578876436,2.782240804412897
0.9999976983656549,0.0,4.9584288493175785e-5,0.0,0.11369527646216443,0.0,1.4533050147827926,3.0000785809433,2.782081309972119
0.9999977003804699,0.0,4.954964898436129e-5,0.0,0.11373527646216443,0.0,1.453277729481036,3.0000785830086287,2.7819219093617993
0.9999977023925823,0.0,4.951504569272414e-5,0.0,0.11377527646216443,0.0,1.4532504674520885,3.0000785850724476,2.7817625886983564
0.9999977044019923,0.0,4.948047856784636e-5,0.0,0.11381527646216442,0.0,1.4532232286292235,3.000078587134721,2.7816034206515767
0.9999977064087091,0.0,4.9445947559411135e-5,0.0,0.11385527646216442,0.0,1.4531960130074026,3.0000785891955073,2.7814443676329956
0.9999977084127348,0.0,4.941145261718896e-5,0.0,0.11389527646216442,0.0,1.4531688205572215,3.000078591254787,2.7812853961818558
0.9999977104140702,0.0,4.937699369108199e-5,0.0,0.11393527646216442,0.0,1.4531416512228337,3.000078593312517,2.78112653925754
0.9999977124127266,0.0,4.934257073106763e-5,0.0,0.11397527646216442,0.0,1.4531145049981216,3.000078595368769,2.780967773866883
0.9999977144087046,0.0,4.930818368718642e-5,0.0,0.11401527646216442,0.0,1.4530873818366257,3.0000785974235047,2.780809118386818
0.999997716402009,0.0,4.927383250954723e-5,0.0,0.11405527646216441,0.0,1.4530602817092861,3.0000785994767387,2.780650579382434
0.9999977183926407,0.0,4.923951714836265e-5,0.0,0.11409527646216441,0.0,1.45303320458553,3.0000786015284384,2.780492166865072
0.9999977203806114,0.0,4.920523755400755e-5,0.0,0.11413527646216441,0.0,1.4530061504289813,3.0000786035786637,2.780333875762267
0.9999977223659203,0.0,4.917099367682183e-5,0.0,0.11417527646216441,0.0,1.4529791192121848,3.0000786056273774,2.7801756774492916
0.9999977243485744,0.0,4.9136785467323384e-5,0.0,0.11421527646216441,0.0,1.4529521109064314,3.0000786076745984,2.780017536543839
0.9999977263285741,0.0,4.910261287604264e-5,0.0,0.1142552764621644,0.0,1.4529251254697324,3.000078609720297,2.779859571661148
0.9999977283059291,0.0,4.9068475853636895e-5,0.0,0.1142952764621644,0.0,1.4528981628819635,3.0000786117645304,2.779701660573485
0.9999977302806405,0.0,4.903437435085619e-5,0.0,0.1143352764621644,0.0,1.4528712231135221,3.0000786138072604,2.779543884946228
0.9999977322527134,0.0,4.9000308318518006e-5,0.0,0.1143752764621644,0.0,1.452844306127869,3.0000786158484987,2.779386197288917
0.9999977342221551,0.0,4.89662777075979e-5,0.0,0.1144152764621644,0.0,1.4528174118731374,3.000078617888261,2.779228638046639
0.999997736188964,0.0,4.8932282468925845e-5,0.0,0.1144552764621644,0.0,1.4527905403552641,3.00007861992653,2.7790711740204963
0.9999977381531483,0.0,4.88983225537294e-5,0.0,0.1144952764621644,0.0,1.4527636915182351,3.000078621963306,2.7789138407154406
0.9999977401147128,0.0,4.8864397913112547e-5,0.0,0.1145352764621644,0.0,1.4527368653415709,3.000078623998613,2.7787565870370687
0.9999977420736578,0.0,4.8830508498291026e-5,0.0,0.1145752764621644,0.0,1.4527100617803477,3.000078626032418,2.778599446626639
0.9999977440299925,0.0,4.879665426062202e-5,0.0,0.11461527646216439,0.0,1.452683280839085,3.0000786280647675,2.778442408972713
0.9999977459837186,0.0,4.876283515157483e-5,0.0,0.11465527646216439,0.0,1.4526565224351202,3.00007863009562,2.778285502986229
0.9999977479348401,0.0,4.872905112254265e-5,0.0,0.11469527646216439,0.0,1.4526297865830193,3.000078632125002,2.7781286885253964
0.999997749883364,0.0,4.869530212516349e-5,0.0,0.11473527646216439,0.0,1.45260307322555,3.0000786341529304,2.7779719727255086
0.9999977518292911,0.0,4.8661588111141045e-5,0.0,0.11477527646216439,0.0,1.4525763823373419,3.0000786361793566,2.7778153216948587
0.9999977537726268,0.0,4.862790903211438e-5,0.0,0.11481527646216438,0.0,1.4525497138862637,3.0000786382043265,2.7776588182143094
0.999997755713376,0.0,4.859426483998403e-5,0.0,0.11485527646216438,0.0,1.452523067856651,3.000078640227829,2.7775024535239705
0.9999977576515418,0.0,4.856065548666153e-5,0.0,0.11489527646216438,0.0,1.452496444197235,3.000078642249853,2.7773461373170125
0.9999977595871328,0.0,4.852708092416684e-5,0.0,0.11493527646216438,0.0,1.4524698428783736,3.0000786442704426,2.777189950265002
