x,y,z,xdot,ydot,zdot,Period,JC,Stability
0.8371286453189808,0.0,0.010259378646726488,0.0,-0.0001582637302783125,0.0,2.7712044039062005,3.187799643143052,3345.319297291227
0.8371325909069544,0.0,0.010353744262936145,0.0,-0.00016118894394044533,0.0,2.771238720354601,3.1877896431424513,3345.036860966701
0.8371365365783212,0.0,0.010447259745589814,0.0,-0.00016411424069333607,0.0,2.7712730374804195,3.187779643143069,3344.7544304458033
0.8371404823343329,0.0,0.010539947740186538,0.0,-0.00016703962199644573,0.0,2.7713073570462297,3.1877696431430684,3344.472023578961
0.8371444281745712,0.0,0.010631829883328276,0.0,-0.00016996508740594845,0.0,2.7713416784665648,3.1877596431430684,3344.1896344241045
0.8371483740990376,0.0,0.010722926890630438,0.0,-0.00017289063692275483,0.0,2.771376001741573,3.1877496431430687,3343.9072629817924
0.8371523201077327,0.0,0.01081325860556244,0.0,-0.00017581627054907107,0.0,2.771410326871413,3.1877396431430687,3343.6249092512453
0.8371562662006576,0.0,0.01090284404999677,0.0,-0.000178741988286474,0.0,2.7714446538562414,3.187729643143068,3343.342573231709
0.8371602123778135,0.0,0.010991701471045702,0.0,-0.00018166779013630685,0.0,2.7714789826962067,3.1877196431430677,3343.0602549224704
0.8371641586392007,0.0,0.011079848384537254,0.0,-0.0001845936761007202,0.0,2.771513313391469,3.187709643143068,3342.777954323263
0.8371681049848209,0.0,0.011167301615408876,0.0,-0.00018751964618099354,0.0,2.7715476459421797,3.187699643143068,3342.495671433179
0.8371720514146748,0.0,0.011254077335244224,0.0,-0.00019044570037902468,0.0,2.771581980348496,3.187689643143068,3342.2134062516366
0.8371759979287634,0.0,0.01134019109725449,0.0,-0.00019337183869643637,0.0,2.771616316610572,3.1876796431430674,3341.931158778443
0.8371799445270875,0.0,0.011425657868881932,0.0,-0.00019629806113445158,0.0,2.771650654728559,3.187669643143068,3341.648929012859
0.8371838912096485,0.0,0.01151049206224393,0.0,-0.00019922436769584465,0.0,2.77168499470262,3.1876596431430673,3341.366716953632
0.8371878379764472,0.0,0.011594707562514808,0.0,-0.0002021507583810499,0.0,2.771719336532901,3.1876496431430676,3341.0845226013935
0.8371917848274847,0.0,0.011678317754549992,0.0,-0.00020507723319254173,0.0,2.7717536802195637,3.187639643143068,3340.8023459546607
0.837195731762779,0.0,0.011761335562466162,0.0,-0.00020800379210604523,0.0,2.7717880257170844,3.187629643141289,3340.520185387534
0.8372036258860387,0.0,0.011925643336267671,0.0,-0.00021385716239991824,0.0,2.771856722419374,3.187609643143067,3339.955922243631
0.8372115203462861,0.0,0.012087725544561032,0.0,-0.0002197108691984146,0.0,2.771925426503977,3.1875896431430673,3339.3917282884518
0.8372194151435118,0.0,0.0122476705322064,0.0,-0.00022556491254121662,0.0,2.771994138017817,3.187569643143067,3338.827605143046
0.8372273102777235,0.0,0.012405560966218752,0.0,-0.00023141929244090484,0.0,2.772062856962126,3.187549643143067,3338.263552801682
0.8372352057489294,0.0,0.012561474321619462,0.0,-0.00023727400891156345,0.0,2.7721315833381515,3.1875296431430673,3337.6995712609496
0.8372431015571371,0.0,0.012715483326716794,0.0,-0.00024312906196593477,0.0,2.772200317147128,3.187509643143067,3337.1356605158926
0.8372509977023549,0.0,0.012867656360552144,0.0,-0.00024898445161766574,0.0,2.7722690583903007,3.187489643143067,3336.571820562008
0.8372588941845902,0.0,0.013018057808473028,0.0,-0.00025484017787998043,0.0,2.7723378070689093,3.187469643143066,3336.0080513945995
0.8372667910038506,0.0,0.013166748381234309,0.0,-0.0002606962407656098,0.0,2.772406563184188,3.187449643143067,3335.444353008854
0.8372746881601444,0.0,0.013313785402056641,0.0,-0.00026655264028821164,0.0,2.7724753267373856,3.187429643143066,3334.8807254005305
0.8372825856534791,0.0,0.013459223065429408,0.0,-0.00027240937646123793,0.0,2.7725440977297415,3.187409643143067,3334.317168564781
0.8372904834838628,0.0,0.013603112671081781,0.0,-0.0002782664492977884,0.0,2.7726128761624973,3.1873896431430664,3333.753682497085
0.8372983816513033,0.0,0.013745502835910927,0.0,-0.0002841238588109864,0.0,2.7726816620368937,3.1873696431430663,3333.1902671929056
0.8373062801558084,0.0,0.013886439686370752,0.0,-0.0002899816050143226,0.0,2.7727504553541773,3.187349643143066,3332.62692264755
0.8373141789973853,0.0,0.014025967033465838,0.0,-0.0002958396879206592,0.0,2.7728192561155818,3.187329643143066,3332.0636488566347
0.8373220781760427,0.0,0.014164126532299023,0.0,-0.0003016981075434895,0.0,2.7728880643223586,3.1873096431430654,3331.500445815275
0.8373299776917877,0.0,0.014300957827671157,0.0,-0.0003075568638959286,0.0,2.772956879975745,3.187289643143065,3330.93731351927
0.8373378775446283,0.0,0.014436498687354258,0.0,-0.0003134159569912996,0.0,2.7730257030769874,3.1872696431430647,3330.3742519633815
0.8373457777345724,0.0,0.01457078512418337,0.0,-0.0003192753868429382,0.0,2.773094533627329,3.187249643143064,3329.8112611434162
0.8373536782616273,0.0,0.014703851508109884,0.0,-0.0003251351534635477,0.0,2.773163371628009,3.1872296431430645,3329.2483410547634
0.8373615791258011,0.0,0.014835730669264554,0.0,-0.0003309952568665695,0.0,2.773232217080274,3.187209643143065,3328.6854916927855
0.8373694803271018,0.0,0.014966453992817106,0.0,-0.0003368556970655931,0.0,2.7733010699853717,3.1871896431430646,3328.122713052943
0.8373773818655366,0.0,0.015096051506445989,0.0,-0.00034271647407305817,0.0,2.77336993034454,3.1871696431430645,3327.560005130746
0.8373852837411137,0.0,0.015224551961168606,0.0,-0.0003485775879027958,0.0,2.7734387981590287,3.1871496431430653,3326.9973679211753
0.8373931859538407,0.0,0.015351982906022145,0.0,-0.0003544390385679243,0.0,2.7735076734300823,3.187129643143064,3326.4348014201582
0.837401088503725,0.0,0.015478370757255444,0.0,-0.0003603008260811359,0.0,2.773576556158941,3.187109643143064,3325.8723056226436
0.837408991390775,0.0,0.01560374086250243,0.0,-0.0003661629504561304,0.0,2.7736454463468565,3.1870896431430626,3325.309880524405
0.8374168946149974,0.0,0.015728117560284957,0.0,-0.0003720254117055431,0.0,2.7737143439950676,3.187069643143063,3324.7475261203435
0.8374247981764006,0.0,0.015851524235416335,0.0,-0.00037788820984264255,0.0,2.7737832491048215,3.1870496431430633,3324.18524240646
0.8374327020749917,0.0,0.01597398337047467,0.0,-0.00038375134488078874,0.0,2.7738521616773673,3.187029643143064,3323.6230293773497
0.8374406063107795,0.0,0.016095516593812503,0.0,-0.00038961481683313356,0.0,2.7739210817139512,3.1870096431430635,3323.060887029922
0.8374485108837707,0.0,0.01621614472428114,0.0,-0.0003954786257126577,0.0,2.7739900092158174,3.186989643143063,3322.498815357944
0.8374564157939732,0.0,0.016335887813043806,0.0,-0.00040134277153249507,0.0,2.7740589441842127,3.186969643143063,3321.9368143575102
0.8374643210413949,0.0,0.016454765182612952,0.0,-0.000407207254305661,0.0,2.7741278866203856,3.186949643143063,3321.374884024478
0.8374722266260433,0.0,0.01657279546339082,0.0,-0.0004130720740458235,0.0,2.774196836525584,3.1869296431430625,3320.8130243531723
0.8374801325479259,0.0,0.01668999662786534,0.0,-0.00041893723076546216,0.0,2.774265793901053,3.1869096431430624,3320.2512353396532
0.8374880388070503,0.0,0.016806386022696625,0.0,-0.00042480272447756307,0.0,2.774334758748038,3.186889643143063,3319.6895169795616
0.8374959454034246,0.0,0.01692198039880642,0.0,-0.0004306685551957229,0.0,2.774403731067792,3.186869643143063,3319.127869268081
0.837503852337056,0.0,0.017036795939606286,0.0,-0.00043653472293293105,0.0,2.774472710861562,3.1868496431430624,3318.56629219978
0.8375117596079525,0.0,0.017150848287570478,0.0,-0.00044240122770222864,0.0,2.7745416981305953,3.186829643143062,3318.0047857714762
0.8375196672161213,0.0,0.01726415256919643,0.0,-0.0004482680695164545,0.0,2.7746106928761387,3.1868096431430617,3317.44334997761
0.8375275751615701,0.0,0.01737672341853879,0.0,-0.00045413524838871144,0.0,2.7746796950994423,3.186789643143062,3316.881984813993
0.8375354834443067,0.0,0.017488574999348208,0.0,-0.00046000276433248076,0.0,2.77474870480176,3.186769643143062,3316.3206902756942
0.8375433920643386,0.0,0.017599721025948895,0.0,-0.000465870617360159,0.0,2.774817721984332,3.1867496431430613,3315.7594663588693
0.8375513010216734,0.0,0.0177101747829777,0.0,-0.0004717388074853223,0.0,2.774886746648415,3.186729643143061,3315.198313058083
0.8375592103163186,0.0,0.017819949143967718,0.0,-0.0004776073347208694,0.0,2.7749557787952566,3.186709643143061,3314.637230369071
0.8375671199482816,0.0,0.017929056588952375,0.0,-0.0004834761990795911,0.0,2.7750248184261035,3.186689643143061,3314.076218286955
0.8375750299175704,0.0,0.018037509221102085,0.0,-0.0004893454005748896,0.0,2.7750938655422113,3.186669643143061,3313.515276807751
0.8375829402241924,0.0,0.018145318782454567,0.0,-0.0004952149392197262,0.0,2.77516292014483,3.186649643143061,3312.9544059263194
0.8375908508681547,0.0,0.018252496668810788,0.0,-0.0005010848150267628,0.0,2.7752319822352054,3.186629643143061,3312.393605637738
0.837598761849466,0.0,0.018359053943893675,0.0,-0.0005069550280094045,0.0,2.775301051814595,3.186609643143061,3311.8328759390006
0.8376066731681784,0.0,0.018465001362447914,0.0,-0.0005128255781133314,0.0,2.7753701288355326,3.1865896431412186,3311.2722152069737
0.8376224968175637,0.0,0.018675108033453073,0.0,-0.0005245676901398418,0.0,2.77550830549934,3.1865496431430613,3310.1511103277717
0.8376383218165078,0.0,0.018882896763858122,0.0,-0.0005363111510090832,0.0,2.775646512090503,3.1865096431430606,3309.03028611259
0.8376541481650254,0.0,0.019088443246779312,0.0,-0.0005480559608912624,0.0,2.7757847486677503,3.1864696431430612,3307.909744142985
0.837669975863177,0.0,0.019291819159048356,0.0,-0.0005598021198909618,0.0,2.775923015241114,3.186429643143061,3306.7894843810586
0.8376858049110217,0.0,0.019493092444884324,0.0,-0.0005715496281114854,0.0,2.776061311820613,3.1863896431430616,3305.6695067898354
0.8377016353086196,0.0,0.019692327582456266,0.0,-0.0005832984856561426,0.0,2.7761996384162786,3.186349643143062,3304.549811333386
0.8377174670560301,0.0,0.01988958582642005,0.0,-0.0005950486926284843,0.0,2.776337995038146,3.1863096431430615,3303.430397974149
0.8377333001533129,0.0,0.020084925429070227,0.0,-0.0006068002491315535,0.0,2.7764763816962494,3.186269643143062,3302.3112666760026
0.8377491346005272,0.0,0.020278401842369204,0.0,-0.0006185531552688677,0.0,2.7766147984006344,3.1862296431430623,3301.1924174016817
0.8377649703977327,0.0,0.020470067902817548,0.0,-0.0006303074111430977,0.0,2.776753245161343,3.1861896431430625,3300.07385011519
0.8377808075449882,0.0,0.020659974000928075,0.0,-0.0006420630168576465,0.0,2.776891721988429,3.186149643143063,3298.9555647787547
0.8377966460423532,0.0,0.020848168236844156,0.0,-0.0006538199725152398,0.0,2.7770302288919426,3.186109643143063,3297.8375613560893
0.837812485889886,0.0,0.021034696563434527,0.0,-0.0006655782782182721,0.0,2.7771687658819384,3.1860696431430635,3296.7198398104106
0.837828327087646,0.0,0.021219602918134503,0.0,-0.000677337934069985,0.0,2.777307332968481,3.1860296431430637,3295.6024001051815
0.837844169635692,0.0,0.021402929344522287,0.0,-0.0006890989401727601,0.0,2.7774459301616368,3.185989643143063,3294.485242202966
0.8378600135340821,0.0,0.02158471610463519,0.0,-0.0007008612966289044,0.0,2.77758455747147,3.1859496431430636,3293.368366067688
0.8378758587828754,0.0,0.021765001782889384,0.0,-0.0007126250035408465,0.0,2.7777232149080535,3.185909643143064,3292.2517716622906
0.8378917053821298,0.0,0.021943823382298694,0.0,-0.0007243900610108723,0.0,2.7778619024814666,3.185869643143064,3291.135458949847
0.8379075533319034,0.0,0.022121216413731586,0.0,-0.0007361564691408111,0.0,2.778000620201782,3.1858296431430655,3290.0194278940266
0.8379234026322555,0.0,0.02229721497881365,0.0,-0.0007479242280333037,0.0,2.778139368079095,3.1857896431430652,3288.90367845756
0.837939253283243,0.0,0.022471851846938385,0.0,-0.0007596933377899255,0.0,2.7782781461234856,3.1857496431430645,3287.78821060384
0.8379551052849246,0.0,0.022645158527030328,0.0,-0.000771463798512613,0.0,2.7784169543450474,3.1857096431430647,3286.6730242963677
0.8379709586373577,0.0,0.022817165334356203,0.0,-0.0007832356103030324,0.0,2.778555792753877,3.185669643143065,3285.5581194980755
0.8379868133406,0.0,0.022987901452871624,0.0,-0.0007950087732630125,0.0,2.7786946613600727,3.185629643143065,3284.443496172057
0.8380026693947092,0.0,0.023157394993448113,0.0,-0.0008067832874937242,0.0,2.7788335601737373,3.185589643143065,3283.329154281846
0.838018526799743,0.0,0.02332567304829051,0.0,-0.0008185591530965508,0.0,2.778972489204977,3.1855496431430654,3282.2150937911565
0.8380343855557592,0.0,0.023492761741873005,0.0,-0.0008303363701735161,0.0,2.7791114484639095,3.185509643143065,3281.101314662264
0.8380502456628139,0.0,0.023658686278612926,0.0,-0.0008421149388250233,0.0,2.7792504379606404,3.185469643143066,3279.987816859149
0.8380661071209646,0.0,0.023823470987620884,0.0,-0.0008538948591523042,0.0,2.7793894577052916,3.1854296431430664,3278.8746003443116
0.838081969930269,0.0,0.02398713936465224,0.0,-0.0008656761312568202,0.0,2.7795285077079894,3.1853896431430666,3277.761665081538
0.8380978340907835,0.0,0.024149714111507427,0.0,-0.0008774587552391228,0.0,2.779667587978858,3.1853496431430663,3276.649011034032
0.8381136996025653,0.0,0.0243112171730921,0.0,-0.0008892427312001938,0.0,2.779806698528029,3.1853096431430665,3275.5366381648346
0.838129566465671,0.0,0.024471669772262273,0.0,-0.0009010280592404865,0.0,2.7799458393656344,3.1852696431430663,3274.42454643731
0.8381454346801567,0.0,0.02463109244264613,0.0,-0.0009128147394607177,0.0,2.7800850105018133,3.1852296431430673,3273.312735814503
0.8381613042460794,0.0,0.024789505059575053,0.0,-0.0009246027719614424,0.0,2.7802242119467095,3.185189643143067,3272.2012062600847
0.8381771751634954,0.0,0.024946926869232135,0.0,-0.00093639215684279,0.0,2.7803634437104665,3.185149643143067,3271.0899577373893
0.8381930474324603,0.0,0.02510337651618405,0.0,-0.0009481828942048295,0.0,2.780502705803231,3.185109643143068,3269.9789902086486
0.8382089210530315,0.0,0.025258872069387157,0.0,-0.0009599749841486401,0.0,2.780641998235167,3.1850696431430667,3268.8683036381863
0.8382247960252638,0.0,0.025413431046723226,0.0,-0.0009717684267733842,0.0,2.780781321016424,3.185029643143068,3267.757897988585
0.8382406723492133,0.0,0.02556707043826749,0.0,-0.0009835632221792368,0.0,2.780920674157164,3.1849896431430684,3266.6477732230396
0.8382565500249368,0.0,0.025719806728272218,0.0,-0.000995359370466045,0.0,2.7810600576675557,3.1849496431430673,3265.5379293059063
0.8382724290524889,0.0,0.025871655915979355,0.0,-0.0010071568717336394,0.0,2.7811994715577666,3.184909643143067,3264.4283661991567
0.8382883094319251,0.0,0.02602263353537367,0.0,-0.0010189557260814465,0.0,2.7813389158379667,3.1848696431430685,3263.3190838664095
0.8383041911633016,0.0,0.02617275467390378,0.0,-0.0010307559336093669,0.0,2.7814783905183385,3.1848296431430683,3262.2100822707635
0.8383200742466729,0.0,0.026322033990220792,0.0,-0.001042557494416008,0.0,2.7816178956090574,3.1847896431430693,3261.1013613762098
0.8383359586820951,0.0,0.026470485731069127,0.0,-0.0010543604086015635,0.0,2.7817574311203144,3.1847496431430686,3259.9929211454437
0.8383518444696225,0.0,0.026618123747278937,0.0,-0.001066164676265084,0.0,2.7818969970622964,3.1847096431430693,3258.884761541353
0.8383677316093107,0.0,0.026764961509010334,0.0,-0.0010779702975051506,0.0,2.782036593445193,3.184669643143069,3257.7768825275707
0.8383836201012138,0.0,0.026911012120229377,0.0,-0.0010897772724209511,0.0,2.782176220279202,3.1846296431430696,3256.6692840673663
0.8383995099453873,0.0,0.027056288332493468,0.0,-0.0011015856011114015,0.0,2.7823158775745247,3.1845896431430694,3255.561966124378
0.8384154011418855,0.0,0.027200802558071745,0.0,-0.0011133952836755202,0.0,2.782455565341367,3.18454964314307,3254.4549286610545
0.838431293690763,0.0,0.02734456688244317,0.0,-0.0011252063202117656,0.0,2.7825952835899357,3.1845096431430697,3253.3481716409133
0.8384471875920739,0.0,0.027487593076212156,0.0,-0.001137018710818397,0.0,2.782735032330441,3.1844696431430695,3252.2416950279558
0.8384630828458722,0.0,0.02762989260647168,0.0,-0.001148832455593861,0.0,2.782874811573097,3.1844296431430705,3251.135498784086
0.8384789794522133,0.0,0.0277714766476552,0.0,-0.0011606475546371503,0.0,2.7830146213281326,3.18438964314307,3250.029582873915
0.8384948774111503,0.0,0.02791235609185766,0.0,-0.0011724640080458294,0.0,2.7831544616057653,3.1843496431430705,3248.9239472596455
0.8385107767227368,0.0,0.028052541558736602,0.0,-0.0011842818159178295,0.0,2.78329433241622,3.1843096431430715,3247.818591905116
0.8385266773870278,0.0,0.028192043404963243,0.0,-0.001196100978352477,0.0,2.78343423376974,3.184269643143071,3246.713516772837
0.8385425794040755,0.0,0.02833087173321085,0.0,-0.0012079214954460722,0.0,2.7835741656765465,3.1842296431430714,3245.6087218270545
0.8385584827739346,0.0,0.028469036400830025,0.0,-0.0012197433672970041,0.0,2.783714128146887,3.184189643143072,3244.5042070308264
0.8385743874967856,0.0,0.028606547034987637,0.0,-0.0012315665938162014,0.0,2.783854121134137,3.184149643141069,3243.399970762256
0.8386062010009122,0.0,0.028879643504150482,0.0,-0.001255217112370751,0.0,2.7841341990415636,3.1840696431430713,3241.1923431697733
0.8386380199172622,0.0,0.0291502336738623,0.0,-0.0012788730513276511,0.0,2.784414399310244,3.1839896431430716,3238.9858340017327
0.8386698442461317,0.0,0.029418386728702187,0.0,-0.0013025344116513072,0.0,2.7846947220791356,3.1839096431430716,3236.7804445492875
0.8387016739879428,0.0,0.02968416874822624,0.0,-0.001326201194117719,0.0,2.7849751674303946,3.1838296431430715,3234.57617451827
0.8387335091431138,0.0,0.029947642892443758,0.0,-0.0013498733994999977,0.0,2.7852557354462246,3.183749643143072,3232.3730236148995
0.8387653497120635,0.0,0.03020886957922414,0.0,-0.0013735510285711704,0.0,2.7855364262089157,3.1836696431430713,3230.1709915449887
0.8387971956952069,0.0,0.03046790664802208,0.0,-0.001397234082100839,0.0,2.7858172398007977,3.1835896431430712,3227.9700780145245
0.8388290470929576,0.0,0.030724809511296046,0.0,-0.0014209225608573849,0.0,2.786098176304272,3.183509643143072,3225.7702827302473
0.838860903905728,0.0,0.030979631294669734,0.0,-0.0014446164656081826,0.0,2.786379235801814,3.183429643143071,3223.5716053974566
0.8388927661339277,0.0,0.03123242296683547,0.0,-0.0014683157971177234,0.0,2.7866604183759445,3.1833496431430706,3221.3740457228473
0.8389246337779648,0.0,0.031483233460156454,0.0,-0.0014920205561491854,0.0,2.786941724109258,3.1832696431430705,3219.1776034121644
0.8389565068382452,0.0,0.031732109782713805,0.0,-0.0015157307434640773,0.0,2.7872231530844087,3.183189643143071,3216.98227817181
0.8389883853151732,0.0,0.03197909712256178,0.0,-0.0015394463598214204,0.0,2.787504705384113,3.1831096431430708,3214.788069707964
0.8390202692091508,0.0,0.032224238944827524,0.0,-0.0015631674059794246,0.0,2.7877863810911543,3.1830296431430702,3212.594977726165
0.8390521585205784,0.0,0.032467577082251294,0.0,-0.0015868938826935652,0.0,2.788068180288375,3.182949643143071,3210.4030019333936
0.8390840532498539,0.0,0.03270915181970872,0.0,-0.0016106257907180014,0.0,2.788350103058682,3.1828696431430705,3208.2121420354297
0.8391159533973744,0.0,0.032949001973181145,0.0,-0.0016343631308053243,0.0,2.7886321494850512,3.1827896431430696,3206.022397738377
0.8391478589635329,0.0,0.033187164963612965,0.0,-0.0016581059037052146,0.0,2.7889143196505066,3.18270964314307,3203.8337687482144
0.8391797699487228,0.0,0.03342367688609355,0.0,-0.0016818541101666095,0.0,2.7891966136381527,3.1826296431430703,3201.6462547719584
0.8392116863533343,0.0,0.03365857257465822,0.0,-0.0017056077509363008,0.0,2.7894790315311506,3.18254964314307,3199.459855514992
0.8392436081777559,0.0,0.03389188566308487,0.0,-0.0017293668267589297,0.0,2.789761573412724,3.18246964314307,3197.274570683593
0.8392755354223737,0.0,0.03412364864197974,0.0,-0.0017531313383773429,0.0,2.790044239366157,3.18238964314307,3195.0903999843176
0.8393074680875724,0.0,0.03435389291241723,0.0,-0.0017769012865329918,0.0,2.7903270294748044,3.1823096431430695,3192.9073431229504
0.8393394061737344,0.0,0.03458264883638162,0.0,-0.0018006766719648032,0.0,2.7906099438220795,3.18222964314307,3190.7253998066676
0.8393713496812402,0.0,0.0348099457842534,0.0,-0.0018244574954103163,0.0,2.790892982491459,3.1821496431430703,3188.544569740598
0.839403298610468,0.0,0.035035812179538973,0.0,-0.0018482437576053455,0.0,2.79117614556649,3.1820696431430697,3186.3648526311677
0.8394352529617946,0.0,0.03526027554103504,0.0,-0.0018720354592830525,0.0,2.7914594331307727,3.1819896431430696,3184.186248185085
0.8394672127355943,0.0,0.03548336252262296,0.0,-0.0018958326011754981,0.0,2.7917428452679807,3.1819096431430696,3182.0087561082278
0.8394991779322396,0.0,0.035705098950823896,0.0,-0.001919635184012278,0.0,2.792026382061844,3.18182964314307,3179.832376107117
0.839531148552101,0.0,0.0359255098602984,0.0,-0.0019434432085214956,0.0,2.792310043596161,3.181749643143069,3177.657107888424
0.8395631245955468,0.0,0.03614461952740347,0.0,-0.001967256675429356,0.0,2.792593829954792,3.181669643143069,3175.4829511576577
0.8395951060629435,0.0,0.036362451501945045,0.0,-0.0019910755854596895,0.0,2.7928777412216634,3.1815896431430692,3173.3099056217548
0.8396270929546551,0.0,0.03657902863724327,0.0,-0.0020148999393350725,0.0,2.7931617774807607,3.181509643143069,3171.1379709863972
0.8396590852710436,0.0,0.03679437311861569,0.0,-0.002038729737775593,0.0,2.7934459388161375,3.1814296431430695,3168.9671469578157
0.8396910830124704,0.0,0.03700850649038691,0.0,-0.002062564981499902,0.0,2.793730225311912,3.1813496431430694,3166.7974332434796
0.8397230861792929,0.0,0.0372214496814953,0.0,-0.0020864056712243816,0.0,2.7940146370522645,3.181269643143069,3164.628829548188
0.8397550947718677,0.0,0.03743322302981464,0.0,-0.0021102518076635164,0.0,2.794299174121439,3.1811896431430684,3162.461335579871
0.8397871087905483,0.0,0.03764384630524724,0.0,-0.0021341033915299977,0.0,2.794583836603743,3.1811096431430688,3160.2949510437247
0.8398191282356873,0.0,0.037853338731676005,0.0,-0.0021579604235345577,0.0,2.7948686245835517,3.1810296431430682,3158.1296756463435
0.8398511531076346,0.0,0.03806171900782638,0.0,-0.00218182290438594,0.0,2.795153538145303,3.1809496431430677,3155.965509094126
0.8398831834067374,0.0,0.03826900532712162,0.0,-0.002205690834790571,0.0,2.7954385773734916,3.1808696431430694,3153.8024510937075
0.8399152191333427,0.0,0.03847521539659559,0.0,-0.0022295642154539197,0.0,2.795723742352691,3.1807896431430693,3151.640501351282
0.839947260287794,0.0,0.03868036645488015,0.0,-0.00225344304707863,0.0,2.796009033167531,3.180709643143068,3149.479659573506
0.8399793068704319,0.0,0.038884475289358615,0.0,-0.00227732733036531,0.0,2.796294449902699,3.1806296431430687,3147.3199254660767
0.8400113588815977,0.0,0.039087558252539574,0.0,-0.002301217066013414,0.0,2.7965799926429646,3.1805496431430673,3145.161298736274
0.8400434163216268,0.0,0.03928963127762717,0.0,-0.002325112254719101,0.0,2.796865661473137,3.1804696431430686,3143.0037790898346
0.840075479190857,0.0,0.03949070989344728,0.0,-0.0023490128971783504,0.0,2.797151456478117,3.180389643143068,3140.8473662334277
0.8401075474896199,0.0,0.03969080923862657,0.0,-0.00237291899408353,0.0,2.7974373777428507,3.180309643143068,3138.6920598737274
0.8401396212182471,0.0,0.03988994407519946,0.0,-0.0023968305461259,0.0,2.7977234253523555,3.1802296431430674,3136.537859716235
0.8401717003770679,0.0,0.04008812880157101,0.0,-0.002420747553994232,0.0,2.7980095993917113,3.1801496431430682,3134.384765469148
0.840203784966409,0.0,0.04028537746493876,0.0,-0.0024446700183758624,0.0,2.7982958999460674,3.1800696431430677,3132.2327768371615
0.8402358749865961,0.0,0.04048170377315293,0.0,-0.002468597939955558,0.0,2.7985823271006343,3.1799896431430668,3130.0818935282095
0.8402679704379503,0.0,0.040677121106074014,0.0,-0.002492531319416049,0.0,2.7988688809406814,3.179909643143068,3127.932115247632
0.8403000713207935,0.0,0.04087164252646577,0.0,-0.0025164701574389944,0.0,2.799155561551558,3.1798296431430675,3125.783441702106
0.8403321776354441,0.0,0.041065280790392185,0.0,-0.0025404144547030148,0.0,2.7994423690186654,3.179749643143067,3123.635872599019
0.8403642893822176,0.0,0.041258048357202745,0.0,-0.0025643642118846548,0.0,2.7997293034274695,3.179669643143067,3121.4894076438222
0.8403964065614286,0.0,0.04144995739910771,0.0,-0.002588319429659142,0.0,2.8000163648635072,3.1795896431430672,3119.344046543631
0.8404285291733893,0.0,0.04164101981034751,0.0,-0.0026122801086995973,0.0,2.800303553412383,3.179509643143067,3117.19978900431
0.8404606572184095,0.0,0.04183124721598782,0.0,-0.0026362462496763287,0.0,2.8005908691597563,3.179429643143067,3115.0566347331055
0.8404927906967969,0.0,0.04202065098037466,0.0,-0.002660217853258345,0.0,2.8008783121913576,3.1793496431430666,3112.914583436441
0.8405249296088567,0.0,0.042209242215234984,0.0,-0.0026841949201123526,0.0,2.801165882592983,3.1792696431430674,3110.773634820713
0.8405570739548928,0.0,0.042397031787471576,0.0,-0.002708177450903008,0.0,2.8014535804504903,3.1791896431430664,3108.6337885923786
0.8405892237356344,0.0,0.042584030332734425,0.0,-0.0027321654456802153,0.0,2.8017414057640053,3.1791096431404813,3106.4950429058063
0.840653539599858,0.0,0.042955695680101665,0.0,-0.0027801578335098437,0.0,2.802317439617885,3.1789496431430666,3102.2208612985087
0.8407178772051787,0.0,0.04332431883150243,0.0,-0.0028281720870227097,0.0,2.802893984585924,3.1787896431430664,3097.9510829939823
0.8407822365534988,0.0,0.04368997697157548,0.0,-0.002876208212057111,0.0,2.8034710414436677,3.1786296431430667,3093.6857071978684
0.8408466176471141,0.0,0.044052744119370525,0.0,-0.002924266213805395,0.0,2.8040486108819116,3.1784696431430652,3089.424731562567
0.8409110204882846,0.0,0.044412691301640626,0.0,-0.002972346097425941,0.0,2.8046266935924957,3.178309643143065,3085.1681537419295
0.8409754450792343,0.0,0.04476988671939901,0.0,-0.003020447868042816,0.0,2.8052052902683,3.1781496431430662,3080.9159713890995
0.8410398914221524,0.0,0.04512439590275917,0.0,-0.0030685715307472916,0.0,2.8057844016032707,3.177989643143066,3076.668182157067
0.8411043595191924,0.0,0.04547628185501865,0.0,-0.003116717090595444,0.0,2.8063640282923963,3.1778296431430655,3072.4247836997165
0.84116884937247,0.0,0.04582560518691055,0.0,-0.003164884552608783,0.0,2.8069441710317102,3.1776696431430653,3068.1857736706793
0.8412333609840665,0.0,0.04617242424184034,0.0,-0.003213073921774564,0.0,2.80752483051831,3.177509643143065,3063.9511497236695
0.8412978943560256,0.0,0.04651679521280065,0.0,-0.0032612852030453753,0.0,2.8081060074503403,3.1773496431430654,3059.72090951284
0.8413624494903558,0.0,0.04685877225166529,0.0,-0.0033095184013384204,0.0,2.8086877025270085,3.177189643143065,3055.4950506927266
0.8414270263890273,0.0,0.04719840757143688,0.0,-0.0033577735215364803,0.0,2.8092699164485753,3.1770296431430647,3051.2735709168605
0.8414916250539747,0.0,0.047535751542009556,0.0,-0.0034060505684859774,0.0,2.809852649916353,3.176869643143065,3047.056467840336
0.841556245487095,0.0,0.04787085277994264,0.0,-0.0034543495469991827,0.0,2.8104359036327295,3.176709643143064,3042.8437391169646
0.8416208876902473,0.0,0.04820375823267463,0.0,-0.0035026704618511357,0.0,2.8110196783011347,3.176549643143064,3038.6353824020885
0.8416855516652549,0.0,0.04853451325763464,0.0,-0.003551013317782112,0.0,2.8116039746260726,3.176389643143064,3034.431395350277
0.8417502374139025,0.0,0.048863161696579074,0.0,-0.003599378119496392,0.0,2.812188793313111,3.1762296431430634,3030.231775616131
0.8418149449379372,0.0,0.04918974594552332,0.0,-0.003647764871660998,0.0,2.812774135068871,3.1760696431430637,3026.0365208557687
0.8418796742390685,0.0,0.049514307020596386,0.0,-0.0036961735789077465,0.0,2.8133600006010515,3.1759096431430645,3021.845628723966
0.8419444253189683,0.0,0.04983688462007302,0.0,-0.00374460424583141,0.0,2.8139463906184172,3.1757496431430634,3017.659096875947
0.8420091981792686,0.0,0.05015751718286696,0.0,-0.0037930568769894354,0.0,2.8145333058307886,3.1755896431430632,3013.476922967453
0.8420739928215647,0.0,0.05047624194374977,0.0,-0.003841531476903056,0.0,2.8151207469490687,3.1754296431430626,3009.2991046542706
0.8421388092474132,0.0,0.05079309498547712,0.0,-0.0038900280500561626,0.0,2.8157087146852295,3.1752696431430625,3005.1256395919872
0.8422036474583307,0.0,0.051108111288051074,0.0,-0.003938546600894649,0.0,2.8162972097523027,3.1751096431430628,3000.9565254370395
0.8422685074557966,0.0,0.0514213247753288,0.0,-0.003987087133828126,0.0,2.816886232864412,3.1749496431430626,2996.791759845465
0.8423333892412507,0.0,0.051732768359103176,0.0,-0.004035649653227575,0.0,2.8174757847367444,3.174789643143062,2992.6313404733733
0.8423982928160922,0.0,0.052042473980859184,0.0,-0.004084234163426168,0.0,2.818065866085558,3.1746296431430623,2988.4752649772877
0.8424632181816826,0.0,0.05235047265135153,0.0,-0.004132840668718936,0.0,2.818656477628196,3.174469643143062,2984.323531013878
0.8425281653393435,0.0,0.052656794488117144,0.0,-0.004181469173363263,0.0,2.819247620083078,3.1743096431430624,2980.176136240055
0.842593134290356,0.0,0.05296146875107198,0.0,-0.004230119681577541,0.0,2.819839294169703,3.1741496431430622,2976.033078312024
0.8426581250359623,0.0,0.053264523876307354,0.0,-0.0042787921975411996,0.0,2.8204315006086462,3.173989643143061,2971.894354887568
0.8427231375773632,0.0,0.053565987508191776,0.0,-0.004327486725395258,0.0,2.8210242401215657,3.1738296431430615,2967.759963623295
0.8427881719157202,0.0,0.053865886529886955,0.0,-0.0043762032692415236,0.0,2.821617513431206,3.1736696431430613,2963.6299021767577
0.8428532280521543,0.0,0.05416424709236256,0.0,-0.004424941833142294,0.0,2.8222113212613906,3.1735096431430616,2959.5041682058063
0.8429183059877459,0.0,0.05446109464201253,0.0,-0.004473702421120963,0.0,2.822805664337032,3.173349643143061,2955.382759367837
0.8429834057235339,0.0,0.05475645394694123,0.0,-0.004522485037161269,0.0,2.823400543384131,3.1731896431430604,2951.2656733202693
0.8430485272605165,0.0,0.055050349122002615,0.0,-0.0045712896852064125,0.0,2.823995959129769,3.173029643143061,2947.1529077210557
0.8431136705996515,0.0,0.0553428036526736,0.0,-0.0046201163691601006,0.0,2.8245919123021226,3.1728696431430605,2943.0444602287835
0.8431788357418544,0.0,0.05563384041780567,0.0,-0.0046689650928854924,0.0,2.825188403630453,3.17270964314306,2938.940328501141
0.8432440226879995,0.0,0.0559234817113363,0.0,-0.004717835860205501,0.0,2.8257854338451156,3.17254964314306,2934.8405101970307
0.843309231438919,0.0,0.056211749263014525,0.0,-0.004766728674902271,0.0,2.8263830036775572,3.1723896431430605,2930.745002974633
0.8433744619954043,0.0,0.0564986642581903,0.0,-0.004815643540717501,0.0,2.826981113860323,3.1722296431430594,2926.653804492724
0.8434397143582032,0.0,0.05678424735671351,0.0,-0.004864580461351159,0.0,2.8275797651270422,3.1720696431430597,2922.5669124095402
0.8435049885280226,0.0,0.0570685187110151,0.0,-0.004913539440462529,0.0,2.82817895821245,3.17190964314306,2918.484324384854
0.8435702845055261,0.0,0.057351497983379476,0.0,-0.004962520481669312,0.0,2.8287786938523753,3.1717496431430594,2914.406038077461
0.8436356022913354,0.0,0.05763320436247855,0.0,-0.0050115235885470205,0.0,2.829378972783743,3.1715896431430584,2910.332051146858
0.8437009418860282,0.0,0.05791365657919232,0.0,-0.005060548764630157,0.0,2.82997979574458,3.1714296431430595,2906.262361251877
0.84376630329014,0.0,0.058192872921759994,0.0,-0.005109596013410199,0.0,2.830581163474009,3.1712696431430594,2902.1969660524437
0.8438316865041634,0.0,0.05847087125029234,0.0,-0.005158665338337345,0.0,2.831183076712264,3.171109643143059,2898.135863208171
0.8438970915285472,0.0,0.058747669010674304,0.0,-0.005207756742819065,0.0,2.831785536200676,3.170949643143059,2894.0790503790327
0.8439625183636965,0.0,0.05902328324789498,0.0,-0.005256870230219327,0.0,2.8323885426816773,3.1707896431430584,2890.0265252252016
0.8440279670099726,0.0,0.059297730618835656,0.0,-0.0053060058038597625,0.0,2.8329920968988063,3.1706296431430587,2885.978285406653
0.8440934374676932,0.0,0.05957102740453526,0.0,-0.0053551634670191035,0.0,2.8335961995967134,3.1704696431430586,2881.9343285836426
0.8441589297371317,0.0,0.059843189521961805,0.0,-0.00540434322293268,0.0,2.8342008515211536,3.170309643143058,2877.8946524165804
0.844224443818517,0.0,0.06011423253531141,0.0,-0.00545354507479161,0.0,2.834806053418986,3.1701496431430582,2873.859254566383
0.844289979712034,0.0,0.06038417166687198,0.0,-0.005502769025744168,0.0,2.835411806038186,3.169989643143058,2869.828132693724
0.8443555374178227,0.0,0.060653021807447194,0.0,-0.005552015078894553,0.0,2.836018110127841,3.169829643143057,2865.801284459447
0.844421116935977,0.0,0.06092079752638107,0.0,-0.005601283237301778,0.0,2.8366249664381384,3.1696696431430564,2861.778707524536
0.8444867182665471,0.0,0.06118751308120182,0.0,-0.005650573503981174,0.0,2.837232375720388,3.1695096431430576,2857.7603995506
0.844552341409538,0.0,0.061453182426894834,0.0,-0.005699885881904125,0.0,2.83784033872702,3.169349643143057,2853.7463581988873
0.844617986364908,0.0,0.06171781922481185,0.0,-0.005749220373996019,0.0,2.8384488562115666,3.169189643143057,2849.7365811303634
0.8446836531325712,0.0,0.0619814368512684,0.0,-0.005798576983138076,0.0,2.839057928928689,3.1690296431430567,2845.731066007376
0.8447493417123942,0.0,0.06224404840579761,0.0,-0.005847955712165263,0.0,2.8396675576341552,3.1688696431430565,2841.7298104916767
0.8448150521041986,0.0,0.06250566671911952,0.0,-0.005897356563867984,0.0,2.8402777430848563,3.1687096431430573,2837.732812245455
0.8448807843077595,0.0,0.06276630436080584,0.0,-0.005946779540990716,0.0,2.8408884860388093,3.1685496431430566,2833.74006893016
0.8449465383228054,0.0,0.06302597364666622,0.0,-0.005996224646231404,0.0,2.8414997872551417,3.168389643143057,2829.751578209035
0.8450123141490185,0.0,0.06328468664587879,0.0,-0.006045691882243115,0.0,2.842111647494116,3.1682296431430554,2825.767337743672
0.8450781117860329,0.0,0.06354245518784786,0.0,-0.006095181251630977,0.0,2.8427240675171017,3.1680696431430566,2821.7873451971595
0.8451439312334372,0.0,0.06379929086884059,0.0,-0.006144692756954649,0.0,2.8433370480866067,3.167909643143056,2817.811598232336
0.8452097724907719,0.0,0.06405520505836991,0.0,-0.0061942264007264925,0.0,2.8439505899662576,3.1677496431430554,2813.8400945122544
0.8452756355575296,0.0,0.0643102089053648,0.0,-0.006243782185411832,0.0,2.8445646939208076,3.1675896431430557,2809.872831699465
0.8453415204331562,0.0,0.06456431334412814,0.0,-0.006293360113429198,0.0,2.845179360716144,3.1674296431430555,2805.909807457654
0.8454074271170491,0.0,0.06481752910008028,0.0,-0.00634296018714871,0.0,2.845794591119274,3.1672696431430545,2801.9510194499912
0.8454733556085572,0.0,0.06506986669531485,0.0,-0.006392582408893441,0.0,2.8464103858983365,3.1671096431430548,2797.9964653401817
0.8455393059069823,0.0,0.06532133645396822,0.0,-0.006442226780938562,0.0,2.847026745822611,3.166949643143055,2794.0461427918735
0.8456052780115764,0.0,0.06557194850739449,0.0,-0.006491893305510345,0.0,2.8476436716624924,3.1667896431430544,2790.100049469087
0.8456712719215433,0.0,0.06582171279918575,0.0,-0.00654158198478746,0.0,2.8482611641895237,3.1666296431430547,2786.1581830357786
0.8457372876360384,0.0,0.06607063909001501,0.0,-0.006591292820899619,0.0,2.848879224176377,3.166469643143054,2782.2205411557657
0.8458033251541668,0.0,0.0663187369623166,0.0,-0.006641025815926958,0.0,2.8494978523968504,3.166309643143055,2778.2871214940274
0.8458693844749854,0.0,0.06656601582482988,0.0,-0.006690780971901793,0.0,2.8501170496258954,3.1661496431430534,2774.3579217147458
0.8459354655975001,0.0,0.06681248491697399,0.0,-0.006740558290806003,0.0,2.8507368166395857,3.1659896431430536,2770.4329394824335
0.8460015685206691,0.0,0.06705815331310262,0.0,-0.006790357774572429,0.0,2.8513571542151435,3.1658296431430526,2766.512172462396
0.8460676932433984,0.0,0.06730302992660399,0.0,-0.006840179425083455,0.0,2.8519780631309204,3.1656696431430533,2762.5956183191292
0.8461338397645455,0.0,0.06754712351388963,0.0,-0.006890023244172667,0.0,2.852599544166423,3.1655096431430527,2758.6832747178146
0.8462000080829167,0.0,0.06779044267823738,0.0,-0.006939889233621842,0.0,2.8532215981022846,3.1653496431430526,2754.775139323921
0.8462661981972673,0.0,0.06803299587353019,0.0,-0.006989777395162977,0.0,2.853844225720287,3.1651896431430533,2750.8712098031588
0.8463324101063028,0.0,0.06827479140787414,0.0,-0.007039687730477525,0.0,2.8544674278033613,3.1650296431430522,2746.9714838205846
0.846398643808677,0.0,0.06851583744709801,0.0,-0.00708962024119521,0.0,2.8550912051355715,3.164869643143053,2743.075959042492
0.8464648993029918,0.0,0.06875614201815453,0.0,-0.007139574928895025,0.0,2.8557155585021357,3.164709643143053,2739.184633134365
0.8465311765877995,0.0,0.06899571301241636,0.0,-0.007189551795104139,0.0,2.8563404886894177,3.164549643143052,2735.2975037628394
0.8465974756615987,0.0,0.0692345581888654,0.0,-0.007239550841298118,0.0,2.856965996484926,3.1643896431430516,2731.4145685937906
0.8466637965228366,0.0,0.069472685177194,0.0,-0.007289572068900452,0.0,2.8575920826773182,3.1642296431430523,2727.535825293497
0.8467301391699089,0.0,0.06971010148081297,0.0,-0.0073396154792824495,0.0,2.8582187480564047,3.1640696431430526,2723.6612715287674
0.8467965036011587,0.0,0.06994681447976661,0.0,-0.007389681073763154,0.0,2.8588459934131443,3.163909643143052,2719.790904966383
0.8468628898148756,0.0,0.07018283143356029,0.0,-0.007439768853607695,0.0,2.859473819539642,3.163749643143052,2715.9247232732864
0.8469292978092977,0.0,0.07041815948391804,0.0,-0.007489878820030309,0.0,2.8601022272291723,3.163589643143051,2712.0627241162297
0.846995727582609,0.0,0.07065280565743857,0.0,-0.007540010974189857,0.0,2.8607312172761414,3.163429643143051,2708.204905162795
0.8470621791329411,0.0,0.07088677686819589,0.0,-0.0075901653171927385,0.0,2.861360790476124,3.1632696431430505,2704.351264080476
0.847128652459333,0.0,0.07112007992184742,0.0,-0.0076403418488339495,0.0,2.86199094755807,3.1631096431419397,2700.501798778312
0.8472616644265691,0.0,0.07158470822906125,0.0,-0.007740761489517597,0.0,2.8632530169672132,3.162789643143051,2692.8153847346803
0.8473947634707445,0.0,0.07204674290732895,0.0,-0.007841269899802522,0.0,2.864517431697194,3.1624696431430506,2685.145645101599
0.8475279495735705,0.0,0.07250623466782415,0.0,-0.007941867087405893,0.0,2.8657841982313093,3.1621496431430516,2677.492560983269
0.8476612227168422,0.0,0.07296323268149298,0.0,-0.008042553057902956,0.0,2.8670533230036597,3.1618296431430513,2669.856113728835
0.8477945828814689,0.0,0.0734177846426036,0.0,-0.008143327815974715,0.0,2.868324812466946,3.161509643143051,2662.236284689447
0.8479280300474675,0.0,0.07386993683040595,0.0,-0.008244191365401674,0.0,2.8695986730925123,3.1611896431430524,2654.6330552203026
0.8480615641939556,0.0,0.07431973416752644,0.0,-0.008345143709055303,0.0,2.870874911370387,3.160869643143052,2647.0464066777117
0.848195185299142,0.0,0.07476722027529585,0.0,-0.008446184848888427,0.0,2.872153533809283,3.1605496431430518,2639.4763204208134
0.848328893340321,0.0,0.07521243752622793,0.0,-0.008547314785927136,0.0,2.873434546936649,3.160229643143052,2631.922777812478
0.8484626882938634,0.0,0.07565542709380327,0.0,-0.00864853352026162,0.0,2.8747179572986807,3.159909643143052,2624.3857602173703
0.8485965701352098,0.0,0.07609622899974663,0.0,-0.008749841051039306,0.0,2.87600377146037,3.1595896431430517,2616.8652490028353
0.8487305388388614,0.0,0.07653488215892537,0.0,-0.008851237376453686,0.0,2.877291996005508,3.1592696431430527,2609.3612255393714
0.8488645943783751,0.0,0.07697142442204524,0.0,-0.00895272249373713,0.0,2.8785826375367374,3.1589496431430524,2601.8736712002537
0.8489987367263515,0.0,0.07740589261623672,0.0,-0.009054296399151783,0.0,2.8798757026755584,3.158629643143053,2594.4025673605665
0.8491329658544305,0.0,0.07783832258369414,0.0,-0.009155959087979936,0.0,2.8811711980623684,3.1583096431430517,2586.9478953991197
0.8492672817332805,0.0,0.07826874921845124,0.0,-0.009257710554514537,0.0,2.88246913035647,3.1579896431430527,2579.5096366970174
0.8494016843325932,0.0,0.07869720650142918,0.0,-0.009359550792052486,0.0,2.8837695062361277,3.157669643143052,2572.0877726382473
0.8495361736210725,0.0,0.07912372753382295,0.0,-0.009461479792882976,0.0,2.885072332398563,3.157349643143052,2564.6822846087516
0.849670749566429,0.0,0.0795483445689533,0.0,-0.009563497548278942,0.0,2.886377615559992,3.1570296431430536,2557.2931539989436
0.8498054121353702,0.0,0.07997108904264907,0.0,-0.009665604048488695,0.0,2.8876853624556538,3.1567096431430532,2549.9203622001664
0.8499401612935925,0.0,0.08039199160224779,0.0,-0.00976779928272524,0.0,2.8889955798398277,3.1563896431430534,2542.5638906076556
0.8500749970057725,0.0,0.08081108213428942,0.0,-0.0098700832391573,0.0,2.890308274485852,3.156069643143053,2535.223720619382
0.8502099192355588,0.0,0.08122838979098156,0.0,-0.00997245590489976,0.0,2.891623453186155,3.1557496431430536,2527.8998336351274
0.8503449279455649,0.0,0.0816439430154936,0.0,-0.010074917266004813,0.0,2.8929411227522843,3.1554296431430537,2520.592211058607
0.8504800230973585,0.0,0.08205776956613985,0.0,-0.010177467307451081,0.0,2.8942612900149105,3.155109643143054,2513.300834296106
0.8506152046514535,0.0,0.08246989653952437,0.0,-0.010280106013134442,0.0,2.8955839618238612,3.1547896431430535,2506.0256847560513
0.8507504725673029,0.0,0.08288035039268898,0.0,-0.010382833365857875,0.0,2.8969091450481397,3.154469643143054,2498.7667438505578
0.8508858268032871,0.0,0.08328915696431889,0.0,-0.01048564934732201,0.0,2.898236846575942,3.1541496431430547,2491.5239929938057
0.8510212673167091,0.0,0.08369634149506401,0.0,-0.010588553938115648,0.0,2.8995670733146914,3.153829643143054,2484.2974136040284
0.8511567940637812,0.0,0.08410192864699956,0.0,-0.010691547117704005,0.0,2.9008998321910298,3.1535096431430545,2477.0869871004834
0.8512924069996195,0.0,0.08450594252229714,0.0,-0.010794628864420062,0.0,2.902235130150865,3.1531896431430546,2469.8926949067973
0.8514281060782334,0.0,0.08490840668112255,0.0,-0.010897799155453716,0.0,2.9035729741593745,3.1528696431430547,2462.714518449083
0.8515638912525167,0.0,0.08530934415881104,0.0,-0.01100105796684193,0.0,2.9049133712010264,3.152549643143055,2455.55243915597
0.851699762474239,0.0,0.08570877748235109,0.0,-0.011104405273457622,0.0,2.9062563282795972,3.152229643143056,2448.406438459311
0.8518357196940357,0.0,0.0861067286862126,0.0,-0.011207841049000513,0.0,2.9076018524181935,3.151909643143055,2441.2764977936013
0.8519717628613998,0.0,0.08650321932754683,0.0,-0.011311365265984584,0.0,2.9089499506592524,3.1515896431430557,2434.1625985968894
0.8521078919246716,0.0,0.08689827050079826,0.0,-0.01141497789573031,0.0,2.910300630064585,3.151269643143055,2427.064722309169
0.8522441068310296,0.0,0.08729190285173744,0.0,-0.011518678908350542,0.0,2.9116538977153548,3.150949643143056,2419.9828503739955
0.852380407526482,0.0,0.08768413659096995,0.0,-0.011622468272743162,0.0,2.9130097607121344,3.1506296431430556,2412.916964237992
0.8525167939558558,0.0,0.08807499150691224,0.0,-0.011726345956577662,0.0,2.9143682261748816,3.1503096431430553,2405.867045350254
0.8526532660627872,0.0,0.08846448697828925,0.0,-0.011830311926284979,0.0,2.9157293012429686,3.149989643143056,2398.833075163101
0.8527898237897147,0.0,0.08885264198616323,0.0,-0.011934366147047881,0.0,2.9170929930752107,3.149669643143056,2391.81503513183
0.8529264670778646,0.0,0.08923947512550176,0.0,-0.012038508582787722,0.0,2.9184593088498447,3.1493496431430557,2384.812906714498
0.8530631958672459,0.0,0.08962500461633585,0.0,-0.012142739196154476,0.0,2.9198282557645694,3.149029643143056,2377.826671372432
0.8532000100966375,0.0,0.09000924831449734,0.0,-0.012247057948515227,0.0,2.92119984103654,3.148709643143056,2370.8563105696794
0.85333690970358,0.0,0.09039222372197474,0.0,-0.012351464799943083,0.0,2.92257407190239,3.148389643143057,2363.90180577357
0.8534738946243642,0.0,0.09077394799688657,0.0,-0.012455959709205239,0.0,2.9239509556182264,3.1480696431430566,2356.9631384543127
0.8536109647940224,0.0,0.0911544379631103,0.0,-0.012560542633751977,0.0,2.925330499459657,3.1477496431430567,2350.040290084909
0.853748120146317,0.0,0.09153371011955692,0.0,-0.01266521352970416,0.0,2.926712710721774,3.1474296431430573,2343.133242142032
0.8538853606137321,0.0,0.09191178064913454,0.0,-0.012769972351843894,0.0,2.928097596719195,3.1471096431430565,2336.24197610457
0.854022686127461,0.0,0.09228866542737998,0.0,-0.012874819053598692,0.0,2.9294851647860303,3.146789643143057,2329.3664734553336
0.8541600966173976,0.0,0.09266438003081227,0.0,-0.012979753587034218,0.0,2.9308754222759266,3.146469643143057,2322.5067156794344
0.8542975920121253,0.0,0.09303893974498212,0.0,-0.01308477590283894,0.0,2.9322683765620448,3.146149643143057,2315.6626842655255
0.8544351722389061,0.0,0.09341235957225476,0.0,-0.013189885950312945,0.0,2.933664035037073,3.145829643143058,2308.834360705047
0.854572837223671,0.0,0.09378465423933187,0.0,-0.01329508367735756,0.0,2.9350624051132437,3.145509643143058,2302.0217264927223
0.8547105868910094,0.0,0.0941558382045131,0.0,-0.01340036903046051,0.0,2.9364634942223162,3.1451896431430573,2295.2247631268465
0.8548484211641565,0.0,0.09452592566472025,0.0,-0.013505741954685404,0.0,2.937867309815588,3.1448696431430583,2288.443452107506
0.8549863399649852,0.0,0.09489493056228965,0.0,-0.013611202393658347,0.0,2.9392738593639005,3.144549643143058,2281.6777749393987
0.8551243432139931,0.0,0.09526286659153876,0.0,-0.013716750289556458,0.0,2.9406831503576347,3.144229643143058,2274.927713129292
0.8552624308302932,0.0,0.09562974720512064,0.0,-0.01382238558309458,0.0,2.9420951903067127,3.143909643143058,2268.1932481878857
0.8554006027316008,0.0,0.09599558562016897,0.0,-0.013928108213511986,0.0,2.9435099867405903,3.1435896431430588,2261.474361628167
0.8555388588342258,0.0,0.09636039482425367,0.0,-0.014033918118561545,0.0,2.9449275472082728,3.1432696431430576,2254.7710349673184
0.8556771990530568,0.0,0.09672418758113349,0.0,-0.014139815234494606,0.0,2.9463478792782865,3.1429496431430586,2248.0832497248907
0.855815623301555,0.0,0.09708697643634137,0.0,-0.014245799496049776,0.0,2.9477709905387024,3.1426296431430583,2241.4109874237597
0.8559541314917386,0.0,0.09744877372258089,0.0,-0.014351870836439106,0.0,2.9491968885971094,3.1423096431430593,2234.754229590437
0.8560927235341744,0.0,0.09780959156496202,0.0,-0.014458029187334858,0.0,2.9506255810806272,3.1419896431430594,2228.112957754326
0.8562313993379645,0.0,0.09816944188607185,0.0,-0.014564274478856826,0.0,2.9520570756358864,3.141669643143059,2221.4871534478857
0.8563701588107351,0.0,0.09852833641088682,0.0,-0.01467060663955811,0.0,2.9534913799290274,3.141349643143059,2214.8767982072022
0.8565090018586261,0.0,0.09888628667154169,0.0,-0.014777025596413083,0.0,2.9549285016456976,3.141029643143059,2208.281873571086
0.8566479283862776,0.0,0.09924330401194167,0.0,-0.01488353127480169,0.0,2.9563684484910286,3.1407096431430603,2201.702361082384
0.8567869382968192,0.0,0.099599399592249,0.0,-0.014990123598498632,0.0,2.957811228189645,3.14038964314306,2195.13824228625
0.8569260314918583,0.0,0.09995458439322401,0.0,-0.015096802489656879,0.0,2.959256848485637,3.1400696431430597,2188.589498732016
0.8570652078714661,0.0,0.10030886922043916,0.0,-0.015203567868795405,0.0,2.9607053171425504,3.1397496431430607,2182.0561119716954
0.8572044673341697,0.0,0.1006622647083791,0.0,-0.015310419654785879,0.0,2.9621566419433982,3.13942964314306,2175.5380635605065
0.8573438097769353,0.0,0.1010147813243989,0.0,-0.015417357764835977,0.0,2.963610830690605,3.1391096431430605,2169.035335057972
0.8574832350951592,0.0,0.10136642937258947,0.0,-0.015524382114478652,0.0,2.9650678912060346,3.1387896431430597,2162.5479080255227
0.857622743182654,0.0,0.10171721899751238,0.0,-0.01563149261755487,0.0,2.9665278313309384,3.13846964314306,2156.0757640291413
0.8577623339316368,0.0,0.10206716018783998,0.0,-0.015738689186201582,0.0,2.9679906589259657,3.1381496431430604,2149.6188846372997
0.8579020072327168,0.0,0.10241626277988447,0.0,-0.015845971730835875,0.0,2.9694563818711344,3.1378296431430606,2143.177251422335
0.8580417629748824,0.0,0.10276453646102737,0.0,-0.01595334016014093,0.0,2.970925008065809,3.1375096431430607,2136.7508459596365
0.8581816010454892,0.0,0.10311199077305438,0.0,-0.016060794381051572,0.0,2.972396545428693,3.137189643143061,2130.3396498280717
0.8583215213302459,0.0,0.10345863511539087,0.0,-0.016168334298738648,0.0,2.973871001897787,3.1368696431430614,2123.9436446102573
0.8584615237132037,0.0,0.10380447874825795,0.0,-0.016275959816595877,0.0,2.9753483854303955,3.1365496431430615,2117.5628118914265
0.8586016080767415,0.0,0.10414953079572618,0.0,-0.016383670836222695,0.0,2.9768287040030748,3.136229643143061,2111.1971332609965
0.8587417743015535,0.0,0.10449380024869812,0.0,-0.016491467257411054,0.0,2.9783119656116277,3.1359096431430613,2104.846590311307
0.858882022266636,0.0,0.10483729596780048,0.0,-0.016599348978128994,0.0,2.9797981782710674,3.1355896431430614,2098.51116463825
0.8590223518492759,0.0,0.10518002668620342,0.0,-0.016707315894505876,0.0,2.9812873500156005,3.135269643143062,2092.1908378416847
0.8591627629250342,0.0,0.10552200101235881,0.0,-0.016815367900817516,0.0,2.982779488898586,3.1349496431430617,2085.885591523785
0.8593032553677366,0.0,0.10586322743266834,0.0,-0.016923504889469563,0.0,2.9842746029925267,3.134629643143062,2079.5954072914774
0.8594438290494559,0.0,0.10620371431407621,0.0,-0.0170317267509829,0.0,2.9857727003890155,3.1343096431430624,2073.3202667540686
0.8595844838405025,0.0,0.10654346990659738,0.0,-0.017140033373976807,0.0,2.987273789198714,3.1339896431430625,2067.0601515252047
0.8597252196094082,0.0,0.1068825023457775,0.0,-0.01724842464515482,0.0,2.988777877551333,3.133669643143062,2060.815043221469
0.8598660362229127,0.0,0.10722081965508352,0.0,-0.017356900449286648,0.0,2.990284973595567,3.1333496431430627,2054.5849234632933
0.8600069335459516,0.0,0.10755842974824098,0.0,-0.017465460669194008,0.0,2.9917950854990942,3.1330296431430615,2048.369773874424
0.8601479114416403,0.0,0.1078953404315018,0.0,-0.017574105185733335,0.0,2.9933082214485127,3.132709643143062,2042.1695760823104
0.8602889697712617,0.0,0.10823155940585871,0.0,-0.017682833877779965,0.0,2.9948243896493167,3.1323896431430636,2035.9843117178352
0.8604301083942516,0.0,0.10856709426920216,0.0,-0.01779164662221181,0.0,2.9963435983258595,3.1320696431430632,2029.8139624153876
0.8605713271681842,0.0,0.1089019525184182,0.0,-0.017900543293892103,0.0,2.9978658557212974,3.1317496431430634,2023.6585098132123
0.8607126259487584,0.0,0.1092361415514396,0.0,-0.01800952376565401,0.0,2.999391170097563,3.1314296431430635,2017.5179355528044
0.8608540045897836,0.0,0.10956966866924026,0.0,-0.01811858790828285,0.0,3.0009195497353174,3.1311096431430636,2011.3922212796217
0.8609954629431634,0.0,0.10990254107777939,0.0,-0.018227735590499512,0.0,3.0024510029339004,3.1307896431430637,2005.2813486422872
0.8611370008588847,0.0,0.11023476588990307,0.0,-0.0183369666789438,0.0,3.0039855380112908,3.1304696431430634,1999.1852992933586
0.8612786181849994,0.0,0.11056635012718977,0.0,-0.018446281038156664,0.0,3.0055231633040522,3.130149643143063,1993.1040548889152
0.861420314767612,0.0,0.11089730072175912,0.0,-0.018555678530563845,0.0,3.0070638871672926,3.129829643143064,1987.0375970889484
0.8615620904508644,0.0,0.11122762451803093,0.0,-0.018665159016458842,0.0,3.008607717974617,3.1295096431430633,1980.9859075564375
0.8617039450769198,0.0,0.11155732827443862,0.0,-0.018774722353982733,0.0,3.010154664118045,3.1291896431430635,1974.9489679589042
0.8618458784859494,0.0,0.11188641866511168,0.0,-0.018884368399110334,0.0,3.011704734007999,3.128869643143064,1968.9267599668922
0.8619878905161157,0.0,0.1122149022815058,0.0,-0.018994097005630425,0.0,3.0132579360732246,3.128549643143065,1962.9192652550835
0.8621299810035594,0.0,0.11254278563400287,0.0,-0.01910390802512835,0.0,3.0148142787607433,3.1282296431430647,1956.92646550148
0.862272149782381,0.0,0.11287007515346319,0.0,-0.019213801306967464,0.0,3.016373770535777,3.1279096431430644,1950.9483423879321
0.8624143966846289,0.0,0.11319677719275291,0.0,-0.019323776698272534,0.0,3.0179364198817185,3.1275896431430645,1944.9848776003196
0.862556721540282,0.0,0.11352289802822531,0.0,-0.019433834043910376,0.0,3.019502235300047,3.127269643143064,1939.0360528279325
0.8626991241772327,0.0,0.11384844386116987,0.0,-0.01954397318647146,0.0,3.0210712253102625,3.1269496431430643,1933.1018497638338
0.8628416044212746,0.0,0.11417342081923214,0.0,-0.019654193966252554,0.0,3.0226433984498415,3.1266296431430645,1927.182250104882
0.8629841620960846,0.0,0.11449783495779443,0.0,-0.019764496221236886,0.0,3.024218763274153,3.126309643143065,1921.277235552103
0.8631267970232074,0.0,0.1148216922613285,0.0,-0.019874879787076933,0.0,3.025797328356403,3.125989643143065,1915.3867878097967
0.8632695090220388,0.0,0.11514499864471413,0.0,-0.019985344497074276,0.0,3.02737910228755,3.1256696431430653,1909.5108885861698
0.8634122979098111,0.0,0.11546775995453086,0.0,-0.020095890182161034,0.0,3.0289640936762465,3.125349643143066,1903.649519593574
0.8635551635015759,0.0,0.11578998197031827,0.0,-0.020206516670881514,0.0,3.030552311148763,3.1250296431430655,1897.8026625479674
0.8636981056101871,0.0,0.1161116704058065,0.0,-0.020317223789372264,0.0,3.0321437633489046,3.1247096431430665,1891.9702991689549
0.8638411240462873,0.0,0.11643283091012498,0.0,-0.02042801136134333,0.0,3.0337384589379535,3.1243896431430658,1886.1524111805097
0.8639842186182874,0.0,0.11675346906897321,0.0,-0.02053887920805746,0.0,3.035336406594561,3.1240696431430663,1880.3489803099526
0.8641273891323535,0.0,0.11707359040577876,0.0,-0.020649827148313083,0.0,3.036937615014702,3.123749643143066,1874.5599882888384
0.8642706353923876,0.0,0.11739320038281781,0.0,-0.02076085499842212,0.0,3.03854209291156,3.1234296431430657,1868.7854168525653
0.8644139572000121,0.0,0.11771230440231831,0.0,-0.020871962572191073,0.0,3.040149849015463,3.123109643143066,1863.0252477402494
0.8645573543545532,0.0,0.11803090780753651,0.0,-0.020983149680901973,0.0,3.041760892073797,3.122789643143066,1857.2794626952646
0.8647008266530222,0.0,0.118349015883809,0.0,-0.021094416133291015,0.0,3.043375230850907,3.122469643143067,1851.54804346445
0.8648443738901006,0.0,0.11866663385958359,0.0,-0.02120576173552837,0.0,3.0449928741280137,3.1221496431430666,1845.8309717992993
0.8649879958581211,0.0,0.11898376690742872,0.0,-0.021317186291199608,0.0,3.046613830703131,3.1218296431430663,1840.1282294544687
0.8651316923470507,0.0,0.11930042014501503,0.0,-0.02142868960128211,0.0,3.0482381093909456,3.1215096431430673,1834.43979818914
0.8652754631444739,0.0,0.11961659863608616,0.0,-0.0215402714641277,0.0,3.049865719022753,3.1211896431430675,1828.765659766539
0.8654193080355741,0.0,0.11993230739139935,0.0,-0.02165193167543977,0.0,3.051496668446339,3.120869643143068,1823.1057959533027
0.8655632268031173,0.0,0.12024755136965207,0.0,-0.02176367002825341,0.0,3.053130966525888,3.120549643143067,1817.4601885207085
0.8657072192274319,0.0,0.12056233547838315,0.0,-0.02187548631291312,0.0,3.0547686221418675,3.1202296431430674,1811.8288192438745
0.8658512850863941,0.0,0.12087666457486608,0.0,-0.021987380317053985,0.0,3.056409644190953,3.119909643143067,1806.2116699018716
0.8659954241554068,0.0,0.12119054346696732,0.0,-0.02209935182557744,0.0,3.0580540415858852,3.119589643143068,1800.6087222777958
0.8661396362073838,0.0,0.12150397691400404,0.0,-0.02221140062063305,0.0,3.0597018232553945,3.119269643143068,1795.0199581588577
0.8662839210127307,0.0,0.121816969627571,0.0,-0.022323526481594434,0.0,3.0613529981440744,3.1189496431430674,1789.4453593365013
0.8664282783393253,0.0,0.12212952627235384,0.0,-0.02243572918503719,0.0,3.0630075752122514,3.118629643143068,1783.8849076063025
0.8665727079525017,0.0,0.12244165146693356,0.0,-0.022548008504721044,0.0,3.064665563435918,3.1183096431430686,1778.3385847675509
0.8667172096150295,0.0,0.12275334978456053,0.0,-0.02266036421156243,0.0,3.06632697180656,3.1179896431430687,1772.8063726240653
0.8668617830870965,0.0,0.1230646257539262,0.0,-0.02277279607361667,0.0,3.067991809331079,3.117669643143069,1767.288252983549
0.8670064281262904,0.0,0.12337548385991108,0.0,-0.022885303856053876,0.0,3.0696600850316558,3.117349643143068,1761.7842076581667
0.8671511444875759,0.0,0.12368592854431637,0.0,-0.02299788732113586,0.0,3.0713318079456036,3.117029643143068,1756.2942184637125
0.8672959319232827,0.0,0.12399596420659253,0.0,-0.023110546228195587,0.0,3.0730069871252894,3.1167096431430683,1750.8182672208973
0.8674407901830794,0.0,0.12430559520453681,0.0,-0.02322328033361292,0.0,3.0746856316379594,3.1163896431430684,1745.3563357539822
0.8675857190139588,0.0,0.12461482585499081,0.0,-0.023336089390792333,0.0,3.0763677505656335,3.11606964314307,1739.9084058916965
0.8677307181602171,0.0,0.12492366043451804,0.0,-0.02344897315014032,0.0,3.0780533530049685,3.1157496431430696,1734.4744594671274
0.8678757873634337,0.0,0.12523210318006642,0.0,-0.02356193135904191,0.0,3.0797424480671127,3.115429643143069,1729.054478317268
0.8680209263624524,0.0,0.12554015828962126,0.0,-0.023674963761836372,0.0,3.081435044877567,3.1151096431430694,1723.6484442836208
0.8681661348933631,0.0,0.12584782992284832,0.0,-0.02378807009979667,0.0,3.0831311525760627,3.114789643143069,1718.2563392118425
0.8683114126894782,0.0,0.12615512220171327,0.0,-0.023901250111102498,0.0,3.084830780316387,3.1144696431430696,1712.8781449518724
0.8684567594813171,0.0,0.1264620392111045,0.0,-0.024014503530819638,0.0,3.0865339372662697,3.1141496431430697,1707.5138433579614
0.8686021749965832,0.0,0.12676858499942972,0.0,-0.024127830090873534,0.0,3.0882406326072043,3.1138296431430694,1702.1634162887303
0.868747658960144,0.0,0.1270747635792103,0.0,-0.02424122952002755,0.0,3.0899508755343135,3.11350964314307,1696.826845606854
0.8688932110940131,0.0,0.12738057892766128,0.0,-0.024354701543857403,0.0,3.0916646752561943,3.1131896431430697,1691.5041131797739
0.8690388311173264,0.0,0.12768603498725942,0.0,-0.024468245884727492,0.0,3.0933820409947543,3.1128696431430707,1686.19520087869
0.8691845187463261,0.0,0.12799113566630466,0.0,-0.024581862261767104,0.0,3.0951029819850664,3.11254964314307,1680.900090579825
0.8693302736943341,0.0,0.1282958848394608,0.0,-0.024695550390843816,0.0,3.0968275074751737,3.11222964314307,1675.618764163402
0.8694760956717367,0.0,0.12860028634830134,0.0,-0.024809309984541564,0.0,3.0985556267259646,3.11190964314307,1670.3512035137978
0.8696219843859612,0.0,0.12890434400183146,0.0,-0.024923140752133144,0.0,3.1002873490109746,3.1115896431430707,1665.0973905204792
0.8697679395414546,0.0,0.12920806157700826,0.0,-0.025037042399558177,0.0,3.102022683616237,3.1112696431430704,1659.8573070763705
0.8699139608396645,0.0,0.12951144281924756,0.0,-0.02515101462939427,0.0,3.1037616398400845,3.1109496431430714,1654.6309350798022
0.8700600479790164,0.0,0.12981449144292434,0.0,-0.025265057140835868,0.0,3.1055042269930073,3.110629643143071,1649.418256433008
0.8702062006548917,0.0,0.13011721113186006,0.0,-0.025379169629665563,0.0,3.1072504543974357,3.110309643143071,1644.2192530426394
0.8703524185596083,0.0,0.1304196055398051,0.0,-0.025493351788230055,0.0,3.109000331387583,3.109989643143071,1639.0339068200535
0.8704987013823969,0.0,0.13072167829090894,0.0,-0.025607603305413947,0.0,3.1107538673092474,3.1096696431430706,1633.8621996808486
0.8706450488093815,0.0,0.13102343298018548,0.0,-0.025721923866613844,0.0,3.112511071519626,3.109349643143072,1628.7041135454501
0.8707914605235558,0.0,0.13132487317396704,0.0,-0.025836313153713306,0.0,3.1142719533871346,3.109029643143072,1623.5596303385323
0.8709379362047621,0.0,0.131626002410352,0.0,-0.025950770845055943,0.0,3.116036522291203,3.108709643143072,1618.4287319891594
0.871084475529669,0.0,0.13192682419964072,0.0,-0.026065296615417694,0.0,3.117804787622063,3.1083896431430733,1613.3114004312702
0.87123107817175,0.0,0.1322273420247714,0.0,-0.026179890135983847,0.0,3.1195767587805836,3.108069643143072,1608.2076176032833
0.8713777438012602,0.0,0.13252755934173863,0.0,-0.026294551074318908,0.0,3.1213524451780303,3.1077496431430722,1603.1173654479708
0.8715244720852138,0.0,0.13282747958001098,0.0,-0.026409279094341265,0.0,3.1231318562358727,3.1074296431430724,1598.0406259128547
0.8716712626873627,0.0,0.13312710614294074,0.0,-0.026524073856296997,0.0,3.1249150013855815,3.107109643143072,1592.977380950047
0.871818115268173,0.0,0.13342644240816326,0.0,-0.02663893501673156,0.0,3.1267018900683983,3.1067896431430735,1587.9276125162678
0.8719650294848031,0.0,0.13372549172799458,0.0,-0.026753862228464105,0.0,3.1284925317351453,3.106469643143073,1582.8913025726015
0.8721120049910798,0.0,0.13402425742981355,0.0,-0.026868855140558104,0.0,3.1302869358459677,3.1061496431430733,1577.8684330852066
0.8722590414374751,0.0,0.13432274281644635,0.0,-0.026983913398295208,0.0,3.132085111870136,3.105829643143073,1572.858986024573
0.8724061384710856,0.0,0.13462095116654163,0.0,-0.027099036643147924,0.0,3.1338870692858194,3.105509643143073,1567.8629433658898
0.8725532957356052,0.0,0.13491888573493285,0.0,-0.027214224512750036,0.0,3.1356928175798298,3.1051896431430737,1562.880287089169
0.8727005128713052,0.0,0.1352165497530062,0.0,-0.02732947664087093,0.0,3.1375023662474244,3.104869643143074,1557.9109991788134
0.8728477895150102,0.0,0.13551394642905149,0.0,-0.027444792657385347,0.0,3.1393157247920365,3.104549643143073,1552.9550616244524
0.8729951253000722,0.0,0.1358110789486117,0.0,-0.027560172188246985,0.0,3.141132902725049,3.1042296431430736,1548.0124564198313
0.8731425198563494,0.0,0.13610795047482818,0.0,-0.02767561485545879,0.0,3.14295390956555,3.103909643143074,1543.083165563762
0.8732899728101824,0.0,0.13640456414877739,0.0,-0.02779112027704523,0.0,3.144778754840084,3.103589643143074,1538.1671710596552
0.8734374837843679,0.0,0.13670092308980017,0.0,-0.027906688067022616,0.0,3.1466074480823876,3.1032696431430744,1533.264454915863
0.8735850523981379,0.0,0.13699703039583272,0.0,-0.028022317835371735,0.0,3.148439998833161,3.1029496431430736,1528.3749991452805
0.8737326782671313,0.0,0.13729288914371968,0.0,-0.028138009188006345,0.0,3.1502764166397577,3.1026296431430747,1523.498785765829
0.8738803610033745,0.0,0.13758850238954004,0.0,-0.028253761726747897,0.0,3.152116711055999,3.102309643143074,1518.635796799956
0.8740281002152528,0.0,0.13788387316890688,0.0,-0.028369575049291884,0.0,3.153960891641822,3.1019896431430745,1513.7860142750583
0.8741758955074885,0.0,0.13817900449728,0.0,-0.02848544874918216,0.0,3.1558089679630825,3.101669643143074,1508.9494202233566
0.874323746481115,0.0,0.13847389937026042,0.0,-0.028601382415778195,0.0,3.1576609495912207,3.1013496431430743,1504.125996681935
0.8744716527334516,0.0,0.1387685607638886,0.0,-0.028717375634227608,0.0,3.1595168461030214,3.101029643143075,1499.3157256927066
0.8746196138580804,0.0,0.13906299163493416,0.0,-0.028833427985435374,0.0,3.1613766670803183,3.1007096431430754,1494.518589302307
0.87476762944482,0.0,0.1393571949211816,0.0,-0.028949539046034,0.0,3.1632404221097112,3.1003896431430746,1489.7345695623699
0.8749156990796991,0.0,0.13965117354170717,0.0,-0.029065708388352148,0.0,3.1651081207822584,3.100069643143075,1484.9636485295036
0.8750638223449341,0.0,0.1399449303971614,0.0,-0.029181935580386554,0.0,3.16697977269321,3.0997496431430753,1480.2058082650346
0.875211998818902,0.0,0.14023846837003717,0.0,-0.029298220185769986,0.0,3.168855387441694,3.099429643143076,1475.461030835303
0.8753602280761149,0.0,0.14053179032493657,0.0,-0.02941456176374045,0.0,3.1707349746304083,3.099109643143076,1470.7292983115854
0.8755085096871943,0.0,0.14082489910883547,0.0,-0.02953095986911126,0.0,3.1726185438653234,3.0987896431430757,1466.0105927700292
0.8756568432188465,0.0,0.1411177975513421,0.0,-0.029647414052239668,0.0,3.1745061047553693,3.098469643143076,1461.3048962918367
0.8758052282338349,0.0,0.14141048846495038,0.0,-0.029763923858995376,0.0,3.1763976669121115,3.098149643143076,1456.6121909630133
0.8759536642909563,0.0,0.14170297464529436,0.0,-0.029880488830731,0.0,3.1782932399494577,3.0978296431430756,1451.932458874673
0.8761021509450124,0.0,0.1419952588713882,0.0,-0.029997108504247617,0.0,3.180192833483286,3.097509643143076,1447.2656821228984
0.8762506877467859,0.0,0.14228734390587716,0.0,-0.030113782411767112,0.0,3.182096457131175,3.0971896431430763,1442.6118428087584
0.8763992742437557,0.0,0.14257923249506926,0.0,-0.030230510080445736,0.0,3.1840041204994525,3.096869643143149,1437.9709232247628
0.8766965944853741,0.0,0.14316243124553035,0.0,-0.030464124791164133,0.0,3.1878316049528554,3.0962296431430762,1428.727770578084
0.8769941079640482,0.0,0.1437448767804015,0.0,-0.03069794876244549,0.0,3.191675363770865,3.0955896431430765,1419.5360816915518
0.8772918109045372,0.0,0.14432659051462798,0.0,-0.03093197804627956,0.0,3.195535473930477,3.0949496431430754,1410.3957134092052
0.8775896994650348,0.0,0.14490759362648592,0.0,-0.031166208617312213,0.0,3.199412012384053,3.0943096431430757,1401.3065228426588
0.8778877697355564,0.0,0.1454879070645707,0.0,-0.031400636372247055,0.0,3.2033050560601266,3.0936696431430755,1392.2683671857008
0.8781860177370632,0.0,0.146067551554386,0.0,-0.03163525712879204,0.0,3.207214681851387,3.0930296431430757,1383.2811037138954
0.878484439420578,0.0,0.14664654760472284,0.0,-0.03187006662459347,0.0,3.211140966602308,3.092389643143075,1374.344589785509
0.8787830306662947,0.0,0.1472249155138485,0.0,-0.03210506051616301,0.0,3.2150839870964854,3.0917496431430744,1365.458682841534
0.8790817872826815,0.0,0.14780267537550862,0.0,-0.03234023437779648,0.0,3.219043820043657,3.0911096431430742,1356.623240406272
0.8793807050055764,0.0,0.14837984708474336,0.0,-0.0325755837004825,0.0,3.2230205420663856,3.0904696431430745,1347.8381200874992
0.8796797794972774,0.0,0.14895645034353422,0.0,-0.032811103890806555,0.0,3.227014229686432,3.0898296431430743,1339.1031795768859
0.8799790063456255,0.0,0.14953250466627602,0.0,-0.033046790269842544,0.0,3.2310249593107874,3.089189643143073,1330.4182766504032
0.8802783810630788,0.0,0.15010802938508283,0.0,-0.033282638072038795,0.0,3.2350528072173197,3.088549643143074,1321.7832691684387
0.8805778990857867,0.0,0.15068304365494628,0.0,-0.03351864244409879,0.0,3.239097849540189,3.0879096431430737,1313.1980150760833
0.8808775557726514,0.0,0.1512575664587234,0.0,-0.03375479844384754,0.0,3.243160162254773,3.0872696431430735,1304.662372403901
0.8811773464043864,0.0,0.15183161661198913,0.0,-0.03399110103909845,0.0,3.247239821162343,3.086629643143074,1296.1761992674387
0.8814772661825713,0.0,0.1524052127677368,0.0,-0.034227545106507516,0.0,3.2513369018743314,3.085989643143074,1287.73935386824
0.881777310228695,0.0,0.1529783734209386,0.0,-0.03446412543042286,0.0,3.255451479796237,3.085349643143073,1279.3516944936046
0.8820774735832004,0.0,0.1535511169129737,0.0,-0.03470083670172741,0.0,3.2595836301111683,3.0847096431430727,1271.0130795171337
0.8823777512045189,0.0,0.15412346143592012,0.0,-0.034937673516674816,0.0,3.263733427763005,3.084069643143073,1262.7233673987348
0.8826781379681027,0.0,0.15469542503672282,0.0,-0.03517463037572079,0.0,3.267900947439207,3.083429643143072,1254.482416684962
0.8829786286654494,0.0,0.1552670256212279,0.0,-0.03541170168234379,0.0,3.272086263553152,3.0827896431430717,1246.2900860093246
0.8832792180031261,0.0,0.1558382809581086,0.0,-0.03564888174186688,0.0,3.2762894502261926,3.082149643143072,1238.14623409235
0.8835799006017855,0.0,0.15640920868266328,0.0,-0.035886164760269706,0.0,3.280510581269248,3.0815096431430713,1230.0507197417044
0.8838806709951779,0.0,0.15697982630049945,0.0,-0.03612354484299519,0.0,3.284749730163987,3.080869643143071,1222.0034018524814
0.8841815236291627,0.0,0.15755015119111243,0.0,-0.036361015993755415,0.0,3.2890069700436597,3.080229643143071,1214.004139407236
0.8844824528607134,0.0,0.15812020061134752,0.0,-0.036598572113328356,0.0,3.2932823736734536,3.079589643143071,1206.0527914762833
0.8847834529569193,0.0,0.1586899916987611,0.0,-0.03683620699835491,0.0,3.297576013430486,3.078949643143071,1198.1492172177095
0.8850845180939846,0.0,0.15925954147487412,0.0,-0.03707391434012929,0.0,3.3018879612833296,3.0783096431430708,1190.2932758773309
0.8853856423562259,0.0,0.1598288668483281,0.0,-0.03731168772338751,0.0,3.306218288771142,3.0776696431430706,1182.4848267889138
0.8856868197350657,0.0,0.16039798461793975,0.0,-0.03754952062509272,0.0,3.310567066982357,3.0770296431430704,1174.7237293743765
0.8859880441280245,0.0,0.16096691147566242,0.0,-0.037787406413219926,0.0,3.3149343665329427,3.07638964314307,1167.009843143386
0.8862893093377097,0.0,0.16153566400944647,0.0,-0.03802533834553474,0.0,3.3193202575441925,3.0757496431430704,1159.3430276937586
0.8865906090708067,0.0,0.16210425870601705,0.0,-0.03826330956837529,0.0,3.3237248096201215,3.07510964314307,1151.7231427112824
0.8868919369370644,0.0,0.16267271195355246,0.0,-0.03850131311542951,0.0,3.3281480918243607,3.0744696431430687,1144.150047969691
0.8871932864482818,0.0,0.16324104004427742,0.0,-0.038739341906513715,0.0,3.332590172656622,3.0738296431430694,1136.6236033306302
0.8874946510172979,0.0,0.16380925917697595,0.0,-0.03897738874635297,0.0,3.3370511200287423,3.0731896431430687,1129.1436687435169
0.8877960239569752,0.0,0.16437738545940692,0.0,-0.039215446323356204,0.0,3.3415310012401847,3.072549643143069,1121.7101042455176
0.8880973984791876,0.0,0.16494543491064467,0.0,-0.039453507208399526,0.0,3.3460298829531383,3.0719096431430697,1114.3227699612285
0.8883987676938103,0.0,0.16551342346333886,0.0,-0.03969156385360738,0.0,3.350547831167145,3.0712696431430686,1106.981526102737
0.8887001246077079,0.0,0.1660813669658848,0.0,-0.03992960859113385,0.0,3.355084911193203,3.070629643143069,1099.6862329692115
0.8890014621237275,0.0,0.1666492811845266,0.0,-0.04016763363195417,0.0,3.3596411876274757,3.069989643143068,1092.4367509468357
0.8893027730396917,0.0,0.16721718180537237,0.0,-0.04040563106465151,0.0,3.364216724324444,3.069349643143068,1085.232940508412
0.8896040500473973,0.0,0.16778508443633947,0.0,-0.04064359285421369,0.0,3.3688115843696282,3.068709643143068,1078.0746622131842
0.8899052857316135,0.0,0.16835300460901914,0.0,-0.04088151084083167,0.0,3.3734258300517923,3.0680696431430685,1070.961776706428
0.8902064725690898,0.0,0.16892095778047264,0.0,-0.04111937673870674,0.0,3.3780595228347026,3.067429643143068,1063.8941447191141
0.8905076029275625,0.0,0.16948895933494823,0.0,-0.04135718213486045,0.0,3.3827127233283454,3.0667896431430677,1056.8716270675275
0.8908086690647703,0.0,0.1700570245855294,0.0,-0.041594918487954116,0.0,3.387385491259695,3.066149643143067,1049.894084652803
0.8911096631274745,0.0,0.17062516877570957,0.0,-0.0418325771271155,0.0,3.3920778854429634,3.0655096431430673,1042.9613784605299
0.8914105771504861,0.0,0.17119340708090022,0.0,-0.0420701492507755,0.0,3.396789963749392,3.064869643143067,1036.0733695601166
0.8917114030556984,0.0,0.17176175460986132,0.0,-0.04230762592551079,0.0,3.401521783076477,3.064229643143066,1029.2299191044033
0.892012132651128,0.0,0.17233022640607062,0.0,-0.042544998084901184,0.0,3.406273399316779,3.0635896431430663,1022.4308883288464
0.8923127576299676,0.0,0.17289883744902262,0.0,-0.04278225652839635,0.0,3.4110448673261975,3.062949643143066,1015.6761385511559
0.8926132695696415,0.0,0.17346760265545552,0.0,-0.043019391920193994,0.0,3.4158362408917338,3.062309643143066,1008.9655311704264
0.8929136599308752,0.0,0.17403653688051543,0.0,-0.043256394788131876,0.0,3.4206475726987753,3.061669643143066,1002.2989276664064
0.893213920056776,0.0,0.17460565491885338,0.0,-0.0434932555225947,0.0,3.4254789142978908,3.0610296431430655,995.6761895989277
0.8935140411719216,0.0,0.17517497150565475,0.0,-0.04372996437543501,0.0,3.4303303160711067,3.0603896431430653,989.0971786068739
0.8938140143814644,0.0,0.17574450131760497,0.0,-0.043966511458910944,0.0,3.435201827197709,3.059749643143064,982.5617564074371
0.8941138306702453,0.0,0.17631425897378752,0.0,-0.04420288674463988,0.0,3.4400934956195304,3.0591096431430644,976.0697847951537
0.8944134809019251,0.0,0.176884259036521,0.0,-0.04443908006257203,0.0,3.4450053680057695,3.058469643143065,969.621125640979
0.8947129558181274,0.0,0.1774545160121295,0.0,-0.044675081099982576,0.0,3.449937489717312,3.0578296431430654,963.2156408912182
0.8950122460375978,0.0,0.17802504435164815,0.0,-0.044910879400484,0.0,3.454889904770551,3.057189643143064,956.8531925665245
0.895311342055379,0.0,0.17859585845146464,0.0,-0.04514646436305874,0.0,3.459862655800721,3.056549643143064,950.5336427606582
0.8956102342420051,0.0,0.17916697265390272,0.0,-0.04538182524111827,0.0,3.4648557840248,3.055909643143064,944.256853639507
0.8959089128427127,0.0,0.17973840124773585,0.0,-0.04561695114158331,0.0,3.4698693292038807,3.0552696431430633,938.0226874395682
0.8962073679766702,0.0,0.1803101584686408,0.0,-0.04585183102398823,0.0,3.474903329605091,3.0546296431430635,931.8310064669375
0.896505589636229,0.0,0.18088225849958833,0.0,-0.0460864536996154,0.0,3.479957821963051,3.0539896431430633,925.68167309569
0.8968035676861956,0.0,0.18145471547117265,0.0,-0.04632080783065527,0.0,3.4850328414408844,3.053349643143063,919.57454976664
0.8971012918631249,0.0,0.18202754346187572,0.0,-0.04655488192939501,0.0,3.4901284215907484,3.052709643143064,913.5094989857366
0.8973987517746386,0.0,0.18260075649827273,0.0,-0.046788664357439426,0.0,3.4952445943139407,3.0520696431430627,907.4863833225838
0.8976959368987628,0.0,0.18317436855516628,0.0,-0.04702214332495925,0.0,3.5003813898205105,3.0514296431430634,901.5050654088501
0.8979928365833016,0.0,0.18374839355567854,0.0,-0.04725530688998277,0.0,3.5055388365885896,3.0507896431430623,895.5654079363835
0.8982894400452234,0.0,0.18432284537125412,0.0,-0.04748814295770746,0.0,3.510716961323075,3.0501496431430626,889.6672736557318
0.8985857363700868,0.0,0.1848977378216255,0.0,-0.047720639279861095,0.0,3.51591578891411,3.0495096431430624,883.8105253740703
0.8988817145114891,0.0,0.1854730846747019,0.0,-0.04795278345409321,0.0,3.521135342395047,3.0488696431430613,877.99502595347
0.8991773632905449,0.0,0.1860488996463994,0.0,-0.04818456292340584,0.0,3.5263756429000193,3.048229643143062,872.220638308847
0.8994726713954009,0.0,0.1866251964004167,0.0,-0.04841596497563012,0.0,3.531636709621226,3.0475896431430605,866.487225405916
0.8997676273807741,0.0,0.1872019885479335,0.0,-0.048646976742937,0.0,3.5369185597656942,3.0469496431430607,860.7946502590692
0.9000622196675352,0.0,0.18777928964726662,0.0,-0.048877585201400495,0.0,3.5422212085118696,3.046309643143061,855.1427759291444
0.9003564365423159,0.0,0.18835711320344573,0.0,-0.04910777717059804,0.0,3.547544668965695,3.0456696431430608,849.5314655212353
0.9006502661571609,0.0,0.1889354726677422,0.0,-0.04933753931326554,0.0,3.5528889521164966,3.04502964314306,843.9605821821531
0.9009436965292116,0.0,0.1895143814371235,0.0,-0.04956685813499355,0.0,3.558254066792443,3.0443896431430604,838.4299890981961
0.9012367155404332,0.0,0.19009385285365854,0.0,-0.04979571998398107,0.0,3.5636400196158333,3.04374964314306,832.9395494924335
0.9015293109373784,0.0,0.19067390020384983,0.0,-0.05002411105083632,0.0,3.569046814957986,3.04310964314306,827.4891266221584
0.9018214703309951,0.0,0.19125453671791023,0.0,-0.050252017368432,0.0,3.5744744548939487,3.0424696431430593,822.0785837762267
0.9021131811964758,0.0,0.1918357755689773,0.0,-0.050479424811819676,0.0,3.5799229391569374,3.0418296431430596,816.7077842722134
0.9024044308731521,0.0,0.1924176298722644,0.0,-0.050706319098196104,0.0,3.585392265092551,3.04118964314306,811.3765914535145
0.9026952065644354,0.0,0.19300011268415085,0.0,-0.050932685786932566,0.0,3.5908824276128004,3.0405496431430596,806.084868686464
0.9029854953378018,0.0,0.19358323700120988,0.0,-0.05115851027966378,0.0,3.596393419149924,3.0399096431430586,800.832479357179
0.9032752841248307,0.0,0.1941670157591746,0.0,-0.05138377782043789,0.0,3.601925229610076,3.0392696431430593,795.6192868685204
0.9035645597212887,0.0,0.19475146183184586,0.0,-0.051608473495934566,0.0,3.607477846326885,3.038629643143059,790.4451546366854
0.9038533087872688,0.0,0.1953365880299338,0.0,-0.05183258223574542,0.0,3.613051254014872,3.0379896431430575,785.3099460880476
0.9041415178473782,0.0,0.19592240709983716,0.0,-0.05205608881272368,0.0,3.6186454347227652,3.0373496431430578,780.2135246556405
0.9044291732909866,0.0,0.19650893172237116,0.0,-0.05227897784340615,0.0,3.6242603677868566,3.0367096431430576,775.1557537755695
0.9047162613725248,0.0,0.19709617451142009,0.0,-0.052501233788503715,0.0,3.6298960297841845,3.0360696431430574,770.1364968835273
0.9050027682118438,0.0,0.19768414801253945,0.0,-0.05272284095346717,0.0,3.635552394485816,3.035429643143058,765.1556174109583
0.9052886797946336,0.0,0.19827286470149516,0.0,-0.05294378348912851,0.0,3.6412294328101313,3.0347896431430574,760.212978781271
0.9055739819728982,0.0,0.1988623369827346,0.0,-0.05316404539241728,0.0,3.6469271127760887,3.034149643143057,755.3084444059534
0.9058586604654978,0.0,0.19945257718780854,0.0,-0.05338361050716021,0.0,3.6526453994566905,3.0335096431430566,750.4418776805012
0.9061427008587519,0.0,0.200043597573726,0.0,-0.05360246252495811,0.0,3.6583842549324843,3.032869643143057,745.6131419803576
0.9064260886071077,0.0,0.20063541032125143,0.0,-0.053820584986148126,0.0,3.6641436382452484,3.032229643143057,740.8221006566428
0.9067088090338731,0.0,0.2012280275331379,0.0,-0.05403796128084745,0.0,3.6699235053518167,3.031589643143057,736.0686170318559
0.9069908473320225,0.0,0.20182146123230904,0.0,-0.05425457465008772,0.0,3.6757238090781903,3.030949643143056,731.3525543955255
0.9072721885650668,0.0,0.2024157233599755,0.0,-0.054470408187034566,0.0,3.681544499073841,3.0303096431430556,726.6737759995589
0.9075528176679976,0.0,0.20301082577369642,0.0,-0.05468544483829745,0.0,3.687385521766347,3.029669643143056,722.0321450537538
0.9078327194483029,0.0,0.20360678024538048,0.0,-0.05489966740533279,0.0,3.6932468203163253,3.029029643143056,717.4275247210055
0.9081118785870563,0.0,0.20420359845923255,0.0,-0.055113058545939564,0.0,3.6991283345727606,3.0283896431430555,712.8597781125213
0.9083902796400819,0.0,0.20480129200964053,0.0,-0.05532560077585027,0.0,3.7050300010287187,3.0277496431430553,708.3287682829124
0.9086679070391952,0.0,0.20539987239900692,0.0,-0.05553727647041774,0.0,3.7109517527775067,3.0271096431430546,703.8343582251639
0.9089447450935237,0.0,0.2059993510355261,0.0,-0.05574806786640246,0.0,3.7168935194693473,3.0264696431430553,699.3764108655439
0.9092207779909052,0.0,0.20659973923090613,0.0,-0.0559579570638603,0.0,3.7228552272685738,3.0258296431430542,694.9547890583493
0.9094959897993676,0.0,0.20720104819803434,0.0,-0.05616692602812749,0.0,3.7288367988113813,3.0251896431430545,690.5693555806844
0.9097703644686908,0.0,0.20780328904859174,0.0,-0.0563749565919149,0.0,3.7348381531642136,3.0245496431430543,686.2199731269878
0.910043885832053,0.0,0.2084064727906161,0.0,-0.056582030457502985,0.0,3.7408592057828396,3.023909643143054,681.9065043035815
0.9103165376077588,0.0,0.20901061032600843,0.0,-0.05678812919904356,0.0,3.746899868472079,3.0232696431430535,677.628811623096
0.9105883034010568,0.0,0.20961571244799604,0.0,-0.0569932342649703,0.0,3.752960049346356,3.0226296431430533,673.3867574987587
0.9108591667060415,0.0,0.2102217898385394,0.0,-0.0571973269805171,0.0,3.759039652791007,3.021989643143054,669.1802042386747
0.9111291109076453,0.0,0.21082885306569693,0.0,-0.05740038855034599,0.0,3.7651385794244874,3.021349643143053,665.0090140399576
0.9113981192837155,0.0,0.21143691258093283,0.0,-0.057602400061286904,0.0,3.771256726061398,3.0207096431430536,660.8730489828101
0.911666175007192,0.0,0.212045978716396,0.0,-0.05780334248519082,0.0,3.7773939856766234,3.0200696431430525,656.77217102451
0.9119332611483592,0.0,0.21265606168212944,0.0,-0.058003196681893014,0.0,3.7835502473702416,3.019429643143053,652.7062419933164
0.912199360677209,0.0,0.21326717156326358,0.0,-0.058201943402294634,0.0,3.789725396333742,3.0187896431430525,648.6751235823207
0.9124644564658818,0.0,0.21387931831714593,0.0,-0.058399563291556725,0.0,3.7959193138171448,3.0181496431430523,644.6786773431709
0.9127285312912105,0.0,0.2144925117704437,0.0,-0.058596036892411454,0.0,3.8021318770974055,3.0175096431430513,640.7167646797808
0.9129915678373537,0.0,0.21510676161619857,0.0,-0.05879134464858795,0.0,3.808362959447938,3.016869643143052,636.7892468419891
0.9132535486985287,0.0,0.21572207741085336,0.0,-0.05898546690835946,0.0,3.814612430109497,3.0162296431430513,632.8959849190627
0.9135144563818358,0.0,0.21633846857123532,0.0,-0.05917838392820423,0.0,3.820880154262292,3.0155896431430516,629.0368398332304
0.9137742733101818,0.0,0.21695594437150917,0.0,-0.0593700758765863,0.0,3.8271659929994977,3.014949643143051,625.2116723331231
0.9140329818252999,0.0,0.21757451394009966,0.0,-0.059560522837854804,0.0,3.833469803302214,3.014309643143051,621.4203429871752
0.9142905641908659,0.0,0.21819418625658155,0.0,-0.059749704816261275,0.0,3.8397914380158618,3.013669643143051,617.6627121769789
0.9145470025957123,0.0,0.2188149701485432,0.0,-0.05993760174009571,0.0,3.8461307458281264,3.0130296431430508,613.9386400905803
0.9148022791571409,0.0,0.21943687428842543,0.0,-0.06012419346594234,0.0,3.852487571248495,3.0123896431430506,610.2479867157625
0.9150563759243306,0.0,0.22005990719033586,0.0,-0.06030945978305229,0.0,3.8588617545894146,3.01174964314305,606.590611833278
0.9153092748818454,0.0,0.2206840772068387,0.0,-0.06049338041783408,0.0,3.865253131949121,3.01110964314305,602.9663750100979
0.9155609579532391,0.0,0.22130939252573434,0.0,-0.0606759350384648,0.0,3.87166153519627,3.01046964314305,599.3751355925542
0.9158114070047562,0.0,0.22193586116681274,0.0,-0.06085710325961406,0.0,3.878086791956297,3.0098296431430502,595.8167526995658
0.9160606038491323,0.0,0.22256349097859934,0.0,-0.061036864647287026,0.0,3.884528725599671,3.0091896431430496,592.2910852158054
0.9163085302494883,0.0,0.22319228963508514,0.0,-0.06121519872378279,0.0,3.8909871552320165,3.00854964314305,588.7979917848681
0.9165551679233231,0.0,0.2238222646324542,0.0,-0.0613920849727666,0.0,3.8974618956862264,3.0079096431430488,585.3373308024379
0.916800498546599,0.0,0.22445342328579324,0.0,-0.06156750284445405,0.0,3.903952757516489,3.007269643143049,581.9089604095257
0.9170445037579252,0.0,0.22508577272581484,0.0,-0.06174143176091059,0.0,3.910459546994503,3.0066296431430493,578.5127384856161
0.9172871651628325,0.0,0.2257193198955635,0.0,-0.06191385112145855,0.0,3.9169820661076487,3.005989643143049,575.1485226419551
0.9175284643381414,0.0,0.2263540715471351,0.0,-0.062084740308194074,0.0,3.9235201125594075,3.005349643143049,571.8161702148068
0.9177683828364213,0.0,0.22699003423839526,0.0,-0.06225407869161094,0.0,3.930073479771898,3.0047096431430487,568.5155382587718
0.9180069021905426,0.0,0.22762721432971256,0.0,-0.062421845636330436,0.0,3.9366419568907314,3.004069643143048,565.2464835401356
0.9182440039183128,0.0,0.2282656179806956,0.0,-0.06258802050693285,0.0,3.943225328792063,3.003429643143048,562.0088625303174
0.9184796695272057,0.0,0.22890525114694976,0.0,-0.06275258267388957,0.0,3.9498233760920147,3.002789643143048,558.8025313993538
0.9187138805191732,0.0,0.22954611957685375,0.0,-0.0629155115195957,0.0,3.9564358751584936,3.0021496431430483,555.6273460094521
0.9189466183955401,0.0,0.2301882288083499,0.0,-0.06307678644449582,0.0,3.963062598125323,3.0015096431430477,552.4831619086523
0.9191778646619851,0.0,0.2308315841657672,0.0,-0.06323638687330349,0.0,3.969703312908915,3.0008696431430475,549.3698343245778
0.9194076008335964,0.0,0.23147619075666612,0.0,-0.06339429226131069,0.0,3.976357783227344,3.0002296431430464,546.287218158268
0.9196358084400101,0.0,0.23212205346871703,0.0,-0.06355048210078336,0.0,3.983025768621965,2.999589643143047,543.2351679781566
0.9198624690306211,0.0,0.2327691769666166,0.0,-0.06370493592744246,0.0,3.989707024481606,2.9989496431430465,540.213538014131
0.9200875641798683,0.0,0.23341756568903638,0.0,-0.06385763332702143,0.0,3.996401302069263,2.9983096431430467,537.2221821517717
0.9203110754925896,0.0,0.23406722384561807,0.0,-0.06400855394190269,0.0,4.003108348551454,2.9976696431430465,534.2609539266779
0.9205329846094438,0.0,0.23471815541401042,0.0,-0.06415767747782597,0.0,4.009827907030151,2.997029643143046,531.3297065190068
0.9207532732124001,0.0,0.2353703641369602,0.0,-0.0643049837106644,0.0,4.016559716577423,2.9963896431430457,528.4282927481117
0.9209719230302862,0.0,0.23602385351945096,0.0,-0.06445045249326524,0.0,4.023303512272676,2.995749643143046,525.5565650673883
0.921188915844396,0.0,0.23667862682589985,0.0,-0.06459406376235122,0.0,4.03005902524262,2.9951096431430453,522.7143755593193
0.9214042334941539,0.0,0.23733468707741606,0.0,-0.06473579754547615,0.0,4.036825982703934,2.9944696431430455,519.9015759306465
0.921617857882829,0.0,0.23799203704911917,0.0,-0.06487563396803192,0.0,4.043604108008612,2.993829643143045,517.1180175078247
0.9218297709832993,0.0,0.23865067926752856,0.0,-0.06501355326030189,0.0,4.05039312069207,2.9931896431430447,514.3635512326289
0.9220399548438588,0.0,0.23931061600802,0.0,-0.06514953576455493,0.0,4.057192736523934,2.9925496431430445,511.63802765801654
0.9222483915940672,0.0,0.23997184929236223,0.0,-0.0652835619421753,0.0,4.0640026675616125,2.991909643143044,508.94129694420764
0.9224550634506351,0.0,0.24063438088632386,0.0,-0.06541561238082409,0.0,4.0708226222065225,2.9912696431430446,506.27320885502127
0.9226599527233433,0.0,0.24129821229737047,0.0,-0.06554566780162414,0.0,4.077652305263122,2.9906296431430435,503.6336127544573
0.9228630418209885,0.0,0.24196334477243842,0.0,-0.06567370906636727,0.0,4.084491418000564,2.9899896431430437,501.0223576035547
0.9230643132573566,0.0,0.24262977929580598,0.0,-0.06579971718473321,0.0,4.091339658217155,2.989349643143044,498.4392919575148
0.9232637496572129,0.0,0.2432975165870503,0.0,-0.06592367332151924,0.0,4.098196720307431,2.9887096431430433,495.8842639631124
0.9234613337623095,0.0,0.2439665570991039,0.0,-0.06604555880387111,0.0,4.105062295331946,2.988069643143043,493.35712135640836
0.9236570484374037,0.0,0.24463690101640742,0.0,-0.066165355128509,0.0,4.111936071089693,2.987429643143043,490.8577114607657
0.9238508766762812,0.0,0.24530854825316975,0.0,-0.0662830439689491,0.0,4.118817732193188,2.9867896431430427,488.38588118517225
0.924042801607782,0.0,0.24598149845172565,0.0,-0.06639860718270167,0.0,4.125706960146092,2.9861496431430425,485.941477022914
0.924232806501822,0.0,0.24665575098101317,0.0,-0.06651202681845547,0.0,4.1326034334234825,2.9855096431430423,483.52434505054725
0.924420874775407,0.0,0.24733130493515038,0.0,-0.06662328512322666,0.0,4.139506827554572,2.984869643143043,481.13433092725757
0.924606989998633,0.0,0.24800815913214416,0.0,-0.0667323645494797,0.0,4.146416815208043,2.9842296431430415,478.7712798945138
0.924791135900667,0.0,0.24868631211269537,0.0,-0.06683924776220025,0.0,4.153333066279664,2.983589643143042,476.4350367761705
0.9249732963757064,0.0,0.2493657621391465,0.0,-0.06694391764592635,0.0,4.160255247982495,2.982949643143041,474.1254459788362
0.9251534554889076,0.0,0.25004650719453725,0.0,-0.06704635731172126,0.0,4.167183024939314,2.9823096431430414,471.8423514927139
0.925331597482281,0.0,0.250728544981794,0.0,-0.06714655010408889,0.0,4.174116059277408,2.9816696431430407,469.5855968927792
0.9255077067805481,0.0,0.25141187292304673,0.0,-0.06724447960781921,0.0,4.18105401072561,2.981029643143041,467.35502534034504
0.9256817679969528,0.0,0.2520964881590762,0.0,-0.06734012965476055,0.0,4.187996536713509,2.9803896431430412,465.1504795850698
0.9258537659390225,0.0,0.2527823875488951,0.0,-0.06743348433051324,0.0,4.194943292472784,2.9797496431430415,462.97180196733154
0.9260236856142762,0.0,0.25346956766946455,0.0,-0.06752452798103287,0.0,4.201893931140594,2.979109643143041,460.8188344210448
0.926191512235869,0.0,0.25415802481554745,0.0,-0.06761324521914289,0.0,4.208848103864955,2.97846964314304,458.69141847689025
0.9263572312281751,0.0,0.2548477549997022,0.0,-0.06769962093094539,0.0,4.215805459912026,2.97782964314304,456.58939526595407
0.9265208282322953,0.0,0.255538753952418,0.0,-0.06778364028212586,0.0,4.222765646775236,2.97718964314304,454.51260552382723
0.9266822891114909,0.0,0.2562310171223899,0.0,-0.06786528872414602,0.0,4.229728310286144,2.97654964314304,452.46088959512633
0.9268415999565374,0.0,0.25692453967694284,0.0,-0.06794455200031528,0.0,4.2366930947270145,2.9759096431430385,450.434087438436
0.9269987470909872,0.0,0.25761931650259207,0.0,-0.0680214161517381,0.0,4.24365964294489,2.9752696431430397,448.43203863174267
0.9271537170763456,0.0,0.25831534220576224,0.0,-0.06809586752313021,0.0,4.250627596467288,2.974629643143039,446.4545823782614
0.9273064967171458,0.0,0.2590126111136412,0.0,-0.06816789276849605,0.0,4.257596595619169,2.973989643143039,444.50155751275065
0.9274570730659254,0.0,0.259711117275188,0.0,-0.06823747885666266,0.0,4.26456627964129,2.9733496431430386,442.5728025082551
0.9276054334280937,0.0,0.2604108544622892,0.0,-0.06830461307666513,0.0,4.271536286809774,2.972709643143039,440.6681554833216
0.9277515653666899,0.0,0.26111181617106366,0.0,-0.06836928304297651,0.0,4.278506254556779,2.972069643143038,438.78745420963514
0.9278954567070214,0.0,0.26181399562330826,0.0,-0.06843147670057675,0.0,4.285475819592111,2.9714296431430385,436.9305361201732
0.9280370955411867,0.0,0.2625173857681094,0.0,-0.06849118232985724,0.0,4.292444618025922,2.9707896431430383,435.09723831771237
0.9281764702324669,0.0,0.26322197928358126,0.0,-0.06854838855135177,0.0,4.2994122854919965,2.970149643143037,433.28739758390714
0.9283135694195919,0.0,0.2639277685787704,0.0,-0.06860308433029534,0.0,4.306378457271915,2.9695096431430374,431.50085038871407
0.9284483820208708,0.0,0.2646347457956986,0.0,-0.06865525898099883,0.0,4.313342768419724,2.9688696431430373,429.7374329003311
0.9285808972381853,0.0,0.26534290281155476,0.0,-0.0687049021710386,0.0,4.320304853887108,2.968229643143037,427.9969809955495
0.9287111045608386,0.0,0.26605223124103,0.0,-0.0687520039252599,0.0,4.327264348648918,2.967589643143037,426.2793302705718
0.9288389937692615,0.0,0.2667627224388008,0.0,-0.06879655462958094,0.0,4.3342208878289865,2.966949643143036,424.5843160522569
0.9289645549385668,0.0,0.2674743675021519,0.0,-0.06883854503460417,0.0,4.3411741068260685,2.9663096431430356,422.9117734097882
0.9290877784419524,0.0,0.26818715727374465,0.0,-0.0688779662590224,0.0,4.34812364143985,2.9656696431430363,421.26153716678755
0.9292086549539468,0.0,0.26890108234452276,0.0,-0.06891480979282293,0.0,4.355069127996867,2.965029643143036,419.6334419138469
0.9293271754534953,0.0,0.26961613305675375,0.0,-0.06894906750028065,0.0,4.362010203476202,2.964389643143035,418.02732202147615
0.9294433312268849,0.0,0.27033229950720944,0.0,-0.06898073162274199,0.0,4.368946505634919,2.9637496431430352,416.44301165346246
0.9295571138705035,0.0,0.27104957155048126,0.0,-0.0690097947811947,0.0,4.375877673133101,2.963109643143035,414.8803447806142
0.9296685152934312,0.0,0.27176793880242217,0.0,-0.06903624997862108,0.0,4.382803345658298,2.9624696431430353,413.33915519492575
0.9297775277198617,0.0,0.27248739064371935,0.0,-0.06906009060213233,0.0,4.389723164049381,2.9618296431430355,411.8192765241149
0.9298841436913524,0.0,0.27320791622359547,0.0,-0.06908131042488386,0.0,4.396636770419667,2.9611896431430345,410.3205422465246
0.9299883560689003,0.0,0.27392950446362496,0.0,-0.06909990360776752,0.0,4.403543808279088,2.9605496431430347,408.84278570640095
0.9300901580348412,0.0,0.2746521440616793,0.0,-0.06911586470088149,0.0,4.410443922655535,2.9599096431430345,407.38584012952754
0.9301895430945729,0.0,0.27537582349598266,0.0,-0.06912918864477512,0.0,4.417336760215003,2.9592696431430343,405.94953863918704
0.9302865050780992,0.0,0.2761005310292808,0.0,-0.06913987077147046,0.0,4.424221969380603,2.958629643143034,404.53371427249556
0.9303810381413944,0.0,0.2768262547131235,0.0,-0.06914790680525545,0.0,4.431099200450314,2.9579896431430335,403.13819999700377
0.9304731367675892,0.0,0.27755298239224513,0.0,-0.06915329286325368,0.0,4.437968105713274,2.9573496431430337,401.762828727625
0.9305627957679722,0.0,0.2782807017090575,0.0,-0.06915602545576863,0.0,4.444828339564665,2.9567096431430344,400.4074333438899
0.9306500102828138,0.0,0.2790094001082355,0.0,-0.06915610148640045,0.0,4.451679558618994,2.956069643143033,399.0718467074279
0.9307347757820054,0.0,0.279739064841387,0.0,-0.06915351825194178,0.0,4.458521421821572,2.9554296431430322,397.75590167977293
0.93081708806552,0.0,0.28046968297183333,0.0,-0.06914827344204608,0.0,4.465353590558422,2.9547896431430334,396.4594311403581
0.9308969432636903,0.0,0.28120124137946206,0.0,-0.06914036513867657,0.0,4.472175728764203,2.954149643143033,395.1822680048134
0.9309743378373054,0.0,0.2819337267656565,0.0,-0.06912979181533299,0.0,4.478987503028118,2.9535096431430325,393.9242452434405
0.9310492685775289,0.0,0.2826671256583144,0.0,-0.06911655233605957,0.0,4.485788582697935,2.9528696431430324,392.6851958999265
0.9311217326056385,0.0,0.28340142441693467,0.0,-0.06910064595423478,0.0,4.492578639981798,2.952229643143032,391.46495311022693
0.9311917273725857,0.0,0.28413660923776546,0.0,-0.06908207231114821,0.0,4.499357350047837,2.951589643143031,390.2633501216451
0.9312592506583818,0.0,0.2848726661590224,0.0,-0.06906083143436391,0.0,4.506124391121516,2.9509496431430313,389.0802203120545
0.9313243005713059,0.0,0.2856095810661672,0.0,-0.06903692373587444,0.0,4.512879444580695,2.950309643143032,387.91539720930234
0.9313868755469435,0.0,0.28634733969723136,0.0,-0.069010350010048,0.0,4.51962219504818,2.9496696431430305,386.7687145106943
0.9314469743470511,0.0,0.28708592764819424,0.0,-0.06898111143137299,0.0,4.526352330481841,2.949029643143031,385.64000610261417
0.9315045960582529,0.0,0.287825330378409,0.0,-0.06894920955200322,0.0,4.533069542262249,2.9483896431430305,384.529106080268
0.9315597400905704,0.0,0.28856553321605855,0.0,-0.0689146462991054,0.0,4.539773525277591,2.947749643143031,383.43584876746274
0.9316124061757904,0.0,0.28930652136365664,0.0,-0.06887742397201625,0.0,4.5464639780060905,2.94710964314303,382.3600687364576
0.9316625943656675,0.0,0.2900482799035674,0.0,-0.0688375452392104,0.0,4.553140602595559,2.946469643143031,381.301600827898
0.9317103050299714,0.0,0.2907907938035612,0.0,-0.06879501313508525,0.0,4.559803104940371,2.94582964314303,380.2602801707309
0.9317555388543783,0.0,0.2915340479223832,0.0,-0.06874983105656672,0.0,4.566451194755544,2.9451896431430304,379.23594220217205
0.9317982968382078,0.0,0.2922780270153392,0.0,-0.06870200275953901,0.0,4.5730845856480205,2.94454964314303,378.2284226876345
0.9318385802920153,0.0,0.29302271573989325,0.0,-0.06865153235510611,0.0,4.579702995185128,2.9439096431430296,377.2375577406666
0.9318763908350336,0.0,0.29376809866126924,0.0,-0.06859842430568867,0.0,4.5863061449600995,2.943269643143029,376.2631838428442
0.931911730392477,0.0,0.29451416025805516,0.0,-0.06854268342095948,0.0,4.592893760654714,2.942629643143029,375.30513786361144
0.9319446011927063,0.0,0.29526088492780433,0.0,-0.06848431485362531,0.0,4.599465572099017,2.941989643143029,374.36325708002573
0.9319750057642574,0.0,0.2960082569926264,0.0,-0.068423324095062,0.0,4.606021313328032,2.9413496431430293,373.43737919648106
0.9320029469327434,0.0,0.29675626070476924,0.0,-0.06835971697080025,0.0,4.612560722635577,2.940709643143029,372.52734236425044
0.9320284278176273,0.0,0.29750488025218197,0.0,-0.06829349963588006,0.0,4.619083542625057,2.940069643143028,371.6329852009985
0.9320514518288748,0.0,0.29825409976405315,0.0,-0.06822467857006854,0.0,4.625589520257253,2.939429643143028,370.75414681006873
0.9320720226634884,0.0,0.299003903316332,0.0,-0.06815326057295149,0.0,4.632078406895201,2.9387896431430285,369.89066679972234
0.9320901443019285,0.0,0.2997542749372145,0.0,-0.06807925275890603,0.0,4.638549958346029,2.9381496431430283,369.04238530213127
0.9321058210044252,0.0,0.30050519861259256,0.0,-0.0680026625519557,0.0,4.645003934899801,2.9375096431430276,368.2091429922584
0.9321190573071859,0.0,0.3012566582914726,0.0,-0.06792349768051983,0.0,4.651440101365436,2.9368696431430275,367.39078110650667
0.9321298580185029,0.0,0.3020086378913485,0.0,-0.06784176617205584,0.0,4.657858227103638,2.9362296431430277,366.58714146120076
0.9321382282147653,0.0,0.30276112130352834,0.0,-0.06775747634760829,0.0,4.664258086056884,2.935589643143027,365.79806647081784
0.93214417323638,0.0,0.30351409239841387,0.0,-0.06767063681626295,0.0,4.670639456776469,2.934949643143027,365.02339916601795
0.9321476986836075,0.0,0.304267535030728,0.0,-0.0675812564695198,0.0,4.677002122446693,2.9343096431430262,364.2629832114104
0.9321488104123133,0.0,0.3050214330446812,0.0,-0.06748934447558244,0.0,4.683345870906091,2.933669643143027,363.5166629231021
0.9321475145296466,0.0,0.30577577027908914,0.0,-0.0673949102735794,0.0,4.689670494665911,2.933029643143026,362.78428328592724
0.9321438173896427,0.0,0.3065305305724111,0.0,-0.06729796356771278,0.0,4.695975790925632,2.932389643143026,362.0656899704553
0.93213772558876,0.0,0.3072856977677417,0.0,-0.06719851432135049,0.0,4.7022615615858445,2.9317496431430254,361.3607293496841
0.9321292459613539,0.0,0.30804125571771673,0.0,-0.0670965727510582,0.0,4.708527613258236,2.9311096431430252,360.66924851542854
0.9321183855750915,0.0,0.3087971882893619,0.0,-0.06699214932058739,0.0,4.714773757272984,2.9304696431430255,359.99109529442705
0.9321051517263128,0.0,0.30955347936885796,0.0,-0.06688525473481366,0.0,4.720999809683372,2.929829643143025,359.3261182641286
0.9320895519353437,0.0,0.3103101128662315,0.0,-0.0667758999336414,0.0,4.727205591267841,2.929189643143025,358.6741667681139
0.9320715939417629,0.0,0.31106707271996936,0.0,-0.06666409608587379,0.0,4.733390927529413,2.9285496431430245,358.0350909312565
0.9320512856996298,0.0,0.3118243429015496,0.0,-0.06654985458305573,0.0,4.739555648692619,2.9279096431430247,357.40874167446964
0.9320286353726764,0.0,0.3125819074198911,0.0,-0.06643318703329665,0.0,4.7456995896979075,2.9272696431430245,356.7949707291567
0.9320036513294683,0.0,0.3133397503257118,0.0,-0.06631410525507532,0.0,4.751822590193593,2.9266296431430243,356.1936306512804
0.9319763421385372,0.0,0.3140978557158089,0.0,-0.06619262127103656,0.0,4.757924494525493,2.925989643143024,355.604574835079
0.9319467165634933,0.0,0.31485620773724243,0.0,-0.06606874730177922,0.0,4.76400515172415,2.9253496431430244,355.0276575264144
0.9319147835581169,0.0,0.31561479059143416,0.0,-0.06594249575964573,0.0,4.770064415489859,2.9247096431430233,354.4627338357477
0.9318805522614377,0.0,0.31637358853816666,0.0,-0.0658138792425138,0.0,4.776102144175387,2.9240696431430235,353.9096597507245
0.9318440319928019,0.0,0.31713258589949966,0.0,-0.06568291052760106,0.0,4.782118200766638,2.9234296431430233,353.36829214841464
0.9318052322469345,0.0,0.3178917670635821,0.0,-0.06554960256527978,0.0,4.788112452861128,2.922789643143023,352.83848880711923
0.9317641626889986,0.0,0.318651116488377,0.0,-0.06541396847291091,0.0,4.794084772644498,2.9221496431430225,352.32010841781585
0.9317208331496561,0.0,0.3194106187052816,0.0,-0.06527602152870286,0.0,4.800035036864965,2.9215096431430223,351.81301059521695
0.9316752536201339,0.0,0.320170258322657,0.0,-0.06513577516559552,0.0,4.805963126805943,2.9208696431430226,351.3170558884012
0.9316274342472977,0.0,0.320930020029258,0.0,-0.06499324296517595,0.0,4.811868928256764,2.920229643143023,350.8321057910888
0.9315773853287396,0.0,0.32168988859756403,0.0,-0.06484843865163,0.0,4.817752331481638,2.9195896431430217,350.3580227514901
0.9315251173078801,0.0,0.32244984888700684,0.0,-0.06470137608573397,0.0,4.823613231186817,2.918949643143021,349.8946701817656
0.9314706407690901,0.0,0.32320988584710864,0.0,-0.06455206925888758,0.0,4.829451526486205,2.9183096431430213,349.44191246707965
0.9314139664328333,0.0,0.32396998452051506,0.0,-0.06440053228719321,0.0,4.835267120865313,2.917669643143021,348.99961497425556
0.9313551051508359,0.0,0.324730130045925,0.0,-0.0642467794055889,0.0,4.8410599221436525,2.917029643143021,348.5676440600473
0.931294067901283,0.0,0.32549030766092957,0.0,-0.06409082496203038,0.0,4.8468298424357235,2.916389643143021,348.1458670789676
0.9312308657840472,0.0,0.3262505027047467,0.0,-0.06393268341173211,0.0,4.852576798110552,2.915749643143021,347.73415239076337
0.9311655100159503,0.0,0.3270107006208525,0.0,-0.06377236931146774,0.0,4.858300709749891,2.9151096431430203,347.33236936747574
0.9310980119260617,0.0,0.32777088695952405,0.0,-0.06360989731393231,0.0,4.864001502105166,2.9144696431430206,346.9403884000873
0.9310283829510356,0.0,0.3285310473802767,0.0,-0.06344528216217107,0.0,4.869679104053197,2.9138296431430204,346.5580809048158
0.9309566346304915,0.0,0.32929116765420324,0.0,-0.0632785386840732,0.0,4.875333448550741,2.913189643143021,346.1853193289526
0.9308827786024352,0.0,0.33005123366622097,0.0,-0.0631096817869397,0.0,4.8809644725879995,2.9125496431430205,345.8219771563877
0.9308068265987296,0.0,0.33081123141721464,0.0,-0.06293872645212127,0.0,4.886572117141022,2.91190964314302,345.4679289126882
0.9307287904406114,0.0,0.3315711470260891,0.0,-0.06276568772973097,0.0,4.892156327123208,2.911269643143019,345.1230501698129
0.9306486820342577,0.0,0.3323309667317273,0.0,-0.06259058073343467,0.0,4.897717051335879,2.9106296431430194,344.78721755047604
0.9305665133664066,0.0,0.3330906768948518,0.0,-0.062413420635318684,0.0,4.903254242418004,2.9099896431430197,344.46030873207553
0.9304822965000309,0.0,0.3338502639997902,0.0,-0.06223422266084038,0.0,4.9087678567951,2.909349643143019,344.1422024503056
0.9303960435700652,0.0,0.3346097146561564,0.0,-0.062053002083857084,0.0,4.91425785462747,2.9087096431430184,343.83277850237823
0.9303077667791948,0.0,0.3353690156004339,0.0,-0.06186977422174063,0.0,4.919724199757698,2.9080696431430186,343.5319177498767
0.9302174783936981,0.0,0.3361281536974712,0.0,-0.061684554430577944,0.0,4.925166859657558,2.907429643143019,343.23950212127227
0.9301251907393514,0.0,0.33688711594189075,0.0,-0.06149735810045427,0.0,4.930585805374351,2.9067896431430187,342.9554146140638
0.9300309161973975,0.0,0.3376458894594082,0.0,-0.06130820065082457,0.0,4.935981011476746,2.906149643143018,342.6795392965787
0.9299346672005704,0.0,0.3384044615080641,0.0,-0.061117097525976986,0.0,4.941352456000099,2.9055096431430183,342.41176130945166
0.92983645622919,0.0,0.3391628194793753,0.0,-0.06092406419057877,0.0,4.946700120391445,2.904869643143018,342.15196686673767
0.9297362958073169,0.0,0.33992095089940116,0.0,-0.060729116125314536,0.0,4.952023989454089,2.9042296431430175,341.900043256706
0.9296341984989747,0.0,0.34067884342972476,0.0,-0.06053226882261908,0.0,4.9573240512918755,2.903589643143017,341.65587884231843
0.9295301769044381,0.0,0.3414364848683574,0.0,-0.060333537782493375,0.0,4.962600297253211,2.9029496431430175,341.4193630613713
0.9294242436565869,0.0,0.3421938631505651,0.0,-0.06013293850841745,0.0,4.967852721874894,2.9023096431430173,341.19038642635394
0.929316411417329,0.0,0.3429509663496141,0.0,-0.059930486503351366,0.0,4.9730813228257205,2.901669643143017,340.96884052394626
0.9292066928740897,0.0,0.34370778267744173,0.0,-0.059726197265831824,0.0,4.9782861008500054,2.901029643143016,340.75461801430083
0.9290951007363719,0.0,0.3444643004852541,0.0,-0.0595200862861568,0.0,4.983467059710989,2.900389643143017,340.5476126299436
0.9289816477323822,0.0,0.34522050826405176,0.0,-0.05931216904266389,0.0,4.9886242061342365,2.899749643143016,340.34771917443527
0.9288663466057283,0.0,0.34597639464508184,0.0,-0.05910246099809957,0.0,4.993757549750987,2.8991096431430163,340.15483352077206
0.9287492101121859,0.0,0.34673194840022437,0.0,-0.058890977596082326,0.0,4.998867103041584,2.8984696431430157,339.9688526094419
0.9286302510165328,0.0,0.3474871584423059,0.0,-0.058677734257653276,0.0,5.003952881278933,2.8978296431430155,339.78967444630405
0.9285094820894558,0.0,0.348242013825351,0.0,-0.05846274637792343,0.0,5.009014902472094,2.8971896431430153,339.61719810013005
0.9283869161045247,0.0,0.3489965037447712,0.0,-0.05824602932280556,0.0,5.014053187310019,2.8965496431430156,339.451323699933
0.9282625658352375,0.0,0.3497506175374849,0.0,-0.058027598425840904,0.0,5.019067759105457,2.8959096431430145,339.29195243205663
0.928136444052134,0.0,0.3505043446819797,0.0,-0.05780746898511455,0.0,5.0240586437390435,2.8952696431430156,339.1389865369895
0.9280085635199793,0.0,0.3512576747983198,0.0,-0.05758565626025743,0.0,5.029025869603682,2.894629643143014,338.9923293059927
0.9278789369950173,0.0,0.35201059764808373,0.0,-0.057362175469540796,0.0,5.033969467549128,2.8939896431430148,338.85188507744795
0.9277475772222907,0.0,0.35276310313426235,0.0,-0.0571370417870561,0.0,5.038889470826955,2.8933496431430137,338.7175592330357
0.9276144969330324,0.0,0.3535151813010838,0.0,-0.05691027033998351,0.0,5.043785915035718,2.8927096431430144,338.589258193693
0.9274797088421212,0.0,0.35426682233380785,0.0,-0.05668187620594172,0.0,5.048658838066629,2.8920696431430133,338.4668894153166
0.9273432256456104,0.0,0.35501801655844245,0.0,-0.05645187441043185,0.0,5.053508280049431,2.8914296431430135,338.3503613843527
0.9272050600183187,0.0,0.3557687544414392,0.0,-0.05622027992435723,0.0,5.05833428329883,2.8907896431430125,338.23958361310645
0.9270652246114913,0.0,0.3565190265893145,0.0,-0.05598710766163357,0.0,5.06313689226121,2.8901496431430136,338.13446663494346
0.9269237320505239,0.0,0.35726882374824886,0.0,-0.055752372476873584,0.0,5.067916153461911,2.8895096431430134,338.0349219992504
0.9267805949327561,0.0,0.3580181368036204,0.0,-0.05551608916316243,0.0,5.07267211545286,2.8888696431430136,337.9408622662662
0.9266358258253262,0.0,0.3587669567795097,0.0,-0.05527827244990532,0.0,5.077404828760753,2.8882296431430134,337.85220100173206
0.9264894372630932,0.0,0.3595152748381558,0.0,-0.055038937000760096,0.0,5.082114345835695,2.8875896431430124,337.7688527713766
0.9263414417466204,0.0,0.36026308227937326,0.0,-0.054798097411645506,0.0,5.086800721000374,2.8869496431430117,337.69073313526667
0.9261918517402218,0.0,0.3610103705399378,0.0,-0.05455576820882346,0.0,5.091464010399775,2.8863096431430115,337.6177586419784
0.9260406796700728,0.0,0.36175713119292097,0.0,-0.05431196384706487,0.0,5.096104271951387,2.8856696431430118,337.54984682268173
0.9258879379223799,0.0,0.36250335594700495,0.0,-0.0540666987078812,0.0,5.100721565296038,2.885029643143011,337.4869161850186
0.9257336388416122,0.0,0.3632490366457511,0.0,-0.05381998709783552,0.0,5.105315951749236,2.8843896431430105,337.4288862069409
0.9255777947287914,0.0,0.3639941652668415,0.0,-0.05357184324692345,0.0,5.109887494253133,2.8837496431430116,337.375677330341
0.9254204178398431,0.0,0.3647387339212927,0.0,-0.05332228130702282,0.0,5.114436257329085,2.8831096431430114,337.3272109546182
0.9252615203840032,0.0,0.36548273485262955,0.0,-0.053071315350417314,0.0,5.118962307030763,2.882469643143011,337.2834094301277
0.9251011145222842,0.0,0.36622616043603856,0.0,-0.0528189593683864,0.0,5.123465710897927,2.881829643143011,337.2441960515134
0.9249392123659947,0.0,0.3669690031774966,0.0,-0.052565227269857275,0.0,5.127946537910826,2.8811896431430104,337.2094950509331
0.9247758259753185,0.0,0.367711255712861,0.0,-0.052310132880132844,0.0,5.132404858445166,2.8805496431430107,337.17923159122813
0.9246109673579427,0.0,0.36845291080695386,0.0,-0.052053689939672854,0.0,5.13684074422779,2.87990964314301,337.15333175895626
0.924444648467745,0.0,0.3691939613526015,0.0,-0.05179591210294829,0.0,5.141254268292907,2.87926964314301,337.13172255739073
0.9242768812035288,0.0,0.36993440036967423,0.0,-0.051536812937346035,0.0,5.14564550493907,2.8786296431430096,337.11433189937975
0.9241076774078142,0.0,0.3706742210040862,0.0,-0.05127640592214513,0.0,5.15001452968672,2.877989643143009,337.1010886002035
0.9239370488656753,0.0,0.37141341652678644,0.0,-0.05101470444754542,0.0,5.154361419236398,2.8773496431430092,337.09192237031687
0.9237650073036311,0.0,0.37215198033273156,0.0,-0.050751721813755625,0.0,5.158686251427675,2.876709643143009,337.0867638080207
0.9235915643885831,0.0,0.37288990593983407,0.0,-0.05048747123013595,0.0,5.162989105198641,2.8760696431430084,337.08554439212696
0.9234167317268015,0.0,0.37362718698789976,0.0,-0.05022196581440088,0.0,5.1672700605461435,2.8754296431430086,337.088196474523
0.9232405208629577,0.0,0.3743638172375501,0.0,-0.04995521859186944,0.0,5.171529198486632,2.8747896431430084,337.0946532726906
0.9230629432792042,0.0,0.3750997905691271,0.0,-0.04968724249477217,0.0,5.175766601017686,2.8741496431430082,337.10484886220877
0.9228840103942964,0.0,0.3758351009815898,0.0,-0.049418050361606916,0.0,5.179982351080193,2.873509643143008,337.1187181691864
0.9227037335627618,0.0,0.3765697425913945,0.0,-0.0491476549365456,0.0,5.1841765325212394,2.872869643143008,337.1361969626672
0.9225221240741113,0.0,0.3773037096313624,0.0,-0.04887606886889131,0.0,5.188349230057544,2.8722296431430077,337.1572218470203
0.9223391931520913,0.0,0.37803699644954286,0.0,-0.048603304712578815,0.0,5.19250052923969,2.871589643143008,337.1817302542577
0.9221549519539773,0.0,0.3787695975080666,0.0,-0.04832937492572303,0.0,5.196630516416944,2.8709496431430073,337.20966043638884
0.9219694115699095,0.0,0.379501507381981,0.0,-0.04805429187021342,0.0,5.2007392787027005,2.8703096431430075,337.2409514577031
0.9217825830222656,0.0,0.38023272075809117,0.0,-0.047778067811351764,0.0,5.204826903940656,2.8696696431430064,337.2755431870447
0.9215944772650734,0.0,0.3809632324337834,0.0,-0.047500714917529725,0.0,5.208893480671566,2.8690296431430076,337.3133762900934
0.9214051051834592,0.0,0.381693037315851,0.0,-0.04722224525995183,0.0,5.212939098100706,2.868389643143007,337.354392221626
0.9212144775931347,0.0,0.3824221304193085,0.0,-0.0469426708123933,0.0,5.216963846065903,2.8677496431430063,337.39853321775934
0.9210226052399179,0.0,0.3831505068662028,0.0,-0.046662003451003464,0.0,5.220967815006283,2.8671096431430056,337.4457422882025
0.9208294987992899,0.0,0.3838781618844237,0.0,-0.046380254954139985,0.0,5.2249510959315835,2.8664696431430063,337.4959632084916
0.9206351688759837,0.0,0.38460509080651084,0.0,-0.04609743700224272,0.0,5.228913780392165,2.865829643143006,337.54914051225455
0.9204396260036088,0.0,0.3853312890684518,0.0,-0.04581356117774577,0.0,5.232855960449566,2.865189643143006,337.6052194834658
0.9202428806443046,0.0,0.38605675220848923,0.0,-0.04552863896501704,0.0,5.236777728647756,2.8645496431430053,337.66414614867324
0.9200449431884287,0.0,0.38678147586591455,0.0,-0.04524268175033986,0.0,5.240679177984939,2.863909643143005,337.72586726931434
0.91984582395427,0.0,0.38750545577987583,0.0,-0.0449557008219178,0.0,5.244560401886007,2.8632696431430045,337.7903303339889
0.919645533187799,0.0,0.38822868778816993,0.0,-0.044667707369917854,0.0,5.248421494175568,2.8626296431430043,337.85748355073713
0.9194440810624396,0.0,0.3889511678260486,0.0,-0.04437871248653773,0.0,5.252262549051585,2.861989643143005,337.92727583937176
0.9192414776788725,0.0,0.3896728919250194,0.0,-0.044088727166108836,0.0,5.256083661059603,2.8613496431430048,337.9996568238262
0.9190377330648651,0.0,0.3903938562116479,0.0,-0.043797762305220915,0.0,5.259884925067555,2.8607096431430032,338.07457682451275
0.918832857175128,0.0,0.39111405690636214,0.0,-0.04350582870287814,0.0,5.263666436241124,2.8600696431430035,338.1519868506907
0.9186268598911955,0.0,0.39183349032226567,0.0,-0.04321293706068005,0.0,5.26742829001971,2.8594296431430033,338.2318385929019
0.9184197510213322,0.0,0.39255215286394857,0.0,-0.042919097983025296,0.0,5.2711705820929655,2.8587896431430035,338.31408441539816
0.918211540300463,0.0,0.3932700410262996,0.0,-0.042624321977344636,0.0,5.274893408377819,2.8581496431430033,338.39867734862366
0.9180022373901277,0.0,0.3939871513933288,0.0,-0.04232861945435374,0.0,5.278596864996116,2.857509643143003,338.48557108171315
0.9177918518784557,0.0,0.3947034806369901,0.0,-0.04203200072832921,0.0,5.282281048252769,2.8568696431430034,338.5747199550294
0.9175803932801633,0.0,0.3954190255160141,0.0,-0.041734476017405236,0.0,5.285946054614474,2.856229643143003,338.66607895275126
0.9173678710365746,0.0,0.39613378287473505,0.0,-0.041436055443895344,0.0,5.28959198068887,2.8555896431430035,338.7596036954734
0.917154294515659,0.0,0.3968477496419387,0.0,-0.04113674903462796,0.0,5.293218923204334,2.8549496431430024,338.8552504328602
0.9169396730120906,0.0,0.3975609228297029,0.0,-0.040836566721305756,0.0,5.296826978990193,2.8543096431430017,338.95297603635447
0.9167240157473273,0.0,0.39827329953224916,0.0,-0.04053551834088238,0.0,5.300416244957468,2.853669643143002,339.05273799187853
0.9165073318697052,0.0,0.3989848769248075,0.0,-0.04023361363595405,0.0,5.303986818080154,2.853029643143002,339.1544943926475
0.9162896304545549,0.0,0.39969565226247433,0.0,-0.0399308622551722,0.0,5.307538795376914,2.852389643143002,339.25820393197375
0.9160709205043316,0.0,0.40040562287909004,0.0,-0.03962727375367085,0.0,5.311072273893317,2.851749643143001,339.3638258961412
0.9158512109487644,0.0,0.401114786186115,0.0,-0.03932285759350689,0.0,5.314587350684507,2.8511096431430007,339.47132015730597
0.9156305106450183,0.0,0.4018231396715222,0.0,-0.03901762314411732,0.0,5.318084122798383,2.850469643143001,339.58064716647664
0.9154088283778754,0.0,0.4025306808986878,0.0,-0.03871157968279215,0.0,5.321562687259174,2.8498296431430004,339.6917679465298
0.9151861728599282,0.0,0.40323740750529635,0.0,-0.038404736395156173,0.0,5.325023141051508,2.849189643143,339.8046440852369
0.9149625527317875,0.0,0.4039433172022533,0.0,-0.038097102375667824,0.0,5.328465581104928,2.8485496431430004,339.9192377284162
0.9147379765623047,0.0,0.40464840777260563,0.0,-0.037788686628127115,0.0,5.331890104278818,2.8479096431429998,340.035511573077
0.9145124528488082,0.0,0.40535267707046696,0.0,-0.03747949806619766,0.0,5.3352968073477465,2.8472696431429996,340.15342886063615
0.9142859900173493,0.0,0.40605612301995986,0.0,-0.03716954551393617,0.0,5.338685786987276,2.846629643143,340.2729533701887
0.9140585964229627,0.0,0.4067587436141607,0.0,-0.036858837706335634,0.0,5.342057139760144,2.8459896431429996,340.394049411835
0.9138302803499392,0.0,0.40746053691405393,0.0,-0.03654738328987711,0.0,5.3454109621028545,2.8453496431429994,340.51668182003607
0.913601050012107,0.0,0.4081615010474984,0.0,-0.03623519082308938,0.0,5.348747350312672,2.8447096431429992,340.64081594709126
0.9133709135531254,0.0,0.4088616342082037,0.0,-0.03592226877711759,0.0,5.352066400535015,2.8440696431429986,340.76641765656007
0.9131398790467896,0.0,0.40956093465470844,0.0,-0.035608625536303014,0.0,5.355368208751209,2.843429643142999,340.89345331686036
0.9129079544973421,0.0,0.41025940070937994,0.0,-0.03529426939876669,0.0,5.35865287076663,2.842789643142998,341.02188979484833
0.9126751478397971,0.0,0.41095703075741274,0.0,-0.034979208577001555,0.0,5.361920482199202,2.842149643142999,341.15169444945644
0.9124414669402705,0.0,0.41165382324584493,0.0,-0.034663451198470877,0.0,5.3651711384682885,2.8415096431429983,341.2828351254467
0.9122069195963213,0.0,0.4123497766825784,0.0,-0.03434700530621408,0.0,5.368404934783878,2.840869643142998,341.41528014712856
0.911971513537299,0.0,0.4130448896354121,0.0,-0.034029878859458476,0.0,5.371621966136169,2.8402296431429974,341.5489983122336
0.9117352564247001,0.0,0.41373916073108435,0.0,-0.033712079734233215,0.0,5.374822327285469,2.839589643142997,341.68395888577163
0.9114981558525295,0.0,0.4144325886543273,0.0,-0.033393615723991826,0.0,5.378006112752435,2.8389496431429975,341.82013159399753
0.911260219347673,0.0,0.41512517214692757,0.0,-0.033074494540237406,0.0,5.381173416808615,2.8383096431429973,341.95748661838036
0.911021454370271,0.0,0.41581691000680143,0.0,-0.03275472381315121,0.0,5.384324333467362,2.8376696431429966,342.09599458970797
0.9107818683141046,0.0,0.41650780108707297,0.0,-0.03243431109222829,0.0,5.387458956474976,2.8370296431429973,342.235626582161
0.9105414685069808,0.0,0.4171978442951743,0.0,-0.03211326384691288,0.0,5.390577379302253,2.8363896431429967,342.37635410752443
0.9103002622111293,0.0,0.4178870385919429,0.0,-0.03179158946723655,0.0,5.393679695136238,2.835749643142997,342.51814910940857
0.9100582566236006,0.0,0.41857538299073815,0.0,-0.03146929526446394,0.0,5.396765996872324,2.835109643142996,342.6609839575366
0.9098154588766706,0.0,0.4192628765565639,0.0,-0.03114638847173498,0.0,5.399836377106621,2.8344696431429957,342.80483144213554
0.9095718760382497,0.0,0.4199495184052031,0.0,-0.030822876244712496,0.0,5.40289092812862,2.833829643142996,342.94966476829245
0.9093275151122946,0.0,0.4206353077023642,0.0,-0.03049876566222974,0.0,5.405929741914103,2.8331896431429957,343.0954575504702
0.9090823830392277,0.0,0.4213202436628287,0.0,-0.030174063726941744,0.0,5.408952910118322,2.832549643142995,343.2421838070273
0.9088364866963565,0.0,0.4220043255496236,0.0,-0.029848777365974747,0.0,5.4119605240694835,2.8319096431429953,343.3898179547788
0.9085898328982976,0.0,0.42268755267319236,0.0,-0.029522913431578653,0.0,5.414952674762422,2.831269643142995,343.53833480369747
0.9083424283974053,0.0,0.42336992439057913,0.0,-0.029196478701779403,0.0,5.417929452852581,2.830629643142995,343.6877095515648
0.9080942798842019,0.0,0.424051440104624,0.0,-0.02886947988103156,0.0,5.420890948650189,2.8299896431429947,343.83791777876536
0.9078453939878098,0.0,0.42473209926317157,0.0,-0.028541923600869733,0.0,5.423837252114722,2.8293496431429945,343.988935443086
0.9075957772763884,0.0,0.4254119013582814,0.0,-0.028213816420562383,0.0,5.426768452849541,2.8287096431429943,344.1407388746195
0.9073454362575711,0.0,0.4260908459254542,0.0,-0.027885164827764816,0.0,5.429684640096824,2.828069643142994,344.2933047706882
0.9070943773789063,0.0,0.4267689325428692,0.0,-0.027555975239167578,0.0,5.432585902732652,2.827429643142995,344.446610190818
0.9068426070282967,0.0,0.42744616083062714,0.0,-0.027226254001149662,0.0,5.435472329262352,2.826789643142994,344.60063255183377
0.9065901315344449,0.0,0.42812253045000603,0.0,-0.026896007390426326,0.0,5.438344007816058,2.8261496431429936,344.75534962291863
0.9063369571672972,0.0,0.42879804110272357,0.0,-0.026565241614699128,0.0,5.441201026144421,2.825509643142994,344.91073952080626
0.9060830901384891,0.0,0.42947269253021536,0.0,-0.0262339628133013,0.0,5.4440434716146,2.824869643142993,345.0667807049984
0.9058285366017922,0.0,0.43014648451291587,0.0,-0.02590217705784263,0.0,5.446871431206388,2.824229643142993,345.2234519730182
0.9055733026535615,0.0,0.4308194168695544,0.0,-0.025569890352854625,0.0,5.449684991508544,2.8235896431429928,345.380732455769
0.9053173943331844,0.0,0.4314914894564555,0.0,-0.02523710863643021,0.0,5.452484238715319,2.822949643142992,345.5386016129105
0.9050608176235293,0.0,0.4321627021668544,0.0,-0.024903837780864326,0.0,5.45526925862316,2.8223096431429924,345.69703922829785
0.9048035784513931,0.0,0.43283305493021956,0.0,-0.024570083593289497,0.0,5.458040136627604,2.8216696431429917,345.8560254054595
0.9045456826879528,0.0,0.4335025477115813,0.0,-0.024235851816312753,0.0,5.460796957720294,2.821029643142992,346.0155405631947
0.9042871361492125,0.0,0.43417118051087583,0.0,-0.02390114812864499,0.0,5.46353980648623,2.820389643142992,346.17556543111766
0.9040279445964534,0.0,0.43483895336229433,0.0,-0.023565978145732403,0.0,5.4662687671011465,2.8197496431429916,346.3360810453711
0.9037681137366831,0.0,0.4355058663336418,0.0,-0.023230347420382703,0.0,5.468983923329046,2.8191096431429914,346.49706874428625
0.9035076492230824,0.0,0.4361719195257049,0.0,-0.02289426144338844,0.0,5.471685358519894,2.8184696431429908,346.6585101641789
0.9032465566554542,0.0,0.4368371130716325,0.0,-0.022557725644146976,0.0,5.474373155607477,2.817829643142991,346.8203872351553
0.9029848415806706,0.0,0.437501447136317,0.0,-0.022220745391279932,0.0,5.477047397107385,2.8171896431429917,346.9826821769709
0.9027225094931179,0.0,0.4381649219157951,0.0,-0.021883325993245585,0.0,5.479708165115163,2.8165496431429906,347.14537749496185
0.9024595658351439,0.0,0.43882753763664645,0.0,-0.021545472698950165,0.0,5.482355541304561,2.8159096431429904,347.30845597600813
0.9021960159975008,0.0,0.4394892945554095,0.0,-0.021207190698357338,0.0,5.484989606925969,2.81526964314299,347.47190068453847
0.9019318653197886,0.0,0.44015019295800295,0.0,-0.02086848512308697,0.0,5.487610442804958,2.81462964314299,347.63569495863425
0.9016671190908977,0.0,0.44081023315915263,0.0,-0.02052936104702225,0.0,5.490218129340925,2.81398964314299,347.79982240611525
0.9014017825494494,0.0,0.4414694155018318,0.0,-0.020189823486901393,0.0,5.4928127465059156,2.813349643142989,347.9642669007286
0.9011358608842339,0.0,0.4421277403567084,0.0,-0.019849877402911706,0.0,5.495394373843519,2.812709643142989,348.1290125783595
0.9008693592346507,0.0,0.4427852081215964,0.0,-0.019509527699279505,0.0,5.497963090467907,2.8120696431429892,348.2940438333061
0.9006022826911418,0.0,0.44344181922092274,0.0,-0.019168779224853796,0.0,5.500518975062983,2.811429643142989,348.4593453145619
0.9003346362956277,0.0,0.44409757410519524,0.0,-0.01882763677368979,0.0,5.503062105881621,2.8107896431429884,348.6249019222396
0.9000664250419402,0.0,0.4447524732504826,0.0,-0.018486105085623507,0.0,5.505592560745054,2.8101496431429887,348.7906988039124
0.8997976538762529,0.0,0.44540651715790186,0.0,-0.018144188846845943,0.0,5.508110417042319,2.809509643142989,348.95672135111226
0.8995283276975092,0.0,0.4460597063531133,0.0,-0.017801892690471936,0.0,5.510615751729846,2.808869643142989,349.12295519581187
0.8992584513578512,0.0,0.4467120413858215,0.0,-0.017459221197105104,0.0,5.513108641331108,2.808229643142988,349.28938620699114
0.8989880296630435,0.0,0.4473635228292862,0.0,-0.017116178895398914,0.0,5.515589161936383,2.8075896431429874,349.4560004872004
0.8987170673728967,0.0,0.4480141512798388,0.0,-0.016772770262612445,0.0,5.51805738920263,2.8069496431429872,349.62278436922816
0.8984455692016865,0.0,0.44866392735641014,0.0,-0.016428999725162197,0.0,5.5205133983534,2.8063096431429875,349.7897244127781
0.8981735398185747,0.0,0.4493128517000604,0.0,-0.016084871659170413,0.0,5.522957264178902,2.8056696431429873,349.95680740116427
0.8979009838480235,0.0,0.44996092497352047,0.0,-0.015740390391009502,0.0,5.5253890610360905,2.8050296431429875,350.1240203381068
0.8976279058702094,0.0,0.45060814786073855,0.0,-0.01539556019783727,0.0,5.527808862848877,2.804389643142987,350.29135044455916
0.8973543104214364,0.0,0.45125452106643316,0.0,-0.015050385308137591,0.0,5.530216743108407,2.8037496431429867,350.45878515553125
0.8970802019945444,0.0,0.4519000453156554,0.0,-0.014704869902245309,0.0,5.532612774873397,2.8031096431429865,350.62631211697766
0.8968055850393145,0.0,0.45254472135335755,0.0,-0.01435901811287472,0.0,5.534997030770578,2.802469643142986,350.7939191827957
0.8965304639628752,0.0,0.4531885499439669,0.0,-0.014012834025641383,0.0,5.5373695829951854,2.8018296431429857,350.96159441173324
0.8962548431301036,0.0,0.45383153187096736,0.0,-0.013666321679576716,0.0,5.539730503311525,2.8011896431429855,351.129326064451
0.8959787268640241,0.0,0.4544736679364885,0.0,-0.01331948506764318,0.0,5.542079863053612,2.8005496431429857,351.297102600579
0.8957021194462054,0.0,0.45511495896090143,0.0,-0.012972328137241229,0.0,5.544417733125867,2.799909643142986,351.46491267579137
0.8954250251171533,0.0,0.45575540578241885,0.0,-0.01262485479070975,0.0,5.5467441840038765,2.799269643142985,351.6327451389898
0.8951474480767041,0.0,0.45639500925670323,0.0,-0.012277068885831584,0.0,5.5490592857352254,2.798629643142985,351.8005890294479
0.8948693924844127,0.0,0.4570337702564808,0.0,-0.011928974236323442,0.0,5.551363107940358,2.797989643142985,351.96843357402054
0.8945908624599366,0.0,0.4576716896711645,0.0,-0.011580574612326089,0.0,5.5536557198135394,2.7973496431429847,352.1362681844307
0.8943118620834212,0.0,0.4583087684064777,0.0,-0.011231873740890573,0.0,5.555937190123827,2.796709643142984,352.3040824545411
0.8940323953958801,0.0,0.45894500738408783,0.0,-0.010882875306460739,0.0,5.558207587216132,2.7960696431429843,352.4718661576887
0.8937524663995718,0.0,0.4595804075412465,0.0,-0.01053358295134726,0.0,5.560466979012291,2.7954296431429846,352.6396092440501
0.8934720790583756,0.0,0.46021496983043464,0.0,-0.010184000276201246,0.0,5.562715433012247,2.7947896431429844,352.80730183804496
0.8931912372981633,0.0,0.4608486952190103,0.0,-0.009834130840481093,0.0,5.564953016295202,2.7941496431429833,352.9749342357657
0.8929099450071695,0.0,0.46148158468886663,0.0,-0.00948397816291769,0.0,5.567179795520875,2.793509643142984,353.1424969024708
0.8926282060363562,0.0,0.46211363923609616,0.0,-0.009133545721969295,0.0,5.569395836930783,2.7928696431429834,353.30998047006386
0.8923460241997794,0.0,0.46274485987065384,0.0,-0.008782836956280314,0.0,5.571601206349552,2.792229643142983,353.4773757346688
0.8920634032749469,0.0,0.46337524761603555,0.0,-0.008431855265125698,0.0,5.573795969186291,2.791589643142983,353.6446736541789
0.8917803470031783,0.0,0.46400480350895373,0.0,-0.008080604008861542,0.0,5.575980190435992,2.790949643142983,353.81186534589864
0.8914968590899602,0.0,0.46463352859902063,0.0,-0.0077290865093628805,0.0,5.57815393468095,2.790309643142983,353.97894208414726
0.8912129432052983,0.0,0.4652614239484404,0.0,-0.007377306050462766,0.0,5.5803172660922735,2.789669643142983,354.1458952979697
0.8909286029840658,0.0,0.465888490631703,0.0,-0.00702526587838038,0.0,5.582470248431368,2.789029643142982,354.31271656882853
0.8906438420263519,0.0,0.46651472973528196,0.0,-0.006672969202153485,0.0,5.584612945051476,2.788389643142982,354.47939762835176
0.8903586638978045,0.0,0.46714014235734225,0.0,-0.006320419194060271,0.0,5.586745418899275,2.787749643142982,354.64593035610716
0.890073072129971,0.0,0.4677647296074476,0.0,-0.005967618990036126,0.0,5.588867732516451,2.787109643142982,354.81230677739666
0.8897870702206365,0.0,0.4683884926062779,0.0,-0.0056145716900921905,0.0,5.590979948041362,2.786469643142981,354.97851906110407
0.8895006616341604,0.0,0.46901143248534477,0.0,-0.005261280358725458,0.0,5.593082127210663,2.7858296431429816,355.14455951755747
0.8892138498018054,0.0,0.46963355038672255,0.0,-0.004907748025322334,0.0,5.595174331361043,2.7851896431429806,355.3104205964137
0.8889266381220711,0.0,0.47025484746277013,0.0,-0.004553977684564054,0.0,5.597256621430891,2.784549643142981,355.47609488459346
0.8886390299610167,0.0,0.4708753248758707,0.0,-0.004199972296822201,0.0,5.59932905796205,2.7839096431429806,355.64157510423837
0.8883510286525885,0.0,0.4714949837981652,0.0,-0.003845734788556944,0.0,5.601391701101587,2.783269643142981,355.8068541106934
0.8880626374989367,0.0,0.47211382541130165,0.0,-0.00349126805269887,0.0,5.603444610603558,2.7826296431429802,355.9719248905068
0.8877738597707377,0.0,0.47273185090617453,0.0,-0.0031365749490426813,0.0,5.605487845830819,2.7819896431429805,356.1367805594787
0.8874846987075063,0.0,0.4733490614826843,0.0,-0.002781658304623647,0.0,5.6075214657568555,2.78134964314298,356.301414360741
0.8871951575179094,0.0,0.47396545834948794,0.0,-0.0024265209140971636,0.0,5.609545528967605,2.78070964314298,356.46581966282855
0.886905239380075,0.0,0.4745810427237621,0.0,-0.0020711655401103655,0.0,5.611560093663332,2.780069643142979,356.62998995782164
0.8866149474419002,0.0,0.4751958158309664,0.0,-0.001715594913674012,0.0,5.613565217660491,2.779429643142979,356.7939188594925
0.8863242848213542,0.0,0.47580977890461124,0.0,-0.0013598117345260809,0.0,5.615560958393625,2.7787896431429786,356.95760010145517
0.8860332546067788,0.0,0.47642293318603546,0.0,-0.0010038186714915423,0.0,5.617547372917284,2.7781496431429784,357.12102753540546
0.8857418598571886,0.0,0.47703527992417577,0.0,-0.0006476183628442251,0.0,5.6195245179079105,2.7775096431429787,357.2841951293371
0.8854501036025662,0.0,0.4776468203753525,0.0,-0.00029121341665521393,0.0,5.621492449665806,2.776869643142979,357.4470969657553
0.8851579888441536,0.0,0.4782575558030522,0.0,6.53935888521867e-5,0.0,5.623451224117066,2.7762296431429783,357.60972724002255
0.8848655185547447,0.0,0.4788674874777167,0.0,0.000422200104961626,0.0,5.625400896815537,2.7755896431429785,357.77208025860745
0.8845726956789711,0.0,0.4794766166765339,0.0,0.0007792036121185401,0.0,5.627341522944773,2.7749496431429774,357.9341504374234
0.8842795231335886,0.0,0.4800849446832342,0.0,0.0011364016195913428,0.0,5.6292731573200285,2.774309643142978,358.0959323001931
0.8839860038077554,0.0,0.48069247278789284,0.0,0.0014937916651407831,0.0,5.631195854390251,2.7736696431429775,358.2574204768169
0.883692140563317,0.0,0.4812992022867266,0.0,0.0018513713146845457,0.0,5.633109668240052,2.7730296431429773,358.4186097017506
0.883397936235079,0.0,0.48190513448190603,0.0,0.0022091381619735143,0.0,5.635014652591737,2.772389643142977,358.57949481245186
0.883103393631082,0.0,0.48251027068136243,0.0,0.002567089828266772,0.0,5.636910860807299,2.7717496431429773,358.7400707478191
0.8828085155328733,0.0,0.48311461219860385,0.0,0.002925223962012509,0.0,5.638798345890441,2.7711096431429763,358.9003325466321
0.8825133046957763,0.0,0.48371816035252724,0.0,0.00328353823852955,0.0,5.640677160488605,2.7704696431429765,359.0602753460807
0.8822177638491552,0.0,0.48432091646724384,0.0,0.0036420303596986004,0.0,5.642547356894984,2.7698296431429763,359.2198943802496
0.8819218956966802,0.0,0.4849228818718992,0.0,0.00400069805365059,0.0,5.644408987050576,2.7691896431429757,359.37918497862245
0.8816257029165869,0.0,0.4855240579005006,0.0,0.004359539074459562,0.0,5.646262102546202,2.768549643142976,359.5381425647091
0.8813291881619367,0.0,0.48612444589174747,0.0,0.004718551201845761,0.0,5.648106754624564,2.7679096431429757,359.6967626545336
0.8810323540608705,0.0,0.48672404718886286,0.0,0.005077732240870966,0.0,5.6499429941822665,2.767269643142976,359.85504085528385
0.880735203216863,0.0,0.48732286313943096,0.0,0.005437080021647351,0.0,5.651770871771891,2.766629643142975,360.0129728639191
0.8804377382089758,0.0,0.4879208950952332,0.0,0.005796592399040933,0.0,5.65359043760401,2.765989643142975,360.17055446576904
0.8801399615921015,0.0,0.4885181444120934,0.0,0.006156267252389846,0.0,5.65540174154926,2.765349643142975,360.3277815332323
0.8798418758972133,0.0,0.48911461244972004,0.0,0.0065161024852120174,0.0,5.65720483314039,2.7647096431429747,360.4846500244191
0.8795434836316061,0.0,0.489710300571556,0.0,0.0068760960249283475,0.0,5.658999761574301,2.7640696431429745,360.641155981861
0.8792447872791395,0.0,0.4903052101446261,0.0,0.007236245822579433,0.0,5.660786575714102,2.7634296431429743,360.79729553120626
0.8789457893004743,0.0,0.49089934253939327,0.0,0.007596549852554936,0.0,5.662565324091162,2.7627896431429737,360.9530648799657
0.8786464921333109,0.0,0.4914926991296119,0.0,0.0079570061123156,0.0,5.664336054907155,2.7621496431429744,361.1084603162542
0.8783468981926207,0.0,0.49208528129219004,0.0,0.008317612622130516,0.0,5.6660988160361105,2.7615096431429733,361.26347820755296
0.8780470098708802,0.0,0.4926770904070446,0.0,0.008678367424803327,0.0,5.667853655026459,2.7608696431429736,361.41811499950984
0.8777468295382985,0.0,0.4932681278569716,0.0,0.009039268585415537,0.0,5.669600619103072,2.760229643142974,361.57236721471645
0.8774463595430432,0.0,0.49385839502750983,0.0,0.009400314191065403,0.0,5.671339755169318,2.7595896431429727,361.72623145155325
0.8771456022114678,0.0,0.49444789330680744,0.0,0.00976150235060618,0.0,5.673071109809075,2.7589496431429734,361.8797043830068
0.8768445598483304,0.0,0.4950366240854979,0.0,0.01012283119439942,0.0,5.674794729288794,2.7583096431429728,362.0327827555373
0.8765432347370173,0.0,0.4956245887565696,0.0,0.010484298874057886,0.0,5.6765106595595185,2.7576696431429726,362.1854633879409
0.8762416291397568,0.0,0.49621178871524574,0.0,0.010845903562200426,0.0,5.67821894625891,2.757029643142972,362.33774317024887
0.8759397452978382,0.0,0.49679822535885887,0.0,0.011207643452207015,0.0,5.679919634713277,2.7563896431429726,362.4896190625931
0.8756375854318222,0.0,0.49738390008673594,0.0,0.011569516757974277,0.0,5.681612769939598,2.755749643142971,362.64108809418576
0.8753351517417532,0.0,0.4979688143000776,0.0,0.011931521713678409,0.0,5.6832983966475314,2.7551096431429714,362.79214736222553
0.8750324464073694,0.0,0.49855296940184574,0.0,0.012293656573537398,0.0,5.68497655924143,2.754469643142972,362.94279403079327
0.8747294715883059,0.0,0.4991363667966518,0.0,0.012655919611576697,0.0,5.68664730182234,2.7538296431429705,363.0930253299224
0.8744262294243034,0.0,0.4997190078906429,0.0,0.013018309121399764,0.0,5.688310668190013,2.7531896431429708,363.24283855450204
0.8741227220354075,0.0,0.5003008940913983,0.0,0.013380823415956805,0.0,5.68996670184489,2.7525496431429706,363.3922310632993
0.873818951522171,0.0,0.5008820268078193,0.0,0.013743460827321934,0.0,5.691615445990087,2.7519096431429704,363.5412002779685
0.873514919965851,0.0,0.5014624074500287,0.0,0.014106219706469319,0.0,5.693256943533391,2.7512696431429706,363.68974368206744
0.873210629428605,0.0,0.5020420374292657,0.0,0.014469098423052103,0.0,5.694891237089231,2.75062964314297,363.83785882011665
0.8729060819536866,0.0,0.5026209181577866,0.0,0.014832095365183774,0.0,5.696518368980626,2.7499896431429702,363.985543296626
0.8726012795656348,0.0,0.50319905104877,0.0,0.015195208939226308,0.0,5.698138381241182,2.74934964314297,364.13279477517784
0.8722962242704674,0.0,0.5037764375162163,0.0,0.015558437569574323,0.0,5.699751315617025,2.74870964314297,364.27961097750983
0.8719909180558671,0.0,0.504353078974854,0.0,0.01592177969844436,0.0,5.701357213568752,2.74806964314297,364.42598968259404
0.8716853628913669,0.0,0.5049289768400516,0.0,0.016285233785671132,0.0,5.702956116273374,2.7474296431429694,364.57192872577053
0.8713795607285368,0.0,0.5055041325277209,0.0,0.016648798308498653,0.0,5.704548064626256,2.74678964314297,364.7174259978257
0.8710735135011634,0.0,0.5060785474542342,0.0,0.01701247176137951,0.0,5.706133099243037,2.74614964314297,364.8624794441702
0.8707672231254323,0.0,0.5066522230363325,0.0,0.01737625265577299,0.0,5.707711260461535,2.7455096431429693,365.0070870639491
0.8704606915001052,0.0,0.5072251606910423,0.0,0.017740139519947816,0.0,5.709282588343682,2.7448696431429687,365.1512469092522
0.8701539205066973,0.0,0.5077973618355929,0.0,0.018104130898788765,0.0,5.710847122677406,2.7442296431429676,365.2949570841869
0.8698469120096511,0.0,0.5083688278873321,0.0,0.018468225353597927,0.0,5.712404902978534,2.743589643142968,365.43821574418274
0.869539667856511,0.0,0.5089395602636474,0.0,0.01883242146190797,0.0,5.71395596849267,2.7429496431429685,365.5810210951014
0.869232189878091,0.0,0.5095095603818903,0.0,0.019196717817295615,0.0,5.715500358197081,2.7423096431429683,365.72337139246497
0.8689244798886478,0.0,0.5100788296592924,0.0,0.019561113029187966,0.0,5.717038110802559,2.741669643142968,365.8652649406885
0.8686165396860452,0.0,0.5106473695128966,0.0,0.01992560572268505,0.0,5.718569264755275,2.741029643142968,366.0067000922878
0.868308371051922,0.0,0.5112151813594787,0.0,0.020290194538374228,0.0,5.720093858238637,2.7403896431429673,366.1476752471417
0.8679999757518542,0.0,0.5117822666154779,0.0,0.020654878132150063,0.0,5.721611929175132,2.7397496431429675,366.2881888517394
0.8676913555355177,0.0,0.5123486266969248,0.0,0.02101965517504081,0.0,5.723123515228152,2.739109643142967,366.4282393984106
0.8673825121368492,0.0,0.5129142630193709,0.0,0.021384524353027012,0.0,5.72462865380382,2.7384696431429667,366.56782542466203
0.8670734472742043,0.0,0.5134791769978232,0.0,0.021749484366872563,0.0,5.726127382052807,2.7378296431429665,366.7069455124133
0.8667641626505151,0.0,0.5140433700466736,0.0,0.022114533931950713,0.0,5.727619736872129,2.7371896431429663,366.84559828730113
0.8664546599534447,0.0,0.5146068435796392,0.0,0.022479671778076634,0.0,5.729105754906952,2.736549643142966,366.98378241799696
0.8661449408555423,0.0,0.5151695990096921,0.0,0.022844896649337705,0.0,5.730585472552365,2.7359096431429664,367.12149661552115
0.8658350070143933,0.0,0.5157316377490025,0.0,0.023210207303930582,0.0,5.732058925955165,2.735269643142966,367.25873963255873
0.8655248600727719,0.0,0.5162929612088749,0.0,0.023575602513997644,0.0,5.733526151015634,2.734629643142965,367.39551026277655
0.8652145016587889,0.0,0.5168535707996864,0.0,0.023941081065462444,0.0,5.7349871833892685,2.7339896431429658,367.53180734024147
0.8649039333860384,0.0,0.5174134679308323,0.0,0.024306641757874704,0.0,5.736442058488543,2.7333496431429656,367.6676297386888
0.8645931568537452,0.0,0.5179726540106654,0.0,0.02467228340425035,0.0,5.7378908114846565,2.7327096431429654,367.802976370932
0.864282173646907,0.0,0.5185311304464413,0.0,0.02503800483091535,0.0,5.739333477309242,2.7320696431429647,367.9378461882313
0.8639709853364378,0.0,0.5190888986442634,0.0,0.02540380487735515,0.0,5.740770090656097,2.731429643142965,368.07223817967076
0.8636595934793103,0.0,0.5196459600090283,0.0,0.025769682396056953,0.0,5.7422006859828825,2.730789643142965,368.2061513715613
0.863347999618693,0.0,0.5202023159443742,0.0,0.026135636252365844,0.0,5.7436252975128275,2.730149643142964,368.33958482683704
0.8630362052840905,0.0,0.5207579678526284,0.0,0.02650166532433308,0.0,5.745043959236416,2.7295096431429635,368.47253764444304
0.8627242119914785,0.0,0.5213129171347582,0.0,0.026867768502569566,0.0,5.746456704913061,2.7288696431429633,368.60500895878994
0.8624120212434407,0.0,0.521867165190321,0.0,0.0272339446901019,0.0,5.7478635680727805,2.7282296431429636,368.73699793916444
0.8620996345292999,0.0,0.5224207134174162,0.0,0.027600192802230084,0.0,5.749264582017844,2.727589643142964,368.8685037891616
0.8617870533252532,0.0,0.5229735632126387,0.0,0.02796651176638461,0.0,5.750659779824435,2.7269496431429623,368.99952574612365
0.8614742790945012,0.0,0.5235257159710311,0.0,0.028332900521987035,0.0,5.752049194344278,2.7263096431429625,369.13006308062035
0.8611613132873778,0.0,0.5240771730860413,0.0,0.028699358020312857,0.0,5.7534328582062635,2.725669643142963,369.2601150958716
0.8608481573414777,0.0,0.5246279359494767,0.0,0.029065883224355694,0.0,5.754810803818085,2.725029643142963,369.3896811272457
0.8605348126817841,0.0,0.5251780059514629,0.0,0.02943247510869091,0.0,5.756183063367829,2.724389643142962,369.51876054171123
0.8602212807207948,0.0,0.5257273844803979,0.0,0.029799132659343117,0.0,5.7575496688255665,2.723749643142962,369.6473527373471
0.859907562858643,0.0,0.5262760729229168,0.0,0.03016585487365604,0.0,5.758910651944969,2.7231096431429616,369.7754571428077
0.8595936604832237,0.0,0.5268240726638466,0.0,0.030532640760161555,0.0,5.7602660442648554,2.7224696431429622,369.90307321683156
0.8592795749703132,0.0,0.5273713850861702,0.0,0.030899489338450162,0.0,5.76161587711078,2.721829643142962,370.03020044776036
0.8589653076836882,0.0,0.527918011570987,0.0,0.031266399639047884,0.0,5.762960181596587,2.721189643142961,370.1568383530415
0.8586508599752479,0.0,0.528463953497475,0.0,0.03163337070328649,0.0,5.764298988625939,2.7205496431429617,370.28298647873305
0.8583362331851281,0.0,0.5290092122428547,0.0,0.032000401583182736,0.0,5.765632328893878,2.7199096431429615,370.4086443990619
0.8580214286418193,0.0,0.5295537891823554,0.0,0.03236749134131597,0.0,5.7669602328883425,2.719269643142961,370.53381171593696
0.8577064476622811,0.0,0.5300976856891771,0.0,0.032734639050706005,0.0,5.768282730891684,2.7186296431429606,370.65848805850135
0.8573912915520567,0.0,0.5306409031344581,0.0,0.03310184379469356,0.0,5.769599852982178,2.7179896431429604,370.78267308267164
0.8570759616053845,0.0,0.531183442887243,0.0,0.03346910466682523,0.0,5.770911629035506,2.7173496431429607,370.9063664707007
0.8567604591053098,0.0,0.5317253063144491,0.0,0.03383642077073347,0.0,5.77221808872627,2.71670964314296,371.02956793073224
0.8564447853237956,0.0,0.5322664947808351,0.0,0.034203791220023205,0.0,5.773519261529447,2.71606964314296,371.1522771963824
0.8561289415218316,0.0,0.5328070096489695,0.0,0.03457121513815751,0.0,5.774815176721854,2.71542964314296,371.27449402628883
0.8558129289495403,0.0,0.5333468522792032,0.0,0.034938691658346704,0.0,5.776105863383631,2.71478964314296,371.3962182037366
0.855496748846286,0.0,0.5338860240296371,0.0,0.03530621992343564,0.0,5.777391350399658,2.7141496431429597,371.5174495361743
0.8551804024407798,0.0,0.5344245262560954,0.0,0.035673799085793365,0.0,5.7786716664610065,2.713509643142959,371.6381878548792
0.8548638909511824,0.0,0.5349623603120977,0.0,0.03604142830720717,0.0,5.779946840066369,2.7128696431429593,371.75843301451647
0.8545472155852091,0.0,0.5354995275488322,0.0,0.036409106758774824,0.0,5.781216899523475,2.7122296431429587,371.87818489273894
0.8542303775402321,0.0,0.5360360293151276,0.0,0.03677683362079659,0.0,5.7824818729504885,2.7115896431429585,371.99744338984493
0.8539133780033804,0.0,0.5365718669574292,0.0,0.03714460808267301,0.0,5.7837417882774185,2.710949643142959,372.1162084283354
0.8535962181516408,0.0,0.5371070418197739,0.0,0.03751242934280137,0.0,5.7849966732475036,2.710309643142958,372.23447995255384
0.8532788991519563,0.0,0.5376415552437638,0.0,0.03788029660847213,0.0,5.786246555418582,2.7096696431429583,372.35225792835865
0.8529614221613252,0.0,0.5381754085685452,0.0,0.03824820909576975,0.0,5.7874914621644775,2.7090296431429577,372.46954234268077
0.8526437883268958,0.0,0.5387086031307836,0.0,0.03861616602947228,0.0,5.7887314206763465,2.7083896431429575,372.58633320322747
0.8523259987860644,0.0,0.5392411402646419,0.0,0.038984166642952844,0.0,5.789966457964022,2.7077496431429564,372.70263053809424
0.8520080546665696,0.0,0.5397730213017579,0.0,0.039352210178082825,0.0,5.791196600857366,2.7071096431429575,372.8184343954233
0.8516899570865845,0.0,0.540304247571225,0.0,0.03972029588513501,0.0,5.792421876007594,2.706469643142957,372.93374484304
0.8513717071548119,0.0,0.5408348203995689,0.0,0.040088423022689355,0.0,5.793642309888595,2.7058296431429567,373.04856196814967
0.8510533059705745,0.0,0.5413647411107296,0.0,0.040456590857539436,0.0,5.794857928798247,2.705189643142956,373.16288587697414
0.8507347546239071,0.0,0.5418940110260402,0.0,0.04082479866459744,0.0,5.796068758859712,2.7045496431429563,373.27671669440707
0.8504160541956446,0.0,0.5424226314642097,0.0,0.041193045726806224,0.0,5.797274826022736,2.703909643142956,373.39005456372513
0.850097205757513,0.0,0.5429506037413031,0.0,0.04156133133504565,0.0,5.798476156064924,2.703269643142956,373.5028996462716
0.8497782103722157,0.0,0.5434779291707246,0.0,0.04192965478804482,0.0,5.799672774593021,2.702629643142956,373.6152521210854
0.8494590690935213,0.0,0.5440046090631999,0.0,0.04229801539229325,0.0,5.800864707044179,2.701989643142955,373.7271121846369
0.8491397829663507,0.0,0.5445306447267584,0.0,0.0426664124619524,0.0,5.802051978687197,2.701349643142955,373.83848005052056
0.8488203530268607,0.0,0.5450560374667179,0.0,0.0430348453187716,0.0,5.803234614623778,2.7007096431429556,373.94935594911425
0.8485007803025277,0.0,0.5455807885856707,0.0,0.043403313292002185,0.0,5.804412639789785,2.700069643142955,374.0597401273519
0.8481810658122348,0.0,0.5461048993834637,0.0,0.04377181571831084,0.0,5.805586078956417,2.6994296431429543,374.1696328483387
0.8478612105663508,0.0,0.5466283711571865,0.0,0.0441403519416986,0.0,5.806754956731487,2.698789643142955,374.27903439115175
0.8475412155668125,0.0,0.5471512052011583,0.0,0.044508921313420276,0.0,5.80791929756059,2.6981496431429544,374.3879450504671
0.8472210818072063,0.0,0.5476734028069107,0.0,0.044877523191898284,0.0,5.809079125728325,2.6975096431429546,374.4963651363862
0.846900810272848,0.0,0.5481949652631776,0.0,0.04524615694264747,0.0,5.810234465359483,2.696869643142954,374.60429497404317
0.8465804019408624,0.0,0.5487158938558782,0.0,0.04561482193819024,0.0,5.811385340420224,2.6962296431429538,374.7117349034483
0.8462598577802599,0.0,0.549236189868108,0.0,0.045983517557984126,0.0,5.812531774719253,2.695589643142954,374.81868527909285
0.8459391787520157,0.0,0.5497558545801261,0.0,0.046352243188340865,0.0,5.813673791908993,2.694949643142953,374.92514646980106
0.845618365809145,0.0,0.550274889269342,0.0,0.046720998222349125,0.0,5.814811415486742,2.694309643142953,375.0311188584342
0.8452974198967802,0.0,0.5507932952103053,0.0,0.047089782059800515,0.0,5.815944668795803,2.693669643142952,375.1366028415709
0.844976341952245,0.0,0.5513110736746945,0.0,0.04745859410711448,0.0,5.817073575026649,2.6930296431429523,375.24159882935487
0.8446551329051294,0.0,0.5518282259313062,0.0,0.04782743377726361,0.0,5.818198157218035,2.6923896431429526,375.3461072451664
0.8443337936773613,0.0,0.5523447532460475,0.0,0.04819630048970265,0.0,5.81931843825813,2.691749643142952,375.45012852542635
0.8440123251832818,0.0,0.5528606568819219,0.0,0.0485651936702933,0.0,5.820434440885634,2.691109643142952,375.5536631193423
0.8436907283297159,0.0,0.5533759380990237,0.0,0.04893411275123392,0.0,5.821546187690865,2.690469643142952,375.65671148865334
0.8433690040160425,0.0,0.5538905981545269,0.0,0.04930305717099164,0.0,5.822653701116881,2.6898296431429514,375.7592741074109
0.8430471531342667,0.0,0.5544046383026783,0.0,0.04967202637422856,0.0,5.823757003460559,2.6891896431429516,375.8613514617463
0.8427251765690885,0.0,0.5549180597947877,0.0,0.05004101981173675,0.0,5.824856116873664,2.6885496431429514,375.96294404965465
0.8424030751979724,0.0,0.5554308638792207,0.0,0.050410036940367026,0.0,5.825951063363936,2.687909643142951,376.064052380741
0.8420808498912136,0.0,0.5559430518013918,0.0,0.0507790772229646,0.0,5.827041864796159,2.687269643142951,376.164676976029
0.8417585015120091,0.0,0.5564546248037557,0.0,0.0511481401282986,0.0,5.828128542893196,2.6866296431429504,376.2648183677168
0.8414360309165216,0.0,0.556965584125801,0.0,0.05151722513100053,0.0,5.8292111192370575,2.6859896431429506,376.3644770990364
0.8411134389539462,0.0,0.5574759310040444,0.0,0.05188633171149939,0.0,5.830289615269932,2.6853496431429504,376.46365372390125
0.840790726466576,0.0,0.5579856666720244,0.0,0.052255459355952834,0.0,5.831364052295219,2.6847096431429502,376.5623488068461
0.8404678942898675,0.0,0.558494792360295,0.0,0.05262460755618911,0.0,5.832434451478559,2.68406964314295,376.66056292273885
0.840144943252504,0.0,0.559003309296418,0.0,0.05299377580964198,0.0,5.833500833848834,2.6834296431429503,376.7582966565805
0.8398218741764578,0.0,0.559511218704962,0.0,0.05336296361928892,0.0,5.834563220299202,2.68278964314295,376.8555506033801
0.839498687877056,0.0,0.5600185218074943,0.0,0.05373217049358882,0.0,5.835621631588076,2.6821496431429495,376.9523253678583
0.8391753851630398,0.0,0.5605252198225761,0.0,0.05410139594642558,0.0,5.836676088340122,2.6815096431429493,377.0486215643056
0.8388519668366268,0.0,0.56103131396576,0.0,0.054470639497043345,0.0,5.8377266110472545,2.6808696431429486,377.14443981640835
0.8385284336935727,0.0,0.5615368054495828,0.0,0.05483990066999016,0.0,5.838773220069596,2.680229643142949,377.2397807570335
0.838204786523229,0.0,0.5620416954835664,0.0,0.05520917899505947,0.0,5.83981593563648,2.6795896431429487,377.33464502805003
0.8378810261086062,0.0,0.5625459852742093,0.0,0.05557847400723243,0.0,5.840854777847363,2.678949643142949,377.42903328014194
0.837557153226429,0.0,0.5630496760249848,0.0,0.05594778524662012,0.0,5.84188976667284,2.678309643142948,377.52294617268154
0.837233168647197,0.0,0.5635527689363389,0.0,0.05631711225840771,0.0,5.84292092195553,2.6776696431429485,377.61638437346835
0.836909073135242,0.0,0.5640552652056866,0.0,0.05668645459279837,0.0,5.843948263411079,2.677029643142948,377.70934855859656
0.8365848674487836,0.0,0.5645571660274102,0.0,0.057055811804960124,0.0,5.844971810629041,2.6763896431429477,377.8018394123373
0.8362605523399881,0.0,0.5650584725928546,0.0,0.05742518345496819,0.0,5.845991583073841,2.6757496431429475,377.89385762685157
0.8359361285550235,0.0,0.5655591860903272,0.0,0.05779456910775241,0.0,5.847007600085674,2.6751096431429473,377.98540390215845
0.8356115968341129,0.0,0.566059307705096,0.0,0.05816396833304758,0.0,5.848019880881413,2.6744696431429476,378.0764789458556
0.8352869579115924,0.0,0.5665588386193875,0.0,0.058533380705335154,0.0,5.84902844455554,2.673829643142947,378.1670834730361
0.8349622125159639,0.0,0.5670577800123833,0.0,0.05890280580379393,0.0,5.850033310081014,2.673189643142947,378.25721820610113
0.8346373613699473,0.0,0.5675561330602232,0.0,0.0592722432122528,0.0,5.851034496310183,2.6725496431429465,378.34688387460807
0.8343124051905372,0.0,0.5680538989359992,0.0,0.05964169251913058,0.0,5.8520320219756465,2.671909643142947,378.436081215105
0.8339873446890511,0.0,0.5685510788097597,0.0,0.06001115331739594,0.0,5.85302590569116,2.671269643142946,378.5248109710119
0.8336621805711854,0.0,0.5690476738485026,0.0,0.06038062520451066,0.0,5.854016165952479,2.6706296431429464,378.6130738924414
0.8333369135370641,0.0,0.569543685216182,0.0,0.060750107782384925,0.0,5.855002821138239,2.6699896431429457,378.70087073605595
0.8330115442812909,0.0,0.5700391140737032,0.0,0.06111960065732699,0.0,5.855985889510805,2.6693496431429447,378.7882022649395
0.8326860734930007,0.0,0.5705339615789228,0.0,0.0614891034399934,0.0,5.85696538921712,2.668709643142945,378.87506924843683
0.8323605018559066,0.0,0.5710282288866512,0.0,0.06185861574534805,0.0,5.857941338289556,2.6680696431429456,378.96147246202963
0.8320348300483517,0.0,0.5715219171486524,0.0,0.06222813719260811,0.0,5.858913754646745,2.667429643142945,379.04741268718834
0.8317090587433577,0.0,0.5720150275136427,0.0,0.06259766740520181,0.0,5.859882656094401,2.666789643142945,379.13289071122904
0.8313831886086719,0.0,0.5725075611272931,0.0,0.06296720601072321,0.0,5.86084806032616,2.6661496431429446,379.217907327232
0.8310572203068182,0.0,0.5729995191322291,0.0,0.06333675264088254,0.0,5.861809984924388,2.665509643142944,379.3024633338129
0.8307311544951409,0.0,0.5734909026680327,0.0,0.06370630693146817,0.0,5.862768447360992,2.664869643142944,379.3865595350726
0.8304049918258533,0.0,0.5739817128712432,0.0,0.06407586852229723,0.0,5.863723464998225,2.6642296431429435,379.4701967404607
0.8300787329460843,0.0,0.5744719508753588,0.0,0.06444543705717434,0.0,5.864675055089479,2.663589643142944,379.55337576462347
0.8297523784979239,0.0,0.5749616178108381,0.0,0.06481501218384823,0.0,5.865623234780092,2.6629496431429436,379.6360974272715
0.8294259291184701,0.0,0.5754507148051002,0.0,0.06518459355396766,0.0,5.866568021108114,2.662309643142944,379.7183625531002
0.8290993854398714,0.0,0.5759392429825301,0.0,0.06555418082304222,0.0,5.867509431005105,2.6616696431429427,379.80017197165853
0.8287727480893738,0.0,0.5764272034644763,0.0,0.06592377365039659,0.0,5.868447481296885,2.661029643142943,379.8815265171888
0.8284460176893641,0.0,0.5769145973692562,0.0,0.06629337169913364,0.0,5.8693821887043285,2.6603896431429432,379.9624270285505
0.8281191948574127,0.0,0.5774014258121581,0.0,0.06666297463609099,0.0,5.870313569844108,2.6597496431429426,380.0428743491125
0.8277922802063182,0.0,0.5778876899054417,0.0,0.06703258213180144,0.0,5.871241641229449,2.6591096431429433,380.12286932661425
0.8274652743441488,0.0,0.5783733907583439,0.0,0.06740219386045404,0.0,5.872166419270891,2.6584696431429413,380.2024128130531
0.8271381778742882,0.0,0.578858529477075,0.0,0.06777180949985193,0.0,5.873087920277016,2.657829643142942,380.2815056646012
0.8268109913954719,0.0,0.5793431071648307,0.0,0.0681414287313777,0.0,5.8740061604552,2.657189643142942,380.36014874146997
0.8264837155018331,0.0,0.5798271249217887,0.0,0.0685110512399512,0.0,5.874921155912334,2.6565496431429416,380.4383429078304
0.8261563507829426,0.0,0.580310583845112,0.0,0.068880676713994,0.0,5.875832922655556,2.6559096431429414,380.5160890316948
0.8258288978238497,0.0,0.5807934850289552,0.0,0.06925030484538987,0.0,5.876741476592972,2.6552696431429412,380.59338798479496
0.8255013572051207,0.0,0.5812758295644661,0.0,0.06961993532945032,0.0,5.877646833534357,2.654629643142941,380.6702406425251
0.825173729502883,0.0,0.5817576185397876,0.0,0.06998956786487366,0.0,5.8785490091918895,2.6539896431429417,380.74664788379584
0.824846015288859,0.0,0.582238853040065,0.0,0.07035920215371334,0.0,5.879448019180831,2.653349643142941,380.8226105909632
0.8245182151304098,0.0,0.582719534147446,0.0,0.07072883790133955,0.0,5.880343879020235,2.6527096431429404,380.8981296497444
0.8241903295905725,0.0,0.5831996629410858,0.0,0.07109847481640223,0.0,5.881236604133633,2.6520696431429407,380.9732059490749
0.8238623592280966,0.0,0.5836792404971528,0.0,0.07146811261080077,0.0,5.882126209849744,2.65142964314294,381.0478403810676
0.8235343045974851,0.0,0.5841582678888293,0.0,0.07183775099964414,0.0,5.883012711403112,2.65078964314294,381.1220338408944
0.8232061662490303,0.0,0.5846367461863178,0.0,0.0722073897012194,0.0,5.883896123934823,2.6501496431429397,381.19578722668047
0.8228779447288507,0.0,0.5851146764568447,0.0,0.07257702843695744,0.0,5.884776462493158,2.649509643142939,381.2691014394589
0.8225496405789282,0.0,0.5855920597646646,0.0,0.07294666693139946,0.0,5.885653742034266,2.6488696431429393,381.34197738303203
0.8222212543371452,0.0,0.586068897171065,0.0,0.0733163049121639,0.0,5.886527977422811,2.648229643142939,381.41441596392986
0.8218927865373206,0.0,0.586545189734369,0.0,0.0736859421099108,0.0,5.8873991834326365,2.6475896431429393,381.486418091296
0.8215642377092433,0.0,0.5870209385099435,0.0,0.07405557825831563,0.0,5.888267374747424,2.6469496431429382,381.55798467681797
0.8212356083787117,0.0,0.5874961445501992,0.0,0.07442521309403055,0.0,5.889132565961313,2.6463096431429385,381.6291166346201
0.8209068990675645,0.0,0.5879708089045994,0.0,0.07479484635665772,0.0,5.889994771579575,2.6456696431429383,381.69981488123443
0.8205781102937186,0.0,0.5884449326196627,0.0,0.07516447778871438,0.0,5.890854006019208,2.6450296431429385,381.77008033545326
0.8202492425712005,0.0,0.5889185167389691,0.0,0.07553410713560552,0.0,5.891710283609607,2.644389643142938,381.8399139183036
0.8199202964101835,0.0,0.5893915623031629,0.0,0.07590373414558838,0.0,5.892563618593157,2.643749643142938,381.90931655295856
0.8195912723170189,0.0,0.5898640703499605,0.0,0.0762733585697477,0.0,5.893414025125874,2.643109643142938,381.978289164624
0.8192621707942697,0.0,0.590336041914154,0.0,0.07664298016196137,0.0,5.894261517277998,2.6424696431429373,382.0468326805228
0.8189329923407452,0.0,0.5908074780276157,0.0,0.0770125986788725,0.0,5.89510610903463,2.6418296431429376,382.11494802978734
0.8186037374515316,0.0,0.5912783797193056,0.0,0.07738221387986179,0.0,5.895947814296318,2.641189643142937,382.18263614336604
0.8182744066180256,0.0,0.5917487480152751,0.0,0.07775182552701457,0.0,5.8967866468796615,2.6405496431429363,382.24989795400097
0.8179450003279661,0.0,0.5922185839386728,0.0,0.07812143338509676,0.0,5.8976226205179145,2.639909643142936,382.31673439612155
0.8176155190654655,0.0,0.59268788850975,0.0,0.07849103722152173,0.0,5.898455748861566,2.639269643142936,382.383146405797
0.8172859633110423,0.0,0.5931566627458662,0.0,0.0788606368063277,0.0,5.89928604547893,2.638629643142936,382.449134920636
0.8169563335416501,0.0,0.5936249076614958,0.0,0.0792302319121456,0.0,5.900113523856738,2.6379896431429364,382.5147008797713
0.8166266302307105,0.0,0.5940926242682325,0.0,0.07959982231417435,0.0,5.900938197400704,2.6373496431429357,382.57984522373715
0.8162968538481427,0.0,0.5945598135747947,0.0,0.07996940779015183,0.0,5.901760079436095,2.6367096431429355,382.6445688944404
0.8159670048603942,0.0,0.5950264765870328,0.0,0.08033898812032844,0.0,5.90257918320831,2.636069643142935,382.70887283509234
0.8156370837304692,0.0,0.5954926143079342,0.0,0.0807085630874439,0.0,5.903395521883447,2.635429643142935,382.7727579901271
0.8153070909179597,0.0,0.5959582277376293,0.0,0.08107813247669567,0.0,5.904209108548838,2.6347896431429345,382.83622530517056
0.8149770268790755,0.0,0.596423317873397,0.0,0.08144769607571731,0.0,5.905019956213635,2.634149643142935,382.89927572693546
0.8146468920666695,0.0,0.5968878857096735,0.0,0.08181725367455124,0.0,5.905828077809344,2.6335096431429346,382.96191020322567
0.8143166869303395,0.0,0.5973519322379761,0.0,0.08218680506539396,0.0,5.906633486189087,2.6328696431430694,383.0241296832885
0.8136560674671572,0.0,0.5982784653233497,0.0,0.08292588840595246,0.0,5.9082362143437495,2.6315896431429344,383.1473274515719
0.8129951720205266,0.0,0.5992029250055123,0.0,0.08366494448284365,0.0,5.909828241987591,2.6303096431429345,383.2688766411552
0.8123340040697588,0.0,0.6001253191157426,0.0,0.08440397171899892,0.0,5.91140966923641,2.6290296431429345,383.388784871771
0.8116725670436892,0.0,0.6010456554404234,0.0,0.08514296857292317,0.0,5.912980595022173,2.627749643142935,383.5070597742043
0.8110108643214637,0.0,0.6019639417213233,0.0,0.08588193353818174,0.0,5.914541117110784,2.626469643142935,383.6237089881428
0.8103488992333805,0.0,0.6028801856558046,0.0,0.08662086514266543,0.0,5.916091332118314,2.625189643142935,383.73874016055373
0.8096866750617089,0.0,0.6037943948970349,0.0,0.08735976194788383,0.0,5.91763133552698,2.6239096431429343,383.85216094414955
0.8090241950414998,0.0,0.6047065770541996,0.0,0.08809862254826034,0.0,5.919161221700865,2.622629643142934,383.96397899583377
0.8083614623613752,0.0,0.6056167396927161,0.0,0.08883744557045688,0.0,5.920681083901412,2.621349643142935,384.07420197531314
0.8076984801643046,0.0,0.6065248903344538,0.0,0.08957622967270261,0.0,5.92219101430267,2.6200696431429344,384.18283754358976
0.8070352515483687,0.0,0.607431036457947,0.0,0.09031497354414068,0.0,5.923691104006278,2.6187896431429345,384.28989336167893
0.8063717795675048,0.0,0.6083351854986213,0.0,0.0910536759041891,0.0,5.925181443056275,2.617509643142935,384.395377089266
0.8057080672322412,0.0,0.6092373448490116,0.0,0.0917923355019183,0.0,5.92666212045362,2.616229643142935,384.4992963834099
0.8050441175104157,0.0,0.6101375218589868,0.0,0.09253095111543615,0.0,5.928133224170521,2.614949643142935,384.6016588973376
0.8043799333278819,0.0,0.6110357238359735,0.0,0.09326952155129128,0.0,5.929594841164542,2.6136696431429347,384.70247227925665
0.8037155175692031,0.0,0.6119319580451823,0.0,0.09400804564388694,0.0,5.931047057392486,2.6123896431429356,384.80174417117894
0.8030508730783288,0.0,0.6128262317098353,0.0,0.09474652225490925,0.0,5.932489957824042,2.6111096431429357,384.89948220784987
0.8023860026592637,0.0,0.6137185520113928,0.0,0.09548495027276527,0.0,5.933923626455282,2.609829643142935,384.9956940156516
0.8017209090767226,0.0,0.6146089260897819,0.0,0.09622332861203466,0.0,5.93534814632188,2.608549643142935,385.09038721157793
0.8010555950567705,0.0,0.615497361043627,0.0,0.09696165621293219,0.0,5.93676359951217,2.6072696431429354,385.18356940223424
0.8003900632874543,0.0,0.6163838639304793,0.0,0.09769993204078524,0.0,5.9381700671800095,2.605989643142936,385.2752481828906
0.7997243164194213,0.0,0.6172684417670474,0.0,0.09843815508551573,0.0,5.939567629557398,2.6047096431429355,385.36543113652135
0.7990583570665261,0.0,0.6181511015294286,0.0,0.09917632436114027,0.0,5.940956365966967,2.603429643142936,385.45412583295223
0.7983921878064246,0.0,0.619031850153342,0.0,0.0999144389052762,0.0,5.942336354834235,2.602149643142935,385.54133982797117
0.7977258111811645,0.0,0.6199106945343568,0.0,0.100652497778657,0.0,5.943707673699674,2.6008696431429357,385.62708066249496
0.7970592296977509,0.0,0.6207876415281298,0.0,0.10139050006466731,0.0,5.945070399230622,2.5995896431429353,385.71135586179776
0.7963924458287175,0.0,0.6216626979506343,0.0,0.10212844486887351,0.0,5.946424607232995,2.5983096431429358,385.7941729347011
0.7957254620126755,0.0,0.622535870578394,0.0,0.10286633131857813,0.0,5.947770372662811,2.597029643142935,385.8755393728614
0.7950582806548587,0.0,0.6234071661487138,0.0,0.10360415856237151,0.0,5.949107769637562,2.595749643142936,385.95546265004276
0.7943909041276548,0.0,0.6242765913599184,0.0,0.1043419257697043,0.0,5.950436871447402,2.594469643142936,386.0339502214225
0.7937233347711304,0.0,0.6251441528715775,0.0,0.10507963213046081,0.0,5.951757750566152,2.5931896431429355,386.1110095229509
0.7930555748935456,0.0,0.6260098573047421,0.0,0.10581727685454188,0.0,5.953070478662173,2.5919096431429365,386.18664797070016
0.7923876267718556,0.0,0.6268737112421797,0.0,0.10655485917146273,0.0,5.9543751266090315,2.590629643142936,386.2608729602496
0.79171949265221,0.0,0.6277357212285998,0.0,0.10729237832995149,0.0,5.95567176449604,2.589349643142936,386.3336918661148
0.7910511747504352,0.0,0.6285958937708926,0.0,0.10802983359756373,0.0,5.956960461638625,2.5880696431429357,386.40511204117837
0.7903826752525174,0.0,0.629454235338355,0.0,0.10876722426029625,0.0,5.958241286588525,2.586789643142937,386.4751408161133
0.7897139963150649,0.0,0.6303107523629278,0.0,0.1095045496222182,0.0,5.959514307143858,2.5855096431429367,386.543785498943
0.7890451400657763,0.0,0.6311654512394206,0.0,0.11024180900510196,0.0,5.960779590359038,2.584229643142936,386.61105337445616
0.7883761086038873,0.0,0.6320183383257455,0.0,0.11097900174806799,0.0,5.962037202554503,2.5829496431429364,386.6769517037884
0.7877069040006179,0.0,0.6328694199431465,0.0,0.11171612720723102,0.0,5.963287209326367,2.5816696431429365,386.74148772394716
0.7870375282996079,0.0,0.633718702376429,0.0,0.11245318475536135,0.0,5.964529675555848,2.5803896431429365,386.8046686473584
0.7863679835173454,0.0,0.6345661918741878,0.0,0.11319017378154558,0.0,5.965764665418625,2.5791096431429366,386.86650166147894
0.7856982716435894,0.0,0.6354118946490356,0.0,0.11392709369085614,0.0,5.966992242394014,2.577829643142937,386.92699392836346
0.7850283946417812,0.0,0.6362558168778304,0.0,0.11466394390403285,0.0,5.968212469274024,2.576549643142937,386.9861525843212
0.784358354449452,0.0,0.6370979647019033,0.0,0.11540072385716543,0.0,5.969425408172259,2.5752696431429363,387.04398473950835
0.783688152978623,0.0,0.6379383442272822,0.0,0.11613743300138199,0.0,5.9706311205327145,2.5739896431429363,387.1004974776053
0.7830177921161952,0.0,0.6387769615249199,0.0,0.11687407080255027,0.0,5.971829667138441,2.572709643142937,387.1556978554713
0.7823472737243358,0.0,0.6396138226309169,0.0,0.11761063674097749,0.0,5.97302110812004,2.5714296431429364,387.20959290286237
0.781676599640857,0.0,0.6404489335467455,0.0,0.11834713031112344,0.0,5.974205502964097,2.570149643142937,387.26218962207236
0.7810057716795876,0.0,0.6412823002394727,0.0,0.1190835510213116,0.0,5.975382910521434,2.5688696431429374,387.31349498770857
0.7803347916307377,0.0,0.6421139286419837,0.0,0.11981989839345468,0.0,5.976553389015273,2.567589643142937,387.36351594635033
0.7796636612612579,0.0,0.6429438246532004,0.0,0.12055617196277814,0.0,5.977716996049277,2.566309643142937,387.4122594163842
0.7789923823151935,0.0,0.643771994138303,0.0,0.12129237127755477,0.0,5.978873788615433,2.5650296431429376,387.45973228765257
0.7783209565140288,0.0,0.6445984429289505,0.0,0.12202849589884202,0.0,5.980023823101902,2.563749643142937,387.5059414213314
0.7776493855570287,0.0,0.6454231768234973,0.0,0.1227645454002261,0.0,5.981167155300665,2.562469643142938,387.55089364960776
0.7769776711215739,0.0,0.6462462015872119,0.0,0.12350051936756898,0.0,5.9823038404151125,2.5611896431429373,387.59459577556567
0.7763058148634894,0.0,0.6470675229524921,0.0,0.12423641739876322,0.0,5.983433933067503,2.5599096431429373,387.637054572931
0.7756338184173678,0.0,0.6478871466190823,0.0,0.1249722391034911,0.0,5.984557487306317,2.558629643142938,387.6782767859147
0.7749616833968862,0.0,0.6487050782542866,0.0,0.12570798410298517,0.0,5.985674556613511,2.5573496431429374,387.7182691290562
0.7742894113951204,0.0,0.6495213234931817,0.0,0.12644365202980207,0.0,5.986785193911646,2.556069643142937,387.75703828702353
0.7736170039848508,0.0,0.650335887938831,0.0,0.12717924252758953,0.0,5.98788945157093,2.554789643142938,387.79459091448274
0.7729444627188625,0.0,0.6511487771624952,0.0,0.12791475525086826,0.0,5.988987381416161,2.5535096431429376,387.8309336359922
0.7722717891302449,0.0,0.651959996703842,0.0,0.12865018986481241,0.0,5.990079034733562,2.5522296431429377,387.86607304581975
0.7715989847326808,0.0,0.6527695520711558,0.0,0.129385546045035,0.0,5.991164462277505,2.5509496431429377,387.9000157078685
0.7709260510207345,0.0,0.653577448741546,0.0,0.13012082347738135,0.0,5.992243714277158,2.5496696431429378,387.93276815554043
0.7702529894701329,0.0,0.654383692161153,0.0,0.13085602185772127,0.0,5.993316840443042,2.5483896431429383,387.96433689163126
0.769579801538042,0.0,0.6551882877453554,0.0,0.13159114089175003,0.0,5.9943838899734585,2.5471096431429383,387.99472838827705
0.7689064886633395,0.0,0.6559912408789745,0.0,0.13232618029478987,0.0,5.995444911560873,2.545829643142938,388.02394908683334
0.7682330522668837,0.0,0.6567925569164764,0.0,0.1330611397915996,0.0,5.996499953398149,2.544549643142938,388.0520053977975
0.7675594937517755,0.0,0.6575922411821764,0.0,0.13379601911618053,0.0,5.99754906318476,2.5432696431429385,388.07890370078104
0.7668858145036159,0.0,0.6583902989704395,0.0,0.1345308180115992,0.0,5.998592288132855,2.5419896431429376,388.10465034442217
0.7662120158907647,0.0,0.6591867355458799,0.0,0.13526553622979637,0.0,5.999629674973271,2.540709643142938,388.129251646313
0.765538099264586,0.0,0.6599815561435619,0.0,0.13600017353141464,0.0,6.000661269961438,2.539429643142938,388.15271389302796
0.7648640659596971,0.0,0.6607747659691964,0.0,0.1367347296856252,0.0,6.001687118883234,2.5381496431429373,388.1750433399862
0.7641899172942104,0.0,0.6615663701993366,0.0,0.1374692044699519,0.0,6.002707267060713,2.536869643142938,388.1962462115182
0.7635156545699698,0.0,0.6623563739815763,0.0,0.1382035976701063,0.0,6.003721759357787,2.5355896431429383,388.2163287007468
0.7628412790727861,0.0,0.6631447824347424,0.0,0.13893790907982348,0.0,6.00473064018581,2.5343096431429384,388.2352969696922
0.7621667920726677,0.0,0.6639316006490877,0.0,0.13967213850070118,0.0,6.005733953509077,2.533029643142938,388.2531571491236
0.7614921948240446,0.0,0.6647168336864842,0.0,0.1404062857420405,0.0,6.00673174285028,2.5317496431429385,388.2699153386639
0.760817488565994,0.0,0.6655004865806132,0.0,0.14114035062069244,0.0,6.007724051295847,2.530469643142938,388.2855776066967
0.7601426745224572,0.0,0.6662825643371548,0.0,0.14187433296090543,0.0,6.008710921501229,2.5291896431429386,388.300149990473
0.7594677539024561,0.0,0.6670630719339772,0.0,0.1426082325941763,0.0,6.009692395696095,2.527909643142939,388.31363849604315
0.7587927279003047,0.0,0.6678420143213226,0.0,0.143342049359107,0.0,6.010668515689479,2.5266296431429387,388.326049098297
0.7581175976958173,0.0,0.6686193964219943,0.0,0.14407578310125746,0.0,6.011639322874841,2.5253496431429383,388.33738774101596
0.7574423644545157,0.0,0.6693952231315411,0.0,0.14480943367300697,0.0,6.012604858235057,2.524069643142939,388.3476603368266
0.7567670293278272,0.0,0.6701694993184412,0.0,0.14554300093342082,0.0,6.0135651623473265,2.522789643142939,388.35687276732
0.7560915934532855,0.0,0.6709422298242852,0.0,0.1462764847481098,0.0,6.014520275388053,2.521509643142939,388.3650308830338
0.7554160579547264,0.0,0.6717134194639562,0.0,0.14700988498910028,0.0,6.015470237137608,2.520229643142939,388.372140503491
0.7547404239424786,0.0,0.6724830730258107,0.0,0.14774320153470613,0.0,6.01641508698506,2.5189496431429386,388.3782074172655
0.7540646925135533,0.0,0.6732511952718571,0.0,0.14847643426939977,0.0,6.017354863932829,2.517669643142939,388.3832373820353
0.7533888647518308,0.0,0.6740177909379343,0.0,0.14920958308368867,0.0,6.018289606601276,2.5163896431429396,388.38723612459074
0.7527129417282411,0.0,0.6747828647338875,0.0,0.14994264787399364,0.0,6.01921935323324,2.515109643142939,388.3902093409563
0.7520369245009472,0.0,0.675546421343744,0.0,0.1506756285425278,0.0,6.020144141698476,2.513829643142939,388.3921626963839
0.7513608141155212,0.0,0.6763084654258859,0.0,0.15140852499717986,0.0,6.02106400949809,2.5125496431429393,388.3931018254743
0.750684611605117,0.0,0.6770690016132263,0.0,0.15214133715140019,0.0,6.021978993768856,2.51126964314294,388.3930323321985
0.750008317990643,0.0,0.6778280345133785,0.0,0.1528740649240873,0.0,6.022889131287533,2.509989643142939,388.39195979001823
0.7493319342809336,0.0,0.678585568708826,0.0,0.1536067082394741,0.0,6.0237944584750505,2.5087096431429403,388.3898897418545
0.7486554614729103,0.0,0.6793416087570961,0.0,0.1543392670270255,0.0,6.024695011400701,2.507429643142939,388.38682770035103
0.7479789005517493,0.0,0.6800961591909237,0.0,0.15507174122132536,0.0,6.025590825786253,2.5061496431429395,388.3827791477289
0.7473022524910418,0.0,0.6808492245184201,0.0,0.15580413076197824,0.0,6.026481937009995,2.5048696431429396,388.3777495360226
0.7466255182529505,0.0,0.6816008092232407,0.0,0.15653643559350178,0.0,6.027368380110734,2.50358964314294,388.3717442871741
0.7459486987883676,0.0,0.6823509177647477,0.0,0.15726865566523116,0.0,6.028250189791755,2.5023096431429392,388.36476879296777
0.7452717950370684,0.0,0.6830995545781741,0.0,0.15800079093121458,0.0,6.0291274004247075,2.5010296431429397,388.35682841530326
0.7445948079278605,0.0,0.6838467240747874,0.0,0.15873284135012355,0.0,6.03000004605344,2.4997496431429393,388.34792848615825
0.7439177383787344,0.0,0.6845924306420502,0.0,0.15946480688515308,0.0,6.030868160397789,2.49846964314294,388.3380743077414
0.7432405872970095,0.0,0.6853366786437808,0.0,0.16019668750393187,0.0,6.031731776857331,2.4971896431429403,388.32727115259513
0.7425633555794781,0.0,0.6860794724203114,0.0,0.16092848317842837,0.0,6.032590928515048,2.49590964314294,388.31552426364163
0.7418860441125467,0.0,0.6868208162886481,0.0,0.16166019388486483,0.0,6.033445648140986,2.4946296431429396,388.302838854342
0.7412086537723781,0.0,0.6875607145426254,0.0,0.1623918196036258,0.0,6.034295968195828,2.4933496431429405,388.28922010878296
0.7405311854250253,0.0,0.6882991714530642,0.0,0.16312336031917543,0.0,6.03514192083444,2.4920696431429405,388.27467318175667
0.7398536399265699,0.0,0.6890361912679257,0.0,0.16385481601997273,0.0,6.035983537909387,2.49078964314294,388.2592031988891
0.7391760181232552,0.0,0.6897717782124633,0.0,0.16458618669838637,0.0,6.036820850974331,2.48950964314294,388.24281525673626
0.7384983208516157,0.0,0.6905059364893777,0.0,0.16531747235061528,0.0,6.037653891287482,2.4882296431429403,388.2255144229411
0.7378205489386077,0.0,0.6912386702789672,0.0,0.16604867297661083,0.0,6.038482689814931,2.4869496431429403,388.207305736266
0.7371427032017375,0.0,0.6919699837392771,0.0,0.166779788579995,0.0,6.039307277233971,2.4856696431429404,388.1881942067522
0.7364647844491842,0.0,0.6926998810062506,0.0,0.167510819167988,0.0,6.040127683936349,2.48438964314294,388.1681848158231
0.7357867934799268,0.0,0.6934283661938745,0.0,0.16824176475132713,0.0,6.040943940031518,2.4831096431429396,388.14728251644243
0.7351087310838624,0.0,0.6941554433943287,0.0,0.16897262534420016,0.0,6.041756075349793,2.4818296431429405,388.1254922331478
0.7344305980419266,0.0,0.6948811166781316,0.0,0.16970340096416967,0.0,6.042564119445516,2.48054964314294,388.10281886225107
0.733752395126214,0.0,0.695605390094283,0.0,0.1704340916321001,0.0,6.043368101600134,2.479269643142941,388.0792672718908
0.7330741231000912,0.0,0.6963282676704111,0.0,0.17116469737209197,0.0,6.044168050825275,2.4779896431429407,388.05484230219713
0.7323957827183128,0.0,0.6970497534129123,0.0,0.17189521821141168,0.0,6.044963995865759,2.4767096431429407,388.02954876541384
0.7317173747271342,0.0,0.6977698513070951,0.0,0.17262565418042403,0.0,6.045755965202577,2.4754296431429403,388.0033914459798
0.7310388998644216,0.0,0.6984885653173193,0.0,0.17335600531252826,0.0,6.046543987055838,2.474149643142941,387.97637510070393
0.7303603588597618,0.0,0.699205899387137,0.0,0.17408627164409152,0.0,6.047328089387667,2.4728696431429413,387.9485044588543
0.7296817524345698,0.0,0.6999218574394306,0.0,0.1748164532143889,0.0,6.048108299905074,2.471589643142941,387.91978422228
0.729003081302197,0.0,0.7006364433765485,0.0,0.17554655006553557,0.0,6.04888464606277,2.4703096431429414,387.8902190655785
0.7283243461680305,0.0,0.7013496610804465,0.0,0.1762765622424342,0.0,6.049657155065979,2.469029643142941,387.85981363619305
0.7276455477296018,0.0,0.7020615144128179,0.0,0.1770064897927065,0.0,6.0504258538731746,2.4677496431429415,387.828572554513
0.726966686676684,0.0,0.7027720072152323,0.0,0.1777363327666416,0.0,6.0511907691988025,2.466469643142941,387.7965004140657
0.7262877636913937,0.0,0.7034811433092669,0.0,0.17846609121713464,0.0,6.051951927515984,2.4651896431429408,387.76360178160155
0.7256087794482907,0.0,0.7041889264966387,0.0,0.17919576519963068,0.0,6.052709355059137,2.4639096431429413,387.7298811972087
0.724929734614471,0.0,0.7048953605593385,0.0,0.1799253547720719,0.0,6.053463077826613,2.4626296431429413,387.6953431744974
0.7242506298496656,0.0,0.7056004492597593,0.0,0.18065485999484052,0.0,6.054213121583272,2.4613496431429414,387.6599922006801
0.7235714658063344,0.0,0.7063041963408272,0.0,0.181384280930706,0.0,6.054959511863034,2.4600696431429414,387.62383273672737
0.7228922431297569,0.0,0.7070066055261294,0.0,0.18211361764477477,0.0,6.055702273971393,2.4587896431429406,387.5868692175074
0.722212962458126,0.0,0.7077076805200414,0.0,0.1828428702044364,0.0,6.056441432987908,2.4575096431429415,387.5491060518731
0.7215336244226368,0.0,0.7084074250078557,0.0,0.18357203867931476,0.0,6.05717701376865,2.4562296431429416,387.5105476228473
0.7208542296475747,0.0,0.7091058426559065,0.0,0.18430112314121797,0.0,6.057909040948632,2.4549496431429416,387.47119828771974
0.7201747787504049,0.0,0.7098029371116933,0.0,0.18503012366409027,0.0,6.058637538944189,2.4536696431429417,387.4310623781829
0.7194952723418563,0.0,0.7104987120040073,0.0,0.1857590403239648,0.0,6.05936253195535,2.4523896431429417,387.3901442004917
0.7188157110260084,0.0,0.711193170943052,0.0,0.18648787319891613,0.0,6.060084043968171,2.4511096431429418,387.34844803556246
0.7181360954003727,0.0,0.7118863175205679,0.0,0.18721662236901462,0.0,6.060802098757022,2.449829643142942,387.3059781391361
0.7174564260559779,0.0,0.7125781553099514,0.0,0.1879452879162829,0.0,6.0615167198868685,2.4485496431429414,387.2627387418537
0.7167767035774498,0.0,0.7132686878663755,0.0,0.18867386992464863,0.0,6.062227930715532,2.447269643142942,387.21873404946484
0.7160969285430903,0.0,0.7139579187269114,0.0,0.18940236847990555,0.0,6.062935754395876,2.445989643142942,387.17396824293087
0.7154171015249582,0.0,0.7146458514106432,0.0,0.19013078366966715,0.0,6.063640213878015,2.4447096431429416,387.1284454785132
0.7147372230889469,0.0,0.7153324894187884,0.0,0.19085911558332663,0.0,6.064341331911484,2.443429643142942,387.0821698880083
0.714057293794859,0.0,0.7160178362348139,0.0,0.19158736431201775,0.0,6.065039131047337,2.4421496431429417,387.0351455787597
0.7133773141964855,0.0,0.716701895324551,0.0,0.19231552994857037,0.0,6.065733633640296,2.4408696431429417,386.98737663386044
0.7126972848416768,0.0,0.7173846701363116,0.0,0.1930436125874748,0.0,6.066424861850804,2.4395896431429422,386.9388671123221
0.7120172062724185,0.0,0.7180661641010012,0.0,0.1937716123248423,0.0,6.067112837647103,2.4383096431429423,386.8896210490858
0.711337079024902,0.0,0.7187463806322328,0.0,0.19449952925836828,0.0,6.067797582807234,2.437029643142942,386.8396424552993
0.7106569036295991,0.0,0.719425323126439,0.0,0.195227363487289,0.0,6.068479118921073,2.435749643142942,386.7889353183385
0.7099766806113277,0.0,0.7201029949629836,0.0,0.1959551151123554,0.0,6.069157467392299,2.434469643142942,386.73750360200484
0.7092964104893253,0.0,0.7207793995042721,0.0,0.19668278423578778,0.0,6.069832649440347,2.4331896431429425,386.6853512466372
0.7086160937773157,0.0,0.7214545400958622,0.0,0.19741037096124694,0.0,6.07050468610234,2.431909643142942,386.632482169194
0.7079357309835773,0.0,0.7221284200665712,0.0,0.19813787539379446,0.0,6.071173598234999,2.430629643142943,386.5789002635039
0.7072553226110064,0.0,0.7228010427285876,0.0,0.19886529763986474,0.0,6.07183940651654,2.429349643142943,386.524609400269
0.7065748691571885,0.0,0.7234724113775737,0.0,0.19959263780722633,0.0,6.072502131448504,2.4280696431429436,386.4696134273113
0.7058943711144575,0.0,0.7241425292927767,0.0,0.20031989600495317,0.0,6.073161793357631,2.426789643142943,386.41391616957225
0.7052138289699631,0.0,0.7248113997371315,0.0,0.20104707234339006,0.0,6.073818412397664,2.4255096431429433,386.35752142939924
0.7045332432057315,0.0,0.725479025957367,0.0,0.2017741669341229,0.0,6.074472008551122,2.424229643142943,386.3004329865243
0.703852614298729,0.0,0.72614541118411,0.0,0.20250117988994656,0.0,6.075122601631107,2.4229496431429425,386.2426545983166
0.7031719427209222,0.0,0.7268105586319882,0.0,0.20322811132483506,0.0,6.075770211283037,2.421669643142943,386.18418999983203
0.7024912289393375,0.0,0.7274744714997339,0.0,0.20395496135391342,0.0,6.076414856986373,2.420389643142943,386.12504290400267
0.7018104734161218,0.0,0.7281371529702854,0.0,0.20468173009342727,0.0,6.077056558056334,2.4191096431429426,386.0652170016926
0.7011296766086019,0.0,0.7287986062108862,0.0,0.2054084176607118,0.0,6.0776953336455914,2.417829643142943,386.0047159619199
0.7004488389693396,0.0,0.7294588343731893,0.0,0.20613502417416935,0.0,6.0783312027459155,2.416549643142943,385.943543431897
0.6997679609461918,0.0,0.7301178405933526,0.0,0.20686154975323615,0.0,6.078964184189852,2.4152696431429432,385.88170303722404
0.6990870429823639,0.0,0.7307756279921408,0.0,0.2075879945183595,0.0,6.079594296652323,2.4139896431429433,385.81919838197274
0.6984060855164675,0.0,0.7314321996750213,0.0,0.20831435859096856,0.0,6.0802215586522586,2.4127096431429442,385.75603304884993
0.6977250889825743,0.0,0.7320875587322633,0.0,0.20904064209345036,0.0,6.080845988554165,2.4114296431429434,385.69221059928753
0.697044053810269,0.0,0.7327417082390332,0.0,0.2097668451491219,0.0,6.081467604569712,2.4101496431429434,385.62773457361516
0.696362980424705,0.0,0.7333946512554907,0.0,0.2104929678822072,0.0,6.082086424759274,2.408869643142944,385.5626084911333
0.695681869246654,0.0,0.7340463908268846,0.0,0.21121901041781263,0.0,6.082702467033468,2.4075896431429435,385.4968358502745
0.6950007206925598,0.0,0.7346969299836463,0.0,0.2119449728819005,0.0,6.083315749154667,2.4063096431429436,385.43042012874287
0.6943195351745888,0.0,0.7353462717414845,0.0,0.21267085540126895,0.0,6.083926288738495,2.405029643142943,385.36336478358623
0.6936383131006804,0.0,0.7359944191014771,0.0,0.21339665810352496,0.0,6.08453410325531,2.4037496431429437,385.29567325137424
0.6929570548745958,0.0,0.7366413750501649,0.0,0.2141223811170644,0.0,6.085139210031664,2.4024696431429433,385.2273489482849
0.6922757608959695,0.0,0.7372871425596413,0.0,0.2148480245710479,0.0,6.085741626251737,2.401189643142944,385.158395270231
0.6915944315603542,0.0,0.7379317245876461,0.0,0.2155735885953803,0.0,6.086341368958785,2.399909643142944,385.08881559304075
0.6909130672592714,0.0,0.7385751240776526,0.0,0.2162990733206882,0.0,6.086938455056534,2.398629643142944,385.01861327249134
0.6902316683802577,0.0,0.7392173439589593,0.0,0.2170244788782984,0.0,6.087532901310585,2.397349643142944,384.9477916444906
0.6895502353069102,0.0,0.7398583871467787,0.0,0.21774980540021885,0.0,6.088124724349774,2.396069643142944,384.8763540251745
0.6888687684189336,0.0,0.7404982565423238,0.0,0.21847505301911563,0.0,6.088713940667557,2.3947896431429436,384.80430371105035
0.6881872680921853,0.0,0.7411369550328978,0.0,0.21920022186829516,0.0,6.08930056662333,2.393509643142944,384.73164397909426
0.6875057346987185,0.0,0.7417744854919798,0.0,0.21992531208168495,0.0,6.089884618443784,2.3922296431429446,384.6583780868796
0.6868241686068286,0.0,0.7424108507793116,0.0,0.22065032379381178,0.0,6.090466112224207,2.3909496431429447,384.5845092726968
0.686142570181094,0.0,0.7430460537409835,0.0,0.22137525713978562,0.0,6.091045063929776,2.389669643142944,384.5100407556811
0.6854609397824218,0.0,0.7436800972095183,0.0,0.22210011225527934,0.0,6.091621489396854,2.3883896431429443,384.4349757359088
0.6847792777680886,0.0,0.7443129840039564,0.0,0.22282488927651012,0.0,6.092195404334249,2.3871096431429444,384.3593173945398
0.6840975844917812,0.0,0.7449447169299397,0.0,0.22354958834022381,0.0,6.0927668243244755,2.3858296431429444,384.2830688939204
0.6834158603036393,0.0,0.7455752987797943,0.0,0.224274209583676,0.0,6.093335764824989,2.384549643142944,384.2062333777087
0.6827341055502959,0.0,0.7462047323326135,0.0,0.2249987531446151,0.0,6.093902241169418,2.383269643142944,384.12881397096703
0.6820523205749177,0.0,0.7468330203543383,0.0,0.22572321916126398,0.0,6.0944662685687705,2.3819896431429446,384.0508137803296
0.6813705057172429,0.0,0.7474601655978409,0.0,0.22644760777230694,0.0,6.095027862112624,2.380709643142944,383.97223589405064
0.680688661313623,0.0,0.7480861708030031,0.0,0.22717191911686904,0.0,6.09558703677033,2.3794296431429447,383.893083382176
0.6800067876970587,0.0,0.748711038696798,0.0,0.22789615333450547,0.0,6.0961438073921626,2.3781496431429447,383.81335929661935
0.6793248851972394,0.0,0.7493347719933684,0.0,0.22862031056518006,0.0,6.096698188710492,2.376869643142945,383.7330666713082
0.6786429541405817,0.0,0.749957373394106,0.0,0.22934439094925427,0.0,6.097250195340905,2.375589643142945,383.65220852225957
0.6779609948502633,0.0,0.7505788455877299,0.0,0.23006839462747167,0.0,6.097799841783374,2.3743096431429453,383.5707878477304
0.6772790076462635,0.0,0.7511991912503646,0.0,0.23079232174093936,0.0,6.098347142423327,2.3730296431429454,383.48880762828725
0.6765969928453953,0.0,0.751818413045616,0.0,0.2315161724311204,0.0,6.098892111532796,2.371749643142945,383.4062708269628
0.6759149507613449,0.0,0.7524365136246487,0.0,0.2322399468398122,0.0,6.099434763271482,2.3704696431429446,383.32318038934045
0.6752328817047046,0.0,0.7530534956262617,0.0,0.23296364510913742,0.0,6.099975111687844,2.3691896431429456,383.2395392436535
0.6745507859830066,0.0,0.7536693616769651,0.0,0.23368726738152973,0.0,6.100513170720168,2.3679096431429447,383.15535030094026
0.6738686639007613,0.0,0.7542841143910525,0.0,0.23441081379971807,0.0,6.101048954197617,2.3666296431429448,383.0706164550679
0.673186515759486,0.0,0.7548977563706771,0.0,0.2351342845067158,0.0,6.101582475841283,2.365349643142945,382.9853405829635
0.6725043418577421,0.0,0.7555102902059255,0.0,0.23585767964580626,0.0,6.102113749265218,2.3640696431429453,382.89952554460905
0.6718221424911665,0.0,0.75612171847489,0.0,0.23658099936053292,0.0,6.102642787977441,2.362789643142945,382.8131741831973
0.6711399179525045,0.0,0.7567320437437419,0.0,0.23730424379468273,0.0,6.103169605380964,2.361509643142945,382.7262893252394
0.6704576685316425,0.0,0.7573412685668028,0.0,0.23802741309227704,0.0,6.103694214774788,2.360229643142946,382.6388737806607
0.6697753945156366,0.0,0.7579493954866184,0.0,0.23875050739755885,0.0,6.104216629354877,2.3589496431429455,382.55093034293105
0.6690930961887506,0.0,0.7585564270340261,0.0,0.23947352685498005,0.0,6.104736862215138,2.3576696431429456,382.4624617891185
0.6684107738324792,0.0,0.7591623657282288,0.0,0.2401964716091927,0.0,6.105254926348404,2.3563896431429456,382.3734708800329
0.6677284277255834,0.0,0.7597672140768633,0.0,0.24091934180503455,0.0,6.105770834647362,2.3551096431429457,382.28396036033575
0.6670460581441194,0.0,0.76037097457607,0.0,0.24164213758751968,0.0,6.106284599905511,2.353829643142946,382.19393295862494
0.6663636653614685,0.0,0.760973649710562,0.0,0.2423648591018275,0.0,6.106796234818088,2.352549643142946,382.10339138750936
0.665681249648366,0.0,0.7615752419536939,0.0,0.2430875064932919,0.0,6.107305751982997,2.351269643142946,382.012338343782
0.6649988112729301,0.0,0.7621757537675292,0.0,0.2438100799073914,0.0,6.107813163901723,2.349989643142946,381.9207765084606
0.6643163505006929,0.0,0.7627751876029082,0.0,0.24453257948973683,0.0,6.10831848298022,2.3487096431429464,381.8287085468992
0.6636338675946234,0.0,0.763373545899516,0.0,0.24525500538606548,0.0,6.108821721529823,2.347429643142946,381.73613710892704
0.662951362815162,0.0,0.7639708310859465,0.0,0.24597735774222654,0.0,6.109322891768118,2.3461496431429456,381.64306482888736
0.6622688364202438,0.0,0.7645670455797703,0.0,0.2466996367041747,0.0,6.109822005819805,2.3448696431429465,381.5494943257869
0.6615862886653265,0.0,0.7651621917876007,0.0,0.2474218424179592,0.0,6.110319075717597,2.343589643142946,381.45542820336794
0.6609037198034182,0.0,0.7657562721051572,0.0,0.24814397502971502,0.0,6.110814113403035,2.3423096431429458,381.3608690502025
0.6602211300851042,0.0,0.7663492889173311,0.0,0.24886603468565416,0.0,6.111307130727355,2.3410296431429454,381.26581943981864
0.6595385197585718,0.0,0.7669412445982485,0.0,0.24958802153205542,0.0,6.11179813945231,2.3397496431429463,381.17028193077823
0.6588558890696369,0.0,0.7675321415113369,0.0,0.2503099357152577,0.0,6.112287151251014,2.3384696431429464,381.0742590667374
0.6581732382617702,0.0,0.7681219820093844,0.0,0.2510317773816495,0.0,6.112774177708733,2.3371896431429464,380.97775337662773
0.6574905675761222,0.0,0.7687107684346051,0.0,0.25175354667766164,0.0,6.113259230323726,2.335909643142947,380.88076737466315
0.6568078772515474,0.0,0.769298503118701,0.0,0.2524752437497585,0.0,6.113742320508016,2.3346296431429465,380.7833035604919
0.65612516752463,0.0,0.7698851883829227,0.0,0.2531968687444312,0.0,6.114223459588193,2.3333496431429466,380.6853644192504
0.6554424386297075,0.0,0.7704708265381324,0.0,0.25391842180818713,0.0,6.114702658806202,2.332069643142947,380.5869524217079
0.6547596907988952,0.0,0.771055419884864,0.0,0.2546399030875444,0.0,6.115179929320099,2.3307896431429467,380.48807002428845
0.6540769242621104,0.0,0.7716389707133828,0.0,0.25536131272902357,0.0,6.115655282204842,2.3295096431429467,380.3887196692296
0.6533941392470938,0.0,0.7722214813037473,0.0,0.25608265087914067,0.0,6.116128728453027,2.328229643142947,380.2889037846418
0.6527113359794365,0.0,0.7728029539258673,0.0,0.25680391768439853,0.0,6.1166002789756435,2.3269496431429473,380.18862478457896
0.6520285146825979,0.0,0.7733833908395645,0.0,0.25752511329128186,0.0,6.117069944602821,2.3256696431429473,380.0878850691908
0.6513456755779325,0.0,0.7739627942946303,0.0,0.2582462378462476,0.0,6.117537736084554,2.3243896431429465,379.98668702475493
0.650662818884712,0.0,0.7745411665308833,0.0,0.25896729149571973,0.0,6.118003664091438,2.3231096431429474,379.8850330237756
0.6499799448201435,0.0,0.7751185097782298,0.0,0.25968827438608244,0.0,6.118467739215375,2.321829643142947,379.7829254251032
0.6492970535993962,0.0,0.775694826256719,0.0,0.26040918666367374,0.0,6.118929971970292,2.320549643142947,379.6803665739739
0.6486141454356187,0.0,0.7762701181766017,0.0,0.2611300284747778,0.0,6.119390372792844,2.3192696431429463,379.5773588021664
0.6479312205399648,0.0,0.7768443877383844,0.0,0.2618507999656191,0.0,6.1198489520431005,2.3179896431429476,379.47390442801463
0.6472482791216096,0.0,0.7774176371328899,0.0,0.26257150128235807,0.0,6.120305720005244,2.3167096431429473,379.3700057565302
0.6465653213877742,0.0,0.7779898685413095,0.0,0.26329213257108147,0.0,6.120760686888243,2.315429643142947,379.26566507949735
0.6458823475437442,0.0,0.7785610841352589,0.0,0.2640126939777998,0.0,6.121213862826522,2.3141496431429474,379.16088467554044
0.6451993577928908,0.0,0.7791312860768355,0.0,0.26473318564844,0.0,6.1216652578806485,2.312869643142948,379.055666810201
0.6445163523366902,0.0,0.779700476518671,0.0,0.26545360772883925,0.0,6.12211488203796,2.3115896431429475,378.9500137360546
0.6438333313747437,0.0,0.7802686576039867,0.0,0.26617396036474045,0.0,6.122562745213244,2.310309643142947,378.84392769277446
0.6431502951047984,0.0,0.7808358314666463,0.0,0.2668942437017858,0.0,6.1230088572493635,2.309029643142948,378.7374109071846
0.6424672437227638,0.0,0.7814020002312115,0.0,0.26761445788551214,0.0,6.123453227917911,2.3077496431429476,378.6304655934286
0.6417841774227333,0.0,0.7819671660129931,0.0,0.2683346030613468,0.0,6.123895866919831,2.3064696431429472,378.523093952922
0.6411010963970033,0.0,0.7825313309181046,0.0,0.2690546793745981,0.0,6.12433678388605,2.305189643142948,378.41529817458263
0.640418000836089,0.0,0.7830944970435152,0.0,0.2697746869704569,0.0,6.12477598837809,2.3039096431429478,378.3070804347915
0.639734890928746,0.0,0.7836566664771003,0.0,0.2704946259939855,0.0,6.125213489888686,2.3026296431429483,378.1984428975387
0.6390517668619866,0.0,0.7842178412976952,0.0,0.2712144965901169,0.0,6.125649297842386,2.3013496431429483,378.08938771444167
0.6383686288210989,0.0,0.7847780235751448,0.0,0.2719342989036481,0.0,6.126083421596165,2.300069643142948,377.9799170249325
0.6376854769896637,0.0,0.7853372153703545,0.0,0.27265403307923636,0.0,6.126515870439993,2.298789643142948,377.8700329562316
0.6370023115495719,0.0,0.7858954187353425,0.0,0.2733736992613942,0.0,6.126946653597448,2.297509643142947,377.7597376234669
0.6363191326810442,0.0,0.7864526357132876,0.0,0.2740932975944847,0.0,6.127375780226283,2.2962296431429476,377.6490331297488
0.6356359405626445,0.0,0.7870088683385812,0.0,0.2748128282227184,0.0,6.127803259419004,2.2949496431429477,377.53792156627287
0.6349527353713001,0.0,0.787564118636876,0.0,0.2755322912901478,0.0,6.1282291002034395,2.2936696431429486,377.4264050123195
0.6342695172823161,0.0,0.7881183886251345,0.0,0.2762516869406646,0.0,6.128653311543307,2.2923896431429482,377.31448553544783
0.6335862864693936,0.0,0.7886716803116789,0.0,0.2769710153179933,0.0,6.129075902338761,2.2911096431429487,377.2021651914618
0.6329030431046468,0.0,0.7892239956962387,0.0,0.27769027656568873,0.0,6.129496881426964,2.2898296431429492,377.0894460245395
0.6322197873586151,0.0,0.7897753367700004,0.0,0.27840947082713513,0.0,6.129916257582606,2.2885496431429484,376.9763300673319
0.6315365194002847,0.0,0.7903257055156526,0.0,0.27912859824553543,0.0,6.130334039518466,2.2872696431429484,376.8628193409655
0.6308532393970996,0.0,0.7908751039074364,0.0,0.2798476589639137,0.0,6.130750235885945,2.2859896431429485,376.74891585514365
0.6301699475149805,0.0,0.7914235339111899,0.0,0.280566653125109,0.0,6.131164855275587,2.2847096431429486,376.63462160830727
0.6294866439183384,0.0,0.7919709974843976,0.0,0.2812855808717724,0.0,6.131577906217608,2.2834296431429486,376.51993858755543
0.6288033287700904,0.0,0.7925174965762346,0.0,0.28200444234636257,0.0,6.1319893971824095,2.282149643142949,376.4048687688175
0.6281200022316752,0.0,0.793063033127615,0.0,0.2827232376911435,0.0,6.132399336581108,2.280869643142949,376.28941411691005
0.6274366644630667,0.0,0.7936076090712353,0.0,0.28344196704818175,0.0,6.132807732766025,2.2795896431429488,376.1735765855877
0.6267533156227914,0.0,0.7941512263316213,0.0,0.28416063055934043,0.0,6.133214594031199,2.2783096431429484,376.05735811767966
0.6260699558679401,0.0,0.7946938868251733,0.0,0.2848792283662794,0.0,6.1336199286128865,2.2770296431429498,375.94076064501246
0.6253865853541823,0.0,0.795235592460212,0.0,0.28559776061045067,0.0,6.134023744690051,2.2757496431429485,375.8237860886561
0.6247032042357848,0.0,0.7957763451370196,0.0,0.28631622743309443,0.0,6.134426050384838,2.274469643142949,375.7064363588679
0.6240198126656195,0.0,0.7963161467478882,0.0,0.28703462897523835,0.0,6.134826853763095,2.2731896431429495,375.5887133552244
0.6233364107951819,0.0,0.7968549991771615,0.0,0.2877529653776929,0.0,6.135226162834811,2.271909643142949,375.4706189667045
0.6226529987746028,0.0,0.7973929043012788,0.0,0.2884712367810485,0.0,6.135623985554614,2.270629643142949,375.35215507164924
0.6219695767526633,0.0,0.7979298639888186,0.0,0.28918944332567464,0.0,6.136020329822228,2.269349643142949,375.2333235379593
0.6212861448768061,0.0,0.7984658801005412,0.0,0.28990758515171555,0.0,6.136415203482944,2.2680696431429492,375.11412622311434
0.6206027032931516,0.0,0.7990009544894325,0.0,0.2906256623990872,0.0,6.136808614328072,2.2667896431429493,374.99456497418834
0.619919252146508,0.0,0.7995350890007455,0.0,0.29134367520747695,0.0,6.137200570095411,2.265509643142949,374.87464162802246
0.6192357915803874,0.0,0.8000682854720425,0.0,0.29206162371633854,0.0,6.137591078469678,2.26422964314295,374.75435801116845
0.618552321737016,0.0,0.8006005457332376,0.0,0.2927795080648917,0.0,6.137980147082973,2.2629496431429503,374.6337159400633
0.617868842757348,0.0,0.8011318716066382,0.0,0.2934973283921193,0.0,6.138367783515215,2.2616696431429504,374.51271722101865
0.6171853547810779,0.0,0.801662264906986,0.0,0.2942150848367639,0.0,6.138753995294575,2.260389643142949,374.391363650333
0.616501857946654,0.0,0.8021917274414977,0.0,0.29493277753732594,0.0,6.139138789897904,2.259109643142949,374.26965701432397
0.6158183523912896,0.0,0.8027202610099063,0.0,0.2956504066320624,0.0,6.139522174751184,2.2578296431429496,374.1475990894116
0.6151348382509747,0.0,0.8032478674045025,0.0,0.29636797225898415,0.0,6.139904157229919,2.25654964314295,374.0251916421627
0.6144513156604884,0.0,0.8037745484101726,0.0,0.29708547455585543,0.0,6.140284744659594,2.25526964314295,373.90243642938555
0.613767784753411,0.0,0.8043003058044411,0.0,0.29780291366018846,0.0,6.1406639443160556,2.2539896431429494,373.7793351981556
0.6130842456621372,0.0,0.8048251413575078,0.0,0.2985202897092427,0.0,6.141041763425943,2.25270964314295,373.6558896859098
0.6124006985178847,0.0,0.805349056832289,0.0,0.29923760284002593,0.0,6.141418209167096,2.2514296431429504,373.5321016204593
0.6117171434507073,0.0,0.805872053984456,0.0,0.2999548531892887,0.0,6.141793288668955,2.25014964314295,373.4079727201414
0.611033580589507,0.0,0.8063941345624738,0.0,0.30067204089352423,0.0,6.142167009012954,2.2488696431429505,373.28350469377443
0.6103500100620429,0.0,0.8069153003076405,0.0,0.3013891660889663,0.0,6.142539377232934,2.2475896431429496,373.1586992407772
0.6096664319949463,0.0,0.8074355529541237,0.0,0.3021062289115868,0.0,6.142910400315514,2.24630964314295,373.03355805123033
0.6089828465137266,0.0,0.8079548942290017,0.0,0.3028232294970955,0.0,6.143280085200501,2.24502964314295,372.90808280592586
0.608299253742786,0.0,0.808473325852298,0.0,0.3035401679809379,0.0,6.143648438781259,2.2437496431429507,372.7822751764108
0.6076156538054287,0.0,0.8089908495370213,0.0,0.30425704449829355,0.0,6.144015467905088,2.2424696431429503,372.65613682505614
0.6069320468238715,0.0,0.8095074669892017,0.0,0.3049738591840734,0.0,6.144381179373631,2.2411896431429503,372.5296694051521
0.6062484329192549,0.0,0.8100231799079278,0.0,0.30569061217292015,0.0,6.144745579943197,2.2399096431429504,372.40287456089413
0.6055648122116538,0.0,0.8105379899853838,0.0,0.30640730359920626,0.0,6.14510867632518,2.23862964314295,372.27575392748423
0.6048811848200859,0.0,0.811051898906886,0.0,0.3071239335970312,0.0,6.145470475186391,2.2373496431429505,372.1483091312113
0.6041975508625239,0.0,0.811564908350919,0.0,0.30784050230022375,0.0,6.1458309831494455,2.2360696431429505,372.02054178944917
0.6035139104559042,0.0,0.8120770199891716,0.0,0.3085570098423351,0.0,6.146190206793103,2.2347896431429506,371.89245351076386
0.602830263716138,0.0,0.8125882354865739,0.0,0.30927345635664194,0.0,6.146548152652635,2.2335096431429506,371.7640458949376
0.6021466107581199,0.0,0.8130985565013308,0.0,0.3099898419761442,0.0,6.1469048272201725,2.2322296431429507,371.6353205330492
0.6014629516957389,0.0,0.8136079846849588,0.0,0.31070616683356356,0.0,6.147260236945063,2.2309496431429507,371.50627900749004
0.6007792866418867,0.0,0.8141165216823208,0.0,0.31142243106134215,0.0,6.147614388234199,2.229669643142951,371.3769228920661
0.6000956157084688,0.0,0.8146241691316609,0.0,0.312138634791641,0.0,6.147967287452383,2.2283896431429513,371.2472537520331
0.5994119390064112,0.0,0.81513092866464,0.0,0.31285477815634055,0.0,6.1483189409226515,2.2271096431429505,371.117273144129
0.598728256645674,0.0,0.8156368019063676,0.0,0.3135708612870381,0.0,6.148669354926606,2.2258296431429514,370.9869826166749
0.5980445687352559,0.0,0.8161417904754394,0.0,0.31428688431504714,0.0,6.149018535704772,2.224549643142951,370.8563837095806
0.5973608753832068,0.0,0.8166458959839686,0.0,0.3150028473713968,0.0,6.149366489456896,2.223269643142951,370.7254779544251
0.5966771766966349,0.0,0.8171491200376214,0.0,0.31571875058683063,0.0,6.149713222342296,2.221989643142951,370.5942668744973
0.5959934727817165,0.0,0.8176514642356496,0.0,0.31643459409180513,0.0,6.150058740480172,2.220709643142951,370.4627519848591
0.5953097637437045,0.0,0.8181529301709234,0.0,0.31715037801649165,0.0,6.150403049949931,2.219429643142951,370.33093479239255
0.5946260496869371,0.0,0.8186535194299667,0.0,0.3178661024907702,0.0,6.1507461567915085,2.2181496431429504,370.1988167958397
0.5939423307148467,0.0,0.8191532335929866,0.0,0.3185817676442334,0.0,6.151088067005675,2.2168696431429513,370.0663994858948
0.5932586069299681,0.0,0.8196520742339098,0.0,0.3192973736061843,0.0,6.151428786554353,2.215589643142951,369.93368434516674
0.5925748784339471,0.0,0.8201500429204116,0.0,0.32001292050563573,0.0,6.151768321360918,2.2143096431429514,369.8006728483456
0.5918911453275486,0.0,0.820647141213951,0.0,0.3207284084713081,0.0,6.152106677310513,2.2130296431429515,369.66736646216657
0.5912074077106656,0.0,0.8211433706698001,0.0,0.32144383763163076,0.0,6.15244386025036,2.2117496431429515,369.5337666454999
0.5905236656823268,0.0,0.8216387328370781,0.0,0.32215920811473986,0.0,6.152779875990024,2.210469643142952,369.39987484937984
0.589839919340704,0.0,0.8221332292587821,0.0,0.32287452004847944,0.0,6.153114730301745,2.209189643142952,369.26569251705934
0.5891561687831218,0.0,0.8226268614718176,0.0,0.3235897735603996,0.0,6.153448428920726,2.2079096431429512,369.1312210840681
0.5884724141060647,0.0,0.823119631007031,0.0,0.324304968777754,0.0,6.1537809775454155,2.2066296431429513,368.9964619782661
0.587788655405184,0.0,0.8236115393892396,0.0,0.3250201058275042,0.0,6.154112381837795,2.205349643142952,368.86141661985283
0.5871048927753062,0.0,0.8241025881372639,0.0,0.32573518483631475,0.0,6.154442647423683,2.2040696431429514,368.72608642147924
0.5864211263104432,0.0,0.8245927787639553,0.0,0.3264502059305544,0.0,6.154771779892996,2.2027896431429514,368.5904727882188
0.5857373561037943,0.0,0.8250821127762303,0.0,0.3271651692362955,0.0,6.15509978480004,2.2015096431429515,368.4545771176881
0.5850535822477594,0.0,0.8255705916750966,0.0,0.32788007487931464,0.0,6.1554266676637965,2.2002296431429524,368.3184008000477
0.5843698048339426,0.0,0.8260582169556869,0.0,0.32859492298508997,0.0,6.15575243396818,2.198949643142952,368.1819452180575
0.5836860239531616,0.0,0.8265449901072862,0.0,0.3293097136788016,0.0,6.1560770891623315,2.197669643142952,368.0452117471313
0.5830022396954546,0.0,0.8270309126133621,0.0,0.33002444708533335,0.0,6.156400638660864,2.196389643142952,367.90820175537186
0.5823184521500864,0.0,0.827515985951594,0.0,0.3307391233292687,0.0,6.156723087844167,2.195109643142952,367.77091660363743
0.581634661405557,0.0,0.8280002115939029,0.0,0.3314537425348948,0.0,6.157044442058628,2.193829643142952,367.6333576455608
0.5809508675496076,0.0,0.8284835910064803,0.0,0.3321683048261972,0.0,6.157364706616938,2.192549643142952,367.495526227604
0.5802670706692287,0.0,0.828966125649816,0.0,0.3328828103268638,0.0,6.157683886798321,2.1912696431429524,367.35742368911224
0.5795832708506651,0.0,0.8294478169787283,0.0,0.33359725916028304,0.0,6.1580019878488095,2.189989643142953,367.2190513623558
0.5788994681794253,0.0,0.8299286664423919,0.0,0.3343116514495429,0.0,6.158319014981494,2.188709643142953,367.08041057254195
0.5782156627402856,0.0,0.8304086754843654,0.0,0.33502598731743183,0.0,6.158634973376783,2.1874296431429525,366.94150263792767
0.5775318546172995,0.0,0.8308878455426201,0.0,0.33574026688643727,0.0,6.158949868182636,2.186149643142953,366.80232886978195
0.5768480438938006,0.0,0.8313661780495688,0.0,0.3364544902787486,0.0,6.159263704514847,2.1848696431429526,366.662890572484
0.5761642306524146,0.0,0.8318436744320912,0.0,0.3371686576162512,0.0,6.159576487457254,2.1835896431429522,366.52318904357077
0.5754804149750601,0.0,0.8323203361115638,0.0,0.3378827690205336,0.0,6.159888222062008,2.1823096431429527,366.38322557371737
0.5747965969429585,0.0,0.8327961645038866,0.0,0.3385968246128802,0.0,6.160198913349808,2.1810296431429523,366.24300144685407
0.5741127766366404,0.0,0.8332711610195088,0.0,0.3393108245142771,0.0,6.160508566310142,2.1797496431429533,366.10251794015767
0.5734289541359481,0.0,0.8337453270634588,0.0,0.34002476884540844,0.0,6.16081718590152,2.178469643142953,365.9617763241302
0.5727451295200474,0.0,0.8342186640353689,0.0,0.34073865772665696,0.0,6.16112477705172,2.177189643142953,365.82077786259055
0.57206130286743,0.0,0.8346911733295018,0.0,0.34145249127810534,0.0,6.161431344658015,2.175909643142953,365.67952381277667
0.5713774742559208,0.0,0.8351628563347784,0.0,0.34216626961953445,0.0,6.161736893587402,2.1746296431429535,365.5380154253372
0.5706936437626828,0.0,0.835633714434804,0.0,0.34287999287042453,0.0,6.162041428676837,2.173349643142953,365.39625394439105
0.5700098114642249,0.0,0.8361037490078936,0.0,0.3435936611499548,0.0,6.162344954733465,2.1720696431429527,365.2542406075829
0.5693259774364074,0.0,0.8365729614270984,0.0,0.3443072745770022,0.0,6.162647476534842,2.1707896431429536,365.11197664608403
0.5686421417544457,0.0,0.8370413530602324,0.0,0.3450208332701452,0.0,6.162948998829154,2.1695096431429532,364.9694632846748
0.5679583044929187,0.0,0.8375089252698968,0.0,0.34573433734765946,0.0,6.163249526335443,2.168229643142953,364.82670174175803
0.5672744657257743,0.0,0.8379756794135064,0.0,0.34644778692751965,0.0,6.163549063743827,2.166949643142954,364.68369322939793
0.5665906255263334,0.0,0.8384416168433148,0.0,0.34716118212740044,0.0,6.163847615715721,2.1656696431429534,364.5404389533712
0.5659067839672963,0.0,0.8389067389064394,0.0,0.3478745230646761,0.0,6.164145186884045,2.1643896431429535,364.3969401132107
0.5652229411207487,0.0,0.8393710469448874,0.0,0.3485878098564191,0.0,6.16444178185344,2.1631096431429535,364.25319790222443
0.5645390970581675,0.0,0.839834542295579,0.0,0.3493010426194031,0.0,6.1647374052004835,2.1618296431429536,364.10921350753
0.5638552518504251,0.0,0.8402972262903735,0.0,0.35001422147009903,0.0,6.165032061473896,2.160549643142954,363.9649881101323
0.563171405567796,0.0,0.8407591002560935,0.0,0.35072734652468035,0.0,6.165325755194755,2.159269643142954,363.8205228849039
0.5624875582799594,0.0,0.8412201655145498,0.0,0.35144041789901925,0.0,6.165618490856689,2.1579896431429537,363.6758190006928
0.5618037100560096,0.0,0.8416804233825644,0.0,0.3521534357086884,0.0,6.165910272926093,2.1567096431429533,363.53087762027764
0.5611198609644568,0.0,0.8421398751719961,0.0,0.3528664000689599,0.0,6.166201105842327,2.155429643142954,363.38569990046653
0.5604360110732336,0.0,0.8425985221897636,0.0,0.3535793110948078,0.0,6.166490994017921,2.154149643142954,363.2402869921124
0.5597521604497001,0.0,0.84305636573787,0.0,0.35429216890090665,0.0,6.166779941838764,2.1528696431429535,363.09464004015564
0.5590683091606496,0.0,0.8435134071134255,0.0,0.35500497360163147,0.0,6.167067953664317,2.151589643142954,362.94876018363857
0.558384457272313,0.0,0.8439696476086721,0.0,0.355717725311059,0.0,6.167355033827786,2.150309643142954,362.8026485557774
0.5577006048503638,0.0,0.844425088511006,0.0,0.3564304241429681,0.0,6.167641186636344,2.1490296431429536,362.6563062839575
0.5570167519599231,0.0,0.8448797311030016,0.0,0.3571430702108382,0.0,6.167926416371298,2.1477496431429532,362.5097344898107
0.556332898665565,0.0,0.8453335766624338,0.0,0.3578556636278518,0.0,6.1682107272883,2.1464696431429537,362.36293428921175
0.5556490450313202,0.0,0.8457866264623023,0.0,0.35856820450689303,0.0,6.168494123617514,2.1451896431429547,362.2159067923509
0.554965191120682,0.0,0.8462388817708528,0.0,0.35928069296055043,0.0,6.168776609563828,2.1439096431429543,362.0686531037209
0.5542813369966102,0.0,0.8466903438516012,0.0,0.3599931291011128,0.0,6.169058189307016,2.142629643142955,361.9211743222042
0.5535974827215377,0.0,0.8471410139633545,0.0,0.36070551304057413,0.0,6.169338867001942,2.141349643142955,361.77347154105416
0.5529136283573706,0.0,0.8475908933602354,0.0,0.3614178448906315,0.0,6.169618646778721,2.1400696431429544,361.62554584799545
0.5522297739654984,0.0,0.8480399832917013,0.0,0.3621301247626865,0.0,6.169897532742928,2.1387896431429554,361.47739832518346
0.551545919606795,0.0,0.8484882850025705,0.0,0.3628423527678453,0.0,6.170175528975752,2.137509643142955,361.32903004929034
0.5508620653416235,0.0,0.848935799733041,0.0,0.3635545290169167,0.0,6.17045263953418,2.1362296431429546,361.1804420915234
0.5501782112298428,0.0,0.8493825287187134,0.0,0.36426665362041666,0.0,6.170728868451187,2.134949643142954,361.03163551763697
0.5494943573308096,0.0,0.8498284731906127,0.0,0.3649787266885656,0.0,6.171004219735886,2.1336696431429547,360.8826113880137
0.548810503703383,0.0,0.8502736343752111,0.0,0.36569074833129,0.0,6.1712786973737295,2.1323896431429548,360.73337075763834
0.5481266504059313,0.0,0.8507180134944461,0.0,0.3664027186582226,0.0,6.171552305326654,2.131109643142955,360.58391467617776
0.5474427974963322,0.0,0.8511616117657456,0.0,0.36711463777870346,0.0,6.171825047533273,2.129829643142954,360.434244188002
0.546758945031982,0.0,0.8516044304020464,0.0,0.36782650580177784,0.0,6.172096927909027,2.128549643142955,360.284360332174
0.5460750930697948,0.0,0.8520464706118175,0.0,0.3685383228361997,0.0,6.172367950346369,2.127269643142955,360.1342641425656
0.5453912416662097,0.0,0.8524877335990789,0.0,0.3692500889904313,0.0,6.1726381187149055,2.125989643142955,359.98395664780173
0.5447073908771953,0.0,0.8529282205634235,0.0,0.3699618043726416,0.0,6.172907436861594,2.1247096431429555,359.8334388713382
0.544023540758252,0.0,0.8533679327000381,0.0,0.3706734690907098,0.0,6.1731759086108795,2.123429643142955,359.6827118314996
0.5433396913644154,0.0,0.8538068711997234,0.0,0.3713850832522242,0.0,6.173443537764863,2.1221496431429547,359.53177654147373
0.542655842750264,0.0,0.854245037248914,0.0,0.3720966469644811,0.0,6.173710328103462,2.1208696431429552,359.38063400938216
0.5419719949699203,0.0,0.8546824320296995,0.0,0.3728081603344885,0.0,6.173976283384584,2.1195896431429557,359.2292852382767
0.5412881480770526,0.0,0.8551190567198456,0.0,0.37351962346896517,0.0,6.174241407344256,2.118309643142955,359.0777312262072
0.5406043021248857,0.0,0.855554912492811,0.0,0.37423103647433903,0.0,6.174505703696803,2.1170296431429554,358.925972966206
0.5399204571661979,0.0,0.8559900005177711,0.0,0.37494239945675195,0.0,6.174769176134993,2.115749643142956,358.77401144634837
0.5392366132533275,0.0,0.856424321959635,0.0,0.37565371252205587,0.0,6.175031828330196,2.1144696431429564,358.62184764978025
0.5385527704381773,0.0,0.8568578779790678,0.0,0.37636497577581635,0.0,6.175293663932535,2.1131896431429555,358.46948255474393
0.5378689287722183,0.0,0.8572906697325068,0.0,0.377076189323311,0.0,6.175554686571031,2.1119096431429556,358.31691713459725
0.5371850883064913,0.0,0.8577226983721836,0.0,0.3777873532695327,0.0,6.175814899853758,2.110629643142955,358.1641523578591
0.5365012490916128,0.0,0.8581539650461435,0.0,0.37849846771918566,0.0,6.176074307367996,2.1093496431429557,358.0111891882286
0.5358174111777774,0.0,0.8585844708982633,0.0,0.3792095327766915,0.0,6.176332912680365,2.1080696431429553,357.8580285846167
0.5351335746147627,0.0,0.8590142170682706,0.0,0.3799205485461848,0.0,6.176590719336991,2.1067896431429554,357.70467150116485
0.534449739451931,0.0,0.8594432046917644,0.0,0.38063151513151616,0.0,6.176847730863626,2.1055096431429563,357.551118887304
0.5337659057382337,0.0,0.8598714349002325,0.0,0.3813424326362535,0.0,6.177103950765812,2.104229643142956,357.39737168773235
0.5330820735222159,0.0,0.8602989088210703,0.0,0.3820533011636802,0.0,6.1773593825290165,2.1029496431429564,357.2434308424988
0.5323982428520185,0.0,0.8607256275776002,0.0,0.3827641208167971,0.0,6.177614029618768,2.1016696431429556,357.08929728697694
0.5317144137753813,0.0,0.8611515922890897,0.0,0.3834748916983233,0.0,6.177867895480807,2.100389643142956,356.93497195195044
0.5310305863396482,0.0,0.8615768040707699,0.0,0.38418561391069517,0.0,6.17812098354121,2.099109643142956,356.78045576358716
0.5303467605917686,0.0,0.8620012640338546,0.0,0.3848962875560688,0.0,6.1783732972065515,2.0978296431429557,356.62574964349136
0.5296629365783022,0.0,0.8624249732855562,0.0,0.38560691273631986,0.0,6.178624839864008,2.096549643142956,356.47085450873254
0.5289791143454212,0.0,0.8628479329291078,0.0,0.3863174895530433,0.0,6.178875614881526,2.0952696431429567,356.315771271868
0.528295293938914,0.0,0.8632701440637768,0.0,0.3870280181075555,0.0,6.179125625607926,2.0939896431429563,356.1605008409733
0.5276114754041893,0.0,0.863691607784886,0.0,0.387738498500893,0.0,6.179374875373067,2.0927096431429564,356.005044119653
0.5269276587862783,0.0,0.8641123251838295,0.0,0.38844893083381465,0.0,6.179623367487947,2.091429643142957,355.8494020070845
0.5262438441298373,0.0,0.8645322973480927,0.0,0.3891593152068018,0.0,6.179871105244859,2.0901496431429565,355.69357539804037
0.5255600314791521,0.0,0.8649515253612666,0.0,0.3898696517200589,0.0,6.180118091917513,2.088869643142956,355.5375651829104
0.5248762208781415,0.0,0.8653700103030683,0.0,0.39057994047351174,0.0,6.180364330761148,2.0875896431429566,355.38137224772936
0.524192412370358,0.0,0.8657877532493561,0.0,0.3912901815668142,0.0,6.180609825012694,2.0863096431429566,355.2249974742027
0.5235086059989938,0.0,0.8662047552721491,0.0,0.39200037509934044,0.0,6.18085457789087,2.085029643142957,355.0684417397286
0.5228248018068815,0.0,0.8666210174396429,0.0,0.39271052117019356,0.0,6.181098592596317,2.0837496431429563,354.91170591743594
0.5221409998364985,0.0,0.8670365408162263,0.0,0.3934206198781999,0.0,6.181341872311736,2.0824696431429572,354.75479087618436
0.5214572001299698,0.0,0.8674513264624985,0.0,0.39413067132191465,0.0,6.181584420201987,2.0811896431429564,354.59769748061666
0.5207734027290709,0.0,0.8678653754352875,0.0,0.3948406755996169,0.0,6.1818262394142325,2.079909643142958,354.4404265911654
0.520089607675228,0.0,0.8682786887876661,0.0,0.39555063280931785,0.0,6.182067333078052,2.078629643142957,354.2829790640853
0.519405815009527,0.0,0.8686912675689669,0.0,0.3962605430487529,0.0,6.1823077043055665,2.0773496431429566,354.1253557514846
0.5187220247727109,0.0,0.8691031128248006,0.0,0.3969704064153886,0.0,6.182547356191546,2.076069643142957,353.96755750132286
0.5180382370051841,0.0,0.8695142255970733,0.0,0.39768022300642025,0.0,6.182786291813542,2.074789643142957,353.8095851574764
0.517354451747017,0.0,0.8699246069240002,0.0,0.39838999291877464,0.0,6.1830245142320015,2.0735096431429576,353.6514395597092
0.516670669037946,0.0,0.8703342578401246,0.0,0.39909971624910756,0.0,6.183262026490375,2.0722296431429577,353.493121543753
0.5159868889173783,0.0,0.8707431793763325,0.0,0.39980939309380825,0.0,6.183498831615251,2.0709496431429573,353.3346319412928
0.5153031114243947,0.0,0.8711513725598689,0.0,0.40051902354899566,0.0,6.183734932616447,2.069669643142957,353.175971579996
0.5146193365977499,0.0,0.8715588384143547,0.0,0.40122860771052377,0.0,6.183970332487144,2.0683896431429574,353.0171412835672
0.5139355644758782,0.0,0.8719655779598021,0.0,0.40193814567397845,0.0,6.184205034203991,2.0671096431429574,352.8581418716944
0.5132517950968947,0.0,0.8723715922126295,0.0,0.40264763753468097,0.0,6.184439040727216,2.0658296431429575,352.6989741601834
0.5125680284985982,0.0,0.8727768821856788,0.0,0.4033570833876851,0.0,6.184672355000736,2.0645496431429575,352.53963896087976
0.5118842647184724,0.0,0.8731814488882305,0.0,0.40406648332778233,0.0,6.184904979952284,2.0632696431429576,352.3801370817405
0.511200503793692,0.0,0.8735852933260183,0.0,0.404775837449498,0.0,6.185136918493485,2.0619896431429576,352.2204693268754
0.5105167457611208,0.0,0.8739884165012467,0.0,0.4054851458470956,0.0,6.18536817352,2.0607096431429577,352.0606364964983
0.5098329906573179,0.0,0.8743908194126038,0.0,0.4061944086145753,0.0,6.185598747911612,2.0594296431429577,351.90063938703383
0.5091492385185391,0.0,0.8747925030552784,0.0,0.406903625845675,0.0,6.185828644532339,2.0581496431429582,351.74047879106763
0.5084654893807373,0.0,0.875193468420975,0.0,0.40761279763387165,0.0,6.186057866230541,2.056869643142958,351.58015549741947
0.5077817432795689,0.0,0.8755937164979282,0.0,0.4083219240723804,0.0,6.186286415839028,2.055589643142958,351.41967029113556
0.507098000250393,0.0,0.8759932482709184,0.0,0.4090310052541571,0.0,6.186514296175158,2.054309643142958,351.25902395353376
0.5064142603282744,0.0,0.8763920647212865,0.0,0.4097400412718978,0.0,6.186741510040936,2.0530296431429575,351.0982172622007
0.5057305235479879,0.0,0.8767901668269484,0.0,0.41044903221803963,0.0,6.186968060223143,2.0517496431429576,350.9372509910261
0.505046789944019,0.0,0.8771875555624103,0.0,0.4111579781847626,0.0,6.187193949493395,2.0504696431429585,350.7761259102189
0.5043630595505648,0.0,0.8775842318987841,0.0,0.41186687926398796,0.0,6.187419180608289,2.0491896431429577,350.6148427863404
0.5036793324015418,0.0,0.8779801968037996,0.0,0.4125757355473796,0.0,6.187643756309469,2.047909643142958,350.4534023823051
0.5029956085305809,0.0,0.8783754512418218,0.0,0.4132845471263472,0.0,6.18786767932374,2.046629643142958,350.29180545742577
0.5023118879710351,0.0,0.878769996173864,0.0,0.41399331409204293,0.0,6.188090952363177,2.0453496431429583,350.1300527674178
0.5016281707559802,0.0,0.8791638325576012,0.0,0.4147020365353657,0.0,6.188313578125195,2.044069643142959,349.9681450644211
0.500944456918216,0.0,0.8795569613473871,0.0,0.41541071454696005,0.0,6.1885355592926725,2.0427896431429584,349.8060830970152
0.500260746490271,0.0,0.879949383494265,0.0,0.41611934821721536,0.0,6.188756898534041,2.0415096431429594,349.6438676102626
0.4995770395043997,0.0,0.8803410999459857,0.0,0.41682793763627024,0.0,6.1889775985033655,2.0402296431429585,349.48149934570665
0.4988933359925923,0.0,0.8807321116470174,0.0,0.4175364828940097,0.0,6.1891976618404625,2.038949643142958,349.31897904138856
0.4982096359865702,0.0,0.8811224195385625,0.0,0.4182449840800676,0.0,6.189417091170977,2.0376696431429586,349.15630743190354
0.49752593951779134,0.0,0.8815120245585709,0.0,0.4189534412838266,0.0,6.189635889106485,2.0363896431429587,348.99348524836614
0.49684224661745174,0.0,0.8819009276417533,0.0,0.41966185459442085,0.0,6.189854058244584,2.0351096431429587,348.8305132184649
0.4961585573164872,0.0,0.882289129719595,0.0,0.42037022410073316,0.0,6.1900716011689765,2.033829643142959,348.66739206649737
0.49547487164557547,0.0,0.8826766317203707,0.0,0.4210785498913982,0.0,6.190288520449586,2.032549643142959,348.5041225133408
0.49479118963513974,0.0,0.8830634345691556,0.0,0.4217868320548029,0.0,6.1905048186426095,2.0312696431429593,348.3407052765127
0.4941075113153481,0.0,0.8834495391878424,0.0,0.4224950706790851,0.0,6.190720498290639,2.029989643142959,348.1771410701598
0.49342383671611906,0.0,0.8838349464951504,0.0,0.42320326585213863,0.0,6.190935561922739,2.028709643142959,348.01343060511556
0.4927401658671189,0.0,0.8842196574066435,0.0,0.4239114176616081,0.0,6.191150012054544,2.027429643142959,347.8495745888937
0.49205649879776897,0.0,0.8846036728347395,0.0,0.4246195261948947,0.0,6.191363851188321,2.0261496431429595,347.685573725672
0.49137283553724237,0.0,0.8849869936887264,0.0,0.42532759153915445,0.0,6.191577081813086,2.0248696431429587,347.5214287164016
0.49068917611447166,0.0,0.8853696208747722,0.0,0.42603561378129884,0.0,6.191789706404672,2.0235896431429587,347.3571402587315
0.49000552055814556,0.0,0.8857515552959416,0.0,0.42674359300799564,0.0,6.192001727425824,2.0223096431429592,347.1927090470939
0.489321868896713,0.0,0.8861327978522064,0.0,0.4274515293056719,0.0,6.192213147326281,2.021029643142959,347.02813577268694
0.48863822115838695,0.0,0.8865133494404597,0.0,0.4281594227605084,0.0,6.19242396854286,2.01974964314296,346.86342112349996
0.48795457737114206,0.0,0.8868932109545274,0.0,0.4288672734584503,0.0,6.192634193499539,2.01846964314296,346.6985657843342
0.4872709375627214,0.0,0.8872723832851829,0.0,0.42957508148519624,0.0,6.1928438246075395,2.0171896431429603,346.5335704368274
0.486587301760634,0.0,0.8876508673201579,0.0,0.43028284692620916,0.0,6.193052864265416,2.0159096431429595,346.3684357594565
0.4859036699921595,0.0,0.8880286639441559,0.0,0.4309905698667099,0.0,6.193261314859126,2.014629643142959,346.20316242758673
0.4852200422843492,0.0,0.8884057740388649,0.0,0.431698250391682,0.0,6.193469178762122,2.01334964314296,346.0377511134274
0.4845364186640273,0.0,0.88878219848297,0.0,0.43240588858587015,0.0,6.193676458335428,2.01206964314296,345.87220248611715
0.4838527991577926,0.0,0.8891579381521649,0.0,0.4331134845337839,0.0,6.193883155927715,2.0107896431429593,345.70651721171373
0.4831691837920232,0.0,0.8895329939191655,0.0,0.4338210383196911,0.0,6.194089273875389,2.0095096431429598,345.54069595318015
0.4824855725928731,0.0,0.8899073666537206,0.0,0.4345285500276289,0.0,6.194294814502668,2.00822964314296,345.37473937047906
0.48180196558627897,0.0,0.8902810572226253,0.0,0.4352360197413967,0.0,6.1944997801216495,2.0069496431429603,345.2086481204983
0.4811183627979583,0.0,0.8906540664897336,0.0,0.43594344754455894,0.0,6.194704173032401,2.00566964314296,345.04242285713747
0.48043476425341297,0.0,0.8910263953159682,0.0,0.43665083352044837,0.0,6.19490799552303,2.00438964314296,344.87606423129347
0.479751169977931,0.0,0.891398044559336,0.0,0.43735817775215957,0.0,6.19511124986977,2.00310964314296,344.7095728908959
0.4790675799965871,0.0,0.8917690150749366,0.0,0.4380654803225607,0.0,6.195313938337041,2.0018296431429596,344.542949480871
0.4783839943342454,0.0,0.892139307714976,0.0,0.438772741314283,0.0,6.19551606317753,2.00054964314296,344.37619464325473
0.47770041301556043,0.0,0.8925089233287782,0.0,0.4394799608097293,0.0,6.195717626632282,1.99926964314296,344.2093090171078
0.4770168360649797,0.0,0.8928778627627966,0.0,0.4401871388910704,0.0,6.195918630930748,1.99798964314296,344.0422932386043
0.47633326350674454,0.0,0.8932461268606262,0.0,0.4408942756402469,0.0,6.196119078290876,1.9967096431429603,343.87514794099764
0.4756496953648912,0.0,0.8936137164630148,0.0,0.44160137113897135,0.0,6.196318970919176,1.9954296431429601,343.7078737546837
0.4749661316632537,0.0,0.8939806324078745,0.0,0.4423084254687272,0.0,6.196518311010802,1.9941496431429604,343.54047130717686
0.4742825724254653,0.0,0.8943468755302936,0.0,0.4430154387107695,0.0,6.196717100749608,1.9928696431429602,343.3729412231467
0.4735990176749588,0.0,0.8947124466625472,0.0,0.44372241094612613,0.0,6.196915342308244,1.9915896431429605,343.20528412443224
0.4729154674349701,0.0,0.8950773466341101,0.0,0.4444293422555987,0.0,6.197113037848194,1.9903096431429614,343.03750063004543
0.47223192172853684,0.0,0.8954415762716669,0.0,0.4451362327197631,0.0,6.197310189519872,1.9890296431429604,342.86959135620293
0.471548380578504,0.0,0.8958051363991228,0.0,0.44584308241896875,0.0,6.197506799462687,1.9877496431429607,342.70155691633386
0.47086484400752154,0.0,0.896168027837616,0.0,0.4465498914333418,0.0,6.197702869805108,1.9864696431429603,342.5333979210977
0.47018131203804797,0.0,0.8965302514055281,0.0,0.4472566598427839,0.0,6.19789840266473,1.9851896431429608,342.3651149784041
0.46949778469235204,0.0,0.896891807918496,0.0,0.44796338772697264,0.0,6.198093400148346,1.9839096431429608,342.19670869339933
0.46881426199251247,0.0,0.8972526981894217,0.0,0.4486700751653648,0.0,6.198287864352022,1.9826296431429609,342.0281796685167
0.4681307439604215,0.0,0.8976129230284838,0.0,0.4493767222371929,0.0,6.1984817973611515,1.9813496431429611,341.8595285034966
0.46744723061778504,0.0,0.8979724832431484,0.0,0.4500833290214709,0.0,6.1986752012505235,1.980069643142961,341.69075579535087
0.4667637219861245,0.0,0.8983313796381804,0.0,0.45078989559698984,0.0,6.1988680780844,1.9787896431429612,341.5218621384289
0.46608021808677813,0.0,0.8986896130156533,0.0,0.45149642204232177,0.0,6.199060429916576,1.9775096431429608,341.3528481244214
0.46539671894090306,0.0,0.8990471841749609,0.0,0.45220290843581823,0.0,6.199252258790441,1.9762296431429611,341.1837143423556
0.46471322456947595,0.0,0.8994040939128267,0.0,0.4529093548556138,0.0,6.199443566739044,1.9749496431429618,341.0144613786137
0.4640297349932938,0.0,0.899760343023316,0.0,0.45361576137962495,0.0,6.199634355785161,1.973669643142961,340.8450898169842
0.46334625023297776,0.0,0.9001159322978451,0.0,0.45432212808554906,0.0,6.199824627941359,1.9723896431429613,340.6756002386084
0.46266277030897196,0.0,0.9004708625251928,0.0,0.455028455050869,0.0,6.200014385210061,1.9711096431429613,340.5059932220684
0.46197929524154585,0.0,0.9008251344915102,0.0,0.45573474235284944,0.0,6.200203629583599,1.9698296431429614,340.33626934335155
0.46129582505079514,0.0,0.901178748980332,0.0,0.4564409900685409,0.0,6.200392363044293,1.9685496431429617,340.16642917588416
0.4606123597566451,0.0,0.9015317067725842,0.0,0.45714719827477956,0.0,6.200580587564494,1.967269643142962,339.9964732905291
0.4599288993788487,0.0,0.9018840086465987,0.0,0.4578533670481868,0.0,6.200768305106666,1.9659896431429609,339.8264022556218
0.45924544393699085,0.0,0.9022356553781185,0.0,0.4585594964651703,0.0,6.200955517623423,1.9647096431429611,339.6562166369869
0.4585619934504871,0.0,0.9025866477403128,0.0,0.4592655866019253,0.0,6.201142227057618,1.9634296431429614,339.4859169979169
0.45787854793858734,0.0,0.902936986503783,0.0,0.4599716375344357,0.0,6.201328435342374,1.9621496431429617,339.31550389921716
0.45719510742037567,0.0,0.9032866724365751,0.0,0.46067764933847233,0.0,6.201514144401163,1.9608696431429615,339.14497789921364
0.4565116719147723,0.0,0.9036357063041888,0.0,0.4613836220895968,0.0,6.201699356147866,1.9595896431429618,338.9743395537563
0.45582824144053397,0.0,0.903984088869588,0.0,0.46208955586315875,0.0,6.201884072486816,1.958309643142962,338.80358941624615
0.4551448160162564,0.0,0.9043318208932101,0.0,0.46279545073429956,0.0,6.202068295312872,1.9570296431429623,338.63272803763687
0.45446139566037413,0.0,0.9046789031329763,0.0,0.46350130677795204,0.0,6.202252026511469,1.9557496431429617,338.46175596645696
0.4537779803911639,0.0,0.9050253363443,0.0,0.4642071240688393,0.0,6.202435267958684,1.954469643142962,338.2906737488213
0.45309457022674277,0.0,0.9053711212800997,0.0,0.46491290268147767,0.0,6.202618021521278,1.953189643142962,338.1194819284356
0.4524111651850723,0.0,0.9057162586908052,0.0,0.4656186426901763,0.0,6.20280028905677,1.951909643142962,337.9481810466152
0.4517277652839583,0.0,0.9060607493243686,0.0,0.46632434416903795,0.0,6.202982072413477,1.9506296431429622,337.7767716423167
0.45104437054105206,0.0,0.9064045939262749,0.0,0.46703000719196003,0.0,6.203163373430583,1.9493496431429618,337.6052542521045
0.45036098097385185,0.0,0.9067477932395499,0.0,0.46773563183263367,0.0,6.203344193938193,1.9480696431429618,337.43362941020973
0.44967759659970385,0.0,0.9070903480047704,0.0,0.4684412181645473,0.0,6.203524535757381,1.946789643142962,337.2618976485292
0.4489942174358035,0.0,0.9074322589600737,0.0,0.4691467662609845,0.0,6.203704400700247,1.9455096431429622,337.09005949661776
0.4483108434991969,0.0,0.9077735268411669,0.0,0.469852276195025,0.0,6.203883790569974,1.944229643142962,336.9181154817283
0.4476274748067812,0.0,0.9081141523813354,0.0,0.4705577480395476,0.0,6.204062707160884,1.942949643142963,336.74606612881263
0.4469441113753061,0.0,0.9084541363114542,0.0,0.4712631818672282,0.0,6.20424115225849,1.9416696431429623,336.57391196053493
0.44626075322137515,0.0,0.9087934793599953,0.0,0.47196857775054124,0.0,6.204419127639536,1.9403896431429626,336.40165349727056
0.44557740036144766,0.0,0.9091321822530372,0.0,0.47267393576176,0.0,6.2045966350720745,1.9391096431429624,336.2292912571545
0.4448940528118375,0.0,0.9094702457142744,0.0,0.47337925597295916,0.0,6.204773676315503,1.937829643142963,336.05682575605005
0.4442107105887166,0.0,0.9098076704650265,0.0,0.47408453845601284,0.0,6.204950253120614,1.9365496431429625,335.8842575075857
0.44352737370811424,0.0,0.9101444572242468,0.0,0.47478978328259736,0.0,6.205126367229658,1.9352696431429626,335.71158702317496
0.44284404218592033,0.0,0.9104806067085321,0.0,0.47549499052418837,0.0,6.20530202037638,1.933989643142963,335.5388148119981
0.4421607160378834,0.0,0.9108161196321304,0.0,0.4762001602520677,0.0,6.20547721428609,1.9327096431429631,335.36594138103584
0.44147739527961416,0.0,0.9111509967069514,0.0,0.47690529253731717,0.0,6.205651950675697,1.931429643142963,335.19296723508734
0.4407940799265864,0.0,0.9114852386425734,0.0,0.477610387450823,0.0,6.205826231253761,1.9301496431429634,335.0198928767622
0.44011076999413595,0.0,0.9118188461462541,0.0,0.47831544506327683,0.0,6.206000057720553,1.9288696431429635,334.84671880650666
0.4394274654974639,0.0,0.912151819922938,0.0,0.4790204654451738,0.0,6.206173431768098,1.927589643142963,334.6734455226043
0.4387441664516376,0.0,0.9124841606752655,0.0,0.47972544866681466,0.0,6.206346355080217,1.9263096431429632,334.50007352119064
0.43806087287158935,0.0,0.9128158691035819,0.0,0.4804303947983073,0.0,6.2065188293325955,1.9250296431429625,334.3266032962891
0.43737758477212074,0.0,0.9131469459059449,0.0,0.4811353039095652,0.0,6.206690856192803,1.9237496431429635,334.15303533977465
0.43669430216790034,0.0,0.9134773917781354,0.0,0.4818401760703094,0.0,6.206862437320374,1.922469643142963,333.9793701414195
0.4360110250734675,0.0,0.9138072074136631,0.0,0.4825450113500693,0.0,6.207033574366837,1.9211896431429631,333.80560818890524
0.4353277535032312,0.0,0.9141363935037773,0.0,0.48324980981818283,0.0,6.20720426897575,1.9199096431429632,333.631749967812
0.4346444874714727,0.0,0.9144649507374749,0.0,0.48395457154379584,0.0,6.207374522782781,1.9186296431429632,333.4577959616441
0.43396122699234535,0.0,0.914792879801508,0.0,0.4846592965958653,0.0,6.207544337415727,1.9173496431429629,333.2837466518452
0.433277972079876,0.0,0.9151201813803922,0.0,0.4853639850431582,0.0,6.2077137144945675,1.9160696431429631,333.10960251780205
0.43259472274796634,0.0,0.9154468561564164,0.0,0.48606863695425145,0.0,6.207882655631517,1.9147896431429636,332.9353640368464
0.4319114790103919,0.0,0.91577290480965,0.0,0.4867732523975354,0.0,6.208051162431065,1.9135096431429635,332.76103168429165
0.43122824088080625,0.0,0.9160983280179502,0.0,0.4874778314412106,0.0,6.208219236490028,1.912229643142964,332.58660593342415
0.43054500837273996,0.0,0.9164231264569722,0.0,0.48818237415329113,0.0,6.208386879397576,1.9109496431429638,332.41208725549933
0.4298617814996005,0.0,0.9167473008001763,0.0,0.4888868806016046,0.0,6.208554092735305,1.9096696431429638,332.2374761197965
0.4291785602746757,0.0,0.9170708517188355,0.0,0.48959135085379246,0.0,6.208720878077263,1.9083896431429634,332.0627729935924
0.4284953447111328,0.0,0.9173937798820447,0.0,0.4902957849773098,0.0,6.208887236989995,1.9071096431429637,331.8879783421741
0.4278121348220198,0.0,0.9177160859567279,0.0,0.49100018303942744,0.0,6.209053171032595,1.9058296431429633,331.71309262887786
0.4271289306202671,0.0,0.9180377706076462,0.0,0.49170454510723194,0.0,6.209218681756745,1.9045496431429645,331.5381163150595
0.42644573211868664,0.0,0.918358834497407,0.0,0.49240887124762583,0.0,6.209383770706758,1.903269643142964,331.36304986013823
0.425762539329975,0.0,0.9186792782864691,0.0,0.49311316152732804,0.0,6.209548439419621,1.9019896431429646,331.1878937215997
0.4250793522667125,0.0,0.9189991026331538,0.0,0.49381741601287654,0.0,6.2097126894250385,1.9007096431429642,331.0126483549732
0.424396170941365,0.0,0.9193183081936506,0.0,0.49452163477062533,0.0,6.209876522245476,1.8994296431429643,330.837314213894
0.4237129953662842,0.0,0.9196368956220258,0.0,0.49522581786674785,0.0,6.2100399393962045,1.8981496431429643,330.6618917500842
0.4230298255537096,0.0,0.9199548655702298,0.0,0.4959299653672367,0.0,6.2102029423853295,1.8968696431429644,330.4863814133622
0.4223466615157673,0.0,0.9202722186881055,0.0,0.4966340773379038,0.0,6.210365532713849,1.895589643142964,330.3107836516574
0.42166350326447255,0.0,0.9205889556233948,0.0,0.49733815384438257,0.0,6.210527711875689,1.8943096431429645,330.13509891102274
0.42098035081173074,0.0,0.9209050770217482,0.0,0.4980421949521248,0.0,6.210689481357738,1.893029643142964,329.9593276356353
0.42029720416933697,0.0,0.9212205835267293,0.0,0.49874620072640635,0.0,6.2108508426398945,1.8917496431429648,329.78347026782814
0.4196140633489772,0.0,0.921535475779826,0.0,0.4994501712323234,0.0,6.211011797195112,1.8904696431429648,329.60752724805866
0.4189309283622297,0.0,0.9218497544204549,0.0,0.5001541065347955,0.0,6.211172346489418,1.8891896431429647,329.4314990149689
0.418247799220566,0.0,0.9221634200859704,0.0,0.5008580066985645,0.0,6.211332491981987,1.8879096431429656,329.2553860053631
0.4175646759353498,0.0,0.9224764734116719,0.0,0.5015618717881978,0.0,6.211492235125155,1.8866296431429648,329.07918865421516
0.41688155851784026,0.0,0.922788915030811,0.0,0.5022657018680844,0.0,6.211651577364459,1.8853496431429653,328.9029073947009
0.4161984469791912,0.0,0.9231007455745991,0.0,0.5029694970024404,0.0,6.211810520138692,1.8840696431429647,328.72654265818034
0.4155153413304532,0.0,0.9234119656722136,0.0,0.5036732572553053,0.0,6.211969064879928,1.882789643142965,328.55009487423735
0.4148322415825721,0.0,0.9237225759508078,0.0,0.5043769826905462,0.0,6.212127213013566,1.8815096431429648,328.3735644706494
0.41414914774639205,0.0,0.9240325770355144,0.0,0.5050806733718561,0.0,6.212284965958369,1.880229643142965,328.19695187344223
0.41346605983265505,0.0,0.9243419695494567,0.0,0.5057843293627546,0.0,6.2124423251265,1.878949643142965,328.0202575068689
0.4127829778520029,0.0,0.9246507541137522,0.0,0.5064879507265891,0.0,6.212599291923561,1.877669643142966,327.84348179342203
0.4120999018149757,0.0,0.9249589313475229,0.0,0.5071915375265361,0.0,6.212755867748625,1.8763896431429652,327.6666251538455
0.41141683173201543,0.0,0.9252665018678996,0.0,0.5078950898255989,0.0,6.212912053994283,1.8751096431429652,327.489688007153
0.4107337676134639,0.0,0.9255734662900307,0.0,0.5085986076866117,0.0,6.213067852046678,1.8738296431429655,327.3126707706446
0.41005070946956607,0.0,0.9258798252270888,0.0,0.5093020911722383,0.0,6.213223263285533,1.8725496431429656,327.1355738598581
0.40936765731046804,0.0,0.926185579290278,0.0,0.5100055403449715,0.0,6.213378289084201,1.8712696431429654,326.95839768866233
0.40868461114622123,0.0,0.9264907290888399,0.0,0.5107089552671362,0.0,6.213532930809685,1.8699896431429663,326.78114266919823
0.40800157098677936,0.0,0.9267952752300614,0.0,0.5114123360008893,0.0,6.2136871898227,1.868709643142966,326.6038092119287
0.40731853684200164,0.0,0.9270992183192815,0.0,0.5121156826082178,0.0,6.213841067477675,1.867429643142965,326.426397725622
0.4066355087216536,0.0,0.9274025589598976,0.0,0.5128189951509419,0.0,6.213994565122813,1.8661496431429656,326.24890861737794
0.4059524866354056,0.0,0.9277052977533731,0.0,0.5135222736907156,0.0,6.214147684100124,1.8648696431429654,326.071342292622
0.40526947059283497,0.0,0.9280074352992432,0.0,0.5142255182890265,0.0,6.214300425745445,1.8635896431429662,325.89369915513487
0.40458646060342796,0.0,0.9283089721951233,0.0,0.5149287290071947,0.0,6.2144527913884895,1.8623096431429658,325.71597960702223
0.4039034566765773,0.0,0.928609909036714,0.0,0.5156319059063766,0.0,6.214604782352887,1.8610296431429658,325.538184048772
0.40322045882158597,0.0,0.9289102464178078,0.0,0.5163350490475632,0.0,6.214756399956191,1.8597496431429656,325.36031287922947
0.4025374670476656,0.0,0.9292099849302977,0.0,0.5170381584915812,0.0,6.21490764550994,1.8584696431429661,325.18236649561277
0.40185448136393875,0.0,0.9295091251641819,0.0,0.5177412342990925,0.0,6.215058520319679,1.8571896431429662,325.0043452935323
0.40117150177943844,0.0,0.929807667707571,0.0,0.5184442765305985,0.0,6.215209025685,1.855909643142966,324.82624966698256
0.4004885283031096,0.0,0.9301056131466948,0.0,0.5191472852464338,0.0,6.215359162899562,1.8546296431429659,324.64808000835234
0.39980556094380904,0.0,0.930402962065908,0.0,0.5198502605067749,0.0,6.215508933251139,1.8533496431429664,324.46983670846
0.39912259971030684,0.0,0.9306997150476979,0.0,0.5205532023716342,0.0,6.215658338021647,1.8520696431429662,324.2915201565125
0.39843964461128617,0.0,0.93099587267269,0.0,0.5212561109008638,0.0,6.2158073784871775,1.8507896431429658,324.11313074016124
0.39775669565534455,0.0,0.9312914355196548,0.0,0.5219589861541539,0.0,6.2159560559180305,1.8495096431429663,323.93466884548565
0.39707375285099417,0.0,0.931586404165514,0.0,0.5226618281910361,0.0,6.216104371578741,1.8482296431429666,323.7561348569989
0.39639081620666233,0.0,0.9318807791853471,0.0,0.5233646370708822,0.0,6.216252326728114,1.846949643142966,323.57752915767304
0.39570788573069327,0.0,0.932174561152397,0.0,0.5240674128529036,0.0,6.2163999226192725,1.8456696431429664,323.3988521289208
0.39502496143134647,0.0,0.9324677506380774,0.0,0.5247701555961549,0.0,6.216547160499659,1.8443896431429663,323.2201041506471
0.39434204331679995,0.0,0.9327603482119781,0.0,0.5254728653595316,0.0,6.216694041611091,1.8431096431429663,323.04128560119455
0.3936591313951487,0.0,0.9330523544418725,0.0,0.5261755422017708,0.0,6.216840567189787,1.8418296431429666,322.8623968574103
0.39297622567440643,0.0,0.9333437698937218,0.0,0.5268781861814545,0.0,6.216986738466387,1.8405496431429669,322.6834382946181
0.39229332616250606,0.0,0.9336345951316832,0.0,0.5275807973570066,0.0,6.217132556666002,1.8392696431429667,322.50441028664187
0.39161043286729913,0.0,0.9339248307181154,0.0,0.5282833757866958,0.0,6.217278023008214,1.8379896431429665,322.32531320580165
0.39092754579655925,0.0,0.9342144772135834,0.0,0.5289859215286343,0.0,6.217423138707156,1.8367096431429664,322.1461474229324
0.39024466495797955,0.0,0.9345035351768665,0.0,0.5296884346407801,0.0,6.217567904971489,1.8354296431429673,321.9669133073865
0.3895617903591744,0.0,0.934792005164964,0.0,0.5303909151809361,0.0,6.217712323004463,1.8341496431429671,321.7876112270469
0.38887892200768054,0.0,0.9350798877330996,0.0,0.5310933632067522,0.0,6.217856394003941,1.8328696431429663,321.60824154831454
0.3881960599109572,0.0,0.9353671834347292,0.0,0.531795778775723,0.0,6.218000119162432,1.831589643142967,321.428804636148
0.38751320407638673,0.0,0.9356538928215469,0.0,0.5324981619451913,0.0,6.218143499667105,1.8303096431429673,321.2493008540406
0.38683035451127423,0.0,0.9359400164434891,0.0,0.5332005127723476,0.0,6.218286536699835,1.8290296431429665,321.06973056405
0.3861475112228511,0.0,0.9362255548487427,0.0,0.5339028313142283,0.0,6.218429231437231,1.827749643142967,320.89009412678854
0.38546467421827096,0.0,0.9365105085837493,0.0,0.5346051176277201,0.0,6.218571585050651,1.826469643142967,320.71039190144586
0.38478184350461414,0.0,0.9367948781932114,0.0,0.5353073717695588,0.0,6.218713598706249,1.8251896431429668,320.53062424577786
0.38409901908888733,0.0,0.9370786642200988,0.0,0.5360095937963281,0.0,6.2188552735649845,1.8239096431429673,320.35079151612643
0.38341620097802154,0.0,0.9373618672056546,0.0,0.536711783764462,0.0,6.218996610782672,1.8226296431429672,320.17089406743906
0.38273338917887717,0.0,0.9376444876893996,0.0,0.5374139417302453,0.0,6.219137611509991,1.821349643142968,319.9909322532457
0.38205058369823947,0.0,0.9379265262091392,0.0,0.5381160677498148,0.0,6.219278276892511,1.820069643142967,319.8109064256794
0.38136778454282466,0.0,0.9382079833009688,0.0,0.538818161879155,0.0,6.219418608070763,1.8187896431429678,319.6308169354959
0.38068499171927445,0.0,0.9384888594992795,0.0,0.5395202241741057,0.0,6.219558606180189,1.8175096431429676,319.4506641320686
0.38000220523416117,0.0,0.9387691553367637,0.0,0.5402222546903579,0.0,6.219698272351246,1.8162296431429676,319.2704483633901
0.379319425093987,0.0,0.939048871344421,0.0,0.5409242534834537,0.0,6.219837607709389,1.8149496431429677,319.09016997609046
0.37863665130518304,0.0,0.9393280080515629,0.0,0.5416262206087913,0.0,6.219976613375117,1.8136696431429677,318.9098293154412
0.3779538838741114,0.0,0.9396065659858199,0.0,0.5423281561216206,0.0,6.220115290463985,1.8123896431429678,318.72942672535106
0.37727112280706554,0.0,0.9398845456731455,0.0,0.5430300600770458,0.0,6.220253640086637,1.8111096431429679,318.54896254839576
0.3765883681102699,0.0,0.9401619476378229,0.0,0.5437319325300263,0.0,6.22039166334885,1.8098296431429675,318.3684371257977
0.3759056197898812,0.0,0.9404387724024696,0.0,0.544433773535376,0.0,6.2205293613515265,1.8085496431429677,318.1878507974572
0.3752228778519892,0.0,0.9407150204880436,0.0,0.5451355831477651,0.0,6.220666735190751,1.807269643142968,318.0072039019411
0.3745401423026154,0.0,0.9409906924138487,0.0,0.5458373614217193,0.0,6.220803785957802,1.8059896431429678,317.82649677648635
0.3738574131477162,0.0,0.9412657886975389,0.0,0.5465391084116205,0.0,6.220940514739175,1.8047096431429686,317.6457297570473
0.37317469039318124,0.0,0.9415403098551255,0.0,0.5472408241717084,0.0,6.221076922616619,1.8034296431429682,317.4649031782314
0.3724919740448343,0.0,0.9418142564009815,0.0,0.5479425087560793,0.0,6.221213010667154,1.8021496431429682,317.28401737338226
0.3718092641084349,0.0,0.9420876288478461,0.0,0.5486441622186878,0.0,6.221348779963097,1.8008696431429683,317.1030726745223
0.3711265605896774,0.0,0.9423604277068326,0.0,0.5493457846133467,0.0,6.221484231572096,1.7995896431429677,316.9220694123941
0.37044386349419256,0.0,0.9426326534874304,0.0,0.5500473759937269,0.0,6.221619366557137,1.798309643142968,316.7410079164686
0.36976117282754667,0.0,0.9429043066975128,0.0,0.5507489364133602,0.0,6.221754185976595,1.797029643142968,316.55988851493595
0.3690784885952432,0.0,0.9431753878433413,0.0,0.551450465925636,0.0,6.221888690884227,1.7957496431429683,316.3787115347045
0.36839581080272293,0.0,0.9434458974295706,0.0,0.5521519645838052,0.0,6.222022882329228,1.794469643142968,316.19747730144377
0.367713139455365,0.0,0.9437158359592539,0.0,0.5528534324409792,0.0,6.2221567613562305,1.793189643142969,316.01618613954685
0.3670304745584848,0.0,0.9439852039338485,0.0,0.5535548695501304,0.0,6.222290329005346,1.791909643142969,315.8348383721733
0.3663478161173381,0.0,0.944254001853221,0.0,0.5542562759640918,0.0,6.2224235863121775,1.7906296431429685,315.6534343212304
0.3656651641371191,0.0,0.9445222302156508,0.0,0.5549576517355593,0.0,6.22255653430785,1.7893496431429687,315.47197430737765
0.36498251862296127,0.0,0.9447898895178379,0.0,0.555658996917091,0.0,6.222689174019038,1.7880696431429683,315.29045865006964
0.3642998795799382,0.0,0.9450569802549057,0.0,0.5563603115611064,0.0,6.222821506467974,1.7867896431429688,315.10888766750656
0.3636172470130641,0.0,0.9453235029204066,0.0,0.5570615957198908,0.0,6.222953532672488,1.785509643142969,314.92726167668667
0.3629346209272933,0.0,0.945589458006328,0.0,0.5577628494455911,0.0,6.223085253646027,1.7842296431429687,314.745580993391
0.3622520013275215,0.0,0.9458548460030959,0.0,0.5584640727902196,0.0,6.223216670397669,1.782949643142969,314.5638459321917
0.36156938821858636,0.0,0.9461196673995811,0.0,0.559165265805652,0.0,6.223347783932155,1.7816696431429693,314.3820568064637
0.3608867816052672,0.0,0.9463839226831031,0.0,0.5598664285436299,0.0,6.223478595249919,1.780389643142969,314.2002139283808
0.36020418149228645,0.0,0.9466476123394354,0.0,0.5605675610557601,0.0,6.223609105347088,1.7791096431429692,314.01831760892804
0.35952158788430855,0.0,0.9469107368528112,0.0,0.5612686633935148,0.0,6.223739315215531,1.7778296431429688,313.8363681579095
0.3588390007859414,0.0,0.9471732967059269,0.0,0.5619697356082326,0.0,6.223869225842857,1.7765496431429688,313.6543658839481
0.3581564202017371,0.0,0.9474352923799475,0.0,0.5626707777511194,0.0,6.223998838212462,1.77526964314297,313.4723110944952
0.35747384613619115,0.0,0.9476967243545124,0.0,0.5633717898732481,0.0,6.224128153303533,1.7739896431429694,313.2902040958386
0.3567912785937437,0.0,0.9479575931077381,0.0,0.5640727720255589,0.0,6.224257172091071,1.7727096431429696,313.10804519310886
0.3561087175787807,0.0,0.9482178991162256,0.0,0.5647737242588593,0.0,6.224385895545928,1.77142964314297,312.9258346902601
0.35542616309563163,0.0,0.9484776428550629,0.0,0.5654746466238267,0.0,6.2245143246348045,1.7701496431429695,312.7435728901192
0.3547436151485737,0.0,0.9487368247978305,0.0,0.5661755391710058,0.0,6.224642460320303,1.7688696431429696,312.56126009436576
0.35406107374182866,0.0,0.9489954454166065,0.0,0.5668764019508121,0.0,6.224770303560919,1.7675896431429703,312.3788966035337
0.3533785388795642,0.0,0.9492535051819716,0.0,0.5675772350135302,0.0,6.224897855311072,1.7663096431429692,312.1964827170284
0.3526960105658976,0.0,0.9495110045630122,0.0,0.5682780384093133,0.0,6.22502511652115,1.76502964314297,312.014018733125
0.35201348880488986,0.0,0.949767944027327,0.0,0.5689788121881878,0.0,6.225152088137488,1.7637496431429696,311.8315049489792
0.3513309736005525,0.0,0.9500243240410298,0.0,0.5696795564000481,0.0,6.225278771102427,1.7624696431429703,311.648941660637
0.3506484649568427,0.0,0.9502801450687558,0.0,0.5703802710946633,0.0,6.225405166354306,1.761189643142969,311.4663291630114
0.3499659628776685,0.0,0.9505354075736647,0.0,0.57108095632167,0.0,6.22553127482752,1.7599096431429704,311.28366774994225
0.34928346736688326,0.0,0.9507901120174465,0.0,0.5717816121305814,0.0,6.22565709745249,1.7586296431429702,311.10095771414274
0.34860097842829246,0.0,0.951044258860325,0.0,0.5724822385707804,0.0,6.225782635155721,1.7573496431429698,310.91819934723696
0.34791849606565023,0.0,0.9512978485610628,0.0,0.5731828356915232,0.0,6.225907888859818,1.75606964314297,310.7353929397699
0.3472360202826593,0.0,0.9515508815769665,0.0,0.5738834035419403,0.0,6.226032859483496,1.7547896431429701,310.5525387811888
0.3465535510829738,0.0,0.9518033583638895,0.0,0.5745839421710356,0.0,6.226157547941601,1.7535096431429704,310.3696371598744
0.345871088470198,0.0,0.9520552793762382,0.0,0.5752844516276867,0.0,6.226281955145144,1.75222964314297,310.1866883631253
0.345188632447887,0.0,0.9523066450669749,0.0,0.5759849319606467,0.0,6.226406082001293,1.7509496431429705,310.00369267716763
0.3445061830195468,0.0,0.9525574558876236,0.0,0.5766853832185428,0.0,6.226529929413418,1.7496696431429704,309.8206503871845
0.34382374018863554,0.0,0.9528077122882737,0.0,0.5773858054498783,0.0,6.226653498281116,1.7483896431429704,309.6375617772713
0.34314130395856324,0.0,0.9530574147175848,0.0,0.5780861987030302,0.0,6.226776789500198,1.7471096431429705,309.4544271304904
0.3424588743326912,0.0,0.953306563622789,0.0,0.5787865630262559,0.0,6.2268998039627395,1.7458296431429707,309.27124672885327
0.3417764513143354,0.0,0.9535551594496987,0.0,0.579486898467685,0.0,6.227022542557076,1.744549643142971,309.0880208533285
0.34109403490676216,0.0,0.9538032026427087,0.0,0.580187205075327,0.0,6.227145006167849,1.7432696431429708,308.90474978383304
0.3404116251131928,0.0,0.9540506936448007,0.0,0.5808874828970674,0.0,6.227267195676,1.7419896431429711,308.72143379926916
0.33972922193680205,0.0,0.9542976328975478,0.0,0.5815877319806692,0.0,6.227389111958804,1.7407096431429707,308.5380731775067
0.3390468253807177,0.0,0.9545440208411188,0.0,0.5822879523737748,0.0,6.227510755889879,1.73942964314297,308.3546681953817
0.3383644354480233,0.0,0.9547898579142821,0.0,0.582988144123904,0.0,6.227632128339216,1.7381496431429713,308.17121912871903
0.3376820521417548,0.0,0.9550351445544115,0.0,0.5836883072784556,0.0,6.227753230173188,1.7368696431429709,307.9877262523445
0.3369996754649057,0.0,0.9552798811974867,0.0,0.5843884418847086,0.0,6.227874062254574,1.735589643142971,307.8041898400445
0.33631730542042265,0.0,0.9555240682781024,0.0,0.5850885479898205,0.0,6.227994625442568,1.7343096431429714,307.6206101646266
0.3356349420112084,0.0,0.9557677062294682,0.0,0.5857886256408305,0.0,6.228114920592813,1.7330296431429713,307.43698749788933
0.3349525852401222,0.0,0.9560107954834152,0.0,0.5864886748846554,0.0,6.228234948557406,1.7317496431429709,307.25332211065046
0.33427023510997944,0.0,0.9562533364703988,0.0,0.5871886957680958,0.0,6.228354710184918,1.7304696431429711,307.0696142727022
0.33358789162355046,0.0,0.9564953296195037,0.0,0.5878886883378329,0.0,6.228474206320421,1.7291896431429712,306.88586425290885
0.3329055547835647,0.0,0.9567367753584479,0.0,0.5885886526404274,0.0,6.2285934378055,1.7279096431429712,306.702072319102
0.3322232245927066,0.0,0.9569776741135864,0.0,0.5892885887223247,0.0,6.228712405478256,1.7266296431429708,306.5182387381631
0.3315409010536196,0.0,0.9572180263099149,0.0,0.5899884966298501,0.0,6.228831110173357,1.725349643142971,306.33436377600617
0.3308585841689043,0.0,0.9574578323710742,0.0,0.5906883764092139,0.0,6.228949552722019,1.7240696431429716,306.1504476975613
0.3301762739411189,0.0,0.957697092719355,0.0,0.5913882281065078,0.0,6.229067733952053,1.7227896431429714,305.96649076681865
0.3294939703727805,0.0,0.9579358077757003,0.0,0.592088051767708,0.0,6.229185654687862,1.7215096431429708,305.78249324679507
0.3288116734663647,0.0,0.9581739779597108,0.0,0.5927878474386731,0.0,6.229303315750469,1.7202296431429713,305.5984553995645
0.32812938322430596,0.0,0.9584116036896481,0.0,0.5934876151651475,0.0,6.229420717957533,1.7189496431429714,305.41437748625884
0.32744709964899765,0.0,0.9586486853824383,0.0,0.5941873549927593,0.0,6.22953786212336,1.7176696431429714,305.23025976703696
0.3267648227427931,0.0,0.9588852234536769,0.0,0.5948870669670221,0.0,6.229654749058924,1.7163896431429713,305.0461025011566
0.3260825525080048,0.0,0.9591212183176325,0.0,0.5955867511333336,0.0,6.229771379571886,1.7151096431429718,304.8619059469231
0.32540028894690626,0.0,0.9593566703872489,0.0,0.5962864075369789,0.0,6.229887754466611,1.7138296431429716,304.67767036171114
0.324718032061731,0.0,0.9595915800741522,0.0,0.5969860362231273,0.0,6.230003874544173,1.7125496431429719,304.49339600196896
0.3240357818546726,0.0,0.9598259477886516,0.0,0.5976856372368358,0.0,6.230119740602392,1.7112696431429715,304.30908312323083
0.3233535383278859,0.0,0.960059773939745,0.0,0.5983852106230471,0.0,6.230235353435826,1.7099896431429713,304.12473198011963
0.3226713014834871,0.0,0.9602930589351217,0.0,0.599084756426592,0.0,6.230350713835816,1.7087096431429722,303.9403428263255
0.32198907132355375,0.0,0.9605258031811676,0.0,0.5997842746921881,0.0,6.230465822590464,1.7074296431429725,303.7559159146324
0.32130684785012514,0.0,0.9607580070829678,0.0,0.600483765464441,0.0,6.230580680484694,1.7061496431429721,303.57145149695714
0.3206246310652029,0.0,0.96098967104431,0.0,0.6011832287878444,0.0,6.230695288300233,1.7048696431429717,303.3869498242743
0.3199424209707504,0.0,0.9612207954676896,0.0,0.6018826647067804,0.0,6.230809646815643,1.7035896431429718,303.20241114666953
0.31926021756869355,0.0,0.9614513807543124,0.0,0.6025820732655207,0.0,6.230923756806328,1.7023096431429714,303.0178357133725
0.3185780208609218,0.0,0.9616814273040987,0.0,0.6032814545082248,0.0,6.23103761904456,1.7010296431429723,302.83322377268473
0.3178958308492865,0.0,0.9619109355156873,0.0,0.6039808084789428,0.0,6.231151234299492,1.6997496431429722,302.64857557204374
0.3172136475356043,0.0,0.9621399057864377,0.0,0.6046801352216147,0.0,6.2312646033371655,1.6984696431429722,302.463891358004
0.31653147092165357,0.0,0.9623683385124358,0.0,0.6053794347800701,0.0,6.231377726920529,1.6971896431429725,302.27917137624934
0.3158493010091768,0.0,0.9625962340884958,0.0,0.6060787071980304,0.0,6.231490605809463,1.695909643142973,302.09441587159483
0.31516713779988137,0.0,0.9628235929081655,0.0,0.6067779525191064,0.0,6.231603240760786,1.6946296431429726,301.909625087983
0.3144849812954389,0.0,0.963050415363728,0.0,0.6074771707868006,0.0,6.231715632528263,1.6933496431429729,301.7247992684916
0.313802831497485,0.0,0.9632767018462066,0.0,0.6081763620445091,0.0,6.231827781862641,1.6920696431429723,301.53993865536046
0.31312068840762136,0.0,0.9635024527453676,0.0,0.6088755263355167,0.0,6.2319396895116475,1.6907896431429732,301.35504348994647
0.312438552027413,0.0,0.9637276684497248,0.0,0.6095746637030031,0.0,6.232051356220011,1.6895096431429728,301.1701140127807
0.31175642235839235,0.0,0.9639523493465422,0.0,0.6102737741900395,0.0,6.232162782729471,1.6882296431429729,300.9851504635375
0.3110742994020558,0.0,0.9641764958218376,0.0,0.6109728578395902,0.0,6.2322739697788005,1.6869496431429734,300.8001530810481
0.31039218315986644,0.0,0.9644001082603868,0.0,0.611671914694513,0.0,6.232384918103815,1.685669643142973,300.6151221033052
0.30971007363325354,0.0,0.9646231870457258,0.0,0.6123709447975593,0.0,6.232495628437388,1.684389643142973,300.43005776747276
0.309027970823612,0.0,0.964845732560156,0.0,0.6130699481913746,0.0,6.232606101509473,1.6831096431429726,300.2449603098857
0.3083458747323048,0.0,0.9650677451847458,0.0,0.613768924918498,0.0,6.232716338047099,1.681829643142973,300.0598299660369
0.30766378536066014,0.0,0.9652892252993346,0.0,0.6144678750213647,0.0,6.232826338774406,1.6805496431429734,299.8746669706218
0.3069817027099734,0.0,0.9655101732825381,0.0,0.6151667985423038,0.0,6.2329361044126514,1.6792696431429726,299.68947155749845
0.3062996267815095,0.0,0.9657305895117484,0.0,0.6158656955235394,0.0,6.233045635680215,1.6779896431429735,299.50424395970964
0.3056175575764976,0.0,0.9659504743631404,0.0,0.6165645660071926,0.0,6.233154933292628,1.6767096431429733,299.3189844094993
0.30493549509613643,0.0,0.9661698282116733,0.0,0.6172634100352795,0.0,6.233263997962575,1.675429643142973,299.1336931382909
0.3042534393415932,0.0,0.9663886514310946,0.0,0.6179622276497119,0.0,6.233372830399918,1.6741496431429739,298.94837037671357
0.30357139031400177,0.0,0.9666069443939432,0.0,0.6186610188923004,0.0,6.2334814313117,1.672869643142974,298.76301635459396
0.3028893480144665,0.0,0.9668247074715535,0.0,0.6193597838047498,0.0,6.233589801402168,1.6715896431429735,298.5776313009581
0.3022073124440584,0.0,0.9670419410340576,0.0,0.620058522428664,0.0,6.233697941372773,1.6703096431429734,298.3922154440408
0.3015252836038183,0.0,0.967258645450389,0.0,0.6207572348055446,0.0,6.233805851922211,1.6690296431429732,298.2067690113061
0.3008432614947562,0.0,0.9674748210882868,0.0,0.6214559209767896,0.0,6.233913533746398,1.6677496431429737,298.0212922293996
0.30016124611785155,0.0,0.9676904683142975,0.0,0.6221545809836964,0.0,6.234020987538519,1.666469643142974,297.8357853242181
0.2994792374740527,0.0,0.9679055874937786,0.0,0.6228532148674614,0.0,6.234128213989018,1.6651896431429738,297.6502485208475
0.2987972355642788,0.0,0.9681201789909033,0.0,0.6235518226691783,0.0,6.234235213785623,1.6639096431429738,297.464682043632
0.2981152403894175,0.0,0.9683342431686619,0.0,0.6242504044298408,0.0,6.234341987613357,1.6626296431429735,297.27908611612935
0.2974332519503283,0.0,0.9685477803888655,0.0,0.6249489601903423,0.0,6.234448536154545,1.6613496431429737,297.0934609611261
0.2967512702478404,0.0,0.9687607910121498,0.0,0.6256474899914758,0.0,6.234554860088832,1.6600696431429742,296.9078068006475
0.29606929528275283,0.0,0.9689732753979775,0.0,0.6263459938739351,0.0,6.234660960093201,1.6587896431429736,296.7221238559691
0.29538732705583703,0.0,0.9691852339046418,0.0,0.6270444718783125,0.0,6.234766836841978,1.6575096431429739,296.53641234760767
0.29470536556783417,0.0,0.9693966668892703,0.0,0.6277429240451033,0.0,6.234872491006846,1.6562296431429737,296.35067249530124
0.29402341081945726,0.0,0.9696075747078264,0.0,0.6284413504147025,0.0,6.234977923256863,1.6549496431429742,296.1649045180795
0.29334146281139095,0.0,0.9698179577151139,0.0,0.6291397510274067,0.0,6.235083134258459,1.6536696431429738,295.9791086341946
0.29265952154429087,0.0,0.9700278162647801,0.0,0.629838125923414,0.0,6.235188124675482,1.652389643142974,295.79328506117133
0.29197758701878523,0.0,0.9702371507093174,0.0,0.630536475142825,0.0,6.2352928951691675,1.6511096431429746,295.6074340157852
0.29129565923547307,0.0,0.9704459614000682,0.0,0.6312347987256429,0.0,6.235397446398182,1.6498296431429744,295.4215557140809
0.2906137381949274,0.0,0.9706542486872267,0.0,0.6319330967117722,0.0,6.235501779018628,1.6485496431429747,295.235650371379
0.28993182389769323,0.0,0.9708620129198431,0.0,0.6326313691410207,0.0,6.235605893684051,1.6472696431429745,295.04971820224984
0.28924991634428737,0.0,0.9710692544458249,0.0,0.6333296160530998,0.0,6.235709791045449,1.645989643142975,294.8637594205641
0.2885680155351999,0.0,0.9712759736119417,0.0,0.6340278374876247,0.0,6.235813471751305,1.6447096431429753,294.6777742394425
0.28788612147089365,0.0,0.9714821707638275,0.0,0.6347260334841135,0.0,6.235916936447568,1.643429643142975,294.4917628713155
0.28720423415180574,0.0,0.971687846245983,0.0,0.6354242040819891,0.0,6.236020185777696,1.6421496431429747,294.30572552788635
0.28652235357834593,0.0,0.9718930004017806,0.0,0.6361223493205771,0.0,6.236123220382644,1.6408696431429752,294.119662420095
0.2858404797508974,0.0,0.9720976335734645,0.0,0.6368204692391105,0.0,6.236226040900887,1.6395896431429753,293.9335737582903
0.2851586126698168,0.0,0.9723017461021557,0.0,0.6375185638767258,0.0,6.236328647968434,1.6383096431429758,293.74745975198636
0.28447675233543684,0.0,0.972505338327855,0.0,0.638216633272464,0.0,6.236431042218832,1.6370296431429758,293.56132061007895
0.2837948987480618,0.0,0.972708410589445,0.0,0.6389146774652732,0.0,6.236533224283187,1.6357496431429752,293.3751565407319
0.2831130519079718,0.0,0.9729109632246925,0.0,0.6396126964940064,0.0,6.23663519479016,1.634469643142975,293.1889677514178
0.282431211815421,0.0,0.9731129965702539,0.0,0.6403106903974226,0.0,6.236736954366,1.6331896431429747,293.00275444891633
0.281749378470639,0.0,0.9733145109616745,0.0,0.6410086592141879,0.0,6.236838503634538,1.6319096431429752,292.8165168393151
0.2810675518738294,0.0,0.9735155067333952,0.0,0.6417066029828745,0.0,6.236939843217211,1.6306296431429752,292.63025512801767
0.2803857320251711,0.0,0.9737159842187524,0.0,0.6424045217419623,0.0,6.23704097373306,1.629349643142975,292.44396951974494
0.2797039189248185,0.0,0.973915943749982,0.0,0.6431024155298374,0.0,6.237141895798748,1.6280696431429753,292.2576602185266
0.27902211257290144,0.0,0.9741153856582225,0.0,0.6438002843847948,0.0,6.237242610028582,1.6267896431429754,292.0713274277212
0.278340312969525,0.0,0.9743143102735173,0.0,0.6444981283450364,0.0,6.237343117034502,1.6255096431429747,291.88497135002444
0.2776585201147711,0.0,0.9745127179248175,0.0,0.6451959474486719,0.0,6.237443417426112,1.624229643142976,291.69859218744045
0.2769767340086956,0.0,0.9747106089399852,0.0,0.6458937417337215,0.0,6.237543511810682,1.622949643142975,291.5121901413423
0.2762949546513328,0.0,0.9749079836457956,0.0,0.6465915112381116,0.0,6.237643400793155,1.6216696431429756,291.3257654123489
0.2756131820426919,0.0,0.9751048423679406,0.0,0.647289255999679,0.0,6.237743084976165,1.6203896431429754,291.13931820053097
0.27493141618275896,0.0,0.9753011854310314,0.0,0.6479869760561686,0.0,6.23784256496005,1.6191096431429752,290.9528487052297
0.2742496570714967,0.0,0.9754970131585993,0.0,0.6486846714452366,0.0,6.237941841342851,1.617829643142976,290.7663571251596
0.2735679047088442,0.0,0.9756923258731021,0.0,0.6493823422044475,0.0,6.238040914720345,1.6165496431429758,290.57984365833005
0.27288615909471764,0.0,0.9758871238959234,0.0,0.6500799883712776,0.0,6.238139785686018,1.6152696431429756,290.39330850218306
0.27220442022901203,0.0,0.9760814075473776,0.0,0.6507776099831108,0.0,6.238238454831119,1.6139896431429759,290.206751853439
0.27152268811159747,0.0,0.976275177146711,0.0,0.6514752070772442,0.0,6.238336922744648,1.6127096431429766,290.0201739082232
0.27084096274232217,0.0,0.9764684330121056,0.0,0.6521727796908847,0.0,6.2384351900133534,1.6114296431429762,289.83357486198844
0.2701592441210118,0.0,0.9766611754606815,0.0,0.6528703278611511,0.0,6.2385332572217775,1.610149643142976,289.64695490957513
0.26947753224747106,0.0,0.9768534048084989,0.0,0.6535678516250724,0.0,6.238631124952232,1.6088696431429763,289.4603142451263
0.2687958271214813,0.0,0.9770451213705615,0.0,0.6542653510195905,0.0,6.238728793784833,1.6075896431429761,289.27365306226375
0.2681141287428025,0.0,0.9772363254608194,0.0,0.6549628260815588,0.0,6.238826264297498,1.6063096431429762,289.0869715538479
0.2674324371111726,0.0,0.9774270173921703,0.0,0.6556602768477431,0.0,6.238923537065958,1.6050296431429762,288.90026991223357
0.2667507522263076,0.0,0.9776171974764638,0.0,0.6563577033548224,0.0,6.239020612663778,1.6037496431429759,288.71354832905956
0.2660690740879042,0.0,0.9778068660245028,0.0,0.6570551056393863,0.0,6.239117491662343,1.6024696431429768,288.52680699538604
0.265387402695635,0.0,0.977996023346047,0.0,0.6577524837379404,0.0,6.2392141746309,1.6011896431429766,288.3400461016463
0.26470573804915243,0.0,0.9781846697498143,0.0,0.6584498376869024,0.0,6.239310662136545,1.599909643142976,288.15326583766165
0.26402408014809015,0.0,0.9783728055434845,0.0,0.6591471675226026,0.0,6.239406954744242,1.5986296431429765,287.96646639262275
0.2633424289920576,0.0,0.9785604310337018,0.0,0.659844473281286,0.0,6.239503053016825,1.5973496431429761,287.7796479551366
0.262660784580645,0.0,0.9787475465260759,0.0,0.6605417549991133,0.0,6.239598957515016,1.5960696431429766,287.5928107131846
0.26197914691342306,0.0,0.978934152325187,0.0,0.6612390127121559,0.0,6.239694668797438,1.5947896431429764,287.40595485413877
0.2612975159899404,0.0,0.9791202487345855,0.0,0.6619362464564037,0.0,6.23979018742061,1.5935096431429767,287.21908056478844
0.26061589180972683,0.0,0.9793058360567968,0.0,0.6626334562677595,0.0,6.2398855139389715,1.5922296431429759,287.03218803128647
0.2599342743722911,0.0,0.9794909145933227,0.0,0.663330642182041,0.0,6.239980648904885,1.5909496431429762,286.8452774392593
0.25925266367712335,0.0,0.9796754846446438,0.0,0.6640278042349823,0.0,6.240075592868644,1.5896696431429769,286.65834897363266
0.2585710597236916,0.0,0.9798595465102231,0.0,0.6647249424622332,0.0,6.240170346378494,1.5883896431429767,286.4714028188716
0.25788946251144684,0.0,0.9800431004885063,0.0,0.665422056899359,0.0,6.240264909980617,1.5871096431429774,286.2844391587223
0.2572078720398185,0.0,0.9802261468769271,0.0,0.6661191475818414,0.0,6.240359284219178,1.5858296431429764,286.0974581764257
0.25652628830821855,0.0,0.9804086859719067,0.0,0.666816214545078,0.0,6.2404534696362965,1.584549643142977,285.91046005461607
0.25584471131603803,0.0,0.9805907180688587,0.0,0.6675132578243835,0.0,6.240547466772076,1.5832696431429771,285.7234449753236
0.2551631410626494,0.0,0.9807722434621898,0.0,0.6682102774549907,0.0,6.240641276164617,1.5819896431429772,285.536413120082
0.25448157754740697,0.0,0.9809532624453036,0.0,0.6689072734720473,0.0,6.240734898350016,1.5807096431429772,285.34936466973215
0.25380002076964525,0.0,0.9811337753106012,0.0,0.6696042459106205,0.0,6.240828333862374,1.5794296431429773,285.1622998046064
0.25311847072868104,0.0,0.9813137823494854,0.0,0.6703011948056941,0.0,6.240921583233816,1.5781496431429776,284.9752187045077
0.2524369274238115,0.0,0.9814932838523626,0.0,0.67099812019217,0.0,6.241014646994492,1.5768696431429776,284.7881215485661
0.25175539085431614,0.0,0.9816722801086436,0.0,0.6716950221048693,0.0,6.241107525672581,1.5755896431429774,284.6010085154255
0.2510738610194563,0.0,0.981850771406749,0.0,0.6723919005785295,0.0,6.241200219794317,1.5743096431429775,284.413879783141
0.2503923379184742,0.0,0.9820287580341087,0.0,0.6730887556478087,0.0,6.241292729883977,1.5730296431429776,284.22673552919315
0.24971082155059596,0.0,0.9822062402771645,0.0,0.6737855873472843,0.0,6.241385056463907,1.5717496431429772,284.03957593055236
0.24902931191502745,0.0,0.9823832184213753,0.0,0.6744823957114503,0.0,6.241477200054528,1.5704696431429772,283.8524011635759
0.2483478090109591,0.0,0.9825596927512159,0.0,0.6751791807747219,0.0,6.241569161174329,1.5691896431429777,283.665211404089
0.24766631283756183,0.0,0.9827356635501807,0.0,0.6758759425714347,0.0,6.241660940339896,1.5679096431429778,283.47800682738375
0.24698482339399025,0.0,0.9829111311007867,0.0,0.6765726811358431,0.0,6.241752538065914,1.5666296431429778,283.2907876081796
0.24630334067938112,0.0,0.9830860956845747,0.0,0.6772693965021217,0.0,6.241843954865166,1.5653496431429779,283.10355392065856
0.2456218646928543,0.0,0.9832605575821117,0.0,0.6779660887043657,0.0,6.241935191248557,1.564069643142978,282.9163059384604
0.2449403954335121,0.0,0.9834345170729943,0.0,0.6786627577765911,0.0,6.2420262477251125,1.5627896431429775,282.7290438346938
0.2442589329004405,0.0,0.9836079744358492,0.0,0.6793594037527341,0.0,6.242117124801989,1.5615096431429785,282.5417677819005
0.24357747709270827,0.0,0.983780929948337,0.0,0.6800560266666532,0.0,6.24220782298448,1.560229643142978,282.35447795210564
0.24289602800936694,0.0,0.9839533838871527,0.0,0.6807526265521273,0.0,6.242298342776034,1.5589496431429783,282.1671745168045
0.24221458564945272,0.0,0.9841253365280299,0.0,0.6814492034428571,0.0,6.242388684678255,1.5576696431429786,281.9798576469487
0.2415331500119832,0.0,0.9842967881457418,0.0,0.6821457573724659,0.0,6.242478849190904,1.5563896431429785,281.7925275129683
0.2408517210959625,0.0,0.9844677390141037,0.0,0.6828422883744979,0.0,6.242568836811927,1.5551096431429778,281.60518428475984
0.24017029890037608,0.0,0.9846381894059746,0.0,0.68353879648242,0.0,6.242658648037444,1.553829643142978,281.4178281316976
0.23948888342419483,0.0,0.9848081395932607,0.0,0.6842352817296213,0.0,6.242748283361768,1.5525496431429786,281.2304592226329
0.23880747466637162,0.0,0.9849775898469165,0.0,0.6849317441494152,0.0,6.242837743277404,1.551269643142978,281.04307772589425
0.23812607262584615,0.0,0.9851465404369466,0.0,0.6856281837750363,0.0,6.24292702827507,1.549989643142978,280.8556838093247
0.23744467730154079,0.0,0.9853149916324093,0.0,0.686324600639643,0.0,6.2430161388436956,1.5487096431429783,280.6682776401865
0.23676328869236157,0.0,0.9854829437014179,0.0,0.6870209947763172,0.0,6.2431050754704325,1.5474296431429786,280.48085938526725
0.23608190679720065,0.0,0.9856503969111419,0.0,0.6877173662180651,0.0,6.243193838640664,1.5461496431429784,280.29342921088397
0.23540053161493346,0.0,0.9858173515278115,0.0,0.6884137149978156,0.0,6.243282428838003,1.5448696431429783,280.10598728275403
0.23471916314442104,0.0,0.9859838078167169,0.0,0.6891100411484223,0.0,6.243370846544324,1.5435896431429783,279.9185337661573
0.23403780138450872,0.0,0.9861497660422118,0.0,0.6898063447026643,0.0,6.243459092239733,1.542309643142979,279.73106882584403
0.2333564463340264,0.0,0.9863152264677171,0.0,0.690502625693243,0.0,6.243547166402619,1.5410296431429786,279.54359262606994
0.23267509799178954,0.0,0.9864801893557195,0.0,0.691198884152787,0.0,6.243635069509628,1.539749643142978,279.35610533058696
0.23199375635659986,0.0,0.9866446549677763,0.0,0.6918951201138467,0.0,6.243722802035688,1.5384696431429792,279.1686071026442
0.23131242142724098,0.0,0.9868086235645159,0.0,0.6925913336089025,0.0,6.243810364454005,1.5371896431429795,278.9810981050082
0.23063109320248543,0.0,0.9869720954056415,0.0,0.6932875246703555,0.0,6.243897757236082,1.5359096431429795,278.7935784999427
0.2299497716810896,0.0,0.9871350707499308,0.0,0.6939836933305362,0.0,6.243984980851724,1.5346296431429791,278.6060484492255
0.22926845686179467,0.0,0.9872975498552404,0.0,0.6946798396216989,0.0,6.244072035769039,1.533349643142979,278.41850811413576
0.22858714874332994,0.0,0.9874595329785069,0.0,0.6953759635760236,0.0,6.244158922454449,1.532069643142979,278.230957655472
0.22790584732440775,0.0,0.9876210203757481,0.0,0.6960720652256185,0.0,6.2442456413727045,1.5307896431429793,278.0433972335486
0.22722455260372826,0.0,0.9877820123020652,0.0,0.6967681446025182,0.0,6.244332192986878,1.529509643142979,277.85582700820976
0.22654326457997642,0.0,0.9879425090116472,0.0,0.6974642017386824,0.0,6.244418577758379,1.5282296431429792,277.668247138786
0.22586198325182402,0.0,0.9881025107577694,0.0,0.6981602366659987,0.0,6.24450479614697,1.5269496431429794,277.4806577841572
0.22518070861792863,0.0,0.9882620177927972,0.0,0.6988562494162834,0.0,6.244590848610762,1.525669643142979,277.2930591027257
0.22449944067693514,0.0,0.9884210303681882,0.0,0.6995522400212776,0.0,6.244676735606216,1.52438964314298,277.10545125240395
0.22381817942747245,0.0,0.9885795487344934,0.0,0.7002482085126525,0.0,6.244762457588171,1.5231096431429798,276.9178343906477
0.22313692486815898,0.0,0.98873757314136,0.0,0.7009441549220052,0.0,6.244848015009832,1.5218296431429794,276.7302086744088
0.22245567699759775,0.0,0.9888951038375324,0.0,0.7016400792808618,0.0,6.2449334083227885,1.52054964314298,276.5425742602485
0.22177443581437867,0.0,0.9890521410708548,0.0,0.7023359816206773,0.0,6.245018637977018,1.5192696431429797,276.35493130418706
0.2210932013170794,0.0,0.9892086850882726,0.0,0.7030318619728344,0.0,6.24510370442089,1.5179896431429798,276.16727996179054
0.22041197350426364,0.0,0.9893647361358353,0.0,0.7037277203686443,0.0,6.245188608101177,1.5167096431429798,275.97962038818537
0.21973075237448253,0.0,0.9895202944586969,0.0,0.7044235568393482,0.0,6.245273349463057,1.5154296431429803,275.79195273803373
0.21904953792627346,0.0,0.989675360301119,0.0,0.7051193714161157,0.0,6.2453579289501295,1.5141496431429797,275.6042771655351
0.218368330158163,0.0,0.9898299339064726,0.0,0.7058151641300453,0.0,6.245442347004414,1.5128696431429796,275.4165938244315
0.21768712906866275,0.0,0.9899840155172391,0.0,0.7065109350121662,0.0,6.2455266040663595,1.51158964314298,275.22890286800106
0.21700593465627313,0.0,0.9901376053750133,0.0,0.7072066840934365,0.0,6.245610700574857,1.51030964314298,275.0412044491182
0.21632474691948123,0.0,0.9902907037205044,0.0,0.7079024114047446,0.0,6.2456946369672295,1.5090296431429797,274.85349872011454
0.21564356585676284,0.0,0.9904433107935375,0.0,0.7085981169769096,0.0,6.245778413679259,1.5077496431429804,274.6657858329998
0.2149623914665799,0.0,0.9905954268330579,0.0,0.7092938008406799,0.0,6.245862031145185,1.5064696431429798,274.4780659392114
0.21428122374738354,0.0,0.990747052077129,0.0,0.709989463026735,0.0,6.245945489797703,1.50518964314298,274.29033918980974
0.21360006269761148,0.0,0.9908981867629378,0.0,0.7106851035656856,0.0,6.246028790067981,1.503909643142981,274.1026057354077
0.2129189083156897,0.0,0.9910488311267945,0.0,0.7113807224880733,0.0,6.246111932385674,1.5026296431429804,273.91486572616896
0.21223776060003335,0.0,0.9911989854041351,0.0,0.7120763198243699,0.0,6.246194917178907,1.5013496431429805,273.72711931182135
0.2115566195490447,0.0,0.9913486498295232,0.0,0.7127718956049798,0.0,6.246277744874309,1.5000696431429805,273.53936664165303
0.2108754851611142,0.0,0.9914978246366511,0.0,0.7134674498602387,0.0,6.246360415896991,1.4987896431429808,273.35160786452434
0.21019435743462112,0.0,0.9916465100583429,0.0,0.7141629826204139,0.0,6.2464429306705735,1.497509643142981,273.1638431288477
0.20951323636793215,0.0,0.9917947063265552,0.0,0.714858493915705,0.0,6.2465252896171926,1.49622964314298,272.9760725826283
0.20883212195940395,0.0,0.9919424136723793,0.0,0.7155539837762426,0.0,6.246607493157493,1.4949496431429805,272.788296373396
0.20815101420738077,0.0,0.9920896323260423,0.0,0.7162494522320918,0.0,6.246689541710643,1.4936696431429808,272.6005146483529
0.20746991311019558,0.0,0.9922363625169098,0.0,0.716944899313249,0.0,6.2467714356943445,1.4923896431429815,272.412727554142
0.20678881866616983,0.0,0.9923826044734878,0.0,0.7176403250496435,0.0,6.246853175524831,1.4911096431429804,272.2249352370797
0.20610773087361545,0.0,0.9925283584234231,0.0,0.718335729471137,0.0,6.24693476161688,1.4898296431429812,272.0371378430193
0.20542664973083044,0.0,0.9926736245935057,0.0,0.7190311126075265,0.0,6.247016194383812,1.4885496431429808,271.8493355174054
0.2047455752361049,0.0,0.9928184032096707,0.0,0.7197264744885399,0.0,6.247097474237507,1.4872696431429813,271.6615284052718
0.20406450738771564,0.0,0.9929626944970013,0.0,0.7204218151438395,0.0,6.247178601588404,1.4859896431429813,271.473716651212
0.2033834461839293,0.0,0.9931064986797262,0.0,0.7211171346030233,0.0,6.24725957684551,1.4847096431429816,271.2859003994383
0.2027023916230029,0.0,0.9932498159812274,0.0,0.7218124328956197,0.0,6.247340400416397,1.4834296431429816,271.0980797937193
0.20202134370318073,0.0,0.9933926466240364,0.0,0.7225077100510945,0.0,6.247421072707231,1.4821496431429813,270.91025497740833
0.20134030242269876,0.0,0.9935349908298392,0.0,0.7232029660988454,0.0,6.2475015941227445,1.4808696431429813,270.7224260935262
0.20065926777978182,0.0,0.9936768488194764,0.0,0.7238982010682065,0.0,6.247581965066282,1.4795896431429818,270.5345932845638
0.19997823977264187,0.0,0.9938182208129459,0.0,0.7245934149884461,0.0,6.2476621859397685,1.4783096431429814,270.3467566926987
0.19929721839948394,0.0,0.993959107029404,0.0,0.7252886078887664,0.0,6.24774225714373,1.4770296431429815,270.158916459664
0.19861620365850172,0.0,0.9940995076871668,0.0,0.7259837797983059,0.0,6.247822179077322,1.4757496431429815,269.97107272679824
0.19793519554787709,0.0,0.9942394230037119,0.0,0.7266789307461383,0.0,6.247901952138297,1.4744696431429813,269.78322563505225
0.19725419406578498,0.0,0.9943788531956811,0.0,0.7273740607612712,0.0,6.247981576723033,1.473189643142982,269.5953753249558
0.1965731992103864,0.0,0.9945177984788803,0.0,0.7280691698726511,0.0,6.248061053226537,1.4719096431429821,269.4075219366676
0.19589221097983567,0.0,0.9946562590682824,0.0,0.7287642581091575,0.0,6.248140382042448,1.470629643142981,269.21966560992274
0.1952112293722758,0.0,0.9947942351780288,0.0,0.729459325499606,0.0,6.24821956356304,1.469349643142982,269.03180648407834
0.1945302543858407,0.0,0.9949317270214292,0.0,0.730154372072751,0.0,6.248298598179244,1.468069643142982,268.84394469810417
0.19384928601865345,0.0,0.9950687348109671,0.0,0.7308493978572803,0.0,6.24837748628062,1.4667896431429819,268.6560803905634
0.19316832426882863,0.0,0.9952052587582972,0.0,0.7315444028818199,0.0,6.248456228255403,1.465509643142982,268.46821369964385
0.19248736913447048,0.0,0.995341299074249,0.0,0.7322393871749325,0.0,6.248534824490478,1.4642296431429818,268.2803447631236
0.19180642061367392,0.0,0.9954768559688281,0.0,0.7329343507651179,0.0,6.248613275371404,1.4629496431429818,268.0924737184689
0.19112547870452576,0.0,0.9956119296512186,0.0,0.7336292936808115,0.0,6.24869158128241,1.4616696431429823,267.90460070264623
0.1904445434051007,0.0,0.9957465203297825,0.0,0.7343242159503885,0.0,6.2487697426064,1.4603896431429824,267.7167258523014
0.18976361471346712,0.0,0.9958806282120635,0.0,0.7350191176021598,0.0,6.248847759724973,1.4591096431429822,267.52884930375893
0.18908269262768168,0.0,0.9960142535047876,0.0,0.7357139986643743,0.0,6.2489256330184055,1.457829643142982,267.3409711928466
0.1884017771457943,0.0,0.9961473964138634,0.0,0.7364088591652195,0.0,6.249003362865676,1.4565496431429823,267.1530916550875
0.18772086826584383,0.0,0.9962800571443866,0.0,0.7371036991328201,0.0,6.24908094964446,1.4552696431429823,266.9652108256113
0.18703996598586162,0.0,0.9964122359006393,0.0,0.7377985185952388,0.0,6.249158393731146,1.453989643142982,266.77732883918213
0.18635907030386878,0.0,0.9965439328860904,0.0,0.7384933175804788,0.0,6.249235695500825,1.452709643142982,266.5894458301823
0.1856781812178793,0.0,0.9966751483034005,0.0,0.7391880961164787,0.0,6.249312855327315,1.4514296431429827,266.4015619326315
0.18499729872589613,0.0,0.9968058823544214,0.0,0.7398828542311183,0.0,6.249389873583147,1.4501496431429826,266.213677280158
0.1843164228259156,0.0,0.9969361352401964,0.0,0.7405775919522157,0.0,6.249466750639583,1.4488696431429822,266.0257920060553
0.1836355535159247,0.0,0.9970659071609649,0.0,0.7412723093075266,0.0,6.249543486866625,1.4475896431429827,265.83790624322717
0.18295469079390106,0.0,0.9971951983161604,0.0,0.741967006324749,0.0,6.249620082633001,1.446309643142983,265.6500201242036
0.18227383465781502,0.0,0.9973240089044151,0.0,0.7426616830315182,0.0,6.249696538306199,1.4450296431429825,265.46213378122303
0.18159298510562816,0.0,0.9974523391235587,0.0,0.743356339455409,0.0,6.249772854252437,1.4437496431429826,265.27424734604125
0.18091214213529302,0.0,0.9975801891706222,0.0,0.7440509756239367,0.0,6.249849030836706,1.4424696431429829,265.08636095014026
0.18023130574475488,0.0,0.9977075592418373,0.0,0.7447455915645569,0.0,6.249925068422738,1.441189643142983,264.8984747246365
0.17955047593194995,0.0,0.9978344495326393,0.0,0.7454401873046643,0.0,6.2500009673730474,1.4399096431429832,264.71058880027005
0.17886965269480667,0.0,0.997960860237668,0.0,0.7461347628715952,0.0,6.25007672804891,1.4386296431429826,264.52270330744824
0.17818883603124488,0.0,0.9980867915507685,0.0,0.7468293182926254,0.0,6.2501523508103745,1.4373496431429822,264.3348183761659
0.17750802593917842,0.0,0.9982122436649936,0.0,0.7475238535949711,0.0,6.250227836016275,1.4360696431429831,264.1469341361271
0.17682722241651008,0.0,0.9983372167726055,0.0,0.7482183688057902,0.0,6.2503031840242285,1.4347896431429832,263.9590507166469
0.17614642546113682,0.0,0.9984617110650746,0.0,0.7489128639521818,0.0,6.250378395190645,1.4335096431429832,263.77116824675613
0.17546563507094717,0.0,0.9985857267330849,0.0,0.7496073390611856,0.0,6.2504534698707195,1.4322296431429828,263.5832868550565
0.17478485124382231,0.0,0.9987092639665323,0.0,0.7503017941597815,0.0,6.250528408418462,1.4309496431429833,263.3954066698245
0.17410407397763486,0.0,0.998832322954527,0.0,0.7509962292748931,0.0,6.250603211186683,1.4296696431429834,263.2075278190245
0.1734233032702508,0.0,0.9989549038853952,0.0,0.7516906444333841,0.0,6.250677878526995,1.4283896431429837,263.01965043024944
0.17274253911952733,0.0,0.9990770069466797,0.0,0.752385039662061,0.0,6.250752410789835,1.427109643142984,262.8317746307507
0.17206178152331547,0.0,0.9991986323251416,0.0,0.7530794149876717,0.0,6.250826808324456,1.4258296431429842,262.64390054744666
0.1713810304794579,0.0,0.9993197802067626,0.0,0.7537737704369063,0.0,6.250901071478941,1.4245496431429836,262.4560283069238
0.17070028598579023,0.0,0.9994404507767444,0.0,0.7544681060363971,0.0,6.250975200600199,1.4232696431429832,262.26815803539085
0.17001954804014038,0.0,0.999560644219512,0.0,0.755162421812719,0.0,6.251049196033972,1.421989643142984,262.0802898587932
0.16933881664032968,0.0,0.9996803607187129,0.0,0.7558567177923904,0.0,6.25112305812485,1.4207096431429835,261.8924239026956
0.16865809178417202,0.0,0.9997996004572212,0.0,0.7565509940018709,0.0,6.251196787216246,1.4194296431429838,261.7045602922944
0.16797737346947353,0.0,0.9999183636171367,0.0,0.7572452504675642,0.0,6.251270383650453,1.418149643142984,261.5166991525012
0.16729666169403362,0.0,1.0000366503797864,0.0,0.7579394872158173,0.0,6.251343847768594,1.4168696431429837,261.3288406079111
0.16661595645564475,0.0,1.000154460925727,0.0,0.7586337042729194,0.0,6.25141717991067,1.415589643142984,261.1409847827746
0.1659352577520925,0.0,1.0002717954347453,0.0,0.7593279016651039,0.0,6.251490380415521,1.4143096431429845,260.9531318009642
0.1652545655811556,0.0,1.0003886540858598,0.0,0.7600220794185487,0.0,6.251563449620872,1.4130296431429836,260.7652817860769
0.1645738799406054,0.0,1.0005050370573216,0.0,0.760716237559373,0.0,6.251636387863323,1.4117496431429841,260.5774348613822
0.16389320082820663,0.0,1.000620944526616,0.0,0.7614103761136425,0.0,6.251709195478339,1.4104696431429842,260.38959114981424
0.16321252824171806,0.0,1.0007363766704642,0.0,0.7621044951073654,0.0,6.2517818728002785,1.409189643142984,260.20175077399267
0.16253186217888999,0.0,1.0008513336648237,0.0,0.7627985945664947,0.0,6.251854420162378,1.407909643142984,260.0139138562058
0.1618512026374691,0.0,1.0009658156848897,0.0,0.7634926745169275,0.0,6.251926837896766,1.4066296431429848,259.82608051843357
0.16117054961519095,0.0,1.001079822905097,0.0,0.7641867349845068,0.0,6.251999126334473,1.4053496431429846,259.63825088232505
0.1604899031097894,0.0,1.001193355499121,0.0,0.7648807759950182,0.0,6.2520712858054255,1.4040696431429844,259.45042506920925
0.15980926311898852,0.0,1.0013064136398786,0.0,0.7655747975741938,0.0,6.2521433166384535,1.4027896431429845,259.26260320011085
0.1591286296405076,0.0,1.0014189974995293,0.0,0.7662687997477101,0.0,6.252215219161297,1.4015096431429843,259.07478539576914
0.1584480026720595,0.0,1.0015311072494775,0.0,0.7669627825411881,0.0,6.252286993700611,1.4002296431429846,258.8869717765262
0.1577673822113493,0.0,1.001642743060372,0.0,0.767656745980196,0.0,6.252358640581968,1.3989496431429844,258.69916246251915
0.15708676825607726,0.0,1.0017539051021096,0.0,0.7683506900902449,0.0,6.252430160129864,1.397669643142985,258.5113575734782
0.1564061608039376,0.0,1.001864593543833,0.0,0.7690446148967945,0.0,6.252501552667715,1.3963896431429847,258.3235572288726
0.1557255598526169,0.0,1.001974808553936,0.0,0.7697385204252482,0.0,6.252572818517883,1.3951096431429848,258.1357615478552
0.15504496539979754,0.0,1.0020845503000606,0.0,0.770432406700956,0.0,6.252643958001642,1.3938296431429849,257.94797064928986
0.15436437744315418,0.0,1.0021938189491022,0.0,0.7711262737492135,0.0,6.252714971439234,1.3925496431429845,257.7601846517043
0.15368379598035645,0.0,1.0023026146672067,0.0,0.7718201215952638,0.0,6.252785859149819,1.3912696431429845,257.57240367334623
0.15300322100906844,0.0,1.0024109376197754,0.0,0.7725139502642946,0.0,6.252856621451527,1.389989643142985,257.38462783214356
0.15232265252694585,0.0,1.0025187879714634,0.0,0.7732077597814427,0.0,6.252927258661427,1.3887096431429846,257.1968572457472
0.15164209053164293,0.0,1.0026261658861833,0.0,0.7739015501717881,0.0,6.252997771095545,1.3874296431429851,257.00909203145665
0.1509615350208039,0.0,1.002733071527103,0.0,0.7745953214603613,0.0,6.253068159068878,1.386149643142985,256.8213323063069
0.1502809859920695,0.0,1.0028395050566508,0.0,0.7752890736721366,0.0,6.253138422895383,1.3848696431429848,256.63357818706197
0.14960044344307424,0.0,1.0029454666365125,0.0,0.7759828068320384,0.0,6.253208562887982,1.3835896431429848,256.4458297901678
0.14891990737144764,0.0,1.0030509564276369,0.0,0.7766765209649349,0.0,6.25327857935858,1.3823096431429862,256.25808723173213
0.14823937777481178,0.0,1.0031559745902325,0.0,0.7773702160956459,0.0,6.253348472618052,1.3810296431429854,256.07035062762344
0.14755885465078453,0.0,1.0032605212837722,0.0,0.7780638922489361,0.0,6.253418242976259,1.379749643142985,255.88262009337848
0.14687833799697939,0.0,1.003364596666992,0.0,0.7787575494495175,0.0,6.253487890742041,1.3784696431429855,255.69489574429195
0.14619782781100243,0.0,1.0034682008978932,0.0,0.7794511877220524,0.0,6.253557416223244,1.377189643142985,255.5071776953455
0.1455173240904553,0.0,1.0035713341337449,0.0,0.7801448070911474,0.0,6.253626819726691,1.3759096431429856,255.31946606117077
0.14483682683293364,0.0,1.003673996531081,0.0,0.780838407581362,0.0,6.253696101558215,1.3746296431429856,255.13176095621972
0.14415633603602862,0.0,1.0037761882457061,0.0,0.7815319892172006,0.0,6.253765262022645,1.3733496431429852,254.94406249459334
0.1434758516973261,0.0,1.0038779094326937,0.0,0.782225552023116,0.0,6.253834301423816,1.3720696431429857,254.75637079008533
0.14279537381440593,0.0,1.0039791602463874,0.0,0.7829190960235124,0.0,6.253903220064585,1.3707896431429856,254.5686859562493
0.14211490238484362,0.0,1.0040799408404029,0.0,0.7836126212427394,0.0,6.253972018246799,1.3695096431429863,254.38100810637434
0.1414344374062088,0.0,1.0041802513676297,0.0,0.7843061277050979,0.0,6.254040696271356,1.368229643142986,254.19333735338975
0.1407539788760668,0.0,1.0042800919802293,0.0,0.7849996154348364,0.0,6.254109254438144,1.3669496431429862,254.00567381000005
0.14007352679197851,0.0,1.0043794628296399,0.0,0.7856930844561536,0.0,6.254177693046099,1.365669643142986,253.81801758863395
0.13939308115149693,0.0,1.0044783640665744,0.0,0.7863865347931968,0.0,6.254246012393172,1.3643896431429865,253.63036880142863
0.1387126419521739,0.0,1.0045767958410246,0.0,0.7870799664700622,0.0,6.254314212776361,1.3631096431429865,253.442727560225
0.13803220919155343,0.0,1.0046747583022577,0.0,0.787773379510798,0.0,6.254382294491703,1.3618296431429862,253.25509397663598
0.1373517828671777,0.0,1.004772251598823,0.0,0.7884667739393982,0.0,6.254450257834255,1.360549643142986,253.06746816191588
0.13667136297658042,0.0,1.0048692758785478,0.0,0.7891601497798103,0.0,6.2545181030981425,1.3592696431429863,252.8798502271196
0.1359909495172934,0.0,1.0049658312885412,0.0,0.7898535070559303,0.0,6.254585830576532,1.3579896431429868,252.69224028302628
0.1353105424868424,0.0,1.0050619179751952,0.0,0.7905468457916044,0.0,6.254653440561639,1.3567096431429866,252.50463844012393
0.13463014188274883,0.0,1.0051575360841845,0.0,0.791240166010629,0.0,6.254720933344741,1.3554296431429864,252.3170448085969
0.1339497477025297,0.0,1.005252685760468,0.0,0.7919334677367507,0.0,6.254788309216178,1.3541496431429862,252.1294594984174
0.13326935994369812,0.0,1.0053473671482898,0.0,0.7926267509936671,0.0,6.2548555684653415,1.352869643142987,251.9418826192524
0.13258897860376043,0.0,1.005441580391181,0.0,0.7933200158050265,0.0,6.254922711380708,1.351589643142987,251.75431428052963
0.13190860368022037,0.0,1.005535325631959,0.0,0.7940132621944281,0.0,6.2549897382498125,1.3503096431429866,251.5667545913546
0.13122823517057705,0.0,1.0056286030127304,0.0,0.7947064901854213,0.0,6.2550566493592745,1.3490296431429867,251.37920366065367
0.1305478730723242,0.0,1.00572141267489,0.0,0.7953996998015074,0.0,6.255123444994786,1.3477496431429867,251.1916615970498
0.12986751738295296,0.0,1.0058137547591235,0.0,0.7960928910661388,0.0,6.255190125441127,1.3464696431429868,251.00412850884294
0.12918716809994782,0.0,1.005905629405408,0.0,0.7967860640027183,0.0,6.2552566909821525,1.3451896431429868,250.81660450416723
0.12850682522079063,0.0,1.005997036753012,0.0,0.7974792186346018,0.0,6.255323141900822,1.3439096431429873,250.6290896908547
0.12782648874295843,0.0,1.0060879769404978,0.0,0.7981723549850955,0.0,6.255389478479183,1.3426296431429872,250.4415841764596
0.1271461586639246,0.0,1.0061784501057212,0.0,0.7988654730774581,0.0,6.2554557009983744,1.341349643142987,250.25408806829557
0.12646583498115738,0.0,1.0062684563858333,0.0,0.7995585729348998,0.0,6.255521809738643,1.3400696431429873,250.06660147342458
0.12578551769212182,0.0,1.0063579959172813,0.0,0.8002516545805832,0.0,6.255587804979335,1.3387896431429867,249.8791244986424
0.12510520679427878,0.0,1.006447068835809,0.0,0.8009447180376221,0.0,6.25565368699891,1.3375096431429876,249.6916572504939
0.12442490228508361,0.0,1.006535675276458,0.0,0.8016377633290841,0.0,6.2557194560749245,1.3362296431429872,249.50419983526766
0.12374460416198946,0.0,1.006623815373569,0.0,0.8023307904779883,0.0,6.255785112484073,1.3349496431429873,249.31675235900926
0.12306431242244548,0.0,1.0067114892607822,0.0,0.8030237995073056,0.0,6.255850656502147,1.3336696431429873,249.12931492749198
0.12238402706389645,0.0,1.0067986970710388,0.0,0.8037167904399609,0.0,6.255916088404071,1.3323896431429876,248.9418876462459
0.12170374808378123,0.0,1.0068854389365804,0.0,0.8044097632988317,0.0,6.255981408463888,1.331109643142987,248.7544706205668
0.12102347547953884,0.0,1.0069717149889517,0.0,0.8051027181067479,0.0,6.2560466169547775,1.3298296431429875,248.56706395548179
0.12034320924860069,0.0,1.0070575253590013,0.0,0.8057956548864924,0.0,6.256111714149043,1.328549643142987,248.37966775577837
0.1196629493883974,0.0,1.007142870176881,0.0,0.8064885736608016,0.0,6.256176700318121,1.3272696431429876,248.19228212596914
0.11898269589635384,0.0,1.007227749572048,0.0,0.8071814744523657,0.0,6.2562415757326,1.3259896431429876,248.00490717040105
0.11830244876989163,0.0,1.007312163673266,0.0,0.8078743572838271,0.0,6.256306340662201,1.3247096431429877,247.81754299308037
0.11762220800642907,0.0,1.0073961126086046,0.0,0.808567222177783,0.0,6.256370995375788,1.3234296431429877,247.63018969782286
0.11694197360338149,0.0,1.0074795965054422,0.0,0.8092600691567832,0.0,6.25643554014138,1.3221496431429882,247.44284738818934
0.11626174555815938,0.0,1.0075626154904649,0.0,0.8099528982433324,0.0,6.256499975226144,1.320869643142988,247.25551616749146
0.1155815238681692,0.0,1.0076451696896684,0.0,0.810645709459889,0.0,6.256564300896405,1.3195896431429879,247.06819613882374
0.11490130853081698,0.0,1.0077272592283595,0.0,0.8113385028288641,0.0,6.256628517417642,1.3183096431429882,246.88088740499552
0.11422109954349996,0.0,1.0078088842311552,0.0,0.8120312783726251,0.0,6.256692625054509,1.317029643142988,246.69359006863712
0.11354089690361811,0.0,1.0078900448219856,0.0,0.8127240361134915,0.0,6.256756624070795,1.315749643142988,246.50630423207966
0.11286070060856387,0.0,1.0079707411240924,0.0,0.8134167760737395,0.0,6.256820514729502,1.3144696431429876,246.31902999747516
0.11218051065572707,0.0,1.0080509732600316,0.0,0.8141094982755979,0.0,6.256884297292765,1.3131896431429881,246.13176746669572
0.11150032704249442,0.0,1.0081307413516734,0.0,0.8148022027412521,0.0,6.256947972021907,1.3119096431429882,245.94451674138864
0.11082014976625025,0.0,1.0082100455202043,0.0,0.8154948894928402,0.0,6.257011539177438,1.3106296431429885,245.7572779229855
0.11013997882437329,0.0,1.0082888858861263,0.0,0.8161875585524574,0.0,6.2570749990190375,1.3093496431429874,245.5700511126626
0.10945981421424222,0.0,1.0083672625692577,0.0,0.8168802099421519,0.0,6.257138351805571,1.3080696431429883,245.38283641138335
0.10877965593322997,0.0,1.008445175688736,0.0,0.8175728436839282,0.0,6.257201597795094,1.3067896431429877,245.1956339198492
0.10809950397870736,0.0,1.0085226253630164,0.0,0.8182654597997456,0.0,6.257264737244855,1.3055096431429887,245.0084437385765
0.10741935834804166,0.0,1.0085996117098739,0.0,0.81895805831152,0.0,6.257327770411291,1.3042296431429885,244.82126596780597
0.10673921903859743,0.0,1.0086761348464033,0.0,0.8196506392411212,0.0,6.257390697550044,1.3029496431429883,244.63410070758866
0.10605908604773535,0.0,1.0087521948890206,0.0,0.8203432026103759,0.0,6.257453518915943,1.3016696431429882,244.44694805772414
0.10537895937281465,0.0,1.0088277919534636,0.0,0.8210357484410652,0.0,6.25751623476303,1.3003896431429887,244.25980811779175
0.10469883901118988,0.0,1.008902926154793,0.0,0.8217282767549275,0.0,6.257578845344553,1.2991096431429885,244.0726809871386
0.10401872496021351,0.0,1.0089775976073923,0.0,0.8224207875736567,0.0,6.257641350912963,1.297829643142989,243.88556676490848
0.10333861721723477,0.0,1.009051806424969,0.0,0.8231132809189027,0.0,6.257703751719932,1.2965496431429888,243.69846555000098
0.10265851577960038,0.0,1.009125552720556,0.0,0.8238057568122716,0.0,6.257766048016336,1.295269643142989,243.51137744108897
0.10197842064465293,0.0,1.0091988366065117,0.0,0.8244982152753262,0.0,6.257828240052283,1.2939896431429887,243.3243025366498
0.10129833180973404,0.0,1.0092716581945205,0.0,0.825190656329585,0.0,6.257890328077088,1.2927096431429888,243.13724093491277
0.1006182492721815,0.0,1.009344017595594,0.0,0.8258830799965247,0.0,6.257952312339301,1.291429643142989,242.9501927339054
0.09993817302932989,0.0,1.0094159149200725,0.0,0.8265754862975759,0.0,6.258014193086695,1.290149643142989,242.76315803142256
0.09925810307851174,0.0,1.0094873502776234,0.0,0.8272678752541297,0.0,6.258075970566271,1.2888696431429896,242.57613692505248
0.09857803941705706,0.0,1.0095583237772452,0.0,0.8279602468875309,0.0,6.25813764502427,1.2875896431429896,242.3891295121528
0.09789798204229255,0.0,1.0096288355272651,0.0,0.8286526012190834,0.0,6.258199216706159,1.2863096431429897,242.2021358898818
0.09721793095154117,0.0,1.009698885635342,0.0,0.829344938270047,0.0,6.258260685856657,1.2850296431429893,242.01515615516126
0.09653788614212658,0.0,1.009768474208465,0.0,0.83003725806164,0.0,6.258322052719713,1.2837496431429896,241.8281904047196
0.09585784761136734,0.0,1.0098376013529573,0.0,0.8307295606150363,0.0,6.258383317538526,1.2824696431429894,241.64123873505955
0.09517781535657818,0.0,1.0099062671744734,0.0,0.8314218459513696,0.0,6.258444480555539,1.2811896431429897,241.45430124246627
0.09449778937507494,0.0,1.009974471778003,0.0,0.8321141140917292,0.0,6.258505542012453,1.279909643142989,241.2673780230246
0.09381776966416844,0.0,1.0100422152678685,0.0,0.8328063650571635,0.0,6.2585665021502175,1.2786296431429895,241.08046917260384
0.09313775622116709,0.0,1.0101094977477287,0.0,0.8334985988686779,0.0,6.258627361209041,1.2773496431429896,240.89357478685952
0.09245774904337756,0.0,1.010176319320577,0.0,0.8341908155472367,0.0,6.258688119428383,1.2760696431429892,240.70669496124674
0.0917777481281043,0.0,1.0102426800887447,0.0,0.8348830151137607,0.0,6.258748777046971,1.2747896431429893,240.51982979099225
0.09109775347264823,0.0,1.0103085801538982,0.0,0.8355751975891309,0.0,6.258809334302799,1.2735096431429893,240.33297937114443
0.09041776507430957,0.0,1.0103740196170437,0.0,0.8362673629941846,0.0,6.2588697914331295,1.2722296431429898,240.14614379651232
0.08973778293038416,0.0,1.010438998578525,0.0,0.836959511349719,0.0,6.258930148674484,1.2709496431429899,239.95932316172394
0.08905780703816693,0.0,1.0105035171380239,0.0,0.83765164267649,0.0,6.258990406262671,1.269669643142989,239.77251756119438
0.08837783739495053,0.0,1.010567575394564,0.0,0.8383437569952098,0.0,6.259050564432768,1.26838964314299,239.58572708913042
0.08769787399802503,0.0,1.010631173446508,0.0,0.8390358543265519,0.0,6.25911062341913,1.26710964314299,239.39895183953766
0.08701791684467834,0.0,1.0106943113915607,0.0,0.8397279346911471,0.0,6.259170583455393,1.2658296431429905,239.2121919062209
0.08633796593219471,0.0,1.0107569893267678,0.0,0.8404199981095866,0.0,6.2592304447744835,1.2645496431429901,239.02544738278115
0.08565802125785939,0.0,1.010819207348517,0.0,0.8411120446024195,0.0,6.259290207608609,1.26326964314299,238.83871836262367
0.08497808281895267,0.0,1.0108809655525397,0.0,0.8418040741901542,0.0,6.2593498721892615,1.2619896431429902,238.65200493893806
0.08429815061275377,0.0,1.010942264033911,0.0,0.8424960868932588,0.0,6.2594094387472365,1.2607096431429907,238.4653072047396
0.08361822463654076,0.0,1.0110031028870508,0.0,0.8431880827321601,0.0,6.259468907512614,1.2594296431429903,238.278625252814
0.08293830488758791,0.0,1.0110634822057225,0.0,0.8438800617272448,0.0,6.259528278714781,1.2581496431429904,238.0919591757756
0.08225839136316798,0.0,1.0111234020830357,0.0,0.8445720238988599,0.0,6.259587552582414,1.25686964314299,237.90530906602942
0.08157848406055236,0.0,1.011182862611447,0.0,0.8452639692673106,0.0,6.2596467293434985,1.25558964314299,237.71867501578717
0.08089858297700983,0.0,1.0112418638827576,0.0,0.8459558978528636,0.0,6.259705809225325,1.2543096431429905,237.53205711706624
0.08021868810980766,0.0,1.0113004059881188,0.0,0.8466478096757442,0.0,6.259764792454491,1.2530296431429901,237.34545546168556
0.07953879945621098,0.0,1.0113584890180274,0.0,0.8473397047561382,0.0,6.259823679256905,1.2517496431429902,237.158870141274
0.07885891701348223,0.0,1.0114161130623298,0.0,0.8480315831141914,0.0,6.259882469857781,1.2504696431429911,236.97230124727156
0.07817904077888342,0.0,1.0114732782102225,0.0,0.84872344477001,0.0,6.2599411644816625,1.2491896431429903,236.7857488709107
0.07749917074967383,0.0,1.0115299845502495,0.0,0.8494152897436611,0.0,6.259999763352399,1.2479096431429908,236.59921310325393
0.07681930692311151,0.0,1.0115862321703069,0.0,0.8501071180551708,0.0,6.260058266693169,1.2466296431429909,236.41269403515162
0.07613944929645158,0.0,1.0116420211576411,0.0,0.8507989297245269,0.0,6.260116674726469,1.2453496431429913,236.22619175728119
0.0754595978669479,0.0,1.0116973515988499,0.0,0.8514907247716775,0.0,6.260174987674123,1.244069643142991,236.03970636011653
0.07477975263185307,0.0,1.011752223579883,0.0,0.8521825032165317,0.0,6.26023320575728,1.242789643142991,235.85323793396265
0.07409991358841775,0.0,1.0118066371860428,0.0,0.8528742650789591,0.0,6.260291329196425,1.2415096431429913,235.66678656891378
0.07342008073389085,0.0,1.0118605925019852,0.0,0.8535660103787901,0.0,6.260349358211379,1.2402296431429911,235.48035235489917
0.0727402540655182,0.0,1.011914089611719,0.0,0.8542577391358176,0.0,6.260407293021286,1.2389496431429907,235.29393538164868
0.07206043358054737,0.0,1.0119671285986083,0.0,0.8549494513697925,0.0,6.2604651338446455,1.2376696431429917,235.10753573870795
0.07138061927622083,0.0,1.0120197095453707,0.0,0.8556411471004305,0.0,6.260522880899279,1.2363896431429917,234.9211535154453
0.07070081114978055,0.0,1.01207183253408,0.0,0.8563328263474073,0.0,6.260580534402361,1.2351096431429909,234.73478880103414
0.07002100919846778,0.0,1.0121234976461662,0.0,0.8570244891303586,0.0,6.260638094570414,1.2338296431429914,234.54844168447613
0.06934121341952157,0.0,1.0121747049624146,0.0,0.8577161354688838,0.0,6.260695561619304,1.2325496431429916,234.36211225458075
0.06866142381017855,0.0,1.012225454562968,0.0,0.8584077653825433,0.0,6.260752935764254,1.2312696431429915,234.17580059999455
0.06798164036767611,0.0,1.0122757465273267,0.0,0.8590993788908587,0.0,6.2608102172198254,1.2299896431429918,233.98950680915848
0.0673018630892476,0.0,1.012325580934349,0.0,0.8597909760133141,0.0,6.2608674061999485,1.228709643142992,233.80323097034594
0.06662209197212622,0.0,1.0123749578622516,0.0,0.860482556769355,0.0,6.26092450291791,1.227429643142992,233.61697317165525
0.06594232701354338,0.0,1.0124238773886096,0.0,0.8611741211783901,0.0,6.260981507586349,1.226149643142991,233.43073350099925
0.06526256821072926,0.0,1.0124723395903583,0.0,0.8618656692597887,0.0,6.261038420417273,1.2248696431429913,233.2445120461151
0.06458281556091355,0.0,1.0125203445437931,0.0,0.8625572010328828,0.0,6.261095241622049,1.2235896431429922,233.0583088945633
0.06390306906132147,0.0,1.0125678923245687,0.0,0.8632487165169683,0.0,6.261151971411416,1.2223096431429923,232.87212413373192
0.06322332870918096,0.0,1.0126149830077027,0.0,0.8639402157313013,0.0,6.261208609995484,1.2210296431429923,232.68595785081882
0.06254359450171557,0.0,1.012661616667573,0.0,0.8646316986951015,0.0,6.261265157583731,1.2197496431429915,232.49981013286464
0.06186386643614889,0.0,1.012707793377918,0.0,0.8653231654275519,0.0,6.261321614385005,1.2184696431429924,232.31368106673315
0.06118414450970287,0.0,1.0127535132118417,0.0,0.8660146159477967,0.0,6.261377980607537,1.217189643142992,232.12757073910288
0.060504428719597485,0.0,1.0127987762418078,0.0,0.8667060502749452,0.0,6.261434256458932,1.2159096431429923,231.94147923649126
0.05982471906305296,0.0,1.0128435825396462,0.0,0.8673974684280666,0.0,6.261490442146182,1.2146296431429924,231.7554066452394
0.0591450155372874,0.0,1.0128879321765485,0.0,0.8680888704261959,0.0,6.2615465378756605,1.2133496431429924,231.56935305151168
0.058465318139517886,0.0,1.0129318252230712,0.0,0.8687802562883292,0.0,6.261602543853118,1.2120696431429931,231.38331854131556
0.057785626866959997,0.0,1.0129752617491357,0.0,0.8694716260334282,0.0,6.261658460283698,1.2107896431429923,231.19730320047725
0.0571059417168283,0.0,1.013018241824029,0.0,0.8701629796804148,0.0,6.261714287371944,1.2095096431429928,231.01130711465453
0.05642626268633609,0.0,1.0130607655164026,0.0,0.8708543172481773,0.0,6.261770025321773,1.208229643142992,230.8253303693411
0.05574658977269648,0.0,1.013102832894275,0.0,0.8715456387555649,0.0,6.261825674336512,1.2069496431429925,230.6393730498571
0.055066922973119624,0.0,1.0131444440250303,0.0,0.8722369442213933,0.0,6.261881234618879,1.205669643142993,230.45343524137115
0.05438726228481641,0.0,1.0131855989754213,0.0,0.872928233664439,0.0,6.261936706370981,1.2043896431429921,230.2675170288578
0.05370760770499533,0.0,1.0132262978115654,0.0,0.8736195071034442,0.0,6.261992089794343,1.2031096431429924,230.08161849715825
0.053027959230864855,0.0,1.0132665405989507,0.0,0.8743107645571139,0.0,6.262047385089886,1.2018296431429931,229.89573973091206
0.052348316859632114,0.0,1.0133063274024314,0.0,0.875002006044118,0.0,6.262102592457933,1.200549643142993,229.70988081463128
0.05166868058850216,0.0,1.0133456582862317,0.0,0.8756932315830898,0.0,6.262157712098217,1.199269643142993,229.52404183264093
0.05098905041468036,0.0,1.0133845333139435,0.0,0.8763844411926272,0.0,6.262212744209881,1.1979896431429922,229.33822286910896
0.050309426335371076,0.0,1.0134229525485292,0.0,0.8770756348912916,0.0,6.262267688991487,1.1967096431429929,229.15242400804144
0.04962980834777749,0.0,1.0134609160523207,0.0,0.8777668126976095,0.0,6.262322546640991,1.1954296431429934,228.96664533328266
0.04895019644910079,0.0,1.0134984238870197,0.0,0.8784579746300724,0.0,6.262377317355789,1.194149643142993,228.7808869285197
0.04827059063654285,0.0,1.0135354761136999,0.0,0.879149120707134,0.0,6.262432001332673,1.1928696431429926,228.59514887726257
0.04759099090730402,0.0,1.013572072792804,0.0,0.8798402509472155,0.0,6.262486598767878,1.191589643142993,228.40943126288852
0.0469113972585835,0.0,1.0136082139841478,0.0,0.8805313653687007,0.0,6.262541109857041,1.1903096431429931,228.2237341685848
0.04623180968757959,0.0,1.0136438997469177,0.0,0.8812224639899394,0.0,6.2625955347952384,1.1890296431429936,228.03805767742398
0.04555222819149014,0.0,1.0136791301396737,0.0,0.8819135468292457,0.0,6.2626498737769625,1.1877496431429928,227.85240187226466
0.044872652767512664,0.0,1.0137139052203465,0.0,0.8826046139048987,0.0,6.262704126996142,1.1864696431429933,227.66676683585342
0.044193083412842414,0.0,1.0137482250462413,0.0,0.8832956652351426,0.0,6.262758294646132,1.1851896431429936,227.48115265076177
0.04351352012467525,0.0,1.0137820896740357,0.0,0.8839867008381872,0.0,6.262812376919723,1.1839096431429934,227.29555939940266
0.042833962900205066,0.0,1.0138154991597808,0.0,0.8846777207322074,0.0,6.262866374009132,1.1826296431429935,227.10998716404427
0.04215441173662653,0.0,1.0138484535589027,0.0,0.8853687249353421,0.0,6.262920286106033,1.1813496431429928,226.92443602679015
0.04147486663113219,0.0,1.0138809529262007,0.0,0.8860597134656976,0.0,6.2629741134015156,1.1800696431429933,226.7389060695963
0.04079532758091423,0.0,1.013912997315849,0.0,0.8867506863413454,0.0,6.263027856086118,1.1787896431429927,226.5533973742618
0.04011579458316455,0.0,1.0139445867813968,0.0,0.8874416435803213,0.0,6.263081514349836,1.1775096431429934,226.36791002244786
0.03943626763507423,0.0,1.01397572137577,0.0,0.8881325852006272,0.0,6.263135088382087,1.1762296431429937,226.1824440956257
0.038756746733833225,0.0,1.014006401151268,0.0,0.8888235112202321,0.0,6.263188578371755,1.1749496431429938,225.9969996751714
0.03807723187663169,0.0,1.014036626159568,0.0,0.8895144216570694,0.0,6.2632419845071565,1.1736696431429934,225.8115768422452
0.03739772306065851,0.0,1.014066396451722,0.0,0.8902053165290386,0.0,6.263295306976074,1.172389643142994,225.62617567791605
0.03671822028310162,0.0,1.01409571207816,0.0,0.8908961958540061,0.0,6.2633485459657345,1.1711096431429944,225.44079626306228
0.036038723541149495,0.0,1.0141245730886885,0.0,0.8915870596498041,0.0,6.263401701662817,1.169829643142994,225.25543867844442
0.035359232831989156,0.0,1.0141529795324913,0.0,0.8922779079342297,0.0,6.263454774253463,1.1685496431429936,225.07010300464452
0.03467974815280707,0.0,1.0141809314581292,0.0,0.8929687407250487,0.0,6.263507763923273,1.167269643142994,224.8847893221182
0.03400026950078983,0.0,1.0142084289135416,0.0,0.8936595580399912,0.0,6.2635606708573075,1.1659896431429948,224.69949771116995
0.03332079687312321,0.0,1.0142354719460467,0.0,0.8943503598967544,0.0,6.263613495240088,1.1647096431429942,224.5142282519502
0.03264133026699141,0.0,1.0142620606023396,0.0,0.8950411463130028,0.0,6.263666237255602,1.1634296431429938,224.32898102446956
0.0319618696795801,0.0,1.014288194928495,0.0,0.8957319173063664,0.0,6.263718897087298,1.1621496431429945,224.1437561085973
0.03128241510807276,0.0,1.0143138749699672,0.0,0.8964226728944427,0.0,6.263771474918102,1.1608696431429943,223.95855358404646
0.030602966549653835,0.0,1.014339100771589,0.0,0.8971134130947953,0.0,6.263823970930406,1.1595896431429944,223.77337353039337
0.029923524001506135,0.0,1.0143638723775734,0.0,0.8978041379249552,0.0,6.26387638530607,1.158309643142995,223.58821602707016
0.029244087460812043,0.0,1.0143881898315132,0.0,0.8984948474024208,0.0,6.263928718226438,1.1570296431429943,223.4030811533666
0.028564656924754548,0.0,1.0144120531763807,0.0,0.8991855415446567,0.0,6.26398096987232,1.1557496431429946,223.21796898843218
0.027885232390515595,0.0,1.01443546245453,0.0,0.8998762203690945,0.0,6.264033140424009,1.1544696431429946,223.03287961125721
0.027205813855276678,0.0,1.014458417707694,0.0,0.9005668838931347,0.0,6.264085230061274,1.153189643142995,222.84781310072867
0.026526401316219538,0.0,1.0144809189769894,0.0,0.9012575321341421,0.0,6.264137238963371,1.1519096431429945,222.6627695355502
0.025846994770524084,0.0,1.0145029663029108,0.0,0.901948165109452,0.0,6.264189167309032,1.1506296431429948,222.47774899431653
0.025167594215372888,0.0,1.0145245597253367,0.0,0.9026387828363652,0.0,6.264241015276485,1.1493496431429948,222.2927515554521
0.02448819964794419,0.0,1.0145456992835262,0.0,0.9033293853321508,0.0,6.264292783043431,1.148069643142995,222.10777729728872
0.023808811065418052,0.0,1.014566385016121,0.0,0.9040199726140457,0.0,6.264344470787071,1.1467896431429947,221.9228262979723
0.02312942846497558,0.0,1.0145866169611444,0.0,0.9047105446992534,0.0,6.2643960786840935,1.1455096431429945,221.73789863553696
0.022450051843795192,0.0,1.014606395156002,0.0,0.9054011016049467,0.0,6.264447606910676,1.144229643142995,221.55299438788035
0.021770681199056355,0.0,1.014625719637483,0.0,0.9060916433482652,0.0,6.264499055642496,1.142949643142995,221.36811363274816
0.02109131652793792,0.0,1.014644590441759,0.0,0.9067821699463169,0.0,6.26455042505472,1.141669643142995,221.1832564477593
0.02041195782761851,0.0,1.014663007604384,0.0,0.9074726814161774,0.0,6.264601715322019,1.1403896431429947,220.99842291040264
0.019732605095276426,0.0,1.014680971160296,0.0,0.9081631777748914,0.0,6.26465292661856,1.1391096431429955,220.81361309802887
0.019053258328090295,0.0,1.0146984811438169,0.0,0.9088536590394702,0.0,6.26470405911801,1.1378296431429948,220.62882708783633
0.01837391752323768,0.0,1.0147155375886512,0.0,0.9095441252268951,0.0,6.264755112993544,1.1365496431429953,220.44406495692203
0.017694582677897207,0.0,1.0147321405278884,0.0,0.9102345763541146,0.0,6.264806088417839,1.1352696431429954,220.2593267822283
0.0170152537892459,0.0,1.014748289994002,0.0,0.9109250124380457,0.0,6.264856985563074,1.1339896431429954,220.0746126405586
0.01633593085446152,0.0,1.0147639860188489,0.0,0.9116154334955747,0.0,6.264907804600948,1.132709643142995,219.8899226086131
0.015656613870721894,0.0,1.0147792286336714,0.0,0.9123058395435557,0.0,6.264958545702652,1.1314296431429953,219.70525676292948
0.01497730283520414,0.0,1.0147940178690964,0.0,0.9129962305988114,0.0,6.265009209038912,1.1301496431429956,219.52061517993232
0.014297997745085335,0.0,1.0148083537551358,0.0,0.9136866066781337,0.0,6.265059794779946,1.1288696431429959,219.33599793590096
0.013618698597542864,0.0,1.014822236321186,0.0,0.9143769677982835,0.0,6.265110303095504,1.1275896431429955,219.15140510701266
0.012939405389753559,0.0,1.0148356655960291,0.0,0.9150673139759898,0.0,6.265160734154839,1.126309643142996,218.96683676928333
0.012260118118894724,0.0,1.0148486416078324,0.0,0.9157576452279517,0.0,6.265211088126727,1.1250296431429954,218.78229299861343
0.011580836782143202,0.0,1.0148611643841488,0.0,0.9164479615708361,0.0,6.2652613651794695,1.1237496431429959,218.59777387077946
0.01090156137667582,0.0,1.0148732339519173,0.0,0.9171382630212797,0.0,6.2653115654808875,1.1224696431429957,218.41327946143176
0.010222291899669845,0.0,1.0148848503374628,0.0,0.917828549595888,0.0,6.265361689198326,1.121189643142996,218.2288098460683
0.009543028348301705,0.0,1.0148960135664953,0.0,0.918518821311237,0.0,6.265411736498645,1.119909643142996,218.0443651001001
0.008863770719748292,0.0,1.0149067236641123,0.0,0.9192090781838701,0.0,6.265461707548244,1.1186296431429963,217.8599452987758
0.008184519011186726,0.0,1.014916980654797,0.0,0.919899320230302,0.0,6.265511602513054,1.1173496431429952,217.675550517243
0.007505273219794432,0.0,1.0149267845624184,0.0,0.9205895474670158,0.0,6.265561421558526,1.1160696431429962,217.49118083051567
0.00682603334274749,0.0,1.0149361354102338,0.0,0.9212797599104644,0.0,6.265611164849641,1.114789643142996,217.30683631347506
0.006146799377223455,0.0,1.0149450332208863,0.0,0.9219699575770701,0.0,6.265660832550923,1.1135096431429958,217.1225170408869
0.005467571320399748,0.0,1.0149534780164051,0.0,0.9226601404832262,0.0,6.265710424826429,1.1122296431429959,216.93822308739797
0.004788349169453083,0.0,1.0149614698182083,0.0,0.9233503086452937,0.0,6.265759941839749,1.1109496431429964,216.75395452751795
0.004109132921560436,0.0,1.0149690086470997,0.0,0.9240404620796056,0.0,6.265809383754009,1.1096696431429964,216.5697114356434
0.00342992257389949,0.0,1.01497609452327,0.0,0.9247306008024639,0.0,6.265858750731885,1.1083896431429965,216.38549388606353
0.00275071812364863,0.0,1.0149827274663,0.0,0.9254207248301395,0.0,6.265908042935588,1.1071096431429965,216.20130195289596
0.002071519567984079,0.0,1.014988907495154,0.0,0.926110834178876,0.0,6.265957260526865,1.105829643142997,216.01713571019957
0.001392326904084459,0.0,1.0149946346281868,0.0,0.9268009288648849,0.0,6.266006403667024,1.104549643142997,215.83299523187776
0.000713140129127739,0.0,1.0149999088831405,0.0,0.9274910089043485,0.0,6.266055472516909,1.1032696431429971,215.6488805917156
3.395924029109216e-5,0.0,1.0150047302771437,0.0,0.9281810743134209,0.0,6.2661044672369135,1.1019896431429972,215.46479186337564
-0.0006452157652463444,0.0,1.015009098826714,0.0,0.9288711251082244,0.0,6.266153387986979,1.1007096431429968,215.28072912042802
-0.0013243848903060015,0.0,1.0150130145477567,0.0,0.9295611613048531,0.0,6.2662022349266,1.0994296431429968,215.0966924362849
-0.0020035481377096483,0.0,1.0150164774555648,0.0,0.9302511829193714,0.0,6.266251008214819,1.0981496431429967,214.91268188427242
-0.002682705510278062,0.0,1.0150194875648202,0.0,0.9309411899678137,0.0,6.266299708010248,1.096869643142997,214.72869753758528
-0.0033618570108323847,0.0,1.0150220448895924,0.0,0.9316311824661861,0.0,6.266348334471032,1.0955896431429972,214.54473946929895
-0.004041002642193728,0.0,1.0150241494433392,0.0,0.9323211604304652,0.0,6.266396887754891,1.094309643142997,214.3608077523866
-0.004720142407181867,0.0,1.015025801238907,0.0,0.9330111238765977,0.0,6.266445368019094,1.093029643142997,214.17690245967682
-0.005399276308617029,0.0,1.0150270002885304,0.0,0.933701072820502,0.0,6.266493775420477,1.0917496431429972,213.99302366391547
-0.006078404349319083,0.0,1.0150277466038329,0.0,0.934391007278067,0.0,6.266542110115428,1.0904696431429977,213.80917143771535
-0.006757526532107964,0.0,1.0150280401958258,0.0,0.9350809272651532,0.0,6.266590372259915,1.0891896431429973,213.6253458535762
-0.007436642859803178,0.0,1.0150278810749096,0.0,0.9357708327975915,0.0,6.2666385620094465,1.0879096431429975,213.4415469838785
-0.008115753335222995,0.0,1.0150272692508733,0.0,0.9364607238911846,0.0,6.266686679519122,1.0866296431429971,213.25777490090218
-0.008794857961186495,0.0,1.0150262047328948,0.0,0.9371506005617055,0.0,6.266734724943591,1.0853496431429974,213.0740296768117
-0.009473956740511966,0.0,1.0150246875295397,0.0,0.9378404628249004,0.0,6.266782698437084,1.084069643142997,212.89031138364447
-0.010153049676017155,0.0,1.0150227176487636,0.0,0.9385303106964846,0.0,6.266830600153394,1.0827896431429977,212.70662009334288
-0.010832136770521094,0.0,1.01502029509791,0.0,0.9392201441921472,0.0,6.266878430245885,1.0815096431429976,212.52295587772448
-0.011511218026839836,0.0,1.015017419883712,0.0,0.9399099633275462,0.0,6.266926188867509,1.080229643142998,212.33931880850864
-0.012190293447790655,0.0,1.0150140920122908,0.0,0.940599768118314,0.0,6.266973876170772,1.0789496431429977,212.15570895728519
-0.012869363036190164,0.0,1.0150103114891573,0.0,0.9412895585800521,0.0,6.267021492307777,1.0776696431429973,211.9721263955525
-0.013548426794854488,0.0,1.01500607831921,0.0,0.9419793347283358,0.0,6.267069037430187,1.0763896431429985,211.7885711946909
-0.014227484726599718,0.0,1.0150013925067376,0.0,0.9426690965787115,0.0,6.267116511689262,1.0751096431429978,211.60504342596965
-0.014906536834241042,0.0,1.014996254055417,0.0,0.9433588441466965,0.0,6.267163915235826,1.073829643142998,211.42154316054823
-0.015585583120592984,0.0,1.014990662968314,0.0,0.944048577447781,0.0,6.267211248220296,1.0725496431429982,211.23807046948306
-0.016264623588471014,0.0,1.0149846192478835,0.0,0.944738296497428,0.0,6.26725851079267,1.0712696431429984,211.0546254237279
-0.016943658240689552,0.0,1.014978122895969,0.0,0.9454280013110715,0.0,6.267305703102529,1.069989643142998,210.87120809409885
-0.017622687080060612,0.0,1.0149711739138036,0.0,0.946117691904117,0.0,6.267352825299044,1.068709643142998,210.68781855133943
-0.018301710109398836,0.0,1.0149637723020084,0.0,0.9468073682919437,0.0,6.267399877530975,1.0674296431429977,210.50445686607864
-0.01898072733151653,0.0,1.0149559180605932,0.0,0.9474970304899027,0.0,6.267446859946661,1.0661496431429984,210.32112310882474
-0.019659738749225626,0.0,1.0149476111889584,0.0,0.9481866785133167,0.0,6.267493772694046,1.0648696431429978,210.13781734998804
-0.020338744365338585,0.0,1.0149388516858908,0.0,0.9488763123774817,0.0,6.267540615920659,1.0635896431429979,209.95453965988554
-0.021017744182665637,0.0,1.0149296395495675,0.0,0.9495659320976655,0.0,6.2675873897736185,1.0623096431429981,209.7712901087084
-0.021696738204018132,0.0,1.0149199747775541,0.0,0.950255537689109,0.0,6.267634094399651,1.0610296431429984,209.58806876655683
-0.022375726432206797,0.0,1.0149098573668047,0.0,0.9509451291670254,0.0,6.267680729945064,1.0597496431429985,209.40487570342532
-0.023054708870040245,0.0,1.0148992873136622,0.0,0.9516347065466009,0.0,6.267727296555771,1.0584696431429985,209.22171098919523
-0.023733685520329142,0.0,1.0148882646138577,0.0,0.9523242698429943,0.0,6.267773794377285,1.0571896431429986,209.03857469366028
-0.024412656385881214,0.0,1.0148767892625112,0.0,0.9530138190713373,0.0,6.267820223554716,1.0559096431429986,208.85546688650751
-0.025091621469504256,0.0,1.014864861254132,0.0,0.9537033542467336,0.0,6.267866584232775,1.054629643142999,208.67238763730205
-0.025770580774005927,0.0,1.0148524805826165,0.0,0.9543928753842613,0.0,6.26791287655578,1.0533496431429987,208.48933701553608
-0.026449534302193725,0.0,1.0148396472412502,0.0,0.9550823824989706,0.0,6.267959100667656,1.0520696431429992,208.3063150905799
-0.02712848205687387,0.0,1.0148263612227064,0.0,0.9557718756058856,0.0,6.268005256711927,1.0507896431429988,208.12332193171184
-0.02780742404085202,0.0,1.0148126225190481,0.0,0.9564613547200017,0.0,6.2680513448317186,1.0495096431429984,207.94035760811195
-0.028486360256932772,0.0,1.0147984311217242,0.0,0.9571508198562899,0.0,6.2680973651697816,1.0482296431429994,207.75742218885392
-0.02916529070792173,0.0,1.0147837870215741,0.0,0.9578402710296927,0.0,6.268143317868465,1.0469496431429994,207.57451574291136
-0.02984421539662169,0.0,1.0147686902088233,0.0,0.958529708255127,0.0,6.26818920306973,1.0456696431429993,207.39163833915876
-0.03052313432583659,0.0,1.0147531406730868,0.0,0.959219131547482,0.0,6.268235020915153,1.0443896431429995,207.20879004637285
-0.03120204749836998,0.0,1.0147371384033659,0.0,0.9599085409216225,0.0,6.26828077154592,1.0431096431429987,207.02597093323837
-0.03188095491702279,0.0,1.0147206833880507,0.0,0.9605979363923838,0.0,6.268326455102842,1.0418296431429992,206.84318106833936
-0.03255985658459648,0.0,1.0147037756149189,0.0,0.9612873179745774,0.0,6.2683720717263265,1.0405496431429992,206.6604205201522
-0.033238752503891425,0.0,1.0146864150711359,0.0,0.9619766856829862,0.0,6.268417621556422,1.0392696431429997,206.47768935706637
-0.03391764267770833,0.0,1.0146686017432531,0.0,0.9626660395323697,0.0,6.268463104732779,1.0379896431429994,206.2949876473744
-0.03459652710884695,0.0,1.0146503356172116,0.0,0.9633553795374585,0.0,6.268508521394677,1.0367096431429994,206.112315459262
-0.03527540580010548,0.0,1.0146316166783376,0.0,0.9640447057129585,0.0,6.268553871681008,1.0354296431429995,205.92967286083504
-0.03595427875428116,0.0,1.014612444911346,0.0,0.9647340180735484,0.0,6.268599155730301,1.034149643142999,205.74705992008657
-0.03663314597417231,0.0,1.0145928203003374,0.0,0.9654233166338821,0.0,6.2686443736806865,1.0328696431429996,205.5644767049307
-0.03731200746257579,0.0,1.0145727428287994,0.0,0.9661126014085879,0.0,6.268689525669945,1.0315896431429994,205.38192328317308
-0.03799086322228612,0.0,1.0145522124796083,0.0,0.966801872412265,0.0,6.268734611835468,1.0303096431429997,205.1993997225385
-0.038669713256099095,0.0,1.014531229235024,0.0,0.9674911296594909,0.0,6.26877963231428,1.0290296431429997,205.01690609064292
-0.03934855756680988,0.0,1.0145097930766942,0.0,0.9681803731648154,0.0,6.2688245872430315,1.0277496431430002,204.83444245502574
-0.04002739615721087,0.0,1.014487903985654,0.0,0.9688696029427617,0.0,6.268869476758008,1.0264696431429998,204.65200888311486
-0.04070622903009601,0.0,1.014465561942323,0.0,0.9695588190078289,0.0,6.268914300995122,1.0251896431430003,204.4696054422621
-0.041385056188256455,0.0,1.0144427669265081,0.0,0.9702480213744892,0.0,6.268959060089912,1.0239096431430004,204.2872321997063
-0.042063877634483944,0.0,1.0144195189174006,0.0,0.970937210057191,0.0,6.26900375417757,1.022629643143,204.10488922262522
-0.04274269337156984,0.0,1.0143958178935784,0.0,0.9716263850703556,0.0,6.269048383392903,1.0213496431429998,203.92257657808267
-0.04342150340230348,0.0,1.0143716638330045,0.0,0.9723155464283797,0.0,6.269092947870366,1.020069643143,203.7402943330498
-0.044100307729473674,0.0,1.0143470567130284,0.0,0.9730046941456341,0.0,6.269137447744043,1.0187896431430001,203.55804255441566
-0.04477910635586844,0.0,1.0143219965103836,0.0,0.9736938282364647,0.0,6.269181883147669,1.017509643143,203.3758213089798
-0.0454578992842752,0.0,1.014296483201189,0.0,0.9743829487151915,0.0,6.2692262542146056,1.0162296431430005,203.1936306634439
-0.04613668651748155,0.0,1.0142705167609478,0.0,0.9750720555961111,0.0,6.269270561077859,1.0149496431430003,203.0114706844357
-0.046815468058271845,0.0,1.0142440971645492,0.0,0.9757611488934924,0.0,6.269314803870089,1.0136696431430006,202.82934143847393
-0.047494243909432105,0.0,1.0142172243862655,0.0,0.9764502286215816,0.0,6.269358982723579,1.012389643143001,202.6472429919952
-0.04817301407374663,0.0,1.0141898983997535,0.0,0.9771392947945992,0.0,6.269403097770268,1.011109643143,202.46517541135185
-0.04885177855399779,0.0,1.0141621191780548,0.0,0.9778283474267393,0.0,6.269447149141747,1.009829643143,202.28313876281342
-0.0495305373529685,0.0,1.0141338866935936,0.0,0.9785173865321732,0.0,6.269491136969246,1.0085496431430006,202.10113311255284
-0.05020929047344023,0.0,1.0141052009181792,0.0,0.9792064121250461,0.0,6.269535061383641,1.007269643143001,201.9191585266548
-0.050888037918193955,0.0,1.0140760618230038,0.0,0.9798954242194788,0.0,6.269578922515465,1.0059896431430004,201.73721507112492
-0.0515667796900095,0.0,1.014046469378642,0.0,0.9805844228295679,0.0,6.269622720494894,1.004709643143001,201.55530281187612
-0.05224551579166543,0.0,1.0140164235550528,0.0,0.981273407969384,0.0,6.269666455451757,1.0034296431430012,201.37342181473423
-0.05292424622594055,0.0,1.013985924321577,0.0,0.9819623796529748,0.0,6.269710127515537,1.002149643143001,201.19157214543958
-0.05360297099561052,0.0,1.0139549716469385,0.0,0.9826513378943621,0.0,6.269753736815376,1.0008696431430004,201.00975386965428
-0.05428169010345337,0.0,1.0139235654992427,0.0,0.983340282707544,0.0,6.269797283480063,0.999589643143001,200.82796705295505
-0.05496040355224455,0.0,1.0138917058459782,0.0,0.9840292141064942,0.0,6.269840767638051,0.9983096431430007,200.64621176083284
-0.05563911134475701,0.0,1.013859392654015,0.0,0.9847181321051617,0.0,6.269884189417435,0.9970296431430007,200.46448805867385
-0.0563178134837654,0.0,1.0138266258896045,0.0,0.9854070367174709,0.0,6.269927548945991,0.9957496431430006,200.28279601181313
-0.05699650997204147,0.0,1.01379340551838,0.0,0.9860959279573221,0.0,6.269970846351134,0.994469643143001,200.10113568547854
-0.05767520081235822,0.0,1.0137597315053553,0.0,0.9867848058385928,0.0,6.270014081759957,0.9931896431430008,199.9195071448253
-0.05835388600748548,0.0,1.0137256038149254,0.0,0.9874736703751344,0.0,6.2700572552991956,0.9919096431430013,199.73791045492987
-0.0590325655601936,0.0,1.0136910224108655,0.0,0.9881625215807757,0.0,6.270100367095266,0.9906296431430018,199.55634568078048
-0.05971123947325112,0.0,1.0136559872563324,0.0,0.98885135946932,0.0,6.27014341727424,0.9893496431430018,199.37481288727395
-0.060389907749425875,0.0,1.013620498313861,0.0,0.9895401840545485,0.0,6.270186405961853,0.9880696431430017,199.1933121392398
-0.061068570391485034,0.0,1.0135845555453682,0.0,0.9902289953502167,0.0,6.270229333283514,0.9867896431430014,199.01184350142316
-0.06174722740219464,0.0,1.0135481589121482,0.0,0.9909177933700576,0.0,6.27027219936429,0.9855096431430014,198.8304070384806
-0.062425878784319815,0.0,1.0135113083748761,0.0,0.9916065781277796,0.0,6.2703150043289195,0.9842296431430013,198.6490028150098
-0.06310452454062383,0.0,1.0134740038936054,0.0,0.9922953496370677,0.0,6.270357748301814,0.9829496431430015,198.46763089549512
-0.06378316467387052,0.0,1.0134362454277683,0.0,0.9929841079115826,0.0,6.270400431407056,0.9816696431430019,198.28629134436545
-0.06446179918682192,0.0,1.0133980329361751,0.0,0.9936728529649628,0.0,6.27044305376839,0.9803896431430016,198.10498422595848
-0.06514042808223787,0.0,1.0133593663770146,0.0,0.9943615848108217,0.0,6.270485615509246,0.9791096431430016,197.92370960453988
-0.06581905136288024,0.0,1.0133202457078532,0.0,0.9950503034627506,0.0,6.27052811675272,0.9778296431430015,197.74246754429805
-0.06649766903150649,0.0,1.0132806708856346,0.0,0.9957390089343154,0.0,6.270570557621583,0.976549643143002,197.56125810933045
-0.06717628109087521,0.0,1.01324064186668,0.0,0.9964277012390604,0.0,6.270612938238284,0.975269643143002,197.38008136367094
-0.06785488754374411,0.0,1.0132001586066868,0.0,0.9971163803905068,0.0,6.27065525872495,0.9739896431430015,197.1989373712742
-0.06853348839286749,0.0,1.01315922106073,0.0,0.9978050464021497,0.0,6.270697519203382,0.9727096431430021,197.0178261960024
-0.0692120836410023,0.0,1.0131178291832592,0.0,0.998493699287465,0.0,6.2707397197950625,0.9714296431430021,196.83674790165878
-0.0698906732909003,0.0,1.0130759829281024,0.0,0.9991823390599014,0.0,6.270781860621155,0.9701496431430021,196.65570255195698
-0.07056925734531615,0.0,1.0130336822484602,0.0,0.9998709657328876,0.0,6.270823941802497,0.9688696431430018,196.47469021054067
-0.07124783580700043,0.0,1.0129909270969104,0.0,1.0005595793198276,0.0,6.270865963459624,0.9675896431430018,196.29371094098545
-0.0719264086787038,0.0,1.0129477174254051,0.0,1.0012481798341022,0.0,6.2709079257127325,0.9663096431430023,196.1127648067579
-0.07260497596317694,0.0,1.0129040531852702,0.0,1.0019367672890709,0.0,6.270949828681725,0.9650296431430025,195.93185187130499
-0.07328353766316736,0.0,1.0128599343272071,0.0,1.0026253416980682,0.0,6.270991672486175,0.9637496431430028,195.75097219794517
-0.07396209378142306,0.0,1.0128153608012904,0.0,1.0033139030744072,0.0,6.271033457245348,0.9624696431430022,195.57012584995002
-0.0746406443206908,0.0,1.0127703325569675,0.0,1.0040024514313775,0.0,6.2710751830781915,0.9611896431430025,195.38931289051487
-0.07531918928371473,0.0,1.0127248495430599,0.0,1.004690986782246,0.0,6.27111685010335,0.9599096431430023,195.20853338275418
-0.0759977286732407,0.0,1.0126789117077613,0.0,1.0053795091402573,0.0,6.271158458439147,0.9586296431430026,195.02778738971304
-0.07667626249201061,0.0,1.0126325189986383,0.0,1.0060680185186328,0.0,6.271200008203606,0.957349643143002,194.84707497436278
-0.07735479074276687,0.0,1.012585671362628,0.0,1.0067565149305717,0.0,6.271241499514437,0.9560696431430027,194.66639619960003
-0.0780333134282497,0.0,1.0125383687460416,0.0,1.0074449983892497,0.0,6.2712829324890365,0.9547896431430025,194.48575112824346
-0.0787118305511998,0.0,1.0124906110945586,0.0,1.008133468907822,0.0,6.271324307244507,0.9535096431430028,194.30513982305376
-0.07939034211435603,0.0,1.0124423983532318,0.0,1.0088219264994196,0.0,6.2713656238976325,0.9522296431430037,194.12456234671686
-0.08006884812045552,0.0,1.0123937304664834,0.0,1.0095103711771516,0.0,6.271406882564901,0.9509496431430036,193.94401876182127
-0.0807473485722342,0.0,1.0123446073781057,0.0,1.0101988029541047,0.0,6.271448083362496,0.949669643143003,193.76350913092628
-0.08142584347242889,0.0,1.0122950290312598,0.0,1.010887221843344,0.0,6.271489226406292,0.9483896431430028,193.58303351648897
-0.08210433282377254,0.0,1.012244995368478,0.0,1.0115756278579107,0.0,6.271530311811867,0.9471096431430026,193.40259198090504
-0.08278281662899781,0.0,1.0121945063316593,0.0,1.0122640210108256,0.0,6.2715713396944945,0.9458296431430033,193.22218458650062
-0.08346129489083795,0.0,1.012143561862072,0.0,1.0129524013150872,0.0,6.271612310169151,0.9445496431430032,193.04181139553344
-0.0841397676120225,0.0,1.0120921619003536,0.0,1.0136407687836702,0.0,6.271653223350511,0.9432696431430034,192.86147247018698
-0.08481823479528128,0.0,1.012040306386507,0.0,1.0143291234295289,0.0,6.271694079352962,0.941989643143003,192.68116787258248
-0.08549669644334336,0.0,1.0119879952599038,0.0,1.015017465265595,0.0,6.271734878290575,0.9407096431430033,192.5008976647684
-0.08617515255893493,0.0,1.0119352284592815,0.0,1.0157057943047785,0.0,6.271775620277138,0.9394296431430038,192.32066190871205
-0.08685360314478267,0.0,1.0118820059227445,0.0,1.0163941105599676,0.0,6.271816305426146,0.9381496431430034,192.14046066632943
-0.0875320482036124,0.0,1.0118283275877624,0.0,1.0170824140440282,0.0,6.271856933850785,0.9368696431430033,191.96029399947454
-0.08821048773814495,0.0,1.0117741933911704,0.0,1.0177707047698044,0.0,6.2718975056639685,0.9355896431430037,191.78016196989975
-0.08888892175110567,0.0,1.0117196032691684,0.0,1.0184589827501196,0.0,6.271938020978302,0.9343096431430036,191.60006463932893
-0.08956735024521449,0.0,1.011664557157322,0.0,1.019147247997774,0.0,6.2719784799061,0.9330296431430032,191.42000206939437
-0.09024577322319217,0.0,1.0116090549905585,0.0,1.0198355005255475,0.0,6.272018882559395,0.9317496431430041,191.2399743216774
-0.09092419068775726,0.0,1.0115530967031714,0.0,1.0205237403461973,0.0,6.272059229049931,0.9304696431430037,191.05998145767413
-0.09160260264162752,0.0,1.0114966822288154,0.0,1.0212119674724598,0.0,6.272099519489145,0.929189643143004,190.8800235388254
-0.09228100908751916,0.0,1.0114398115005088,0.0,1.0219001819170497,0.0,6.2721397539882116,0.9279096431430045,190.70010062651068
-0.09295941002814773,0.0,1.0113824844506312,0.0,1.0225883836926601,0.0,6.272179932658001,0.9266296431430043,190.52021278203614
-0.09363780546622853,0.0,1.011324701010924,0.0,1.0232765728119642,0.0,6.272220055609099,0.9253496431430037,190.3403600666466
-0.0943161954044722,0.0,1.011266461112491,0.0,1.0239647492876105,0.0,6.272260122951817,0.9240696431430038,190.16054254152004
-0.09499457984559145,0.0,1.011207764685795,0.0,1.0246529131322293,0.0,6.272300134796173,0.9227896431430043,189.98076026777022
-0.09567295879229666,0.0,1.0111486116606605,0.0,1.0253410643584282,0.0,6.272340091251901,0.9215096431430041,189.80101330644425
-0.0963513322472967,0.0,1.0110890019662702,0.0,1.0260292029787945,0.0,6.272379992428462,0.9202296431430039,189.62130171852596
-0.09702970021329971,0.0,1.011028935531167,0.0,1.0267173290058933,0.0,6.272419838435024,0.9189496431430042,189.44162556493526
-0.09770806269301223,0.0,1.0109684122832523,0.0,1.0274054424522694,0.0,6.2724596293804815,0.9176696431430043,189.26198490653508
-0.09838641968914018,0.0,1.010907432149785,0.0,1.0280935433304466,0.0,6.27249936537345,0.9163896431430045,189.08237980412324
-0.09906477120438813,0.0,1.0108459950573825,0.0,1.028781631652927,0.0,6.272539046522262,0.9151096431430044,188.9028103184267
-0.09974311724145687,0.0,1.010784100932019,0.0,1.0294697074321921,0.0,6.2725786729349755,0.9138296431430046,188.72327651011435
-0.10042145780304931,0.0,1.0107217496990257,0.0,1.0301577706807024,0.0,6.27261824471937,0.9125496431430051,188.54377843979043
-0.10109979289186685,0.0,1.0106589412830886,0.0,1.0308458214108984,0.0,6.27265776198295,0.9112696431430043,188.36431616800493
-0.10177812251060718,0.0,1.0105956756082508,0.0,1.031533859635198,0.0,6.2726972248329425,0.909989643143005,188.18488975523798
-0.10245644666196804,0.0,1.0105319525979086,0.0,1.0322218853660003,0.0,6.272736633376301,0.9087096431430042,188.00549926190791
-0.10313476534864735,0.0,1.0104677721748148,0.0,1.0329098986156824,0.0,6.272775987719705,0.9074296431430044,187.82614474838752
-0.10381307857333896,0.0,1.0104031342610749,0.0,1.0335978993966006,0.0,6.2728152879695696,0.9061496431430041,187.64682627496404
-0.10449138633873746,0.0,1.0103380387781473,0.0,1.0342858877210914,0.0,6.2728545342320245,0.904869643143005,187.4675439018827
-0.10516968864753569,0.0,1.0102724856468437,0.0,1.0349738636014711,0.0,6.272893726612934,0.9035896431430044,187.28829768932198
-0.10584798550242548,0.0,1.0102064747873287,0.0,1.0356618270500335,0.0,6.2729328652178955,0.9023096431430051,187.10908769740217
-0.10652627690609567,0.0,1.0101400061191175,0.0,1.036349778079054,0.0,6.272971950152238,0.9010296431430054,186.9299139861784
-0.10720456286123628,0.0,1.0100730795610766,0.0,1.0370377167007867,0.0,6.273010981521014,0.899749643143005,186.75077661565697
-0.10788284337053385,0.0,1.0100056950314236,0.0,1.0377256429274646,0.0,6.273049959429017,0.8984696431430053,186.57167564576932
-0.10856111843667565,0.0,1.0099378524477252,0.0,1.038413556771302,0.0,6.273088883980765,0.8971896431430051,186.39261113640882
-0.10923938806234566,0.0,1.009869551726898,0.0,1.039101458244491,0.0,6.273127755280519,0.8959096431430047,186.21358314738876
-0.10991765225022798,0.0,1.0098007927852062,0.0,1.0397893473592055,0.0,6.273166573432275,0.8946296431430052,186.03459173848634
-0.11059591100300471,0.0,1.009731575538264,0.0,1.0404772241275968,0.0,6.2732053385397535,0.8933496431430059,185.85563696940306
-0.11127416432335684,0.0,1.0096618999010318,0.0,1.0411650885617987,0.0,6.273244050706424,0.8920696431430051,185.67671889978854
-0.1119524122139634,0.0,1.009591765787817,0.0,1.0418529406739225,0.0,6.273282710035486,0.8907896431430053,185.4978375892302
-0.1126306546775038,0.0,1.0095211731122737,0.0,1.0425407804760607,0.0,6.273321316629884,0.8895096431430056,185.3189930972755
-0.11330889171665465,0.0,1.0094501217874015,0.0,1.043228607980286,0.0,6.273359870592294,0.8882296431430055,185.14018548339536
-0.11398712333409086,0.0,1.009378611725545,0.0,1.0439164231986497,0.0,6.273398372025139,0.8869496431430055,184.96141480701658
-0.11466534953248708,0.0,1.0093066428383934,0.0,1.0446042261431847,0.0,6.273436821030577,0.8856696431430056,184.78268112749348
-0.11534357031451753,0.0,1.0092342150369793,0.0,1.045292016825904,0.0,6.273475217710505,0.8843896431430054,184.60398450415425
-0.11602178568285147,0.0,1.0091613282316796,0.0,1.0459797952587984,0.0,6.273513562166575,0.8831096431430054,184.425324996231
-0.1166999956401611,0.0,1.0090879823322116,0.0,1.046667561453842,0.0,6.273551854500168,0.8818296431430059,184.24670266294564
-0.11737820018911366,0.0,1.0090141772476375,0.0,1.047355315422987,0.0,6.273590094812418,0.880549643143006,184.068117563427
-0.11805639933237748,0.0,1.0089399128863579,0.0,1.0480430571781676,0.0,6.2736282832042,0.8792696431430056,183.88956975676743
-0.1187345930726197,0.0,1.0088651891561156,0.0,1.0487307867312963,0.0,6.27366641977614,0.8779896431430056,183.71105930200503
-0.11941278141250361,0.0,1.008790005963993,0.0,1.0494185040942674,0.0,6.273704504628595,0.8767096431430066,183.53258625810713
-0.12009096435469392,0.0,1.0087143632164108,0.0,1.0501062092789557,0.0,6.27374253786169,0.875429643143006,183.35415068402256
-0.12076914190185147,0.0,1.0086382608191302,0.0,1.0507939022972155,0.0,6.273780519575279,0.874149643143006,183.17575263859905
-0.12144731405663782,0.0,1.0085616986772485,0.0,1.0514815831608824,0.0,6.273818449868978,0.8728696431430054,182.99739218066807
-0.12212548082171186,0.0,1.0084846766952016,0.0,1.0521692518817716,0.0,6.273856328842148,0.8715896431430057,182.81906936899284
-0.12280364219973268,0.0,1.008407194776761,0.0,1.0528569084716803,0.0,6.273894156593898,0.8703096431430055,182.6407842622862
-0.12348179819335511,0.0,1.0083292528250338,0.0,1.0535445529423855,0.0,6.273931933223092,0.8690296431430062,182.46253691920884
-0.12415994880523486,0.0,1.0082508507424643,0.0,1.054232185305644,0.0,6.273969658828342,0.8677496431430065,182.28432739836322
-0.12483809403802638,0.0,1.0081719884308284,0.0,1.0549198055731959,0.0,6.2740073335080115,0.8664696431430066,182.10615575830414
-0.1255162338943826,0.0,1.008092665791238,0.0,1.0556074137567593,0.0,6.274044957360221,0.8651896431430071,181.9280220575423
-0.12619436837695286,0.0,1.0080128827241375,0.0,1.0562950098680344,0.0,6.274082530482851,0.8639096431430062,181.7499263545234
-0.12687249748838764,0.0,1.0079326391293026,0.0,1.0569825939187019,0.0,6.2741200529735215,0.8626296431430067,181.57186870764806
-0.12755062123133573,0.0,1.0078519349058424,0.0,1.057670165920424,0.0,6.274157524929614,0.8613496431430063,181.3938491752639
-0.128228739608443,0.0,1.007770769952195,0.0,1.058357725884843,0.0,6.274194946448279,0.8600696431430068,181.21586781567424
-0.12890685262235524,0.0,1.0076891441661302,0.0,1.0590452738235825,0.0,6.274232317626404,0.8587896431430069,181.03792468712106
-0.12958496027571648,0.0,1.007607057444747,0.0,1.0597328097482472,0.0,6.274269638560652,0.8575096431430065,180.8600198478006
-0.13026306257116935,0.0,1.0075245096844718,0.0,1.0604203336704234,0.0,6.27430690934743,0.8562296431430068,180.6821533558651
-0.1309411595113554,0.0,1.0074415007810604,0.0,1.0611078456016776,0.0,6.2743441300829135,0.8549496431430066,180.50432526940943
-0.1316192510989145,0.0,1.0073580306295953,0.0,1.0617953455535578,0.0,6.274381300863034,0.8536696431430069,180.32653564648396
-0.1322973373364834,0.0,1.007274099124486,0.0,1.0624828335375924,0.0,6.274418421783491,0.8523896431430071,180.14878454508025
-0.1329754182267008,0.0,1.0071897061594661,0.0,1.063170309565293,0.0,6.274455492939731,0.8511096431430076,179.97107202315618
-0.13365349377220234,0.0,1.0071048516275958,0.0,1.063857773648151,0.0,6.274492514426976,0.849829643143007,179.7933981386042
-0.13433156397562118,0.0,1.007019535421259,0.0,1.0645452257976387,0.0,6.2745294863402075,0.8485496431430068,179.6157629492828
-0.13500962883958964,0.0,1.0069337574321628,0.0,1.0652326660252105,0.0,6.2745664087741675,0.8472696431430067,179.43816651299144
-0.13568768836674022,0.0,1.0068475175513365,0.0,1.0659200943423028,0.0,6.274603281823364,0.8459896431430067,179.26060888748367
-0.1363657425597016,0.0,1.0067608156691323,0.0,1.0666075107603314,0.0,6.274640105582072,0.8447096431430074,179.08309013047756
-0.13704379142110296,0.0,1.0066736516752226,0.0,1.0672949152906963,0.0,6.274676880144334,0.8434296431430068,178.90561029962242
-0.13772183495357007,0.0,1.0065860254586,0.0,1.0679823079447766,0.0,6.274713605603951,0.8421496431430073,178.7281694525387
-0.13839987315973026,0.0,1.0064979369075768,0.0,1.0686696887339346,0.0,6.274750282054498,0.8408696431430076,178.55076764678537
-0.1390779060422065,0.0,1.0064093859097836,0.0,1.0693570576695135,0.0,6.2747869095893165,0.8395896431430079,178.3734049398921
-0.13975593360362076,0.0,1.0063203723521699,0.0,1.0700444147628378,0.0,6.27482348830152,0.8383096431430077,178.19608138931554
-0.1404339558465951,0.0,1.0062308961210005,0.0,1.0707317600252146,0.0,6.274860018283978,0.837029643143008,178.01879705250244
-0.14111197277374907,0.0,1.0061409571018582,0.0,1.0714190934679313,0.0,6.2748964996293575,0.835749643143008,177.84155198682146
-0.14178998438770068,0.0,1.0060505551796397,0.0,1.0721064151022586,0.0,6.2749329324300644,0.8344696431430083,177.66434624959913
-0.14246799069106714,0.0,1.0059596902385566,0.0,1.0727937249394486,0.0,6.2749693167782965,0.8331896431430077,177.48717989813937
-0.14314599168646316,0.0,1.0058683621621347,0.0,1.0734810229907341,0.0,6.275005652766017,0.8319096431430077,177.31005298968492
-0.14382398737650373,0.0,1.0057765708332118,0.0,1.0741683092673313,0.0,6.275041940484965,0.8306296431430076,177.1329655814286
-0.14450197776380047,0.0,1.0056843161339386,0.0,1.0748555837804372,0.0,6.275078180026648,0.8293496431430079,176.95591773052928
-0.1451799628509634,0.0,1.0055915979457761,0.0,1.0755428465412316,0.0,6.27511437148235,0.8280696431430079,176.778909494083
-0.14585794264060342,0.0,1.0054984161494964,0.0,1.0762300975608754,0.0,6.275150514943141,0.8267896431430084,176.60194092917737
-0.1465359171353284,0.0,1.00540477062518,0.0,1.0769173368505127,0.0,6.275186610499843,0.8255096431430078,176.42501209281934
-0.14721388633774407,0.0,1.0053106612522174,0.0,1.0776045644212684,0.0,6.2752226582430755,0.8242296431430081,176.24812304198144
-0.14789185025045648,0.0,1.0052160879093048,0.0,1.0782917802842504,0.0,6.275258658263234,0.8229496431430083,176.071273833615
-0.14856980887606844,0.0,1.005121050474447,0.0,1.0789789844505486,0.0,6.275294610650473,0.8216696431430077,175.89446452459055
-0.14924776221718233,0.0,1.0050255488249535,0.0,1.0796661769312348,0.0,6.27533051549474,0.8203896431430078,175.7176951717645
-0.14992571027639845,0.0,1.00492958283744,0.0,1.0803533577373627,0.0,6.2753663728857685,0.819109643143008,175.54096583194303
-0.15060365305631646,0.0,1.0048331523878251,0.0,1.081040526879969,0.0,6.275402182913051,0.8178296431430088,175.36427656188857
-0.15128159055953525,0.0,1.0047362573513305,0.0,1.0817276843700738,0.0,6.275437945665878,0.8165496431430079,175.18762741831176
-0.1519595227886481,0.0,1.0046388976024816,0.0,1.0824148302186762,0.0,6.275473661233312,0.8152696431430089,175.01101845789992
-0.15263744974625207,0.0,1.004541073015104,0.0,1.083101964436761,0.0,6.275509329704206,0.8139896431430087,174.83444973728567
-0.15331537143493887,0.0,1.0044427834623255,0.0,1.083789087035293,0.0,6.275544951167183,0.8127096431430076,174.6579213130494
-0.15399328785730085,0.0,1.0043440288165701,0.0,1.0844761980252213,0.0,6.275580525710659,0.8114296431430086,174.48143324176263
-0.15467119901592885,0.0,1.0042448089495633,0.0,1.0851632974174772,0.0,6.275616053422827,0.8101496431430086,174.3049855799262
-0.1553491049134109,0.0,1.0041451237323273,0.0,1.0858503852229733,0.0,6.275651534391671,0.8088696431430082,174.12857838401058
-0.1560270055523339,0.0,1.0040449730351815,0.0,1.0865374614526053,0.0,6.275686968704951,0.8075896431430094,173.95221171044602
-0.1567049009352849,0.0,1.0039443567277402,0.0,1.0872245261172533,0.0,6.275722356450227,0.8063096431430081,173.77588561561953
-0.15738279106484568,0.0,1.0038432746789137,0.0,1.0879115792277765,0.0,6.275757697714828,0.8050296431430088,173.59960015587873
-0.15806067594360143,0.0,1.0037417267569047,0.0,1.0885986207950202,0.0,6.27579299258588,0.8037496431430091,173.42335538753463
-0.15873855557413244,0.0,1.00363971282921,0.0,1.089285650829811,0.0,6.275828241150295,0.8024696431430087,173.247151366856
-0.15941642995901856,0.0,1.0035372327626182,0.0,1.089972669342958,0.0,6.27586344349478,0.8011896431430094,173.07098815006682
-0.16009429910083753,0.0,1.0034342864232086,0.0,1.0906596763452532,0.0,6.275898599705811,0.7999096431430088,172.89486579335852
-0.1607721630021661,0.0,1.0033308736763507,0.0,1.091346671847472,0.0,6.275933709869673,0.7986296431430087,172.71878435287962
-0.16145002166558042,0.0,1.0032269943867025,0.0,1.0920336558603718,0.0,6.2759687740724335,0.7973496431430092,172.5427438847483
-0.16212787509365306,0.0,1.0031226484182105,0.0,1.0927206283946942,0.0,6.276003792399957,0.796069643143009,172.3667444450274
-0.16280572328895665,0.0,1.0030178356341084,0.0,1.0934075894611623,0.0,6.2760387649378835,0.7947896431430095,172.19078608975744
-0.1634835662540619,0.0,1.0029125558969152,0.0,1.0940945390704835,0.0,6.27607369177166,0.7935096431430091,172.01486887493343
-0.16416140399153678,0.0,1.0028068090684357,0.0,1.0947814772333468,0.0,6.276108572986524,0.7922296431430089,171.83899285650764
-0.16483923650395044,0.0,1.0027005950097576,0.0,1.0954684039604257,0.0,6.276143408667501,0.7909496431430092,171.66315809040833
-0.16551706379386918,0.0,1.0025939135812527,0.0,1.0961553192623759,0.0,6.276178198899411,0.7896696431430099,171.48736463251538
-0.16619488586385522,0.0,1.002486764642575,0.0,1.096842223149836,0.0,6.27621294376687,0.7883896431430097,171.31161253865852
-0.16687270271647375,0.0,1.0023791480526578,0.0,1.0975291156334288,0.0,6.276247643354299,0.7871096431430096,171.13590186467678
-0.16755051435428542,0.0,1.0022710636697154,0.0,1.0982159967237597,0.0,6.276282297745895,0.7858296431430098,170.96023266631113
-0.1682283207798507,0.0,1.00216251135124,0.0,1.0989028664314175,0.0,6.2763169070256595,0.7845496431430099,170.7846049993138
-0.16890612199572808,0.0,1.0020534909540035,0.0,1.0995897247669737,0.0,6.276351471277401,0.7832696431430102,170.6090189193765
-0.1695839180044732,0.0,1.001944002334052,0.0,1.1002765717409841,0.0,6.276385990584718,0.78198964314301,170.43347448216514
-0.17026170880864236,0.0,1.0018340453467096,0.0,1.1009634073639867,0.0,6.276420465030997,0.7807096431430098,170.25797174329605
-0.17093949441078998,0.0,1.0017236198465729,0.0,1.101650231646504,0.0,6.276454894699433,0.7794296431430103,170.08251075836193
-0.17161727481346725,0.0,1.0016127256875142,0.0,1.102337044599041,0.0,6.276489279673031,0.7781496431430093,169.90709158292256
-0.1722950500192255,0.0,1.0015013627226759,0.0,1.1030238462320867,0.0,6.276523620034571,0.7768696431430095,169.73171427249065
-0.17297282003061354,0.0,1.0013895308044731,0.0,1.1037106365561136,0.0,6.276557915866661,0.7755896431430098,169.55637888255467
-0.17365058485017967,0.0,1.001277229784591,0.0,1.1043974155815772,0.0,6.2765921672516845,0.7743096431430101,169.38108546856344
-0.17432834448046974,0.0,1.0011644595139837,0.0,1.105084183318918,0.0,6.276626374271843,0.7730296431430099,169.2058340859216
-0.17500609892402796,0.0,1.0010512198428743,0.0,1.1057709397785576,0.0,6.276660537009134,0.77174964314301,169.03062479001426
-0.17568384818339824,0.0,1.0009375106207505,0.0,1.1064576849709038,0.0,6.27669465554536,0.77046964314301,168.85545763619254
-0.1763615922611209,0.0,1.0008233316963688,0.0,1.107144418906346,0.0,6.276728729962132,0.7691896431430101,168.68033267975554
-0.17703933115973677,0.0,1.000708682917748,0.0,1.1078311415952589,0.0,6.2767627603408505,0.7679096431430101,168.5052499759911
-0.17771706488178407,0.0,1.0005935641321717,0.0,1.1085178530480002,0.0,6.276796746762735,0.7666296431430102,168.33020958014032
-0.17839479342979972,0.0,1.0004779751861854,0.0,1.109204553274911,0.0,6.2768306893088015,0.7653496431430105,168.1552115474056
-0.17907251680631883,0.0,1.000361915925596,0.0,1.1098912422863172,0.0,6.2768645880598735,0.7640696431430112,167.98025593297686
-0.17975023501387527,0.0,1.0002453861954714,0.0,1.1105779200925276,0.0,6.276898443096588,0.7627896431430101,167.80534279198747
-0.1804279480550013,0.0,1.0001283858401366,0.0,1.1112645867038358,0.0,6.276932254499378,0.7615096431430108,167.63047217955213
-0.18110565593222802,0.0,1.000010914703176,0.0,1.1119512421305182,0.0,6.276966022348491,0.7602296431430107,167.45564415074705
-0.1817833586480832,0.0,0.9998929726274303,0.0,1.1126378863828357,0.0,6.276999746723978,0.7589496431430116,167.28085876061206
-0.1824610562050955,0.0,0.9997745594549952,0.0,1.1133245194710337,0.0,6.277033427705706,0.757669643143011,167.10611606417672
-0.18313874860579002,0.0,0.9996556750272213,0.0,1.1140111414053409,0.0,6.2770670653733385,0.7563896431430108,166.9314161164146
-0.18381643585269267,0.0,0.9995363191847121,0.0,1.1146977521959696,0.0,6.277100659806368,0.7551096431430111,166.7567589722788
-0.1844941179483248,0.0,0.9994164917673226,0.0,1.1153843518531181,0.0,6.277134211084072,0.7538296431430103,166.58214468667322
-0.18517179489520808,0.0,0.9992961926141596,0.0,1.116070940386966,0.0,6.277167719285564,0.7525496431430108,166.4075733145032
-0.18584946669586266,0.0,0.9991754215635777,0.0,1.1167575178076798,0.0,6.2772011844897495,0.7512696431430108,166.23304491061697
-0.18652713335280646,0.0,0.9990541784531813,0.0,1.1174440841254087,0.0,6.277234606775354,0.7499896431430111,166.05855952983518
-0.18720479486855598,0.0,0.998932463119822,0.0,1.118130639350286,0.0,6.277267986220923,0.7487096431430111,165.88411722696617
-0.18788245124562594,0.0,0.9988102753995958,0.0,1.1188171834924296,0.0,6.2773013229048,0.7474296431430116,165.70971805675353
-0.18856010248653013,0.0,0.998687615127844,0.0,1.1195037165619426,0.0,6.277334616905148,0.7461496431430112,165.53536207395067
-0.18923774859378112,0.0,0.9985644821391526,0.0,1.1201902385689104,0.0,6.2773678682999545,0.7448696431430113,165.3610493332487
-0.1899153895698887,0.0,0.9984408762673476,0.0,1.1208767495234047,0.0,6.277401077167002,0.7435896431430111,165.18677988932578
-0.19059302541736095,0.0,0.9983167973454974,0.0,1.1215632494354804,0.0,6.277434243583907,0.7423096431430112,165.01255379681723
-0.19127065613870547,0.0,0.9981922452059099,0.0,1.1222497383151766,0.0,6.277467367628092,0.7410296431430108,164.8383711103498
-0.19194828173642867,0.0,0.9980672196801301,0.0,1.1229362161725183,0.0,6.277500449376795,0.7397496431430122,164.66423188450491
-0.1926259022130335,0.0,0.9979417205989419,0.0,1.1236226830175138,0.0,6.277533488907073,0.7384696431430118,164.49013617383977
-0.19330351757102288,0.0,0.997815747792364,0.0,1.1243091388601558,0.0,6.2775664862958,0.7371896431430123,164.31608403286083
-0.1939811278128985,0.0,0.9976893010896495,0.0,1.1249955837104229,0.0,6.2775994416196745,0.7359096431430114,164.1420755160882
-0.19465873294115707,0.0,0.9975623803192853,0.0,1.1256820175782765,0.0,6.2776323549552,0.734629643143011,163.96811067798498
-0.19533633295829955,0.0,0.9974349853089898,0.0,1.1263684404736636,0.0,6.277665226378713,0.7333496431430122,163.7941895730029
-0.19601392786681973,0.0,0.9973071158857129,0.0,1.1270548524065158,0.0,6.277698055966357,0.7320696431430116,163.62031225553415
-0.19669151766921467,0.0,0.9971787718756324,0.0,1.1277412533867492,0.0,6.277730843794107,0.7307896431430119,163.44647877998298
-0.19736910236797373,0.0,0.9970499531041557,0.0,1.1284276434242646,0.0,6.277763589937747,0.7295096431430117,163.27268920069514
-0.19804668196559141,0.0,0.9969206593959158,0.0,1.1291140225289475,0.0,6.277796294472891,0.7282296431430115,163.09894357200642
-0.1987242564645565,0.0,0.9967908905747713,0.0,1.1298003907106686,0.0,6.277828957474973,0.7269496431430118,162.9252419482181
-0.19940182586735689,0.0,0.9966606464638055,0.0,1.1304867479792826,0.0,6.2778615790192465,0.7256696431430121,162.7515843836017
-0.2000793901764798,0.0,0.996529926885323,0.0,1.1311730943446299,0.0,6.277894159180787,0.7243896431430126,162.57797093241624
-0.20075694939440986,0.0,0.9963987316608511,0.0,1.1318594298165354,0.0,6.277926698034494,0.7231096431430122,162.40440164886618
-0.2014345035236311,0.0,0.996267060611137,0.0,1.132545754404808,0.0,6.2779591956551,0.7218296431430122,162.2308765871638
-0.20211205256662465,0.0,0.996134913556145,0.0,1.1332320681192438,0.0,6.277991652117145,0.7205496431430123,162.05739580147429
-0.20278959652587186,0.0,0.9960022903150579,0.0,1.133918370969622,0.0,6.278024067495005,0.719269643143013,161.88395934593487
-0.20346713540385042,0.0,0.9958691907062753,0.0,1.1346046629657063,0.0,6.278056441862876,0.7179896431430122,161.71056727466657
-0.2041446692030383,0.0,0.9957356145474086,0.0,1.1352909441172474,0.0,6.278088775294782,0.7167096431430127,161.53721964175426
-0.20482219792591022,0.0,0.9956015616552848,0.0,1.1359772144339795,0.0,6.278121067864574,0.7154296431430127,161.36391650126805
-0.20549972157494092,0.0,0.9954670318459408,0.0,1.1366634739256227,0.0,6.2781533196459325,0.7141496431430128,161.19065790726268
-0.20617724015260333,0.0,0.9953320249346246,0.0,1.1373497226018827,0.0,6.278185530712355,0.7128696431430122,161.01744391372716
-0.20685475366136621,0.0,0.9951965407357936,0.0,1.1380359604724477,0.0,6.2782177011371765,0.7115896431430127,160.84427457467766
-0.20753226210370024,0.0,0.9950605790631113,0.0,1.1387221875469944,0.0,6.278249830993554,0.7103096431430134,160.6711499440448
-0.2082097654820727,0.0,0.9949241397294484,0.0,1.139408403835183,0.0,6.278281920354475,0.7090296431430132,160.49807007579486
-0.20888726379894942,0.0,0.9947872225468791,0.0,1.1400946093466593,0.0,6.2783139692927605,0.7077496431430126,160.32503502385023
-0.2095647570567959,0.0,0.9946498273266814,0.0,1.1407808040910543,0.0,6.27834597788106,0.7064696431430126,160.152044842077
-0.2102422452580734,0.0,0.9945119538793349,0.0,1.1414669880779837,0.0,6.278377946191842,0.7051896431430127,159.97909958436352
-0.2109197284052438,0.0,0.9943736020145191,0.0,1.1421531613170501,0.0,6.278409874297421,0.7039096431430127,159.80619930454827
-0.21159720650076722,0.0,0.9942347715411128,0.0,1.1428393238178396,0.0,6.2784417622699396,0.702629643143013,159.6333440564513
-0.21227467954710041,0.0,0.9940954622671913,0.0,1.1435254755899253,0.0,6.2784736101813605,0.7013496431430133,159.4605338938692
-0.21295214754670155,0.0,0.993955674000026,0.0,1.1442116166428649,0.0,6.278505418103487,0.7000696431430131,159.28776887057506
-0.21362961050202345,0.0,0.9938154065460834,0.0,1.1448977469862007,0.0,6.278537186107963,0.6987896431430134,159.11504904031537
-0.21430706841552125,0.0,0.9936746597110209,0.0,1.145583866629463,0.0,6.278568914266246,0.6975096431430134,158.94237445682424
-0.2149845212896455,0.0,0.9935334332996891,0.0,1.1462699755821653,0.0,6.278600602649644,0.6962296431430137,158.76974517380455
-0.21566196912684688,0.0,0.9933917271161274,0.0,1.1469560738538076,0.0,6.278632251329293,0.6949496431430133,158.59716124493832
-0.21633941192957332,0.0,0.9932495409635639,0.0,1.147642161453875,0.0,6.278663860376161,0.6936696431430136,158.42462272388562
-0.21701684970027196,0.0,0.9931068746444128,0.0,1.1483282383918392,0.0,6.278695429861057,0.6923896431430132,158.25212966427918
-0.21769428244138722,0.0,0.9929637279602744,0.0,1.1490143046771557,0.0,6.278726959854624,0.6911096431430133,158.0796821197427
-0.21837171015536438,0.0,0.9928201007119314,0.0,1.1497003603192681,0.0,6.278758450427331,0.6898296431430131,157.90728014386713
-0.21904913284464397,0.0,0.9926759926993504,0.0,1.1503864053276032,0.0,6.2787899016494935,0.6885496431430138,157.73492379022437
-0.2197265505116669,0.0,0.9925314037216763,0.0,1.151072439711576,0.0,6.278821313591267,0.6872696431430139,157.56261311237077
-0.22040396315887237,0.0,0.9923863335772354,0.0,1.1517584634805849,0.0,6.278852686322637,0.6859896431430141,157.39034816381402
-0.22108137078869808,0.0,0.9922407820635294,0.0,1.152444476644016,0.0,6.278884019913417,0.6847096431430135,157.21812899808435
-0.22175877340357736,0.0,0.9920947489772372,0.0,1.1531304792112396,0.0,6.278915314433292,0.6834296431430142,157.04595566866394
-0.22243617100594762,0.0,0.9919482341142107,0.0,1.1538164711916137,0.0,6.278946569951745,0.6821496431430141,156.87382822902458
-0.2231135635982389,0.0,0.9918012372694757,0.0,1.1545024525944805,0.0,6.2789777865381255,0.6808696431430139,156.7017467326039
-0.22379095118288253,0.0,0.9916537582372288,0.0,1.1551884234291683,0.0,6.279008964261617,0.6795896431430137,156.52971123283027
-0.22446833376230757,0.0,0.9915057968108351,0.0,1.155874383704992,0.0,6.279040103191234,0.6783096431430145,156.3577217831101
-0.225145711338942,0.0,0.9913573527828282,0.0,1.1565603334312529,0.0,6.279071203395844,0.6770296431430141,156.18577843683508
-0.22582308391521128,0.0,0.9912084259449082,0.0,1.1572462726172368,0.0,6.279102264944147,0.6757496431430143,156.01388124735269
-0.22650045149354123,0.0,0.9910590160879393,0.0,1.1579322012722166,0.0,6.279133287904683,0.6744696431430137,155.842030268031
-0.22717781407635293,0.0,0.9909091230019486,0.0,1.1586181194054508,0.0,6.279164272345845,0.6731896431430147,155.67022555218838
-0.2278551716660689,0.0,0.9907587464761245,0.0,1.1593040270261847,0.0,6.279195218335854,0.671909643143014,155.49846715313228
-0.22853252426510812,0.0,0.9906078862988154,0.0,1.1599899241436482,0.0,6.279226125942788,0.6706296431430145,155.3267551241414
-0.22920987187588804,0.0,0.9904565422575271,0.0,1.1606758107670587,0.0,6.279256995234555,0.6693496431430146,155.15508951850862
-0.22988721450082644,0.0,0.9903047141389214,0.0,1.1613616869056202,0.0,6.279287826278919,0.6680696431430142,154.98347038945673
-0.2305645521423368,0.0,0.9901524017288158,0.0,1.1620475525685208,0.0,6.279318619143477,0.666789643143014,154.81189779024302
-0.23124188480283248,0.0,0.9899996048121797,0.0,1.1627334077649363,0.0,6.279349373895678,0.665509643143015,154.64037177406894
-0.23191921248472538,0.0,0.9898463231731348,0.0,1.1634192525040283,0.0,6.279380090602813,0.6642296431430148,154.4688923941244
-0.232596535190425,0.0,0.9896925565949498,0.0,1.1641050867949458,0.0,6.279410769332017,0.6629496431430149,154.29745970359755
-0.2332738529223404,0.0,0.9895383048600441,0.0,1.1647909106468224,0.0,6.279441410150281,0.6616696431430147,154.12607375564178
-0.23395116568287785,0.0,0.9893835677499813,0.0,1.1654767240687791,0.0,6.279472013124423,0.660389643143015,153.9547346034113
-0.23462847347444243,0.0,0.9892283450454701,0.0,1.1661625270699227,0.0,6.279502578321123,0.6591096431430143,153.78344230000815
-0.2353057762994378,0.0,0.9890726365263612,0.0,1.1668483196593469,0.0,6.279533105806912,0.6578296431430142,153.61219689856884
-0.23598307416026612,0.0,0.9889164419716471,0.0,1.167534101846131,0.0,6.279563595648151,0.6565496431430147,153.44099845215848
-0.23666036705932655,0.0,0.9887597611594577,0.0,1.1682198736393419,0.0,6.279594047911063,0.6552696431430147,153.2698470138535
-0.23733765499901927,0.0,0.9886025938670616,0.0,1.1689056350480318,0.0,6.279624462661712,0.6539896431430157,153.09874263671992
-0.2380149379817403,0.0,0.9884449398708623,0.0,1.169591386081241,0.0,6.279654839966015,0.6527096431430148,152.92768537380053
-0.23869221600988538,0.0,0.988286798946397,0.0,1.1702771267479946,0.0,6.279685179889743,0.6514296431430147,152.75667527810324
-0.23936948908584876,0.0,0.9881281708683356,0.0,1.170962857057304,0.0,6.279715482498507,0.6501496431430152,152.58571240264632
-0.24004675721202207,0.0,0.9879690554104766,0.0,1.17164857701817,0.0,6.279745747857772,0.6488696431430152,152.41479680041638
-0.24072402039079555,0.0,0.9878094523457484,0.0,1.1723342866395763,0.0,6.2797759760328535,0.6475896431430155,152.24392852438797
-0.24140127862455996,0.0,0.9876493614462043,0.0,1.1730199859304966,0.0,6.279806167088921,0.6463096431430155,152.07310762752536
-0.24207853191570058,0.0,0.9874887824830243,0.0,1.1737056748998884,0.0,6.279836321090993,0.6450296431430154,151.90233416276524
-0.2427557802666049,0.0,0.9873277152265088,0.0,1.1743913535566988,0.0,6.27986643810394,0.6437496431430147,151.73160818302892
-0.24343302367965597,0.0,0.9871661594460815,0.0,1.175077021909858,0.0,6.279896518192482,0.6424696431430157,151.56092974125056
-0.24411026215723688,0.0,0.9870041149102835,0.0,1.1757626799682865,0.0,6.279926561421195,0.6411896431430157,151.39029889029862
-0.24478749570172834,0.0,0.9868415813867739,0.0,1.1764483277408895,0.0,6.279956567854509,0.6399096431430162,151.2197156830864
-0.24546472431551072,0.0,0.9866785586423273,0.0,1.17713396523656,0.0,6.279986537556704,0.6386296431430152,151.04918017245927
-0.24614194800096,0.0,0.9865150464428316,0.0,1.1778195924641766,0.0,6.280016470591918,0.6373496431430152,150.87869241128138
-0.24681916676045382,0.0,0.9863510445532863,0.0,1.1785052094326056,0.0,6.28004636702414,0.6360696431430157,150.7082524523845
-0.24749638059636625,0.0,0.9861865527378003,0.0,1.179190816150701,0.0,6.280076226917212,0.6347896431430153,150.53786034860164
-0.24817358951106944,0.0,0.9860215707595913,0.0,1.1798764126273016,0.0,6.280106050334841,0.6335096431430156,150.36751615273693
-0.24885079350693512,0.0,0.9858560983809821,0.0,1.1805619988712346,0.0,6.280135837340579,0.6322296431430163,150.19721991758698
-0.24952799258633407,0.0,0.9856901353633991,0.0,1.1812475748913147,0.0,6.280165587997829,0.6309496431430157,150.02697169593912
-0.25020518675163234,0.0,0.9855236814673717,0.0,1.1819331406963418,0.0,6.280195302369876,0.6296696431430167,149.85677154055293
-0.25088237600519814,0.0,0.9853567364525287,0.0,1.1826186962951042,0.0,6.280224980519829,0.6283896431430167,149.68661950420207
-0.2515595603493959,0.0,0.9851893000775973,0.0,1.183304241696377,0.0,6.280254622510678,0.6271096431430165,149.51651563961428
-0.2522367397865884,0.0,0.9850213721004011,0.0,1.1839897769089218,0.0,6.280284228405259,0.6258296431430164,149.34645999951704
-0.2529139143191368,0.0,0.9848529522778573,0.0,1.1846753019414875,0.0,6.280313798266271,0.6245496431430169,149.17645263663593
-0.2535910839494023,0.0,0.9846840403659758,0.0,1.185360816802811,0.0,6.280343332156269,0.6232696431430162,149.00649360366953
-0.2542682486797435,0.0,0.9845146361198561,0.0,1.1860463215016148,0.0,6.280372830137666,0.6219896431430165,148.83658295331665
-0.25494540851251574,0.0,0.9843447392936872,0.0,1.1867318160466096,0.0,6.280402292272738,0.6207096431430159,148.66672073824486
-0.25562256345007534,0.0,0.9841743496407426,0.0,1.1874173004464934,0.0,6.280431718623618,0.6194296431430164,148.49690701112326
-0.2562997134947747,0.0,0.9840034669133816,0.0,1.1881027747099502,0.0,6.280461109252292,0.6181496431430169,148.32714182460964
-0.25697685864896724,0.0,0.9838320908630442,0.0,1.1887882388456534,0.0,6.280490464220622,0.6168696431430158,148.1574252313505
-0.25765399891500274,0.0,0.9836602212402518,0.0,1.1894736928622613,0.0,6.280519783590317,0.6155896431430163,147.9877572839663
-0.25833113429522936,0.0,0.9834878577946027,0.0,1.1901591367684212,0.0,6.280549067422954,0.6143096431430164,147.81813803508368
-0.2590082647919943,0.0,0.9833150002747723,0.0,1.1908445705727668,0.0,6.280578315779968,0.6130296431430164,147.6485675373108
-0.25968539040764416,0.0,0.9831416484285087,0.0,1.1915299942839197,0.0,6.280607528722658,0.6117496431430172,147.47904584324058
-0.26036251114452214,0.0,0.9829678020026336,0.0,1.1922154079104883,0.0,6.280636706312185,0.610469643143017,147.30957300545964
-0.26103962700497046,0.0,0.9827934607430368,0.0,1.1929008114610689,0.0,6.280665848609569,0.6091896431430173,147.14014907653723
-0.2617167379913306,0.0,0.9826186243946762,0.0,1.1935862049442456,0.0,6.280694955675698,0.6079096431430167,146.9707741090406
-0.26239384410594024,0.0,0.9824432927015758,0.0,1.1942715883685884,0.0,6.280724027571322,0.6066296431430174,146.80144815553388
-0.2630709453511374,0.0,0.9822674654068229,0.0,1.1949569617426563,0.0,6.28075306435705,0.605349643143017,146.63217126853453
-0.2637480417292583,0.0,0.9820911422525659,0.0,1.1956423250749948,0.0,6.280782066093367,0.6040696431430173,146.46294350059765
-0.264425133242637,0.0,0.9819143229800117,0.0,1.1963276783741381,0.0,6.280811032840607,0.6027896431430173,146.29376490423854
-0.2651022198936057,0.0,0.9817370073294256,0.0,1.197013021648607,0.0,6.2808399646589805,0.6015096431430167,146.1246355319603
-0.2657793016844961,0.0,0.9815591950401275,0.0,1.1976983549069093,0.0,6.28086886160856,0.600229643143017,145.95555543627876
-0.26645637861763827,0.0,0.9813808858504883,0.0,1.1983836781575425,0.0,6.28089772374928,0.598949643143017,145.78652466967281
-0.26713345069535843,0.0,0.9812020794979314,0.0,1.1990689914089898,0.0,6.280926551140944,0.5976696431430173,145.61754328463903
-0.2678105179199827,0.0,0.9810227757189289,0.0,1.1997542946697217,0.0,6.280955343843224,0.5963896431430173,145.4486113336369
-0.26848758029383746,0.0,0.9808429742489958,0.0,1.2004395879481995,0.0,6.28098410191565,0.5951096431430172,145.27972886914756
-0.2691646378192441,0.0,0.9806626748226951,0.0,1.201124871252868,0.0,6.281012825417639,0.5938296431430174,145.11089594361533
-0.26984169049852486,0.0,0.9804818771736288,0.0,1.2018101445921625,0.0,6.281041514408449,0.5925496431430175,144.94211260948623
-0.270518738333999,0.0,0.9803005810344392,0.0,1.2024954079745056,0.0,6.281070168947224,0.5912696431430171,144.7733789192025
-0.27119578132798533,0.0,0.9801187861368058,0.0,1.203180661408307,0.0,6.281098789092972,0.5899896431430174,144.60469492518925
-0.2718728194827996,0.0,0.9799364922114429,0.0,1.2038659049019647,0.0,6.281127374904565,0.5887096431430181,144.43606067987633
-0.2725498528007577,0.0,0.979753698988098,0.0,1.2045511384638645,0.0,6.281155926440749,0.5874296431430175,144.26747623566106
-0.27322688128417166,0.0,0.9795704061955488,0.0,1.2052363621023796,0.0,6.2811844437601385,0.5861496431430178,144.09894164495708
-0.27390390493535394,0.0,0.9793866135616012,0.0,1.2059215758258708,0.0,6.281212926921219,0.584869643143018,143.93045696017344
-0.2745809237566158,0.0,0.979202320813086,0.0,1.206606779642689,0.0,6.2812413759823365,0.5835896431430179,143.76202223367736
-0.27525793775026336,0.0,0.9790175276758585,0.0,1.2072919735611707,0.0,6.281269791001719,0.5823096431430179,143.59363751785722
-0.27593494691860654,0.0,0.978832233874796,0.0,1.2079771575896403,0.0,6.281298172037461,0.581029643143018,143.4253028651002
-0.2766119512639471,0.0,0.9786464391337933,0.0,1.2086623317364114,0.0,6.28132651914753,0.579749643143018,143.2570183277497
-0.2772889507885906,0.0,0.9784601431757626,0.0,1.209347496009785,0.0,6.281354832389758,0.5784696431430174,143.08878395818437
-0.2779659454948406,0.0,0.9782733457226291,0.0,1.2100326504180505,0.0,6.2813831118218575,0.5771896431430181,142.92059980875587
-0.27864293538499524,0.0,0.9780860464953319,0.0,1.2107177949694845,0.0,6.281411357501402,0.5759096431430184,142.75246593179287
-0.27931992046135523,0.0,0.9778982452138177,0.0,1.211402929672353,0.0,6.281439569485855,0.5746296431430178,142.58438237965737
-0.27999690072621597,0.0,0.9777099415970416,0.0,1.2120880545349084,0.0,6.281467747832531,0.5733496431430178,142.41634920465896
-0.2806738761818742,0.0,0.9775211353629624,0.0,1.2127731695653923,0.0,6.281495892598641,0.5720696431430186,142.24836645914135
-0.2813508468306241,0.0,0.9773318262285419,0.0,1.2134582747720346,0.0,6.281524003841245,0.5707896431430182,142.0804341954152
-0.28202781267475835,0.0,0.9771420139097413,0.0,1.2141433701630526,0.0,6.281552081617296,0.5695096431430182,141.91255246580747
-0.2827047737165675,0.0,0.9769516981215202,0.0,1.214828455746652,0.0,6.281580125983615,0.568229643143018,141.74472132261445
-0.2833817299583401,0.0,0.976760878577832,0.0,1.215513531531027,0.0,6.2816081369968915,0.5669496431430185,141.5769408181268
-0.28405868140236495,0.0,0.9765695549916233,0.0,1.21619859752436,0.0,6.281636114713702,0.5656696431430182,141.40921100466497
-0.2847356280509277,0.0,0.9763777270748312,0.0,1.2168836537348209,0.0,6.281664059190487,0.5643896431430191,141.24153193451343
-0.28541256990631275,0.0,0.9761853945383794,0.0,1.2175687001705693,0.0,6.281691970483567,0.5631096431430183,141.07390365995053
-0.2860895069708031,0.0,0.9759925570921776,0.0,1.2182537368397515,0.0,6.281719848649142,0.5618296431430188,140.90632623326348
-0.28676643924667966,0.0,0.9757992144451177,0.0,1.2189387637505034,0.0,6.281747693743278,0.560549643143019,140.73879970672346
-0.287443366736223,0.0,0.9756053663050722,0.0,1.2196237809109485,0.0,6.281775505821932,0.5592696431430184,140.57132413260763
-0.2881202894417103,0.0,0.9754110123788907,0.0,1.2203087883291988,0.0,6.281803284940925,0.5579896431430187,140.40389956318592
-0.2887972073654178,0.0,0.9752161523723987,0.0,1.2209937860133544,0.0,6.28183103115596,0.5567096431430187,140.2365260507001
-0.28947412050962174,0.0,0.9750207859903924,0.0,1.221678773971505,0.0,6.281858744522614,0.5554296431430195,140.06920364743766
-0.2901510288765945,0.0,0.9748249129366404,0.0,1.2223637522117274,0.0,6.281886425096359,0.5541496431430193,139.90193240563195
-0.29082793246860733,0.0,0.9746285329138775,0.0,1.2230487207420873,0.0,6.281914072932514,0.5528696431430191,139.73471237753185
-0.2915048312879313,0.0,0.974431645623803,0.0,1.2237336795706388,0.0,6.281941688086308,0.5515896431430192,139.56754361539404
-0.2921817253368342,0.0,0.9742342507670794,0.0,1.2244186287054248,0.0,6.281969270612831,0.550309643143019,139.40042617145258
-0.29285861461758195,0.0,0.9740363480433285,0.0,1.225103568154476,0.0,6.281996820567056,0.5490296431430195,139.23336009794323
-0.2935354991324431,0.0,0.9738379371511273,0.0,1.2257884979258136,0.0,6.282024338003829,0.5477496431430198,139.06634544711548
-0.2942123788836784,0.0,0.9736390177880105,0.0,1.2264734180274448,0.0,6.282051822977894,0.5464696431430194,138.89938227118017
-0.2948892538735509,0.0,0.9734395896504627,0.0,1.2271583284673666,0.0,6.282079275543861,0.545189643143019,138.73247062237976
-0.29556612410432137,0.0,0.9732396524339179,0.0,1.2278432292535644,0.0,6.2821066957562195,0.543909643143019,138.56561055293997
-0.29624298957824774,0.0,0.9730392058327559,0.0,1.2285281203940126,0.0,6.28213408366934,0.5426296431430193,138.39880211506838
-0.2969198502975884,0.0,0.9728382495403011,0.0,1.2292130018966743,0.0,6.282161439337489,0.5413496431430191,138.23204536099954
-0.2975967062645982,0.0,0.9726367832488183,0.0,1.2298978737695005,0.0,6.2821887628147985,0.5400696431430201,138.06534034295004
-0.29827355748153195,0.0,0.9724348066495121,0.0,1.2305827360204313,0.0,6.282216054155282,0.5387896431430201,137.89868711313545
-0.29895040395064265,0.0,0.9722323194325203,0.0,1.2312675886573967,0.0,6.282243313412847,0.53750964314302,137.73208572375387
-0.29962724567417953,0.0,0.9720293212869167,0.0,1.2319524316883126,0.0,6.282270540641271,0.53622964314302,137.5655362270317
-0.3003040826543937,0.0,0.9718258119007018,0.0,1.232637265121087,0.0,6.2822977358942245,0.5349496431430196,137.3990386751712
-0.3009809148935323,0.0,0.9716217909608061,0.0,1.2333220889636147,0.0,6.282324899225254,0.5336696431430197,137.23259312038212
-0.3016577423938406,0.0,0.971417258153085,0.0,1.2340069032237784,0.0,6.282352030687795,0.5323896431430208,137.06619961486726
-0.3023345651575657,0.0,0.9712122131623124,0.0,1.2346917079094535,0.0,6.2823791303351575,0.5311096431430196,136.89985821083513
-0.30301138318694765,0.0,0.9710066556721856,0.0,1.2353765030284993,0.0,6.282406198220544,0.5298296431430203,136.7335689604769
-0.30368819648422946,0.0,0.9708005853653153,0.0,1.2360612885887676,0.0,6.282433234397037,0.5285496431430203,136.56733191600458
-0.3043650050516504,0.0,0.9705940019232269,0.0,1.2367460645980977,0.0,6.282460238917605,0.5272696431430199,136.40114712961042
-0.3050418088914494,0.0,0.970386905026356,0.0,1.2374308310643172,0.0,6.282487211835111,0.5259896431430209,136.23501465350319
-0.3057186080058621,0.0,0.9701792943540455,0.0,1.2381155879952446,0.0,6.282514153202278,0.5247096431430209,136.06893453987294
-0.30639540239712526,0.0,0.9699711695845441,0.0,1.238800335398686,0.0,6.28254106307174,0.5234296431430197,135.90290684092116
-0.30707219206747033,0.0,0.9697625303950023,0.0,1.2394850732824356,0.0,6.282567941496007,0.5221496431430204,135.7369316088456
-0.3077489770191305,0.0,0.9695533764614694,0.0,1.2401698016542786,0.0,6.282594788527475,0.5208696431430202,135.5710088958441
-0.3084257572543352,0.0,0.9693437074588911,0.0,1.240854520521988,0.0,6.282621604218424,0.5195896431430205,135.40513875411173
-0.3091025327753138,0.0,0.9691335230611067,0.0,1.2415392298933265,0.0,6.282648388621026,0.5183096431430201,135.23932123584368
-0.30977930358429373,0.0,0.9689228229408452,0.0,1.2422239297760451,0.0,6.282675141787331,0.5170296431430201,135.0735563932414
-0.3104560696834996,0.0,0.968711606769724,0.0,1.2429086201778843,0.0,6.282701863769289,0.5157496431430204,134.90784427849843
-0.3111328310751559,0.0,0.9684998742182445,0.0,1.2435933011065736,0.0,6.282728554618735,0.5144696431430207,134.7421849438165
-0.31180958776148543,0.0,0.9682876249557895,0.0,1.2442779725698323,0.0,6.282755214387381,0.5131896431430201,134.57657844139422
-0.312486339744708,0.0,0.9680748586506207,0.0,1.2449626345753673,0.0,6.282781843126838,0.511909643143021,134.41102482343018
-0.31316308702704376,0.0,0.967861574969875,0.0,1.2456472871308766,0.0,6.282808440888601,0.5106296431430215,134.2455241421181
-0.3138398296107109,0.0,0.9676477735795618,0.0,1.2463319302440465,0.0,6.282835007724055,0.5093496431430204,134.08007644966438
-0.31451656749792345,0.0,0.9674334541445608,0.0,1.2470165639225517,0.0,6.282861543684478,0.5080696431430212,133.91468179827342
-0.3151933006908978,0.0,0.9672186163286176,0.0,1.247701188174057,0.0,6.282888048821028,0.506789643143021,133.74934024014635
-0.3158700291918446,0.0,0.9670032597943412,0.0,1.2483858030062165,0.0,6.282914523184763,0.5055096431430213,133.58405182748854
-0.3165467530029782,0.0,0.9667873842032001,0.0,1.2490704084266742,0.0,6.28294096682662,0.5042296431430209,133.41881661249573
-0.3172234721265073,0.0,0.9665709892155218,0.0,1.2497550044430616,0.0,6.282967379797437,0.5029496431430218,133.2536346474023
-0.3179001865646387,0.0,0.9663540744904875,0.0,1.2504395910630008,0.0,6.28299376214794,0.5016696431430208,133.08850598439815
-0.31857689631958014,0.0,0.9661366396861286,0.0,1.251124168294103,0.0,6.283020113928741,0.500389643143021,132.92343067569573
-0.3192536013935362,0.0,0.9659186844593247,0.0,1.251808736143969,0.0,6.283046435190347,0.4991096431430213,132.7584087735148
-0.3199303017887107,0.0,0.9657002084658012,0.0,1.252493294620188,0.0,6.283072725983154,0.49782964314302136,132.59344033007505
-0.32060699750730637,0.0,0.9654812113601232,0.0,1.2531778437303405,0.0,6.283098986357455,0.49654964314302097,132.42852539759153
-0.32128368855152184,0.0,0.9652616927956961,0.0,1.2538623834819942,0.0,6.283125216363426,0.49526964314302147,132.26366402829154
-0.3219603749235568,0.0,0.9650416524247599,0.0,1.2545469138827077,0.0,6.28315141605115,0.4939896431430213,132.09885627439
-0.3226370566256086,0.0,0.9648210898983867,0.0,1.2552314349400289,0.0,6.283177585470586,0.4927096431430207,131.93410218812463
-0.3233137336598721,0.0,0.9646000048664775,0.0,1.255915946661494,0.0,6.2832037246715915,0.4914296431430212,131.76940182171606
-0.32399040602854134,0.0,0.9643783969777584,0.0,1.2566004490546308,0.0,6.283229833703928,0.490149643143021,131.60475522740592
-0.32466707373381,0.0,0.9641562658797785,0.0,1.2572849421269543,0.0,6.283255912617231,0.48886964314302195,131.44016245743194
-0.3253437367778674,0.0,0.9639336112189062,0.0,1.257969425885971,0.0,6.283281961461047,0.48758964314302133,131.27562356402896
-0.3260203951629034,0.0,0.9637104326403254,0.0,1.2586539003391757,0.0,6.283307980284809,0.4863096431430214,131.11113859944118
-0.3266970488911062,0.0,0.9634867297880318,0.0,1.2593383654940535,0.0,6.2833339691378445,0.48502964314302144,130.9467076159245
-0.32737369796466215,0.0,0.9632625023048316,0.0,1.260022821358079,0.0,6.283359928069373,0.4837496431430206,130.78233066573205
-0.3280503423857552,0.0,0.9630377498323361,0.0,1.2607072679387157,0.0,6.283385857128515,0.4824696431430213,130.61800780110764
-0.32872698215656865,0.0,0.9628124720109599,0.0,1.2613917052434176,0.0,6.283411756364283,0.4811896431430214,130.45373907432406
-0.32940361727928363,0.0,0.9625866684799157,0.0,1.2620761332796282,0.0,6.283437625825578,0.4799096431430212,130.28952453763503
-0.33008024775608075,0.0,0.9623603388772136,0.0,1.26276055205478,0.0,6.283463465561219,0.4786296431430208,130.12536424331572
-0.33075687358913775,0.0,0.9621334828396543,0.0,1.2634449615762964,0.0,6.28348927561989,0.47734964314302064,129.96125824364776
-0.33143349478063217,0.0,0.9619061000028286,0.0,1.2641293618515894,0.0,6.2835150560501924,0.47606964314302114,129.79720659089605
-0.332110111332738,0.0,0.9616781900011138,0.0,1.2648137528880612,0.0,6.283540806900619,0.4747896431430205,129.633209337345
-0.3327867232476299,0.0,0.9614497524676673,0.0,1.2654981346931038,0.0,6.283566528219561,0.47350964314302124,129.46926653529903
-0.33346333052748023,0.0,0.9612207870344267,0.0,1.266182507274099,0.0,6.283592220055301,0.4722296431430215,129.30537823703588
-0.3341399331744581,0.0,0.9609912933321051,0.0,1.2668668706384183,0.0,6.283617882456028,0.4709496431430218,129.14154449486
-0.3348165311907349,0.0,0.9607612709901854,0.0,1.267551224793424,0.0,6.2836435154698105,0.4696696431430214,128.97776536107887
-0.33549312457847613,0.0,0.960530719636922,0.0,1.2682355697464653,0.0,6.283669119144642,0.46838964314302056,128.81404088800073
-0.33616971333984774,0.0,0.9602996388993312,0.0,1.2689199055048845,0.0,6.28369469352839,0.46710964314302106,128.65037112794508
-0.3368462974770147,0.0,0.9600680284031916,0.0,1.2696042320760124,0.0,6.283720238668829,0.4658296431430211,128.48675613322513
-0.3375228769921394,0.0,0.9598358877730399,0.0,1.2702885494671696,0.0,6.283745754613641,0.46454964314302116,128.32319595617787
-0.33819945188738376,0.0,0.9596032166321659,0.0,1.2709728576856671,0.0,6.283771241410392,0.463269643143021,128.1596906491353
-0.33887602216490637,0.0,0.9593700146026108,0.0,1.2716571567388053,0.0,6.283796699106559,0.4619896431430204,127.99624026444236
-0.3395525878268655,0.0,0.9591362813051628,0.0,1.2723414466338745,0.0,6.283822127749504,0.4607096431430213,127.83284485442954
-0.34022914887541844,0.0,0.9589020163593523,0.0,1.2730257273781558,0.0,6.283847527386511,0.45942964314302204,127.66950447147407
-0.34090570531272024,0.0,0.9586672193834503,0.0,1.2737099989789202,0.0,6.283872898064743,0.458149643143021,127.5062191679229
-0.3415822571409231,0.0,0.9584318899944639,0.0,1.2743942614434274,0.0,6.283898239831268,0.45686964314302125,127.34298899614298
-0.3422588043621802,0.0,0.9581960278081318,0.0,1.275078514778928,0.0,6.28392355273307,0.4555896431430215,127.17981400852389
-0.34293534697864037,0.0,0.9579596324389223,0.0,1.2757627589926632,0.0,6.283948836817008,0.45430964314302136,127.01669425742091
-0.34361188499245504,0.0,0.9577227035000271,0.0,1.2764469940918641,0.0,6.283974092129868,0.4530296431430203,126.8536297952508
-0.3442884184057685,0.0,0.9574852406033609,0.0,1.2771312200837501,0.0,6.283999318718312,0.45174964314302146,126.69062067439906
-0.3449649472207282,0.0,0.9572472433595547,0.0,1.2778154369755335,0.0,6.2840245166289295,0.45046964314302085,126.5276669472665
-0.3456414714394773,0.0,0.9570087113779541,0.0,1.2784996447744144,0.0,6.2840496859081885,0.44918964314302046,126.36476866626855
-0.3463179910641593,0.0,0.9567696442666134,0.0,1.2791838434875842,0.0,6.284074826602477,0.4479096431430212,126.20192588383377
-0.3469945060969158,0.0,0.9565300416322938,0.0,1.2798680331222247,0.0,6.2840999387580645,0.4466296431430212,126.03913865237448
-0.3476710165398848,0.0,0.9562899030804586,0.0,1.2805522136855074,0.0,6.2841250224211445,0.44534964314302106,125.87640702434095
-0.3483475223952041,0.0,0.9560492282152712,0.0,1.2812363851845927,0.0,6.284150077637816,0.44406964314302133,125.71373105217538
-0.3490240236650121,0.0,0.9558080166395858,0.0,1.2819205476266344,0.0,6.284175104454045,0.4427896431430214,125.55111078832036
-0.3497005203514412,0.0,0.9555662679549519,0.0,1.2826047010187729,0.0,6.284200102915745,0.4415096431430212,125.38854628524724
-0.35037701245662706,0.0,0.9553239817616014,0.0,1.2832888453681428,0.0,6.284225073068704,0.4402296431430204,125.22603759542928
-0.3510534999826997,0.0,0.9550811576584537,0.0,1.2839729806818645,0.0,6.284250014958628,0.43894964314302043,125.06358477134212
-0.35172998293179014,0.0,0.9548377952431039,0.0,1.2846571069670516,0.0,6.284274928631124,0.43766964314302137,124.90118786547696
-0.3524064613060273,0.0,0.9545938941118224,0.0,1.2853412242308087,0.0,6.2842998141316935,0.4363896431430212,124.73884693032674
-0.3530829351075389,0.0,0.9543494538595529,0.0,1.286025332480228,0.0,6.2843246715057575,0.43510964314302103,124.57656201841019
-0.353759404338448,0.0,0.9541044740799052,0.0,1.2867094317223933,0.0,6.284349500798636,0.4338296431430215,124.41433318222853
-0.3544358690008822,0.0,0.9538589543651501,0.0,1.2873935219643806,0.0,6.2843743020555465,0.4325496431430207,124.2521604743218
-0.3551123290969615,0.0,0.9536128943062214,0.0,1.2880776032132526,0.0,6.2843990753216215,0.43126964314302096,124.09004394721605
-0.3557887846288087,0.0,0.9533662934927045,0.0,1.2887616754760658,0.0,6.284423820641898,0.42998964314302124,123.92798365346488
-0.3564652355985413,0.0,0.9531191515128387,0.0,1.2894457387598648,0.0,6.28444853806131,0.4287096431430206,123.76597964561606
-0.35714168200827884,0.0,0.9528714679535075,0.0,1.2901297930716857,0.0,6.284473227624711,0.4274296431430218,123.6040319762518
-0.3578181238601378,0.0,0.9526232424002394,0.0,1.2908138384185555,0.0,6.284497889376855,0.4261496431430214,123.44214069793394
-0.3584945611562317,0.0,0.9523744744372007,0.0,1.2914978748074903,0.0,6.284522523362392,0.42486964314302145,123.28030586325357
-0.35917099389867546,0.0,0.9521251636471919,0.0,1.2921819022454981,0.0,6.284547129625897,0.42358964314302083,123.1185275248171
-0.35984742208958,0.0,0.9518753096116453,0.0,1.292865920739576,0.0,6.284571708211838,0.4223096431430211,122.95680573521754
-0.36052384573105567,0.0,0.9516249119106177,0.0,1.293549930296713,0.0,6.284596259164595,0.42102964314302116,122.7951405470852
-0.36120026482521167,0.0,0.9513739701227891,0.0,1.294233930923888,0.0,6.284620782528457,0.419749643143021,122.63353201304858
-0.3618766793741554,0.0,0.9511224838254572,0.0,1.29491792262807,0.0,6.284645278347621,0.4184696431430208,122.471980185751
-0.3625530893799917,0.0,0.9508704525945325,0.0,1.2956019054162196,0.0,6.284669746666189,0.4171896431430213,122.31048511784698
-0.3632294948448265,0.0,0.9506178760045362,0.0,1.2962858792952872,0.0,6.28469418752817,0.4159096431430205,122.14904686199822
-0.36390589577076016,0.0,0.9503647536285934,0.0,1.2969698442722135,0.0,6.2847186009774845,0.41462964314302164,121.98766547087237
-0.36458229215989485,0.0,0.9501110850384308,0.0,1.297653800353931,0.0,6.284742987057965,0.41334964314302125,121.82634099717293
-0.3652586840143313,0.0,0.9498568698043698,0.0,1.298337747547363,0.0,6.28476734581334,0.41206964314302064,121.66507349359367
-0.36593507133616593,0.0,0.9496021074953269,0.0,1.2990216858594208,0.0,6.284791677287268,0.41078964314302047,121.50386301284067
-0.3666114541274964,0.0,0.949346797678803,0.0,1.2997056152970097,0.0,6.28481598152329,0.40950964314302096,121.3427096076463
-0.3672878323904177,0.0,0.9490909399208846,0.0,1.3003895358670239,0.0,6.284840258564885,0.40822964314302146,121.18161333074691
-0.36796420612702246,0.0,0.9488345337862363,0.0,1.3010734475763484,0.0,6.284864508455419,0.4069496431430213,121.0205742348869
-0.36864057533940403,0.0,0.9485775788380967,0.0,1.3017573504318602,0.0,6.284888731238182,0.40566964314302045,120.85959237282827
-0.36931694002965243,0.0,0.9483200746382757,0.0,1.3024412444404248,0.0,6.2849129269563635,0.4043896431430214,120.69866779734903
-0.3699933001998564,0.0,0.9480620207471482,0.0,1.3031251296089004,0.0,6.284937095653076,0.4031096431430212,120.53780056122824
-0.37066965585210326,0.0,0.9478034167236494,0.0,1.3038090059441352,0.0,6.284961237371328,0.4018296431430213,120.3769907172733
-0.37134600698847936,0.0,0.9475442621252723,0.0,1.3044928734529684,0.0,6.284985352154057,0.4005496431430209,120.21623831829545
-0.37202235361106867,0.0,0.9472845565080606,0.0,1.3051767321422298,0.0,6.28500944004409,0.39926964314302116,120.05554341712607
-0.37269869572195496,0.0,0.9470242994266072,0.0,1.3058605820187401,0.0,6.285033501084189,0.39798964314302143,119.89490606660007
-0.3733750333232197,0.0,0.9467634904340457,0.0,1.3065444230893117,0.0,6.285057535317003,0.3967096431430208,119.73432631956234
-0.3740513664169414,0.0,0.9465021290820499,0.0,1.3072282553607462,0.0,6.285081542785116,0.39542964314302087,119.57380422889561
-0.37472769500520003,0.0,0.9462402149208263,0.0,1.307912078839837,0.0,6.285105523531003,0.39414964314302114,119.41333984747712
-0.37540401909007154,0.0,0.9459777474991106,0.0,1.3085958935333692,0.0,6.285129477597072,0.39286964314302053,119.25293322819815
-0.37608033867363233,0.0,0.9457147263641624,0.0,1.3092796994481173,0.0,6.285153405025628,0.391589643143021,119.09258442397291
-0.376756653757955,0.0,0.9454511510617621,0.0,1.3099634965908475,0.0,6.285177305858894,0.3903096431430211,118.93229348772168
-0.37743296434511203,0.0,0.945187021136204,0.0,1.310647284968317,0.0,6.285201180139005,0.38902964314302046,118.77206047238373
-0.37810927043717507,0.0,0.944922336130292,0.0,1.3113310645872742,0.0,6.2852250279080115,0.38774964314302096,118.61188543090759
-0.3787855720362135,0.0,0.9446570955853372,0.0,1.312014835454458,0.0,6.285248849207877,0.3864696431430201,118.4517684162678
-0.3794618691442951,0.0,0.9443912990411498,0.0,1.3126985975765981,0.0,6.285272644080474,0.38518964314302084,118.29170948144592
-0.3801381617634846,0.0,0.944124946036037,0.0,1.3133823509604157,0.0,6.285296412567596,0.3839096431430207,118.13170867943263
-0.38081444989584934,0.0,0.9438580361067951,0.0,1.3140660956126236,0.0,6.285320154710946,0.3826296431430207,117.9717660632499
-0.38149073354345137,0.0,0.9435905687887088,0.0,1.314749831539924,0.0,6.28534387055214,0.3813496431430212,117.81188168591652
-0.3821670127083525,0.0,0.9433225436155424,0.0,1.3154335587490118,0.0,6.2853675601327135,0.38006964314302105,117.65205560048373
-0.3828432873926136,0.0,0.9430539601195371,0.0,1.3161172772465723,0.0,6.285391223494107,0.3787896431430213,117.49228785999786
-0.383519557598293,0.0,0.9427848178314059,0.0,1.3168009870392816,0.0,6.2854148606776965,0.3775096431430205,117.33257851755431
-0.38419582332744817,0.0,0.9425151162803275,0.0,1.3174846881338074,0.0,6.285438471724749,0.376229643143021,117.17292762622708
-0.38487208458213623,0.0,0.9422448549939414,0.0,1.318168380536809,0.0,6.285462056676458,0.3749496431430208,117.01333523912487
-0.3855483413644086,0.0,0.9419740334983463,0.0,1.318852064254935,0.0,6.285485615573929,0.37366964314302087,116.85380140936599
-0.3862245936763201,0.0,0.9417026513180893,0.0,1.3195357392948275,0.0,6.285509148458196,0.3723896431430205,116.69432619010578
-0.38690084151992254,0.0,0.9414307079761655,0.0,1.3202194056631178,0.0,6.2855326553701945,0.3711096431430212,116.53490963448392
-0.38757708489726517,0.0,0.9411582029940104,0.0,1.32090306336643,0.0,6.285556136350776,0.36982964314302125,116.37555179567872
-0.38825332381039684,0.0,0.9408851358914962,0.0,1.321586712411379,0.0,6.285579591440717,0.3685496431430211,116.21625272687837
-0.3889295582613632,0.0,0.940611506186926,0.0,1.3222703528045703,0.0,6.285603020680704,0.3672696431430209,116.05701248128193
-0.38960578825221104,0.0,0.9403373133970298,0.0,1.3229539845526006,0.0,6.285626424111352,0.3659896431430203,115.89783111212262
-0.39028201378498323,0.0,0.9400625570369565,0.0,1.3236376076620582,0.0,6.2856498017731735,0.364709643143021,115.73870867262937
-0.3909582348617228,0.0,0.9397872366202716,0.0,1.3243212221395233,0.0,6.285673153706613,0.36342964314302084,115.57964521607262
-0.3916344514844705,0.0,0.9395113516589507,0.0,1.3250048279915667,0.0,6.285696479952029,0.3621496431430209,115.42064079570989
-0.39231066365526557,0.0,0.9392349016633743,0.0,1.3256884252247507,0.0,6.2857197805497,0.3608696431430203,115.26169546485349
-0.39298687137614724,0.0,0.9389578861423223,0.0,1.3263720138456288,0.0,6.285743055539811,0.3595896431430212,115.10280927678525
-0.39366307464914985,0.0,0.9386803046029706,0.0,1.3270555938607456,0.0,6.285766304962483,0.3583096431430215,114.94398228485518
-0.39433927347630965,0.0,0.9384021565508823,0.0,1.327739165276638,0.0,6.285789528857739,0.3570296431430209,114.78521454239986
-0.395015467859661,0.0,0.938123441490004,0.0,1.3284227280998337,0.0,6.285812727265524,0.35574964314302093,114.62650610277981
-0.3956916578012342,0.0,0.9378441589226635,0.0,1.3291062823368507,0.0,6.285835900225719,0.35446964314302143,114.4678570193932
-0.39636784330306096,0.0,0.9375643083495578,0.0,1.329789827994201,0.0,6.285859047778097,0.3531896431430208,114.30926734561471
-0.39704402436716973,0.0,0.9372838892697543,0.0,1.3304733650783853,0.0,6.285882169962368,0.35190964314302065,114.15073713488435
-0.39772020099558814,0.0,0.9370029011806802,0.0,1.3311568935958977,0.0,6.285905266818155,0.3506296431430207,113.99226644062568
-0.39839637319034304,0.0,0.9367213435781214,0.0,1.3318404135532222,0.0,6.285928338384999,0.34934964314302097,113.83385531630617
-0.3990725409534589,0.0,0.9364392159562123,0.0,1.332523924956836,0.0,6.285951384702372,0.34806964314302147,113.67550381539763
-0.39974870428695747,0.0,0.9361565178074353,0.0,1.3332074278132058,0.0,6.285974405809648,0.34678964314302085,113.51721199138989
-0.4004248631928619,0.0,0.9358732486226103,0.0,1.3338909221287916,0.0,6.285997401746137,0.3455096431430209,113.35897989779916
-0.40110101767319284,0.0,0.9355894078908924,0.0,1.3345744079100441,0.0,6.286020372551055,0.3442296431430212,113.20080758816034
-0.4017771677299669,0.0,0.935304995099766,0.0,1.3352578851634054,0.0,6.286043318263557,0.34294964314302057,113.04269511602247
-0.40245331336520385,0.0,0.935020009735037,0.0,1.3359413538953093,0.0,6.286066238922698,0.34166964314302084,112.88464253496389
-0.40312945458091803,0.0,0.9347344512808295,0.0,1.3366248141121813,0.0,6.2860891345674705,0.3403896431430209,112.72664989857708
-0.4038055913791245,0.0,0.9344483192195787,0.0,1.3373082658204387,0.0,6.2861120052367765,0.3391096431430207,112.56871726046614
-0.4044817237618351,0.0,0.9341616130320259,0.0,1.3379917090264895,0.0,6.286134850969448,0.3378296431430208,112.4108446742675
-0.4051578517310622,0.0,0.9338743321972114,0.0,1.3386751437367341,0.0,6.286157671804235,0.33654964314302105,112.25303219363985
-0.40583397528881515,0.0,0.9335864761924707,0.0,1.3393585699575647,0.0,6.286180467779803,0.33526964314302155,112.0952798722432
-0.4065100944371022,0.0,0.9332980444934278,0.0,1.3400419876953638,0.0,6.286203238934753,0.3339896431430216,111.93758776378606
-0.4071862091779313,0.0,0.9330090365739876,0.0,1.3407253969565078,0.0,6.286225985307594,0.33270964314302076,111.77995592197612
-0.4078623195133075,0.0,0.9327194519063323,0.0,1.3414087977473628,0.0,6.286248706936765,0.3314296431430208,111.6223844005446
-0.4085384254452355,0.0,0.9324292899609159,0.0,1.3420921900742868,0.0,6.2862714038606375,0.33014964314302087,111.46487325326218
-0.4092145269757163,0.0,0.9321385502064546,0.0,1.3427755739436311,0.0,6.286294076117477,0.3288696431430207,111.30742253388274
-0.4098906241067523,0.0,0.9318472321099261,0.0,1.3434589493617362,0.0,6.286316723745497,0.32758964314302097,111.15003229622036
-0.41056671684034285,0.0,0.9315553351365579,0.0,1.344142316334937,0.0,6.286339346782826,0.3263096431430199,110.9927025940964
-0.4112428051784863,0.0,0.9312628587498262,0.0,1.3448256748695577,0.0,6.286361945267515,0.32502964314302063,110.83543348135258
-0.4119188891231794,0.0,0.9309698024114459,0.0,1.3455090249719166,0.0,6.286384519237542,0.32374964314302024,110.67822501184874
-0.4125949686764183,0.0,0.9306761655813681,0.0,1.3461923666483215,0.0,6.286407068730803,0.3224696431430212,110.52107723947685
-0.4132710438401945,0.0,0.930381947717771,0.0,1.3468756999050737,0.0,6.28642959378512,0.321189643143021,110.36399021813817
-0.41394711461650213,0.0,0.9300871482770551,0.0,1.3475590247484655,0.0,6.286452094438244,0.31990964314302106,110.20696400175007
-0.4146231810073328,0.0,0.9297917667138361,0.0,1.3482423411847815,0.0,6.286474570727838,0.31862964314302133,110.04999864429183
-0.41529924301467447,0.0,0.9294958024809409,0.0,1.3489256492202975,0.0,6.286497022691503,0.3173496431430205,109.89309419971991
-0.4159753006405167,0.0,0.9291992550293982,0.0,1.3496089488612815,0.0,6.286519450366763,0.31606964314302033,109.73625072204068
-0.41665135388684454,0.0,0.9289021238084343,0.0,1.3502922401139932,0.0,6.2865418537910545,0.3147896431430208,109.57946826525901
-0.4173274027556438,0.0,0.928604408265466,0.0,1.3509755229846847,0.0,6.286564233001746,0.31350964314302066,109.42274688343652
-0.4180034472488981,0.0,0.9283061078460948,0.0,1.3516587974795995,0.0,6.2865865880361405,0.31222964314302026,109.26608663063647
-0.4186794873685901,0.0,0.9280072219940997,0.0,1.352342063604973,0.0,6.28660891893145,0.3109496431430203,109.1094875609225
-0.4193555231167011,0.0,0.9277077501514315,0.0,1.3530253213670327,0.0,6.286631225724828,0.30966964314302015,108.95294972844327
-0.42003155449520857,0.0,0.9274076917582056,0.0,1.353708570771998,0.0,6.286653508453335,0.3083896431430204,108.79647318731028
-0.42070758150609056,0.0,0.9271070462526969,0.0,1.3543918118260796,0.0,6.286675767153976,0.3071096431430216,108.64005799168947
-0.4213836041513275,0.0,0.9268058130713299,0.0,1.3550750445354827,0.0,6.286698001863668,0.3058296431430201,108.4837041957797
-0.42205962243288936,0.0,0.926503991648678,0.0,1.3557582689064003,0.0,6.286720212619265,0.3045496431430208,108.32741185376534
-0.4227356363527524,0.0,0.9262015814174506,0.0,1.356441484945021,0.0,6.286742399457541,0.30326964314302063,108.17118101987712
-0.4234116459128882,0.0,0.9258985818084902,0.0,1.357124692657524,0.0,6.286764562415197,0.30198964314302024,108.01501174838555
-0.4240876511152671,0.0,0.925594992250765,0.0,1.3578078920500798,0.0,6.286786701528863,0.30070964314302095,107.85890409357184
-0.42476365196185917,0.0,0.9252908121713621,0.0,1.3584910831288524,0.0,6.286808816835094,0.299429643143021,107.70285810973094
-0.42543964845463084,0.0,0.92498604099548,0.0,1.3591742658999972,0.0,6.286830908370371,0.2981496431430204,107.54687385119223
-0.4261156405955505,0.0,0.9246806781464225,0.0,1.3598574403696615,0.0,6.286852976171106,0.2968696431430209,107.3909513723191
-0.42679162838658125,0.0,0.9243747230455931,0.0,1.360540606543985,0.0,6.2868750202736345,0.2955896431430207,107.2350907274731
-0.4274676118296889,0.0,0.9240681751124852,0.0,1.3612237644290992,0.0,6.286897040714229,0.2943096431430201,107.07929197108604
-0.428143590926833,0.0,0.9237610337646786,0.0,1.3619069140311275,0.0,6.286919037529074,0.29302964314302127,106.92355515756192
-0.4288195656799759,0.0,0.9234532984178292,0.0,1.3625900553561865,0.0,6.28694101075429,0.2917496431430209,106.76788034136042
-0.4294955360910745,0.0,0.9231449684856656,0.0,1.3632731884103835,0.0,6.286962960425938,0.2904696431430207,106.61226757697216
-0.4301715021620901,0.0,0.9228360433799789,0.0,1.363956313199819,0.0,6.286984886579982,0.289189643143021,106.45671691889466
-0.43084746389497575,0.0,0.922526522510618,0.0,1.3646394297305848,0.0,6.287006789252332,0.28790964314302125,106.30122842166233
-0.4315234212916889,0.0,0.9222164052854801,0.0,1.3653225380087664,0.0,6.287028668478827,0.2866296431430211,106.14580213983687
-0.43219937435418293,0.0,0.9219056911105071,0.0,1.36600563804044,0.0,6.287050524295226,0.28534964314302025,105.99043812799688
-0.43287532308440807,0.0,0.9215943793896749,0.0,1.366688729831674,0.0,6.287072356737221,0.28406964314302097,105.83513644076206
-0.4335512674843161,0.0,0.921282469524989,0.0,1.3673718133885302,0.0,6.287094165840442,0.2827896431430199,105.67989713275182
-0.43422720755585636,0.0,0.9209699609164753,0.0,1.3680548887170614,0.0,6.287115951640431,0.2815096431430204,105.52472025864496
-0.4349031433009764,0.0,0.9206568529621736,0.0,1.3687379558233133,0.0,6.287137714172673,0.2802296431430211,105.36960587313793
-0.43557907472162244,0.0,0.9203431450581305,0.0,1.3694210147133241,0.0,6.2871594534725785,0.2789496431430205,105.21455403092568
-0.43625500181973953,0.0,0.9200288365983924,0.0,1.3701040653931236,0.0,6.287181169575489,0.27766964314302056,105.05956478676205
-0.43693092459727106,0.0,0.9197139269749974,0.0,1.3707871078687337,0.0,6.287202862516675,0.27638964314302106,104.90463819543041
-0.43760684305616115,0.0,0.9193984155779669,0.0,1.3714701421461706,0.0,6.287224532331331,0.27510964314302044,104.74977431171907
-0.43828275719834725,0.0,0.9190823017953018,0.0,1.3721531682314396,0.0,6.287246179054596,0.27382964314302094,104.59497319046211
-0.4389586670257712,0.0,0.9187655850129703,0.0,1.3728361861305418,0.0,6.287267802721528,0.27254964314302055,104.44023488649873
-0.4396345725403693,0.0,0.9184482646149048,0.0,1.373519195849467,0.0,6.287289403367128,0.2712696431430208,104.2855594547248
-0.4403104737440795,0.0,0.9181303399829899,0.0,1.3742021973942014,0.0,6.287310981026309,0.26998964314301976,104.1309469500498
-0.44098637063883567,0.0,0.9178118104970594,0.0,1.3748851907707194,0.0,6.287332535733923,0.2687096431430205,103.97639742740067
-0.44166226322657065,0.0,0.9174926755348858,0.0,1.3755681759849905,0.0,6.287354067524768,0.267429643143021,103.82191094176065
-0.4423381515092196,0.0,0.9171729344721721,0.0,1.3762511530429764,0.0,6.287375576433558,0.26614964314302103,103.66748754812008
-0.4430140354887107,0.0,0.9168525866825458,0.0,1.3769341219506308,0.0,6.28739706249494,0.26486964314302064,103.51312730149601
-0.44368991516697487,0.0,0.9165316315375515,0.0,1.3776170827138992,0.0,6.287418525743491,0.2635896431430207,103.35883025693025
-0.44436579054593933,0.0,0.9162100684066413,0.0,1.37830003533872,0.0,6.287439966213727,0.26230964314302074,103.20459646953569
-0.44504166162753034,0.0,0.9158878966571679,0.0,1.3789829798310245,0.0,6.287461383940096,0.26102964314302013,103.05042599439605
-0.4457175284136742,0.0,0.9155651156543759,0.0,1.3796659161967362,0.0,6.2874827789569645,0.2597496431430206,102.89631888665815
-0.4463933909062928,0.0,0.9152417247613969,0.0,1.38034884444177,0.0,6.287504151298658,0.2584696431430211,102.74227520150292
-0.44706924910731116,0.0,0.9149177233392357,0.0,1.3810317645720358,0.0,6.2875255009994095,0.25718964314302095,102.58829499411223
-0.44774510301864906,0.0,0.9145931107467694,0.0,1.3817146765934332,0.0,6.287546828093394,0.2559096431430208,102.43437831972186
-0.44842095264222537,0.0,0.9142678863407325,0.0,1.3823975805118567,0.0,6.287568132614713,0.2546296431430206,102.28052523358329
-0.44909679797995933,0.0,0.9139420494757148,0.0,1.383080476333191,0.0,6.287589414597421,0.25334964314302133,102.12673579099872
-0.44977263903376646,0.0,0.913615599504149,0.0,1.3837633640633153,0.0,6.287610674075481,0.25206964314302116,101.97301004727179
-0.45044847580556346,0.0,0.9132885357763036,0.0,1.384446243708101,0.0,6.287631911082806,0.25078964314302055,101.81934805775153
-0.4511243082972634,0.0,0.9129608576402775,0.0,1.3851291152734104,0.0,6.287653125653238,0.2495096431430206,101.66574987784125
-0.451800136510779,0.0,0.9126325644419857,0.0,1.3858119787651009,0.0,6.2876743178205405,0.24822964314302087,101.51221556290761
-0.4524759604480221,0.0,0.912303655525158,0.0,1.3864948341890204,0.0,6.2876954876184366,0.24694964314302048,101.35874516842958
-0.4531517801109015,0.0,0.9119741302313247,0.0,1.3871776815510108,0.0,6.287716635080563,0.24566964314302098,101.20533874987152
-0.45382759550132734,0.0,0.9116439878998117,0.0,1.3878605208569064,0.0,6.287737760240496,0.24438964314302036,101.05199636271367
-0.4545034066212056,0.0,0.9113132278677312,0.0,1.3885433521125334,0.0,6.287758863131748,0.24310964314302064,100.89871806252066
-0.45517921347244067,0.0,0.9109818494699736,0.0,1.389226175323711,0.0,6.287779943787762,0.24182964314302002,100.74550390482489
-0.4558550160569379,0.0,0.9106498520391975,0.0,1.3899089904962507,0.0,6.287801002241921,0.24054964314302096,100.59235394525425
-0.45653081437660026,0.0,0.9103172349058214,0.0,1.3905917976359583,0.0,6.2878220385275405,0.23926964314302102,100.43926823941949
-0.4572066084333304,0.0,0.9099839973980165,0.0,1.391274596748631,0.0,6.287843052677866,0.2379896431430204,100.28624684298295
-0.45788239822902443,0.0,0.9096501388416999,0.0,1.3919573878400568,0.0,6.287864044726092,0.2367096431430209,100.13328981163524
-0.45855818376558577,0.0,0.9093156585605163,0.0,1.3926401709160212,0.0,6.28788501470533,0.2354296431430214,99.98039720110373
-0.45923396504490893,0.0,0.9089805558758435,0.0,1.393322945982298,0.0,6.287905962648637,0.23414964314302011,99.82756906715532
-0.45990974206889035,0.0,0.9086448301067713,0.0,1.3940057130446557,0.0,6.287926888589011,0.23286964314302083,99.67480546556345
-0.4605855148394249,0.0,0.9083084805700999,0.0,1.394688472108855,0.0,6.28794779255938,0.23158964314302088,99.52210645216128
-0.46126128335840494,0.0,0.9079715065803273,0.0,1.39537122318065,0.0,6.2879686745925945,0.23030964314302027,99.36947208279703
-0.46193704762772364,0.0,0.9076339074496417,0.0,1.3960539662657874,0.0,6.287989534721469,0.22902964314302032,99.21690241336493
-0.4626128076492699,0.0,0.9072956824879133,0.0,1.3967367013700056,0.0,6.288010372978728,0.2277496431430206,99.06439749978037
-0.4632885634249329,0.0,0.9069568310026839,0.0,1.3974194284990369,0.0,6.288031189397052,0.22646964314302065,98.91195739799541
-0.4639643149566019,0.0,0.9066173522991563,0.0,1.398102147658607,0.0,6.288051984009043,0.2251896431430207,98.75958216400578
-0.46464006224616117,0.0,0.9062772456801899,0.0,1.3987848588544327,0.0,6.288072756847247,0.2239096431430212,98.60727185383202
-0.46531580529549754,0.0,0.9059365104462861,0.0,1.3994675620922257,0.0,6.28809350794415,0.22262964314302036,98.45502652353193
-0.46599154410649185,0.0,0.9055951458955844,0.0,1.4001502573776874,0.0,6.28811423733217,0.2213496431430204,98.30284622918178
-0.4666672786810288,0.0,0.9052531513238466,0.0,1.4008329447165158,0.0,6.288134945043665,0.2200696431430207,98.15073102692398
-0.46734300902098774,0.0,0.9049105260244543,0.0,1.401515624114399,0.0,6.288155631110924,0.2187896431430203,97.9986809728953
-0.4680187351282486,0.0,0.9045672692883927,0.0,1.4021982955770196,0.0,6.288176295566174,0.21750964314302101,97.8466961233082
-0.4686944570046894,0.0,0.9042233804042478,0.0,1.4028809591100528,0.0,6.288196938441592,0.21622964314302062,97.69477653438737
-0.4693701746521863,0.0,0.9038788586581926,0.0,1.4035636147191652,0.0,6.288217559769285,0.21494964314302045,97.54292226238026
-0.4700458880726153,0.0,0.9035337033339773,0.0,1.4042462624100187,0.0,6.288238159581293,0.21366964314302117,97.39113336359806
-0.47072159726784923,0.0,0.9031879137129227,0.0,1.404928902188267,0.0,6.288258737909598,0.2123896431430201,97.2394098943603
-0.47139730223976184,0.0,0.9028414890739077,0.0,1.4056115340595559,0.0,6.288279294786115,0.21110964314301994,97.08775191105121
-0.47207300299022376,0.0,0.9024944286933609,0.0,1.4062941580295254,0.0,6.288299830242715,0.20982964314302066,96.93615947005878
-0.472748699521105,0.0,0.9021467318452502,0.0,1.4069767741038084,0.0,6.288320344311188,0.20854964314302116,96.78463262782968
-0.4734243918342735,0.0,0.9017983978010743,0.0,1.4076593822880303,0.0,6.2883408370232665,0.20726964314302054,96.63317144082149
-0.47410007993159764,0.0,0.9014494258298498,0.0,1.4083419825878096,0.0,6.28836130841063,0.2059896431430206,96.48177596557042
-0.4747757638149407,0.0,0.9010998151981059,0.0,1.4090245750087576,0.0,6.288381758504891,0.20470964314302065,96.33044625860275
-0.4754514434861698,0.0,0.9007495651698686,0.0,1.4097071595564794,0.0,6.288402187337604,0.2034296431430207,96.17918237651322
-0.4761271189471475,0.0,0.9003986750066559,0.0,1.4103897362365723,0.0,6.288422594940257,0.2021496431430203,96.02798437591517
-0.4768027901997343,0.0,0.9000471439674644,0.0,1.4110723050546274,0.0,6.288442981344278,0.20086964314302014,95.87685231346038
-0.4774784572457908,0.0,0.8996949713087607,0.0,1.4117548660162278,0.0,6.288463346581045,0.19958964314302086,95.72578624585279
-0.4781541200871759,0.0,0.8993421562844709,0.0,1.4124374191269509,0.0,6.288483690681861,0.19830964314302002,95.57478622980987
-0.47882977872574667,0.0,0.8989886981459696,0.0,1.4131199643923655,0.0,6.288504013677984,0.19702964314302052,95.42385232210016
-0.4795054331633612,0.0,0.8986345961420681,0.0,1.4138025018180365,0.0,6.28852431560059,0.19574964314302057,95.2729845795291
-0.4801810834018727,0.0,0.8982798495190103,0.0,1.4144850314095179,0.0,6.288544596480828,0.19446964314302084,95.12218305894484
-0.480856729443136,0.0,0.8979244575204529,0.0,1.4151675531723609,0.0,6.288564856349753,0.19318964314302045,94.97144781722015
-0.48153237128900256,0.0,0.8975684193874632,0.0,1.4158500671121064,0.0,6.28858509523838,0.1919096431430205,94.82077891127625
-0.48220800894132354,0.0,0.8972117343585031,0.0,1.4165325732342906,0.0,6.288605313177664,0.1906296431430201,94.67017639806146
-0.48288364240194726,0.0,0.8968544016694221,0.0,1.4172150715444414,0.0,6.288625510198485,0.18934964314302105,94.51964033456278
-0.48355927167272433,0.0,0.8964964205534423,0.0,1.417897562048082,0.0,6.288645686331689,0.18806964314302022,94.36917077783363
-0.48423489675549936,0.0,0.896137790241153,0.0,1.418580044750726,0.0,6.288665841608042,0.18678964314302027,94.21876778492734
-0.4849105176521176,0.0,0.8957785099604961,0.0,1.4192625196578816,0.0,6.288685976058258,0.18550964314302032,94.0684314129464
-0.48558613436442516,0.0,0.8954185789367544,0.0,1.4199449867750513,0.0,6.288706089712993,0.18422964314302082,93.9181617190603
-0.4862617468942645,0.0,0.8950579963925442,0.0,1.4206274461077295,0.0,6.2887261826028436,0.18294964314302087,93.7679587604378
-0.48693735524347476,0.0,0.8946967615478039,0.0,1.4213098976614027,0.0,6.288746254758349,0.18166964314302048,93.61782259430622
-0.4876129594138984,0.0,0.8943348736197778,0.0,1.4219923414415532,0.0,6.288766306209986,0.18038964314302053,93.46775327793483
-0.4882885594073731,0.0,0.8939723318230117,0.0,1.4226747774536548,0.0,6.288786336988181,0.17910964314302058,93.31775086862594
-0.4889641552257368,0.0,0.8936091353693368,0.0,1.4233572057031754,0.0,6.28880634712329,0.1778296431430202,93.16781542372568
-0.48963974687082634,0.0,0.8932452834678607,0.0,1.424039626195576,0.0,6.288826336645629,0.17654964314302024,93.01794700061765
-0.49031533434447455,0.0,0.8928807753249577,0.0,1.4247220389363096,0.0,6.288846305585434,0.1752696431430203,92.86814565672164
-0.49099091764851605,0.0,0.8925156101442513,0.0,1.425404443930825,0.0,6.288866253972902,0.1739896431430199,92.71841144951294
-0.49166649678478236,0.0,0.8921497871266111,0.0,1.4260868411845615,0.0,6.288886181838162,0.17270964314302084,92.56874443648343
-0.4923420717551046,0.0,0.8917833054701334,0.0,1.4267692307029545,0.0,6.288906089211288,0.17142964314302045,92.4191446751861
-0.49301764256131314,0.0,0.8914161643701345,0.0,1.4274516124914307,0.0,6.288925976122304,0.1701496431430205,92.2696122232103
-0.4936932092052348,0.0,0.8910483630191383,0.0,1.4281339865554112,0.0,6.288945842601161,0.16886964314302055,92.1201471381741
-0.4943687716886963,0.0,0.8906799006068633,0.0,1.4288163529003093,0.0,6.288965688677769,0.16758964314302016,91.97074947774998
-0.4950443300135232,0.0,0.8903107763202115,0.0,1.4294987115315325,0.0,6.288985514381973,0.16630964314302066,91.82141929965218
-0.4957198841815411,0.0,0.8899409893432548,0.0,1.4301810624544828,0.0,6.289005319743558,0.1650296431430207,91.67215666162161
-0.49639543419457083,0.0,0.8895705388572283,0.0,1.430863405674553,0.0,6.289025104792258,0.16374964314302076,91.52296162146234
-0.49707098005443534,0.0,0.8891994240405108,0.0,1.4315457411971317,0.0,6.289044869557758,0.16246964314302037,91.37383423700506
-0.4977465217629532,0.0,0.8888276440686199,0.0,1.432228069027599,0.0,6.289064614069664,0.16118964314301998,91.22477456611777
-0.49842205932194467,0.0,0.888455198114194,0.0,1.43291038917133,0.0,6.289084338357552,0.15990964314302003,91.07578266673326
-0.49909759273322674,0.0,0.8880820853469844,0.0,1.433592701633692,0.0,6.289104042450922,0.15862964314302053,90.92685859681251
-0.4997731219986157,0.0,0.8877083049338397,0.0,1.4342750064200467,0.0,6.289123726379227,0.15734964314302058,90.77800241434736
-0.5004486471199264,0.0,0.887333856038697,0.0,1.4349573035357486,0.0,6.289143390171864,0.1560696431430202,90.6292141773855
-0.5011241680989711,0.0,0.8869587378225657,0.0,1.4356395929861456,0.0,6.2891630338581725,0.15478964314302024,90.48049394402507
-0.5017996849375645,0.0,0.8865829494435172,0.0,1.43632187477658,0.0,6.289182657467435,0.1535096431430203,90.3318417723961
-0.5024751976375159,0.0,0.8862064900566723,0.0,1.4370041489123866,0.0,6.289202261028886,0.1522296431430208,90.18325772068141
-0.5031507062006341,0.0,0.8858293588141883,0.0,1.4376864153988937,0.0,6.289221844571694,0.15094964314301995,90.03474184709106
-0.5038262106287293,0.0,0.8854515548652443,0.0,1.4383686742414246,0.0,6.289241408124981,0.14966964314302,89.88629420988354
-0.5045017109236081,0.0,0.8850730773560321,0.0,1.439050925445294,0.0,6.2892609517178055,0.14838964314302006,89.73791486737991
-0.5051772070870749,0.0,0.8846939254297415,0.0,1.4397331690158113,0.0,6.289280475379174,0.14710964314302055,89.58960387792519
-0.5058526991209358,0.0,0.8843140982265464,0.0,1.4404154049582791,0.0,6.289299979138052,0.14582964314302016,89.44136129991541
-0.5065281870269921,0.0,0.8839335948835922,0.0,1.4410976332779941,0.0,6.289319463023326,0.14454964314301977,89.29318719178708
-0.5072036708070478,0.0,0.8835524145349838,0.0,1.4417798539802464,0.0,6.289338927063845,0.14326964314302026,89.14508161202924
-0.5078791504628999,0.0,0.883170556311773,0.0,1.4424620670703185,0.0,6.2893583712884045,0.14198964314301943,88.99704461916872
-0.5085546259963517,0.0,0.8827880193419408,0.0,1.4431442725534884,0.0,6.289377795725727,0.14070964314301992,88.84907627178114
-0.5092300974091968,0.0,0.8824048027503918,0.0,1.4438264704350254,0.0,6.289397200404508,0.13942964314302042,88.70117662848169
-0.5099055647032352,0.0,0.8820209056589308,0.0,1.4445086607201956,0.0,6.289416585353365,0.13814964314302047,88.55334574794323
-0.5105810278802597,0.0,0.8816363271862593,0.0,1.4451908434142555,0.0,6.289435950600872,0.13686964314302053,88.40558368887221
-0.5112564869420658,0.0,0.8812510664479549,0.0,1.445873018522457,0.0,6.289455296175553,0.13558964314302058,88.25789051002498
-0.5119319418904452,0.0,0.8808651225564615,0.0,1.4465551860500452,0.0,6.289474622105871,0.13430964314302019,88.11026627019989
-0.5126073927271902,0.0,0.8804784946210726,0.0,1.4472373460022592,0.0,6.289493928420238,0.1330296431430198,87.96271102825278
-0.5132828394540897,0.0,0.8800911817479211,0.0,1.4479194983843302,0.0,6.289513215147013,0.13174964314302118,87.81522484308248
-0.5139582820729328,0.0,0.8797031830399612,0.0,1.448601643201486,0.0,6.289532482314505,0.1304696431430199,87.66780777360182
-0.5146337205855064,0.0,0.8793144975969586,0.0,1.449283780458945,0.0,6.289551729950962,0.1291896431430204,87.52045987883274
-0.5153091549935979,0.0,0.8789251245154723,0.0,1.4499659101619216,0.0,6.28957095808458,0.12790964314302045,87.37318121779131
-0.5159845852989915,0.0,0.8785350628888439,0.0,1.4506480323156226,0.0,6.289590166743515,0.12662964314302005,87.22597184956601
-0.5166600115034712,0.0,0.8781443118071817,0.0,1.4513301469252493,0.0,6.289609355955854,0.1253496431430201,87.0788318332844
-0.517335433608818,0.0,0.8777528703573476,0.0,1.4520122539959952,0.0,6.28962852574964,0.1240696431430206,86.93176122812298
-0.5180108516168138,0.0,0.8773607376229401,0.0,1.4526943535330497,0.0,6.2896476761528595,0.1227896431430211,86.78476009330363
-0.5186862655292378,0.0,0.8769679126842821,0.0,1.453376445541595,0.0,6.289666807193446,0.12150964314301982,86.63782848810685
-0.5193616753478698,0.0,0.8765743946184059,0.0,1.4540585300268063,0.0,6.289685918899293,0.12022964314302076,86.4909664718462
-0.5200370810744843,0.0,0.8761801824990394,0.0,1.454740606993853,0.0,6.289705011298218,0.11894964314302081,86.34417410389027
-0.5207124827108592,0.0,0.8757852753965879,0.0,1.4554226764478997,0.0,6.289724084418009,0.11766964314302042,86.19745144364929
-0.5213878802587681,0.0,0.8753896723781235,0.0,1.4561047383941026,0.0,6.289743138286393,0.11638964314302047,86.05079855060893
-0.5220632737199852,0.0,0.874993372507367,0.0,1.456786792837613,0.0,6.289762172931039,0.11510964314302097,85.90421548426542
-0.5227386630962815,0.0,0.8745963748446753,0.0,1.4574688397835762,0.0,6.289781188379577,0.11382964314301969,85.75770230418976
-0.5234140483894282,0.0,0.8741986784470249,0.0,1.4581508792371296,0.0,6.289800184659575,0.11254964314302063,85.61125906999942
-0.5240894296011946,0.0,0.8738002823679958,0.0,1.4588329112034073,0.0,6.289819161798556,0.11126964314301979,85.46488584134606
-0.5247648067333472,0.0,0.8734011856577601,0.0,1.4595149356875334,0.0,6.289838119823985,0.10998964314301984,85.31858267794586
-0.5254401797876558,0.0,0.87300138736306,0.0,1.46019695269463,0.0,6.289857058763287,0.10870964314302034,85.17234963956511
-0.5261155487658837,0.0,0.8726008865271985,0.0,1.46087896222981,0.0,6.289875978643821,0.10742964314302084,85.0261867860166
-0.5267909136697964,0.0,0.8721996821900216,0.0,1.4615609642981822,0.0,6.289894879492907,0.10614964314301956,84.88009417715428
-0.5274662745011574,0.0,0.8717977733879005,0.0,1.4622429589048478,0.0,6.28991376133781,0.10486964314302005,84.7340718729028
-0.5281416312617261,0.0,0.8713951591537208,0.0,1.462924946054902,0.0,6.289932624205738,0.10358964314302055,84.58811993321247
-0.5288169839532654,0.0,0.8709918385168608,0.0,1.4636069257534354,0.0,6.2899514681238635,0.10230964314302016,84.44223841811338
-0.5294923325775328,0.0,0.8705878105031805,0.0,1.4642888980055304,0.0,6.28997029311929,0.10102964314302021,84.29642738765835
-0.5301676771362863,0.0,0.8701830741350021,0.0,1.4649708628162648,0.0,6.289989099219086,0.09974964314301982,84.15068690196054
-0.5308430176312855,0.0,0.8697776284310934,0.0,1.4656528201907109,0.0,6.290007886450259,0.09846964314301987,84.00501702121433
-0.5315183540642812,0.0,0.8693714724066589,0.0,1.4663347701339315,0.0,6.290026654839777,0.09718964314302125,83.8594178056117
-0.532193686437031,0.0,0.8689646050733111,0.0,1.4670167126509885,0.0,6.290045404414545,0.09590964314302042,83.71388931543324
-0.5328690147512859,0.0,0.8685570254390648,0.0,1.4676986477469336,0.0,6.2900641352014235,0.09462964314302047,83.56843161100853
-0.5335443390087978,0.0,0.8681487325083157,0.0,1.4683805754268142,0.0,6.290082847227237,0.09334964314302052,83.42304475271001
-0.5342196592113182,0.0,0.867739725281823,0.0,1.4690624956956717,0.0,6.290101540518734,0.09206964314302057,83.27772880097997
-0.5348949753605949,0.0,0.8673300027566964,0.0,1.469744408558541,0.0,6.290120215102628,0.09078964314302018,83.13248381626953
-0.535570287458376,0.0,0.8669195639263747,0.0,1.470426314020451,0.0,6.290138871005584,0.08950964314302023,82.98730985914462
-0.5362455955064073,0.0,0.866508407780613,0.0,1.471108212086425,0.0,6.290157508254218,0.08822964314302073,82.84220699018
-0.5369208995064351,0.0,0.8660965333054627,0.0,1.47179010276148,0.0,6.290176126875096,0.08694964314302034,82.69717527001771
-0.537596199460205,0.0,0.8656839394832525,0.0,1.4724719860506283,0.0,6.2901947268947245,0.08566964314302039,82.55221475935397
-0.538271495369455,0.0,0.8652706252925806,0.0,1.473153861958873,0.0,6.290213308339576,0.08438964314302089,82.40732551894153
-0.538946787235932,0.0,0.8648565897082828,0.0,1.4738357304912157,0.0,6.290231871236062,0.0831096431430205,82.26250760958229
-0.5396220750613732,0.0,0.8644418317014277,0.0,1.474517591652649,0.0,6.29025041561056,0.08182964314302055,82.11776109212451
-0.5402973588475175,0.0,0.864026350239294,0.0,1.475199445448159,0.0,6.290268941489381,0.08054964314302016,81.97308602749841
-0.5409726385961036,0.0,0.8636101442853497,0.0,1.4758812918827284,0.0,6.290287448898796,0.07926964314302021,81.82848247665451
-0.5416479143088682,0.0,0.863193212799239,0.0,1.4765631309613332,0.0,6.290305937865028,0.07798964314302026,81.68395050061731
-0.5423231859875451,0.0,0.862775554736764,0.0,1.477244962688942,0.0,6.2903244084142536,0.07670964314302031,81.53949016047605
-0.5429984536338699,0.0,0.862357169049863,0.0,1.4779267870705195,0.0,6.290342860572589,0.07542964314301992,81.39510151734792
-0.5436737172495751,0.0,0.8619380546865963,0.0,1.4786086041110231,0.0,6.290361294366126,0.07414964314301953,81.25078463243078
-0.5443489768363906,0.0,0.8615182105911261,0.0,1.4792904138154046,0.0,6.2903797098208845,0.07286964314302047,81.10653956696613
-0.5450242323960484,0.0,0.8610976357036967,0.0,1.4799722161886113,0.0,6.290398106962842,0.07158964314301963,80.96236638224615
-0.545699483930276,0.0,0.8606763289606194,0.0,1.4806540112355822,0.0,6.290416485817943,0.07030964314302057,80.81826513963763
-0.5463747314408028,0.0,0.8602542892942506,0.0,1.4813357989612528,0.0,6.290434846412067,0.06902964314301974,80.67423590054342
-0.5470499749293549,0.0,0.8598315156329736,0.0,1.482017579370552,0.0,6.290453188771045,0.06774964314302068,80.53027872643968
-0.5477252143976563,0.0,0.8594080069011837,0.0,1.4826993524684013,0.0,6.29047151292068,0.06646964314302073,80.38639367885143
-0.5484004498474325,0.0,0.8589837620192621,0.0,1.4833811182597192,0.0,6.290489818886704,0.06518964314301989,80.24258081935545
-0.5490756812804053,0.0,0.8585587799035624,0.0,1.4840628767494162,0.0,6.290508106694826,0.06390964314302039,80.0988402096109
-0.5497509086982962,0.0,0.8581330594663898,0.0,1.4847446279423975,0.0,6.290526376370681,0.06262964314302044,79.95517191128921
-0.5504261321028271,0.0,0.8577065996159798,0.0,1.4854263718435639,0.0,6.290544627939873,0.061349643143020494,79.81157598616662
-0.5511013514957148,0.0,0.8572793992564828,0.0,1.486108108457808,0.0,6.2905628614279605,0.0600696431430201,79.66805249605181
-0.5517765668786794,0.0,0.8568514572879387,0.0,1.4867898377900195,0.0,6.290581076860446,0.05878964314301971,79.52460150281416
-0.5524517782534343,0.0,0.8564227726062642,0.0,1.4874715598450787,0.0,6.290599274262796,0.05750964314301976,79.38122306839283
-0.5531269856216989,0.0,0.8559933441032257,0.0,1.4881532746278643,0.0,6.29061745366042,0.056229643143019814,79.23791725476794
-0.553802188985185,0.0,0.8555631706664252,0.0,1.4888349821432458,0.0,6.2906356150786875,0.054949643143019866,79.0946841239982
-0.5544773883456039,0.0,0.8551322511792766,0.0,1.4895166823960886,0.0,6.2906537585429145,0.053669643143020807,78.95152373817754
-0.5551525837046712,0.0,0.8547005845209856,0.0,1.490198375391253,0.0,6.2906718840783835,0.052389643143019526,78.80843615948827
-0.5558277750640943,0.0,0.8542681695665318,0.0,1.490880061133592,0.0,6.290689991710315,0.05110964314302047,78.66542145015895
-0.5565029624255832,0.0,0.8538350051866467,0.0,1.4915617396279537,0.0,6.290708081463895,0.04982964314302052,78.52247967245495
-0.5571781457908472,0.0,0.8534010902477902,0.0,1.4922434108791813,0.0,6.290726153364261,0.04854964314302057,78.37961088875532
-0.5578533251615918,0.0,0.8529664236121364,0.0,1.4929250748921106,0.0,6.2907442074364965,0.04726964314302018,78.23681516143645
-0.5585285005395211,0.0,0.8525310041375456,0.0,1.4936067316715729,0.0,6.290762243705649,0.04598964314301979,78.09409255298276
-0.5592036719263416,0.0,0.8520948306775484,0.0,1.494288381222393,0.0,6.290780262196722,0.04470964314302028,77.95144312592653
-0.5598788393237568,0.0,0.8516579020813204,0.0,1.4949700235493921,0.0,6.290798262934663,0.043429643143020336,77.80886694285103
-0.5605540027334671,0.0,0.8512202171936648,0.0,1.4956516586573831,0.0,6.290816245944382,0.042149643143019944,77.66636406641976
-0.5612291621571726,0.0,0.8507817748549886,0.0,1.4963332865511747,0.0,6.290834211250733,0.040869643143019996,77.52393455932258
-0.5619043175965749,0.0,0.8503425739012799,0.0,1.49701490723557,0.0,6.2908521588785415,0.03958964314302049,77.38157848436359
-0.5625794690533692,0.0,0.8499026131640912,0.0,1.4976965207153656,0.0,6.29087008885258,0.038309643143020544,77.23929590436065
-0.5632546165292557,0.0,0.8494618914705091,0.0,1.498378126995354,0.0,6.290888001197567,0.03702964314301971,77.09708688221932
-0.5639297600259284,0.0,0.8490204076431404,0.0,1.4990597260803205,0.0,6.2909058959381845,0.035749643143020204,76.95495148090343
-0.564604899545082,0.0,0.8485781605000858,0.0,1.4997413179750458,0.0,6.290923773099074,0.03446964314301981,76.81288976343089
-0.5652800350884101,0.0,0.8481351488549178,0.0,1.5004229026843048,0.0,6.290941632704823,0.033189643143019865,76.67090179290032
-0.5659551666576044,0.0,0.8476913715166594,0.0,1.5011044802128664,0.0,6.290959474779977,0.03190964314302036,76.52898763246492
-0.5666302942543561,0.0,0.8472468272897593,0.0,1.501786050565495,0.0,6.2909772993490405,0.030629643143020857,76.38714734531972
-0.5673054178803552,0.0,0.8468015149740722,0.0,1.5024676137469486,0.0,6.290995106436466,0.029349643143020465,76.2453809947674
-0.5679805375372899,0.0,0.8463554333648341,0.0,1.5031491697619792,0.0,6.291012896066678,0.028069643143020517,76.10368864414033
-0.568655653226847,0.0,0.8459085812526379,0.0,1.5038307186153348,0.0,6.291030668264036,0.02678964314301968,75.96207035684563
-0.5693307649507133,0.0,0.8454609574234123,0.0,1.5045122603117562,0.0,6.291048423052864,0.02550964314302062,75.82052619635657
-0.5700058727105729,0.0,0.8450125606583986,0.0,1.50519379485598,0.0,6.291066160457444,0.024229643143019786,75.67905622620952
-0.5706809765081102,0.0,0.8445633897341237,0.0,1.5058753222527368,0.0,6.291083880502012,0.022949643143020282,75.53766051000436
-0.5713560763450086,0.0,0.8441134434223808,0.0,1.5065568425067517,0.0,6.291101583210761,0.02166964314301989,75.39633911141536
-0.5720311722229469,0.0,0.8436627204902041,0.0,1.5072383556227438,0.0,6.291119268607842,0.020389643143020386,75.25509209417501
-0.5727062641436063,0.0,0.8432112196998427,0.0,1.5079198616054275,0.0,6.291136936717352,0.01910964314301955,75.11391952206588
-0.573381352108666,0.0,0.842758939808738,0.0,1.5086013604595114,0.0,6.291154587563362,0.017829643143020046,74.97282145897472
-0.5740564361198032,0.0,0.8423058795694995,0.0,1.5092828521896988,0.0,6.291172221169884,0.016549643143020543,74.83179796882563
-0.5747315161786946,0.0,0.8418520377298805,0.0,1.5099643368006876,0.0,6.291189837560889,0.01526964314302015,74.6908491156023
-0.5754065922870165,0.0,0.841397413032752,0.0,1.5106458142971704,0.0,6.291207436760312,0.01398964314301887,74.54997496338902
-0.5760816644464397,0.0,0.8409420042160809,0.0,1.5113272846838322,0.0,6.291225018792046,0.012709643143020255,74.4091755763068
-0.5767567326586401,0.0,0.8404858100128992,0.0,1.5120087479653566,0.0,6.291242583679922,0.011429643143019863,74.2684510185602
-0.5774317969252882,0.0,0.8400288291512852,0.0,1.5126902041464185,0.0,6.29126013144775,0.01014964314302036,74.12780135441083
-0.5781068572480552,0.0,0.8395710603543342,0.0,1.5133716532316892,0.0,6.291277662119289,0.008869643143019967,73.98722664820008
-0.5787819136286091,0.0,0.8391125023401353,0.0,1.5140530952258333,0.0,6.29129517571825,0.007589643143019575,73.84672696432322
-0.5794569660686196,0.0,0.8386531538217424,0.0,1.514734530133511,0.0,6.29131267226831,0.006309643143020072,73.70630236725879
-0.5801320145697515,0.0,0.8381930135071527,0.0,1.5154159579593764,0.0,6.291330151793094,0.005029643143019236,73.5659529215436
-0.580807059133672,0.0,0.8377320800992768,0.0,1.5160973787080787,0.0,6.291347614316194,0.003749643143019732,73.42567869179494
-0.5814820997620461,0.0,0.8372703522959137,0.0,1.516778792384262,0.0,6.291365059861153,0.002469643143019784,73.28547974268417
-0.5821571364565354,0.0,0.8368078287897261,0.0,1.5174601989925645,0.0,6.291382488451474,0.0011896431430198362,73.14535613894986
-0.5828321692188031,0.0,0.8363445082682119,0.0,1.5181415985376185,0.0,6.291399900110615,-9.035685698011164e-5,73.00530794542831
-0.5835071980505099,0.0,0.8358803894136765,0.0,1.5188229910240527,0.0,6.291417294861994,-0.0013703568569796154,72.86533522700473
-0.5841822229533165,0.0,0.8354154709032081,0.0,1.5195043764564897,0.0,6.291434672728995,-0.0026503568569808955,72.7254380486295
-0.5848572439288788,0.0,0.8349497514086515,0.0,1.5201857548395448,0.0,6.291452033734934,-0.003930356856979955,72.58561647533593
-0.5855322609788567,0.0,0.8344832295965761,0.0,1.5208671261778308,0.0,6.291469377903125,-0.005210356856980347,72.44587057222198
-0.5862072741049067,0.0,0.8340159041282507,0.0,1.5215484904759549,0.0,6.291486705256801,-0.006490356856980739,72.3062004044658
-0.5868822833086811,0.0,0.8335477736596201,0.0,1.5222298477385166,0.0,6.291504015819183,-0.007770356856980243,72.16660603730189
-0.5875572885918363,0.0,0.8330788368412689,0.0,1.5229111979701129,0.0,6.291521309613426,-0.00905035685698019,72.02708753605127
-0.5882322899560242,0.0,0.8326090923184003,0.0,1.523592541175334,0.0,6.291538586662658,-0.010330356856980139,71.88764496609345
-0.5889072874028972,0.0,0.8321385387308042,0.0,1.5242738773587658,0.0,6.291555846989968,-0.01161035685698053,71.74827839289985
-0.5895822809341034,0.0,0.8316671747128318,0.0,1.524955206524987,0.0,6.2915730906183995,-0.012890356856980034,71.60898788200001
-0.590257270551293,0.0,0.8311949988933621,0.0,1.5256365286785734,0.0,6.291590317570944,-0.014170356856980426,71.46977349898134
-0.5909322562561149,0.0,0.8307220098957768,0.0,1.5263178438240945,0.0,6.291607527870572,-0.01545035685697993,71.33063530954522
-0.5916072380502141,0.0,0.8302482063379311,0.0,1.5269991519661141,0.0,6.29162472154019,-0.016730356856979878,71.1915733794286
-0.5922822159352388,0.0,0.8297735868321215,0.0,1.527680453109192,0.0,6.291641898602681,-0.01801035685698027,71.05258777445786
-0.5929571899128312,0.0,0.8292981499850608,0.0,1.5283617472578814,0.0,6.29165905908089,-0.019290356856979773,70.9136785605397
-0.593632159984635,0.0,0.8288218943978439,0.0,1.5290430344167314,0.0,6.291676202997605,-0.020570356856980165,70.7748458036396
-0.594307126152293,0.0,0.8283448186659205,0.0,1.529724314590285,0.0,6.291693330375576,-0.02185035685697967,70.63608956980897
-0.5949820884174456,0.0,0.8278669213790641,0.0,1.530405587783081,0.0,6.291710441237533,-0.023130356856979617,70.49740992517508
-0.5956570467817329,0.0,0.8273882011213411,0.0,1.5310868539996523,0.0,6.2917275356061335,-0.024410356856980453,70.35880693593074
-0.5963320012467936,0.0,0.8269086564710827,0.0,1.5317681132445267,0.0,6.2917446135040205,-0.0256903568569804,70.22028066835153
-0.5970069518142642,0.0,0.8264282860008514,0.0,1.5324493655222264,0.0,6.291761674953787,-0.026970356856979905,70.08183118878851
-0.5976818984857826,0.0,0.8259470882774091,0.0,1.5331306108372704,0.0,6.2917787199779776,-0.028250356856980297,69.94345856366746
-0.5983568412629818,0.0,0.8254650618616914,0.0,1.53381184919417,0.0,6.291795748599114,-0.029530356856980244,69.80516285948462
-0.5990317801474976,0.0,0.82498220530877,0.0,1.5344930805974324,0.0,6.291812760839666,-0.030810356856979748,69.66694414282993
-0.5997067151409626,0.0,0.8244985171678235,0.0,1.5351743050515607,0.0,6.291829756722064,-0.03209035685698014,69.52880248035056
-0.6003816462450083,0.0,0.8240139959821067,0.0,1.5358555225610513,0.0,6.291846736268705,-0.03337035685698009,69.39073793879061
-0.6010565734612635,0.0,0.8235286402889178,0.0,1.5365367331303952,0.0,6.291863699501937,-0.034650356856980036,69.25275058494903
-0.6017314967913597,0.0,0.8230424486195622,0.0,1.537217936764081,0.0,6.291880646444074,-0.03593035685697954,69.11484048571779
-0.6024064162369247,0.0,0.8225554194993269,0.0,1.5378991334665895,0.0,6.291897577117388,-0.03721035685697949,68.97700770807211
-0.6030813317995841,0.0,0.822067551447443,0.0,1.5385803232423971,0.0,6.2919144915441185,-0.038490356856979435,68.83925231904884
-0.6037562434809659,0.0,0.8215788429770524,0.0,1.539261506095976,0.0,6.29193138974645,-0.03977035685698027,68.70157438578018
-0.604431151282693,0.0,0.8210892925951784,0.0,1.5399426820317916,0.0,6.291948271746547,-0.041050356856979775,68.56397397546093
-0.6051060552063895,0.0,0.820598898802687,0.0,1.5406238510543064,0.0,6.2919651375665175,-0.04233035685698061,68.42645115538085
-0.6057809552536778,0.0,0.8201076600942571,0.0,1.5413050131679757,0.0,6.291981987228446,-0.04361035685697923,68.28900599290998
-0.6064558514261802,0.0,0.8196155749583441,0.0,1.541986168377252,0.0,6.291998820754356,-0.04489035685697962,68.15163855547246
-0.6071307437255152,0.0,0.8191226418771483,0.0,1.5426673166865807,0.0,6.292015638166258,-0.0461703568569809,68.01434891061396
-0.6078056321533023,0.0,0.8186288593265785,0.0,1.5433484581004022,0.0,6.292032439486106,-0.04745035685697996,67.87713712592402
-0.6084805167111597,0.0,0.8181342257762155,0.0,1.544029592623154,0.0,6.292049224735821,-0.048730356856979906,67.7400032690912
-0.609155397400703,0.0,0.8176387396892809,0.0,1.5447107202592665,0.0,6.292065993937278,-0.05001035685697941,67.60294740788844
-0.6098302742235503,0.0,0.8171423995225985,0.0,1.5453918410131666,0.0,6.292082747112329,-0.0512903568569798,67.4659696101611
-0.6105051471813123,0.0,0.8166452037265629,0.0,1.5460729548892744,0.0,6.292099484282771,-0.052570356856980194,67.32906994383733
-0.6111800162756055,0.0,0.8161471507450979,0.0,1.5467540618920068,0.0,6.292116205470372,-0.05385035685698014,67.19224847693069
-0.6118548815080401,0.0,0.8156482390156266,0.0,1.5474351620257745,0.0,6.292132910696857,-0.055130356856979645,67.05550527754463
-0.6125297428802271,0.0,0.8151484669690297,0.0,1.5481162552949836,0.0,6.292149599983918,-0.05641035685698048,66.91884041384616
-0.6132046003937781,0.0,0.8146478330296119,0.0,1.548797341704036,0.0,6.292166273353196,-0.05769035685698043,66.78225395411003
-0.6138794540502986,0.0,0.8141463356150671,0.0,1.5494784212573263,0.0,6.292182930826318,-0.05897035685697993,66.6457459666733
-0.614554303851399,0.0,0.8136439731364346,0.0,1.5501594939592471,0.0,6.292199572424839,-0.06025035685697944,66.50931651997084
-0.6152291497986856,0.0,0.8131407439980666,0.0,1.5508405598141854,0.0,6.2922161981703075,-0.06153035685697983,66.37296568251178
-0.6159039918937612,0.0,0.8126366465975947,0.0,1.5515216188265204,0.0,6.292232808084222,-0.06281035685698022,66.2366935229031
-0.6165788301382324,0.0,0.812131679325879,0.0,1.5522026710006305,0.0,6.2922494021880295,-0.06409035685698061,66.10050010983001
-0.6172536645336998,0.0,0.8116258405669857,0.0,1.5528837163408853,0.0,6.292265980503167,-0.06537035685698012,65.96438551204488
-0.617928495081768,0.0,0.8111191286981331,0.0,1.5535647548516536,0.0,6.292282543051007,-0.06665035685698006,65.82834979842171
-0.6186033217840358,0.0,0.8106115420896677,0.0,1.554245786537295,0.0,6.292299089852902,-0.06793035685698001,65.69239303789246
-0.6192781446421042,0.0,0.8101030791050118,0.0,1.554926811402168,0.0,6.292315620930158,-0.06921035685698085,65.5565152994893
-0.6199529636575689,0.0,0.8095937381006348,0.0,1.5556078294506226,0.0,6.292332136304046,-0.07049035685697991,65.42071665231894
-0.620627778832032,0.0,0.809083517426004,0.0,1.5562888406870081,0.0,6.292348635995803,-0.0717703568569803,65.2849971655924
-0.6213025901670852,0.0,0.8085724154235554,0.0,1.5569698451156646,0.0,6.292365120026626,-0.07305035685698025,65.14935690860048
-0.6219773976643267,0.0,0.8080604304286421,0.0,1.5576508427409306,0.0,6.29238158841767,-0.07433035685697975,65.01379595070388
-0.6226522013253469,0.0,0.8075475607695033,0.0,1.5583318335671372,0.0,6.292398041190058,-0.07561035685697926,64.87831436138329
-0.6233270011517432,0.0,0.8070338047672153,0.0,1.5590128175986138,0.0,6.292414478364878,-0.07689035685698009,64.7429122101832
-0.6240017971451035,0.0,0.8065191607356582,0.0,1.5596937948396812,0.0,6.292430899963176,-0.07817035685698004,64.60758956675028
-0.6246765893070205,0.0,0.8060036269814672,0.0,1.5603747652946585,0.0,6.292447306005964,-0.07945035685698043,64.4723465008138
-0.625351377639082,0.0,0.805487201803996,0.0,1.561055728967858,0.0,6.292463696514213,-0.08073035685698038,64.33718308219318
-0.6260261621428783,0.0,0.8049698834952728,0.0,1.561736685863588,0.0,6.292480071508865,-0.08201035685698077,64.20209938080579
-0.6267009428199951,0.0,0.8044516703399555,0.0,1.562417635986152,0.0,6.292496431010817,-0.08329035685698072,64.06709546664469
-0.6273757196720199,0.0,0.8039325606152935,0.0,1.5630985793398484,0.0,6.292512775040943,-0.08457035685697978,63.93217140980561
-0.6280504927005358,0.0,0.803412552591082,0.0,1.563779515928971,0.0,6.292529103620054,-0.08585035685697973,63.79732728047347
-0.6287252619071294,0.0,0.8028916445296164,0.0,1.5644604457578095,0.0,6.2925454167689505,-0.08713035685698012,63.662563148917386
-0.6294000272933808,0.0,0.8023698346856554,0.0,1.5651413688306466,0.0,6.292561714508392,-0.08841035685698007,63.52787908550666
-0.630074788860872,0.0,0.8018471213063686,0.0,1.5658222851517625,0.0,6.292577996859089,-0.08969035685698001,63.39327516069402
-0.6307495466111848,0.0,0.801323502631297,0.0,1.5665031947254315,0.0,6.292594263841729,-0.09097035685697952,63.258751445033184
-0.6314243005458984,0.0,0.8007989768923078,0.0,1.5671840975559241,0.0,6.29261051547695,-0.09225035685697991,63.12430800917472
-0.6320990506665911,0.0,0.8002735423135476,0.0,1.5678649936475053,0.0,6.292626751785373,-0.09353035685698075,62.98994492384382
-0.6327737969748378,0.0,0.7997471971114005,0.0,1.568545883004434,0.0,6.292642972787564,-0.0948103568569807,62.855662259867536
-0.6334485394722182,0.0,0.799219939494435,0.0,1.5692267656309675,0.0,6.292659178504067,-0.0960903568569802,62.721460088187655
-0.6341232781603061,0.0,0.7986917676633664,0.0,1.5699076415313562,0.0,6.292675368955383,-0.09737035685698059,62.58733847981371
-0.634798013040674,0.0,0.7981626798110059,0.0,1.5705885107098458,0.0,6.292691544161978,-0.09865035685698054,62.45329750585225
-0.6354727441148947,0.0,0.7976326741222135,0.0,1.5712693731706775,0.0,6.292707704144275,-0.0999303568569796,62.319337237516116
-0.6361474713845421,0.0,0.7971017487738504,0.0,1.571950228918089,0.0,6.292723848922687,-0.10121035685697999,62.18545774610659
-0.6368221948511847,0.0,0.7965699019347346,0.0,1.5726310779563117,0.0,6.292739978517555,-0.10249035685698038,62.05165910303425
-0.6374969145163936,0.0,0.7960371317655889,0.0,1.573311920289573,0.0,6.292756092949216,-0.10377035685697988,61.917941379780004
-0.6381716303817357,0.0,0.795503436418995,0.0,1.5739927559220956,0.0,6.292772192237951,-0.10505035685698028,61.784304647947266
-0.6388463424487788,0.0,0.794968814039345,0.0,1.574673584858097,0.0,6.2927882764040195,-0.10633035685698022,61.65074897921721
-0.6395210507190896,0.0,0.7944332627627902,0.0,1.5753544071017906,0.0,6.29280434546764,-0.10761035685698062,61.51727444537799
-0.6401957551942318,0.0,0.7938967807171924,0.0,1.576035222657385,0.0,6.292820399448993,-0.10889035685698012,61.383881118328304
-0.6408704558757712,0.0,0.7933593660220745,0.0,1.576716031529085,0.0,6.292836438368227,-0.11017035685698051,61.25056907003243
-0.6415451527652695,0.0,0.7928210167885712,0.0,1.5773968337210882,0.0,6.292852462245457,-0.11145035685698002,61.11733837258756
-0.6422198458642874,0.0,0.7922817311193762,0.0,1.57807762923759,0.0,6.292868471100761,-0.11273035685697996,60.98418909816485
-0.6428945351743877,0.0,0.7917415071086906,0.0,1.578758418082781,0.0,6.2928844649541755,-0.11401035685697991,60.8511213190407
-0.6435692206971295,0.0,0.7912003428421752,0.0,1.5794392002608457,0.0,6.292900443825722,-0.11529035685698075,60.71813510761001
-0.6442439024340699,0.0,0.7906582363968949,0.0,1.580119975775965,0.0,6.292916407735365,-0.1165703568569807,60.58523053633814
-0.644918580386768,0.0,0.790115185841267,0.0,1.580800744632315,0.0,6.292932356703049,-0.11785035685697975,60.45240767782072
-0.6455932545567791,0.0,0.7895711892350098,0.0,1.5814815068340675,0.0,6.292948290748675,-0.11913035685698015,60.31966660472666
-0.6462679249456593,0.0,0.7890262446290884,0.0,1.5821622623853893,0.0,6.292964209892116,-0.12041035685698054,60.18700738984671
-0.6469425915549614,0.0,0.7884803500656626,0.0,1.582843011290442,0.0,6.292980114153208,-0.12169035685698049,60.054430106072274
-0.6476172543862398,0.0,0.7879335035780285,0.0,1.583523753553384,0.0,6.292996003551747,-0.12297035685697955,59.92193482637971
-0.6482919134410452,0.0,0.7873857031905706,0.0,1.5842044891783682,0.0,6.2930118781075155,-0.12425035685697994,59.789521623868715
-0.6489665687209293,0.0,0.7868369469187012,0.0,1.584885218169543,0.0,6.2930277378402275,-0.12553035685698033,59.65719057171468
-0.6496412202274428,0.0,0.7862872327688071,0.0,1.5855659405310534,0.0,6.2930435827695925,-0.12681035685698117,59.52494174324491
-0.6503158679621316,0.0,0.7857365587381973,0.0,1.586246656267037,0.0,6.2930594129152775,-0.12809035685698067,59.392775211841176
-0.6509905119265456,0.0,0.7851849228150393,0.0,1.5869273653816298,0.0,6.29307522829691,-0.12937035685697973,59.26069105101488
-0.6516651521222313,0.0,0.7846323229783086,0.0,1.587608067878962,0.0,6.293091028934084,-0.13065035685698012,59.12868933438133
-0.6523397885507345,0.0,0.784078757197729,0.0,1.5882887637631595,0.0,6.293106814846369,-0.13193035685698007,58.996770135649186
-0.6530144212135963,0.0,0.7835242234337174,0.0,1.5889694530383427,0.0,6.293122586053293,-0.13321035685698002,58.86493352863849
-0.6536890501123641,0.0,0.7829687196373206,0.0,1.5896501357086295,0.0,6.29313834257435,-0.1344903568569804,58.73317958728218
-0.6543636752485777,0.0,0.7824122437501614,0.0,1.5903308117781312,0.0,6.293154084429004,-0.13577035685698036,58.60150838561958
-0.6550382966237788,0.0,0.7818547937043786,0.0,1.5910114812509557,0.0,6.29316981163668,-0.13705035685697986,58.469919997793475
-0.655712914239508,0.0,0.7812963674225663,0.0,1.5916921441312066,0.0,6.293185524216782,-0.13833035685698025,58.33841449803966
-0.6563875280973048,0.0,0.7807369628177137,0.0,1.5923728004229827,0.0,6.293201222188664,-0.1396103568569811,58.20699196072919
-0.6570621381987043,0.0,0.7801765777931496,0.0,1.5930534501303764,0.0,6.293216905571655,-0.1408903568569797,58.07565246032355
-0.6577367445452467,0.0,0.7796152102424704,0.0,1.5937340932574797,0.0,6.293232574385054,-0.1421703568569801,57.94439607139392
-0.6584113471384658,0.0,0.7790528580494908,0.0,1.5944147298083766,0.0,6.293248228648126,-0.14345035685698004,57.8132228686318
-0.6590859459798967,0.0,0.7784895190881748,0.0,1.595095359787148,0.0,6.293263868380088,-0.14473035685698044,57.68213292681979
-0.6597605410710728,0.0,0.7779251912225738,0.0,1.5957759831978704,0.0,6.293279493600152,-0.14601035685698083,57.55112632087505
-0.6604351324135279,0.0,0.7773598723067648,0.0,1.5964566000446156,0.0,6.293295104327465,-0.14729035685698033,57.42020312581208
-0.6611097200087914,0.0,0.7767935601847888,0.0,1.5971372103314503,0.0,6.293310700581174,-0.14857035685697983,57.28936341674425
-0.6617843038583967,0.0,0.7762262526905794,0.0,1.597817814062439,0.0,6.293326282380363,-0.14985035685697978,57.15860726891877
-0.662458883963871,0.0,0.7756579476479091,0.0,1.5984984112416392,0.0,6.2933418497441025,-0.15113035685698062,57.027934757686864
-0.6631334603267427,0.0,0.7750886428703136,0.0,1.599179001873105,0.0,6.293357402691427,-0.15241035685698057,56.89734595850324
-0.6638080329485386,0.0,0.7745183361610339,0.0,1.5998595859608857,0.0,6.293372941241327,-0.15369035685698007,56.76684094694741
-0.6644826018307872,0.0,0.7739470253129433,0.0,1.6005401635090275,0.0,6.293388465412777,-0.15497035685698002,56.63641979871142
-0.6651571669750109,0.0,0.7733747081084876,0.0,1.6012207345215705,0.0,6.293403975224705,-0.15625035685697997,56.50608258959007
-0.6658317283827352,0.0,0.7728013823196125,0.0,1.6019012990025512,0.0,6.293419470696024,-0.15753035685698036,56.37582939550918
-0.6665062860554826,0.0,0.7722270457076955,0.0,1.602581856956002,0.0,6.293434951845591,-0.15881035685697986,56.245660292494456
-0.6671808399947752,0.0,0.7716516960234825,0.0,1.6032624083859501,0.0,6.293450418692246,-0.16009035685697937,56.115575356700305
-0.6678553902021345,0.0,0.7710753310070129,0.0,1.6039429532964196,0.0,6.293465871254802,-0.1613703568569802,55.98557466438623
-0.6685299366790787,0.0,0.7704979483875537,0.0,1.6046234916914281,0.0,6.293481309552022,-0.1626503568569806,55.85565829192297
-0.6692044794271288,0.0,0.7699195458835252,0.0,1.6053040235749918,0.0,6.293496733602654,-0.16393035685698054,55.72582631582739
-0.6698790184478,0.0,0.7693401212024373,0.0,1.6059845489511189,0.0,6.293512143425399,-0.1652103568569796,55.59607881270408
-0.6705535537426109,0.0,0.7687596720408085,0.0,1.6066650678238168,0.0,6.293527539038945,-0.16649035685697955,55.466415859273646
-0.671228085313077,0.0,0.7681781960841016,0.0,1.6073455801970866,0.0,6.2935429204619275,-0.16777035685698083,55.33683753240031
-0.6719026131607112,0.0,0.7675956910066473,0.0,1.608026086074925,0.0,6.293558287712962,-0.16905035685698033,55.20734390905518
-0.6725771372870277,0.0,0.7670121544715718,0.0,1.608706585461325,0.0,6.293573640810627,-0.17033035685698072,55.07793506631609
-0.6732516576935411,0.0,0.7664275841307205,0.0,1.6093870783602753,0.0,6.293588979773481,-0.17161035685698067,54.948611081403826
-0.6739261743817601,0.0,0.7658419776245888,0.0,1.6100675647757596,0.0,6.293604304620042,-0.17289035685698018,54.8193720316391
-0.6746006873531953,0.0,0.7652553325822418,0.0,1.610748044711758,0.0,6.293619615368783,-0.17417035685697968,54.69021799447607
-0.6752751966093555,0.0,0.7646676466212401,0.0,1.6114285181722456,0.0,6.293634912038169,-0.17545035685698007,54.56114904748191
-0.6759497021517533,0.0,0.7640789173475605,0.0,1.6121089851611952,0.0,6.293650194646621,-0.17673035685698002,54.432165268351284
-0.6766242039818915,0.0,0.763489142355527,0.0,1.612789445682572,0.0,6.293665463212539,-0.1780103568569804,54.303266734911276
-0.6772987021012765,0.0,0.7628983192277241,0.0,1.6134698997403392,0.0,6.293680717754273,-0.17929035685698125,54.174453525080466
-0.6779731965114146,0.0,0.7623064455349207,0.0,1.6141503473384546,0.0,6.293695958290159,-0.1805703568569803,54.045725716936815
-0.6786476872138105,0.0,0.7617135188359918,0.0,1.6148307884808737,0.0,6.293711184838496,-0.18185035685698026,53.91708338866107
-0.679322174209966,0.0,0.7611195366778404,0.0,1.615511223171545,0.0,6.293726397417546,-0.1831303568569811,53.788526618571495
-0.6799966575013829,0.0,0.7605244965953121,0.0,1.6161916514144143,0.0,6.29374159604555,-0.1844103568569797,53.66005548508344
-0.6806711370895637,0.0,0.759928396111117,0.0,1.6168720732134236,0.0,6.293756780740715,-0.1856903568569801,53.53167006678035
-0.681345612976007,0.0,0.7593312327357478,0.0,1.6175524885725097,0.0,6.293771951521219,-0.18697035685698093,53.40337044234581
-0.6820200851622112,0.0,0.7587330039673955,0.0,1.6182328974956044,0.0,6.293787108405195,-0.18825035685698044,53.27515669059195
-0.6826945536496762,0.0,0.7581337072918656,0.0,1.6189132999866376,0.0,6.293802251410766,-0.18953035685698083,53.14702889045865
-0.6833690184398976,0.0,0.7575333401824951,0.0,1.619593696049533,0.0,6.293817380556008,-0.19081035685698033,53.01898712102033
-0.6840434795343707,0.0,0.7569319001000678,0.0,1.6202740856882105,0.0,6.293832495858978,-0.19209035685697984,52.89103146147516
-0.6847179369345899,0.0,0.7563293844927266,0.0,1.6209544689065862,0.0,6.29384759733769,-0.19337035685697979,52.76316199114362
-0.6853923906420517,0.0,0.7557257907958868,0.0,1.621634845708573,0.0,6.2938626850101445,-0.19465035685698062,52.635378789490744
-0.6860668406582446,0.0,0.7551211164321546,0.0,1.6223152160980758,0.0,6.293877758894298,-0.19593035685698013,52.50768193610159
-0.6867412869846636,0.0,0.7545153588112273,0.0,1.6229955800790004,0.0,6.293892819008077,-0.19721035685698052,52.38007151068406
-0.6874157296227981,0.0,0.7539085153298166,0.0,1.6236759376552445,0.0,6.293907865369384,-0.19849035685697958,52.25254759309851
-0.6880901685741377,0.0,0.753300583371552,0.0,1.624356288830704,0.0,6.2939228979960875,-0.19977035685697997,52.125110263330654
-0.68876460384017,0.0,0.7526915603068938,0.0,1.6250366336092679,0.0,6.29393791690603,-0.20105035685697947,51.99775960146498
-0.6894390354223853,0.0,0.752081443493035,0.0,1.625716971994825,0.0,6.293952922117018,-0.2023303568569803,51.870495687779005
-0.6901134633222674,0.0,0.7514702302738189,0.0,1.6263973039912565,0.0,6.293967913646829,-0.20361035685698115,51.74331860264239
-0.6907878875413029,0.0,0.7508579179796401,0.0,1.6270776296024403,0.0,6.293982891513214,-0.2048903568569802,51.61622842656997
-0.6914623080809762,0.0,0.7502445039273504,0.0,1.6277579488322513,0.0,6.2939978557338945,-0.20617035685698015,51.489225240181824
-0.6921367249427705,0.0,0.7496299854201672,0.0,1.628438261684559,0.0,6.294012806326553,-0.20745035685698054,51.36230912430711
-0.6928111381281684,0.0,0.7490143597475748,0.0,1.6291185681632294,0.0,6.294027743308858,-0.2087303568569805,51.23548015982853
-0.69348554763865,0.0,0.7483976241852321,0.0,1.6297988682721234,0.0,6.294042666698436,-0.21001035685698,51.10873842781929
-0.6941599534756984,0.0,0.7477797759948684,0.0,1.6304791620150998,0.0,6.2940575765128814,-0.2112903568569804,50.98208400946693
-0.69483435564079,0.0,0.7471608124241931,0.0,1.6311594493960113,0.0,6.294072472769765,-0.21257035685698078,50.85551698610121
-0.6955087541354074,0.0,0.7465407307067901,0.0,1.631839730418708,0.0,6.294087355486638,-0.21385035685698117,50.72903743920131
-0.6961831489610216,0.0,0.7459195280620254,0.0,1.6325200050870332,0.0,6.294102224681,-0.21513035685698068,50.60264545035238
-0.6968575401191132,0.0,0.7452972016949363,0.0,1.6332002734048299,0.0,6.294117080370341,-0.21641035685698107,50.47634110132151
-0.6975319276111588,0.0,0.744673748796135,0.0,1.6338805353759347,0.0,6.294131922572108,-0.21769035685698013,50.350124473987634
-0.6982063114386283,0.0,0.7440491665417109,0.0,1.6345607910041797,0.0,6.2941467513037255,-0.21897035685698052,50.2239956503809
-0.698880691602998,0.0,0.7434234520931147,0.0,1.6352410402933948,0.0,6.2941615665825905,-0.22025035685698047,50.09795471265582
-0.6995550681057386,0.0,0.742796602597065,0.0,1.6359212832474035,0.0,6.294176368426065,-0.22153035685698041,49.97200174313997
-0.7002294409483231,0.0,0.742168615185435,0.0,1.6366015198700274,0.0,6.294191156851485,-0.22281035685697992,49.8461368242943
-0.7009038101322197,0.0,0.7415394869751499,0.0,1.6372817501650834,0.0,6.2942059318761565,-0.2240903568569812,49.720360038689755
-0.7015781756588992,0.0,0.7409092150680793,0.0,1.637961974136383,0.0,6.294220693517357,-0.2253703568569807,49.59467146908437
-0.7022525375298286,0.0,0.7402777965509257,0.0,1.638642191787735,0.0,6.294235441792336,-0.2266503568569802,49.469071198358286
-0.7029268957464764,0.0,0.7396452284951159,0.0,1.6393224031229447,0.0,6.294250176718315,-0.22793035685698104,49.34355930952762
-0.7036012503103076,0.0,0.7390115079566926,0.0,1.6400026081458117,0.0,6.29426489831248,-0.229210356856981,49.218135885796
-0.704275601222787,0.0,0.738376631976201,0.0,1.6406828068601318,0.0,6.2942796065919975,-0.2304903568569805,49.09280101047181
-0.7049499484853803,0.0,0.7377405975785719,0.0,1.6413629992696985,0.0,6.294294301573996,-0.23177035685698044,48.96755476702055
-0.70562429209955,0.0,0.7371034017730147,0.0,1.6420431853783,0.0,6.29430898327558,-0.23305035685697995,48.842397239072604
-0.7062986320667588,0.0,0.7364650415528997,0.0,1.6427233651897202,0.0,6.2943236517138335,-0.23433035685698034,48.71732851037558
-0.7069729683884663,0.0,0.7358255138956403,0.0,1.6434035387077395,0.0,6.294338306905795,-0.23561035685698073,48.59234866485121
-0.7076473010661342,0.0,0.7351848157625772,0.0,1.6440837059361337,0.0,6.294352948868494,-0.23689035685698023,48.46745778658228
-0.7083216301012215,0.0,0.7345429440988587,0.0,1.6447638668786764,0.0,6.294367577618908,-0.23817035685698063,48.342655959750225
-0.7089959554951856,0.0,0.7338998958333253,0.0,1.6454440215391348,0.0,6.2943821931740045,-0.23945035685698102,48.21794326874958
-0.7096702772494827,0.0,0.7332556678783858,0.0,1.6461241699212725,0.0,6.294396795550722,-0.24073035685698052,48.09331979806788
-0.7103445953655722,0.0,0.7326102571298917,0.0,1.6468043120288516,0.0,6.294411384765961,-0.24201035685697958,47.96878563240859
-0.7110189098449057,0.0,0.7319636604670247,0.0,1.6474844478656272,0.0,6.294425960836599,-0.24329035685697953,47.844340856581624
-0.7116932206889399,0.0,0.7313158747521619,0.0,1.6481645774353524,0.0,6.294440523779488,-0.24457035685697992,47.719985555545684
-0.7123675278991279,0.0,0.7306668968307564,0.0,1.6488447007417757,0.0,6.2944550736114495,-0.2458503568569812,47.59571981446694
-0.7130418314769209,0.0,0.7300167235312103,0.0,1.6495248177886408,0.0,6.29446961034927,-0.24713035685698026,47.47154371860471
-0.7137161314237692,0.0,0.7293653516647461,0.0,1.6502049285796885,0.0,6.294484134009725,-0.2484103568569802,47.34745735341495
-0.7143904277411234,0.0,0.7287127780252768,0.0,1.650885033118655,0.0,6.294498644609541,-0.2496903568569797,47.22346080447859
-0.7150647204304366,0.0,0.728058999389273,0.0,1.6515651314092747,0.0,6.294513142165436,-0.2509703568569801,47.09955415758311
-0.7157390094931494,0.0,0.727404012515645,0.0,1.6522452234552731,0.0,6.294527626694091,-0.2522503568569805,46.97573749863082
-0.7164132949307163,0.0,0.7267478141455859,0.0,1.6529253092603782,0.0,6.294542098212154,-0.25353035685698044,46.85201091367368
-0.7170875767445809,0.0,0.7260904010024615,0.0,1.6536053888283093,0.0,6.294556556736258,-0.25481035685698084,46.728374488982126
-0.717761854936187,0.0,0.7254317697916611,0.0,1.6542854621627832,0.0,6.294571002282992,-0.25609035685698034,46.604828310924425
-0.7184361295069814,0.0,0.7247719172004641,0.0,1.6549655292675136,0.0,6.294585434868938,-0.2573703568569803,46.48137246604873
-0.7191104004584052,0.0,0.7241108398979034,0.0,1.6556455901462088,0.0,6.294599854510635,-0.25865035685698023,46.35800704110444
-0.7197846677919021,0.0,0.7234485345346212,0.0,1.656325644802575,0.0,6.294614261224598,-0.2599303568569802,46.234732122936435
-0.7204589315089124,0.0,0.7227849977427359,0.0,1.6570056932403125,0.0,6.294628655027318,-0.2612103568569806,46.11154779860197
-0.7211331916108765,0.0,0.722120226135692,0.0,1.657685735463119,0.0,6.294643035935258,-0.2624903568569805,45.98845415530066
-0.7218074480992351,0.0,0.7214542163081182,0.0,1.6583657714746889,0.0,6.294657403964845,-0.26377035685698136,45.865451280411875
-0.7224817009754243,0.0,0.7207869648356888,0.0,1.6590458012787102,0.0,6.294671759132489,-0.2650503568569804,45.742539261452286
-0.723155950240884,0.0,0.7201184682749657,0.0,1.6597258248788704,0.0,6.294686101454577,-0.2663303568569808,45.61971818614705
-0.7238301958970489,0.0,0.7194487231632603,0.0,1.660405842278851,0.0,6.294700430947451,-0.26761035685698076,45.49698814236517
-0.7245044379453557,0.0,0.7187777260184793,0.0,1.6610858534823296,0.0,6.294714747627442,-0.26889035685698115,45.37434921811919
-0.7251786763872373,0.0,0.7181054733389742,0.0,1.6617658584929804,0.0,6.294729051510847,-0.2701703568569802,45.251801501639044
-0.7258529112241291,0.0,0.7174319616033873,0.0,1.6624458573144747,0.0,6.294743342613939,-0.27145035685698016,45.12934508128813
-0.726527142457462,0.0,0.7167571872705015,0.0,1.6631258499504782,0.0,6.294757620952962,-0.272730356856981,45.00698004562196
-0.7272013700886659,0.0,0.7160811467790817,0.0,1.663805836404653,0.0,6.294771886544134,-0.27401035685698005,44.88470648332625
-0.7278755941191756,0.0,0.7154038365477139,0.0,1.6644858166806598,0.0,6.294786139403642,-0.27529035685698044,44.76252448333132
-0.7285498145504181,0.0,0.7147252529746551,0.0,1.6651657907821524,0.0,6.294800379547658,-0.2765703568569804,44.64043413465861
-0.7292240313838231,0.0,0.7140453924376645,0.0,1.6658457587127826,0.0,6.294814606992316,-0.27785035685698034,44.51843552657526
-0.7298982446208166,0.0,0.7133642512938471,0.0,1.6665257204761972,0.0,6.294828821753724,-0.2791303568569803,44.39652874845685
-0.7305724542628264,0.0,0.7126818258794848,0.0,1.6672056760760403,0.0,6.294843023847969,-0.28041035685698024,44.27471388991318
-0.7312466603112789,0.0,0.7119981125098742,0.0,1.667885625515952,0.0,6.294857213291108,-0.28169035685698063,44.15299104068358
-0.7319208627675968,0.0,0.7113131074791601,0.0,1.6685655687995673,0.0,6.294871390099177,-0.282970356856981,44.031360290704974
-0.732595061633205,0.0,0.7106268070601615,0.0,1.669245505930519,0.0,6.294885554288175,-0.2842503568569801,43.909821730100546
-0.7332692569095279,0.0,0.7099392075042047,0.0,1.6699254369124366,0.0,6.294899705874082,-0.2855303568569809,43.78837544915043
-0.733943448597984,0.0,0.7092503050409543,0.0,1.6706053617489427,0.0,6.294913844872852,-0.28681035685698086,43.66702153831324
-0.7346176366999969,0.0,0.7085600958782288,0.0,1.6712852804436598,0.0,6.294927971300408,-0.2880903568569808,43.54576008826254
-0.7352918212169846,0.0,0.7078685762018345,0.0,1.671965193000204,0.0,6.294942085172659,-0.28937035685698076,43.42459118982493
-0.7359660021503683,0.0,0.7071757421753797,0.0,1.67264509942219,0.0,6.294956186505467,-0.2906503568569807,43.30351493399831
-0.7366401795015637,0.0,0.7064815899401029,0.0,1.6733249997132262,0.0,6.29497027531469,-0.2919303568569811,43.18253141196975
-0.7373143532719885,0.0,0.7057861156146827,0.0,1.6740048938769185,0.0,6.294984351616139,-0.29321035685698016,43.061640715144634
-0.7379885234630612,0.0,0.7050893152950578,0.0,1.6746847819168706,0.0,6.294998415425614,-0.294490356856981,42.94084293506516
-0.7386626900761919,0.0,0.7043911850542462,0.0,1.6753646638366786,0.0,6.295012466758889,-0.2957703568569805,42.82013816347424
-0.7393368531127991,0.0,0.7036917209421475,0.0,1.6760445396399386,0.0,6.295026505631708,-0.2970503568569809,42.69952649230465
-0.7400110125742945,0.0,0.7029909189853598,0.0,1.6767244093302414,0.0,6.295040532059781,-0.2983303568569804,42.57900801370082
-0.7406851684620896,0.0,0.7022887751869897,0.0,1.6774042729111736,0.0,6.2950545460588065,-0.29961035685698034,42.45858281994104
-0.741359320777597,0.0,0.7015852855264528,0.0,1.6780841303863192,0.0,6.29506854764445,-0.3008903568569803,42.338251003526096
-0.7420334695222253,0.0,0.7008804459592829,0.0,1.6787639817592577,0.0,6.295082536832352,-0.3021703568569807,42.2180126571367
-0.742707614697385,0.0,0.7001742524169313,0.0,1.679443827033565,0.0,6.295096513638127,-0.30345035685698063,42.09786787366481
-0.7433817563044858,0.0,0.6994667008065673,0.0,1.680123666212814,0.0,6.29511047807737,-0.30473035685698013,41.9778167461788
-0.7440558943449315,0.0,0.6987577870108791,0.0,1.6808034993005727,0.0,6.295124430165637,-0.3060103568569805,41.8578593679129
-0.7447300288201324,0.0,0.6980475068878624,0.0,1.681483326300407,0.0,6.295138369918465,-0.3072903568569809,41.73799583233283
-0.7454041597314927,0.0,0.6973358562706236,0.0,1.6821631472158773,0.0,6.295152297351381,-0.30857035685698087,41.61822623308545
-0.7460782870804166,0.0,0.696622830967162,0.0,1.6828429620505416,0.0,6.295166212479862,-0.3098503568569808,41.49855066401311
-0.7467524108683073,0.0,0.6959084267601655,0.0,1.6835227708079537,0.0,6.295180115319368,-0.3111303568569799,41.378969219145375
-0.7474265310965693,0.0,0.6951926394067915,0.0,1.6842025734916644,0.0,6.295194005885348,-0.31241035685698115,41.25948199271295
-0.7481006477666023,0.0,0.6944754646384581,0.0,1.6848823701052191,0.0,6.2952078841932035,-0.31369035685698066,41.14008907916504
-0.7487747608798072,0.0,0.6937568981606187,0.0,1.6855621606521616,0.0,6.295221750258329,-0.31497035685698105,41.02079057311952
-0.7494488704375868,0.0,0.6930369356525442,0.0,1.6862419451360315,0.0,6.2952356040960815,-0.3162503568569819,40.901586569400145
-0.7501229764413373,0.0,0.6923155727671049,0.0,1.6869217235603637,0.0,6.295249445721802,-0.31753035685698006,40.78247716306493
-0.7507970788924564,0.0,0.6915928051305394,0.0,1.6876014959286902,0.0,6.2952632751507975,-0.31881035685698045,40.66346244931014
-0.7514711777923428,0.0,0.6908686283422264,0.0,1.6882812622445402,0.0,6.295277092398357,-0.3200903568569813,40.54454252358232
-0.7521452731423913,0.0,0.6901430379744594,0.0,1.6889610225114378,0.0,6.295290897479736,-0.32137035685698123,40.42571748152551
-0.7528193649439987,0.0,0.6894160295722094,0.0,1.689640776732904,0.0,6.2953046904101875,-0.32265035685698074,40.30698741897908
-0.75349345319856,0.0,0.6886875986528898,0.0,1.6903205249124578,0.0,6.295318471204911,-0.32393035685698157,40.18835243200911
-0.7541675379074626,0.0,0.6879577407061264,0.0,1.6910002670536097,0.0,6.295332239879095,-0.32521035685698063,40.06981261683361
-0.7548416190721052,0.0,0.6872264511934983,0.0,1.6916800031598733,0.0,6.2953459964479075,-0.3264903568569806,39.951368069937246
-0.7555156966938757,0.0,0.6864937255483147,0.0,1.6923597332347535,0.0,6.295359740926488,-0.3277703568569814,39.83301888799103
-0.7561897707741666,0.0,0.685759559175355,0.0,1.6930394572817538,0.0,6.295373473329941,-0.3290503568569805,39.714765167873296
-0.7568638413143677,0.0,0.6850239474506232,0.0,1.693719175304375,0.0,6.295387193673359,-0.33033035685698087,39.59660700669038
-0.7575379083158651,0.0,0.6842868857211044,0.0,1.6943988873061104,0.0,6.295400901971809,-0.33161035685698037,39.47854450171474
-0.7582119717800471,0.0,0.6835483693044961,0.0,1.6950785932904537,0.0,6.295414598240329,-0.3328903568569812,39.36057775047703
-0.7588860317083033,0.0,0.6828083934889573,0.0,1.695758293260894,0.0,6.295428282493938,-0.3341703568569807,39.242706850700124
-0.7595600881020166,0.0,0.6820669535328505,0.0,1.696437987220916,0.0,6.29544195474762,-0.3354503568569811,39.12493190034942
-0.760234140962572,0.0,0.681324044664477,0.0,1.6971176751740005,0.0,6.295455615016353,-0.33673035685698016,39.00725299756169
-0.7609081902913555,0.0,0.6805796620818035,0.0,1.6977973571236273,0.0,6.295469263315067,-0.33801035685698144,38.88967024072172
-0.7615822360897476,0.0,0.6798338009522038,0.0,1.698477033073269,0.0,6.295482899658695,-0.3392903568569814,38.77218372840908
-0.7622562783591319,0.0,0.6790864564121761,0.0,1.6991567030263972,0.0,6.295496524062118,-0.34057035685698045,38.654793559469994
-0.7629303171008895,0.0,0.6783376235670722,0.0,1.6998363669864798,0.0,6.295510136540211,-0.3418503568569804,38.53749983291243
-0.7636043523164004,0.0,0.6775872974908176,0.0,1.70051602495698,0.0,6.295523737107823,-0.3431303568569808,38.420302647993566
-0.7642783840070435,0.0,0.6768354732256283,0.0,1.7011956769413585,0.0,6.295537325779774,-0.34441035685698074,38.303202104196146
-0.7649524121741978,0.0,0.6760821457817272,0.0,1.7018753229430714,0.0,6.295550902570855,-0.3456903568569807,38.186198301210545
-0.7656264368192414,0.0,0.6753273101370506,0.0,1.702554962965573,0.0,6.2955644674958515,-0.34697035685697974,38.069291338977706
-0.7663004579435477,0.0,0.6745709612369648,0.0,1.7032345970123113,0.0,6.295578020569507,-0.348250356856981,37.95248131762212
-0.7669744755484965,0.0,0.6738130939939562,0.0,1.7039142250867343,0.0,6.295591561806553,-0.3495303568569814,37.83576833754597
-0.7676484896354597,0.0,0.6730537032873462,0.0,1.7045938471922835,0.0,6.295605091221686,-0.3508103568569809,37.71915249933923
-0.7683225002058126,0.0,0.6722927839629801,0.0,1.7052734633323985,0.0,6.295618608829587,-0.3520903568569813,37.602633903832114
-0.7689965072609267,0.0,0.671530330832925,0.0,1.7059530735105142,0.0,6.295632114644913,-0.35337035685697993,37.48621265210896
-0.7696705108021763,0.0,0.6707663386751541,0.0,1.7066326777300644,0.0,6.2956456086823005,-0.3546503568569803,37.369888845435405
-0.7703445108309277,0.0,0.6700008022332424,0.0,1.7073122759944759,0.0,6.2956590909563435,-0.3559303568569807,37.25366258535892
-0.771018507348556,0.0,0.6692337162160359,0.0,1.7079918683071755,0.0,6.295672561481636,-0.3572103568569811,37.137533973625146
-0.7716925003564281,0.0,0.6684650752973449,0.0,1.7086714546715838,0.0,6.295686020272739,-0.35849035685698016,37.02150311224004
-0.7723664898559134,0.0,0.6676948741156066,0.0,1.70935103509112,0.0,6.295699467344187,-0.35977035685698056,36.90557010342603
-0.7730404758483775,0.0,0.6669231072735673,0.0,1.7100306095691977,0.0,6.295712902710498,-0.3610503568569805,36.78973504965164
-0.7737144583351877,0.0,0.6661497693379382,0.0,1.7107101781092287,0.0,6.295726326386158,-0.36233035685698,36.67399805362253
-0.7743884373177109,0.0,0.6653748548390647,0.0,1.7113897407146217,0.0,6.295739738385641,-0.36361035685698084,36.558359218284636
-0.7750624127973087,0.0,0.6645983582705872,0.0,1.7120692973887794,0.0,6.29575313872338,-0.36489035685698035,36.44281864681401
-0.7757363847753478,0.0,0.6638202740890892,0.0,1.7127488481351043,0.0,6.295766527413806,-0.3661703568569812,36.327376442654156
-0.7764103532531905,0.0,0.6630405967137528,0.0,1.7134283929569933,0.0,6.295779904471311,-0.36745035685698113,36.212032709457226
-0.7770843182321959,0.0,0.6622593205260076,0.0,1.7141079318578396,0.0,6.295793269910275,-0.3687303568569811,36.09678755114565
-0.7777582797137271,0.0,0.6614764398691625,0.0,1.7147874648410348,0.0,6.295806623745041,-0.370010356856981,35.98164107187202
-0.7784322376991459,0.0,0.6606919490480513,0.0,1.715466991909966,0.0,6.295819965989949,-0.37129035685698053,35.86659337605373
-0.7791061921898089,0.0,0.6599058423286667,0.0,1.716146513068017,0.0,6.295833296659293,-0.3725703568569809,35.75164456832908
-0.7797801431870741,0.0,0.6591181139377846,0.0,1.7168260283185672,0.0,6.2958466157673625,-0.37385035685698176,35.63679475360536
-0.7804540906923009,0.0,0.6583287580625862,0.0,1.7175055376649948,0.0,6.295859923328413,-0.3751303568569808,35.522044037040544
-0.7811280347068449,0.0,0.6575377688502851,0.0,1.7181850411106727,0.0,6.295873219356686,-0.37641035685698077,35.40739252402914
-0.7818019752320616,0.0,0.656745140407735,0.0,1.718864538658971,0.0,6.29588650386639,-0.37769035685698116,35.29284032022632
-0.782475912269304,0.0,0.6559508668010421,0.0,1.719544030313256,0.0,6.295899776871716,-0.3789703568569811,35.17838753154864
-0.7831498458199279,0.0,0.6551549420551691,0.0,1.720223516076891,0.0,6.295913038386842,-0.38025035685698017,35.06403426417516
-0.7838237758852872,0.0,0.6543573601535311,0.0,1.720902995953238,0.0,6.295926288425906,-0.38153035685698145,34.94978062450181
-0.7844977024667307,0.0,0.6535581150376037,0.0,1.7215824699456503,0.0,6.295939527003024,-0.38281035685698095,34.835626719211426
-0.7851716255656129,0.0,0.6527572006064933,0.0,1.7222619380574837,0.0,6.295952754132309,-0.3840903568569809,34.7215726552635
-0.7858455451832801,0.0,0.6519546107165404,0.0,1.722941400292086,0.0,6.2959659698278365,-0.3853703568569813,34.60761853984944
-0.7865194613210842,0.0,0.6511503391808828,0.0,1.7236208566528044,0.0,6.295979174103657,-0.3866503568569799,34.49376448041735
-0.7871933739803726,0.0,0.65034437976904,0.0,1.7243003071429823,0.0,6.295992366973806,-0.38793035685698074,34.38001058470114
-0.7878672831624932,0.0,0.6495367262064782,0.0,1.7249797517659589,0.0,6.296005548452293,-0.3892103568569807,34.266356960685
-0.7885411888687928,0.0,0.6487273721741704,0.0,1.7256591905250707,0.0,6.296018718553109,-0.39049035685698064,34.15280371663037
-0.789215091100616,0.0,0.6479163113081599,0.0,1.7263386234236504,0.0,6.2960318772902175,-0.39177035685698103,34.039350961053856
-0.7898889898593081,0.0,0.6471035371991046,0.0,1.7270180504650279,0.0,6.296045024677564,-0.393050356856981,33.92599880274649
-0.7905628851462136,0.0,0.6462890433918284,0.0,1.727697471652529,0.0,6.296058160729067,-0.39433035685698137,33.81274735076041
-0.7912367769626759,0.0,0.6454728233848552,0.0,1.7283768869894776,0.0,6.296071285458626,-0.3956103568569813,33.699596714438044
-0.7919106653100357,0.0,0.6446548706299502,0.0,1.7290562964791922,0.0,6.29608439888012,-0.3968903568569804,33.586547003376246
-0.7925845501896337,0.0,0.6438351785316426,0.0,1.7297357001249893,0.0,6.296097501007403,-0.3981703568569812,33.4735983274456
-0.7932584316028128,0.0,0.6430137404467439,0.0,1.7304150979301827,0.0,6.2961105918543065,-0.39945035685698116,33.36075079680869
-0.7939323095509099,0.0,0.6421905496838722,0.0,1.7310944898980807,0.0,6.296123671434644,-0.40073035685698066,33.24800452188407
-0.7946061840352643,0.0,0.6413655995029537,0.0,1.7317738760319903,0.0,6.296136739762202,-0.40201035685698105,33.13535961338694
-0.7952800550572147,0.0,0.6405388831147263,0.0,1.7324532563352146,0.0,6.296149796850746,-0.40329035685698145,33.022816182296296
-0.7959539226180972,0.0,0.6397103936802376,0.0,1.7331326308110535,0.0,6.296162842714025,-0.40457035685698184,32.91037433986798
-0.7966277867192462,0.0,0.6388801243103348,0.0,1.7338119994628018,0.0,6.296175877365761,-0.40585035685698045,32.7980341976843
-0.7973016473619994,0.0,0.6380480680651403,0.0,1.7344913622937548,0.0,6.296188900819652,-0.4071303568569813,32.685795867537905
-0.7979755045476891,0.0,0.6372142179535348,0.0,1.735170719307201,0.0,6.296201913089381,-0.4084103568569808,32.57365946157051
-0.7986493582776492,0.0,0.6363785669326216,0.0,1.7358500705064275,0.0,6.296214914188606,-0.4096903568569812,32.46162509217659
-0.7993232085532116,0.0,0.6355411079071901,0.0,1.7365294158947167,0.0,6.296227904130962,-0.41097035685698113,32.34969287204707
-0.7999970553757084,0.0,0.6347018337291659,0.0,1.737208755475349,0.0,6.296240882930063,-0.4122503568569802,32.23786291416643
-0.8006708987464707,0.0,0.6338607371970586,0.0,1.7378880892516022,0.0,6.296253850599499,-0.4135303568569806,32.12613533179807
-0.801344738666827,0.0,0.6330178110554067,0.0,1.7385674172267482,0.0,6.296266807152849,-0.4148103568569814,32.01451023851253
-0.8020185751381056,0.0,0.6321730479942003,0.0,1.7392467394040574,0.0,6.296279752603657,-0.41609035685698137,31.902987748164335
-0.8026924081616358,0.0,0.6313264406483093,0.0,1.7399260557867966,0.0,6.296292686965455,-0.4173703568569809,31.791567974905234
-0.8033662377387445,0.0,0.6304779815968965,0.0,1.7406053663782304,0.0,6.296305610251744,-0.41865035685698126,31.680251033183847
-0.804040063870759,0.0,0.6296276633628285,0.0,1.741284671181619,0.0,6.296318522476013,-0.41993035685698166,31.569037037748977
-0.8047138865590017,0.0,0.6287754784120776,0.0,1.7419639702002179,0.0,6.2963314236517345,-0.4212103568569803,31.457926103645264
-0.8053877058048005,0.0,0.6279214191531006,0.0,1.7426432634372837,0.0,6.296344313792334,-0.42249035685698155,31.346918346217137
-0.806061521609476,0.0,0.627065477936239,0.0,1.7433225508960648,0.0,6.2963571929112465,-0.4237703568569815,31.236013881119263
-0.8067353339743519,0.0,0.6262076470530791,0.0,1.7440018325798092,0.0,6.296370061021865,-0.42505035685698056,31.12521282430791
-0.8074091429007516,0.0,0.6253479187358232,0.0,1.7446811084917622,0.0,6.2963829181375806,-0.4263303568569814,31.014515292032883
-0.8080829483899944,0.0,0.6244862851566471,0.0,1.7453603786351635,0.0,6.296395764271736,-0.4276103568569809,30.903921400872147
-0.8087567504434,0.0,0.6236227384270476,0.0,1.7460396430132512,0.0,6.296408599437682,-0.4288903568569822,30.79343126769386
-0.8094305490622905,0.0,0.6227572705971736,0.0,1.7467189016292606,0.0,6.296421423648724,-0.43017035685698124,30.683045009686396
-0.8101043442479792,0.0,0.6218898736551708,0.0,1.7473981544864214,0.0,6.296434236918162,-0.43145035685698074,30.57276274434325
-0.8107781360017888,0.0,0.6210205395264806,0.0,1.748077401587964,0.0,6.2964470392592675,-0.43273035685698114,30.462584589481793
-0.8114519243250332,0.0,0.62014926007317,0.0,1.7487566429371117,0.0,6.296459830685294,-0.4340103568569815,30.352510663221558
-0.8121257092190288,0.0,0.6192760270932175,0.0,1.7494358785370867,0.0,6.296472611209478,-0.4352903568569806,30.242541084008394
-0.8127994906850917,0.0,0.6184008323198079,0.0,1.7501151083911084,0.0,6.296485380845026,-0.4365703568569814,30.132675970601397
-0.8134732687245335,0.0,0.6175236674206173,0.0,1.7507943325023907,0.0,6.296498139605129,-0.43785035685698137,30.02291544207415
-0.814147043338668,0.0,0.6166445239970725,0.0,1.7514735508741464,0.0,6.296510887502958,-0.4391303568569809,29.913259617831713
-0.8148208145288093,0.0,0.615763393583615,0.0,1.7521527635095853,0.0,6.296523624551661,-0.4404103568569808,29.80370861759792
-0.8154945822962673,0.0,0.614880267646952,0.0,1.7528319704119126,0.0,6.296536350764369,-0.4416903568569812,29.694262561418483
-0.8161683466423532,0.0,0.6139951375852902,0.0,1.7535111715843306,0.0,6.296549066154193,-0.4429703568569807,29.584921569669348
-0.8168421075683763,0.0,0.6131079947275593,0.0,1.7541903670300398,0.0,6.296561770734208,-0.44425035685698155,29.475685763045743
-0.8175158650756458,0.0,0.6122188303326332,0.0,1.7548695567522359,0.0,6.296574464517486,-0.44553035685698106,29.36655526257649
-0.8181896191654702,0.0,0.6113276355885283,0.0,1.7555487407541122,0.0,6.296587147517079,-0.44681035685698056,29.257530189611895
-0.8188633698391555,0.0,0.6104344016115969,0.0,1.7562279190388592,0.0,6.296599819746001,-0.4480903568569814,29.148610665886117
-0.8195371170980087,0.0,0.6095391194457069,0.0,1.7569070916096632,0.0,6.296612481217274,-0.4493703568569809,29.039796813378448
-0.8202108609433345,0.0,0.608641780061409,0.0,1.757586258469708,0.0,6.296625131943866,-0.4506503568569804,28.931088754465467
-0.82088460137644,0.0,0.6077423743550866,0.0,1.7582654196221756,0.0,6.29663777193875,-0.4519303568569808,28.822486611854785
-0.8215583383986252,0.0,0.606840893148112,0.0,1.7589445750702415,0.0,6.296650401214861,-0.45321035685698075,28.71399050857009
-0.8222320720111963,0.0,0.605937327185958,0.0,1.7596237248170818,0.0,6.296663019785137,-0.45449035685698114,28.605600567995268
-0.8229058022154528,0.0,0.6050316671373293,0.0,1.7603028688658664,0.0,6.296675627662469,-0.45577035685698064,28.497316913851648
-0.8235795290126984,0.0,0.6041239035932551,0.0,1.7609820072197648,0.0,6.296688224859748,-0.45705035685698103,28.3891396701973
-0.8242532524042309,0.0,0.603214027066188,0.0,1.7616611398819406,0.0,6.2967008113898295,-0.45833035685698054,28.281068961442145
-0.8249269723913515,0.0,0.6023020279890691,0.0,1.7623402668555574,0.0,6.296713387265565,-0.4596103568569818,28.173104912345106
-0.8256006889753579,0.0,0.6013878967144007,0.0,1.7630193881437723,0.0,6.29672595249977,-0.4608903568569809,28.065247648004405
-0.8262744021575485,0.0,0.6004716235132841,0.0,1.7636985037497426,0.0,6.296738507105247,-0.4621703568569817,27.957497293872862
-0.8269481119392184,0.0,0.5995531985744613,0.0,1.7643776136766192,0.0,6.296751051094787,-0.46345035685698166,27.84985397575881
-0.827621818321667,0.0,0.5986326120033204,0.0,1.7650567179275534,0.0,6.296763584481142,-0.4647303568569816,27.742317819819487
-0.8282955213061876,0.0,0.5977098538209137,0.0,1.7657358165056904,0.0,6.296776107277066,-0.46601035685698156,27.6348889525715
-0.8289692208940745,0.0,0.5967849139629323,0.0,1.7664149094141743,0.0,6.296788619495274,-0.46729035685698106,27.52756750088415
-0.8296429170866223,0.0,0.5958577822786835,0.0,1.7670939966561452,0.0,6.296801121148466,-0.46857035685698056,27.42035359198307
-0.8303166098851218,0.0,0.5949284485300466,0.0,1.76777307823474,0.0,6.296813612249335,-0.46985035685698096,27.313247353461186
-0.8309902992908663,0.0,0.5939969023904076,0.0,1.7684521541530933,0.0,6.296826092810536,-0.47113035685698135,27.206248913261945
-0.8316639853051477,0.0,0.593063133443583,0.0,1.7691312244143362,0.0,6.2968385628447185,-0.47241035685698085,27.0993583997126
-0.8323376679292538,0.0,0.5921271311827322,0.0,1.7698102890215965,0.0,6.296851022364503,-0.47369035685698124,26.99257594147462
-0.8330113471644756,0.0,0.5911888850092333,0.0,1.770489347977999,0.0,6.296863471382493,-0.4749703568569812,26.88590166760474
-0.8336850230120997,0.0,0.5902483842315652,0.0,1.771168401286665,0.0,6.296875909911274,-0.47625035685698114,26.77933570751025
-0.8343586954734171,0.0,0.5893056180641474,0.0,1.771847448950715,0.0,6.29688833796341,-0.47753035685698064,26.672878190980306
-0.8350323645497126,0.0,0.5883605756261869,0.0,1.7725264909732643,0.0,6.296900755551452,-0.4788103568569815,26.566529248167328
-0.8357060302422711,0.0,0.5874132459404884,0.0,1.7732055273574243,0.0,6.296913162687921,-0.48009035685698054,26.460289009593055
-0.83637969255238,0.0,0.5864636179322436,0.0,1.7738845581063063,0.0,6.296925559385323,-0.48137035685698004,26.354157606176624
-0.8370533514813228,0.0,0.5855116804278193,0.0,1.7745635832230169,0.0,6.296937945656142,-0.48265035685698177,26.248135169174482
-0.8377270070303822,0.0,0.5845574221535079,0.0,1.775242602710659,0.0,6.296950321512855,-0.48393035685698127,26.14222183026122
-0.8384006592008414,0.0,0.5836008317342645,0.0,1.7759216165723333,0.0,6.2969626869679045,-0.4852103568569808,26.036417721471448
-0.8390743079939824,0.0,0.5826418976924219,0.0,1.7766006248111383,0.0,6.296975042033714,-0.4864903568569816,25.93072297521519
-0.8397479534110848,0.0,0.5816806084463916,0.0,1.7772796274301672,0.0,6.296987386722704,-0.4877703568569811,25.825137724300777
-0.8404215954534312,0.0,0.5807169523093265,0.0,1.777958624432513,0.0,6.296999721047255,-0.48905035685698106,25.719662101910775
-0.8410952341222998,0.0,0.5797509174877813,0.0,1.778637615821264,0.0,6.297012045019743,-0.490330356856981,25.61429624161869
-0.8417688694189693,0.0,0.5787824920803389,0.0,1.7793166015995059,0.0,6.297024358652519,-0.49161035685698096,25.509040277388067
-0.8424425013447158,0.0,0.5778116640762193,0.0,1.7799955817703201,0.0,6.297036661957918,-0.4928903568569809,25.40389434355612
-0.8431161299008175,0.0,0.5768384213538538,0.0,1.7806745563367874,0.0,6.297048954948251,-0.49417035685698085,25.298858574869563
-0.8437897550885495,0.0,0.575862751679453,0.0,1.781353525301984,0.0,6.297061237635812,-0.4954503568569817,25.193933106462836
-0.8444633769091897,0.0,0.5748846427055359,0.0,1.7820324886689847,0.0,6.297073510032877,-0.4967303568569812,25.089118073862807
-0.8451369953640088,0.0,0.5739040819694492,0.0,1.7827114464408582,0.0,6.2970857721516955,-0.4980103568569816,24.984413612984014
-0.845810610454282,0.0,0.5729210568918407,0.0,1.7833903986206732,0.0,6.297098024004521,-0.4992903568569811,24.87981986014728
-0.8464842221812818,0.0,0.5719355547751243,0.0,1.7840693452114942,0.0,6.297110265603559,-0.5005703568569819,24.775336952071342
-0.8471578305462805,0.0,0.5709475628019096,0.0,1.7847482862163833,0.0,6.297122496961012,-0.501850356856981,24.670965025879305
-0.8478314355505492,0.0,0.5699570680334138,0.0,1.7854272216383993,0.0,6.2971347180890636,-0.5031303568569814,24.566704219084286
-0.8485050371953572,0.0,0.5689640574078354,0.0,1.7861061514805971,0.0,6.297146928999874,-0.5044103568569813,24.462554669605005
-0.8491786354819738,0.0,0.5679685177387014,0.0,1.7867850757460304,0.0,6.29715912970558,-0.5056903568569813,24.358516515772266
-0.8498522304116696,0.0,0.5669704357131957,0.0,1.787463994437749,0.0,6.297171320218323,-0.5069703568569808,24.25458989632757
-0.8505258219857096,0.0,0.5659697978904474,0.0,1.7881429075588,0.0,6.297183500550189,-0.5082503568569816,24.15077495039854
-0.8511994102053634,0.0,0.564966590699793,0.0,1.788821815112227,0.0,6.2971956707132755,-0.5095303568569807,24.047071817540093
-0.8518729950718945,0.0,0.5639608004390133,0.0,1.789500717101071,0.0,6.297207830719644,-0.5108103568569806,23.94348063770542
-0.8525465765865698,0.0,0.5629524132725243,0.0,1.7901796135283705,0.0,6.297219980581356,-0.5120903568569806,23.840001551273303
-0.8532201547506533,0.0,0.5619414152295564,0.0,1.7908585043971603,0.0,6.297232120310434,-0.5133703568569805,23.736634699026045
-0.8538937295654085,0.0,0.5609277922022845,0.0,1.7915373897104727,0.0,6.297244249918889,-0.5146503568569796,23.633380222160323
-0.8545673010320997,0.0,0.5599115299439301,0.0,1.7922162694713384,0.0,6.297256369418722,-0.51593035685698,23.530238262288933
-0.8552408691519884,0.0,0.5588926140668373,0.0,1.7928951436827825,0.0,6.297268478821901,-0.5172103568569799,23.427208961452354
-0.8559144339263333,0.0,0.5578710300405042,0.0,1.7935740123478279,0.0,6.2972805781403896,-0.5184903568569803,23.32429246208258
-0.8565879953563971,0.0,0.5568467631895727,0.0,1.7942528754694964,0.0,6.29729266738612,-0.5197703568569807,23.22148890705942
-0.8572615534434389,0.0,0.5558197986918038,0.0,1.7949317330508054,0.0,6.2973047465710215,-0.5210503568569811,23.118798439672958
-0.8579351081887189,0.0,0.554790121575995,0.0,1.7956105850947697,0.0,6.297316815706987,-0.5223303568569806,23.01622120363446
-0.8586086595934933,0.0,0.5537577167198718,0.0,1.7962894316044014,0.0,6.297328874805904,-0.5236103568569801,22.913757343073407
-0.8592822076590186,0.0,0.5527225688479365,0.0,1.7969682725827085,0.0,6.297340923879639,-0.5248903568569805,22.811407002540037
-0.859955752386553,0.0,0.5516846625292692,0.0,1.7976471080326981,0.0,6.297352962940038,-0.5261703568569804,22.709170327033238
-0.8606292937773511,0.0,0.5506439821753072,0.0,1.7983259379573728,0.0,6.2973649919989265,-0.5274503568569795,22.607047461950827
-0.8613028318326675,0.0,0.5496005120375639,0.0,1.7990047623597336,0.0,6.297377011068122,-0.5287303568569799,22.50503855312882
-0.8619763665537563,0.0,0.5485542362053176,0.0,1.7996835812427776,0.0,6.297389020159414,-0.5300103568569803,22.403143746838705
-0.8626498979418714,0.0,0.5475051386032493,0.0,1.8003623946094993,0.0,6.297401019284576,-0.5312903568569798,22.301363189767013
-0.8633234259982646,0.0,0.5464532029890421,0.0,1.8010412024628906,0.0,6.297413008455364,-0.5325703568569797,22.19969702903518
-0.8639969507241864,0.0,0.545398412950931,0.0,1.8017200048059399,0.0,6.297424987683527,-0.5338503568569797,22.09814541220022
-0.8646704721208889,0.0,0.5443407519052055,0.0,1.8023988016416337,0.0,6.29743695698077,-0.5351303568569801,21.996708487240415
-0.8653439901896225,0.0,0.5432802030936672,0.0,1.8030775929729554,0.0,6.297448916358803,-0.5364103568569805,21.8953864025789
-0.8660175049316325,0.0,0.5422167495810477,0.0,1.8037563788028834,0.0,6.2974608658293105,-0.53769035685698,21.794179307057586
-0.8666910163481719,0.0,0.541150374252346,0.0,1.8044351591343974,0.0,6.297472805403961,-0.5389703568569799,21.693087349966177
-0.8673645244404855,0.0,0.5400810598101565,0.0,1.805113933970471,0.0,6.2974847350943985,-0.5402503568569794,21.59211068101474
-0.868038029209822,0.0,0.5390087887719138,0.0,1.8057927033140762,0.0,6.29749665491226,-0.5415303568569794,21.491249450356246
-0.8687115306574257,0.0,0.5379335434670981,0.0,1.8064714671681814,0.0,6.297508564869155,-0.5428103568569793,21.390503808580437
-0.8693850287845409,0.0,0.5368553060343806,0.0,1.8071502255357526,0.0,6.297520464976683,-0.5440903568569793,21.289873906695338
-0.8700585235924121,0.0,0.535774058418712,0.0,1.8078289784197525,0.0,6.29753235524641,-0.5453703568569788,21.18935989616074
-0.8707320150822863,0.0,0.5346897823683551,0.0,1.8085077258231437,0.0,6.29754423568991,-0.5466503568569792,21.088961928870745
-0.8714055032554014,0.0,0.5336024594318717,0.0,1.8091864677488814,0.0,6.29755610631872,-0.5479303568569791,20.988680157146497
-0.8720789881130038,0.0,0.5325120709550168,0.0,1.809865204199922,0.0,6.297567967144368,-0.5492103568569795,20.888514733762637
-0.8727524696563292,0.0,0.5314185980776128,0.0,1.8105439351792154,0.0,6.297579818178352,-0.550490356856979,20.78846581190131
-0.8734259478866221,0.0,0.5303220217303172,0.0,1.8112226606897122,0.0,6.297591659432172,-0.5517703568569794,20.688533545203402
-0.8740994228051215,0.0,0.5292223226313612,0.0,1.8119013807343587,0.0,6.297603490917298,-0.5530503568569793,20.588718087740425
-0.8747728944130657,0.0,0.5281194812832041,0.0,1.8125800953160984,0.0,6.297615312645183,-0.5543303568569797,20.489019594011445
-0.8754463627116916,0.0,0.5270134779691246,0.0,1.8132588044378708,0.0,6.297627124627261,-0.5556103568569788,20.389438218959796
-0.8761198277022373,0.0,0.5259042927497363,0.0,1.8139375081026148,0.0,6.297638926874958,-0.5568903568569787,20.28997411794721
-0.8767932893859404,0.0,0.5247919054594364,0.0,1.8146162063132663,0.0,6.297650719399676,-0.5581703568569791,20.19062744679876
-0.8774667477640327,0.0,0.5236762957027926,0.0,1.8152948990727553,0.0,6.297662502212793,-0.5594503568569786,20.091398361734115
-0.8781402028377531,0.0,0.5225574428508223,0.0,1.8159735863840134,0.0,6.297674275325683,-0.560730356856979,19.99228701943451
-0.8788136546083335,0.0,0.5214353260372339,0.0,1.8166522682499664,0.0,6.2976860387496965,-0.562010356856979,19.8932935770032
-0.879487103077008,0.0,0.5203099241545599,0.0,1.8173309446735386,0.0,6.2976977924961615,-0.563290356856978,19.79441819197299
-0.8801605482450071,0.0,0.519181215850227,0.0,1.8180096156576506,0.0,6.297709536576402,-0.5645703568569789,19.69566102229771
-0.8808339901135641,0.0,0.5180491795225252,0.0,1.8186882812052214,0.0,6.29772127100171,-0.5658503568569784,19.59702222637438
-0.881507428683909,0.0,0.5169137933165113,0.0,1.8193669413191662,0.0,6.297732995783372,-0.5671303568569797,19.498501963013904
-0.8821808639572727,0.0,0.515775035119808,0.0,1.820045596002398,0.0,6.297744710932646,-0.5684103568569783,19.400100391460267
-0.8828542959348838,0.0,0.5146328825583252,0.0,1.820724245257827,0.0,6.297756416460788,-0.5696903568569773,19.301817671373662
-0.8835277246179726,0.0,0.5134873129918778,0.0,1.8214028890883616,0.0,6.297768112379024,-0.5709703568569786,19.203653962835347
-0.8842011500077634,0.0,0.5123383035097263,0.0,1.822081527496904,0.0,6.297779798698561,-0.5722503568569777,19.105609426352682
-0.8848745721054856,0.0,0.5111858309259913,0.0,1.8227601604863581,0.0,6.297791475430605,-0.5735303568569776,19.007684222837973
-0.8855479909123646,0.0,0.5100298717750006,0.0,1.8234387880596223,0.0,6.297803142586333,-0.5748103568569776,18.90987851363117
-0.8862214064296267,0.0,0.5088704023065087,0.0,1.8241174102195934,0.0,6.297814800176902,-0.576090356856978,18.812192460472186
-0.8868948186584945,0.0,0.5077073984808287,0.0,1.8247960269691643,0.0,6.2978264482134625,-0.5773703568569779,18.71462622551149
-0.8875682276001927,0.0,0.5065408359638406,0.0,1.825474638311226,0.0,6.297838086707146,-0.5786503568569787,18.617179971310573
-0.8882416332559451,0.0,0.5053706901218954,0.0,1.8261532442486672,0.0,6.297849715669054,-0.5799303568569782,18.5198538608362
-0.8889150356269725,0.0,0.5041969360166153,0.0,1.8268318447843725,0.0,6.297861335110292,-0.5812103568569773,18.42264805744258
-0.8895884347144976,0.0,0.5030195483995542,0.0,1.8275104399212256,0.0,6.2978729450419335,-0.5824903568569777,18.32556272489331
-0.8902618305197407,0.0,0.5018385017067557,0.0,1.8281890296621066,0.0,6.297884545475035,-0.5837703568569785,18.228598027324107
-0.8909352230439219,0.0,0.5006537700531845,0.0,1.8288676140098916,0.0,6.2978961364206505,-0.585050356856978,18.131754129289025
-0.8916086122882605,0.0,0.4994653272270194,0.0,1.8295461929674564,0.0,6.297907717889806,-0.5863303568569784,18.03503119569638
-0.8922819982539736,0.0,0.4982731466838293,0.0,1.830224766537672,0.0,6.297919289893504,-0.5876103568569784,17.938429391835626
-0.8929553809422793,0.0,0.497077201540606,0.0,1.8309033347234076,0.0,6.2979308524427475,-0.5888903568569779,17.841948883395457
-0.893628760354395,0.0,0.495877464569657,0.0,1.83158189752753,0.0,6.297942405548516,-0.5901703568569769,17.745589836403745
-0.8943021364915363,0.0,0.4946739081923649,0.0,1.8322604549529031,0.0,6.297953949221766,-0.5914503568569778,17.649352417266496
-0.8949755093549201,0.0,0.4934665044727889,0.0,1.832939007002388,0.0,6.297965483473441,-0.5927303568569768,17.553236792753232
-0.8956488789457575,0.0,0.4922552251111324,0.0,1.8336175536788424,0.0,6.297977008314478,-0.5940103568569777,17.457243129965494
-0.8963222452652654,0.0,0.4910400414370244,0.0,1.8342960949851228,0.0,6.297988523755783,-0.5952903568569767,17.361371596363938
-0.8969956083146553,0.0,0.4898209244026791,0.0,1.8349746309240822,0.0,6.298000029808247,-0.5965703568569776,17.265622359745645
-0.8976689680951385,0.0,0.4885978445758661,0.0,1.8356531614985698,0.0,6.2980115264827585,-0.5978503568569771,17.169995588234627
-0.8983423246079276,0.0,0.4873707721327114,0.0,1.8363316867114345,0.0,6.298023013790176,-0.5991303568569779,17.07449145027738
-0.8990156778542352,0.0,0.4861396768503371,0.0,1.8370102065655216,0.0,6.298034491741343,-0.6004103568569774,16.979110114652926
-0.899689027835266,0.0,0.48490452809932505,0.0,1.8376887210636712,0.0,6.298045960347092,-0.6016903568569778,16.88385175041833
-0.900362374552234,0.0,0.4836652948359566,0.0,1.838367230208725,0.0,6.298057419618243,-0.6029703568569778,16.788716526957245
-0.901035718006346,0.0,0.48242194559431806,0.0,1.8390457340035198,0.0,6.29806886956558,-0.6042503568569768,16.69370461392429
-0.9017090581988084,0.0,0.48117444847817464,0.0,1.8397242324508891,0.0,6.298080310199895,-0.6055303568569763,16.59881618126841
-0.9023823951308302,0.0,0.47992277115264037,0.0,1.840402725553666,0.0,6.298091741531952,-0.6068103568569772,16.504051399192683
-0.9030557288036163,0.0,0.47866688083566344,0.0,1.8410812133146781,0.0,6.298103163572497,-0.6080903568569767,16.4094104381734
-0.9037290592183719,0.0,0.4774067442892719,0.0,1.8417596957367526,0.0,6.298114576332264,-0.6093703568569775,16.314893468928602
-0.9044023863763008,0.0,0.4761423278106132,0.0,1.8424381728227126,0.0,6.298125979821966,-0.6106503568569766,16.220500662412746
-0.9050757102786081,0.0,0.4748735972227588,0.0,1.8431166445753797,0.0,6.29813737405231,-0.611930356856976,16.126232189808835
-0.9057490309264966,0.0,0.47360051786527363,0.0,1.8437951109975728,0.0,6.298148759033976,-0.6132103568569773,16.03208822250485
-0.9064223483211685,0.0,0.47232305458454626,0.0,1.8444735720921066,0.0,6.2981601347776355,-0.6144903568569764,15.938068932096252
-0.9070956624638244,0.0,0.47104117172386484,0.0,1.845152027861795,0.0,6.298171501293941,-0.6157703568569768,15.844174490356686
-0.9077689733556654,0.0,0.46975483311323124,0.0,1.8458304783094484,0.0,6.298182858593523,-0.6170503568569763,15.750405069232837
-0.9084422809978928,0.0,0.4684640020589161,0.0,1.8465089234378753,0.0,6.298194206687009,-0.6183303568569767,15.656760840821434
-0.9091155853917049,0.0,0.46716864133273456,0.0,1.8471873632498803,0.0,6.298205545585003,-0.6196103568569757,15.563241977364225
-0.9097888865382984,0.0,0.46586871316103673,0.0,1.847865797748266,0.0,6.298216875298088,-0.6208903568569761,15.469848651215372
-0.9104621844388744,0.0,0.46456417921339427,0.0,1.8485442269358336,0.0,6.298228195836846,-0.6221703568569756,15.376581034845836
-0.911135479094628,0.0,0.46325500059101027,0.0,1.8492226508153804,0.0,6.298239507211826,-0.6234503568569756,15.283439300795221
-0.9118087705067557,0.0,0.46194113781478924,0.0,1.8499010693897004,0.0,6.298250809433575,-0.624730356856976,15.190423621693622
-0.9124820586764528,0.0,0.4606225508130901,0.0,1.8505794826615867,0.0,6.298262102512613,-0.6260103568569759,15.097534170192043
-0.9131553436049139,0.0,0.45929919890915333,0.0,1.8512578906338286,0.0,6.29827338645945,-0.6272903568569759,15.004771118981317
-0.9138286252933334,0.0,0.45797104080817,0.0,1.8519362933092136,0.0,6.2982846612845895,-0.6285703568569758,14.912134640752509
-0.9145019037429029,0.0,0.4566380345840043,0.0,1.8526146906905252,0.0,6.2982959269985015,-0.6298503568569753,14.819624908182215
-0.9151751789548188,0.0,0.45530013766552496,0.0,1.8532930827805478,0.0,6.2983071836116515,-0.6311303568569762,14.727242093894585
-0.9158484509302686,0.0,0.45395730682259683,0.0,1.853971469582058,0.0,6.298318431134487,-0.6324103568569757,14.634986370456627
-0.916521719670445,0.0,0.4526094981516169,0.0,1.8546498510978338,0.0,6.298329669577438,-0.6336903568569752,14.542857910323452
-0.9171949851765393,0.0,0.4512566670606906,0.0,1.8553282273306502,0.0,6.298340898950925,-0.634970356856976,14.450856885840462
-0.9178682474497377,0.0,0.4498987682543689,0.0,1.8560065982832767,0.0,6.2983521192653384,-0.6362503568569751,14.358983469208424
-0.9185415064912332,0.0,0.4485357557179234,0.0,1.8566849639584848,0.0,6.2983633305310756,-0.6375303568569755,14.267237832432993
-0.9192147623022104,0.0,0.4471675827012094,0.0,1.8573633243590397,0.0,6.2983745327584995,-0.6388103568569763,14.175620147313811
-0.919888014883857,0.0,0.44579420170202194,0.0,1.8580416794877046,0.0,6.298385725957966,-0.6400903568569749,14.084130585408555
-0.920561264237361,0.0,0.4444155644489765,0.0,1.8587200293472426,0.0,6.298396910139814,-0.6413703568569757,13.992769317989218
-0.9212345103639075,0.0,0.4430316218838949,0.0,1.8593983739404119,0.0,6.298408085314363,-0.6426503568569761,13.901536516024663
-0.9219077532646813,0.0,0.44164232414365306,0.0,1.8600767132699685,0.0,6.298419251491928,-0.6439303568569761,13.810432350122213
-0.922580992940866,0.0,0.44024762054149297,0.0,1.8607550473386658,0.0,6.298430408682792,-0.6452103568569756,13.719456990502177
-0.9232542293936477,0.0,0.43884745954776483,0.0,1.8614333761492563,0.0,6.298441556897244,-0.646490356856976,13.628610606952638
-0.9239274626242044,0.0,0.43744178877010675,0.0,1.8621116997044864,0.0,6.298452696145539,-0.647770356856975,13.537893368778857
-0.9246006926337224,0.0,0.4360305549329791,0.0,1.8627900180071044,0.0,6.298463826437925,-0.649050356856975,13.447305444797042
-0.925273919423381,0.0,0.4346137038566199,0.0,1.8634683310598528,0.0,6.298474947784634,-0.6503303568569754,13.35684700322254
-0.9259471429943624,0.0,0.43319118043530636,0.0,1.864146638865473,0.0,6.298486060195882,-0.6516103568569749,13.266518211686542
-0.9266203633478443,0.0,0.4317629286149695,0.0,1.8648249414267033,0.0,6.298497163681873,-0.6528903568569748,13.176319237131123
-0.9272935804850069,0.0,0.43032889137008273,0.0,1.8655032387462798,0.0,6.2985082582527845,-0.6541703568569752,13.086250245802338
-0.9279667944070296,0.0,0.4288890106798368,0.0,1.8661815308269365,0.0,6.298519343918798,-0.6554503568569756,12.996311403167443
-0.9286400051150882,0.0,0.42744322750355584,0.0,1.8668598176714035,0.0,6.2985304206900645,-0.6567303568569756,12.906502873857864
-0.92931321261036,0.0,0.42599148175531315,0.0,1.867538099282409,0.0,6.298541488576726,-0.6580103568569751,12.816824821615352
-0.9299864168940196,0.0,0.4245337122777402,0.0,1.8682163756626788,0.0,6.298552547588907,-0.6592903568569746,12.727277409231263
-0.9306596179672467,0.0,0.42306985681496634,0.0,1.8688946468149383,0.0,6.29856359773672,-0.660570356856975,12.637860798482766
-0.9313328158312126,0.0,0.4215998519847112,0.0,1.8695729127419067,0.0,6.298574639030255,-0.6618503568569745,12.548575150042126
-0.9320060104870922,0.0,0.4201236332494106,0.0,1.8702511734463028,0.0,6.298585671479609,-0.6631303568569744,12.459420623430486
-0.9326792019360577,0.0,0.4186411348864072,0.0,1.870929428930842,0.0,6.298596695094828,-0.6644103568569739,12.370397376934957
-0.9333523901792826,0.0,0.4171522899571409,0.0,1.8716076791982381,0.0,6.29860770988598,-0.6656903568569739,12.281505567508745
-0.9340255752179385,0.0,0.4156570302752926,0.0,1.8722859242512024,0.0,6.298618715863086,-0.6669703568569743,12.192745350722385
-0.934698757053197,0.0,0.41415528637385784,0.0,1.8729641640924433,0.0,6.298629713036178,-0.6682503568569746,12.104116880659507
-0.9353719356862282,0.0,0.4126469874710798,0.0,1.8736423987246666,0.0,6.298640701415259,-0.6695303568569746,12.015620309816843
-0.9360451111181989,0.0,0.4111320614352205,0.0,1.8743206281505744,0.0,6.298651681010323,-0.6708103568569737,11.927255789021542
-0.9367182833502827,0.0,0.4096104347480738,0.0,1.8749988523728702,0.0,6.298662651831348,-0.672090356856974,11.839023467339864
-0.9373914523836439,0.0,0.4080820324672573,0.0,1.875677071394251,0.0,6.298673613888292,-0.673370356856974,11.750923491938055
-0.9380646182194509,0.0,0.406546778187114,0.0,1.8763552852174126,0.0,6.298684567191106,-0.6746503568569735,11.662956008031728
-0.9387377808588708,0.0,0.4050045939982523,0.0,1.8770334938450493,0.0,6.298695511749718,-0.6759303568569743,11.575121158713781
-0.9394109403030696,0.0,0.40345540044562866,0.0,1.877711697279852,0.0,6.298706447574056,-0.6772103568569738,11.487419084869739
-0.940084096553212,0.0,0.40189911648511534,0.0,1.878389895524509,0.0,6.298717374674015,-0.6784903568569733,11.39984992503297
-0.9407572496104628,0.0,0.4003356594384725,0.0,1.879068088581707,0.0,6.298728293059488,-0.6797703568569737,11.312413815277946
-0.9414303994759862,0.0,0.39876494494667236,0.0,1.8797462764541302,0.0,6.298739202740345,-0.6810503568569737,11.225110889047691
-0.9421035461509443,0.0,0.3971868869215075,0.0,1.8804244591444585,0.0,6.298750103726454,-0.6823303568569732,11.13794127704326
-0.9427766896364992,0.0,0.3956013974953526,0.0,1.8811026366553716,0.0,6.29876099602766,-0.683610356856974,11.050905107058751
-0.943449829933812,0.0,0.3940083869690687,0.0,1.881780808989545,0.0,6.298771879653784,-0.6848903568569731,10.96400250381672
-0.944122967044045,0.0,0.3924077637578992,0.0,1.8824589761496535,0.0,6.298782754614651,-0.6861703568569739,10.877233588815237
-0.9447961009683599,0.0,0.39079943433530984,0.0,1.8831371381383697,0.0,6.2987936209200575,-0.6874503568569734,10.790598480141782
-0.9454692317079137,0.0,0.3891833031746575,0.0,1.883815294958361,0.0,6.298804478579801,-0.6887303568569734,10.704097292294513
-0.9461423592638647,0.0,0.3875592726885614,0.0,1.8844934466122945,0.0,6.298815327603644,-0.6900103568569738,10.617730135989934
-0.9468154836373709,0.0,0.3859272431659058,0.0,1.8851715931028332,0.0,6.298826168001357,-0.6912903568569728,10.5314971179682
-0.947488604829591,0.0,0.3842871127063266,0.0,1.8858497344326408,0.0,6.298836999782672,-0.6925703568569728,10.44539834077353
-0.9481617228416809,0.0,0.3826387771521015,0.0,1.8865278706043762,0.0,6.298847822957325,-0.6938503568569732,10.359433902533128
-0.9488348376747973,0.0,0.38098213001725334,0.0,1.887206001620696,0.0,6.298858637535038,-0.6951303568569722,10.273603896727167
-0.9495079493300931,0.0,0.37931706241378244,0.0,1.8878841274842546,0.0,6.298869443525499,-0.6964103568569731,10.187908411929737
-0.9501810578087255,0.0,0.3776434629748474,0.0,1.888562248197705,0.0,6.298880240938411,-0.6976903568569739,10.102347531583352
-0.9508541631118458,0.0,0.3759612177747724,0.0,1.8892403637636952,0.0,6.298891029783436,-0.6989703568569734,10.016921333665303
-0.9515272652406082,0.0,0.374270210245677,0.0,1.8899184741848736,0.0,6.298901810070242,-0.7002503568569725,9.931629890498225
-0.9522003641961643,0.0,0.372570321090596,0.0,1.8905965794638853,0.0,6.298912581808464,-0.7015303568569733,9.846473268346532
-0.9528734599796654,0.0,0.37086142819287976,0.0,1.8912746796033715,0.0,6.298923345007742,-0.7028103568569719,9.761451527174637
-0.9535465525922646,0.0,0.36914340652166894,0.0,1.8919527746059746,0.0,6.298934099677688,-0.7040903568569727,9.676564720274083
-0.9542196420351093,0.0,0.3674161280332915,0.0,1.8926308644743302,0.0,6.298944845827909,-0.7053703568569727,9.591812893932868
-0.95489272830935,0.0,0.36567946156826975,0.0,1.8933089492110742,0.0,6.298955583467987,-0.7066503568569731,9.507196087053478
-0.9555658114161353,0.0,0.36393327274379295,0.0,1.8939870288188394,0.0,6.298966312607508,-0.7079303568569726,9.422714330775992
-0.9562388913566153,0.0,0.36217742384133284,0.0,1.894665103300258,0.0,6.298977033256014,-0.7092103568569734,9.338367648050756
-0.9569119681319346,0.0,0.3604117736892081,0.0,1.895343172657956,0.0,6.298987745423068,-0.7104903568569729,9.254156053225868
-0.9575850417432396,0.0,0.3586361775397139,0.0,1.8960212368945595,0.0,6.298998449118198,-0.7117703568569729,9.170079551574354
-0.9582581121916763,0.0,0.3568504869406102,0.0,1.8966992960126918,0.0,6.2990091443509195,-0.7130503568569728,9.086138138814162
-0.9589311794783915,0.0,0.3550545496005802,0.0,1.8973773500149747,0.0,6.299019831130751,-0.7143303568569719,9.002331800617439
-0.9596042436045277,0.0,0.3532482092483542,0.0,1.8980553989040263,0.0,6.299030509467165,-0.7156103568569727,8.918660512029197
-0.9602773045712318,0.0,0.3514313054850744,0.0,1.898733442682464,0.0,6.299041179369647,-0.7168903568569727,8.835124236961665
-0.960950362379645,0.0,0.34960367362958095,0.0,1.899411481352901,0.0,6.2990518408476595,-0.7181703568569731,8.751722927531326
-0.9616234170309071,0.0,0.34776514455611207,0.0,1.9000895149179473,0.0,6.299062493910654,-0.7194503568569721,8.668456523461462
-0.9622964685261642,0.0,0.34591554452399653,0.0,1.9007675433802143,0.0,6.299073138568069,-0.7207303568569716,8.585324951406655
-0.9629695168665551,0.0,0.34405469499890134,0.0,1.9014455667423082,0.0,6.2990837748293185,-0.722010356856972,8.502328124222629
-0.963642562053219,0.0,0.3421824124650191,0.0,1.902123585006833,0.0,6.299094402703818,-0.723290356856972,8.419465940202397
-0.9643156040872982,0.0,0.3402985082276852,0.0,1.902801598176392,0.0,6.299105022200957,-0.7245703568569728,8.336738282345651
-0.9649886429699284,0.0,0.33840278820584413,0.0,1.9034796062535833,0.0,6.299115633330119,-0.7258503568569723,8.254145017423813
-0.9656616787022503,0.0,0.33649505271363495,0.0,1.9041576092410053,0.0,6.299126236100675,-0.7271303568569714,8.171685995133233
-0.9663347112853992,0.0,0.3345750962304942,0.0,1.9048356071412529,0.0,6.299136830521973,-0.7284103568569713,8.089361047117045
-0.9670077407205128,0.0,0.3326427071589391,0.0,1.905513599956919,0.0,6.299147416603352,-0.7296903568569717,8.00716998598441
-0.9676807670087283,0.0,0.3306976675692741,0.0,1.9061915876905946,0.0,6.299157994354145,-0.7309703568569712,7.92511260416484
-0.968353790151181,0.0,0.3287397529303228,0.0,1.9068695703448677,0.0,6.299168563783664,-0.7322503568569716,7.843188672880087
-0.9690268101490024,0.0,0.32676873182524147,0.0,1.907547547922323,0.0,6.299179124901202,-0.7335303568569715,7.761397940805579
-0.9696998270033301,0.0,0.32478436565136487,0.0,1.908225520425545,0.0,6.299189677716048,-0.7348103568569715,7.679740132817764
-0.9703728407152978,0.0,0.3227864083030417,0.0,1.9089034878571154,0.0,6.299200222237475,-0.736090356856971,7.598214948670213
-0.9710458512860316,0.0,0.3207746058362186,0.0,1.9095814502196102,0.0,6.2992107584747465,-0.7373703568569714,7.516822061438181
-0.9717188587166709,0.0,0.3187486961133948,0.0,1.9102594075156092,0.0,6.299221286437102,-0.7386503568569713,7.435561115998656
-0.972391863008344,0.0,0.3167084084277444,0.0,1.9109373597476853,0.0,6.299231806133774,-0.7399303568569713,7.3544317273470865
-0.9730648641621823,0.0,0.31465346310463993,0.0,1.911615306918411,0.0,6.299242317573986,-0.7412103568569712,7.273433478809569
-0.973737862179313,0.0,0.3125835710790585,0.0,1.9122932490303546,0.0,6.299252820766939,-0.7424903568569716,7.192565920107884
-0.9744108570608665,0.0,0.3104984334469856,0.0,1.9129711860860836,0.0,6.299263315721826,-0.7437703568569711,7.1118285653523206
-0.9750838488079729,0.0,0.3083977409888701,0.0,1.9136491180881643,0.0,6.2992738024478285,-0.7450503568569715,7.0312208908839
-0.97575683742176,0.0,0.30628117366296265,0.0,1.9143270450391592,0.0,6.299284280954106,-0.746330356856971,6.950742332818269
-0.9764298229033516,0.0,0.30414840006617533,0.0,1.9150049669416274,0.0,6.29929475124982,-0.7476103568569714,6.8703922846791565
-0.9771028052538756,0.0,0.3019990768598316,0.0,1.9156828837981277,0.0,6.299305213344097,-0.7488903568569714,6.790170094597219
-0.9777757844744607,0.0,0.29983284815757555,0.0,1.9163607956112167,0.0,6.299315667246079,-0.7501703568569704,6.710075062478968
-0.9784487605662258,0.0,0.297649344872275,0.0,1.917038702383446,0.0,6.299326112964861,-0.7514503568569704,6.63010643686308
-0.9791217335302993,0.0,0.295448184018457,0.0,1.9177166041173683,0.0,6.299336550509552,-0.7527303568569703,6.550263411612953
-0.9797947033678053,0.0,0.29322896796666253,0.0,1.9183945008155332,0.0,6.299346979889239,-0.7540103568569707,6.470545122309204
-0.9804676700798651,0.0,0.2909912836454842,0.0,1.9190723924804864,0.0,6.2993574011129905,-0.7552903568569707,6.39095064236027
-0.9811406336676011,0.0,0.2887347016867528,0.0,1.9197502791147723,0.0,6.299367814189876,-0.7565703568569715,6.311478978825241
-0.9818135941321348,0.0,0.28645877550886484,0.0,1.9204281607209328,0.0,6.2993782191289265,-0.7578503568569706,6.232129067930709
-0.9824865514745893,0.0,0.2841630403326754,0.0,1.9211060373015096,0.0,6.299388615939187,-0.759130356856971,6.152899770114829
-0.9831595056960811,0.0,0.2818470121238172,0.0,1.921783908859038,0.0,6.299399004629679,-0.7604103568569709,6.073789864855276
-0.9838324567977315,0.0,0.27951018645450587,0.0,1.9224617753960547,0.0,6.299409385209407,-0.7616903568569708,5.994798044855539
-0.9845054047806608,0.0,0.27715203727736,0.0,1.923139636915093,0.0,6.2994197576873665,-0.7629703568569699,5.915922909886243
-0.9851783496459832,0.0,0.2747720156026762,0.0,1.9238174934186818,0.0,6.299430122072539,-0.7642503568569703,5.837162960029241
-0.9858512913948194,0.0,0.2723695480696568,0.0,1.924495344909352,0.0,6.299440478373897,-0.7655303568569698,5.758516588343438
-0.9865242300282849,0.0,0.2699440354011774,0.0,1.925173191389629,0.0,6.299450826600386,-0.7668103568569706,5.679982072951738
-0.9871971655474986,0.0,0.26749485073006607,0.0,1.925851032862038,0.0,6.2994611667609615,-0.7680903568569706,5.60155756826944
-0.9878700979535721,0.0,0.26502133778376136,0.0,1.9265288693290992,0.0,6.2994714988645475,-0.769370356856971,5.5232410955117714
-0.9885430272476207,0.0,0.2625228089122604,0.0,1.9272067007933325,0.0,6.299481822920063,-0.7706503568569705,5.445030532424388
-0.9892159534307602,0.0,0.2599985429426264,0.0,1.9278845272572562,0.0,6.29949213893641,-0.7719303568569704,5.366923601773218
-0.9898888765041033,0.0,0.25744778284097797,0.0,1.928562348723385,0.0,6.299502446922485,-0.7732103568569699,5.288917859001581
-0.9905617964687626,0.0,0.25486973316037426,0.0,1.929240165194232,0.0,6.299512746887165,-0.7744903568569703,5.211010678483969
-0.9912347133258499,0.0,0.25226355725018623,0.0,1.9299179766723074,0.0,6.299523038839316,-0.7757703568569698,5.1331992384928045
-0.9919076270764773,0.0,0.24962837419908193,0.0,1.9305957831601204,0.0,6.2995333227877905,-0.7770503568569707,5.055480504591822
-0.992580537721754,0.0,0.24696325547988782,0.0,1.9312735846601763,0.0,6.299543598741429,-0.7783303568569697,4.977851211316837
-0.9932534452627935,0.0,0.2442672212599494,0.0,1.9319513811749809,0.0,6.299553866709063,-0.7796103568569701,4.900307841895369
-0.9939263497006978,0.0,0.24153923633538998,0.0,1.9326291727070326,0.0,6.299564126699503,-0.7808903568569701,4.822846605741917
-0.9945992510365838,0.0,0.2387782056411025,0.0,1.9333069592588343,0.0,6.299574378721557,-0.7821703568569691,4.745463413576015
-0.9952721492715564,0.0,0.2359829692813726,0.0,1.9339847408328832,0.0,6.299584622784013,-0.78345035685697,4.6681538495054316
-0.9959450444067212,0.0,0.23315229701673257,0.0,1.9346625174316723,0.0,6.299594858895644,-0.7847303568569699,4.590913140026496
-0.9966179364431865,0.0,0.23028488213262827,0.0,1.935340289057696,0.0,6.299605087065223,-0.7860103568569694,4.513736119419371
-0.997290825382058,0.0,0.2273793346030182,0.0,1.936018055713445,0.0,6.299615307301501,-0.7872903568569694,4.436617190702135
-0.9979637112244413,0.0,0.2244341734470689,0.0,1.9366958174014077,0.0,6.299625519613217,-0.7885703568569697,4.359550281891315
-0.998636593971441,0.0,0.22144781815944967,0.0,1.9373735741240705,0.0,6.299635724009093,-0.7898503568569692,4.282528796722798
-0.9993094736241606,0.0,0.2184185790730985,0.0,1.9380513258839176,0.0,6.299645920497845,-0.7911303568569692,4.205545558774496
-0.9999823501837047,0.0,0.21534464648725496,0.0,1.9387290726834314,0.0,6.299656109088178,-0.7924103568569691,4.128592748185792
-1.0006552236511734,0.0,0.2122240783616937,0.0,1.9394068145250902,0.0,6.299666289788791,-0.7936903568569682,4.051661829587862
-1.0013280940276714,0.0,0.20905478633891136,0.0,1.9400845514113736,0.0,6.29967646260835,-0.7949703568569699,3.9747434698046478
-1.002000961314298,0.0,0.2058345198079891,0.0,1.9407622833447553,0.0,6.299686627555524,-0.7962503568569694,3.8978274435461215
-1.002673825512155,0.0,0.2025608476637183,0.0,1.9414400103277099,0.0,6.299696784638961,-0.7975303568569694,3.8209025248117596
-1.0033466866223415,0.0,0.19923113734009876,0.0,1.942117732362707,0.0,6.299706933867308,-0.7988103568569689,3.743956361443976
-1.004019544645959,0.0,0.19584253060296228,0.0,1.9427954494522173,0.0,6.299717075249192,-0.8000903568569684,3.6669753295370446
-1.0046923995841028,0.0,0.19239191546765025,0.0,1.9434731615987058,0.0,6.2997272087932314,-0.8013703568569683,3.5899443636264468
-1.0053652514378733,0.0,0.1888758934551235,0.0,1.944150868804638,0.0,6.299737334508022,-0.8026503568569683,3.512846757655955
-1.0060381002083676,0.0,0.18529074120440286,0.0,1.9448285710724762,0.0,6.299747452402156,-0.8039303568569678,3.4356639305159797
-1.006710945896685,0.0,0.18163236520439865,0.0,1.945506268404682,0.0,6.299757562484216,-0.8052103568569677,3.3583751479798734
-1.0073837885039114,0.0,0.17789624807484566,0.0,1.9461839608037086,0.0,6.299767664762771,-0.8064903568569672,3.2809571912574587
-1.008056628031154,0.0,0.17407738438338027,0.0,1.9468616482720174,0.0,6.299777759246374,-0.8077703568569672,3.203383958921143
-1.0087294644795035,0.0,0.1701702033944654,0.0,1.9475393308120603,0.0,6.299787845943564,-0.8090503568569676,3.1256259853759714
-1.0094022978500505,0.0,0.16616847534169543,0.0,1.9482170084262866,0.0,6.299797924862877,-0.8103303568569658,3.0476498537847414
-1.0100751281438936,0.0,0.16206519671280262,0.0,1.948894681117149,0.0,6.299807996012827,-0.8116103568569653,2.9694174741128414
-1.010747955362122,0.0,0.15785244849999958,0.0,1.9495723488870924,0.0,6.29981805940193,-0.8128903568569639,2.890885186636784
-1.01142077950583,0.0,0.15352121919341086,0.0,1.9502500117385624,0.0,6.299828115038671,-0.814170356856962,2.81200263719945
-1.0120936005761116,0.0,0.14906118116633932,0.0,1.950927669674003,0.0,6.29983816293155,-0.8154503568569611,2.732711349651936
-1.0127664185740568,0.0,0.1444604045102232,0.0,1.9516053226958525,0.0,6.299848203089052,-0.8167303568569593,2.652942890259613
-1.0134392335007605,0.0,0.13970498550113764,0.0,1.9522829708065494,0.0,6.299858235519651,-0.8180103568569579,2.5726164737133614
-1.0141120453573211,0.0,0.134778556336444,0.0,1.952960614008529,0.0,6.299868260231842,-0.8192903568569574,2.491635789453246
-1.0147848541448337,0.0,0.12966162618005622,0.0,1.9536382523042173,0.0,6.299878277234174,-0.8205703568569618,2.4098847166772073
-1.0154576598644245,0.0,0.12433067662505475,0.0,1.9543158856960399,0.0,6.299888286535282,-0.8218503568569773,2.3272214158194005
-1.0161304625172451,0.0,0.11875688947169856,0.0,1.954993514186402,0.0,6.299898288144094,-0.8231303568570278,2.2434699812002785
-1.0168032621045477,0.0,0.11290430573886404,0.0,1.9556711377776759,0.0,6.299908282070243,-0.8244103568571708,2.1584083082555683
-1.0174760586278386,0.0,0.10672707028952023,0.0,1.9563487564721358,0.0,6.299918268325374,-0.8256903568575718,2.0717498546976705
-1.0181488520894137,0.0,0.10016513686707769,0.0,1.9570263702717805,0.0,6.299928246927157,-0.8269703568587601,1.9831150858904132
-1.0188216424798278,0.0,0.09313722981057779,0.0,1.957703979182719,0.0,6.299938217803865,-0.8282503568569677,1.8919844868620352
-1.0194944298142161,0.0,0.08552855878776885,0.0,1.9583815832024616,0.0,6.299948181070375,-0.8295303568569681,1.797616153038335
-1.020167214088218,0.0,0.07716752566643043,0.0,1.9590591823353232,0.0,6.299958136693856,-0.8308103568569676,1.6988889302346772
-1.0208399953029192,0.0,0.06777626084271451,0.0,1.9597367765837206,0.0,6.299968084682628,-0.832090356856968,1.5939677954677265
-1.021512773459416,0.0,0.05684644163792927,0.0,1.9604143659500628,0.0,6.299978025045113,-0.8333703568569768,1.4794600870763333
-1.0221855485587457,0.0,0.04322633695039368,0.0,1.9610919504367732,0.0,6.299987957789297,-0.834650356856967,1.3475965990780092
-1.0228583206020332,0.0,0.022463668026236856,0.0,1.9617695300462488,0.0,6.299997882923787,-0.8359303568569674,1.16799459676972
-1.0240708740849396,0.0,3.488216894973967e-19,0.0,1.962252649759125,0.0,6.3042915042830545,-0.8372103568569678,1.1555447084424675
