x,y,z,xdot,ydot,zdot,Period,JC,Stability
1.1554873273746946,0.0,0.009034758565125686,0.0,0.00015299397072445587,0.0,3.5180426974916306,3.171899985101704,1980.8367752334846
1.155479845959802,0.0,0.009206532346530417,0.0,0.00015886903926519487,0.0,3.5180568743659273,3.171889985101706,1980.6665499413803
1.1554723644541112,0.0,0.009375157364227744,0.0,0.00016474419633904643,0.0,3.5180710526815497,3.1718799851017057,1980.4963357799097
1.1554648828576213,0.0,0.009540800574367233,0.0,0.00017061944195045076,0.0,3.518085232438811,3.1718699851017056,1980.3261327491819
1.1554574011703298,0.0,0.009703614678887503,0.0,0.00017649477610152674,0.0,3.5180994136378514,3.171859985101706,1980.1559408496746
1.155449919392234,0.0,0.009863739773272642,0.0,0.0001823701987967353,0.0,3.5181135962788237,3.1718499851017055,1979.9857600800265
1.155442437523332,0.0,0.01002130475719516,0.0,0.00018824571003892246,0.0,3.518127780361871,3.1718399851017045,1979.8155904415555
1.1554349555636223,0.0,0.010176428548486906,0.0,0.00019412130982994304,0.0,3.5181419658871342,3.1718299851017058,1979.6454319327058
1.155427473513102,0.0,0.010329221132989341,0.0,0.00019999699817478518,0.0,3.518156152854765,3.171819985101705,1979.4752845525672
1.1554199913717689,0.0,0.01047978447644669,0.0,0.00020587277507532097,0.0,3.5181703412649066,3.171809985101705,1979.3051483028041
1.155412509139621,0.0,0.010628213320181904,0.0,0.00021174864053515312,0.0,3.5181845311177047,3.171799985101706,1979.1350231815754
1.1554050268166556,0.0,0.010774595878063415,0.0,0.00021762459455848846,0.0,3.518198722413308,3.1717899851017046,1978.9649091881768
1.1553975444028712,0.0,0.01091901444921397,0.0,0.0002235006371468445,0.0,3.518212915151859,3.1717799851017046,1978.7948063239116
1.1553900618982655,0.0,0.01106154595888966,0.0,0.00022937676830382238,0.0,3.518227109333501,3.171769985101705,1978.6247145867605
1.1553825793028358,0.0,0.011202262437214451,0.0,0.0002352529880334146,0.0,3.518241304958387,3.1717599851017044,1978.4546339774872
1.1553750966165803,0.0,0.011341231444522575,0.0,0.00024112929633825556,0.0,3.5182555020266584,3.171749985101704,1978.2845644953045
1.1553676138394975,0.0,0.01147851645028331,0.0,0.000247005693220908,0.0,3.51826970053846,3.171739985101705,1978.1145061395848
1.155360130971583,0.0,0.011614177171803103,0.0,0.0002528821786863739,0.0,3.5182839004939415,3.171729985101704,1977.9444589105192
1.155352648012837,0.0,0.011748269877486353,0.0,0.00025875875273553996,0.0,3.5182981018932438,3.171719985101704,1977.7744228079548
1.1553451649632567,0.0,0.01188084765956491,0.0,0.0002646354153729996,0.0,3.5183123047365172,3.1717099851017045,1977.604397830586
1.155337681822839,0.0,0.012011960679508346,0.0,0.0002705121666021179,0.0,3.5183265090239075,3.1716999851017045,1977.4343839786125
1.1553301985915825,0.0,0.012141656389634633,0.0,0.0002763890064249137,0.0,3.518340714755557,3.171689985101704,1977.2643812516208
1.1553227152694847,0.0,0.012269979733675978,0.0,0.00028226593484522344,0.0,3.5183549219316133,3.1716799851017043,1977.094389649868
1.1553152318565434,0.0,0.012396973328601133,0.0,0.00028814295186620816,0.0,3.5183691305522222,3.171669985101704,1976.9244091721653
1.1553077483527565,0.0,0.012522677629835015,0.0,0.0002940200574914383,0.0,3.5183833406175347,3.1716599851017047,1976.7544398185405
1.1553002647581219,0.0,0.012647131081723323,0.0,0.0002998972517234222,0.0,3.5183975521276887,3.1716499851017037,1976.584481588849
1.1552927810726374,0.0,0.01277037025476427,0.0,0.00030577453456559153,0.0,3.518411765082835,3.1716399851017036,1976.4145344821986
1.1552852972963006,0.0,0.012892429971048742,0.0,0.0003116519060210928,0.0,3.518425979483118,3.171629985101705,1976.2445984985998
1.1552778134291093,0.0,0.013013343419109051,0.0,0.000317529366093633,0.0,3.5184401953286852,3.171619985101704,1976.0746736375218
1.1552703294710616,0.0,0.013133142259208462,0.0,0.0003234069147854712,0.0,3.518454412619681,3.1716099851017043,1975.9047598989032
1.155262845422155,0.0,0.01325185672011886,0.0,0.00032928455210045915,0.0,3.518468631356253,3.1715999851017047,1975.7348572825158
1.1552553612823873,0.0,0.013369515688117893,0.0,0.0003351622780414399,0.0,3.5184828515385456,3.1715899851017038,1975.5649657872527
1.1552478770517562,0.0,0.013486146789004786,0.0,0.00034104009261203867,0.0,3.5184970731667065,3.1715799851017032,1975.3950854133534
1.1552403927302608,0.0,0.01360177646379031,0.0,0.00034691799581496345,0.0,3.518511296240883,3.1715699851017036,1975.2252161598003
1.155232908317897,0.0,0.013716430038654298,0.0,0.0003527959876529242,0.0,3.5185255207612154,3.1715599851017036,1975.055358028052
1.155225423814664,0.0,0.013830131789637533,0.0,0.00035867406812968165,0.0,3.5185397467278543,3.1715499851017035,1974.8855110160177
1.1552179392205588,0.0,0.013942905002645474,0.0,0.0003645522372487275,0.0,3.5185539741409464,3.171539985101704,1974.7156751234395
1.1552104545355795,0.0,0.014054772029052639,0.0,0.00037043049501319384,0.0,3.5185682030006373,3.1715299851017034,1974.5458503506475
1.1552029697597237,0.0,0.014165754337390084,0.0,0.0003763088414254247,0.0,3.5185824333070714,3.1715199851017033,1974.3760366977986
1.1551954848929897,0.0,0.01427587256143266,0.0,0.0003821872764893332,0.0,3.5185966650603975,3.1715099851017032,1974.2062341630176
1.1551879999353747,0.0,0.014385146544918606,0.0,0.00038806580020822975,0.0,3.518610898260761,3.171499985101703,1974.0364427469892
1.1551805148868772,0.0,0.01449359538326231,0.0,0.00039394441258429113,0.0,3.518625132908306,3.1714899851017035,1973.8666624493435
1.1551730297474945,0.0,0.014601237462523158,0.0,0.00039982311362212917,0.0,3.518639369003183,3.171479985101703,1973.696893269076
1.1551655445172249,0.0,0.014708090495679156,0.0,0.00040570190332338285,0.0,3.5186536065455334,3.1714699851017034,1973.5271352062507
1.1551580591960655,0.0,0.014814171556722126,0.0,0.000411580781692806,0.0,3.518667845535509,3.1714599851017033,1973.3573882604915
1.1551505737840142,0.0,0.014919497112389204,0.0,0.00041745974873248244,0.0,3.5186820859732517,3.171449985101703,1973.1876524317568
1.1551430882810692,0.0,0.015024083052021919,0.0,0.00042333880444561504,0.0,3.518696327858908,3.171439985101703,1973.0179277200682
1.1551356026872284,0.0,0.015127944715519086,0.0,0.0004292179488357185,0.0,3.5187105711926256,3.1714299851017027,1972.8482141237298
1.1551281170024899,0.0,0.015231096919554458,0.0,0.00043509718190577035,0.0,3.5187248159745512,3.171419985101703,1972.6785116431106
1.1551206312268498,0.0,0.015333553982261588,0.0,0.00044097650365932615,0.0,3.51873906220483,3.1714099851017026,1972.508820278078
1.155113145360308,0.0,0.015435329746357335,0.0,0.0004468559140992797,0.0,3.5187533098836115,3.1713999851017025,1972.3391400279677
1.1551056594028613,0.0,0.015536437601005886,0.0,0.00045273541322846995,0.0,3.518767559011037,3.1713899851017024,1972.1694708928958
1.1550981733545078,0.0,0.015636890502320644,0.0,0.00045861500105075887,0.0,3.518781809587258,3.171379985101703,1971.999812871734
1.1550906872152444,0.0,0.015736700992743668,0.0,0.00046449467756868066,0.0,3.5187960616124143,3.1713699851017023,1971.830165965376
1.1550832009850704,0.0,0.015835881219290634,0.0,0.0004703744427861918,0.0,3.5188103150866623,3.1713599851017023,1971.6605301719387
1.1550757146639596,0.0,0.01593444296253351,0.0,0.00047625429661180354,0.0,3.5188245699431135,3.171349985100511,1971.490904311746
1.1550607417490582,0.0,0.016129756209912947,0.0,0.00048801427066367007,0.0,3.5188530842053773,3.171329985101702,1971.151689471179
1.1550457684704534,0.0,0.016322727954064524,0.0,0.0004997745994690425,0.0,3.5188816041993043,3.171309985101702,1970.8125178995379
1.1550307948281504,0.0,0.016513440270758493,0.0,0.0005115352831474134,0.0,3.518910129993093,3.1712899851017013,1970.4733907737295
1.1550158208221326,0.0,0.01670197055863087,0.0,0.0005232963217228215,0.0,3.5189386615879124,3.171269985101702,1970.1343080923243
1.1550008464523818,0.0,0.01688839189411815,0.0,0.0005350577152219914,0.0,3.51896719898494,3.171249985101701,1969.7952698517834
1.1549858717188808,0.0,0.017072773361983845,0.0,0.0005468194636700884,0.0,3.5189957421853473,3.171229985101701,1969.456276049049
1.1549708966216126,0.0,0.017255180354093923,0.0,0.0005585815670917147,0.0,3.5190242911903074,3.171209985101701,1969.117326681396
1.154955921160559,0.0,0.017435674840033805,0.0,0.0005703440255122895,0.0,3.519052846000991,3.1711899851017016,1968.778421747592
1.1549409453357016,0.0,0.017614315612749214,0.0,0.0005821068389587877,0.0,3.5190814066185805,3.1711699851017,1968.439561242959
1.1549259691470253,0.0,0.017791158511912715,0.0,0.00059387000745476,0.0,3.5191099730442414,3.1711499851017004,1968.1007451654916
1.1549109925945118,0.0,0.017966256627612386,0.0,0.0006056335310262508,0.0,3.519138545279154,3.171129985101701,1967.761973512373
1.1548960156781423,0.0,0.01813966048622701,0.0,0.0006173974096988159,0.0,3.5191671233244914,3.1711099851017,1967.4232462805826
1.1548810383979011,0.0,0.018311418220463442,0.0,0.0006291616434969925,0.0,3.519195707181424,3.1710899851017005,1967.0845634685916
1.15486606075377,0.0,0.018481575725221595,0.0,0.0006409262324471624,0.0,3.5192242968511347,3.1710699851017004,1966.745925071902
1.1548510827457308,0.0,0.0186501768005795,0.0,0.000652691176574149,0.0,3.5192528923347943,3.1710499851017,1966.4073310889767
1.1548361043737672,0.0,0.018817263283270918,0.0,0.0006644564759034264,0.0,3.5192814936335792,3.1710299851017,1966.0687815162296
1.1548211256378613,0.0,0.01898287516775235,0.0,0.0006762221304603367,0.0,3.5193101007486676,3.1710099851017004,1965.7302763513212
1.1548061465379957,0.0,0.019147050717821537,0.0,0.0006879881402704683,0.0,3.5193387136812335,3.1709899851017003,1965.3918155918673
1.1547911670741529,0.0,0.019309826569675843,0.0,0.0006997545053585228,0.0,3.5193673324324535,3.1709699851016993,1965.053399234305
1.1547761872463156,0.0,0.019471237827240095,0.0,0.000711521225750559,0.0,3.5193959570035074,3.1709499851016996,1964.7150272770205
1.1547612070544662,0.0,0.019631318150423006,0.0,0.0007232883014711469,0.0,3.5194245873955667,3.1709299851016994,1964.3766997165062
1.1547462264985873,0.0,0.019790099836933105,0.0,0.0007350557325472482,0.0,3.5194532236098173,3.170909985101699,1964.0384165489963
1.1547312455786618,0.0,0.0199476138982252,0.0,0.000746823519002041,0.0,3.519481865647428,3.170889985101699,1963.7001777732935
1.154716264294672,0.0,0.020103890130124445,0.0,0.0007585916608618021,0.0,3.5195105135095814,3.1708699851016995,1963.3619833865341
1.1547012826466,0.0,0.020258957178509812,0.0,0.000770360158152677,0.0,3.5195391671974554,3.1708499851016985,1963.0238333850766
1.1546863006344301,0.0,0.020412842600480784,0.0,0.0007821290108988748,0.0,3.519567826712228,3.170829985101699,1962.685727766419
1.1546713182581425,0.0,0.020565572921479053,0.0,0.0007938982191264636,0.0,3.519596492055078,3.170809985101698,1962.3476665290016
1.1546563355177217,0.0,0.020717173688527605,0.0,0.000805667782860196,0.0,3.5196251632271847,3.1707899851016985,1962.0096496680035
1.1546413524131494,0.0,0.020867669520055587,0.0,0.0008174377021259271,0.0,3.5196538402297253,3.1707699851016984,1961.671677182444
1.1546263689444085,0.0,0.021017084152461958,0.0,0.0008292079769485515,0.0,3.519682523063882,3.170749985101698,1961.3337490680606
1.1546113851114816,0.0,0.021165440483745704,0.0,0.0008409786073531947,0.0,3.5197112117308307,3.1707299851016986,1960.9958653232916
1.1545964009143512,0.0,0.021312760614399007,0.0,0.0008527495933661763,0.0,3.5197399062317567,3.170709985101698,1960.6580259451066
1.154581416353,0.0,0.02145906588574743,0.0,0.0008645209350124057,0.0,3.5197686065678395,3.170689985101698,1960.320230930106
1.1545664314274102,0.0,0.021604376915981126,0.0,0.0008762926323167332,0.0,3.5197973127402546,3.1706699851016973,1959.9824802764633
1.1545514461375652,0.0,0.02174871363399312,0.0,0.0008880646853044428,0.0,3.519826024750186,3.1706499851016976,1959.644773981302
1.1545364604834474,0.0,0.02189209531123808,0.0,0.000899837094001464,0.0,3.5198547425988163,3.1706299851016975,1959.3071120407722
1.1545214744650385,0.0,0.02203454059168778,0.0,0.0009116098584324582,0.0,3.5198834662873217,3.170609985101698,1958.9694944539897
1.154506488082322,0.0,0.022176067520076864,0.0,0.0009233829786239664,0.0,3.519912195816892,3.170589985101697,1958.6319212162207
1.1544915013352808,0.0,0.022316693568513457,0.0,0.0009351564545996806,0.0,3.5199409311887013,3.170569985101697,1958.2943923259713
1.154476514223897,0.0,0.022456435661636513,0.0,0.0009469302863862518,0.0,3.5199696724039375,3.170549985101697,1957.9569077798644
1.1544615267481535,0.0,0.022595310200305203,0.0,0.0009587044740081022,0.0,3.5199984194637772,3.170529985101697,1957.6194675752538
1.154446538908033,0.0,0.022733333084031245,0.0,0.0009704790174907056,0.0,3.5200271723694074,3.1705099851016967,1957.2820717098575
1.1544315507035174,0.0,0.022870519732182504,0.0,0.000982253916859792,0.0,3.5200559311220094,3.1704899851016966,1956.9447201804428
1.1544165621345897,0.0,0.02300688510403547,0.0,0.0009940291721407743,0.0,3.5200846957227685,3.170469985101696,1956.6074129845706
1.1544015732012338,0.0,0.02314244371776212,0.0,0.0010058047833581653,0.0,3.520113466172864,3.1704499851016963,1956.2701501185297
1.1543865839034306,0.0,0.02327720966845958,0.0,0.0010175807505379384,0.0,3.520142242473483,3.1704299851016957,1955.932931580594
1.154371594241164,0.0,0.02341119664517507,0.0,0.0010293570737045631,0.0,3.5201710246258076,3.170409985101696,1955.595757368271
1.1543566042144162,0.0,0.023544417947135604,0.0,0.001041133752884312,0.0,3.520199812631023,3.170389985101696,1955.2586274780365
1.15434161382317,0.0,0.023676886499088157,0.0,0.0010529107881020424,0.0,3.5202286064903126,3.1703699851016958,1954.9215419067118
1.1543266230674072,0.0,0.023808614865909076,0.0,0.00106468817938322,0.0,3.520257406204863,3.1703499851016956,1954.5845006532568
1.154311631947112,0.0,0.023939615266482014,0.0,0.001076465926753165,0.0,3.5202862117758595,3.170329985101696,1954.2475037124914
1.1542966404622654,0.0,0.02406989958689432,0.0,0.0010882440302367056,0.0,3.5203150232044838,3.170309985101695,1953.9105510840072
1.1542816486128513,0.0,0.024199479392983683,0.0,0.00110002248985992,0.0,3.520343840491925,3.170289985101695,1953.5736427640027
1.1542666563988524,0.0,0.02432836594229227,0.0,0.001111801305647096,0.0,3.520372663639366,3.1702699851016947,1953.2367787495987
1.1542516638202511,0.0,0.02445657019546478,0.0,0.001123580477624458,0.0,3.5204014926479967,3.1702499851016945,1952.8999590376488
1.1542366708770297,0.0,0.024584102827084713,0.0,0.0011353600058166427,0.0,3.520430327518999,3.170229985101695,1952.5631836261173
1.1542216775691718,0.0,0.024710974236016637,0.0,0.0011471398902489177,0.0,3.520459168253562,3.1702099851016956,1952.2264525123358
1.1542066838965959,0.0,0.02483719456338031,0.0,0.001158920130694997,0.0,3.520488014777821,3.1701899851004205,1951.889764513552
1.1541766954576012,0.0,0.025087721183891586,0.0,0.0011824816812416397,0.0,3.5205457256504835,3.1701499851016943,1951.2165249282998
1.1541467055597194,0.0,0.025335758807742876,0.0,0.0012060446569016662,0.0,3.5206034599213316,3.170109985101695,1950.5434613085129
1.154116714202874,0.0,0.02558137982891972,0.0,0.0012296090581295446,0.0,3.520661217674922,3.170069985101695,1949.8705748126836
1.1540867213869275,0.0,0.02582465320282345,0.0,0.001253174885127707,0.0,3.520718998920762,3.170029985101695,1949.19786541848
1.1540567271117421,0.0,0.026065644663638567,0.0,0.0012767421380978157,0.0,3.5207768036683644,3.169989985101696,1948.5253331034878
1.1540267313771784,0.0,0.026304416931198272,0.0,0.001300310817242341,0.0,3.520834631927246,3.169949985101696,1947.8529778464695
1.1539967341830994,0.0,0.026541029901024867,0.0,0.0013238809227635894,0.0,3.5208924837069318,3.1699099851016963,1947.1807996240082
1.153966735529367,0.0,0.026775540819284335,0.0,0.001347452454863218,0.0,3.520950359016943,3.1698699851016965,1946.5087984152806
1.153936735415843,0.0,0.027008004444022328,0.0,0.0013710254137431724,0.0,3.5210082578668107,3.169829985101696,1945.8369741974939
1.1539067338423898,0.0,0.027238473193996488,0.0,0.001394599799604745,0.0,3.521066180266063,3.1697899851016973,1945.1653269494323
1.1538767308088698,0.0,0.027466997286287095,0.0,0.0014181756126518685,0.0,3.5211241262242514,3.169749985101696,1944.493856647372
1.1538467263151446,0.0,0.02769362486361257,0.0,0.0014417528530843474,0.0,3.521182095750906,3.1697099851016968,1943.8225632709482
1.153816720361077,0.0,0.027918402112388288,0.0,0.0014653315211052545,0.0,3.521240088855579,3.169669985101697,1943.1514467975055
1.15378671294653,0.0,0.028141373372253947,0.0,0.0014889116169156046,0.0,3.521298105547819,3.1696299851016967,1942.4805072040713
1.1537567040713652,0.0,0.02836258123785045,0.0,0.0015124931407180192,0.0,3.5213561458371845,3.1695899851016978,1941.8097444697864
1.1537266937354447,0.0,0.028582066653497006,0.0,0.0015360760927144482,0.0,3.5214142097332335,3.169549985101697,1941.1391585717556
1.1536966819386325,0.0,0.02879986900133741,0.0,0.001559660473104967,0.0,3.5214722972455257,3.169509985101698,1940.468749488867
1.1536666686807895,0.0,0.029016026183591566,0.0,0.00158324628209325,0.0,3.5215304083836316,3.1694699851016974,1939.7985171981334
1.15363665396178,0.0,0.029230574699224576,0.0,0.0016068335198797263,0.0,3.521588543157125,3.169429985101698,1939.1284616780881
1.1536066377814655,0.0,0.029443549715677295,0.0,0.0016304221866664116,0.0,3.521646701575581,3.1693899851016982,1938.4585829059042
1.1535766201397097,0.0,0.029654985135884927,0.0,0.0016540122826550507,0.0,3.5217048836485794,3.1693499851016984,1937.7888808604516
1.153546601036375,0.0,0.029864913661049142,0.0,0.001677603808047518,0.0,3.521763089385707,3.1693099851016986,1937.1193555188984
1.1535165804713243,0.0,0.03007336684945147,0.0,0.0017011967630443249,0.0,3.521821318796549,3.169269985101699,1936.4500068593943
1.153486558444421,0.0,0.030280375171619,0.0,0.0017247911478478425,0.0,3.5218795718907026,3.169229985101699,1935.7808348600483
1.1534565349555277,0.0,0.030485968062113063,0.0,0.001748386962659783,0.0,3.5219378486777657,3.169189985101699,1935.1118394980786
1.1534265100045074,0.0,0.030690173968187358,0.0,0.001771984207680666,0.0,3.5219961491673364,3.1691499851016998,1934.4430207522546
1.1533964835912232,0.0,0.030893020395549798,0.0,0.0017955828831129862,0.0,3.522054473369024,3.1691099851016995,1933.7743786001083
1.1533664557155388,0.0,0.03109453395142097,0.0,0.0018191829891569694,0.0,3.5221128212924375,3.1690699851016997,1933.1059130202125
1.1533364263773174,0.0,0.031294740385124226,0.0,0.0018427845260154106,0.0,3.522171192947195,3.1690299851016994,1932.4376239885082
1.1533063955764222,0.0,0.03149366462630248,0.0,0.0018663874938878436,0.0,3.522229588342909,3.1689899851017,1931.7695114856103
1.1532763633127163,0.0,0.03169133082101976,0.0,0.0018899918929772509,0.0,3.5222880074892093,3.1689499851017002,1931.101575487855
1.1532463295860635,0.0,0.03188776236580096,0.0,0.0019135977234832717,0.0,3.522346450395715,3.1689099851017004,1930.4338159737426
1.1532162943963271,0.0,0.032082981939837156,0.0,0.0019372049856088444,0.0,3.5224049170720684,3.1688699851017006,1929.7662329204536
1.1531862577433718,0.0,0.03227701153538389,0.0,0.0019608136795541105,0.0,3.5224634075279,3.1688299851017003,1929.098826305989
1.1531562196270595,0.0,0.0324698724865782,0.0,0.0019844238055205733,0.0,3.52252192177285,3.168789985101701,1928.431596108426
1.1531261800472548,0.0,0.03266158549666502,0.0,0.0020080353637091266,0.0,3.5225804598165635,3.168749985101701,1927.7645423068475
1.1530961390038212,0.0,0.03285217066383564,0.0,0.0020316483543210313,0.0,3.52263902166869,3.1687099851017013,1927.097664877257
1.1530660964966228,0.0,0.03304164750569411,0.0,0.002055262777557276,0.0,3.522697607338882,3.1686699851017015,1926.4309637988
1.1530360525255228,0.0,0.033230034982482635,0.0,0.0020788786336189053,0.0,3.522756216836796,3.1686299851017017,1925.7644390497064
1.1530060070903865,0.0,0.03341735151910798,0.0,0.0021024959227070833,0.0,3.522814850172098,3.1685899851017023,1925.098090606467
1.1529759601910765,0.0,0.03360361502608712,0.0,0.002126114645022364,0.0,3.5228735073544475,3.168549985101702,1924.431918447819
1.1529459118274574,0.0,0.033788842919420956,0.0,0.0021497348007663503,0.0,3.5229321883935207,3.1685099851017022,1923.7659225521074
1.1529158619993936,0.0,0.03397305213951129,0.0,0.0021733563901388357,0.0,3.522990893298989,3.168469985101703,1923.1001028969827
1.1528858107067488,0.0,0.03415625916915917,0.0,0.002196979413341434,0.0,3.5230496220805305,3.1684299851017026,1922.4344594596032
1.1528557579493874,0.0,0.03433848005068034,0.0,0.0022206038705757897,0.0,3.5231083747478347,3.1683899851017028,1921.7689922186937
1.152825703727174,0.0,0.034519730402214205,0.0,0.0022442297620410903,0.0,3.5231671513105822,3.1683499851017034,1921.1037011518542
1.1527956480399728,0.0,0.034700025433277305,0.0,0.002267857087938669,0.0,3.523225951778465,3.168309985101703,1920.4385862369345
1.152765590887648,0.0,0.034879379959570515,0.0,0.002291485848469734,0.0,3.523284776161184,3.168269985101703,1919.7736474521278
1.152735532270064,0.0,0.03505780841711179,0.0,0.0023151160438340027,0.0,3.5233436244684344,3.168229985101704,1919.1088847758954
1.1527054721870855,0.0,0.03523532487573579,0.0,0.002338747674233914,0.0,3.5234024967099287,3.168189985101703,1918.4442981849606
1.152675410638578,0.0,0.03541194305194893,0.0,0.002362380739867575,0.0,3.5234613928953658,3.1681499851017043,1917.779887657517
1.152645347624405,0.0,0.03558767632125937,0.0,0.002386015240937662,0.0,3.5235203130344668,3.168109985101704,1917.1156531714719
1.1526152831444318,0.0,0.03576253772990908,0.0,0.0024096511776438502,0.0,3.5235792571369458,3.1680699851017042,1916.4515947054997
1.1525852171985225,0.0,0.03593654000612772,0.0,0.002433288550186734,0.0,3.523638225212525,3.168029985101704,1915.7877122368059
1.1525551497865427,0.0,0.036109695570874976,0.0,0.0024569273587666815,0.0,3.5236972172709318,3.167989985101704,1915.1240057440396
1.1525250809083578,0.0,0.036282016548133615,0.0,0.0024805676035840403,0.0,3.5237562333218944,3.167949985101705,1914.460475203416
1.1524950105638312,0.0,0.03645351477476828,0.0,0.002504209284840197,0.0,3.523815273375153,3.1679099851017045,1913.7971205947467
1.15246493875283,0.0,0.03662420180993,0.0,0.002527852402733987,0.0,3.523874337440441,3.167869985101705,1913.1339418946195
1.1524348654752168,0.0,0.036794088944139276,0.0,0.0025514969574667794,0.0,3.523933425527504,3.167829985101705,1912.4709390825271
1.1524047907308594,0.0,0.036963187207901226,0.0,0.002575142949238676,0.0,3.523992537646091,3.1677899851017055,1911.8081121343412
1.152374714519621,0.0,0.037131507380056834,0.0,0.002598790378249924,0.0,3.524051673805953,3.1677499851017057,1911.1454610295405
1.1523446368413683,0.0,0.037299059995718135,0.0,0.0026224392447006706,0.0,3.5241108340168474,3.167709985101706,1910.482985745047
1.1523145576959652,0.0,0.0374658553539434,0.0,0.002646089548791391,0.0,3.5241700182885354,3.1676699851017056,1909.82068626002
1.152284477083279,0.0,0.03763190352505614,0.0,0.0026697412907216284,0.0,3.524229226630779,3.167629985101706,1909.1585625507923
1.1522543950031738,0.0,0.037797214357715166,0.0,0.0026933944706922204,0.0,3.5242884590533534,3.1675899851017064,1908.4966145959975
1.1522243114555155,0.0,0.037961797485678475,0.0,0.0027170490889022667,0.0,3.5243477155660243,3.1675499851017066,1907.8348423742677
1.1521942264399856,0.0,0.03812566234023536,0.0,0.0027407051448253518,0.0,3.524406996085048,3.1675099851002835,1907.173244772055
1.152134052005878,0.0,0.03845127389046898,0.0,0.002788021574975633,0.0,3.5245256297424588,3.1674299851017063,1905.8505798811311
1.1520738716992265,0.0,0.03877412049328106,0.0,0.0028353437605574913,0.0,3.5246443598233013,3.167349985101707,1904.5286164758395
1.152013685519141,0.0,0.03909427065225805,0.0,0.0028826717038993145,0.0,3.5247631864994915,3.167269985101707,1903.2073554703366
1.1519534934645501,0.0,0.039411790087906906,0.0,0.0029300054065992164,0.0,3.5248821098494796,3.1671899851017065,1901.886796687454
1.1518932955343835,0.0,0.03972674188821043,0.0,0.002977344870254926,0.0,3.525001129951786,3.1671099851017064,1900.5669399499534
1.1518330917275712,0.0,0.04003918665398574,0.0,0.00302469009646329,0.0,3.5251202468849985,3.1670299851017063,1899.247785081915
1.151772882043045,0.0,0.04034918263408117,0.0,0.0030720410868214703,0.0,3.5252394607277817,3.1669499851017067,1897.9293319065728
1.1517126664797364,0.0,0.040656785851272435,0.0,0.0031193978429258293,0.0,3.5253587715588632,3.1668699851017057,1896.611580246853
1.1516524450365802,0.0,0.04096205021960685,0.0,0.003166760366371514,0.0,3.5254781794570413,3.1667899851017065,1895.2945299252206
1.1515922177125093,0.0,0.04126502765393637,0.0,0.003214128658753524,0.0,3.5255976845011885,3.166709985101706,1893.9781807667305
1.1515319845064604,0.0,0.04156576817222,0.0,0.003261502721666359,0.0,3.5257172867702424,3.1666299851017055,1892.662532593046
1.15147174541737,0.0,0.041864319991202104,0.0,0.003308882556702489,0.0,3.52583698634321,3.1665499851017054,1891.3475852288902
1.1514115004441754,0.0,0.04216072961598196,0.0,0.00335626816545646,0.0,3.525956783299175,3.1664699851017057,1890.0333384953626
1.1513512495858156,0.0,0.04245504192390828,0.0,0.0034036595495200604,0.0,3.5260766777172865,3.166389985101706,1888.7197922174125
1.1512909928412294,0.0,0.04274730024329232,0.0,0.003451056710485759,0.0,3.526196669676763,3.1663099851017056,1887.4069462179327
1.1512307302093587,0.0,0.04303754642726125,0.0,0.003498459649943183,0.0,3.5263167592568903,3.166229985101705,1886.0948003196306
1.1511704616891454,0.0,0.04332582092317596,0.0,0.003545868369484311,0.0,3.5264369465370375,3.1661499851017054,1884.7833543465201
1.151110187279532,0.0,0.04361216283788152,0.0,0.0035932828706981674,0.0,3.5265572315966263,3.1660699851017053,1883.472608121474
1.1510499069794626,0.0,0.04389660999912099,0.0,0.003640703155174695,0.0,3.5266776145151635,3.1659899851017057,1882.1625614670932
1.1509896207878825,0.0,0.044179199013380736,0.0,0.003688129224502458,0.0,3.526798095372219,3.165909985101705,1880.8532142071626
1.150929328703737,0.0,0.04445996532041093,0.0,0.003735561080269025,0.0,3.52691867424743,3.165829985101704,1879.5445661649744
1.1508690307259757,0.0,0.04473894324464774,0.0,0.0037829987240615612,0.0,3.527039351220514,3.165749985101705,1878.2366171632812
1.1508087268535439,0.0,0.04501616604379092,0.0,0.0038304421574670536,0.0,3.5271601263712493,3.165669985101705,1876.9293670266336
1.150748417085393,0.0,0.04529166595464446,0.0,0.003877891382072378,0.0,3.5272809997794963,3.165589985101704,1875.6228155760612
1.150688101420474,0.0,0.0455654742364866,0.0,0.003925346399460852,0.0,3.527401971525171,3.1655099851017052,1874.3169626366237
1.1506277798577367,0.0,0.04583762121210884,0.0,0.003972807211219251,0.0,3.5275230416882737,3.1654299851017043,1873.011808029943
1.1505674523961347,0.0,0.04610813630662324,0.0,0.004020273818930259,0.0,3.527644210348867,3.165349985101704,1871.7073515813893
1.1505071190346223,0.0,0.04637704808427408,0.0,0.004067746224178125,0.0,3.5277654775870917,3.165269985101704,1870.4035931118856
1.150446779772154,0.0,0.04664438428329484,0.0,0.004115224428544972,0.0,3.52788684348315,3.1651899851017045,1869.100532445814
1.150386434607686,0.0,0.046910171848994583,0.0,0.00416270843361332,0.0,3.528008308117326,3.165109985101704,1867.7981694060124
1.1503260835401754,0.0,0.047174436965141786,0.0,0.004210198240964032,0.0,3.5281298715699654,3.165029985101704,1866.4965038152902
1.1502657265685807,0.0,0.04743720508378349,0.0,0.004257693852178179,0.0,3.52825153392149,3.164949985101704,1865.1955354974953
1.150205363691861,0.0,0.047698500953567737,0.0,0.004305195268835121,0.0,3.5283732952523885,3.1648699851017046,1863.8952642755826
1.1501449949089773,0.0,0.04795834864668098,0.0,0.004352702492515076,0.0,3.528495155643231,3.164789985101704,1862.5956899723135
1.1500846202188904,0.0,0.04821677158446604,0.0,0.004400215524795913,0.0,3.528617115174646,3.1647099851017044,1861.2968124116035
1.1500242396205633,0.0,0.048473792561811266,0.0,0.004447734367256271,0.0,3.5287391739273435,3.164629985101704,1859.9986314163689
1.149963853112961,0.0,0.048729433770369514,0.0,0.004495259021472472,0.0,3.528861331982095,3.1645499851017034,1858.701146809111
1.1499034606950476,0.0,0.04898371682069461,0.0,0.004542789489021221,0.0,3.5289835894197514,3.1644699851017033,1857.4043584138176
1.1498430623657898,0.0,0.049236662763333064,0.0,0.0045903257714787265,0.0,3.529105946321234,3.164389985101703,1856.1082660528805
1.149782658124155,0.0,0.04948829210894078,0.0,0.004637867870419634,0.0,3.529228402767534,3.1643099851017045,1854.8128695499558
1.1497222479691103,0.0,0.04973862484749731,0.0,0.0046854157874191655,0.0,3.5293509588397156,3.1642299851017026,1853.5181687281565
1.1496618318996275,0.0,0.04998768046661121,0.0,0.00473296952404954,0.0,3.529473614618907,3.164149985101704,1852.224163410785
1.1496014099146756,0.0,0.050235477969064565,0.0,0.004780529081885333,0.0,3.5295963701863236,3.164069985101703,1850.9308534200165
1.1495409820132279,0.0,0.05048203588951233,0.0,0.0048280944624973865,0.0,3.5297192256232384,3.1639899851017033,1849.6382385802601
1.1494805481942565,0.0,0.050727372310503234,0.0,0.004875665667458073,0.0,3.529842181011004,3.1639099851017036,1848.3463187140528
1.1494201084567357,0.0,0.050971504877770975,0.0,0.004923242698338204,0.0,3.5299652364310394,3.1638299851017027,1847.0550936444522
1.1493596627996427,0.0,0.05121445081486922,0.0,0.004970825556706869,0.0,3.5300883919648425,3.1637499851017026,1845.7645631941236
1.1492992112219513,0.0,0.05145622693720974,0.0,0.0050184142441342975,0.0,3.530211647693975,3.163669985101703,1844.4747271875578
1.1492387537226418,0.0,0.0516968496654568,0.0,0.005066008762188602,0.0,3.5303350037000785,3.163589985101703,1843.1855854468374
1.1491782903006922,0.0,0.05193633503841429,0.0,0.005113609112437793,0.0,3.5304584600648616,3.1635099851017032,1841.8971377949254
1.1491178209550825,0.0,0.05217469872533698,0.0,0.005161215296448638,0.0,3.530582016870105,3.1634299851017023,1840.6093840551032
1.149057345684794,0.0,0.05241195603775862,0.0,0.005208827315787897,0.0,3.5307056741976672,3.163349985101702,1839.3223240509822
1.1489968644888093,0.0,0.05264812194082443,0.0,0.005256445172020579,0.0,3.5308294321294706,3.1632699851017025,1838.0359576052997
1.1489363773661125,0.0,0.052883211064176185,0.0,0.0053040688667120315,0.0,3.5309532907475183,3.1631899851017025,1836.7502845415693
1.1488758843156883,0.0,0.05311723771239715,0.0,0.005351698401425818,0.0,3.5310772501338774,3.1631099851017024,1835.465304682056
1.1488153853365233,0.0,0.05335021587503656,0.0,0.005399333777725169,0.0,3.5312013103706947,3.163029985101703,1834.1810178499786
1.1487548804276033,0.0,0.05358215923625751,0.0,0.005446974997173768,0.0,3.531325471540191,3.1629499851017018,1832.8974238691294
1.1486943695879188,0.0,0.05381308118407734,0.0,0.005494622061331812,0.0,3.5314497337246467,3.162869985101702,1831.6145225620871
1.1486338528164586,0.0,0.05404299481929109,0.0,0.00554227497176033,0.0,3.531574097006428,3.162789985101703,1830.3323137519712
1.1485733301122123,0.0,0.05427191296402471,0.0,0.005589933730021058,0.0,3.53169856146797,3.1627099851017015,1829.0507972623068
1.148512801474175,0.0,0.05449984816995499,0.0,0.005637598337671918,0.0,3.531823127191779,3.1626299851017015,1827.7699729152255
1.1484522669013384,0.0,0.054726812726260926,0.0,0.005685268796271522,0.0,3.5319477942604336,3.1625499851017023,1826.4898405347217
1.1483917263926966,0.0,0.05495281866723865,0.0,0.005732945107378201,0.0,3.5320725627565883,3.1624699851017017,1825.2103999434937
1.148331179947247,0.0,0.055177877779645036,0.0,0.005780627272548904,0.0,3.5321974327629686,3.162389985101702,1823.931650964648
1.1482706275639853,0.0,0.055402001609782446,0.0,0.005828315293339846,0.0,3.5323224043623713,3.162309985101701,1822.6535934208262
1.1482100692419106,0.0,0.055625201470308076,0.0,0.0058760091713063005,0.0,3.5324474776376706,3.1622299851017015,1821.3762271357093
1.1481495049800219,0.0,0.055847488446813955,0.0,0.005923708908002853,0.0,3.5325726526718086,3.1621499851017014,1820.099551932338
1.1480889347773204,0.0,0.05606887340415517,0.0,0.0059714145049836135,0.0,3.5326979295478083,3.162069985101701,1818.8235676334707
1.1480283586328084,0.0,0.05628936699256474,0.0,0.006019125963801038,0.0,3.5328233083487546,3.1619899851017013,1817.5482740623443
1.1479677765454888,0.0,0.05650897965354875,0.0,0.006066843286007601,0.0,3.5329487891578135,3.161909985101701,1816.2736710416204
1.1479071885143661,0.0,0.05672772162556893,0.0,0.006114566473154691,0.0,3.533074372058226,3.1618299851017007,1814.9997583945606
1.147846594537829,0.0,0.056945602954225724,0.0,0.006162295524432331,0.0,3.533200056992235,3.161749985100045,1813.7265353444407
1.1477253887482448,0.0,0.05737882286083427,0.0,0.006257771239739427,0.0,3.5334517341410416,3.161589985101701,1811.1821609265482
1.1476041591669557,0.0,0.0578087159606563,0.0,0.006353270437235639,0.0,3.533703820849002,3.1614299851017007,1808.640544572422
1.1474829057866711,0.0,0.05823535598241198,0.0,0.006448793131655152,0.0,3.533956317926313,3.1612699851017005,1806.1016854657819
1.1473616285995039,0.0,0.05865881396513618,0.0,0.0065443393353587995,0.0,3.5342092260432896,3.1611099851017004,1803.565582190967
1.147240327597588,0.0,0.05907915838947579,0.0,0.006639909060692377,0.0,3.534462545871424,3.160949985101701,1801.0322333323145
1.1471190027730753,0.0,0.059496455305001375,0.0,0.006735502319990721,0.0,3.5347162780833963,3.1607899851016996,1798.5016374734057
1.146997654118142,0.0,0.05991076844943772,0.0,0.006831119125570851,0.0,3.5349704233530637,3.1606299851016995,1795.9737931990533
1.1468762816249836,0.0,0.06032215936053187,0.0,0.006926759489739764,0.0,3.5352249823554818,3.1604699851016997,1793.4486990925375
1.1467548852858163,0.0,0.06073068748101602,0.0,0.00702242342478725,0.0,3.5354799557668835,3.1603099851017,1790.9263537381073
1.146633465092878,0.0,0.06113641025723523,0.0,0.007118110942990086,0.0,3.5357353442646944,3.160149985101699,1788.4067557191145
1.1465120210384283,0.0,0.061539383231873655,0.0,0.007213822056610961,0.0,3.5359911485275353,3.1599899851016993,1785.8899036202597
1.1463905531147478,0.0,0.06193966013122243,0.0,0.007309556777896483,0.0,3.536247369235216,3.159829985101699,1783.375796024641
1.1462690613141382,0.0,0.06233729294736607,0.0,0.00740531511908007,0.0,3.5365040070687455,3.1596699851016994,1780.864431516776
1.1461475456289238,0.0,0.06273233201564556,0.0,0.007501097092380537,0.0,3.5367610627103288,3.1595099851016992,1778.3558086795365
1.14602600605145,0.0,0.06312482608772964,0.0,0.0075969027100006034,0.0,3.53701853684337,3.159349985101699,1775.84992609654
1.1459044425740845,0.0,0.06351482240058992,0.0,0.0076927319841284085,0.0,3.5372764301524713,3.159189985101698,1773.3467823516319
1.1457828551892169,0.0,0.06390236674166637,0.0,0.007788584926936396,0.0,3.5375347433234414,3.1590299851016983,1770.8463760290988
1.145661243889259,0.0,0.06428750351046789,0.0,0.00788446155058359,0.0,3.5377934770432957,3.158869985101698,1768.3487057112393
1.1455396086666447,0.0,0.06467027577684162,0.0,0.007980361867210402,0.0,3.5380526320002446,3.1587099851016984,1765.853769982565
1.1454179495138304,0.0,0.0650507253361442,0.0,0.008076285888945964,0.0,3.5383122088837258,3.1585499851016974,1763.3615674254165
1.1452962664232957,0.0,0.0654288927614872,0.0,0.008172233627898698,0.0,3.538572208384363,3.1583899851016977,1760.8720966239578
1.1451745593875422,0.0,0.06580481745328406,0.0,0.008268205096166003,0.0,3.538832631194014,3.158229985101697,1758.3853561608412
1.1450528283990933,0.0,0.06617853768621543,0.0,0.008364200305824621,0.0,3.539093478005729,3.1580699851016965,1755.9013446207214
1.1449310734504985,0.0,0.06655009065382511,0.0,0.008460219268939013,0.0,3.5393547495137945,3.1579099851016976,1753.4200605851345
1.1448092945343267,0.0,0.06691951251086387,0.0,0.008556261997555872,0.0,3.5396164464136985,3.157749985101697,1750.9415026381332
1.1446874916431717,0.0,0.06728683841351263,0.0,0.008652328503705694,0.0,3.539878569402157,3.1575899851016973,1748.4656693636102
1.1445656647696512,0.0,0.06765210255763977,0.0,0.008748418799402004,0.0,3.5401411191770995,3.157429985101697,1745.9925593429919
1.1444438139064048,0.0,0.06801533821518632,0.0,0.008844532896643002,0.0,3.5404040964376864,3.157269985101696,1743.5221711600489
1.1443219390460975,0.0,0.06837657776879529,0.0,0.008940670807408067,0.0,3.540667501884292,3.1571099851016964,1741.054503398151
1.144200040181416,0.0,0.0687358527447978,0.0,0.00903683254366093,0.0,3.540931336218523,3.156949985101696,1738.589554640339
1.144078117305073,0.0,0.06909319384463239,0.0,0.009133018117348634,0.0,3.541195600143215,3.156789985101696,1736.1273234692776
1.1439561704098034,0.0,0.06944863097480429,0.0,0.009229227540400257,0.0,3.5414602943624307,3.156629985101696,1733.6678084675636
1.1438341994883665,0.0,0.06980219327545616,0.0,0.009325460824728564,0.0,3.5417254195814682,3.1564699851016957,1731.2110082180125
1.1437122045335466,0.0,0.07015390914763106,0.0,0.009421717982226996,0.0,3.5419909765068502,3.156309985101695,1728.7569213041563
1.143590185538152,0.0,0.07050380627930339,0.0,0.009517999024772482,0.0,3.54225696584634,3.156149985101695,1726.3055463078629
1.1434681424950155,0.0,0.0708519116702428,0.0,0.009614303964225118,0.0,3.542523388308942,3.1559899851016953,1723.8568818127726
1.1433460753969948,0.0,0.07119825165576926,0.0,0.009710632812425358,0.0,3.5427902446048884,3.1558299851016955,1721.4109264008778
1.1432239842369711,0.0,0.07154285192947309,0.0,0.009806985581197712,0.0,3.5430575354456666,3.1556699851016945,1718.967678654272
1.143101869007852,0.0,0.0718857375649292,0.0,0.00990336228234567,0.0,3.5433252615439885,3.155509985101695,1716.5271371575072
1.1429797297025692,0.0,0.07222693303649683,0.0,0.009999762927656997,0.0,3.543593423613826,3.1553499851016946,1714.0893004912923
1.1428575663140814,0.0,0.07256646223921301,0.0,0.010096187528899899,0.0,3.5438620223703854,3.155189985101695,1711.6541672386304
1.1427353788353691,0.0,0.072904348507855,0.0,0.010192636097823785,0.0,3.5441310585301258,3.1550299851016943,1709.221735982224
1.1426131672594415,0.0,0.07324061463519542,0.0,0.010289108646160065,0.0,3.544400532810756,3.154869985101694,1706.792005304315
1.1424909315793323,0.0,0.07357528288950729,0.0,0.010385605185620383,0.0,3.544670445931234,3.154709985101694,1704.3649737875828
1.1423686717881014,0.0,0.07390837503134251,0.0,0.010482125727897876,0.0,3.5449407986117727,3.1545499851016943,1701.9406400139126
1.1422463878788331,0.0,0.07423991232963366,0.0,0.010578670284666369,0.0,3.5452115915738336,3.1543899851016945,1699.5190025657926
1.1421240798446382,0.0,0.07456991557713573,0.0,0.010675238867580561,0.0,3.5454828255401436,3.1542299851016935,1697.1000600257823
1.1420017476786557,0.0,0.07489840510525139,0.0,0.010771831488274946,0.0,3.545754501234681,3.1540699851016933,1694.6838109754945
1.141879391374048,0.0,0.07522540079828137,0.0,0.010868448158365884,0.0,3.546026619382692,3.1539099851016927,1692.270253997725
1.1417570109240058,0.0,0.07555092210709063,0.0,0.010965088889447956,0.0,3.546299180710671,3.153749985101693,1689.8593876740945
1.1416346063217455,0.0,0.07587498806226448,0.0,0.01106175369309758,0.0,3.5465721859463915,3.153589985101692,1687.4512105874019
1.1415121775605113,0.0,0.07619761728673553,0.0,0.01115844258086878,0.0,3.546845635818875,3.1534299851016927,1685.0457213193888
1.141389724633572,0.0,0.0765188280079506,0.0,0.011255155564299344,0.0,3.5471195310584314,3.153269985101692,1682.6429184518272
1.1412672475342267,0.0,0.076838638069543,0.0,0.011351892654902135,0.0,3.5473938723966207,3.1531099851016924,1680.2428005668392
1.1411447462557986,0.0,0.07715706494260079,0.0,0.011448653864172521,0.0,3.5476686605662815,3.152949985101692,1677.8453662463858
1.1410222207916403,0.0,0.07747412573648269,0.0,0.011545439203583712,0.0,3.547943896301524,3.1527899851016925,1675.4506140724216
1.1408996711351296,0.0,0.0777898372092561,0.0,0.011642248684589147,0.0,3.5482195803377357,3.1526299851016915,1673.05854262737
1.140777097279675,0.0,0.07810421577773147,0.0,0.011739082318619816,0.0,3.54849571341157,3.1524699851016917,1670.6691504918326
1.1406544992187098,0.0,0.07841727752714973,0.0,0.011835940117087308,0.0,3.548772296260972,3.152309985101691,1668.282436248583
1.140531876945697,0.0,0.07872903822050545,0.0,0.011932822091380068,0.0,3.549049329625152,3.152149985101692,1665.8983984790104
1.1404092304541262,0.0,0.07903951330754228,0.0,0.01202972825286662,0.0,3.5493268142446124,3.1519899851016913,1663.5170357653938
1.1402865597375165,0.0,0.07934871793342382,0.0,0.01212665861289298,0.0,3.549604750861132,3.151829985101691,1661.1383466890109
1.140163864789415,0.0,0.07965666694710058,0.0,0.012223613182783184,0.0,3.5498831402177764,3.151669985101691,1658.7623298313847
1.1400411456033972,0.0,0.07996337490938649,0.0,0.01232059197384044,0.0,3.5501619830589006,3.151509985101691,1656.3889837741367
1.1399184021730664,0.0,0.08026885610074806,0.0,0.012417594997344301,0.0,3.55044128013014,3.1513499851016906,1654.018307099155
1.1397956344920557,0.0,0.08057312452882984,0.0,0.012514622264553712,0.0,3.55072103217843,3.1511899851016905,1651.6502983880728
1.1396728425540272,0.0,0.08087619393571946,0.0,0.012611673786703494,0.0,3.5510012399519852,3.1510299851016903,1649.2849562216866
1.1395500263526708,0.0,0.08117807780496845,0.0,0.012708749575007545,0.0,3.551281904200329,3.1508699851016897,1646.9222791825498
1.1394271858817084,0.0,0.0814787893683684,0.0,0.012805849640654702,0.0,3.5515630256742643,3.150709985101691,1644.562265851032
1.1393043211348863,0.0,0.08177834161252158,0.0,0.0129029739948139,0.0,3.5518446051258987,3.1505499851016903,1642.2049148097021
1.1391814321059859,0.0,0.08207674728515651,0.0,0.013000122648628485,0.0,3.5521266433086396,3.15038998510169,1639.8502246389626
1.1390585187888151,0.0,0.08237401890127272,0.0,0.013097295613219474,0.0,3.5524091409771916,3.15022998510169,1637.4981939204467
1.1389355811772117,0.0,0.08267016874906517,0.0,0.013194492899685563,0.0,3.5526920988875657,3.1500699851016893,1635.1488212356887
1.138812619265045,0.0,0.08296520889564965,0.0,0.013291714519098703,0.0,3.5529755177970657,3.1499099851016896,1632.8021051659657
1.1386896330462142,0.0,0.08325915119262543,0.0,0.013388960482510271,0.0,3.553259398464314,3.14974998510169,1630.4580442921128
1.138566622514646,0.0,0.08355200728144366,0.0,0.013486230800947577,0.0,3.553543741649236,3.1495899851016884,1628.1166371954525
1.1384435876643018,0.0,0.08384378859859708,0.0,0.01358352548541087,0.0,3.553828548113059,3.1494299851016887,1625.7778824579073
1.1383205284891718,0.0,0.08413450638067169,0.0,0.013680844546878535,0.0,3.5541138186183265,3.149269985101689,1623.4417786596784
1.1381974449832744,0.0,0.08442417166922188,0.0,0.013778187996305489,0.0,3.5543995539289006,3.149109985101688,1621.1083243825346
1.138074337140664,0.0,0.08471279531548476,0.0,0.013875555844618923,0.0,3.5546857548099458,3.148949985101688,1618.7775182069333
1.1379512049554217,0.0,0.08500038798497905,0.0,0.013972948102723846,0.0,3.554972422027947,3.148789985101688,1616.449358714414
1.1378280484216625,0.0,0.08528696016192755,0.0,0.014070364781498559,0.0,3.5552595563507072,3.148629985101688,1614.1238444863336
1.1377048675335322,0.0,0.08557252215357404,0.0,0.014167805891798686,0.0,3.5555471585473537,3.1484699851016873,1611.800974102488
1.1375816622852069,0.0,0.08585708409434771,0.0,0.014265271444450932,0.0,3.555835229388321,3.1483099851016876,1609.4807461452826
1.1374584326708965,0.0,0.08614065594991631,0.0,0.0143627614502596,0.0,3.556123769645378,3.148149985101688,1607.1631591945402
1.1373351786848405,0.0,0.0864232475211121,0.0,0.014460275920002468,0.0,3.5564127800916157,3.1479899851016873,1604.8482118321551
1.1372119003213137,0.0,0.08670486844773657,0.0,0.014557814864431144,0.0,3.5567022615014485,3.1478299851016875,1602.5359026371532
1.137088597574619,0.0,0.08698552821226621,0.0,0.014655378294271123,0.0,3.5569922146506188,3.147669985101687,1600.2262301926671
1.1369652704390953,0.0,0.0872652361434354,0.0,0.014752966220222145,0.0,3.5572826403161972,3.1475099851016863,1597.9191930783595
1.1368419189091126,0.0,0.0875440014197219,0.0,0.014850578652957466,0.0,3.557573539276592,3.147349985101686,1595.614789874598
1.1367185429790734,0.0,0.08782183307273297,0.0,0.014948215603123096,0.0,3.5578649123115316,3.1471899851016865,1593.3130191631672
1.1365951426434129,0.0,0.08809873999049055,0.0,0.01504587708134009,0.0,3.558156760202091,3.1470299851016863,1591.0138795241287
1.1364717178966004,0.0,0.08837473092062087,0.0,0.015143563098200872,0.0,3.558449083730676,3.146869985101686,1588.71736953821
1.1363482687331379,0.0,0.08864981447345956,0.0,0.015241273664271585,0.0,3.5587418836810305,3.1467099851016855,1586.423487786043
1.1362247951475613,0.0,0.08892399912506217,0.0,0.015339008790089913,0.0,3.5590351608382322,3.146549985101686,1584.1322328489512
1.1361012971344384,0.0,0.08919729322014006,0.0,0.015436768486167997,0.0,3.5593289159887083,3.1463899851016857,1581.8436033069083
1.1359777746883724,0.0,0.08946970497490224,0.0,0.015534552762989724,0.0,3.5596231499202293,3.146229985101685,1579.5575977404044
1.135854227804001,0.0,0.08974124247982282,0.0,0.0156323616310099,0.0,3.5599178634219015,3.146069985101686,1577.2742147300933
1.135730656475993,0.0,0.09001191370234395,0.0,0.01573019510065707,0.0,3.560213057284181,3.145909985101685,1574.9934528567132
1.1356070606990547,0.0,0.09028172648948268,0.0,0.01582805318233043,0.0,3.560508732298875,3.145749985101685,1572.7153107007196
1.135483440467925,0.0,0.09055068857038691,0.0,0.01592593588640047,0.0,3.5608048892591313,3.1455899851016853,1570.4397868424994
1.135359795777378,0.0,0.09081880755881176,0.0,0.016023843223210706,0.0,3.56110152895946,3.1454299851016843,1568.1668798625583
1.1352361266222224,0.0,0.09108609095553094,0.0,0.016121775203074413,0.0,3.5613986521957157,3.145269985101685,1565.8965883414126
1.1351124329973026,0.0,0.09135254615068635,0.0,0.016219731836276757,0.0,3.56169625976511,3.145109985101685,1563.628910858653
1.1349887148974958,0.0,0.09161818042607482,0.0,0.01631771313307333,0.0,3.5619943524662068,3.144949985101684,1561.3638459958443
1.1348649723177175,0.0,0.0918830009573676,0.0,0.016415719103690062,0.0,3.5622929310989306,3.1447899851016845,1559.101392332641
1.1347412052529164,0.0,0.09214701481628529,0.0,0.016513749758324463,0.0,3.562591996464567,3.144629985101684,1556.8415484497355
1.1346174136980787,0.0,0.09241022897270043,0.0,0.016611805107143076,0.0,3.5628915493657565,3.1444699851016833,1554.584312927052
1.1344935976482253,0.0,0.09267265029669823,0.0,0.016709885160283,0.0,3.563191590606505,3.1443099851016836,1552.3296843450057
1.1343697570984126,0.0,0.09293428556057928,0.0,0.01680798992785188,0.0,3.563492120992184,3.1441499851016834,1550.0776612838752
1.1342458920437342,0.0,0.09319514144080604,0.0,0.016906119419925633,0.0,3.5637931413295236,3.143989985101683,1547.8282423239737
1.1341220024793197,0.0,0.09345522451990859,0.0,0.017004273646551306,0.0,3.56409465242663,3.1438299851016827,1545.5814260451452
1.1339980884003358,0.0,0.09371454128833547,0.0,0.017102452617743676,0.0,3.5643966550929713,3.143669985101683,1543.3372110275932
1.1338741498019846,0.0,0.09397309814626255,0.0,0.01720065634348783,0.0,3.56469915013939,3.143509985101683,1541.0955958519012
1.1337501866795061,0.0,0.0942309014053528,0.0,0.017298884833737017,0.0,3.5650021383780937,3.1433499851016826,1538.8565790981702
1.1336261990281769,0.0,0.09448795729047277,0.0,0.01739713809841388,0.0,3.5653056206226736,3.1431899851016816,1536.6201593459473
1.1335021868433128,0.0,0.09474427194136538,0.0,0.01749541614740817,0.0,3.565609597688086,3.1430299851016827,1534.3863351759944
1.1333781501202633,0.0,0.09499985141429326,0.0,0.01759371899058002,0.0,3.5659140703906713,3.1428699851016817,1532.1551051676995
1.1332540888544183,0.0,0.09525470168361837,0.0,0.01769204663775535,0.0,3.566219039548141,3.1427099851016815,1529.9264679018002
1.1331300030412055,0.0,0.09550882864336484,0.0,0.01779039909872958,0.0,3.5665245059795905,3.1425499851016823,1527.7004219577407
1.1330058926760895,0.0,0.09576223810873559,0.0,0.01788877638326529,0.0,3.566830470505496,3.1423899851016817,1525.4769659158223
1.1328817577545736,0.0,0.09601493581759002,0.0,0.01798717850109322,0.0,3.5671369339477206,3.142229985101681,1523.256098355549
1.1327575982722002,0.0,0.0962669274318873,0.0,0.01808560546190956,0.0,3.5674438971294995,3.1420699851016813,1521.0378178574874
1.1326334142245487,0.0,0.0965182185391023,0.0,0.018184057275378824,0.0,3.5677513608754636,3.141909985101681,1518.8221230014074
1.132509205607238,0.0,0.09676881465359786,0.0,0.0182825339511334,0.0,3.5680593260116322,3.1417499851016806,1516.6090123667454
1.1323849724159265,0.0,0.09701872121796706,0.0,0.01838103549876997,0.0,3.568367793365408,3.141589985101681,1514.3984845341533
1.1322607146463106,0.0,0.09726794360435367,0.0,0.018479561927853515,0.0,3.5686767637655854,3.1414299851016803,1512.1905380829357
1.1321364322941285,0.0,0.09751648711572213,0.0,0.018578113247913256,0.0,3.5689862380423496,3.141269985101681,1509.9851715933075
1.1320121253551543,0.0,0.09776435698712428,0.0,0.018676689468447413,0.0,3.569296217027285,3.141109985101681,1507.7823836445414
1.1318877938252037,0.0,0.09801155838691088,0.0,0.018775290598917884,0.0,3.5696067015533663,3.1409499851016798,1505.5821728170558
1.131763437700134,0.0,0.09825809641792727,0.0,0.018873916648751397,0.0,3.5699176924549634,3.14078998510168,1503.3845376901927
1.131639056975839,0.0,0.09850397611869072,0.0,0.01897256762734241,0.0,3.5702291905678476,3.14062998510168,1501.1894768444572
1.1315146516482555,0.0,0.09874920246452042,0.0,0.01907124354404861,0.0,3.570541196729189,3.1404699851016797,1498.9969888589303
1.1313902217133598,0.0,0.09899378036865918,0.0,0.019169944408193605,0.0,3.570853711777556,3.1403099851016796,1496.8070723132087
1.1312657671671689,0.0,0.09923771468336165,0.0,0.019268670229065987,0.0,3.5711667365529247,3.140149985101679,1494.619725787294
1.1311412880057405,0.0,0.09948101020095627,0.0,0.0193674210159167,0.0,3.5714802718966667,3.1399899851016793,1492.4349478613353
1.1310167842251757,0.0,0.09972367165489374,0.0,0.019466196777963678,0.0,3.571794318651568,3.1398299851016795,1490.252737113873
1.1308922558216123,0.0,0.09996570372076274,0.0,0.01956499752438741,0.0,3.5721088776618144,3.1396699851016794,1488.0730921258992
1.1307677027912328,0.0,0.1002071110172843,0.0,0.019663823264332917,0.0,3.572423949773006,3.1395099851016783,1485.8960114765825
1.130643125130262,0.0,0.10044789810728602,0.0,0.01976267400690799,0.0,3.5727395358321488,3.1393499851016786,1483.7214937449057
1.1305185228349635,0.0,0.10068806949865988,0.0,0.01986154976118467,0.0,3.57305563668766,3.1391899851016785,1481.5495375110897
1.1303938959016462,0.0,0.10092762964528573,0.0,0.01996045053619704,0.0,3.57337225318937,3.1390299851016783,1479.380141354727
1.1302692443266589,0.0,0.10116658294795308,0.0,0.020059376340943718,0.0,3.573689386188525,3.1388699851016777,1477.2133038553127
1.130144568106394,0.0,0.10140493375524508,0.0,0.02015832718438418,0.0,3.5740070365377834,3.138709985101678,1475.0490235927534
1.1300198672372868,0.0,0.10164268636441708,0.0,0.02025730307544262,0.0,3.5743252050912258,3.1385499851016774,1472.8872991458895
1.1298951417158154,0.0,0.10187984502224579,0.0,0.02035630402300236,0.0,3.574643892704342,3.1383899851016777,1470.7281290948113
1.1297703915384996,0.0,0.10211641392587321,0.0,0.02045533003591223,0.0,3.574963100234052,3.1382299851016775,1468.5715120190687
1.1296456167019042,0.0,0.10235239722361729,0.0,0.020554381122981007,0.0,3.5752828285386937,3.1380699851016773,1466.4174464976136
1.1295208172026368,0.0,0.1025877990157766,0.0,0.02065345729297826,0.0,3.5756030784780206,3.1379099851016776,1464.2659311109287
1.1293959930373483,0.0,0.10282262335541675,0.0,0.020752558554636997,0.0,3.57592385091322,3.137749985101677,1462.1169644374036
1.1292711442027352,0.0,0.1030568742491337,0.0,0.020851684916649266,0.0,3.576245146706898,3.1375899851016764,1459.9705450572592
1.1291462706955357,0.0,0.10329055565781103,0.0,0.020950836387669383,0.0,3.5765669667230915,3.1374299851016767,1457.8266715500622
1.1290213725125344,0.0,0.10352367149735381,0.0,0.021050012976311785,0.0,3.576889311827261,3.1372699851016765,1455.685342494107
1.1288964496505582,0.0,0.1037562256394106,0.0,0.021149214691151257,0.0,3.577212182886301,3.137109985101676,1453.546556470422
1.1287715021064826,0.0,0.10398822191207724,0.0,0.021248441540722647,0.0,3.577535580768535,3.136949985101676,1451.4103120570226
1.1286465298772232,0.0,0.1042196641005961,0.0,0.02134769353352092,0.0,3.577859506343716,3.136789985101676,1449.2766078344462
1.1285215329597449,0.0,0.10445055594802709,0.0,0.02144697067800043,0.0,3.578183960483035,3.1366299851016763,1447.1454423813877
1.128396511351055,0.0,0.10468090115591805,0.0,0.02154627298257637,0.0,3.5785089440591182,3.1364699851016753,1445.0168142771768
1.1282714650482089,0.0,0.1049107033849475,0.0,0.021645600455620192,0.0,3.57883445794602,3.1363099851016756,1442.8907221016184
1.1281463940483054,0.0,0.10513996625557401,0.0,0.021744953105465252,0.0,3.579160503019242,3.1361499851016754,1440.7671644340678
1.1280212983484912,0.0,0.10536869334865294,0.0,0.021844330940402324,0.0,3.5794870801557206,3.1359899851016753,1438.6461398539702
1.1278961779459586,0.0,0.1055968882060519,0.0,0.021943733968680327,0.0,3.579814190233828,3.135829985101675,1436.5276469397968
1.1277710328379462,0.0,0.10582455433125267,0.0,0.022043162198507233,0.0,3.5801418341333857,3.135669985101675,1434.41168427201
1.1276458630217394,0.0,0.10605169518993858,0.0,0.022142615638048334,0.0,3.5804700127356535,3.1355099851016743,1432.2982504293386
1.127520668494671,0.0,0.10627831421057223,0.0,0.022242094295426833,0.0,3.5807987269233337,3.135349985101674,1430.1873439908106
1.12739544925412,0.0,0.10650441478496309,0.0,0.022341598178723374,0.0,3.581127977580576,3.1351899851016745,1428.0789635366914
1.1272702052975134,0.0,0.10673000026882265,0.0,0.02244112729597658,0.0,3.581457765592979,3.1350299851016743,1425.973107645691
1.1271449366223254,0.0,0.10695507398230605,0.0,0.022540681655181055,0.0,3.581788091847586,3.134869985101674,1423.8697748965706
1.1270196432260788,0.0,0.10717963921054828,0.0,0.022640261264288444,0.0,3.5821189572328898,3.1347099851016744,1421.7689638693778
1.1268943251063424,0.0,0.10740369920418898,0.0,0.02273986613120673,0.0,3.582450362638831,3.134549985101674,1419.6706731436566
1.1267689822607363,0.0,0.10762725717988204,0.0,0.022839496263800278,0.0,3.5827823089568054,3.1343899851016737,1417.5749012977863
1.1266436146869259,0.0,0.10785031632080666,0.0,0.02293915166989014,0.0,3.5831147970796624,3.134229985101673,1415.481646911713
1.1265182223826278,0.0,0.10807287977715248,0.0,0.02303883235725132,0.0,3.5834478279017,3.134069985101674,1413.3909085640223
1.1263928053456058,0.0,0.1082949506666135,0.0,0.023138538333616225,0.0,3.5837814023186763,3.133909985101673,1411.302684834695
1.1262673635736744,0.0,0.10851653207485766,0.0,0.02323826960667072,0.0,3.584115521227802,3.1337499851016735,1409.2169743022741
1.1261418970646948,0.0,0.108737627055999,0.0,0.023338026184057288,0.0,3.5844501855277504,3.133589985101673,1407.1337755468357
1.1260164058165814,0.0,0.10895823863305117,0.0,0.02343780807337206,0.0,3.5847853961186495,3.1334299851016727,1405.0530871467708
1.1258908898272957,0.0,0.10917836979838066,0.0,0.023537615282165556,0.0,3.585121153902089,3.133269985101673,1402.9749076814803
1.1257653490948496,0.0,0.10939802351414822,0.0,0.023637447817942584,0.0,3.585457459781114,3.1331099851016724,1400.899235731179
1.1256397836173069,0.0,0.10961720271274121,0.0,0.023737305688162513,0.0,3.5857943146602422,3.1329499851016727,1398.8260698737276
1.12551419339278,0.0,0.10983591029719894,0.0,0.023837188900237366,0.0,3.5861317194454454,3.132789985101672,1396.7554086887178
1.1253885784194329,0.0,0.11005414914163181,0.0,0.023937097461533073,0.0,3.5864696750441674,3.132629985101672,1394.6872507556361
1.1252629386954807,0.0,0.11027192209163081,0.0,0.02403703137936869,0.0,3.5868081823653104,3.1324699851016713,1392.6215946536329
1.1251372742191899,0.0,0.11048923196466794,0.0,0.024136990661014723,0.0,3.587147242319244,3.132309985101672,1390.5584389619264
1.1250115849888767,0.0,0.11070608155049982,0.0,0.024236975313697184,0.0,3.587486855817814,3.1321499851016714,1388.4977822595251
1.1248858710029113,0.0,0.110922473611544,0.0,0.02433698534459187,0.0,3.5878270237743295,3.1319899851016704,1386.4396231257506
1.1247601322597156,0.0,0.11113841088327,0.0,0.02443702076082749,0.0,3.588167747103567,3.131829985101671,1384.3839601395912
1.1246343687577613,0.0,0.1113538960745713,0.0,0.024537081569484136,0.0,3.5885090267217734,3.1316699851016705,1382.330791880442
1.124508580495576,0.0,0.11156893186813038,0.0,0.02463716777759343,0.0,3.588850863546677,3.131509985101671,1380.2801169274549
1.1243827674717364,0.0,0.11178352092078597,0.0,0.024737279392139072,0.0,3.5891932584974713,3.1313499851016706,1378.2319338599436
1.124256929684874,0.0,0.11199766586388336,0.0,0.024837416420054423,0.0,3.589536212494825,3.1311899851016705,1376.1862412568903
1.1241310671336735,0.0,0.11221136930362557,0.0,0.024937578868225063,0.0,3.5898797264608886,3.1310299851016703,1374.1430376973012
1.1240051798168726,0.0,0.11242463382141507,0.0,0.025037766743484798,0.0,3.590223801319278,3.1308699851016706,1372.1023217607185
1.1238792677332623,0.0,0.11263746197419239,0.0,0.025137980052619392,0.0,3.590568437995094,3.13070998510167,1370.064092026096
1.1237533308816876,0.0,0.11284985629476588,0.0,0.02523821880236319,0.0,3.590913637414915,3.1305499851016703,1368.028347073006
1.1236273692610481,0.0,0.11306181929213759,0.0,0.02533848299940149,0.0,3.591259400506801,3.1303899851016697,1365.9950854800202
1.1235013828702973,0.0,0.11327335345182189,0.0,0.025438772650366707,0.0,3.59160572820028,3.1302299851016695,1363.9643058265865
1.1233753717084423,0.0,0.11348446123616324,0.0,0.025539087761842792,0.0,3.5919526214263815,3.130069985101669,1361.9360066925258
1.1232493357745479,0.0,0.11369514508463953,0.0,0.025639428340360274,0.0,3.592300081117601,3.1299099851016687,1359.9101866557332
1.1231232750677307,0.0,0.11390540741417104,0.0,0.025739794392398718,0.0,3.592648108207922,3.129749985101669,1357.8868442962826
1.122997189587164,0.0,0.1141152506194181,0.0,0.025840185924386957,0.0,3.5929967036328194,3.129589985101668,1355.865978192976
1.122871079332078,0.0,0.11432467707306913,0.0,0.02594060294269907,0.0,3.5933458683292376,3.1294299851016687,1353.8475869252786
1.1227449443017554,0.0,0.11453368912613883,0.0,0.02604104545365975,0.0,3.593695603235626,3.1292699851016685,1351.8316690723861
1.122618784495539,0.0,0.11474228910824247,0.0,0.02614151346353836,0.0,3.5940459092919057,3.129109985101669,1349.818223213091
1.122492599912824,0.0,0.11495047932788335,0.0,0.026242006978553292,0.0,3.594396787439495,3.1289499851016678,1347.80724792701
1.1223663905530652,0.0,0.11515826207271883,0.0,0.026342526004868017,0.0,3.594748238621297,3.1287899851016676,1345.798741793079
1.1222401564157733,0.0,0.11536563960983544,0.0,0.026443070548592237,0.0,3.5951002637817013,3.1286299851016683,1343.7927033910132
1.1221138975005147,0.0,0.1155726141860168,0.0,0.026543640615784084,0.0,3.595452863866599,3.1284699851016673,1341.7891312993002
1.1219876138069158,0.0,0.1157791880279963,0.0,0.02664423621244464,0.0,3.595806039823361,3.128309985101667,1339.788024097217
1.121861305334658,0.0,0.11598536334272219,0.0,0.02674485734452237,0.0,3.5961597926008593,3.1281499851016665,1337.7893803644502
1.1217349720834824,0.0,0.11619114231760383,0.0,0.026845504017908563,0.0,3.5965141231494453,3.1279899851016673,1335.793198680266
1.1216086140531876,0.0,0.11639652712076609,0.0,0.02694617623844318,0.0,3.596869032420986,3.1278299851016675,1333.7994776230303
1.1214822312436294,0.0,0.11660151990128978,0.0,0.027046874011907283,0.0,3.5972245213688225,3.1276699851016674,1331.8082157727354
1.1213558236547236,0.0,0.11680612278945272,0.0,0.027147597344028225,0.0,3.597580590947807,3.127509985101667,1329.8194117089392
1.1212293912864457,0.0,0.117010337896967,0.0,0.027248346240476208,0.0,3.5979372421142743,3.1273499851016666,1327.833064009505
1.121102934138828,0.0,0.117214167317213,0.0,0.027349120706865765,0.0,3.598294475826068,3.127189985101666,1325.8491712549562
1.120976452211964,0.0,0.11741761312546498,0.0,0.02744992074875422,0.0,3.5986522930425213,3.1270299851016663,1323.8677320241131
1.1208499455060066,0.0,0.11762067737912174,0.0,0.027550746371642815,0.0,3.5990106947244724,3.126869985101666,1321.888744896179
1.1207234140211673,0.0,0.11782336211792488,0.0,0.027651597580974505,0.0,3.5993696818342515,3.126709985101666,1319.9122084506955
1.1205968577577206,0.0,0.11802566936417645,0.0,0.027752474382135385,0.0,3.599729255335698,3.1265499851016663,1317.9381212664903
1.1204702767159982,0.0,0.11822760112295974,0.0,0.02785337678045405,0.0,3.6000894161941446,3.126389985101665,1315.966481923304
1.1203436708963952,0.0,0.11842915938234241,0.0,0.02795430478119931,0.0,3.6004501653764276,3.1262299851016655,1313.9972890000574
1.1202170402993665,0.0,0.11863034611359252,0.0,0.028055258389583365,0.0,3.6008115038508866,3.126069985101665,1312.0305410758301
1.120090384925428,0.0,0.11883116327137913,0.0,0.028156237610758233,0.0,3.6011734325873634,3.1259099851016656,1310.0662367309164
1.1199637047751578,0.0,0.11903161279397607,0.0,0.028257242449817803,0.0,3.6015359525572035,3.125749985101665,1308.1043745439051
1.119836999849196,0.0,0.11923169660346006,0.0,0.028358272911795882,0.0,3.601899064733258,3.125589985101665,1306.1449530939458
1.1197102701482442,0.0,0.11943141660590634,0.0,0.028459329001666665,0.0,3.602262770089877,3.1254299851016647,1304.1879709606562
1.1195835156730656,0.0,0.11963077469158334,0.0,0.028560410724344593,0.0,3.602627069602922,3.125269985101664,1302.233426723487
1.119456736424489,0.0,0.11982977273513667,0.0,0.028661518084682352,0.0,3.6029919642497585,3.1251099851016644,1300.2813189617405
1.119329932403403,0.0,0.1200284125957856,0.0,0.028762651087474413,0.0,3.6033574550092595,3.124949985101664,1298.3316462544356
1.119203103610142,0.0,0.12022669611739904,0.0,0.028863809735553764,0.0,3.6037235428302106,3.1247899851017444,1296.3844076740484
1.1189493717149368,0.0,0.12062220144483421,0.0,0.029066203997583435,0.0,3.604457513775069,3.124469985101664,1292.497224255893
1.1186955407459165,0.0,0.12101630317076414,0.0,0.029268700901700837,0.0,3.6051938848627603,3.1241499851016643,1288.6197588191762
1.1184416107136266,0.0,0.12140901551626374,0.0,0.029471300485428557,0.0,3.6059326640222165,3.123829985101664,1284.751999507485
1.1181875816290328,0.0,0.12180035247508628,0.0,0.029674002783383103,0.0,3.606673859174951,3.123509985101664,1280.8939349561676
1.117933453504148,0.0,0.1221903278190243,0.0,0.029876807829161658,0.0,3.607417478266645,3.123189985101665,1277.0455538015374
1.1176792263520403,0.0,0.12257895510301897,0.0,0.030079715655333725,0.0,3.6081635292671854,3.1228699851016652,1273.2068446792587
1.1174249001868444,0.0,0.12296624767011267,0.0,0.030282726293425745,0.0,3.608912020170655,3.122549985101665,1269.377796225851
1.1171704750237696,0.0,0.1233522186562679,0.0,0.03048583977391443,0.0,3.609662958995361,3.1222299851016655,1265.5583970781584
1.1169159508791082,0.0,0.12373688099504691,0.0,0.03068905612621441,0.0,3.610416353783837,3.121909985101665,1261.7486358729032
1.1166613277702468,0.0,0.12412024742215001,0.0,0.030892375378665394,0.0,3.6111722126028503,3.1215899851016657,1257.9485012474809
1.116406605715675,0.0,0.12450233047983426,0.0,0.03109579755852357,0.0,3.611930543543422,3.1212699851016654,1254.1579818391892
1.1161517847349947,0.0,0.12488314252120468,0.0,0.03129932269194978,0.0,3.6126913547208277,3.120949985101666,1250.3770662854329
1.1158968648489276,0.0,0.12526269571438436,0.0,0.031502950803996524,0.0,3.613454654274601,3.120629985101666,1246.6057432255102
1.1156418460793296,0.0,0.1256410020465708,0.0,0.03170668191859917,0.0,3.614220450368549,3.1203099851016654,1242.8440012962285
1.115386728449198,0.0,0.12601807332797474,0.0,0.03191051605856139,0.0,3.614988751190743,3.119989985101666,1239.091829137323
1.1151315119826786,0.0,0.1263939211956631,0.0,0.032114453245546126,0.0,3.6157595649535335,3.1196699851016665,1235.349215387768
1.1148761967050806,0.0,0.1267685571172822,0.0,0.03231849350006263,0.0,3.61653289989355,3.1193499851016666,1231.6161486864803
1.114620782642882,0.0,0.12714199239469268,0.0,0.03252263684145581,0.0,3.6173087642717,3.1190299851016663,1227.89261767382
1.1143652698237425,0.0,0.127514238167496,0.0,0.03272688328789188,0.0,3.6180871663731624,3.118709985101667,1224.178610990008
1.1141096582765118,0.0,0.12788530541647805,0.0,0.03293123285635068,0.0,3.6188681145074084,3.1183899851016657,1220.4741172751565
1.1138539480312428,0.0,0.12825520496694584,0.0,0.033135685562607556,0.0,3.6196516170081643,3.118069985101667,1216.7791251704357
1.1135981391191956,0.0,0.12862394749199715,0.0,0.0333402414212287,0.0,3.6204376822334456,3.1177499851016663,1213.0936233169866
1.1133422315728554,0.0,0.12899154351567835,0.0,0.03354490044555093,0.0,3.62122631856552,3.117429985101667,1209.4176003570153
1.1130862254259355,0.0,0.12935800341608544,0.0,0.033749662647676065,0.0,3.6220175344109165,3.117109985101667,1205.7510449324066
1.112830120713394,0.0,0.1297233374283644,0.0,0.03395452803845506,0.0,3.622811338200425,3.116789985101667,1202.0939456859162
1.1125739174714386,0.0,0.13008755564764718,0.0,0.03415949662747601,0.0,3.6236077383890675,3.116469985101667,1198.4462912605736
1.1123176157375427,0.0,0.13045066803190286,0.0,0.03436456842305158,0.0,3.624406743456102,3.1161499851016665,1194.808070300056
1.1120612155504508,0.0,0.13081268440472515,0.0,0.03456974343220668,0.0,3.6252083619050075,3.1158299851016675,1191.1792714483315
1.1118047169501921,0.0,0.13117361445804168,0.0,0.03477502166066579,0.0,3.6260126022634727,3.115509985101668,1187.5598833502145
1.1115481199780914,0.0,0.1315334677547588,0.0,0.03498040311283991,0.0,3.6268194730833785,3.1151899851016682,1183.9498946501828
1.111291424676778,0.0,0.13189225373133856,0.0,0.03518588779181238,0.0,3.6276289829407813,3.1148699851016675,1180.3492939943033
1.111034631090197,0.0,0.1322499817003126,0.0,0.035391475699327365,0.0,3.628441140435899,3.1145499851016685,1176.758070028607
1.110777739263623,0.0,0.13260666085273365,0.0,0.035597166835777606,0.0,3.6292559541930984,3.114229985101668,1173.1762113993605
1.1105207492436666,0.0,0.13296230026056408,0.0,0.03580296120018643,0.0,3.63007343286085,3.1139099851016683,1169.603706754188
1.1102636610782894,0.0,0.13331690887901015,0.0,0.03600885879020102,0.0,3.630893585111746,3.113589985101669,1166.0405447403004
1.1100064748168117,0.0,0.1336704955487962,0.0,0.03621485960207352,0.0,3.631716419642442,3.1132699851016685,1162.4867140064023
1.1097491905099275,0.0,0.13402306899838426,0.0,0.036420963630650185,0.0,3.632541945173646,3.112949985101668,1158.9422032009902
1.1094918082097118,0.0,0.1343746378461419,0.0,0.03662717086935729,0.0,3.6333701704500996,3.112629985101668,1155.4070009739316
1.1092343279696357,0.0,0.13472521060245324,0.0,0.036833481310185365,0.0,3.63420110424053,3.1123099851016693,1151.8810959750454
1.108976749844574,0.0,0.13507479567179123,0.0,0.03703989494368088,0.0,3.635034755337654,3.111989985101669,1148.3644768546872
1.1087190738908195,0.0,0.13542340135472247,0.0,0.03724641175892436,0.0,3.6358711325581003,3.1116699851016687,1144.8571322649723
1.1084613001660946,0.0,0.13577103584988173,0.0,0.03745303174352191,0.0,3.6367102447424164,3.1113499851016697,1141.359050857444
1.1082034287295608,0.0,0.13611770725589306,0.0,0.03765975488359107,0.0,3.637552100755025,3.11102998510167,1137.8702212843637
1.1079454596418314,0.0,0.13646342357324479,0.0,0.03786658116374329,0.0,3.638396709484173,3.1107099851016695,1134.3906321995596
1.1076873929649849,0.0,0.13680819270612318,0.0,0.038073510567072165,0.0,3.63924407984191,3.1103899851016696,1130.9202722564767
1.1074292287625749,0.0,0.1371520224642034,0.0,0.03828054307513691,0.0,3.640094220764038,3.1100699851016698,1127.4591301099351
1.107170967099642,0.0,0.13749492056440102,0.0,0.038487678667950546,0.0,3.6409471412100793,3.1097499851016708,1124.0071944153651
1.1069126080427254,0.0,0.13783689463258172,0.0,0.03869491732396367,0.0,3.6418028501632302,3.1094299851016705,1120.564453828704
1.1066541516598787,0.0,0.13817795220522885,0.0,0.038902259020047444,0.0,3.642661356630306,3.10910998510167,1117.130897006906
1.106395598020677,0.0,0.13851810073108206,0.0,0.039109703731483536,0.0,3.6435226696417145,3.10878998510167,1113.7065126071604
1.1061369471962328,0.0,0.13885734757273022,0.0,0.03931725143194527,0.0,3.6443867982513893,3.1084699851016704,1110.2912892878612
1.1058781992592048,0.0,0.13919570000817577,0.0,0.039524902093483624,0.0,3.645253751536747,3.1081499851016705,1106.8852157077993
1.1056193542838142,0.0,0.13953316523235718,0.0,0.039732655686512325,0.0,3.6461235385986326,3.1078299851016706,1103.4882805274588
1.1053604123458545,0.0,0.13986975035864568,0.0,0.03994051217979357,0.0,3.646996168561275,3.1075099851016708,1100.1004724065735
1.1051013735227049,0.0,0.14020546242030268,0.0,0.04014847154042038,0.0,3.6478716505722155,3.107189985101671,1096.7217800066867
1.1048422378933425,0.0,0.1405403083719071,0.0,0.040356533733801304,0.0,3.6487499938022525,3.106869985101671,1093.3521919902266
1.1045830055383548,0.0,0.1408742950907548,0.0,0.04056469872364777,0.0,3.6496312074453945,3.1065499851016707,1089.9916970199965
1.104323676539955,0.0,0.14120742937822087,0.0,0.040772966471953165,0.0,3.650515300718776,3.1062299851016713,1086.6402837597875
1.1040642509819882,0.0,0.14153971796110443,0.0,0.040981336938984446,0.0,3.6514022828626267,3.1059099851016714,1083.2979408743686
1.1038047289499533,0.0,0.14187116749292655,0.0,0.04118981008325747,0.0,3.65229216314016,3.105589985101672,1079.9646570293335
1.1035451105310088,0.0,0.14220178455522026,0.0,0.041398385861528324,0.0,3.6531849508375456,3.105269985101672,1076.6404208906322
1.1032853958139888,0.0,0.14253157565877764,0.0,0.041607064228771654,0.0,3.6540806552638103,3.1049499851016713,1073.3252211260544
1.1030255848894166,0.0,0.14286054724487998,0.0,0.04181584513816894,0.0,3.6549792857507857,3.104629985101672,1070.0190464032798
1.1027656778495156,0.0,0.1431887056864979,0.0,0.04202472854108861,0.0,3.6558808516530155,3.104309985101672,1066.7218853916688
1.1025056747882247,0.0,0.14351605728946704,0.0,0.04223371438707105,0.0,3.65678536234769,3.1039899851016717,1063.4337267613005
1.1022455758012115,0.0,0.14384260829364118,0.0,0.04244280262381372,0.0,3.657692827234568,3.1036699851016727,1060.1545591825095
1.101985380985883,0.0,0.144168364874018,0.0,0.042651993197149844,0.0,3.6586032557358785,3.1033499851016724,1056.8843713276683
1.1017250904414038,0.0,0.14449333314184368,0.0,0.04286128605103599,0.0,3.6595166572962596,3.103029985101672,1053.623151869585
1.1014647042687047,0.0,0.14481751914569738,0.0,0.0430706811275339,0.0,3.660433041382655,3.102709985101672,1050.370889481765
1.1012042225705014,0.0,0.14514092887254648,0.0,0.043280178366791766,0.0,3.661352417484232,3.102389985101673,1047.1275728389376
1.100943645451302,0.0,0.14546356824879123,0.0,0.043489777707029165,0.0,3.6622747951122805,3.1020699851016724,1043.8931906172388
1.100682973017427,0.0,0.14578544314127503,0.0,0.04369947908451877,0.0,3.6632001838001416,3.1017499851016734,1040.667731492882
1.1004222053770194,0.0,0.14610655935828712,0.0,0.04390928243356989,0.0,3.664128593103088,3.101429985101673,1037.4511841438575
1.100161342640061,0.0,0.14642692265053464,0.0,0.04411918768650875,0.0,3.6650600325982334,3.1011099851016732,1034.2435372489751
1.0999003849183824,0.0,0.14674653871210613,0.0,0.0443291947736639,0.0,3.665994511884441,3.1007899851016734,1031.0447794881065
1.099639332325683,0.0,0.14706541318140356,0.0,0.04453930362334636,0.0,3.6669320405822003,3.100469985101673,1027.8548995417405
1.0993781849775404,0.0,0.1473835516420661,0.0,0.04474951416183202,0.0,3.6678726283335386,3.1001499851016736,1024.6738860924474
1.0991169429914258,0.0,0.1477009596238733,0.0,0.04495982631334571,0.0,3.6688162848019066,3.0998299851016737,1021.5017278227263
1.0988556064867192,0.0,0.14801764260362607,0.0,0.04517024000003986,0.0,3.6697630196720588,3.0995099851016734,1018.3384134167717
1.0985941755847262,0.0,0.14833360600601428,0.0,0.04538075514197847,0.0,3.670712842649949,3.0991899851016735,1015.1839315597424
1.0983326504086837,0.0,0.14864885520447185,0.0,0.04559137165711885,0.0,3.6716657634626104,3.0988699851016746,1012.0382709385791
1.0980710310837871,0.0,0.1489633955220042,0.0,0.04580208946129307,0.0,3.672621791858037,3.0985499851016742,1008.9014202397141
1.0978093177371941,0.0,0.14927723223201092,0.0,0.04601290846818807,0.0,3.673580937605055,3.098229985101674,1005.7733681522582
1.0975475104980448,0.0,0.14959037055908658,0.0,0.04622382858932905,0.0,3.6745432104932085,3.0979099851016745,1002.6541033659706
1.0972856094974759,0.0,0.14990281567980807,0.0,0.046434849734059085,0.0,3.6755086203326157,3.097589985101675,999.5436145717131
1.0970236148686343,0.0,0.15021457272350802,0.0,0.04664597180952211,0.0,3.676477176953859,3.0972699851016747,996.4418904612114
1.0967615267466926,0.0,0.15052564677303054,0.0,0.04685719472064109,0.0,3.6774488902078266,3.096949985101675,993.3489197284433
1.0964993452688647,0.0,0.15083604286547747,0.0,0.04706851837010231,0.0,3.678423769965596,3.0966299851016745,990.2646910671331
1.0962370705744222,0.0,0.15114576599293442,0.0,0.04727994265833325,0.0,3.6794018261182844,3.0963099851016755,987.1891931733438
1.0959747028047038,0.0,0.15145482110319375,0.0,0.04749146748348642,0.0,3.6803830685769094,3.095989985101675,984.1224147439046
1.0957122421031396,0.0,0.1517632131004489,0.0,0.04770309274141629,0.0,3.681367507272239,3.095669985101676,981.0643444764879
1.095449688615257,0.0,0.15207094684599234,0.0,0.04791481832566242,0.0,3.682355152154646,3.095349985101675,978.0149710710168
1.0951870424887038,0.0,0.15237802715888693,0.0,0.04812664412742795,0.0,3.68334601319395,3.0950299851016756,974.9742832281081
1.0949243038732581,0.0,0.1526844588166371,0.0,0.04833857003556248,0.0,3.6843401003792766,3.0947099851016753,971.9422696494535
1.0946614729208486,0.0,0.15299024655583582,0.0,0.048550595936538994,0.0,3.6853374237188805,3.0943899851016754,968.9189190382358
1.0943985497855664,0.0,0.15329539507281081,0.0,0.04876272171443684,0.0,3.6863379932400004,3.094069985101675,965.9042200989845
1.0941355346236825,0.0,0.15359990902425105,0.0,0.0489749472509185,0.0,3.6873418189886804,3.0937499851016765,962.8981615376179
1.0938724275936622,0.0,0.15390379302782894,0.0,0.049187272425212814,0.0,3.68834891102961,3.093429985101676,959.9007320610272
1.0936092288561843,0.0,0.1542070516628028,0.0,0.04939969711409163,0.0,3.689359279445953,3.0931099851016763,956.9119203777243
1.0933459385741535,0.0,0.1545096894706176,0.0,0.04961222119185079,0.0,3.690372934339166,3.0927899851016756,953.9317151975403
1.0930825569127183,0.0,0.15481171095548912,0.0,0.049824844530288674,0.0,3.6913898858288188,3.0924699851016766,950.9601052318311
1.0928190840392853,0.0,0.15511312058498286,0.0,0.05003756699868852,0.0,3.6924101440524346,3.0921499851016763,947.9970791926148
1.092555520123538,0.0,0.15541392279057517,0.0,0.05025038846379228,0.0,3.6934337191652706,3.0918299851016773,945.0426257941475
1.0922918653374503,0.0,0.15571412196821283,0.0,0.05046330878978472,0.0,3.694460621340157,3.091509985101677,942.0967337516724
1.092028119855305,0.0,0.1560137224788589,0.0,0.050676327838270446,0.0,3.6954908607672934,3.091189985101677,939.159391781861
1.0917642838537094,0.0,0.15631272864902704,0.0,0.050889445468250354,0.0,3.696524447654045,3.0908699851016768,936.2305886028363
1.091500357511612,0.0,0.1566111447713124,0.0,0.051102661536105314,0.0,3.6975613922247623,3.0905499851016773,933.3103129340876
1.0912363410103174,0.0,0.1569089751049089,0.0,0.05131597589557143,0.0,3.698601704720569,3.0902299851016775,930.3985534967007
1.0909722345335051,0.0,0.1572062238761191,0.0,0.05152938839771866,0.0,3.6996453953991417,3.0899099851016767,927.4952990129843
1.0907080382672465,0.0,0.15750289527885333,0.0,0.05174289889092965,0.0,3.700692474534517,3.0895899851016777,924.6005382067543
1.0904437524000177,0.0,0.15779899347512705,0.0,0.05195650722087982,0.0,3.701742952416879,3.089269985101678,921.7142598037033
1.0901793771227206,0.0,0.15809452259554121,0.0,0.0521702132305128,0.0,3.702796839352323,3.088949985101678,918.8364525304106
1.0899149126286993,0.0,0.15838948673975844,0.0,0.052384016760019234,0.0,3.703854145662646,3.0886299851016776,915.9671051154701
1.0896503591137554,0.0,0.15868388997697347,0.0,0.052597917646816296,0.0,3.704914881685123,3.088309985101678,913.1062062883603
1.089385716776165,0.0,0.15897773634637305,0.0,0.05281191572552393,0.0,3.705979057772269,3.0879899851016783,910.2537447806628
1.0891209858166961,0.0,0.15927102985758693,0.0,0.05302601082794175,0.0,3.7070466842916017,3.0876699851016784,907.4097093256953
1.088856166438629,0.0,0.1595637744911362,0.0,0.05324020278303048,0.0,3.708117771625426,3.0873499851016786,904.5740886572254
1.0885912588477666,0.0,0.15985597419886916,0.0,0.05345449141688423,0.0,3.709192330170559,3.0870299851016783,901.7468715118096
1.0883262632524613,0.0,0.16014763290439177,0.0,0.05366887655271223,0.0,3.7102703703381104,3.0867099851016797,898.9280466267846
1.0880611798636217,0.0,0.16043875450349435,0.0,0.053883358010814106,0.0,3.711351902553222,3.0863899851016794,896.1176027412744
1.0877960088947367,0.0,0.16072934286456678,0.0,0.054097935608557315,0.0,3.712436937254812,3.086069985101679,893.3155285963825
1.0875307505618952,0.0,0.16101940182900654,0.0,0.05431260916035419,0.0,3.7135254848953188,3.0857499851016796,890.5218129340295
1.087265405083795,0.0,0.16130893521162806,0.0,0.05452737847763977,0.0,3.7146175559404395,3.085429985101679,887.736444498395
1.0869999726817703,0.0,0.1615979468010522,0.0,0.05474224336884546,0.0,3.715713160868847,3.0851099851016794,884.9594120350447
1.0867344535798011,0.0,0.16188644036010513,0.0,0.05495720363938147,0.0,3.7168123101719526,3.0847899851016796,882.1907042912783
1.086468848004537,0.0,0.1621744196261973,0.0,0.055172259091608195,0.0,3.7179150143535926,3.0844699851016797,879.4303100156301
1.0862031561853107,0.0,0.16246188831170394,0.0,0.05538740952481482,0.0,3.7190212839297687,3.0841499851016803,876.6782179592437
1.0859373783541597,0.0,0.1627488501043378,0.0,0.05560265473519712,0.0,3.7201311294283617,3.08382998510168,873.9344168738089
1.0856715147458422,0.0,0.1630353086675144,0.0,0.05581799451583044,0.0,3.7212445613888323,3.08350998510168,871.1988955133185
1.0854055655978543,0.0,0.1633212676407149,0.0,0.056033428656648544,0.0,3.7223615903619343,3.08318998510168,868.4716426333329
1.0851395311504513,0.0,0.16360673063983977,0.0,0.05624895694441952,0.0,3.723482226909417,3.08286998510168,865.7526469911397
1.0848734116466616,0.0,0.16389170125755945,0.0,0.056464579162720296,0.0,3.724606481603715,3.0825499851016804,863.0418973456094
1.0846072073323088,0.0,0.16417618306365847,0.0,0.056680295091914516,0.0,3.7257343650276495,3.08222998510168,860.3393824574864
1.0843409184560278,0.0,0.16446017960537362,0.0,0.0568961045091262,0.0,3.7268658877741014,3.0819099851016807,857.6450910891979
1.0840745452692828,0.0,0.16474369440773035,0.0,0.05711200718821838,0.0,3.7280010604457137,3.0815899851016813,854.9590120047784
1.0838080880263894,0.0,0.16502673097386597,0.0,0.05732800289976417,0.0,3.7291398936545415,3.0812699851016814,852.2811339703323
1.0835415469845262,0.0,0.1653092927853617,0.0,0.05754409141102837,0.0,3.730282398021759,3.080949985101681,849.6114457532242
1.0832749224037619,0.0,0.16559138330255144,0.0,0.05776027248593672,0.0,3.731428584177291,3.0806299851016816,846.9499361230487
1.0830082145470656,0.0,0.1658730059648446,0.0,0.05797654588505552,0.0,3.732578462759504,3.0803099851016813,844.2965938510041
1.0827414236803312,0.0,0.16615416419102977,0.0,0.05819291136556583,0.0,3.7337320444148543,3.0799899851016805,841.6514077100653
1.0824745500723947,0.0,0.1664348613795796,0.0,0.058409368681235765,0.0,3.7348893397975225,3.079669985101681,839.0143664748721
1.082207593995051,0.0,0.16671510090895372,0.0,0.05862591758240097,0.0,3.7360503595690973,3.0793499851016817,836.3854589222744
1.0819405557230741,0.0,0.16699488613789168,0.0,0.058842557815934525,0.0,3.7372151143981864,3.079029985101682,833.7646738304636
1.0816734355342372,0.0,0.16727422040570372,0.0,0.059059289125224644,0.0,3.7383836149600693,3.078709985101682,831.1519999797702
1.0814062337093295,0.0,0.16755310703255846,0.0,0.05927611125014785,0.0,3.7395558719363207,3.078389985101683,828.5474261521902
1.081138950532175,0.0,0.16783154931976602,0.0,0.05949302392704602,0.0,3.740731896014449,3.0780699851016817,825.950941131765
1.0808715862896543,0.0,0.16810955055005336,0.0,0.059710026888697226,0.0,3.7419116978875033,3.077749985101682,823.3625337041192
1.0806041412717216,0.0,0.16838711398784093,0.0,0.05992711986429396,0.0,3.7430952882536963,3.077429985101682,820.7821926569048
1.080336615771423,0.0,0.1686642428795115,0.0,0.060144302579413986,0.0,3.7442826778160123,3.0771099851016825,818.2099067796881
1.0800690100849164,0.0,0.16894094045367883,0.0,0.060361574756000416,0.0,3.745473877281828,3.076789985101682,815.6456648636799
1.0798013245114935,0.0,0.16921720992144437,0.0,0.06057893611232777,0.0,3.746668897362472,3.0764699851016823,813.0894557023221
1.0795335593535926,0.0,0.16949305447666232,0.0,0.06079638636298352,0.0,3.7478677487728693,3.076149985101683,810.541268090714
1.079265714916825,0.0,0.16976847729618902,0.0,0.06101392521883815,0.0,3.749070442231091,3.0758299851016826,808.0010908258635
1.0789977915099893,0.0,0.17004348154013657,0.0,0.06123155238702063,0.0,3.750276988457956,3.075509985101683,805.4689127066157
1.0787297894450931,0.0,0.17031807035211918,0.0,0.0614492675708916,0.0,3.7514873981766006,3.075189985101683,802.9447225341776
1.0784617090373727,0.0,0.17059224685949656,0.0,0.06166707047001693,0.0,3.7527016821120474,3.0748699851016843,800.4285091110879
1.0781935506053077,0.0,0.1708660141736179,0.0,0.061884960780145236,0.0,3.7539198509907896,3.074549985101683,797.9202612422314
1.07792531447065,0.0,0.1711393753900506,0.0,0.06210293819317384,0.0,3.7551419155403134,3.074229985101683,795.4199677342833
1.0776570009584336,0.0,0.17141233358882224,0.0,0.06232100239713131,0.0,3.756367886488693,3.0739099851016842,792.9276173957595
1.077388610396999,0.0,0.17168489183464636,0.0,0.0625391530761451,0.0,3.7575977745641143,3.0735899851016844,790.4431990373414
1.077120143118012,0.0,0.17195705317714896,0.0,0.06275738991041689,0.0,3.758831590494416,3.0732699851016845,787.9667014715798
1.076851599456484,0.0,0.17222882065109274,0.0,0.06297571257619564,0.0,3.7600693450066314,3.0729499851016846,785.4981135132196
1.076582979750789,0.0,0.17250019727659982,0.0,0.06319412074575302,0.0,3.7613110488265296,3.0726299851016843,783.0374239784043
1.076314284342688,0.0,0.17277118605936362,0.0,0.06341261408735284,0.0,3.76255671267811,3.072309985101685,780.5846216857298
1.0760455135773417,0.0,0.17304178999086914,0.0,0.0636311922652281,0.0,3.763806347283148,3.0719899851016845,778.1396954556775
1.0757766678033374,0.0,0.17331201204859947,0.0,0.06384985493955195,0.0,3.76505996336069,3.0716699851016847,775.7026341107658
1.0755077473727037,0.0,0.173581855196246,0.0,0.0640686017664118,0.0,3.766317571626565,3.071349985101685,773.2734264755859
1.0752387526409322,0.0,0.17385132238391465,0.0,0.06428743239778315,0.0,3.7675791827928857,3.071029985101685,770.8520613762723
1.074969683966998,0.0,0.17412041654832505,0.0,0.06450634648149924,0.0,3.768844807567524,3.0707099851016846,768.4385276416028
1.074700541713378,0.0,0.17438914061301217,0.0,0.06472534366122835,0.0,3.770114456653618,3.070389985101685,766.0328141020087
1.0744313262460699,0.0,0.1746574974885254,0.0,0.06494442357644625,0.0,3.771388140749051,3.0700699851016853,763.6349095899329
1.0741620379346148,0.0,0.1749254900726164,0.0,0.06516358586240445,0.0,3.772665870545896,3.0697499851016854,761.2448029399427
1.0738926771521151,0.0,0.17519312125043593,0.0,0.0653828301501084,0.0,3.773947656729917,3.0694299851016855,758.8624829887464
1.0736232442752545,0.0,0.1754603938947201,0.0,0.0656021560662887,0.0,3.775233509980013,3.0691099851016856,756.4879385748311
1.0733537396843171,0.0,0.1757273108659765,0.0,0.06582156323337304,0.0,3.776523440967669,3.068789985101686,754.1211585389772
1.0730841637632091,0.0,0.17599387501266836,0.0,0.06604105126946011,0.0,3.777817460356415,3.0684699851016854,751.7621317238375
1.0728145168994774,0.0,0.17626008917139302,0.0,0.06626061978828975,0.0,3.779115578801239,3.0681499851016856,749.4108469742675
1.0725447994843298,0.0,0.1765259561670638,0.0,0.06648026839922119,0.0,3.780417806948062,3.067829985101686,747.0672931368349
1.0722750119126547,0.0,0.17679147881308221,0.0,0.06669999670719862,0.0,3.781724155433121,3.0675099851016867,744.7314590605953
1.0720051545830398,0.0,0.17705665991151479,0.0,0.06691980431273031,0.0,3.7830346348824246,3.0671899851016864,742.4033335964502
1.0717352278977936,0.0,0.1773215022532614,0.0,0.06713969081185715,0.0,3.7843492559111414,3.066869985101686,740.0829055973045
1.0714652322629659,0.0,0.17758600861822393,0.0,0.06735965579612606,0.0,3.7856680291230127,3.066549985101686,737.7701639183571
1.071195168088364,0.0,0.17785018177547474,0.0,0.06757969885256455,0.0,3.7869909651097617,3.0662299851016863,735.4650974165797
1.0709250357875761,0.0,0.17811402448341812,0.0,0.06779981956365062,0.0,3.7883180744504696,3.065909985101687,733.1676949513644
1.0706548357779901,0.0,0.17837753948995363,0.0,0.06802001750728748,0.0,3.7896493677109726,3.0655899851016866,730.8779453837088
1.070384568480812,0.0,0.1786407295326348,0.0,0.06824029225677512,0.0,3.7909848554432344,3.0652699851016867,728.5958375771252
1.070114234321087,0.0,0.178903597338826,0.0,0.06846064338078299,0.0,3.7923245481847156,3.0649499851016877,726.3213603969123
1.0698438337277194,0.0,0.17916614562585811,0.0,0.06868107044332286,0.0,3.7936684564577456,3.0646299851016874,724.0545027106409
1.0695733671334915,0.0,0.17942837710118065,0.0,0.06890157300372077,0.0,3.795016590768863,3.064309985101687,721.795253387779
1.0693028349750833,0.0,0.17969029446251295,0.0,0.06912215061659037,0.0,3.7963689616081826,3.063989985101688,719.5436013001602
1.0690322376930923,0.0,0.17995190039799358,0.0,0.06934280283180627,0.0,3.797725579448731,3.0636699851016878,717.2995353212762
1.0687615757320539,0.0,0.1802131975863244,0.0,0.06956352919447355,0.0,3.79908645474577,3.0633499851016883,715.0630443270106
1.068490849540459,0.0,0.18047418869691823,0.0,0.06978432924490502,0.0,3.8004515979361466,3.0630299851016876,712.834117195275
1.0682200595707776,0.0,0.18073487639003763,0.0,0.0700052025185889,0.0,3.801821019437586,3.062709985101688,710.6127428059025
1.0679492062794718,0.0,0.18099526331693996,0.0,0.07022614854616728,0.0,3.803194729648038,3.0623899851016887,708.3989100410238
1.067678290127022,0.0,0.18125535212001073,0.0,0.07044716685340234,0.0,3.8045727389449393,3.062069985101689,706.1926077846102
1.067407311577942,0.0,0.18151514543290395,0.0,0.07066825696115346,0.0,3.8059550576845487,3.061749985101689,703.9938249230797
1.0671362711007997,0.0,0.18177464588067593,0.0,0.07088941838535048,0.0,3.807341696201222,3.0614299851016886,701.8025503444451
1.0668651691682374,0.0,0.18203385607991546,0.0,0.07111065063696251,0.0,3.8087326648066875,3.061109985101689,699.6187729390931
1.0665940062569885,0.0,0.18229277863887855,0.0,0.07133195322197505,0.0,3.8101279737893363,3.0607899851016893,697.4424815994302
1.0663227828479,0.0,0.18255141615761425,0.0,0.07155332564136055,0.0,3.8115276334134793,3.0604699851016886,695.2736652199077
1.0660514994259498,0.0,0.1828097712280931,0.0,0.0717747673910521,0.0,3.8129316539186084,3.060149985101689,693.112312696846
1.0657801564802643,0.0,0.18306784643433227,0.0,0.07199627796191575,0.0,3.8143400455186494,3.0598299851016897,690.9584129292018
1.0655087545041415,0.0,0.1833256443525186,0.0,0.07221785683972498,0.0,3.815752818401206,3.0595099851016894,688.8119548171721
1.0652372939950656,0.0,0.18358316755113116,0.0,0.07243950350513316,0.0,3.817169982726804,3.05918998510169,686.6729272637205
1.0649657754547293,0.0,0.18384041859105998,0.0,0.07266121743364622,0.0,3.8185915486281052,3.058869985101689,684.541319173451
1.0646941993890506,0.0,0.1840974000257248,0.0,0.07288299809559577,0.0,3.8200175262091336,3.0585499851016897,682.4171194531837
1.0644225663081928,0.0,0.18435411440119195,0.0,0.07310484495611536,0.0,3.821447925544501,3.0582299851016894,680.3003170116148
1.0641508767265822,0.0,0.18461056425628783,0.0,0.07332675747510876,0.0,3.822882756678593,3.0579099851016895,678.1909007595643
1.063879131162926,0.0,0.18486675212271428,0.0,0.0735487351072292,0.0,3.8243220296247826,3.0575899851016906,676.0888596099189
1.0636073301402331,0.0,0.18512268052515773,0.0,0.07377077730184899,0.0,3.8257657543646126,3.0572699851016907,673.9941824777171
1.0633354741858314,0.0,0.18537835198139876,0.0,0.07399288350303389,0.0,3.8272139408469696,3.056949985101691,671.9068582795896
1.0630635638313846,0.0,0.18563376900242293,0.0,0.07421505314951947,0.0,3.828666598987277,3.0566299851016905,669.8268759345275
1.0627915996129134,0.0,0.18588893409252322,0.0,0.07443728567468152,0.0,3.830123738666637,3.0563099851016906,667.7542243633625
1.0625195820708113,0.0,0.1861438497494079,0.0,0.07465958050651171,0.0,3.8315853697310076,3.0559899851016907,665.6888924891383
1.0622475117498624,0.0,0.18639851846430427,0.0,0.07488193706759401,0.0,3.83305150199035,3.0556699851016904,663.6308692365022
1.0619753891992623,0.0,0.1866529427220564,0.0,0.07510435477507472,0.0,3.8345221452177576,3.055349985101691,661.5801435323444
1.0617032149726313,0.0,0.18690712500123008,0.0,0.07532683304063968,0.0,3.8359973091486004,3.055029985101691,659.5367043054248
1.0614309896280367,0.0,0.1871610677742068,0.0,0.07554937127048815,0.0,3.8374770034796457,3.0547099851016917,657.5005404865267
1.0611587137280065,0.0,0.18741477350728472,0.0,0.07577196886530677,0.0,3.838961237868178,3.0543899851016914,655.4716410084471
1.06088638783955,0.0,0.18766824466077137,0.0,0.07599462522024641,0.0,3.8404500219311104,3.0540699851016915,653.4499948056282
1.060614012534173,0.0,0.18792148368907874,0.0,0.07621733972489501,0.0,3.8419433652440835,3.0537499851016916,651.4355908146891
1.0603415883878948,0.0,0.1881744930408159,0.0,0.07644011176325417,0.0,3.843441277340555,3.0534299851016917,649.4284179741087
1.060069115981268,0.0,0.18842727515887875,0.0,0.07666294071371255,0.0,3.8449437677108897,3.0531099851016914,647.4284652241515
1.0597965958993918,0.0,0.18867983248054152,0.0,0.07688582594902461,0.0,3.8464508458014373,3.0527899851016915,645.4357215070319
1.059524028731931,0.0,0.18893216743754188,0.0,0.07710876683628144,0.0,3.8479625210135895,3.0524699851016925,643.4501757671397
1.0592514150731331,0.0,0.18918428245617025,0.0,0.07733176273689256,0.0,3.8494788027028615,3.052149985101693,641.4718169500259
1.058978755521841,0.0,0.1894361799573543,0.0,0.07755481300655692,0.0,3.8509997001779293,3.0518299851016923,639.5006340038453
1.0587060506815147,0.0,0.18968786235674043,0.0,0.07777791699523982,0.0,3.852525222699666,3.0515099851016925,637.536615878204
1.0584333011602434,0.0,0.18993933206477934,0.0,0.07800107404715326,0.0,3.854055379480207,3.0511899851016926,635.5797515244251
1.058160507570763,0.0,0.19019059148680334,0.0,0.07822428350072717,0.0,3.8555901796819483,3.0508699851016923,633.6300298959791
1.0578876705304727,0.0,0.19044164302310831,0.0,0.07844754468858876,0.0,3.8571296324165725,3.0505499851016933,631.6874399477435
1.0576147906614475,0.0,0.19069248906903166,0.0,0.07867085693754094,0.0,3.8586737467440857,3.050229985101693,629.751970636727
1.0573418685904583,0.0,0.1909431320150265,0.0,0.07889421956853629,0.0,3.860222531671778,3.0499099851016935,627.8236109214436
1.0570689049489825,0.0,0.1911935742467401,0.0,0.07911763189665741,0.0,3.8617759961532605,3.0495899851016937,625.9023497622268
1.0567959003732228,0.0,0.191443818145085,0.0,0.07934109323109252,0.0,3.863334149087424,3.0492699851016933,623.9881761211014
1.0565228555041204,0.0,0.19169386608631223,0.0,0.07956460287511392,0.0,3.864896999317423,3.0489499851016935,622.0810789619013
1.0562497709873693,0.0,0.19194372044208335,0.0,0.07978816012605719,0.0,3.8664645556296597,3.048629985101694,620.1810472500282
1.0559766474734311,0.0,0.19219338357954072,0.0,0.08001176427529946,0.0,3.868036826752745,3.0483099851016937,618.2880699525338
1.055703485617551,0.0,0.19244285786137202,0.0,0.08023541460823493,0.0,3.8696138213564217,3.047989985101694,616.4021360382638
1.0554302860797689,0.0,0.19269214564588202,0.0,0.0804591104042586,0.0,3.8711955480505544,3.047669985101694,614.523234477561
1.0551570495249365,0.0,0.19294124928705603,0.0,0.08068285093674324,0.0,3.872782015384052,3.0473499851016936,612.651354242275
1.0548837766227275,0.0,0.19319017113462414,0.0,0.08090663547301664,0.0,3.8743732318437782,3.047029985101694,610.7864843061142
1.0546104680476536,0.0,0.1934389135341252,0.0,0.08113046327434609,0.0,3.8759692058535045,3.0467099851016943,608.9286136441228
1.054337124479078,0.0,0.19368747882696774,0.0,0.08135433359591394,0.0,3.8775699457728026,3.046389985101695,607.0777312329451
1.0540637466012248,0.0,0.19393586935049142,0.0,0.0815782456868022,0.0,3.8791754598959667,3.046069985101695,605.2338260507761
1.0537903351031963,0.0,0.19418408743802532,0.0,0.08180219878996814,0.0,3.880785756450894,3.045749985101695,603.3968870772266
1.0535168906789825,0.0,0.19443213541894588,0.0,0.08202619214223138,0.0,3.882400843597999,3.045429985101695,601.5669032933839
1.053243414027474,0.0,0.19468001561873427,0.0,0.0822502249742492,0.0,3.884020729429065,3.0451099851016945,599.7438636818245
1.0529699058524762,0.0,0.19492773035902902,0.0,0.0824742965105015,0.0,3.8856454219661405,3.044789985101695,597.9277572265182
1.0526963668619664,0.0,0.1951752819575673,0.0,0.08269840596830702,0.0,3.8872749291475297,3.0444699851017565,596.1185730250616
1.0521491992985081,0.0,0.19566990498287953,0.0,0.08314673549643241,0.0,3.8905484189640465,3.0438299851016946,592.5209266581995
1.0516019171035973,0.0,0.1961639031633828,0.0,0.0835952071774182,0.0,3.893841260988367,3.043189985101695,588.9508368275904
1.0510545261262172,0.0,0.1966572949109231,0.0,0.08404381453370305,0.0,3.8971535161740247,3.0425499851016937,585.4082153506895
1.0505070322944277,0.0,0.19715009858138582,0.0,0.08449255098601542,0.0,3.9004852442162203,3.041909985101695,581.8929741765795
1.0499594416164089,0.0,0.1976423324762462,0.0,0.08494140985386198,0.0,3.9038365035266724,3.0412699851016947,578.4050252730071
1.0494117601807584,0.0,0.19813401484390833,0.0,0.08539038435506374,0.0,3.907207351195,3.040629985101693,574.9442806247555
1.0488639941567506,0.0,0.19862516388097218,0.0,0.08583946760532231,0.0,3.9105978429496857,3.0399899851016943,571.5106522330177
1.048316149794583,0.0,0.19911579773342078,0.0,0.08628865261781979,0.0,3.9140080331185927,3.0393499851016927,568.1040521140001
1.0477682334255993,0.0,0.19960593449772449,0.0,0.08673793230283927,0.0,3.9174379745889794,3.0387099851016934,564.7243922979104
1.0472202514624875,0.0,0.20009559222187268,0.0,0.08718729946742591,0.0,3.920887718767139,3.0380699851016937,561.3715848274333
1.0466722103994552,0.0,0.20058478890632236,0.0,0.087636746815071,0.0,3.9243573155375477,3.037429985101693,558.0455417568484
1.046124116812384,0.0,0.20107354250487014,0.0,0.08808626694543632,0.0,3.927846813221636,3.036789985101693,554.7461751503463
1.0455759773589526,0.0,0.20156187092544633,0.0,0.08853585235410559,0.0,3.9313562585361206,3.0361499851016926,551.4733970808433
1.0450277987787395,0.0,0.20204979203083212,0.0,0.0889854954323798,0.0,3.9348856965509698,3.035509985101693,548.2271196282699
1.0444795878932918,0.0,0.20253732363929974,0.0,0.08943518846709997,0.0,3.9384351706469682,3.0348699851016927,545.007254878566
1.0439313516061774,0.0,0.2030244835251702,0.0,0.08988492364051501,0.0,3.9420047224729102,3.034229985101692,541.8137149215963
1.043383096902999,0.0,0.20351128941929916,0.0,0.09033469303018134,0.0,3.9455943919024303,3.033589985101692,538.6464118500569
1.04283483085138,0.0,0.20399775900948577,0.0,0.09078448860891374,0.0,3.949204216990563,3.0329499851016912,535.5052577572989
1.0422865606009268,0.0,0.20448390994079926,0.0,0.09123430224476363,0.0,3.9528342339298708,3.0323099851016915,532.3901647360168
1.0417382933831527,0.0,0.20496975981583226,0.0,0.09168412570104989,0.0,3.9564844770063567,3.0316699851016913,529.301044876469
1.0411900365113755,0.0,0.2054553261948771,0.0,0.09213395063643157,0.0,3.9601549785550563,3.031029985101691,526.2378102643606
1.040641797380579,0.0,0.20594062659602258,0.0,0.09258376860502228,0.0,3.963845768915354,3.030389985101691,523.2003729793091
1.0400935834672425,0.0,0.20642567849517712,0.0,0.09303357105655333,0.0,3.967556876386077,3.0297499851016907,520.1886450927083
1.0395454023291357,0.0,0.20691049932601263,0.0,0.09348334933658752,0.0,3.971288327180348,3.02910998510169,517.2025386657693
1.0389972616050822,0.0,0.20739510647983012,0.0,0.0939330946867729,0.0,3.9750401453802153,3.0284699851016903,514.2419657475505
1.038449169014678,0.0,0.20787951730535503,0.0,0.09438279824515676,0.0,3.9788123528911536,3.02782998510169,511.30683837272863
1.037901132357982,0.0,0.20836374910844802,0.0,0.09483245104654531,0.0,3.9826049693963506,3.0271899851016886,508.39706855955677
1.0373531595151715,0.0,0.2088478191517403,0.0,0.09528204402291209,0.0,3.986418012310863,3.02654998510169,505.512568307506
1.0368052584461411,0.0,0.20933174465420168,0.0,0.09573156800387309,0.0,3.990251496735739,3.0259099851016895,502.65324959507655
1.0362574371900877,0.0,0.20981554279061748,0.0,0.09618101371720052,0.0,3.9941054354119423,3.0252699851016893,499.81902437741223
1.0357097038650358,0.0,0.21029923069099987,0.0,0.09663037178940416,0.0,3.9979798386743117,3.0246299851016887,497.00980458390677
1.0351620666673336,0.0,0.21078282543991858,0.0,0.09707963274636768,0.0,4.001874714405459,3.0239899851016885,494.2255021156373
1.0346145338710993,0.0,0.21126634407575562,0.0,0.09752878701403815,0.0,4.0057900679896665,3.0233499851016887,491.4660288429336
1.03406711382763,0.0,0.2117498035898867,0.0,0.0979778249191849,0.0,4.00972590226684,3.0227099851016885,488.7312966027636
1.0335198149647706,0.0,0.21223322092578023,0.0,0.09842673669020809,0.0,4.013682217486485,3.0220699851016883,486.02121719600586
1.0329726457862274,0.0,0.21271661297802927,0.0,0.09887551245801789,0.0,4.0176590112618245,3.0214299851016886,483.3357023848813
1.03242561487085,0.0,0.21319999659130126,0.0,0.09932414225697452,0.0,4.021656278524026,3.0207899851016884,480.6746638899532
1.0318787308718609,0.0,0.21368338855921384,0.0,0.09977261602588876,0.0,4.025674011476574,3.0201499851016878,478.0380133874602
1.0313320025160393,0.0,0.21416680562313978,0.0,0.1002209236090932,0.0,4.0297121995498815,3.0195099851016876,475.4256625062319
1.0307854386028594,0.0,0.2146502644709309,0.0,0.10066905475757477,0.0,4.033770829356082,3.018869985101688,472.8375228250513
1.0302390480035835,0.0,0.2151337817355724,0.0,0.10111699913017844,0.0,4.037849884644159,3.0182299851016876,470.27350586920693
1.0296928396603016,0.0,0.21561737399376282,0.0,0.10156474629487863,0.0,4.041949346255322,3.017589985101687,467.7335231075911
1.029146822584927,0.0,0.21610105776441715,0.0,0.10201228573011552,0.0,4.04606919207876,3.016949985101686,465.2174859496618
1.0286010058581434,0.0,0.21658484950709936,0.0,0.10245960682620531,0.0,4.050209397007772,3.0163099851016866,462.7253057420946
1.028055398628295,0.0,0.21706876562038532,0.0,0.1029066988868242,0.0,4.054369932896349,3.015669985101687,460.25689376548996
1.027510010110237,0.0,0.2175528224401468,0.0,0.10335355113055573,0.0,4.058550768516177,3.015029985101686,457.81216123112426
1.0269648495841235,0.0,0.21803703623777063,0.0,0.10380015269251845,0.0,4.062751869514202,3.0143899851016864,455.39101927753893
1.0264199263941558,0.0,0.21852142321830326,0.0,0.10424649262606228,0.0,4.0669731983707,3.013749985101686,452.99337896706453
1.0258752499472703,0.0,0.2190059995185265,0.0,0.10469255990454117,0.0,4.071214714357978,3.0131099851016856,450.61915128238695
1.025330829711778,0.0,0.21949078120496437,0.0,0.10513834342315641,0.0,4.07547637349969,3.0124699851016854,448.2682471229315
1.0247866752159487,0.0,0.21997578427182277,0.0,0.10558383200088176,0.0,4.079758128530873,3.011829985101685,445.9405773012686
1.0242427960465466,0.0,0.22046102463885836,0.0,0.10602901438245893,0.0,4.084059928858674,3.011189985101684,443.63605253941444
1.0236992018473106,0.0,0.22094651814918154,0.0,0.10647387924046282,0.0,4.088381720523841,3.010549985101685,441.35458346537206
1.0231559023173782,0.0,0.22143228056699957,0.0,0.10691841517746412,0.0,4.09272344616314,3.009909985101684,439.0960806089001
1.0226129072096621,0.0,0.2219183275752859,0.0,0.10736261072824098,0.0,4.097085044972487,3.009269985101685,436.86045439822584
1.0220702263291657,0.0,0.2224046747733944,0.0,0.10780645436208947,0.0,4.101466452671131,3.0086299851016842,434.64761515578715
1.021527869531253,0.0,0.22289133767460462,0.0,0.1082499344851979,0.0,4.10586760146672,3.0079899851016845,432.4574730945345
1.0209858467198543,0.0,0.22337833170361382,0.0,0.10869303944310715,0.0,4.110288420021439,3.007349985101683,430.28993831407246
1.0204441678456309,0.0,0.22386567219396009,0.0,0.10913575752323791,0.0,4.1147288334191385,3.0067099851016836,428.14492079644197
1.0199028429040715,0.0,0.22435337438539765,0.0,0.1095780769575068,0.0,4.1191887631336686,3.0060699851016826,426.02233040227134
1.0193618819335468,0.0,0.22484145342120632,0.0,0.11001998592500778,0.0,4.123668126998289,3.0054299851016824,423.9220768667819
1.0188212950133047,0.0,0.22532992434545154,0.0,0.11046147255477938,0.0,4.128166839176329,3.0047899851016826,421.8440697955348
1.0182810922614096,0.0,0.22581880210019045,0.0,0.11090252492864194,0.0,4.132684810133118,3.004149985101683,419.7882186605087
1.017741283832638,0.0,0.22630810152262204,0.0,0.11134313108411185,0.0,4.137221946609176,3.0035099851016827,417.75443279581316
1.0172018799163083,0.0,0.2267978373421959,0.0,0.11178327901739575,0.0,4.141778151594844,3.0028699851016825,415.7426213936504
1.016662890734072,0.0,0.22728802417766042,0.0,0.11222295668645023,0.0,4.146353324306199,3.0022299851016823,413.7526934999946
1.0161243265376392,0.0,0.22777867653407763,0.0,0.11266215201412456,0.0,4.150947360162556,3.001589985101682,411.784558010639
1.0155861976064628,0.0,0.22826980879978712,0.0,0.11310085289137099,0.0,4.155560150765397,3.000949985101682,409.8381236667172
1.015048514245368,0.0,0.2287614352433278,0.0,0.11353904718052987,0.0,4.1601915838788575,3.000309985101681,407.91329905068784
1.0145112867821324,0.0,0.22925357001032134,0.0,0.11397672271868284,0.0,4.164841543411834,2.999669985101681,406.00999258193644
1.0139745255650128,0.0,0.22974622712031995,0.0,0.11441386732108005,0.0,4.169509909401728,2.9990299851016813,404.12811251278094
1.0134382409602287,0.0,0.23023942046361606,0.0,0.1148504687846339,0.0,4.174196557999902,2.9983899851016815,402.2675669239939
1.012902443349394,0.0,0.2307331637980201,0.0,0.11528651489148035,0.0,4.178901361458838,2.997749985101681,400.4282637207689
1.0123671431269055,0.0,0.23122747074560648,0.0,0.11572199341260446,0.0,4.183624188121108,2.997109985101681,398.6101106284585
1.0118323506972808,0.0,0.23172235478943612,0.0,0.1161568921115363,0.0,4.18836490241017,2.9964699851016805,396.8130151882577
1.0112980764724544,0.0,0.23221782927024942,0.0,0.11659119874810298,0.0,4.193123364823036,2.99582998510168,395.0368847532715
1.010764330869029,0.0,0.2327139073831386,0.0,0.11702490108224639,0.0,4.19789943192485,2.99518998510168,393.2816264840947
1.010231124305483,0.0,0.23321060217420156,0.0,0.11745798687789615,0.0,4.202692956345423,2.9945499851016795,391.5471473448994
1.0096984671993399,0.0,0.23370792653717673,0.0,0.11789044390690522,0.0,4.20750378677777,2.9939099851016797,389.83335409918703
1.0091663699642934,0.0,0.23420589321006563,0.0,0.11832225995303493,0.0,4.212331767978667,2.99326998510168,388.14015330583607
1.0086348430072982,0.0,0.2347045147717441,0.0,0.11875342281599705,0.0,4.217176740771292,2.9926299851016798,386.46745131506555
1.008103896725622,0.0,0.23520380363856566,0.0,0.1191839203155453,0.0,4.222038542049963,2.9919899851016796,384.81515426435425
1.0075735415038578,0.0,0.23570377206096052,0.0,0.11961374029561235,0.0,4.226917004787016,2.991349985101679,383.1831680747279
1.0070437877109122,0.0,0.23620443212003234,0.0,0.12004287062849915,0.0,4.23181195804187,2.990709985101679,381.57139844671985
1.00651464569695,0.0,0.23670579572415867,0.0,0.1204712992191004,0.0,4.236723226972275,2.9900699851016785,379.97975085665854
1.005986125790319,0.0,0.2372078746055917,0.0,0.12089901400917209,0.0,4.241650632847782,2.989429985101679,378.4081305530286
1.005458238294435,0.0,0.2377106803170762,0.0,0.1213260029816436,0.0,4.24659399306553,2.9887899851016786,376.8564425526104
1.0049309934846518,0.0,0.23821422422846852,0.0,0.12175225416495225,0.0,4.251553121168233,2.9881499851016775,375.3245916371123
1.0044044016051004,0.0,0.23871851752337636,0.0,0.12217775563741837,0.0,4.256527826864514,2.9875099851016778,373.81248234957553
1.0038784728655006,0.0,0.23922357119582013,0.0,0.12260249553164795,0.0,4.261517916051581,2.9868699851016776,372.32001899112583
1.0033532174379656,0.0,0.23972939604690932,0.0,0.12302646203895719,0.0,4.26652319084021,2.9862299851016774,370.84710561741343
1.0028286454537743,0.0,0.24023600268154913,0.0,0.12344964341382053,0.0,4.271543449582088,2.985589985101677,369.3936460356884
1.0023047670001346,0.0,0.24074340150517567,0.0,0.1238720279783389,0.0,4.276578486899565,2.984949985101677,367.9595438017223
1.0017815921169337,0.0,0.241251602720522,0.0,0.12429360412672004,0.0,4.281628093717723,2.9843099851016768,366.5447022166342
1.0012591307934724,0.0,0.24176061632442342,0.0,0.12471436032977495,0.0,4.286692057298903,2.983669985101677,365.1490243241674
1.0007373929651902,0.0,0.2422704521046608,0.0,0.12513428513941627,0.0,4.291770161279581,2.9830299851016764,363.77241290814686
1.0002163885103925,0.0,0.24278111963684573,0.0,0.12555336719316618,0.0,4.296862185709632,2.982389985101676,362.41477048963105
0.9996961272469609,0.0,0.2432926282813573,0.0,0.12597159521866183,0.0,4.3019679070940375,2.9817499851016764,361.07599932467144
0.999176618929068,0.0,0.24380498718032714,0.0,0.1263889580381601,0.0,4.307087098436956,2.981109985101676,359.75600140187163
0.9986578732438969,0.0,0.24431820525467546,0.0,0.1268054445730291,0.0,4.3122195292881464,2.980469985101676,358.4546784405335
0.9981398998083533,0.0,0.24483229120121458,0.0,0.12722104384824084,0.0,4.317364965791868,2.979829985101675,357.17193188827395
0.9976227081657969,0.0,0.24534725348980035,0.0,0.12763574499683164,0.0,4.322523170738022,2.9791899851016748,355.90766291964167
0.9971063077827697,0.0,0.24586310036056122,0.0,0.1280495372643597,0.0,4.327693903615736,2.978549985101674,354.661772434129
0.9965907080457428,0.0,0.24637983982118877,0.0,0.12846241001332942,0.0,4.332876920669247,2.977909985101675,353.4341610549576
0.996075918257873,0.0,0.24689747964430397,0.0,0.12887435272759448,0.0,4.338071974956118,2.977269985101674,352.2247291276788
0.9955619476357822,0.0,0.24741602736489274,0.0,0.1292853550167229,0.0,4.343278816407685,2.976629985101674,351.0333767190955
0.9950488053063482,0.0,0.24793549027782896,0.0,0.12969540662033396,0.0,4.348497191891845,2.9759899851016742,349.8600036164164
0.9945365003035235,0.0,0.24845587543547368,0.0,0.13010449741239194,0.0,4.353726845278027,2.975349985101674,348.70450932651477
0.9940250415651789,0.0,0.24897718964536078,0.0,0.13051261740545606,0.0,4.358967517504364,2.974709985101674,347.5667930754543
0.9935144379299724,0.0,0.24949943946797232,0.0,0.13091975675488401,0.0,4.364218946647041,2.974069985101673,346.44675380814664
0.9930046981342506,0.0,0.2500226312146042,0.0,0.13132590576298164,0.0,4.36948086799175,2.973429985101674,345.344290188447
0.9924958308089824,0.0,0.2505467709453291,0.0,0.13173105488310213,0.0,4.374753014107264,2.9727899851016732,344.2593005991138
0.9919878444767303,0.0,0.25107186446705354,0.0,0.13213519472367527,0.0,4.380035114920983,2.972149985101673,343.1916831423012
0.991480747548658,0.0,0.251597917331679,0.0,0.13253831605218463,0.0,4.385326897796531,2.971509985101673,342.1413356400973
0.9909745483215836,0.0,0.2521249348343632,0.0,0.1329404097990674,0.0,4.390628087613242,2.9708699851016727,341.10815563546214
0.9904692549750727,0.0,0.25265292201189016,0.0,0.1333414670615462,0.0,4.395938406847569,2.9702299851016725,340.09204039322464
0.9899648755685807,0.0,0.25318188364114785,0.0,0.1337414791073872,0.0,4.401257575656292,2.9695899851016727,339.09288690139294
0.9894614180386454,0.0,0.2537118242377173,0.0,0.1341404373785742,0.0,4.406585311961507,2.9689499851016725,338.1105918727297
0.9889588901961299,0.0,0.25424274805457237,0.0,0.13453833349490035,0.0,4.411921331537309,2.968309985101672,337.1450517466186
0.9884572997235231,0.0,0.25477465908089875,0.0,0.13493515925747634,0.0,4.417265348098116,2.9676699851016712,336.1961626910891
0.987956654172293,0.0,0.25530756104103036,0.0,0.13533090665214495,0.0,4.422617073388609,2.967029985101671,335.26382060508007
0.9874569609603032,0.0,0.25584145739350306,0.0,0.13572556785280046,0.0,4.427976217275103,2.966389985101671,334.34792112109477
0.9869582273692927,0.0,0.25637635133023123,0.0,0.13611913522461425,0.0,4.433342487838421,2.9657499851016715,333.4483596079988
0.9864604605424147,0.0,0.25691224577580896,0.0,0.13651160132715617,0.0,4.438715591468088,2.965109985101671,332.5650311741093
0.9859636674818484,0.0,0.25744914338693264,0.0,0.1369029589174123,0.0,4.444095232957819,2.964469985101671,331.6978306706113
0.9854678550464764,0.0,0.25798704655195315,0.0,0.13729320095269806,0.0,4.449481115602218,2.96382998510167,330.8466526950601
0.9849730299496336,0.0,0.2585259573905523,0.0,0.13768232059345686,0.0,4.454872941294591,2.9631899851016703,330.0113915954029
0.9844791987569304,0.0,0.2590658777535517,0.0,0.13807031120595065,0.0,4.460270410625833,2.9625499851016706,329.1919414741018
0.9839863678841485,0.0,0.2596068092228481,0.0,0.13845716636483113,0.0,4.465673222984245,2.96190998510167,328.3881961924671
0.9834945435952198,0.0,0.2601487531114775,0.0,0.13884287985559243,0.0,4.471081076656229,2.96126998510167,327.600049375464
0.9830037320002744,0.0,0.2606917104638176,0.0,0.1392274456769068,0.0,4.476493668927828,2.960629985101669,326.82739441669077
0.9825139390537826,0.0,0.2612356820559092,0.0,0.13961085804283196,0.0,4.481910696186865,2.9599899851016693,326.07012448347825
0.9820251705527652,0.0,0.26178066839592395,0.0,0.13999311138489925,0.0,4.487331854025839,2.959349985101669,325.32813252245387
0.9815374321350988,0.0,0.26232666972475127,0.0,0.1403742003540671,0.0,4.492756837345213,2.9587099851016694,324.6013112653839
0.9810507292778993,0.0,0.2628736860167269,0.0,0.14075411982255365,0.0,4.4981853404572485,2.9580699851016683,323.8895532350578
0.9805650672959982,0.0,0.26342171698048295,0.0,0.1411328648855314,0.0,4.503617057190093,2.9574299851016694,323.19275075166803
0.9800804513405014,0.0,0.2639707620599405,0.0,0.1415104308626933,0.0,4.5090516809922105,2.956789985101669,322.5107959393857
0.9795968863974399,0.0,0.2645208204354253,0.0,0.14188681329968592,0.0,4.514488905036922,2.956149985101668,321.8435807330243
0.9791143772865122,0.0,0.2650718910249138,0.0,0.14226200796940366,0.0,4.5199284223270295,2.955509985101667,321.19099688529366
0.9786329286599142,0.0,0.2656239724854144,0.0,0.142636010873152,0.0,4.525369925799436,2.9548699851016678,320.55293597395587
0.9781525450012635,0.0,0.2661770632144715,0.0,0.14300881824167058,0.0,4.530813108429664,2.954229985101667,319.92928940947627
0.9776732306246168,0.0,0.26673116135179714,0.0,0.1433804265360199,0.0,4.53625766333613,2.9535899851016674,319.3199484428343
0.977194989673579,0.0,0.2672862647810326,0.0,0.14375083244833115,0.0,4.541703283884182,2.952949985101667,318.7248041735151
0.9767178261205073,0.0,0.2678423711316306,0.0,0.14412003290241596,0.0,4.547149663789734,2.9523099851016665,318.1437475578481
0.9762417437658109,0.0,0.2683994777808602,0.0,0.14448802505423822,0.0,4.5525964972224,2.951669985101667,317.5766694174741
0.9757667462373387,0.0,0.26895758185593815,0.0,0.14485480629224967,0.0,4.5580434789081465,2.9510299851016666,317.0234604481906
0.9752928369898725,0.0,0.2695166802362723,0.0,0.14522037423758363,0.0,4.563490304231213,2.9503899851016664,316.4840112288125
0.9748200193047055,0.0,0.2700767695558258,0.0,0.14558472674411338,0.0,4.568936669335359,2.9497499851016666,315.95821223039474
0.9743482962893201,0.0,0.2706378462055984,0.0,0.1459478618983747,0.0,4.574382271224269,2.949109985101666,315.4459538256036
0.9738776708771579,0.0,0.271199906336216,0.0,0.14630977801934567,0.0,4.579826807861063,2.948469985101666,314.9471262983926
0.9734081458274861,0.0,0.2717629458606343,0.0,0.14667047365809915,0.0,4.585269978266845,2.947829985101665,314.46161985370384
0.9729397237253576,0.0,0.27232696045694726,0.0,0.1470299475973137,0.0,4.590711482618117,2.947189985101665,313.9893246274813
0.9724724069816609,0.0,0.27289194557130286,0.0,0.14738819885065493,0.0,4.596151022343165,2.946549985101665,313.5301306968626
0.9720061978332671,0.0,0.27345789642092183,0.0,0.1477452266620227,0.0,4.60158830021713,2.945909985101665,313.08392809044767
0.9715410983432664,0.0,0.2740248079972121,0.0,0.14810103050466952,0.0,4.607023020455831,2.945269985101665,312.6506067989367
0.971077110401297,0.0,0.2745926750689828,0.0,0.14845561008018568,0.0,4.612454888808212,2.944629985101665,312.23005678572525
0.9706142357239633,0.0,0.27516149218575153,0.0,0.14880896531736632,0.0,4.617883612647353,2.943989985101665,311.82216799768395
0.9701524758553444,0.0,0.2757312536811393,0.0,0.14916109637094102,0.0,4.623308901059989,2.943349985101664,311.42683037625284
0.9696918321675876,0.0,0.27630195367635735,0.0,0.14951200362019004,0.0,4.628730464934453,2.942709985101663,311.0439338684711
0.9692323058615966,0.0,0.27687358608376894,0.0,0.14986168766743585,0.0,4.634148017046968,2.9420699851016634,310.67336843820294
0.9687738979677938,0.0,0.27744614461054234,0.0,0.1502101493364162,0.0,4.639561272146297,2.9414299851016636,310.31502407754766
0.9683166093469765,0.0,0.2780196227623713,0.0,0.1505573896705419,0.0,4.644969947036598,2.9407899851016635,309.96879081830434
0.9678604406912531,0.0,0.2785940138472723,0.0,0.15090340993103912,0.0,4.650373760658481,2.9401499851016637,309.6345587434831
0.9674053925250573,0.0,0.27916931097945225,0.0,0.15124821159498397,0.0,4.65577243416824,2.939509985101663,309.3122179990903
0.966951465206247,0.0,0.2797455070832389,0.0,0.15159179635322573,0.0,4.661165691015129,2.9388699851016624,309.00165880574593
0.9664986589272772,0.0,0.2803225948970765,0.0,0.1519341661082078,0.0,4.666553257016735,2.9382299851016622,308.70277147064724
0.9660469737164513,0.0,0.28090056697757765,0.0,0.15227532297168636,0.0,4.6719348604323185,2.9375899851016625,308.4154463993285
0.965596409439246,0.0,0.28147941570363194,0.0,0.15261526926234653,0.0,4.677310232034138,2.9369499851016627,308.13957410770627
0.9651469657997059,0.0,0.28205913328056376,0.0,0.15295400750332774,0.0,4.682679105176708,2.936309985101662,307.8750452341106
0.964698642341916,0.0,0.2826397117443366,0.0,0.15329154041965262,0.0,4.688041215863891,2.9356699851016614,307.6217505511659
0.9642514384515349,0.0,0.2832211429658018,0.0,0.15362787093556793,0.0,4.693396302813921,2.9350299851016612,307.3795809780834
0.9638053533573959,0.0,0.28380341865498987,0.0,0.15396300217179917,0.0,4.698744107522229,2.934389985101662,307.14842759259363
0.9633603861331765,0.0,0.2843865303654305,0.0,0.1542969374427256,0.0,4.70408437432206,2.9337499851016613,306.9281816431185
0.9629165356991267,0.0,0.28497046949850996,0.0,0.15462968025347162,0.0,4.709416850442879,2.93310998510166,306.7187345608347
0.9624738008238592,0.0,0.2855552273078517,0.0,0.15496123429692368,0.0,4.714741286066514,2.9324699851016613,306.51997797182787
0.9620321801261903,0.0,0.28614079490373323,0.0,0.15529160345068035,0.0,4.720057434381146,2.931829985101661,306.3318037091864
0.9615916720770493,0.0,0.28672716325750436,0.0,0.15562079177392624,0.0,4.725365051632874,2.931189985101661,306.1541038249475
0.9611522750014292,0.0,0.2873143232060391,0.0,0.15594880350424756,0.0,4.730663897175122,2.9305499851016603,305.9867706022999
0.9607139870803943,0.0,0.2879022654561928,0.0,0.1562756430543816,0.0,4.735953733515691,2.9299099851016597,305.8296965674366
0.960276806353135,0.0,0.2884909805892704,0.0,0.15660131500891392,0.0,4.741234326361559,2.9292699851016595,305.68277450154676
0.9598407307190674,0.0,0.2890804590655008,0.0,0.15692582412091646,0.0,4.7465054446613415,2.9286299851016597,305.5458974527193
0.9594057579399777,0.0,0.2896706912285176,0.0,0.15724917530854088,0.0,4.7517668606455326,2.92798998510166,305.41895874767374
0.9589718856422113,0.0,0.2902616673098284,0.0,0.15757137365155965,0.0,4.757018349864319,2.9273499851016593,305.30185200356794
0.9585391113188942,0.0,0.29085337743329254,0.0,0.15789242438786924,0.0,4.762259691223253,2.9267099851016596,305.1944711396098
0.9581074323321976,0.0,0.2914458116195824,0.0,0.15821233290994885,0.0,4.767490667016535,2.9260699851016585,305.0967103886774
0.9576768459156348,0.0,0.2920389597906344,0.0,0.158531104761291,0.0,4.772711062958079,2.9254299851016587,305.00846430868114
0.9572473491763857,0.0,0.29263281177409367,0.0,0.15884874563279072,0.0,4.777920668210326,2.9247899851016586,304.9296277940244
0.9568189390976591,0.0,0.2932273573077303,0.0,0.15916526135911377,0.0,4.783119275410771,2.9241499851016584,304.86009608678006
0.9563916125410781,0.0,0.29382258604384043,0.0,0.15948065791503566,0.0,4.788306680696295,2.9235099851016586,304.7997647878026
0.9559653662490863,0.0,0.2944184875536286,0.0,0.15979494141176048,0.0,4.793482683725309,2.9228699851016575,304.74852986776534
0.9555401968473874,0.0,0.2950150513315517,0.0,0.16010811809321912,0.0,4.798647087697656,2.922229985101658,304.7062876780243
0.9551161008473942,0.0,0.2956122667996489,0.0,0.16042019433235863,0.0,4.803799699372428,2.9215899851016576,304.6729349612281
0.9546930746487026,0.0,0.29621012331182633,0.0,0.16073117662741065,0.0,4.808940329083575,2.9209499851016574,304.64836886208434
0.9542711145415811,0.0,0.29680861015811455,0.0,0.16104107159815892,0.0,4.814068790753443,2.9203099851016576,304.6324869375652
0.9538502167094697,0.0,0.2974077165688899,0.0,0.16134988598220198,0.0,4.819184901904271,2.919669985101657,304.62518716727504
0.9534303772314973,0.0,0.2980074317190493,0.0,0.16165762663120356,0.0,4.824288483667524,2.919029985101657,304.6263679635718
0.9530115920850017,0.0,0.2986077447321525,0.0,0.16196430050716026,0.0,4.829379360791369,2.918389985101657,304.6359281813851
0.9525938571480632,0.0,0.2992086446845128,0.0,0.16226991467865687,0.0,4.834457361646024,2.917749985101657,304.65376712804533
0.9521771682020387,0.0,0.29981012060924606,0.0,0.1625744763171399,0.0,4.839522318227258,2.917109985101656,304.6797845728553
0.9517615209341046,0.0,0.30041216150026684,0.0,0.1628779926931938,0.0,4.844574066157933,2.916469985101656,304.71388075639254
0.9513469109397942,0.0,0.30101475631624136,0.0,0.16318047117283527,0.0,4.849612444687689,2.915829985101656,304.7559563997935
0.9509333337255418,0.0,0.3016178939844815,0.0,0.16348191921381755,0.0,4.854637296690813,2.915189985101656,304.8059127137103
0.9505207847112206,0.0,0.302221563404788,0.0,0.16378234436195574,0.0,4.85964846866227,2.9145499851016554,304.86365140708574
0.9501092592326762,0.0,0.30282575345323803,0.0,0.16408175424746907,0.0,4.864645810712047,2.913909985101655,304.9290746958695
0.9496987525442577,0.0,0.3034304529859149,0.0,0.1643801565813505,0.0,4.869629176557717,2.913269985101655,305.0020853112781
0.9492892598213375,0.0,0.3040356508425789,0.0,0.16467755915175517,0.0,4.874598423515389,2.9126299851016544,305.0825865080893
0.948880776162823,0.0,0.30464133585028,0.0,0.1649739698204216,0.0,4.879553412489019,2.9119899851016546,305.1704820726012
0.9484732965936591,0.0,0.3052474968269077,0.0,0.16526939651911932,0.0,4.884494007958129,2.911349985101655,305.26567633039554
0.9480668160673175,0.0,0.30585412258467654,0.0,0.16556384724612547,0.0,4.8894200779639965,2.910709985101655,305.36807415387966
0.9476613294682692,0.0,0.3064612019335535,0.0,0.1658573300627424,0.0,4.89433149409438,2.9100699851016545,305.47758096970233
0.9472568316144471,0.0,0.3070687236846138,0.0,0.16614985308984134,0.0,4.8992281314667485,2.909429985101654,305.59410276580473
0.9468533172596878,0.0,0.30767667665333753,0.0,0.1664414245044474,0.0,4.904109868710145,2.908789985101654,305.71754609835375
0.9464507810961562,0.0,0.3082850496628348,0.0,0.1667320525363681,0.0,4.908976587945711,2.9081499851016535,305.8478180984275
0.946049217756752,0.0,0.3088938315470073,0.0,0.16702174546485085,0.0,4.913828174765854,2.9075099851016537,305.9848264785288
0.9456486218174927,0.0,0.30950301115364226,0.0,0.1673105116152934,0.0,4.918664518212221,2.9068699851016526,306.12847953871585
0.9452489877998789,0.0,0.3101125773474337,0.0,0.167598359355991,0.0,4.923485510752376,2.906229985101653,306.27868617270724
0.9448503101732336,0.0,0.31072251901294023,0.0,0.16788529709493216,0.0,4.928291048255391,2.9055899851016527,306.4353558736626
0.9444525833570186,0.0,0.3113328250574705,0.0,0.16817133327663686,0.0,4.933081029966245,2.9049499851016525,306.59839873972726
0.9440558017231243,0.0,0.311943484413901,0.0,0.1684564763790456,0.0,4.9378553584791955,2.904309985101652,306.76772547942056
0.9436599595981382,0.0,0.31255448604342034,0.0,0.1687407349104532,0.0,4.9426139397100854,2.903669985101652,306.94324741668765
0.9432650512655795,0.0,0.3131658189382106,0.0,0.16902411740649634,0.0,4.947356682867697,2.9030299851016514,307.1248764958683
0.942871070968113,0.0,0.31377747212405005,0.0,0.169306632427186,0.0,4.952083500424103,2.9023899851016517,307.3125252863196
0.9424780129097294,0.0,0.31438943466285246,0.0,0.16958828855399605,0.0,4.9567943080842145,2.9017499851016515,307.50610698690855
0.9420858712578981,0.0,0.3150016956551348,0.0,0.1698690943870006,0.0,4.961489024754387,2.9011099851016517,307.705535430195
0.9416946401456908,0.0,0.3156142442424109,0.0,0.17014905854206702,0.0,4.9661675725102725,2.9004699851016515,307.9107250864945
0.9413043136738731,0.0,0.3162270696095234,0.0,0.17042818964809742,0.0,4.970829876563882,2.899829985101651,308.12159106765756
0.9409148859129661,0.0,0.3168401609868959,0.0,0.17070649634433016,0.0,4.975475865229937,2.8991899851016507,308.3380491305659
0.9405263509052744,0.0,0.3174535076527262,0.0,0.17098398727769157,0.0,4.980105469891534,2.89854998510165,308.5600156805983
0.9401387026668833,0.0,0.31806709893510304,0.0,0.17126067110020363,0.0,4.98471862496517,2.89790998510165,308.7874077747225
0.9397519351896233,0.0,0.3186809242140581,0.0,0.17153655646644622,0.0,4.989315267865174,2.8972699851016492,309.02014312441617
0.9393660424429999,0.0,0.3192949729235489,0.0,0.17181165203107757,0.0,4.993895338967577,2.89662998510165,309.25814009838757
0.9389810183760913,0.0,0.31990923455337467,0.0,0.1720859664464083,0.0,4.998458781573472,2.8959899851016497,309.50131772508587
0.9385968569194103,0.0,0.32052369865102404,0.0,0.17235950836002872,0.0,5.003005541871877,2.8953499851016495,309.7495956950585
0.938213551986736,0.0,0.32113835482345615,0.0,0.17263228641249817,0.0,5.007535568902157,2.89470998510165,310.00289436297976
0.9378310974769052,0.0,0.32175319273881936,0.0,0.1729043092350874,0.0,5.012048814516072,2.894069985101649,310.2611347495025
0.9374494872755734,0.0,0.3223682021281003,0.0,0.1731755854475747,0.0,5.0165452333394205,2.893429985101649,310.5242385431494
0.9370687152569412,0.0,0.3229833727867107,0.0,0.17344612365610154,0.0,5.021024782733347,2.8927899851016488,310.79212810158856
0.936688775285442,0.0,0.32359869457601076,0.0,0.17371593245108477,0.0,5.025487422755407,2.892149985101649,311.0647264531008
0.9363096612173974,0.0,0.3242141574247701,0.0,0.17398502040517858,0.0,5.0299331161202785,2.891509985101649,311.34195729762746
0.9359313669026365,0.0,0.32482975133056613,0.0,0.17425339607130166,0.0,5.034361828160355,2.890869985101648,311.6237450077011
0.9355538861860827,0.0,0.32544546636111726,0.0,0.17452106798070927,0.0,5.038773526785998,2.890229985101648,311.9100146292363
0.9351772129092998,0.0,0.32606129265556444,0.0,0.17478804464112901,0.0,5.043168182445753,2.8895899851016473,312.20069188201103
0.9348013409120083,0.0,0.32667722042568365,0.0,0.175054334534945,0.0,5.047545768086354,2.8889499851016476,312.4957031601566
0.9344262640335623,0.0,0.32729323995704973,0.0,0.17531994611744142,0.0,5.051906259112653,2.888309985101647,312.79497553228964
0.9340519761143967,0.0,0.32790934161013136,0.0,0.1755848878150951,0.0,5.056249633347427,2.8876699851016463,313.098436741559
0.9336784709974334,0.0,0.3285255158213383,0.0,0.1758491680239265,0.0,5.060575870991176,2.8870299851016474,313.40601520555
0.9333057425294554,0.0,0.329141753104013,0.0,0.17611279510790054,0.0,5.064884954581913,2.886389985101647,313.71764001591646
0.9329337845624496,0.0,0.32975804404935743,0.0,0.17637577739737975,0.0,5.069176868954861,2.8857499851016466,314.0332409380369
0.9325625909549086,0.0,0.3303743793273197,0.0,0.17663812318763064,0.0,5.073451601202294,2.885109985101646,314.3527484102774
0.9321921555731046,0.0,0.33099074968741815,0.0,0.1768998407373818,0.0,5.077709140633328,2.884469985101646,314.6760935433068
0.9318224722923258,0.0,0.33160714595951724,0.0,0.1771609382674313,0.0,5.081949478733865,2.883829985101646,315.00320811906704
0.9314535349980781,0.0,0.3322235590545563,0.0,0.1774214239593063,0.0,5.0861726091265815,2.883189985101646,315.33402458982954
0.9310853375872582,0.0,0.3328399799652204,0.0,0.17768130595396833,0.0,5.090378527531049,2.882549985101645,315.6684760769082
0.9307178739692893,0.0,0.33345639976657027,0.0,0.17794059235057375,0.0,5.094567231723995,2.8819099851016454,316.00649636921537
0.9303511380672242,0.0,0.3340728096166226,0.0,0.17819929120527456,0.0,5.098738721499727,2.881269985101646,316.34801992195895
0.9299851238188188,0.0,0.33468920075688247,0.0,0.17845741053007405,0.0,5.102892998630729,2.8806299851016455,316.6929818548576
0.9296198251775708,0.0,0.33530556451283083,0.0,0.1787149582917249,0.0,5.107030066828449,2.8799899851016444,317.04131795038836
0.9292552361137293,0.0,0.33592189229436686,0.0,0.17897194241067282,0.0,5.111149931704288,2.879349985101645,317.3929646519625
0.9288913506152678,0.0,0.3365381755962139,0.0,0.1792283707600498,0.0,5.115252600730877,2.8787099851016444,317.7478590618264
0.9285281626888331,0.0,0.3371544059982714,0.0,0.17948425116470657,0.0,5.119338083203511,2.878069985101644,318.1059389390707
0.9281656663606596,0.0,0.3377705751659337,0.0,0.17973959140029291,0.0,5.123406390201911,2.8774299851016445,318.46714269716375
0.9278038556774506,0.0,0.3383866748503727,0.0,0.17999439919237892,0.0,5.12745753455226,2.8767899851016434,318.8314094017819
0.9274427247072389,0.0,0.3390026968887669,0.0,0.18024868221561802,0.0,5.131491530789471,2.876149985101643,319.1986787682205
0.9270822675402074,0.0,0.3396186332045077,0.0,0.18050244809295388,0.0,5.1355083951198175,2.875509985101643,319.5688911588456
0.9267224782894892,0.0,0.34023447580736016,0.0,0.18075570439486355,0.0,5.1395081453838465,2.874869985101643,319.9419875804225
0.9263633510919327,0.0,0.3408502167935915,0.0,0.18100845863864778,0.0,5.1434908010196425,2.8742299851016426,320.3179096812838
0.9260048801088444,0.0,0.3414658483460618,0.0,0.1812607182877498,0.0,5.147456383026386,2.873589985101643,320.6965997485015
0.9256470595266995,0.0,0.34208136273428424,0.0,0.18151249075112344,0.0,5.151404913928309,2.872949985101643,321.0780007048803
0.9252898835578284,0.0,0.34269675231444896,0.0,0.18176378338262908,0.0,5.1553364177389716,2.8723099851016425,321.4620561059079
0.924933346441075,0.0,0.3433120095294162,0.0,0.18201460348047285,0.0,5.159250919925909,2.8716699851016427,321.8487101366203
0.9245774424424299,0.0,0.3439271269086812,0.0,0.18226495828667882,0.0,5.163148447375668,2.8710299851016425,322.2379076082434
0.9242221658556362,0.0,0.3445420970683051,0.0,0.1825148549865948,0.0,5.1670290283592175,2.870389985101642,322.6295939550961
0.9238675110027714,0.0,0.34515691271081894,0.0,0.1827643007084354,0.0,5.170892692497736,2.8697499851016417,323.02371523097304
0.923513472234805,0.0,0.34577156662509917,0.0,0.18301330252285516,0.0,5.174739470728811,2.8691099851016415,323.42021810586266
0.92316004393213,0.0,0.3463860516862162,0.0,0.1832618674425579,0.0,5.178569395273029,2.8684699851016404,323.8190498622988
0.9228072205050719,0.0,0.34700036085525654,0.0,0.1835100024219335,0.0,5.182382499600984,2.867829985101641,324.22015839179335
0.9224549963943746,0.0,0.34761448717912047,0.0,0.18375771435672902,0.0,5.186178818400672,2.8671899851016405,324.62349219108376
0.9221033660716617,0.0,0.34822842379029184,0.0,0.1840050100837474,0.0,5.189958387545341,2.8665499851016407,325.0290003585932
0.921752324039878,0.0,0.34884216390659056,0.0,0.18425189638057846,0.0,5.193721244061727,2.865909985101641,325.43663259040545
0.9214018648337063,0.0,0.3494557008308964,0.0,0.18449837996535454,0.0,5.19746742609874,2.8652699851016403,325.84633917660426
0.9210519830199653,0.0,0.35006902795085276,0.0,0.18474446749653783,0.0,5.201196972896541,2.86462998510164,326.2580709972492
0.9207026731979844,0.0,0.3506821387385528,0.0,0.1849901655727315,0.0,5.204909924756101,2.86398998510164,326.67177951847816
0.9203539299999589,0.0,0.3512950267501993,0.0,0.18523548073251958,0.0,5.20860632300915,2.8633499851016397,327.08741678851175
0.9200057480912867,0.0,0.35190768562575064,0.0,0.18548041945432955,0.0,5.2122862099885685,2.8627099851016404,327.5049354335639
0.9196581221708815,0.0,0.3525201090885449,0.0,0.1857249881563248,0.0,5.215949628999235,2.8620699851016402,327.92428865379554
0.9193110469714713,0.0,0.3531322909449074,0.0,0.18596919319631391,0.0,5.21959662428929,2.8614299851016396,328.3454302191211
0.9189645172598759,0.0,0.3537442250837386,0.0,0.18621304087168838,0.0,5.2232272410218235,2.860789985101639,328.768314465127
0.9186185278372657,0.0,0.35435590547609147,0.0,0.1864565374193829,0.0,5.226841525247058,2.8601499851016388,329.1928962887962
0.9182730735394045,0.0,0.3549673261747273,0.0,0.18669968901585468,0.0,5.230439523874898,2.8595099851016386,329.61913114428444
0.9179281492368732,0.0,0.355578481313659,0.0,0.18694250177708646,0.0,5.23402128464797,2.858869985101638,330.04697503865907
0.917583749835278,0.0,0.35618936510768046,0.0,0.18718498175860893,0.0,5.23758685611508,2.8582299851016377,330.47638452764386
0.9172398702754422,0.0,0.3567999718518813,0.0,0.1874271349555428,0.0,5.241136287605093,2.857589985101637,330.9073167111784
0.9168965055335813,0.0,0.3574102959211488,0.0,0.18766896730266128,0.0,5.244669629201275,2.8569499851016382,331.33972922919065
0.9165536506214607,0.0,0.35802033176966136,0.0,0.187910484674471,0.0,5.248186931716077,2.856309985101637,331.77358025713806
0.916211300586544,0.0,0.3586300739303609,0.0,0.18815169288530778,0.0,5.251688246666289,2.855669985101637,332.20882850166595
0.9158694505121197,0.0,0.35923951701442486,0.0,0.18839259768945568,0.0,5.255173626248705,2.8550299851016367,332.6454331961653
0.9155280955174174,0.0,0.35984865571072316,0.0,0.18863320478127582,0.0,5.258643123316169,2.8543899851016374,333.0833540963937
0.9151872307577099,0.0,0.36045748478526357,0.0,0.18887351979535785,0.0,5.2620967913540575,2.853749985101637,333.52255147595747
0.914846851424401,0.0,0.36106599908062975,0.0,0.18911354830668053,0.0,5.265534684457182,2.853109985101636,333.96298612193823
0.9145069527451006,0.0,0.36167419351540947,0.0,0.18935329583079424,0.0,5.268956857307129,2.852469985101636,334.4046193303493
0.9141675299836856,0.0,0.36228206308362,0.0,0.189592767824011,0.0,5.272363365150004,2.8518299851016358,334.8474129017309
0.9138285784403509,0.0,0.36288960285411587,0.0,0.1898319696836126,0.0,5.275754263774596,2.8511899851016356,335.2913291366317
0.9134900934516472,0.0,0.36349680796999684,0.0,0.19007090674807178,0.0,5.2791296094909415,2.8505499851016363,335.73633083111645
0.9131520703905048,0.0,0.3641036736480109,0.0,0.19030958429728295,0.0,5.282489459109342,2.849909985101636,336.18238127229995
0.9128145046662519,0.0,0.3647101951779405,0.0,0.19054800755281065,0.0,5.285833869919712,2.8492699851016354,336.6294442338093
0.9124773917246154,0.0,0.36531636792199645,0.0,0.19078618167814176,0.0,5.289162899671407,2.848629985101635,337.0774839713853
0.9121407270477162,0.0,0.3659221873141956,0.0,0.19102411177895734,0.0,5.292476606553398,2.847989985101635,337.52646521827467
0.9118045061540504,0.0,0.3665276488597426,0.0,0.19126180290341147,0.0,5.2957750491748605,2.8473499851016344,337.97635318076834
0.9114687245984646,0.0,0.3671327481343981,0.0,0.19149926004241713,0.0,5.299058286546155,2.846709985101634,338.42711353374875
0.9111333779721169,0.0,0.36773748078385216,0.0,0.19173648812994856,0.0,5.302326378060192,2.846069985101634,338.8787124161904
0.9107984619024335,0.0,0.36834184252308605,0.0,0.19197349204334718,0.0,5.305579383474169,2.8454299851016334,339.33111642669576
0.9104639720530531,0.0,0.3689458291357364,0.0,0.1922102766036376,0.0,5.308817362891704,2.8447899851016336,339.78429261895803
0.9101299041237629,0.0,0.36954943647345456,0.0,0.19244684657585767,0.0,5.312040376745327,2.844149985101634,340.2382084973475
0.9097962538504276,0.0,0.3701526604552638,0.0,0.19268320666938604,0.0,5.315248485779363,2.8435099851016337,340.6928320125097
0.9094630170049108,0.0,0.3707554970669116,0.0,0.19291936153828929,0.0,5.318441751033142,2.842869985101633,341.1481315567769
0.9091301893949864,0.0,0.3713579423602247,0.0,0.19315531578166392,0.0,5.321620233824611,2.8422299851016337,341.6040759598977
0.9087977668642424,0.0,0.3719599924524621,0.0,0.19339107394399788,0.0,5.324783995734283,2.8415899851016335,342.06063448452846
0.9084657452919824,0.0,0.3725616435256619,0.0,0.19362664051552805,0.0,5.327933098589536,2.840949985101633,342.5177768218043
0.9081341205931139,0.0,0.3731628918259929,0.0,0.19386201993260901,0.0,5.331067604449256,2.8403099851016322,342.9754730870435
0.9078028887180338,0.0,0.37376373366310345,0.0,0.19409721657808676,0.0,5.334187575588836,2.839669985101632,343.43369381530965
0.9074720456525066,0.0,0.37436416540946904,0.0,0.1943322347816788,0.0,5.337293074485508,2.8390299851016327,343.89240995705154
0.907141587417534,0.0,0.3749641834997455,0.0,0.19456707882035687,0.0,5.340384163804013,2.8383899851016325,344.3515928737478
0.906811510069225,0.0,0.3755637844301107,0.0,0.1948017529187354,0.0,5.343460906382568,2.8377499851016315,344.81121433365854
0.9064818096986531,0.0,0.3761629647576198,0.0,0.19503626124946516,0.0,5.346523365219197,2.8371099851016317,345.2712465074744
0.9061524824317126,0.0,0.3767617210995534,0.0,0.1952706079336311,0.0,5.349571603458369,2.8364699851016315,345.7316619640234
0.9058235244289684,0.0,0.37736005013276985,0.0,0.19550479704115162,0.0,5.352605684377931,2.8358299851016318,346.19243366599324
0.905494931885499,0.0,0.3779579485930576,0.0,0.19573883259118668,0.0,5.355625671376386,2.8351899851016316,346.65353496576313
0.9051667010307402,0.0,0.3785554132744881,0.0,0.19597271855254147,0.0,5.3586316279604365,2.834549985101631,347.11493960109726
0.9048388281283167,0.0,0.3791524410287741,0.0,0.19620645884407945,0.0,5.361623617732856,2.8339099851016303,347.5766216910432
0.9045113094758775,0.0,0.37974902876462246,0.0,0.1964400573351365,0.0,5.364601704380634,2.8332699851016305,348.03855573162537
0.9041841414049191,0.0,0.38034517344709995,0.0,0.19667351784593531,0.0,5.367565951663446,2.8326299851016308,348.5007165918787
0.9038573202806117,0.0,0.38094087209699046,0.0,0.1969068441480034,0.0,5.370516423402363,2.8319899851016306,348.96307950948847
0.903530842501616,0.0,0.3815361217901619,0.0,0.19714003996459575,0.0,5.373453183468888,2.83134998510163,349.4256200869602
0.903204704499903,0.0,0.3821309196569299,0.0,0.19737310897111204,0.0,5.376376295774225,2.83070998510163,349.8883142873307
0.9028789027405634,0.0,0.3827252628814301,0.0,0.19760605479552656,0.0,5.379285824258852,2.83006998510163,350.3511384301414
0.9025534337216164,0.0,0.38331914870099243,0.0,0.19783888101880612,0.0,5.38218183288237,2.829429985101629,350.814069187605
0.902228293973822,0.0,0.38391257440550836,0.0,0.19807159117534018,0.0,5.385064385613547,2.828789985101629,351.27708358033294
0.901903480060476,0.0,0.38450553733682025,0.0,0.19830418875336553,0.0,5.3879335464207205,2.828149985101629,351.7401589736219
0.9015789885772194,0.0,0.3850980348880939,0.0,0.19853667719539414,0.0,5.390789379262363,2.8275099851016288,352.20327307326613
0.90125481615183,0.0,0.38569006450321075,0.0,0.1987690598986413,0.0,5.393631948077957,2.8268699851016286,352.66640392189515
0.9009309594440224,0.0,0.38628162367615276,0.0,0.19900134021545263,0.0,5.396461316779085,2.826229985101628,353.1295298949274
0.9006074151452416,0.0,0.38687270995039486,0.0,0.19923352145373327,0.0,5.399277549240764,2.825589985101628,353.5926296967043
0.9002841799784524,0.0,0.3874633209183042,0.0,0.19946560687737722,0.0,5.402080709293023,2.824949985101628,354.05568235672047
0.8999612506979326,0.0,0.3880534542205367,0.0,0.19969759970669118,0.0,5.404870860712694,2.824309985101628,354.51866722585476
0.8996386240890584,0.0,0.3886431075454426,0.0,0.19992950311882643,0.0,5.407648067215468,2.8236699851016276,354.9815639725665
0.8993162969680915,0.0,0.38923227862847537,0.0,0.20016132024820496,0.0,5.410412392448122,2.8230299851016274,355.4443525790674
0.8989942661819647,0.0,0.38982096525160215,0.0,0.2003930541869461,0.0,5.413163899981011,2.8223899851016268,355.90701333771176
0.8986725286080643,0.0,0.39040916524272135,0.0,0.20062470798528897,0.0,5.415902653300739,2.8217499851016266,356.36952684740686
0.8983510811540137,0.0,0.3909968764750817,0.0,0.20085628465202426,0.0,5.4186287158030675,2.8211099851016272,356.8318740096047
0.8980299207574522,0.0,0.3915840968667099,0.0,0.2010877871549101,0.0,5.421342150786018,2.820469985101626,357.2940360251803
0.8977090443858172,0.0,0.39217082437983686,0.0,0.20131921842110168,0.0,5.424043021443168,2.8198299851016264,357.75599439043117
0.8973884490361214,0.0,0.39275705702033353,0.0,0.20155058133756706,0.0,5.4267313908571495,2.819189985101627,358.2177308937131
0.8970681317347318,0.0,0.39334279283714907,0.0,0.2017818787515118,0.0,5.429407321993379,2.8185499851016265,358.6792276118292
0.8967480895371464,0.0,0.3939280299217529,0.0,0.20201311347079404,0.0,5.4320708776938975,2.817909985101626,359.14046690664213
0.8964283195277724,0.0,0.3945127664075816,0.0,0.20224428826434274,0.0,5.434722120671474,2.8172699851016256,359.6014314214759
0.8961088188197005,0.0,0.3950970004694934,0.0,0.20247540586257376,0.0,5.437361113503866,2.816629985101626,360.0621040776932
0.8957895845544818,0.0,0.3956807303232233,0.0,0.20270646895780137,0.0,5.439987918628231,2.8159899851016257,360.5224680714324
0.8954706139019016,0.0,0.3962639542248454,0.0,0.20293748020465108,0.0,5.4426025983357595,2.815349985101625,360.98250687011455
0.8951519040597576,0.0,0.39684667047023725,0.0,0.20316844222047026,0.0,5.4452052147664345,2.814709985101625,361.4422042089858
0.8948334522536308,0.0,0.39742887739455424,0.0,0.20339935758573233,0.0,5.447795829904008,2.814069985101625,361.9015440880877
0.8945152557366628,0.0,0.39801057337170365,0.0,0.20363022884444543,0.0,5.450374505571095,2.8134299851016245,362.3605107687189
0.8941973117893292,0.0,0.3985917568138254,0.0,0.20386105850455477,0.0,5.452941303424453,2.8127899851016247,362.8190887703481
0.8938796177192158,0.0,0.39917242617077736,0.0,0.2040918490383433,0.0,5.455496284950414,2.8121499851016245,363.2772628672492
0.8935621708607908,0.0,0.3997525799296283,0.0,0.20432260288283036,0.0,5.4580395114604885,2.811509985101624,363.73501808548156
0.893244968575183,0.0,0.4003322166141496,0.0,0.20455332244016722,0.0,5.460571044087066,2.8108699851016237,364.1923396995645
0.8929280082499541,0.0,0.40091133478431834,0.0,0.2047840100780325,0.0,5.463090943779344,2.810229985101624,364.64921322944235
0.8926112872988754,0.0,0.4014899330358228,0.0,0.20501466813002298,0.0,5.465599271299313,2.8095899851016233,365.10562443739343
0.8922948031617041,0.0,0.40206800999956943,0.0,0.20524529889604176,0.0,5.4680960872179645,2.8089499851016226,365.5615593248741
0.8919785533039585,0.0,0.40264556434120097,0.0,0.20547590464268503,0.0,5.470581451911576,2.808309985101623,366.0170041296517
0.8916625352166955,0.0,0.4032225947606161,0.0,0.20570648760362334,0.0,5.473055425558169,2.8076699851016227,366.47194532255423
0.8913467464162873,0.0,0.40379909999149327,0.0,0.20593704997998782,0.0,5.475518068134073,2.8070299851016225,366.92636960477193
0.8910311844441994,0.0,0.40437507880082085,0.0,0.20616759394074244,0.0,5.47796943941063,2.8063899851016223,367.380263904664
0.8907158468667699,0.0,0.4049505299884321,0.0,0.20639812162306187,0.0,5.480409598951029,2.805749985101622,367.83361537500866
0.890400731274987,0.0,0.40552545238654497,0.0,0.2066286351327048,0.0,5.482838606107265,2.805109985101622,368.2864113900141
0.89008583528427,0.0,0.4060998448593059,0.0,0.2068591365443816,0.0,5.4852565200171925,2.8044699851016217,368.738639542598
0.8897711565342507,0.0,0.40667370630233984,0.0,0.20708962790212282,0.0,5.4876633996017326,2.8038299851016215,369.19028764136885
0.8894566926885517,0.0,0.40724703564230574,0.0,0.20732011121964194,0.0,5.490059303562186,2.803189985101621,369.6413437080054
0.889142441434573,0.0,0.4078198318364525,0.0,0.2075505884806968,0.0,5.4924442903776205,2.8025499851016216,370.0917959744131
0.8888284004832718,0.0,0.40839209387218656,0.0,0.20778106163944862,0.0,5.49481841830243,2.8019099851016214,370.54163287996545
0.8885145675689482,0.0,0.40896382076663823,0.0,0.2080115326208139,0.0,5.4971817453639416,2.801269985101621,370.99084306888216
0.88820094044903,0.0,0.4095350115662363,0.0,0.20824200332082077,0.0,5.499534329360183,2.8006299851016214,371.4394153874554
0.887887516903858,0.0,0.41010566534628695,0.0,0.20847247560695548,0.0,5.501876227857692,2.7999899851016203,371.8873388814528
0.8875742947364751,0.0,0.41067578121055603,0.0,0.20870295131850766,0.0,5.504207498189479,2.79934998510162,372.3346027934895
0.8872612717724122,0.0,0.41124535829085657,0.0,0.20893343226691546,0.0,5.506528197453047,2.79870998510162,372.7811965604666
0.8869484458594783,0.0,0.4118143957466434,0.0,0.2091639202361055,0.0,5.508838382508536,2.79806998510162,373.22710981090256
0.8866358148675514,0.0,0.4123828927646092,0.0,0.20939441698282696,0.0,5.51113810997694,2.79742998510162,373.67233236254975
0.8863233766883696,0.0,0.4129508485582865,0.0,0.2096249242369892,0.0,5.513427436238419,2.7967899851016194,374.11685421974425
0.8860111292353235,0.0,0.41351826236765354,0.0,0.2098554437019897,0.0,5.515706417430697,2.7961499851016187,374.5606655710568
0.8856990704432505,0.0,0.4140851334587484,0.0,0.2100859770550427,0.0,5.517975109447557,2.795509985101619,375.0037567866992
0.8853871982682298,0.0,0.41465146112328166,0.0,0.21031652594750413,0.0,5.520233567937413,2.7948699851016188,375.4461184162892
0.885075510687377,0.0,0.41521724467826004,0.0,0.21054709200519428,0.0,5.522481848301956,2.794229985101618,375.8877411862455
0.8847640056986461,0.0,0.41578248346560626,0.0,0.2107776768287124,0.0,5.524720005694868,2.793589985101619,376.3286159975516
0.8844526813206226,0.0,0.41634717685179634,0.0,0.21100828199375635,0.0,5.526948095020672,2.792949985101618,376.7687339233856
0.8841415355923281,0.0,0.41691132422748556,0.0,0.21123890905143286,0.0,5.529166170933577,2.792309985101618,377.20808620684204
0.8838305665730197,0.0,0.4174749250071517,0.0,0.2114695595285666,0.0,5.531374287836449,2.7916699851016182,377.64666425847156
0.8835197723419919,0.0,0.41803797862873765,0.0,0.2117002349280082,0.0,5.5335724998798534,2.791029985101618,378.08445965429024
0.8832091509983837,0.0,0.418600484553295,0.0,0.2119309367289335,0.0,5.535760860961124,2.790389985101618,378.52146413332554
0.8828987006609804,0.0,0.419162442264641,0.0,0.21216166638714787,0.0,5.5379394247235565,2.789749985101617,378.9576695955262
0.8825884194680228,0.0,0.41972385126900885,0.0,0.21239242533538116,0.0,5.540108244555624,2.789109985101617,379.3930680994712
0.8822783055770149,0.0,0.42028471109471144,0.0,0.21262321498358128,0.0,5.542267373590277,2.7884699851016164,379.8276518602926
0.8819683571645321,0.0,0.4208450212918047,0.0,0.21285403671920541,0.0,5.544416864704312,2.787829985101616,380.2614132475972
0.881658572426034,0.0,0.4214047814317555,0.0,0.21308489190750834,0.0,5.546556770517773,2.7871899851016164,380.69434478318277
0.8813489495756748,0.0,0.4219639911071162,0.0,0.21331578189182718,0.0,5.548687143393459,2.786549985101616,381.126439139074
0.8810394868461182,0.0,0.4225226499311981,0.0,0.21354670799386288,0.0,5.550808035436422,2.7859099851016165,381.5576891355001
0.8807301824883522,0.0,0.42308075753775654,0.0,0.2137776715139585,0.0,5.5529194984935994,2.785269985101616,381.98808773876095
0.8804210347715062,0.0,0.4236383135806717,0.0,0.21400867373137633,0.0,5.555021584153433,2.7846299851016156,382.4176280592425
0.880112041982667,0.0,0.4241953177336413,0.0,0.21423971590457008,0.0,5.557114343745587,2.7839899851016154,382.8463033495279
0.8798032024267004,0.0,0.4247517696898709,0.0,0.21447079927145535,0.0,5.55919782834069,2.783349985101615,383.27410700220963
0.8794945144260715,0.0,0.42530766916177043,0.0,0.2147019250496749,0.0,5.561272088750136,2.7827099851016155,383.7010325482435
0.8791859763206646,0.0,0.42586301588066033,0.0,0.21493309443686517,0.0,5.563337175525957,2.782069985101615,384.1270736548313
0.8788775864676105,0.0,0.42641780959646874,0.0,0.21516430861091473,0.0,5.565393138960686,2.7814299851016147,384.5522241235796
0.8785693432411091,0.0,0.42697205007744427,0.0,0.21539556873022653,0.0,5.567440029087329,2.7807899851016145,384.97647788859774
0.8782612450322569,0.0,0.42752573710986863,0.0,0.2156268759339681,0.0,5.569477895679348,2.7801499851016143,385.39982901474986
0.877953290248874,0.0,0.4280788704977712,0.0,0.21585823134232912,0.0,5.571506788250686,2.7795099851016136,385.8222716957092
0.8776454773153357,0.0,0.42863145006264813,0.0,0.21608963605676554,0.0,5.573526756055839,2.778869985101614,386.2438002523254
0.8773378046724002,0.0,0.4291834756431887,0.0,0.21632109116025366,0.0,5.575537848089997,2.7782299851016137,386.6644091305829
0.8770302707770435,0.0,0.4297349470950003,0.0,0.21655259771752827,0.0,5.577540113089165,2.777589985101614,387.084092900052
0.8767228741022921,0.0,0.43028586429033955,0.0,0.2167841567753251,0.0,5.57953359953038,2.7769499851016133,387.5028462521683
0.8764156131370588,0.0,0.43083622711784597,0.0,0.21701576936262026,0.0,5.581518355631921,2.7763099851016135,387.9206639984111
0.8761084863859777,0.0,0.43138603548228227,0.0,0.2172474364908683,0.0,5.583494429353615,2.775669985101613,388.3375410685128
0.8758014923692448,0.0,0.4319352893042715,0.0,0.2174791591542296,0.0,5.585461868397081,2.7750299851016136,388.7534725090785
0.8754946296224543,0.0,0.43248398852004755,0.0,0.21771093832980623,0.0,5.587420720206124,2.7743899851016125,389.16845348174235
0.8751878966964434,0.0,0.4330321330811963,0.0,0.21794277497786593,0.0,5.5893710319670635,2.7737499851016127,389.58247926150125
0.8748812921571311,0.0,0.43357972295441394,0.0,0.21817467004207003,0.0,5.59131285060916,2.773109985101612,389.9955452352219
0.8745748145853638,0.0,0.43412675812125734,0.0,0.2184066244496926,0.0,5.593246222805021,2.772469985101613,390.40764689997803
0.8742684625767596,0.0,0.4346732385779058,0.0,0.2186386391118431,0.0,5.595171194971094,2.7718299851016117,390.8187798615402
0.8739622347415564,0.0,0.43521916433491953,0.0,0.21887071492368157,0.0,5.597087813268134,2.7711899851016115,391.2289398327023
0.8736561297044582,0.0,0.435764535417005,0.0,0.21910285276463493,0.0,5.598996123601729,2.770549985101611,391.6381226318765
0.8733501461044857,0.0,0.43630935186278375,0.0,0.21933505349860705,0.0,5.60089617162285,2.7699099851016116,392.0463241815358
0.8730442825948256,0.0,0.4368536137245646,0.0,0.21956731797418988,0.0,5.602788002728417,2.769269985101611,392.4535405067354
0.8727385378426841,0.0,0.43739732106811613,0.0,0.2197996470248698,0.0,5.604671662061909,2.7686299851016107,392.85976773361443
0.8724329105291074,0.0,0.43794047397199565,0.0,0.22003204147066513,0.0,5.606547194520451,2.7679899851014347,393.2650020511396
0.871822003010663,0.0,0.4390251168443201,0.0,0.22049702974004085,0.0,5.610274057076104,2.7667099851016106,394.07247757143585
0.8712115497600024,0.0,0.44010754322872286,0.0,0.22096228904489357,0.0,5.61396894450854,2.765429985101611,394.875938702055
0.8706015407105958,0.0,0.4411877542122349,0.0,0.22142782541631995,0.0,5.617632206903377,2.764149985101611,395.6753587285423
0.8699919660042597,0.0,0.44226575107289295,0.0,0.22189364466722758,0.0,5.621264190374843,2.7628699851016107,396.4707123603724
0.8693828159868279,0.0,0.4433415352737708,0.0,0.22235975239686942,0.0,5.624865237084305,2.7615899851016104,397.261975725606
0.8687740812038813,0.0,0.4444151084567301,0.0,0.22282615399666922,0.0,5.628435685266322,2.760309985101611,398.04912632914613
0.8681657523965534,0.0,0.44548647243635775,0.0,0.22329285465589832,0.0,5.631975869255833,2.759029985101611,398.8321430131148
0.8675578204974217,0.0,0.44655562919406244,0.0,0.22375985936721657,0.0,5.6354861195162735,2.757749985101611,399.6110059174549
0.8669502766264838,0.0,0.4476225808723396,0.0,0.2242271729320695,0.0,5.638966762668564,2.756469985101611,400.3856964419048
0.866343112087207,0.0,0.44868732976919895,0.0,0.22469479996596026,0.0,5.642418121520967,2.7551899851016106,401.15619720873474
0.8657363183626641,0.0,0.44974987833274593,0.0,0.2251627449035772,0.0,5.645840515099668,2.7539099851016107,401.9224920267917
0.8651298871117421,0.0,0.45081022915591845,0.0,0.2256310120038036,0.0,5.649234258680026,2.7526299851016107,402.68456585606947
0.8645238101654314,0.0,0.4518683849713709,0.0,0.22609960535459267,0.0,5.652599663818485,2.7513499851016108,403.44240477354487
0.8639180795231894,0.0,0.4529243486465031,0.0,0.2265685288777246,0.0,5.655937038385018,2.750069985101611,404.19599593969343
0.8633126873493779,0.0,0.4539781231786348,0.0,0.22703778633343663,0.0,5.659246686596082,2.7487899851016113,404.9453275659799
0.8627076259697758,0.0,0.45502971169031275,0.0,0.22750738132494142,0.0,5.662528909048051,2.7475099851016114,405.6903888830979
0.8621028878681622,0.0,0.45607911742475415,0.0,0.2279773173028234,0.0,5.665784002751035,2.746229985101611,406.4311701103663
0.8614984656829725,0.0,0.45712634374142175,0.0,0.22844759756932703,0.0,5.669012261163044,2.744949985101611,407.16766242536573
0.8608943522040213,0.0,0.45817139411172664,0.0,0.22891822528253286,0.0,5.672213974224495,2.743669985101612,407.89985793493804
0.860290540369297,0.0,0.45921427211485216,0.0,0.22938920346042327,0.0,5.675389428392967,2.7423899851016116,408.62774964668745
0.8596870232618221,0.0,0.4602549814337021,0.0,0.22986053498484726,0.0,5.678538906678191,2.7411099851016116,409.351331441132
0.8590837941065799,0.0,0.46129352585096234,0.0,0.23033222260537775,0.0,5.681662688677227,2.7398299851016112,410.0705980450356
0.8584808462675065,0.0,0.4623299092452819,0.0,0.23080426894307224,0.0,5.684761050609797,2.7385499851016113,410.7855450048075
0.857878173244546,0.0,0.4633641355875603,0.0,0.2312766764941336,0.0,5.687834265353755,2.7372699851016113,411.4961686611835
0.8572757686707682,0.0,0.4643962089373475,0.0,0.2317494476334749,0.0,5.690882602480617,2.7359899851016114,412.2024661243397
0.8566736263095486,0.0,0.46542613343934575,0.0,0.232222584618191,0.0,5.6939063282911695,2.734709985101612,412.904435249557
0.8560717400518092,0.0,0.4664539133200149,0.0,0.2326960895909383,0.0,5.696905705851113,2.7334299851016115,413.6020746138841
0.8554701039133151,0.0,0.46747955288428,0.0,0.23316996458322722,0.0,5.6998809950266836,2.732149985101612,414.2953834930556
0.8548687120320327,0.0,0.46850305651233265,0.0,0.23364421151862658,0.0,5.7028324525202825,2.730869985101612,414.9843618392976
0.8542675586655429,0.0,0.46952442865652816,0.0,0.23411883221588406,0.0,5.70576033190605,2.729589985101612,415.6690102595504
0.8536666381885103,0.0,0.4705436738383727,0.0,0.23459382839196322,0.0,5.7086648836653495,2.7283099851016126,416.3493299944747
0.853065945090207,0.0,0.4715607966456037,0.0,0.23506920166499964,0.0,5.711546355222212,2.727029985101612,417.02532289787104
0.85246547397209,0.0,0.4725758017293534,0.0,0.23554495355718114,0.0,5.714404990978612,2.725749985101613,417.69699141656486
0.8518652195454297,0.0,0.47358869380139995,0.0,0.23602108549754722,0.0,5.717241032349679,2.7244699851016123,418.36433857123217
0.8512651766289934,0.0,0.47459947763149357,0.0,0.23649759882471844,0.0,5.720054717798719,2.723189985101613,419.02736793734744
0.8506653401467734,0.0,0.4756081580447735,0.0,0.23697449478955124,0.0,5.722846282872092,2.721909985101612,419.6860836267396
0.8500657051257703,0.0,0.476614739919252,0.0,0.23745177455771882,0.0,5.725615960233928,2.7206299851016125,420.34049026985394
0.8494662666938191,0.0,0.4776192281833818,0.0,0.23792943921222837,0.0,5.728363979700643,2.719349985101613,420.99059299828605
0.8488670200774673,0.0,0.4786216278136905,0.0,0.2384074897558674,0.0,5.731090568275247,2.718069985101613,421.63639742776496
0.8482679605998951,0.0,0.47962194383249207,0.0,0.2388859271135841,0.0,5.733795950181452,2.7167899851016126,422.27790964198437
0.8476690836788852,0.0,0.4806201813056604,0.0,0.23936475213480696,0.0,5.7364803468975545,2.7155099851016122,422.91513617622314
0.8470703848248315,0.0,0.48161634534047776,0.0,0.23984396559569945,0.0,5.739143977190079,2.714229985101613,423.5480840021063
0.8464718596387956,0.0,0.4826104410835462,0.0,0.24032356820135456,0.0,5.741787057147186,2.712949985101613,424.1767605122498
0.8458735038106052,0.0,0.4836024737187564,0.0,0.24080356058792918,0.0,5.7444098002118045,2.711669985101613,424.80117350571174
0.8452753131169911,0.0,0.4845924484653286,0.0,0.24128394332472516,0.0,5.747012417214538,2.710389985101613,425.4213311736032
0.8446772834197678,0.0,0.48558037057590625,0.0,0.241764716916208,0.0,5.749595116406283,2.7091099851016134,426.03724208517207
0.8440794106640522,0.0,0.48656624533471093,0.0,0.24224588180397597,0.0,5.752158103490567,2.7078299851016125,426.6489151743164
0.8434816908765232,0.0,0.4875500780557509,0.0,0.24272743836867433,0.0,5.75470158165562,2.7065499851016135,427.25635972640663
0.8428841201637156,0.0,0.48853187408109133,0.0,0.2432093869318574,0.0,5.757225751606161,2.7052699851016127,427.85958536552147
0.8422866947103558,0.0,0.4895116387791693,0.0,0.24369172775779904,0.0,5.759730811594875,2.7039899851016127,428.4586020419819
0.8416894107777304,0.0,0.4904893775431676,0.0,0.24417446105525692,0.0,5.762216957453607,2.702709985101613,429.0534200204178
0.841092264702092,0.0,0.4914650957894368,0.0,0.24465758697918766,0.0,5.764684382624272,2.701429985101614,429.6440498677606
0.8404952528930979,0.0,0.4924387989559663,0.0,0.24514110563241365,0.0,5.767133278189424,2.700149985101613,430.2305024421849
0.8398983718322887,0.0,0.49341049250089974,0.0,0.24562501706724815,0.0,5.769563832902548,2.698869985101613,430.8127888816345
0.839301618071591,0.0,0.4943801819011047,0.0,0.2461093212870712,0.0,5.771976233218038,2.6975899851016134,431.3909205933463
0.8387049882318602,0.0,0.49534787265077984,0.0,0.2465940182478679,0.0,5.774370663320862,2.696309985101613,431.9649092432445
0.8381084790014522,0.0,0.4963135702601101,0.0,0.2470791078597213,0.0,5.776747305155904,2.695029985101613,432.5347667457425
0.8375120871348265,0.0,0.49727728025396084,0.0,0.247564589988266,0.0,5.779106338457013,2.6937499851016136,433.1005052539426
0.8369158094511794,0.0,0.49823900817061756,0.0,0.2480504644561014,0.0,5.781447940775711,2.692469985101613,433.6621371499093
0.8363196428331083,0.0,0.49919875956056103,0.0,0.24853673104416624,0.0,5.783772287509599,2.691189985101614,434.2196750354852
0.8357235842253032,0.0,0.500156539985286,0.0,0.2490233894930773,0.0,5.786079551930448,2.6899099851016137,434.77313172300717
0.8351276306332688,0.0,0.5011123550161526,0.0,0.24951043950442947,0.0,5.788369905211965,2.6886299851016133,435.3225202266837
0.834531779122073,0.0,0.5020662102332788,0.0,0.24999788074205792,0.0,5.790643516457232,2.687349985101614,435.8678537539486
0.8339360268151216,0.0,0.5030181112244683,0.0,0.25048571283327525,0.0,5.7929005527258495,2.6860699851016134,436.40914569709764
0.8333403708929631,0.0,0.5039680635841673,0.0,0.2509739353700621,0.0,5.795141179060752,2.6847899851016135,436.94640962534044
0.8327448085921162,0.0,0.5049160729124638,0.0,0.2514625479102322,0.0,5.797365558514691,2.683509985101614,437.47965927677063
0.8321493372039234,0.0,0.5058621448141126,0.0,0.2519515499785685,0.0,5.799573852176426,2.682229985101614,438.00890855093877
0.8315539540734309,0.0,0.5068062848975937,0.0,0.2524409410679179,0.0,5.801766219196587,2.6809499851016145,438.534171501311
0.8309586565982909,0.0,0.5077484987742046,0.0,0.25293072064026617,0.0,5.80394281681323,2.679669985101614,439.055462328047
0.8303634422276901,0.0,0.5086887920571773,0.0,0.2534208881277759,0.0,5.806103800377055,2.6783899851016146,439.57279537126
0.8297683084612978,0.0,0.5096271703608294,0.0,0.2539114429338024,0.0,5.80824932337636,2.6771099851016142,440.0861851038763
0.8291732528482396,0.0,0.5105636392997399,0.0,0.2544023844338749,0.0,5.810379537461644,2.6758299851016143,440.595646125355
0.8285782729860943,0.0,0.5114982044879527,0.0,0.2548937119766546,0.0,5.812494592469899,2.674549985101615,441.1011931552214
0.8279833665199068,0.0,0.5124308715382112,0.0,0.25538542488486754,0.0,5.8145946364486445,2.6732699851016144,441.6028410266576
0.8273885311412292,0.0,0.5133616460612096,0.0,0.25587752245620704,0.0,5.8166798156795885,2.671989985101615,442.10060468089864
0.8267937645871787,0.0,0.5142905336648806,0.0,0.2563700039642143,0.0,5.818750274702043,2.670709985101615,442.59449916095497
0.8261990646395161,0.0,0.5152175399536962,0.0,0.25686286865913593,0.0,5.820806156336022,2.669429985101615,443.0845396061442
0.8256044291237435,0.0,0.5161426705280028,0.0,0.2573561157687543,0.0,5.822847601705011,2.6681499851016146,443.57074124664535
0.8250098559082256,0.0,0.5170659309833687,0.0,0.25784974449919557,0.0,5.824874750258495,2.666869985101615,444.0531193979671
0.8244153429033224,0.0,0.517987326909965,0.0,0.25834375403571835,0.0,5.826887739794142,2.6655899851016147,444.53168945594354
0.8238208880605484,0.0,0.5189068638919563,0.0,0.258838143543477,0.0,5.828886706479737,2.664309985101615,445.0064668916162
0.8232264893717443,0.0,0.5198245475069229,0.0,0.2593329121682646,0.0,5.830871784874787,2.663029985101615,445.47746724629866
0.8226321448682674,0.0,0.5207403833252977,0.0,0.259828059037235,0.0,5.8328431079518825,2.6617499851016144,445.94470612706124
0.8220378526202028,0.0,0.5216543769098227,0.0,0.26032358325960897,0.0,5.834800807117738,2.6604699851016154,446.4081992017842
0.8214436107355853,0.0,0.5225665338150298,0.0,0.2608194839273518,0.0,5.83674501223398,2.6591899851016145,446.86796219510165
0.8208494173596453,0.0,0.5234768595867305,0.0,0.26131576011584046,0.0,5.838675851637629,2.6579099851016155,447.3240108836969
0.8202552706740628,0.0,0.5243853597615371,0.0,0.26181241088450735,0.0,5.840593452161352,2.6566299851016155,447.7763610924291
0.8196611688962435,0.0,0.5252920398663888,0.0,0.2623094352774683,0.0,5.842497939153377,2.6553499851016156,448.2250286900896
0.8190671102786082,0.0,0.5261969054181026,0.0,0.26280683232413127,0.0,5.844389436497197,2.654069985101615,448.6700295855328
0.8184730931078957,0.0,0.5270999619229385,0.0,0.26330460103978964,0.0,5.846268066630977,2.6527899851016157,449.11137972373416
0.817879115704483,0.0,0.5280012148761795,0.0,0.2638027404261968,0.0,5.848133950566717,2.6515099851016157,449.54909508237756
0.8172851764217174,0.0,0.5289006697617302,0.0,0.2643012494721267,0.0,5.849987207909114,2.6502299851016153,449.9831916679963
0.816691273645266,0.0,0.5297983320517273,0.0,0.2648001271539177,0.0,5.8518279568742155,2.648949985101616,450.4136855124538
0.816097405792475,0.0,0.5306942072061682,0.0,0.2652993724359994,0.0,5.853656314307794,2.647669985101615,450.8405926699438
0.815503571311745,0.0,0.5315883006725497,0.0,0.26579898427140797,0.0,5.85547239570346,2.646389985101616,451.26392921338993
0.8149097686819206,0.0,0.5324806178855236,0.0,0.26629896160228633,0.0,5.857276315220541,2.6451099851016147,451.6837112312069
0.8143159964116877,0.0,0.5333711642665669,0.0,0.2667993033603635,0.0,5.859068185701715,2.6438299851016156,452.09995482477643
0.8137222530389903,0.0,0.5342599452236614,0.0,0.2673000084674324,0.0,5.860848118690384,2.6425499851016157,452.5126761047484
0.8131285371304534,0.0,0.5351469661509873,0.0,0.2678010758358037,0.0,5.862616224447827,2.6412699851016157,452.92189118882754
0.8125348472808234,0.0,0.5360322324286312,0.0,0.26830250436875025,0.0,5.864372611970101,2.6399899851016158,453.3276161985411
0.8119411821124146,0.0,0.5369157494223031,0.0,0.26880429296094155,0.0,5.866117389004708,2.638709985101616,453.7298672567824
0.8113475402745725,0.0,0.5377975224830671,0.0,0.26930644049886066,0.0,5.867850662067047,2.6374299851016154,454.1286604850551
0.8107539204431439,0.0,0.5386775569470819,0.0,0.26980894586121357,0.0,5.86957253645661,2.636149985101616,454.52401200127554
0.8101603213199627,0.0,0.5395558581353518,0.0,0.2703118079193249,0.0,5.871283116272968,2.634869985101617,454.9159379167515
0.8095667416323407,0.0,0.5404324313534932,0.0,0.27081502553752196,0.0,5.872982504431542,2.6335899851016165,455.3044543344218
0.808973180132574,0.0,0.541307281891502,0.0,0.27131859757350785,0.0,5.8746708026791365,2.632309985101616,455.68957734623956
0.8083796355974572,0.0,0.5421804150235399,0.0,0.2718225228787263,0.0,5.876348111609256,2.631029985101616,456.07132303104544
0.8077861068278082,0.0,0.5430518360077257,0.0,0.2723268002987108,0.0,5.878014530677219,2.6297499851016157,456.4497074524323
0.8071925926480021,0.0,0.5439215500859382,0.0,0.2728314286734288,0.0,5.879670158215062,2.628469985101616,456.82474665674135
0.8065990919055167,0.0,0.5447895624836253,0.0,0.27333640683761395,0.0,5.881315091446206,2.627189985101616,457.1964566709202
0.8060056034704849,0.0,0.5456558784096244,0.0,0.2738417336210872,0.0,5.882949426499962,2.6259099851016163,457.5648535007454
0.8054121262352573,0.0,0.5465205030559913,0.0,0.27434740784907036,0.0,5.88457325842579,2.6246299851016164,457.9299531289823
0.8048186591139747,0.0,0.5473834415978368,0.0,0.27485342834249155,0.0,5.886186681207374,2.6233499851016164,458.2917715134116
0.8042252010421485,0.0,0.54824469919317,0.0,0.2753597939182769,0.0,5.887789787776514,2.622069985101617,458.6503245852022
0.8036317509762495,0.0,0.5491042809827512,0.0,0.27586650338964114,0.0,5.889382670026802,2.6207899851016165,459.00562824733095
0.8030383078933061,0.0,0.5499621920899526,0.0,0.27637355556636184,0.0,5.890965418827108,2.619509985101617,459.35769837278013
0.8024448707905093,0.0,0.5508184376206251,0.0,0.2768809492550498,0.0,5.892538124034871,2.618229985101617,459.70655080312895
0.8018514386848254,0.0,0.5516730226629729,0.0,0.277388683259414,0.0,5.89410087450925,2.6169499851016167,460.05220134703995
0.8012580106126216,0.0,0.5525259522874334,0.0,0.2778967563805113,0.0,5.895653758123995,2.6156699851016163,460.3946657786644
0.8006645856292918,0.0,0.5533772315465669,0.0,0.2784051674169944,0.0,5.897196861780228,2.614389985101617,460.7339598363193
0.8000711628088931,0.0,0.5542268654749514,0.0,0.2789139151653529,0.0,5.898730271419009,2.613109985101617,461.07009922141447
0.7994777412437942,0.0,0.555074859089081,0.0,0.2794229984201422,0.0,5.900254072033702,2.611829985101617,461.4030995965181
0.7988843200443223,0.0,0.5559212173872746,0.0,0.2799324159742098,0.0,5.901768347682205,2.6105499851016174,461.7329765848861
0.798290898338424,0.0,0.5567659453495892,0.0,0.2804421666189138,0.0,5.903273181498986,2.609269985101617,462.0597457686482
0.7976974752713308,0.0,0.5576090479377355,0.0,0.2809522491443334,0.0,5.9047686557069525,2.607989985101617,462.383422687941
0.7971040500052302,0.0,0.5584505300950048,0.0,0.2814626623394755,0.0,5.906254851629146,2.6067099851016176,462.7040228398115
0.7965106217189457,0.0,0.5592903967461978,0.0,0.28197340499247203,0.0,5.9077318497003,2.6054299851016167,463.02156167687167
0.7959171896076217,0.0,0.5601286527975572,0.0,0.28248447589077275,0.0,5.909199729478192,2.604149985101617,463.3360546067204
0.7953237528824134,0.0,0.5609653031367103,0.0,0.2829958738213347,0.0,5.910658569654868,2.6028699851016173,463.64751699051294
0.7947303107701875,0.0,0.5618003526326112,0.0,0.28350759757080024,0.0,5.912108448067708,2.6015899851016173,463.9559641422716
0.7941368625132237,0.0,0.562633806135491,0.0,0.2840196459256742,0.0,5.91354944171031,2.6003099851016174,464.26141132796806
0.7935434073689259,0.0,0.5634656684768116,0.0,0.2845320176724925,0.0,5.914981626743241,2.599029985101618,464.5638737645641
0.7929499446095356,0.0,0.564295944469224,0.0,0.2850447115979903,0.0,5.916405078504642,2.5977499851016175,464.86336661917323
0.7923564735218567,0.0,0.5651246389065301,0.0,0.2855577264892562,0.0,5.9178198715206625,2.5964699851016184,465.15990500838365
0.7917629934069783,0.0,0.5659517565636519,0.0,0.2860710611338933,0.0,5.9192260795157585,2.595189985101617,465.45350399721457
0.7911695035800096,0.0,0.5667773021965977,0.0,0.28658471432016325,0.0,5.920623775422859,2.5939099851016163,465.74417859880265
0.7905760033698166,0.0,0.5676012805424409,0.0,0.2870986848371335,0.0,5.92201303139336,2.5926299851016177,466.03194377334404
0.7899824921187639,0.0,0.5684236963192981,0.0,0.2876129714748188,0.0,5.923393918807007,2.591349985101618,466.3168144276243
0.7893889691824636,0.0,0.5692445542263088,0.0,0.2881275730243157,0.0,5.924766508281634,2.590069985101618,466.5988054142308
0.7887954339295282,0.0,0.5700638589436223,0.0,0.2886424882779327,0.0,5.926130869682725,2.5887899851016183,466.877931531154
0.7882018857413265,0.0,0.5708816151323889,0.0,0.2891577160293214,0.0,5.927487072132915,2.5875099851016174,467.15420752079206
0.7876083240117497,0.0,0.5716978274347468,0.0,0.28967325507359326,0.0,5.928835184021283,2.5862299851016184,467.42764807005824
0.7870147481469734,0.0,0.5725125004738245,0.0,0.2901891042074462,0.0,5.930175273012578,2.5849499851016184,467.69826780919897
0.7864211575652331,0.0,0.5733256388537346,0.0,0.2907052622292735,0.0,5.931507406056261,2.583669985101618,467.9660813116968
0.7858275516966003,0.0,0.574137247159576,0.0,0.29122172793927686,0.0,5.932831649395462,2.582389985101619,468.231103093609
0.7852339299827593,0.0,0.5749473299574429,0.0,0.2917385001395772,0.0,5.934148068575791,2.5811099851016177,468.4933476131893
0.7846402918767976,0.0,0.5757558917944241,0.0,0.292255577634312,0.0,5.935456728454027,2.579829985101618,468.7528292705578
0.78404663684299,0.0,0.5765629371986218,0.0,0.292772959229742,0.0,5.93675769320669,2.5785499851016183,469.0095624070562
0.7834529643565945,0.0,0.5773684706791584,0.0,0.29329064373434466,0.0,5.938051026338503,2.577269985101619,469.263561305032
0.7828592739036476,0.0,0.5781724967261943,0.0,0.29380862995890966,0.0,5.939336790690706,2.575989985101618,469.51484018756656
0.7822655649807689,0.0,0.5789750198109429,0.0,0.29432691671662564,0.0,5.940615048449283,2.574709985101619,469.7634132179356
0.781671837094961,0.0,0.5797760443856955,0.0,0.2948455028231737,0.0,5.941885861153071,2.5734299851016194,470.0092944994209
0.7810780897634219,0.0,0.5805755748838396,0.0,0.29536438709680607,0.0,5.943149289701746,2.5721499851016185,470.2524980749563
0.7804843225133566,0.0,0.5813736157198832,0.0,0.2958835683584292,0.0,5.944405394363692,2.5708699851016186,470.4930379269338
0.7798905348817933,0.0,0.5821701712894845,0.0,0.29640304543168305,0.0,5.945654234783782,2.569589985101618,470.7309279768092
0.7792967264154019,0.0,0.5829652459694781,0.0,0.2969228171430133,0.0,5.946895869991036,2.5683099851016182,470.96618208511387
0.7787028966703186,0.0,0.5837588441179064,0.0,0.2974428823217496,0.0,5.948130358406175,2.5670299851016187,471.1988140509117
0.7781090452119711,0.0,0.584550970074052,0.0,0.2979632398001706,0.0,5.94935775784908,2.565749985101619,471.4288376116994
0.777515171614909,0.0,0.5853416281584732,0.0,0.2984838884135729,0.0,5.950578125546125,2.564469985101619,471.6562664435889
0.7769212754626379,0.0,0.5861308226730382,0.0,0.29900482700033704,0.0,5.951791518137432,2.5631899851016193,471.88111416049423
0.7763273563474538,0.0,0.586918557900964,0.0,0.29952605440198804,0.0,5.9529979916840245,2.561909985101619,472.1033943144733
0.7757334138702837,0.0,0.5877048381068569,0.0,0.300047569463259,0.0,5.954197601674856,2.5606299851016194,472.3231203953486
0.7751394476405273,0.0,0.5884896675367521,0.0,0.30056937103214393,0.0,5.955390403033786,2.559349985101618,472.54030583075007
0.7745454572759048,0.0,0.5892730504181557,0.0,0.30109145795995534,0.0,5.956576450126402,2.5580699851016186,472.7549639859112
0.7739514424023016,0.0,0.5900549909600918,0.0,0.30161382910138107,0.0,5.95775579676682,2.556789985101619,472.96710816347684
0.7733574026536219,0.0,0.5908354933531464,0.0,0.3021364833145291,0.0,5.958928496224312,2.555509985101619,473.1767516036596
0.7727633376716438,0.0,0.5916145617695115,0.0,0.3026594194609825,0.0,5.96009460122991,2.5542299851016197,473.3839074838507
0.772169247105873,0.0,0.5923922003630396,0.0,0.3031826364058409,0.0,5.9612541639828915,2.5529499851016193,473.58858891898814
0.7715751306134065,0.0,0.5931684132692857,0.0,0.30370613301777033,0.0,5.9624072361571425,2.5516699851016194,473.79080896108934
0.7709809878587908,0.0,0.5939432046055642,0.0,0.30422990816904494,0.0,5.963553868907531,2.5503899851016194,473.9905805994108
0.7703868185138895,0.0,0.594716578470997,0.0,0.30475396073558664,0.0,5.964694112876061,2.5491099851016195,474.18791676057424
0.7697926222577508,0.0,0.595488538946568,0.0,0.30527828959700465,0.0,5.965828018198057,2.5478299851016195,474.3828303082677
0.7691983987764747,0.0,0.5962590900951769,0.0,0.3058028936366378,0.0,5.966955634508212,2.5465499851016196,474.5753340434076
0.7686041477630885,0.0,0.5970282359616931,0.0,0.30632777174158393,0.0,5.968077010946542,2.5452699851016196,474.7654407041842
0.7680098689174201,0.0,0.597795980573013,0.0,0.3068529228027395,0.0,5.969192196164299,2.5439899851016192,474.95316296594115
0.7674155619459746,0.0,0.598562327938117,0.0,0.3073783457148293,0.0,5.97030123832977,2.5427099851016197,475.13851344135617
0.766821226561815,0.0,0.5993272820481266,0.0,0.3079040393764388,0.0,5.971404185134019,2.5414299851016193,475.3215046803746
0.766226862484443,0.0,0.6000908468763628,0.0,0.3084300026900434,0.0,5.9725010837965264,2.5401499851016194,475.5021491704364
0.765632469439683,0.0,0.6008530263784058,0.0,0.30895623456203863,0.0,5.973591981070786,2.53886998510162,475.6804593362175
0.7650380471595687,0.0,0.6016138244921572,0.0,0.3094827339027623,0.0,5.974676923249808,2.537589985101619,475.8564475399998
0.7644435953822303,0.0,0.6023732451378973,0.0,0.3100094996265245,0.0,5.975755956171523,2.5363099851016204,476.0301260815786
0.7638491138517853,0.0,0.6031312922183507,0.0,0.310536530651629,0.0,5.976829125224173,2.5350299851016205,476.20150719855235
0.763254602318231,0.0,0.6038879696187468,0.0,0.31106382590039766,0.0,5.977896475351571,2.53374998510162,476.3706030660092
0.7626600605373378,0.0,0.6046432812068823,0.0,0.31159138429918937,0.0,5.978958051058321,2.5324699851016197,476.5374257970891
0.7620654882705473,0.0,0.6053972308331859,0.0,0.31211920477842237,0.0,5.980013896414967,2.53118998510162,476.7019874427458
0.7614708852848684,0.0,0.6061498223307826,0.0,0.3126472862725919,0.0,5.981064055063055,2.5299099851016202,476.8642999921964
0.7608762513527786,0.0,0.6069010595155585,0.0,0.3131756277202885,0.0,5.982108570220152,2.5286299851016207,477.0243753726478
0.7602815862521249,0.0,0.6076509461862261,0.0,0.3137042280642154,0.0,5.983147484684779,2.5273499851016203,477.18222544967756
0.7596868897660288,0.0,0.6083994861243897,0.0,0.3142330862512011,0.0,5.984180840841281,2.526069985101621,477.3378620273651
0.75909216168279,0.0,0.6091466830946123,0.0,0.3147622012322179,0.0,5.985208680664648,2.5247899851016204,477.4912968483861
0.7584974017957966,0.0,0.6098925408444821,0.0,0.31529157196239055,0.0,5.986231045725239,2.52350998510162,477.6425415940522
0.7579026099034302,0.0,0.6106370631046796,0.0,0.3158211974010136,0.0,5.987247977193481,2.52222998510162,477.79160788457636
0.7573077858089786,0.0,0.6113802535890462,0.0,0.316351076511558,0.0,5.9882595158444865,2.5209499851016206,477.938507279341
0.7567129293205485,0.0,0.6121221159946505,0.0,0.3168812082616853,0.0,5.989265702062599,2.519669985101621,478.0832512768018
0.7561180402509765,0.0,0.6128626540018589,0.0,0.317411591623256,0.0,5.990266575845911,2.5183899851016207,478.2258513148488
0.7555231184177501,0.0,0.6136018712744008,0.0,0.31794222557233465,0.0,5.9912621768106735,2.5171099851016203,478.3663187708247
0.7549281636429175,0.0,0.6143397714594412,0.0,0.3184731090892025,0.0,5.992252544195713,2.5158299851016213,478.5046649619251
0.7543331757530104,0.0,0.6150763581876482,0.0,0.3190042411583635,0.0,5.99323771686671,2.5145499851016204,478.6409011451426
0.7537381545789648,0.0,0.6158116350732618,0.0,0.319535620768546,0.0,5.994217733320508,2.513269985101621,478.77503851755864
0.7531430999560385,0.0,0.6165456057141654,0.0,0.3200672469127132,0.0,5.995192631689289,2.5119899851016205,478.9070882165659
0.752548011723737,0.0,0.6172782736919543,0.0,0.3205991185880645,0.0,5.996162449744738,2.5107099851016215,479.0370613199936
0.7519528897257363,0.0,0.6180096425720067,0.0,0.32113123479603983,0.0,5.997127224902151,2.5094299851016206,479.1649688463726
0.7513577338098096,0.0,0.6187397159035535,0.0,0.3216635945423225,0.0,5.99808699422447,2.5081499851016216,479.29082175509166
0.7507625438277528,0.0,0.6194684972197495,0.0,0.32219619683684314,0.0,5.999041794426278,2.506869985101621,479.4146309464193
0.7501673196353132,0.0,0.6201959900377426,0.0,0.322729040693778,0.0,5.999991661877738,2.5055899851016203,479.5364072622639
0.7495720610921206,0.0,0.6209221978587465,0.0,0.3232621251315515,0.0,6.000936632608493,2.5043099851016213,479.656161485662
0.7489767680616152,0.0,0.6216471241681105,0.0,0.32379544917283826,0.0,6.001876742311484,2.503029985101621,479.77390434155177
0.7483814404109822,0.0,0.6223707724353905,0.0,0.32432901184455804,0.0,6.002812026346761,2.501749985101622,479.88964649670845
0.747786078011083,0.0,0.6230931461144212,0.0,0.32486281217788043,0.0,6.003742519745206,2.5004699851016206,480.0033985600479
0.7471906807363919,0.0,0.6238142486433845,0.0,0.32539684920821793,0.0,6.004668257212236,2.4991899851016215,480.1151710829142
0.7465952484649298,0.0,0.6245340834448848,0.0,0.3259311219752271,0.0,6.005589273131435,2.4979099851016215,480.22497455908757
0.7459997810782014,0.0,0.6252526539260168,0.0,0.3264656295228055,0.0,6.006505601568164,2.496629985101621,480.3328194252068
0.7454042784611349,0.0,0.6259699634784378,0.0,0.32700037089908623,0.0,6.007417276273096,2.4953499851016216,480.4387160610079
0.7448087405020172,0.0,0.6266860154784404,0.0,0.32753534515643745,0.0,6.008324330685727,2.4940699851016213,480.54267478950726
0.7442131670924387,0.0,0.6274008132870216,0.0,0.32807055135145435,0.0,6.009226797937837,2.492789985101622,480.64470587713
0.74361755812723,0.0,0.6281143602499565,0.0,0.32860598854495815,0.0,6.010124710856912,2.491509985101622,480.7448195340279
0.7430219135044076,0.0,0.6288266596978672,0.0,0.3291416558019874,0.0,6.011018101969491,2.4902299851016214,480.84302591442554
0.7424262331251162,0.0,0.6295377149462951,0.0,0.32967755219179473,0.0,6.01190700350452,2.4889499851016224,480.93933511666705
0.7418305168935699,0.0,0.6302475292957741,0.0,0.33021367678784064,0.0,6.012791447396618,2.487669985101622,481.03375718358825
0.7412347647170034,0.0,0.6309561060318973,0.0,0.3307500286677835,0.0,6.013671465289332,2.4863899851016225,481.12630210272437
0.7406389765056121,0.0,0.6316634484253929,0.0,0.3312866069134777,0.0,6.014547088538335,2.485109985101622,481.2169798065903
0.7400431521725039,0.0,0.6323695597321917,0.0,0.33182341061096354,0.0,6.01541834821459,2.4838299851016217,481.30580017270665
0.7394472916336449,0.0,0.6330744431934997,0.0,0.33236043885045685,0.0,6.016285275107465,2.4825499851016226,481.3927730242974
0.7388513948078081,0.0,0.6337781020358695,0.0,0.3328976907263467,0.0,6.017147899727815,2.4812699851016227,481.47790813003706
0.7382554616165244,0.0,0.6344805394712698,0.0,0.3334351653371835,0.0,6.018006252311033,2.4799899851016223,481.56121520465575
0.7376594919840345,0.0,0.6351817586971558,0.0,0.33397286178566876,0.0,6.018860362820043,2.4787099851016228,481.64270390897417
0.7370634858372374,0.0,0.635881762896542,0.0,0.33451077917864835,0.0,6.019710260948277,2.4774299851016224,481.72238385032347
0.7364674431056453,0.0,0.6365805552380699,0.0,0.33504891662710296,0.0,6.020555976122592,2.4761499851016224,481.8002645826784
0.7358713637213372,0.0,0.6372781388760798,0.0,0.33558727324613685,0.0,6.02139753750617,2.474869985101623,481.87635560690757
0.7352752476189105,0.0,0.637974516950682,0.0,0.33612584815496865,0.0,6.022234974001368,2.4735899851016216,481.95066637107567
0.7346790947354388,0.0,0.6386696925878234,0.0,0.33666464047692024,0.0,6.0230683142525425,2.472309985101622,482.0232062708262
0.7340829050104263,0.0,0.6393636688993609,0.0,0.33720364933940805,0.0,6.023897586648827,2.4710299851016226,482.09398464926903
0.7334866783857642,0.0,0.6400564489831299,0.0,0.33774287387392743,0.0,6.024722819326895,2.469749985101623,482.1630107976598
0.7328904148056877,0.0,0.6407480359230134,0.0,0.3382823132160483,0.0,6.025544040173653,2.4684699851016223,482.23029395538447
0.7322941142167368,0.0,0.6414384327890108,0.0,0.3388219665053971,0.0,6.026361276828945,2.467189985101623,482.29584331024586
0.7316977765677098,0.0,0.6421276426373089,0.0,0.3393618328856503,0.0,6.027174556688183,2.4659099851016224,482.3596679988669
0.7311014018096285,0.0,0.6428156685103493,0.0,0.3399019115045172,0.0,6.027983906904969,2.4646299851016225,482.4217771067808
0.730504989895694,0.0,0.6435025134368986,0.0,0.3404422015137326,0.0,6.028789354393675,2.4633499851016225,482.4821796687631
0.7299085407812499,0.0,0.6441881804321156,0.0,0.3409827020690425,0.0,6.029590925831998,2.462069985101623,482.54088466909366
0.7293120544237425,0.0,0.644872672497621,0.0,0.34152341233019035,0.0,6.0303886476634725,2.460789985101623,482.5979010418714
0.7287155307826856,0.0,0.6455559926215644,0.0,0.3420643314609062,0.0,6.031182546099964,2.4595099851016227,482.6532376709868
0.7281189698196193,0.0,0.6462381437786935,0.0,0.34260545862889225,0.0,6.031972647124116,2.4582299851016227,482.70690339086434
0.7275223714980766,0.0,0.6469191289304208,0.0,0.34314679300581125,0.0,6.0327589764917935,2.4569499851016228,482.7589069863339
0.7269257357835472,0.0,0.6475989510248926,0.0,0.34368833376727015,0.0,6.033541559734458,2.4556699851016237,482.8092571930002
0.7263290626434407,0.0,0.648277612997055,0.0,0.3442300800928113,0.0,6.034320422161557,2.4543899851016238,482.8579626974617
0.7257323520470531,0.0,0.6489551177687216,0.0,0.34477203116589483,0.0,6.035095588862845,2.4531099851016234,482.9050321377183
0.7251356039655336,0.0,0.6496314682486403,0.0,0.34531418617388515,0.0,6.035867084710701,2.4518299851016234,482.9504741033195
0.724538818371849,0.0,0.6503066673325605,0.0,0.3458565443080398,0.0,6.036634934362407,2.450549985101624,482.99429713551416
0.7239419952407528,0.0,0.6509807179032986,0.0,0.3463991047634925,0.0,6.037399162262411,2.4492699851016235,483.0365097277519
0.7233451345487515,0.0,0.6516536228308042,0.0,0.3469418667392404,0.0,6.038159792644538,2.4479899851016236,483.07712032578627
0.722748236274074,0.0,0.6523253849722283,0.0,0.3474848294381287,0.0,6.038916849534195,2.4467099851016236,483.11613732785213
0.7221513003966396,0.0,0.6529960071719851,0.0,0.34802799206683815,0.0,6.039670356750552,2.4454299851016237,483.15356908514184
0.721554326898027,0.0,0.6536654922618226,0.0,0.34857135383586607,0.0,6.040420337908672,2.4441499851016233,483.1894239019485
0.7209573157614461,0.0,0.6543338430608807,0.0,0.3491149139595177,0.0,6.041166816421648,2.4428699851016233,483.2237100358222
0.7203602669717051,0.0,0.6550010623757646,0.0,0.3496586716558868,0.0,6.041909815502685,2.441589985101623,483.25643569803236
0.7197631805151853,0.0,0.6556671530006017,0.0,0.3502026261468425,0.0,6.042649358167169,2.4403099851016243,483.2876090535988
0.7191660563798082,0.0,0.6563321177171124,0.0,0.3507467766580136,0.0,6.0433854672347245,2.439029985101624,483.31723822180606
0.7185688945550113,0.0,0.6569959592946698,0.0,0.35129112241877514,0.0,6.044118165331216,2.4377499851016236,483.3453312761645
0.717971695031718,0.0,0.6576586804903656,0.0,0.35183566266223065,0.0,6.044847474890756,2.436469985101624,483.3718962448812
0.7173744578023112,0.0,0.6583202840490732,0.0,0.3523803966251989,0.0,6.045573418157665,2.435189985101624,483.39694111102915
0.7167771828606063,0.0,0.6589807727035122,0.0,0.35292532354819794,0.0,6.046296017188439,2.4339099851016246,483.420473812792
0.7161798702018262,0.0,0.6596401491743095,0.0,0.3534704426754289,0.0,6.047015293853651,2.4326299851016246,483.4425022438199
0.7155825198225717,0.0,0.6602984161700648,0.0,0.35401575325476253,0.0,6.047731269839865,2.4313499851016243,483.4630342533111
0.7149851317208027,0.0,0.6609555763874093,0.0,0.3545612545377216,0.0,6.048443966651513,2.4300699851016248,483.4820776463124
0.7143877058958052,0.0,0.6616116325110732,0.0,0.35510694577946733,0.0,6.04915340561275,2.4287899851016244,483.49964018414187
0.7137902423481746,0.0,0.6622665872139428,0.0,0.3556528262387803,0.0,6.0498596078692835,2.4275099851016244,483.51572958433854
0.7131927410797855,0.0,0.6629204431571247,0.0,0.3561988951780492,0.0,6.050562594390206,2.4262299851016245,483.5303535212097
0.7125952020937709,0.0,0.6635732029900077,0.0,0.3567451518632532,0.0,6.051262385969761,2.424949985101625,483.54351962574395
0.7119976253944987,0.0,0.6642248693503229,0.0,0.3572915955639439,0.0,6.051959003229114,2.4236699851016246,483.5552354863479
0.711400010987549,0.0,0.664875444864204,0.0,0.35783822555323325,0.0,6.052652466618132,2.4223899851016246,483.5655086485353
0.7108023588796892,0.0,0.6655249321462505,0.0,0.35838504110777636,0.0,6.05334279641708,2.4211099851016247,483.57434661554277
0.7102046690788556,0.0,0.6661733337995851,0.0,0.35893204150775393,0.0,6.054030012738334,2.419829985101625,483.5817568484598
0.7096069415941286,0.0,0.6668206524159157,0.0,0.35947922603685944,0.0,6.054714135528082,2.4185499851016248,483.5877467664343
0.7090091764357127,0.0,0.6674668905755938,0.0,0.36002659398228076,0.0,6.055395184567983,2.4172699851016253,483.5923237470435
0.7084113736149156,0.0,0.6681120508476756,0.0,0.36057414463468573,0.0,6.056073179476816,2.415989985101625,483.59549512623005
0.707813533144126,0.0,0.6687561357899807,0.0,0.36112187728820333,0.0,6.0567481397121155,2.4147099851016245,483.59726819912356
0.7072156550367955,0.0,0.669399147949149,0.0,0.36166979124041376,0.0,6.05742008457177,2.413429985101625,483.59765021956366
0.7066177393074163,0.0,0.6700410898607031,0.0,0.3622178857923253,0.0,6.058089033195621,2.4121499851016255,483.5966484009317
0.7060197859715033,0.0,0.6706819640491035,0.0,0.3627661602483639,0.0,6.05875500456704,2.410869985101624,483.59426991601947
0.7054217950455749,0.0,0.671321773027807,0.0,0.3633146139163536,0.0,6.059418017514479,2.409589985101625,483.59052189735337
0.7048237665471307,0.0,0.6719605192993278,0.0,0.3638632461075024,0.0,6.060078090712993,2.4083099851016256,483.5854114377234
0.7042257004946382,0.0,0.6725982053552895,0.0,0.36441205613638683,0.0,6.0607352426857934,2.4070299851016252,483.5789455898315
0.7036275969075099,0.0,0.6732348336764876,0.0,0.36496104332093304,0.0,6.061389491805714,2.4057499851016253,483.57113136705516
0.7030294558060869,0.0,0.6738704067329427,0.0,0.36551020698240433,0.0,6.062040856296707,2.4044699851016254,483.56197574354485
0.7024312772116212,0.0,0.6745049269839596,0.0,0.3660595464453831,0.0,6.062689354235323,2.4031899851016254,483.5514856542809
0.7018330611462587,0.0,0.6751383968781818,0.0,0.3666090610377554,0.0,6.063335003552143,2.401909985101625,483.53966799537756
0.7012348076330214,0.0,0.6757708188536482,0.0,0.36715875009069354,0.0,6.063977822033218,2.400629985101625,483.52652962446945
0.7006365166957895,0.0,0.6764021953378501,0.0,0.3677086129386447,0.0,6.064617827321483,2.399349985101625,483.5120773607367
0.7000381883592868,0.0,0.6770325287477847,0.0,0.3682586489193082,0.0,6.065255036918166,2.398069985101625,483.4963179853713
0.6994398226490629,0.0,0.6776618214900118,0.0,0.3688088573736265,0.0,6.065889468184167,2.3967899851016257,483.4792582415018
0.6988414195914782,0.0,0.6782900759607076,0.0,0.3693592376457633,0.0,6.066521138341425,2.395509985101626,483.4609048346322
0.6982429792136869,0.0,0.6789172945457208,0.0,0.3699097890830928,0.0,6.067150064474272,2.3942299851016253,483.441264432688
0.697644501543622,0.0,0.6795434796206254,0.0,0.3704605110361798,0.0,6.067776263530771,2.3929499851016254,483.4203436667443
0.6970459866099818,0.0,0.680168633550775,0.0,0.371011402858765,0.0,6.068399752324037,2.3916699851016263,483.398149130411
0.6964474344422114,0.0,0.6807927586913574,0.0,0.37156246390775294,0.0,6.069020547533557,2.390389985101627,483.37468738060653
0.6958488450704898,0.0,0.6814158573874487,0.0,0.3721136935431893,0.0,6.069638665706455,2.3891099851016264,483.3499649379925
0.6952502185257164,0.0,0.6820379319740639,0.0,0.3726650911282516,0.0,6.0702541232587945,2.387829985101626,483.3239882865098
0.6946515548394956,0.0,0.6826589847762118,0.0,0.3732166560292289,0.0,6.070866936476841,2.3865499851016265,483.2967638741515
0.6940528540441216,0.0,0.6832790181089482,0.0,0.37376838761550935,0.0,6.0714771215182965,2.3852699851016266,483.2682981129243
0.6934541161725674,0.0,0.683898034277426,0.0,0.37432028525956246,0.0,6.072084694413543,2.383989985101626,483.2385973792354
0.692855341258469,0.0,0.6845160355769492,0.0,0.37487234833692434,0.0,6.072689671066866,2.3827099851016267,483.2076680138404
0.6922565293361116,0.0,0.6851330242930247,0.0,0.37542457622618214,0.0,6.073292067257661,2.3814299851016263,483.17551632246153
0.6916576804404195,0.0,0.6857490027014117,0.0,0.37597696830895894,0.0,6.073891898641612,2.380149985101626,483.1421485754786
0.6910587946069404,0.0,0.6863639730681756,0.0,0.376529523969896,0.0,6.074489180751911,2.3788699851016264,483.10757100872644
0.690459871871833,0.0,0.6869779376497374,0.0,0.3770822425966412,0.0,6.0750839290003835,2.3775899851016273,483.0717898232166
0.6898609122718551,0.0,0.6875908986929254,0.0,0.37763512357983114,0.0,6.075676158678661,2.376309985101626,483.0348111855156
0.6892619158443527,0.0,0.6882028584350237,0.0,0.3781881663130734,0.0,6.076265884959325,2.375029985101626,482.9966412281316
0.6886628826272457,0.0,0.6888138191038239,0.0,0.37874137019293663,0.0,6.076853122897031,2.3737499851016266,482.95728604941405
0.6880638126590151,0.0,0.6894237829176761,0.0,0.37929473461893326,0.0,6.077437887429631,2.372469985101626,482.91675171398384
0.6874647059786961,0.0,0.6900327520855348,0.0,0.3798482589934988,0.0,6.078020193379268,2.371189985101627,482.8750442529219
0.6868655626258616,0.0,0.690640728807012,0.0,0.3804019427219881,0.0,6.0786000554534745,2.3699099851016268,482.8321696637399
0.6862663826406131,0.0,0.6912477152724242,0.0,0.38095578521264667,0.0,6.079177488246242,2.3686299851016277,482.78813391100965
0.6856671660635696,0.0,0.6918537136628414,0.0,0.3815097858766085,0.0,6.079752506239111,2.3673499851016264,482.7429429260422
0.6850679129358571,0.0,0.6924587261501353,0.0,0.3820639441278695,0.0,6.080325123802205,2.366069985101627,482.69660260763237
0.6844686232990951,0.0,0.6930627548970294,0.0,0.38261825938328203,0.0,6.080895355195279,2.364789985101626,482.6491188218291
0.6838692971953912,0.0,0.6936658020571431,0.0,0.38317273106253347,0.0,6.081463214568769,2.3635099851016266,482.60049740223934
0.6832699346673252,0.0,0.6942678697750441,0.0,0.3837273585881339,0.0,6.082028715964783,2.362229985101627,482.55074415045885
0.6826705357579415,0.0,0.6948689601862925,0.0,0.3842821413854027,0.0,6.082591873318141,2.3609499851016276,482.4998648359927
0.6820711005107398,0.0,0.6954690754174889,0.0,0.3848370788824503,0.0,6.083152700457358,2.3596699851016267,482.4478651964879
0.6814716289696644,0.0,0.696068217586321,0.0,0.3853921705101647,0.0,6.0837112111056415,2.3583899851016272,482.39475093818413
0.6808721211790931,0.0,0.6966663888016107,0.0,0.3859474157021997,0.0,6.084267418881856,2.3571099851016277,482.34052773567794
0.6802725771838296,0.0,0.6972635911633608,0.0,0.3865028138949562,0.0,6.084821337301505,2.3558299851016273,482.2852012324893
0.6796729970290938,0.0,0.6978598267627995,0.0,0.38705836452756853,0.0,6.085372979777669,2.354549985101628,482.22877704113614
0.6790733807605116,0.0,0.6984550976824271,0.0,0.3876140670418934,0.0,6.085922359621981,2.3532699851016283,482.17126074314166
0.6784737284241059,0.0,0.699049405996063,0.0,0.38816992088248947,0.0,6.086469490045529,2.3519899851016275,482.1126578895622
0.6778740400662896,0.0,0.6996427537688878,0.0,0.38872592549660917,0.0,6.087014384159808,2.3507099851016275,482.05297400084896
0.6772743157338537,0.0,0.7002351430574918,0.0,0.3892820803341785,0.0,6.08755705497761,2.349429985101628,481.9922145673512
0.6766745554739607,0.0,0.700826575909917,0.0,0.3898383848477884,0.0,6.088097515413961,2.3481499851016276,481.930385049139
0.6760747593341364,0.0,0.701417054365703,0.0,0.3903948384926753,0.0,6.088635778286995,2.3468699851016277,481.8674908765387
0.6754749273622597,0.0,0.7020065804559318,0.0,0.39095144072671173,0.0,6.0891718563188375,2.3455899851016278,481.80353744996114
0.6748750596065567,0.0,0.7025951562032693,0.0,0.3915081910103872,0.0,6.089705762136499,2.344309985101628,481.73853014056965
0.6742751561155894,0.0,0.7031827836220131,0.0,0.3920650888067988,0.0,6.090237508272734,2.3430299851016283,481.6724742899308
0.6736752169382522,0.0,0.7037694647181312,0.0,0.39262213358163517,0.0,6.0907671071669,2.341749985101628,481.6053752104293
0.673075242123759,0.0,0.7043552014893099,0.0,0.3931793248031612,0.0,6.091294571165798,2.340469985101628,481.53723818571734
0.6724752317216399,0.0,0.7049399959249935,0.0,0.39373666194220625,0.0,6.091819912524533,2.339189985101628,481.4680684703032
0.6718751857817313,0.0,0.7055238500064283,0.0,0.3942941444721499,0.0,6.092343143407319,2.337909985101628,481.39787129026706
0.671275104354169,0.0,0.7061067657067047,0.0,0.39485177186890763,0.0,6.092864275888328,2.336629985101628,481.32665184305614
0.6706749874893797,0.0,0.7066887449908008,0.0,0.3954095436109177,0.0,6.093383321952478,2.3353499851016286,481.2544152980924
0.6700748352380766,0.0,0.7072697898156228,0.0,0.3959674591791263,0.0,6.093900293496258,2.3340699851016278,481.18116679643
0.6694746476512504,0.0,0.7078499021300463,0.0,0.3965255180569756,0.0,6.094415202328507,2.3327899851016287,481.10691145123604
0.6688744247801609,0.0,0.7084290838749611,0.0,0.3970837197303903,0.0,6.094928060171229,2.3315099851016283,481.0316543479766
0.668274166676334,0.0,0.7090073369833082,0.0,0.39764206368776134,0.0,6.0954388786603335,2.3302299851016284,480.9554005444777
0.6676738733915514,0.0,0.709584663380124,0.0,0.3982005494199368,0.0,6.09594766934644,2.3289499851016284,480.87815507110327
0.6670735449778453,0.0,0.7101610649825801,0.0,0.3987591764202055,0.0,6.096454443695627,2.327669985101628,480.79992293096416
0.6664731814874938,0.0,0.7107365437000226,0.0,0.3993179441842831,0.0,6.0969592130901855,2.326389985101629,480.7207091001289
0.6658727829730097,0.0,0.7113111014340157,0.0,0.39987685221030256,0.0,6.097461988829376,2.325109985101629,480.6405185277371
0.6652723494871396,0.0,0.7118847400783773,0.0,0.40043589999879853,0.0,6.0979627821301525,2.3238299851016286,480.55935613600934
0.6646718810828541,0.0,0.7124574615192233,0.0,0.4009950870526935,0.0,6.098461604127919,2.3225499851016287,480.477226820801
0.6640713778133434,0.0,0.7130292676350041,0.0,0.40155441287728627,0.0,6.098958465877219,2.321269985101629,480.3941354513488
0.6634708397320099,0.0,0.7136001602965454,0.0,0.40211387698023865,0.0,6.0994533783524885,2.3199899851016292,480.3100868707288
0.6628702668924638,0.0,0.7141701413670873,0.0,0.40267347887156385,0.0,6.0999463524487405,2.3187099851016293,480.2250858958502
0.6622696593485168,0.0,0.7147392127023229,0.0,0.4032332180636099,0.0,6.100437398982265,2.317429985101629,480.1391373176678
0.6616690171541758,0.0,0.7153073761504368,0.0,0.4037930940710508,0.0,6.10092652869135,2.316149985101629,480.0522459014293
0.6610683403636384,0.0,0.7158746335521445,0.0,0.40435310641087263,0.0,6.101413752236937,2.314869985101628,479.9644163865276
0.6604676290312864,0.0,0.7164409867407291,0.0,0.40491325460235916,0.0,6.101899080203316,2.313589985101629,479.8756534872036
0.6598668832116801,0.0,0.7170064375420819,0.0,0.40547353816708215,0.0,6.102382523098806,2.3123099851016287,479.78596189210555
0.6592661029595548,0.0,0.7175709877747372,0.0,0.4060339566288868,0.0,6.1028640913564045,2.3110299851016287,479.69534626485586
0.6586652883298137,0.0,0.718134639249911,0.0,0.4065945095138807,0.0,6.10334379533446,2.3097499851016297,479.60381124402727
0.658064439377523,0.0,0.7186973937715411,0.0,0.4071551963504194,0.0,6.103821645317313,2.3084699851016297,479.5113614433501
0.6574635561579082,0.0,0.7192592531363191,0.0,0.4077160166690966,0.0,6.104297651515952,2.307189985101629,479.4180014518421
0.6568626387263482,0.0,0.7198202191337306,0.0,0.4082769700027298,0.0,6.104771824068649,2.305909985101629,479.3237358339521
0.6562616871383687,0.0,0.720380293546093,0.0,0.4088380558863495,0.0,6.105244173041586,2.304629985101629,479.22856912978585
0.6556607014496414,0.0,0.7209394781485883,0.0,0.4093992738571855,0.0,6.105714708429493,2.30334998510163,479.13250585515567
0.655059681715975,0.0,0.7214977747093027,0.0,0.4099606234546583,0.0,6.1061834401562605,2.3020699851016295,479.0355505017891
0.654458627993313,0.0,0.7220551849892609,0.0,0.4105221042203627,0.0,6.10665037807555,2.3007899851016287,478.9377075374174
0.6538575403377292,0.0,0.7226117107424624,0.0,0.41108371569805774,0.0,6.1071155319714086,2.2995099851016287,478.83898140603213
0.6532564188054224,0.0,0.723167353715917,0.0,0.4116454574336552,0.0,6.107578911558856,2.2982299851016292,478.73937652799157
0.6526552634527122,0.0,0.7237221156496806,0.0,0.41220732897520906,0.0,6.108040526484502,2.29694998510163,478.6388972998545
0.6520540743360328,0.0,0.7242759982768908,0.0,0.41276932987290027,0.0,6.108500386327128,2.29566998510163,478.53754809531995
0.6514528515119334,0.0,0.7248290033238005,0.0,0.41333145967902746,0.0,6.108958500598237,2.29438998510163,478.43533326435806
0.650851595037069,0.0,0.7253811325098136,0.0,0.4138937179479952,0.0,6.109414878742681,2.29310998510163,478.33225713416954
0.6502503049681995,0.0,0.7259323875475201,0.0,0.4144561042363017,0.0,6.109869530139208,2.2918299851016295,478.2283240088428
0.6496489813621837,0.0,0.7264827701427296,0.0,0.4150186181025281,0.0,6.110322464101019,2.2905499851016295,478.1235381697872
0.6490476242759772,0.0,0.727032281994505,0.0,0.4155812591073258,0.0,6.110773689876346,2.28926998510163,478.017903875664
0.6484462337666252,0.0,0.7275809247951994,0.0,0.41614402681340684,0.0,6.11122321664899,2.2879899851016297,477.91142536263953
0.647844809891264,0.0,0.7281287002304851,0.0,0.4167069207855318,0.0,6.111671053538881,2.2867099851016297,477.80410684438937
0.6472433527071118,0.0,0.7286756099793922,0.0,0.417269940590496,0.0,6.112117209602616,2.2854299851016306,477.69595251254293
0.6466418622714666,0.0,0.729221655714339,0.0,0.4178330857971237,0.0,6.112561693833998,2.2841499851016307,477.5869665364562
0.6460403386417048,0.0,0.7297668391011654,0.0,0.41839635597625174,0.0,6.113004515164562,2.2828699851016303,477.4771530635887
0.6454387818752757,0.0,0.7303111617991661,0.0,0.4189597507007225,0.0,6.113445682464121,2.28158998510163,477.3665162194129
0.6448371920296972,0.0,0.7308546254611247,0.0,0.4195232695453689,0.0,6.113885204541252,2.2803099851016313,477.2550601078956
0.6442355691625542,0.0,0.7313972317333447,0.0,0.42008691208700744,0.0,6.114323090143859,2.2790299851016305,477.14278881125273
0.6436339133314928,0.0,0.7319389822556827,0.0,0.4206506779044244,0.0,6.114759347959644,2.27774998510163,477.0297063904194
0.6430322245942204,0.0,0.7324798786615798,0.0,0.4212145665783662,0.0,6.115193986616631,2.27646998510163,476.91581688479545
0.6424305030084986,0.0,0.7330199225780957,0.0,0.4217785776915282,0.0,6.11562701468367,2.27518998510163,476.8011243127207
0.6418287486321428,0.0,0.7335591156259373,0.0,0.42234271082854496,0.0,6.116058440670924,2.2739099851016307,476.6856326715199
0.6412269615230168,0.0,0.7340974594194937,0.0,0.4229069655759788,0.0,6.11648827303037,2.2726299851016303,476.5693459375111
0.6406251417390322,0.0,0.734634955566865,0.0,0.42347134152230775,0.0,6.1169165201562725,2.2713499851016308,476.45226806623606
0.6400232893381426,0.0,0.7351716056698949,0.0,0.4240358382579193,0.0,6.117343190385681,2.270069985101631,476.3344029925318
0.6394214043783418,0.0,0.7357074113242029,0.0,0.4246004553750947,0.0,6.117768291998898,2.2687899851016304,476.21575463076556
0.6388194869176621,0.0,0.736242374119212,0.0,0.42516519246800205,0.0,6.118191833219947,2.267509985101631,476.09632687474834
0.6382175370141691,0.0,0.7367764956381826,0.0,0.42573004913268453,0.0,6.118613822217049,2.2662299851016305,475.97612359808784
0.6376155547259591,0.0,0.7373097774582418,0.0,0.42629502496705113,0.0,6.119034267103084,2.26494998510163,475.85514865420146
0.6370135401111587,0.0,0.7378422211504126,0.0,0.4268601195708648,0.0,6.119453175936047,2.263669985101631,475.7334058765123
0.6364114932279198,0.0,0.7383738282796467,0.0,0.4274253325457337,0.0,6.119870556719497,2.262389985101631,475.61089907825374
0.6358094141344156,0.0,0.7389046004048527,0.0,0.42799066349510095,0.0,6.120286417403025,2.261109985101631,475.4876320531992
0.6352073028888423,0.0,0.7394345390789254,0.0,0.4285561120242336,0.0,6.12070076588268,2.259829985101631,475.36360857521055
0.6346051595494117,0.0,0.7399636458487779,0.0,0.42912167774021276,0.0,6.121113610001413,2.2585499851016313,475.2388323986294
0.6340029841743517,0.0,0.7404919222553683,0.0,0.42968736025192517,0.0,6.12152495754952,2.2572699851016313,475.11330725833756
0.6334007768219032,0.0,0.7410193698337307,0.0,0.4302531591700518,0.0,6.121934816265077,2.2559899851016314,474.98703686984226
0.6327985375503159,0.0,0.7415459901130043,0.0,0.4308190741070581,0.0,6.122343193834363,2.254709985101631,474.8600249295222
0.6321962664178487,0.0,0.7420717846164604,0.0,0.43138510467718477,0.0,6.122750097892271,2.253429985101632,474.7322751146126
0.6315939634827635,0.0,0.742596754861536,0.0,0.4319512504964372,0.0,6.123155536022761,2.252149985101632,474.6037910833036
0.6309916288033268,0.0,0.7431209023598557,0.0,0.4325175111825783,0.0,6.123559515759248,2.2508699851016316,474.47457647498607
0.6303892624378052,0.0,0.7436442286172653,0.0,0.43308388635511424,0.0,6.123962044585023,2.249589985101631,474.3446349102848
0.629786864444464,0.0,0.7441667351338579,0.0,0.4336503756352895,0.0,6.124363129933652,2.2483099851016326,474.21396999107367
0.6291844348815622,0.0,0.7446884234040041,0.0,0.434216978646075,0.0,6.124762779189404,2.247029985101632,474.0825853008572
0.6285819738073547,0.0,0.7452092949163763,0.0,0.43478369501215897,0.0,6.125160999687626,2.245749985101632,473.9504844046678
0.6279794812800877,0.0,0.7457293511539799,0.0,0.4353505243599367,0.0,6.12555779871515,2.244469985101632,473.8176708491769
0.6273769573579957,0.0,0.746248593594179,0.0,0.43591746631750494,0.0,6.125953183510693,2.243189985101632,473.6841481628099
0.6267744020993011,0.0,0.7467670237087252,0.0,0.43648452051464737,0.0,6.12634716126523,2.241909985101632,473.54991985604687
0.6261718155622122,0.0,0.7472846429637834,0.0,0.43705168658282834,0.0,6.126739739122384,2.240629985101632,473.41498942128
0.6255691978049195,0.0,0.7478014528199599,0.0,0.43761896415518375,0.0,6.127130924178823,2.239349985101633,473.2793603330564
0.6249665488855951,0.0,0.7483174547323306,0.0,0.43818635286651053,0.0,6.127520723484618,2.2380699851016326,473.1430360481733
0.6243638688623898,0.0,0.7488326501504645,0.0,0.4387538523532603,0.0,6.127909144043619,2.236789985101632,473.00602000577413
0.6237611577934337,0.0,0.749347040518453,0.0,0.4393214622535259,0.0,6.128296192813848,2.2355099851016327,472.86831562732823
0.6231584157368293,0.0,0.7498606272749374,0.0,0.4398891822070368,0.0,6.128681876707832,2.234229985101632,472.7299263170548
0.6225556427506557,0.0,0.7503734118531304,0.0,0.4404570118551472,0.0,6.129066202593,2.232949985101632,472.59085546175544
0.6219528388929622,0.0,0.7508853956808484,0.0,0.4410249508408287,0.0,6.129449177292015,2.2316699851016315,472.45110643092
0.6213500042217682,0.0,0.7513965801805331,0.0,0.4415929988086618,0.0,6.129830807583153,2.230389985101632,472.3106825769309
0.6207471387950626,0.0,0.751906966769279,0.0,0.44216115540482576,0.0,6.130211100200639,2.229109985101633,472.1695872350926
0.6201442426707985,0.0,0.7524165568588606,0.0,0.44272942027709,0.0,6.130590061835025,2.227829985101633,472.02782372406426
0.6195413159068961,0.0,0.7529253518557547,0.0,0.4432977930748076,0.0,6.130967699133493,2.226549985101633,471.885395345255
0.6189383585612372,0.0,0.7534333531611689,0.0,0.443866273448904,0.0,6.131344018700242,2.2252699851016318,471.74230538360246
0.618335370691668,0.0,0.753940562171064,0.0,0.44443486105186825,0.0,6.131719027096802,2.223989985101633,471.59855710737037
0.6177323523559908,0.0,0.754446980276183,0.0,0.44500355553774845,0.0,6.132092730842378,2.2227099851016328,471.45415376826725
0.617129303611969,0.0,0.7549526088620724,0.0,0.44557235656213867,0.0,6.132465136414194,2.221429985101633,471.30909860155094
0.6165262245173222,0.0,0.755457449309109,0.0,0.4461412637821736,0.0,6.132836250247808,2.2201499851016324,471.1633948262065
0.6159231151297258,0.0,0.7559615029925235,0.0,0.44671027685651776,0.0,6.133206078737455,2.2188699851016334,471.01704564493826
0.6153199755068081,0.0,0.7564647712824268,0.0,0.4472793954453611,0.0,6.13357462823636,2.217589985101633,470.87005424426826
0.6147168057061507,0.0,0.7569672555438328,0.0,0.44784861921040453,0.0,6.133941905057064,2.216309985101634,470.7224237948489
0.6141136057852862,0.0,0.7574689571366834,0.0,0.4484179478148587,0.0,6.134307915471751,2.215029985101633,470.57415745112684
0.6135103758016968,0.0,0.7579698774158719,0.0,0.4489873809234301,0.0,6.1346726657125465,2.213749985101633,470.42525835188115
0.6129071158128129,0.0,0.7584700177312687,0.0,0.44955691820231575,0.0,6.135036161971848,2.212469985101633,470.27572962007423
0.6123038258760117,0.0,0.7589693794277421,0.0,0.45012655931919626,0.0,6.1353984104026305,2.2111899851016332,470.1255743630642
0.6117005060486166,0.0,0.7594679638451864,0.0,0.45069630394322413,0.0,6.135759417118745,2.2099099851016333,469.9747956724986
0.6110971563878954,0.0,0.7599657723185406,0.0,0.4512661517450191,0.0,6.136119188195229,2.2086299851016333,469.8233966245934
0.6104937769510571,0.0,0.7604628061778163,0.0,0.45183610239665906,0.0,6.136477729668622,2.207349985101634,469.6713802803423
0.6098903677952553,0.0,0.7609590667481176,0.0,0.4524061555716717,0.0,6.136835047537233,2.2060699851016334,469.5187496851514
0.6092869289775823,0.0,0.7614545553496667,0.0,0.4529763109450266,0.0,6.137191147761471,2.204789985101633,469.36550786949255
0.608683460555071,0.0,0.7619492732978246,0.0,0.4535465681931291,0.0,6.137546036264111,2.2035099851016335,469.21165784844453
0.6080799625846911,0.0,0.7624432219031164,0.0,0.4541169269938106,0.0,6.137899718930603,2.202229985101634,469.0572026223842
0.607476435123351,0.0,0.7629364024712527,0.0,0.45468738702632205,0.0,6.138252201609352,2.200949985101634,468.9021451764982
0.6068728782278942,0.0,0.7634288163031523,0.0,0.45525794797132596,0.0,6.138603490112006,2.199669985101635,468.74648848111093
0.6062692919550986,0.0,0.7639204646949656,0.0,0.4558286095108882,0.0,6.138953590213734,2.1983899851016337,468.5902354919619
0.6056656763616777,0.0,0.7644113489380945,0.0,0.4563993713284716,0.0,6.139302507653517,2.1971099851016334,468.43338915000777
0.6050620315042757,0.0,0.7649014703192182,0.0,0.4569702331089271,0.0,6.139650248134415,2.195829985101634,468.27595238165304
0.6044583574394696,0.0,0.7653908301203134,0.0,0.45754119453848857,0.0,6.13999681732385,2.194549985101634,468.11792809866836
0.6038546542237667,0.0,0.765879429618676,0.0,0.45811225530476196,0.0,6.140342220853874,2.1932699851016344,467.959319198577
0.6032509219136044,0.0,0.7663672700869435,0.0,0.4586834150967209,0.0,6.14068646432144,2.191989985101634,467.80012856451987
0.6026471605653478,0.0,0.7668543527931166,0.0,0.4592546736046987,0.0,6.141029553288669,2.1907099851016336,467.6403590653017
0.6020433702352915,0.0,0.7673406790005811,0.0,0.45982603052037907,0.0,6.141371493283121,2.189429985101634,467.48001355559177
0.6014395509796553,0.0,0.767826249968129,0.0,0.4603974855367918,0.0,6.14171228979806,2.1881499851016346,467.31909487606913
0.6008357028545852,0.0,0.7683110669499803,0.0,0.46096903834830427,0.0,6.142051948292698,2.186869985101634,467.1576058533148
0.6002318259161533,0.0,0.768795131195804,0.0,0.46154068865061176,0.0,6.142390474192468,2.1855899851016343,466.9955493000212
0.5996279202203538,0.0,0.7692784439507389,0.0,0.4621124361407371,0.0,6.142727872889284,2.184309985101634,466.8329280150055
0.5990239858231063,0.0,0.7697610064554146,0.0,0.46268428051701554,0.0,6.143064149741782,2.1830299851016344,466.6697447834698
0.5984200227802519,0.0,0.770242819945974,0.0,0.46325622147909307,0.0,6.143399310075578,2.181749985101634,466.50600237662906
0.5978160311475522,0.0,0.7707238856540918,0.0,0.4638282587279174,0.0,6.143733359183514,2.180469985101634,466.34170355249574
0.5972120109806918,0.0,0.7712042048069958,0.0,0.4644003919657318,0.0,6.1440663023259106,2.1791899851016345,466.176851055224
0.5966079623352731,0.0,0.7716837786274886,0.0,0.46497262089606745,0.0,6.144398144730813,2.1779099851016346,466.01144761581645
0.5960038852668198,0.0,0.7721626083339665,0.0,0.46554494522373696,0.0,6.144728891594221,2.176629985101635,465.8454959515967
0.5953997798307717,0.0,0.7726406951404413,0.0,0.46611736465482806,0.0,6.145058548080346,2.1753499851016342,465.67899876687767
0.5947956460824887,0.0,0.7731180402565578,0.0,0.4666898788966953,0.0,6.145387119321838,2.1740699851016356,465.51195875268
0.5941914840772461,0.0,0.7735946448876181,0.0,0.46726248765795536,0.0,6.145714610420023,2.1727899851016343,465.3443785867846
0.5935872938702362,0.0,0.7740705102345968,0.0,0.4678351906484781,0.0,6.14604102644515,2.1715099851016344,465.1762609340888
0.5929830755165667,0.0,0.7745456374941645,0.0,0.4684079875793819,0.0,6.146366372436595,2.170229985101635,465.00760844642275
0.5923788290712598,0.0,0.7750200278587063,0.0,0.46898087816302614,0.0,6.146690653403129,2.168949985101635,464.8384237626956
0.5917745545892527,0.0,0.77549368251634,0.0,0.46955386211300426,0.0,6.147013874323112,2.167669985101635,464.6687095091058
0.5911702521253962,0.0,0.7759666026509379,0.0,0.4701269391441382,0.0,6.147336040144741,2.1663899851016355,464.49846829893147
0.5905659217344535,0.0,0.7764387894421448,0.0,0.4707001089724707,0.0,6.147657155786264,2.165109985101635,464.3277027328313
0.5899615634711003,0.0,0.7769102440653978,0.0,0.4712733713152602,0.0,6.147977226136202,2.163829985101635,464.1564153989089
0.5893571773899244,0.0,0.777380967691945,0.0,0.4718467258909727,0.0,6.148296256053574,2.162549985101635,463.98460887274297
0.5887527635454246,0.0,0.7778509614888649,0.0,0.47242017241927714,0.0,6.148614250368112,2.161269985101635,463.8122857173621
0.5881483219920104,0.0,0.7783202266190852,0.0,0.47299371062103757,0.0,6.148931213880479,2.1599899851016344,463.63944848342646
0.5875438527840016,0.0,0.7787887642414016,0.0,0.4735673402183082,0.0,6.149247151362483,2.158709985101635,463.4660997093347
0.5869393559756272,0.0,0.7792565755104969,0.0,0.4741410609343259,0.0,6.1495620675572935,2.1574299851016354,463.29224192115464
0.5863348316210244,0.0,0.7797236615769595,0.0,0.47471487249350447,0.0,6.149875967179635,2.156149985101636,463.1178776329634
0.5857302797742395,0.0,0.7801900235873017,0.0,0.4752887746214299,0.0,6.150188854916018,2.1548699851016346,462.94300934650295
0.5851257004892281,0.0,0.7806556626839771,0.0,0.4758627670448501,0.0,6.15050073542494,2.153589985101635,462.76763955157026
0.5845210938198514,0.0,0.7811205800054017,0.0,0.47643684949167325,0.0,6.150811613337082,2.152309985101636,462.59177072591194
0.583916459819878,0.0,0.7815847766859694,0.0,0.4770110216909595,0.0,6.151121493255519,2.1510299851016357,462.4154053356418
0.5833117985429828,0.0,0.7820482538560714,0.0,0.4775852833729158,0.0,6.151430379755927,2.1497499851016357,462.2385458348055
0.5827071100427477,0.0,0.7825110126421138,0.0,0.47815963426888836,0.0,6.151738277386761,2.1484699851016362,462.061194665641
0.5821023943726595,0.0,0.7829730541665354,0.0,0.4787340741113585,0.0,6.152045190669482,2.1471899851016354,461.88335425876375
0.5814976515861107,0.0,0.7834343795478261,0.0,0.47930860263393515,0.0,6.152351124098743,2.1459099851016363,461.70502703327634
0.5808928817363972,0.0,0.7838949899005441,0.0,0.479883219571351,0.0,6.152656082142567,2.1446299851016364,461.5262153966105
0.5802880848767206,0.0,0.7843548863353339,0.0,0.48045792465945336,0.0,6.152960069242572,2.1433499851016364,461.34692174472724
0.5796832610601859,0.0,0.7848140699589429,0.0,0.4810327176352024,0.0,6.153263089814127,2.142069985101636,461.16714846206054
0.5790784103398011,0.0,0.7852725418742401,0.0,0.48160759823666166,0.0,6.15356514824658,2.1407899851016357,460.98689792184666
0.5784735327684788,0.0,0.7857303031802316,0.0,0.4821825662029945,0.0,6.153866248903404,2.1395099851016353,460.80617248591227
0.5778686283990335,0.0,0.7861873549720801,0.0,0.4827576212744569,0.0,6.1541663961224256,2.138229985101636,460.6249745047449
0.577263697284182,0.0,0.7866436983411202,0.0,0.483332763192394,0.0,6.1544655942159805,2.1369499851016363,460.44330631791524
0.5766587394765428,0.0,0.787099334374877,0.0,0.48390799169923165,0.0,6.154763847471114,2.135669985101636,460.26117025373145
0.5760537550286374,0.0,0.7875542641570807,0.0,0.48448330653847277,0.0,6.155061160149743,2.134389985101636,460.0785686293948
0.5754487439928878,0.0,0.7880084887676855,0.0,0.4850587074546907,0.0,6.155357536488864,2.133109985101636,459.89550375128215
0.5748437064216172,0.0,0.7884620092828862,0.0,0.48563419419352405,0.0,6.1556529807007125,2.131829985101636,459.7119779146799
0.5742386423670495,0.0,0.7889148267751331,0.0,0.4862097665016719,0.0,6.155947496972936,2.130549985101636,459.52799340419085
0.5736335518813099,0.0,0.7893669423131505,0.0,0.4867854241268862,0.0,6.156241089468798,2.1292699851016366,459.3435524934208
0.5730284350164229,0.0,0.7898183569619526,0.0,0.48736116681796837,0.0,6.156533762327318,2.127989985101637,459.1586574453742
0.5724232918243127,0.0,0.790269071782859,0.0,0.4879369943247635,0.0,6.156825519663465,2.1267099851016362,458.9733105124404
0.5718181223568047,0.0,0.7907190878335114,0.0,0.4885129063981542,0.0,6.157116365568322,2.1254299851016363,458.78751393611043
0.5712129266656218,0.0,0.7911684061678915,0.0,0.489088902790054,0.0,6.157406304109265,2.1241499851016363,458.6012699476939
0.5706077048023879,0.0,0.7916170278363336,0.0,0.4896649832534065,0.0,6.157695339330115,2.122869985101637,458.41458076769516
0.5700024568186243,0.0,0.7920649538855444,0.0,0.4902411475421749,0.0,6.157983475251321,2.1215899851016364,458.22744860625676
0.5693971827657519,0.0,0.7925121853586155,0.0,0.4908173954113399,0.0,6.158270715870114,2.1203099851016374,458.0398756632874
0.5687918826950884,0.0,0.7929587232950424,0.0,0.49139372661689434,0.0,6.158557065160686,2.119029985101637,457.85186412823856
0.5681865566578523,0.0,0.7934045687307372,0.0,0.491970140915835,0.0,6.158842527074332,2.1177499851016366,457.66341618029116
0.567581204705158,0.0,0.793849722698047,0.0,0.49254663806616095,0.0,6.15912710553963,2.116469985101637,457.4745339885182
0.5669758268880195,0.0,0.7942941862257671,0.0,0.49312321782686686,0.0,6.1594108044626,2.1151899851016376,457.2852197117054
0.5663704232573461,0.0,0.7947379603391583,0.0,0.4936998799579388,0.0,6.1596936277268455,2.113909985101637,457.0954754986742
0.5657649938639467,0.0,0.795181046059961,0.0,0.4942766242203471,0.0,6.159975579193733,2.1126299851016372,456.90530348805
0.5651595387585261,0.0,0.7956234444064119,0.0,0.4948534503760428,0.0,6.16025666270253,2.1113499851016377,456.71470580872966
0.5645540579916867,0.0,0.7960651563932576,0.0,0.4954303581879533,0.0,6.1605368820705735,2.110069985101637,456.52368457950115
0.563948551613928,0.0,0.7965061830317705,0.0,0.4960073474199755,0.0,6.160816241093422,2.1087899851016374,456.33224190926927
0.5633430196756454,0.0,0.7969465253297643,0.0,0.49658441783697255,0.0,6.161094743545003,2.1075099851016375,456.1403798972438
0.5627374622271315,0.0,0.797386184291609,0.0,0.4971615692047666,0.0,6.161372393177758,2.106229985101638,455.94810063283353
0.5621318793185761,0.0,0.7978251609182438,0.0,0.49773880129013826,0.0,6.161649193722806,2.1049499851016376,455.7554061955956
0.5615262710000635,0.0,0.7982634562071954,0.0,0.49831611386081565,0.0,6.161925148890089,2.103669985101637,455.56229865573664
0.5609206373215762,0.0,0.7987010711525886,0.0,0.49889350668547555,0.0,6.16220026236852,2.1023899851016377,455.3687800735464
0.5603149783329907,0.0,0.7991380067451653,0.0,0.49947097953373376,0.0,6.162474537826117,2.1011099851016377,455.17485250000266
0.5597092940840812,0.0,0.7995742639722955,0.0,0.5000485321761432,0.0,6.162747978910158,2.099829985101638,454.98051797650936
0.5591035846245171,0.0,0.8000098438179937,0.0,0.5006261643841876,0.0,6.163020589247329,2.0985499851016387,454.7857785349741
0.5584978500038621,0.0,0.800444747262933,0.0,0.5012038759302796,0.0,6.163292372443864,2.0972699851016374,454.59063619806085
0.5578920902715788,0.0,0.8008789752844582,0.0,0.5017816665877511,0.0,6.163563332085678,2.0959899851016375,454.39509297894983
0.5572863054770221,0.0,0.8013125288566025,0.0,0.5023595361308526,0.0,6.163833471738515,2.094709985101638,454.19915088161105
0.5566804956694442,0.0,0.801745408950099,0.0,0.5029374843347473,0.0,6.164102794948088,2.0934299851016385,454.00281190082023
0.5560746608979917,0.0,0.8021776165323972,0.0,0.5035155109755064,0.0,6.164371305240221,2.092149985101638,453.8060780220954
0.5554688012117075,0.0,0.802609152567675,0.0,0.5040936158301036,0.0,6.164639006120963,2.090869985101638,453.6089512218881
0.5548629166595284,0.0,0.8030400180168535,0.0,0.5046717986764134,0.0,6.16490590107676,2.0895899851016373,453.4114334675695
0.5542570072902877,0.0,0.803470213837611,0.0,0.5052500592932035,0.0,6.165171993574554,2.0883099851016382,453.2135267174138
0.5536510731527129,0.0,0.8038997409843975,0.0,0.5058283974601303,0.0,6.165437287061948,2.0870299851016383,453.01523292080293
0.5530451142954268,0.0,0.804328600408446,0.0,0.5064068129577383,0.0,6.165701784967313,2.0857499851016383,452.8165540180844
0.5524391307669474,0.0,0.8047567930577896,0.0,0.506985305567449,0.0,6.165965490699937,2.084469985101639,452.61749194089515
0.5518331226156866,0.0,0.8051843198772719,0.0,0.5075638750715641,0.0,6.166228407650141,2.083189985101638,452.41804861188325
0.5512270898899541,0.0,0.8056111818085612,0.0,0.5081425212532552,0.0,6.166490539189425,2.081909985101639,452.2182259448573
0.5506210326379507,0.0,0.8060373797901668,0.0,0.5087212438965607,0.0,6.166751888670576,2.0806299851016385,452.0180258451558
0.5500149509077747,0.0,0.8064629147574476,0.0,0.5093000427863845,0.0,6.167012459427825,2.079349985101638,451.8174502092218
0.5494088447474179,0.0,0.8068877876426298,0.0,0.5098789177084871,0.0,6.167272254776935,2.078069985101638,451.61650092491317
0.5488027142047682,0.0,0.8073119993748165,0.0,0.5104578684494856,0.0,6.167531278015356,2.0767899851016383,451.41517987148546
0.548196559327607,0.0,0.8077355508800033,0.0,0.5110368947968457,0.0,6.16778953242234,2.0755099851016388,451.2134889196416
0.5475903801636112,0.0,0.8081584430810913,0.0,0.5116159965388798,0.0,6.168047021259062,2.0742299851016384,451.0114299316042
0.5469841767603528,0.0,0.8085806768978976,0.0,0.5121951734647417,0.0,6.16830374776874,2.072949985101639,450.8090047611241
0.5463779491652977,0.0,0.8090022532471717,0.0,0.5127744253644224,0.0,6.168559715176766,2.0716699851016394,450.60621525367344
0.5457716974258071,0.0,0.8094231730426049,0.0,0.5133537520287484,0.0,6.1688149266908185,2.070389985101639,450.4030632461181
0.5451654215891374,0.0,0.8098434371948469,0.0,0.5139331532493725,0.0,6.16906938550098,2.0691099851016386,450.1995505671542
0.544559121702439,0.0,0.8102630466115142,0.0,0.5145126288187742,0.0,6.169323094779869,2.067829985101639,449.9956790372411
0.5439527978127581,0.0,0.8106820021972067,0.0,0.5150921785302522,0.0,6.169576057682738,2.06654998510164,449.7914504686457
0.5433464499670346,0.0,0.8111003048535181,0.0,0.5156718021779249,0.0,6.169828277347601,2.0652699851016387,449.5868666651896
0.5427400782121047,0.0,0.8115179554790481,0.0,0.5162514995567208,0.0,6.17007975689535,2.063989985101639,449.3819294229005
0.5421336825946992,0.0,0.8119349549694159,0.0,0.5168312704623782,0.0,6.1703304994298716,2.0627099851016397,449.17664052948464
0.5415272631614426,0.0,0.8123513042172733,0.0,0.5174111146914405,0.0,6.17058050803815,2.0614299851016393,448.9710017646513
0.5409208199588558,0.0,0.8127670041123154,0.0,0.5179910320412501,0.0,6.1708297857903895,2.0601499851016394,448.7650149002052
0.5403143530333543,0.0,0.8131820555412921,0.0,0.518571022309948,0.0,6.171078335740117,2.05886998510164,448.5586816998504
0.5397078624312486,0.0,0.8135964593880242,0.0,0.5191510852964675,0.0,6.1713261609243135,2.0575899851016395,448.35200391943
0.5391013481987446,0.0,0.8140102165334113,0.0,0.5197312208005278,0.0,6.171573264363499,2.05630998510164,448.14498330702816
0.5384948103819424,0.0,0.8144233278554457,0.0,0.5203114286226393,0.0,6.171819649061855,2.0550299851016387,447.93762160266203
0.5378882490268397,0.0,0.8148357942292243,0.0,0.5208917085640865,0.0,6.172065318007338,2.053749985101639,447.7299205386836
0.5372816641793277,0.0,0.81524761652696,0.0,0.5214720604269358,0.0,6.172310274171769,2.0524699851016392,447.5218818396912
0.5366750558851924,0.0,0.8156587956179953,0.0,0.5220524840140248,0.0,6.17255452051096,2.05118998510164,447.3135072226763
0.5360684241901168,0.0,0.8160693323688119,0.0,0.5226329791289609,0.0,6.172798059964816,2.04990998510164,447.10479839675236
0.535461769139679,0.0,0.8164792276430425,0.0,0.5232135455761177,0.0,6.173040895457421,2.0486299851016403,446.895757063532
0.534855090779352,0.0,0.8168884823014855,0.0,0.5237941831606301,0.0,6.173283029897169,2.0473499851016395,446.6863849170717
0.5342483891545057,0.0,0.8172970972021123,0.0,0.5243748916883907,0.0,6.173524466176851,2.0460699851016404,446.4766836438491
0.533641664310404,0.0,0.8177050732000822,0.0,0.5249556709660488,0.0,6.173765207173764,2.04478998510164,446.2666549227674
0.533034916292209,0.0,0.8181124111477515,0.0,0.525536520801002,0.0,6.174005255749813,2.04350998510164,446.05630042535176
0.532428145144976,0.0,0.8185191118946877,0.0,0.526117441001396,0.0,6.174244614751603,2.04222998510164,445.84562181574313
0.5318213509136591,0.0,0.8189251762876778,0.0,0.5266984313761197,0.0,6.174483287010555,2.04094998510164,445.63462075048994
0.5312145336431063,0.0,0.8193306051707424,0.0,0.5272794917348015,0.0,6.174721275342993,2.0396699851016393,445.42329887913496
0.530607693378063,0.0,0.8197353993851441,0.0,0.5278606218878064,0.0,6.1749585825502455,2.0383899851016403,445.21165784361875
0.5300008301631708,0.0,0.8201395597694009,0.0,0.5284418216462314,0.0,6.17519521141875,2.037109985101641,444.99969927869427
0.529393944042966,0.0,0.820543087159298,0.0,0.5290230908219029,0.0,6.175431164720135,2.0358299851016413,444.78742481204796
0.5287870350618847,0.0,0.8209459823878952,0.0,0.5296044292273727,0.0,6.175666445211341,2.034549985101641,444.57483606386336
0.5281801032642564,0.0,0.8213482462855416,0.0,0.5301858366759138,0.0,6.17590105563469,2.033269985101641,444.36193464748186
0.5275731486943089,0.0,0.8217498796798853,0.0,0.5307673129815179,0.0,6.176134998717998,2.03198998510164,444.14872216894855
0.5269661713961674,0.0,0.8221508833958832,0.0,0.531348857958891,0.0,6.176368277174663,2.0307099851016406,443.93520022728717
0.5263591714138525,0.0,0.8225512582558135,0.0,0.531930471423452,0.0,6.176600893703753,2.029429985101641,443.7213704145289
0.5257521487912828,0.0,0.8229510050792864,0.0,0.5325121531913249,0.0,6.176832850990116,2.028149985101641,443.5072343155584
0.5251451035722736,0.0,0.8233501246832532,0.0,0.5330939030793415,0.0,6.177064151704453,2.0268699851016407,443.29279350852227
0.5245380358005381,0.0,0.8237486178820187,0.0,0.5336757209050306,0.0,6.177294798503419,2.025589985101641,443.07804956448075
0.5239309455196862,0.0,0.8241464854872508,0.0,0.5342576064866227,0.0,6.1775247940297096,2.024309985101641,442.8630040476287
0.5233238327732261,0.0,0.8245437283079917,0.0,0.5348395596430398,0.0,6.177754140912164,2.023029985101641,442.6476585152681
0.5227166976045631,0.0,0.8249403471506681,0.0,0.5354215801938954,0.0,6.177982841765831,2.0217499851016414,442.43201451798944
0.5221095400570005,0.0,0.8253363428191011,0.0,0.5360036679594914,0.0,6.178210899192083,2.0204699851016414,442.21607359947257
0.5215023601737393,0.0,0.8257317161145181,0.0,0.536585822760812,0.0,6.178438315778674,2.0191899851016415,441.9998372968468
0.520895157997879,0.0,0.8261264678355617,0.0,0.5371680444195246,0.0,6.178665094099866,2.017909985101641,441.7833071402551
0.5202879335724166,0.0,0.826520598778301,0.0,0.537750332757972,0.0,6.178891236716479,2.016629985101641,441.5664846534429
0.5196806869402492,0.0,0.8269141097362399,0.0,0.538332687599173,0.0,6.179116746175999,2.0153499851016416,441.34937135321815
0.5190734181441691,0.0,0.8273070015003314,0.0,0.5389151087668158,0.0,6.179341625012648,2.014069985101641,441.13196875020344
0.5184661272268708,0.0,0.8276992748589821,0.0,0.5394975960852582,0.0,6.179565875747491,2.0127899851016413,440.9142783479698
0.5178588142309452,0.0,0.8280909305980675,0.0,0.5400801493795212,0.0,6.179789500888493,2.0115099851016414,440.69630164391964
0.5172514791988827,0.0,0.8284819695009389,0.0,0.5406627684752887,0.0,6.180012502930619,2.0102299851016414,440.4780401287184
0.5166441221730731,0.0,0.8288723923484342,0.0,0.5412454531989006,0.0,6.180234884355924,2.0089499851016415,440.2594952867715
0.5160367431958058,0.0,0.8292621999188877,0.0,0.5418282033773547,0.0,6.180456647633607,2.0076699851016415,440.04066859573084
0.5154293423092681,0.0,0.8296513929881408,0.0,0.542411018838299,0.0,6.180677795220128,2.006389985101641,439.82156152725616
0.5148219195555478,0.0,0.8300399723295514,0.0,0.5429938994100301,0.0,6.180898329559253,2.0051099851016416,439.60217554635466
0.5142144749766324,0.0,0.8304279387140026,0.0,0.5435768449214906,0.0,6.1811182530821664,2.0038299851016412,439.38251211178937
0.513607008614409,0.0,0.830815292909913,0.0,0.5441598552022671,0.0,6.181337568207529,2.0025499851016417,439.16257267600326
0.5129995205106644,0.0,0.8312020356832482,0.0,0.5447429300825839,0.0,6.181556277341568,2.001269985101642,438.94235868511856
0.5123920107070866,0.0,0.8315881677975274,0.0,0.5453260693933027,0.0,6.181774382878151,1.9999899851016416,438.72187157917597
0.511784479245262,0.0,0.8319736900138357,0.0,0.545909272965919,0.0,6.181991887198866,1.9987099851016419,438.501112791874
0.5111769261666795,0.0,0.832358603090831,0.0,0.546492540632558,0.0,6.182208792673098,1.9974299851016424,438.2800837506936
0.5105693515127266,0.0,0.8327429077847565,0.0,0.5470758722259726,0.0,6.182425101658107,1.9961499851016422,438.05878587717865
0.5099617553246932,0.0,0.833126604849447,0.0,0.5476592675795402,0.0,6.182640816499097,1.9948699851016416,437.8372205866311
0.5093541376437697,0.0,0.8335096950363402,0.0,0.5482427265272604,0.0,6.182855939529309,1.993589985101642,437.6153892882957
0.5087464985110476,0.0,0.8338921790944859,0.0,0.5488262489037501,0.0,6.183070473070069,1.9923099851016424,437.39329338524743
0.5081388379675189,0.0,0.8342740577705553,0.0,0.5494098345442426,0.0,6.183284419430894,1.9910299851016426,437.1709342748181
0.5075311560540783,0.0,0.8346553318088487,0.0,0.5499934832845842,0.0,6.183497780909542,1.9897499851016427,436.9483133480771
0.5069234528115208,0.0,0.8350360019513073,0.0,0.5505771949612301,0.0,6.183710559792091,1.9884699851016427,436.72543199037113
0.5063157282805447,0.0,0.8354160689375203,0.0,0.5511609694112429,0.0,6.183922758353024,1.9871899851016428,436.5022915809577
0.5057079825017488,0.0,0.8357955335047342,0.0,0.5517448064722903,0.0,6.184134378855279,1.9859099851016422,436.27889349328785
0.5051002155156351,0.0,0.8361743963878634,0.0,0.5523287059826382,0.0,6.184345423550349,1.984629985101643,436.05523909495207
0.5044924273626074,0.0,0.8365526583194965,0.0,0.5529126677811547,0.0,6.184555894678324,1.983349985101643,435.8313297476466
0.5038846180829718,0.0,0.8369303200299091,0.0,0.5534966917073002,0.0,6.1847657944679835,1.9820699851016426,435.60716680733674
0.5032767877169377,0.0,0.8373073822470682,0.0,0.55408077760113,0.0,6.1849751251368525,1.9807899851016428,435.38275162416625
0.502668936304617,0.0,0.837683845696645,0.0,0.5546649253032884,0.0,6.18518388889129,1.9795099851016427,435.15808554255284
0.5020610638860249,0.0,0.8380597111020205,0.0,0.5552491346550067,0.0,6.185392087926531,1.9782299851016432,434.9331699011972
0.5014531705010787,0.0,0.8384349791842981,0.0,0.5558334054981013,0.0,6.18559972442678,1.976949985101643,434.7080060331975
0.5008452561896003,0.0,0.8388096506623078,0.0,0.5564177376749704,0.0,6.185806800565264,1.975669985101642,434.4825952658297
0.5002373209913151,0.0,0.8391837262526185,0.0,0.5570021310285891,0.0,6.186013318504314,1.974389985101643,434.2569389209296
0.4996293649458519,0.0,0.8395572066695446,0.0,0.5575865854025117,0.0,6.186219280395405,1.9731099851016431,434.0310383145755
0.499021388092743,0.0,0.839930092625156,0.0,0.5581711006408645,0.0,6.1864246883792635,1.9718299851016428,433.8048947573915
0.49841339047142624,0.0,0.8403023848292852,0.0,0.558755676588344,0.0,6.186629544585901,1.9705499851016433,433.57850955436874
0.4978053721212416,0.0,0.8406740839895376,0.0,0.5593403130902166,0.0,6.186833851134688,1.9692699851016426,433.3518840051438
0.49719733308143627,0.0,0.8410451908112978,0.0,0.559925009992313,0.0,6.187037610134425,1.9679899851016425,433.12501940353803
0.49658927339115977,0.0,0.8414157059977404,0.0,0.5605097671410262,0.0,6.187240823683403,1.9667099851016425,432.89791703837136
0.49598119308946803,0.0,0.8417856302498355,0.0,0.5610945843833118,0.0,6.18744349386947,1.9654299851016432,432.6705781926887
0.49537309221532017,0.0,0.8421549642663615,0.0,0.5616794615666809,0.0,6.187645622770088,1.9641499851016422,432.4430041442894
0.4947649708075832,0.0,0.8425237087439076,0.0,0.5622643985392001,0.0,6.1878472124524135,1.962869985101643,432.21519616555844
0.49415682890502827,0.0,0.8428918643768863,0.0,0.5628493951494898,0.0,6.1880482649733395,1.9615899851016432,431.98715552345845
0.493548666546331,0.0,0.8432594318575416,0.0,0.5634344512467189,0.0,6.188248782379572,1.9603099851016434,431.7588834798107
0.4929404837700752,0.0,0.8436264118759542,0.0,0.5640195666806037,0.0,6.188448766707681,1.9590299851016435,431.530381290974
0.4923322806147486,0.0,0.8439928051200527,0.0,0.5646047413014065,0.0,6.188648219984172,1.9577499851016433,431.3016502080882
0.4917240571187465,0.0,0.8443586122756195,0.0,0.5651899749599305,0.0,6.1888471442255515,1.9564699851016436,431.07269147716295
0.4911158133203698,0.0,0.8447238340263009,0.0,0.5657752675075195,0.0,6.189045541438361,1.955189985101643,430.8435063388568
0.49050754925782736,0.0,0.8450884710536128,0.0,0.5663606187960541,0.0,6.1892434136192795,1.9539099851016437,430.61409602871146
0.4898992649692328,0.0,0.8454525240369508,0.0,0.5669460286779512,0.0,6.189440762755144,1.9526299851016435,430.38446177700735
0.48929096049260834,0.0,0.845815993653597,0.0,0.5675314970061577,0.0,6.189637590823024,1.9513499851016436,430.154604809069
0.48868263586588284,0.0,0.8461788805787278,0.0,0.5681170236341527,0.0,6.189833899790289,1.9500699851016434,429.92452634496004
0.48807429112689277,0.0,0.8465411854854223,0.0,0.5687026084159417,0.0,6.1900296916146615,1.9487899851016435,429.6942275996977
0.4874659263133822,0.0,0.8469029090446706,0.0,0.569288251206054,0.0,6.190224968244263,1.947509985101644,429.4637097833153
0.48685754146300253,0.0,0.8472640519253796,0.0,0.5698739518595446,0.0,6.190419731617687,1.946229985101644,429.23297410068005
0.4862491366133134,0.0,0.8476246147943837,0.0,0.5704597102319852,0.0,6.190613983664051,1.944949985101644,429.00202175176827
0.48564071180178353,0.0,0.8479845983164488,0.0,0.5710455261794684,0.0,6.190807726303055,1.943669985101644,428.77085393153493
0.48503226706578867,0.0,0.8483440031542837,0.0,0.5716313995586003,0.0,6.191000961445031,1.9423899851016444,428.5394718299452
0.484423802442614,0.0,0.8487028299685458,0.0,0.5722173302265001,0.0,6.191193690991012,1.9411099851016445,428.30787663210566
0.4838153179694531,0.0,0.8490610794178483,0.0,0.5728033180407999,0.0,6.191385916832769,1.9398299851016443,428.0760695181273
0.483206813683409,0.0,0.8494187521587689,0.0,0.5733893628596374,0.0,6.191577640852895,1.938549985101644,427.84405166327326
0.48259828962149365,0.0,0.8497758488458567,0.0,0.5739754645416575,0.0,6.191768864924824,1.9372699851016444,427.61182423799136
0.48198974582062876,0.0,0.8501323701316391,0.0,0.5745616229460102,0.0,6.191959590912916,1.9359899851016444,427.37938840777974
0.48138118231764526,0.0,0.8504883166666316,0.0,0.5751478379323447,0.0,6.192149820672493,1.934709985101644,427.14674533345675
0.4807725991492836,0.0,0.8508436890993419,0.0,0.5757341093608113,0.0,6.192339556049903,1.9334299851016448,426.91389617098014
0.4801639963521949,0.0,0.8511984880762804,0.0,0.5763204370920554,0.0,6.192528798882567,1.9321499851016446,426.680842071616
0.47955537396294023,0.0,0.8515527142419647,0.0,0.5769068209872188,0.0,6.1927175509990295,1.930869985101645,426.4475841817992
0.4789467320179914,0.0,0.8519063682389285,0.0,0.5774932609079356,0.0,6.192905814219025,1.9295899851016445,426.21412364319133
0.4783380705537305,0.0,0.8522594507077298,0.0,0.5780797567163279,0.0,6.193093590353521,1.928309985101645,425.98046159295404
0.47772938960645045,0.0,0.8526119622869555,0.0,0.5786663082750085,0.0,6.193280881204757,1.9270299851016448,425.7465991634107
0.4771206892123551,0.0,0.8529639036132308,0.0,0.5792529154470744,0.0,6.193467688566323,1.9257499851016449,425.51253748241544
0.4765119694075605,0.0,0.8533152753212253,0.0,0.5798395780961064,0.0,6.193654014223189,1.9244699851016445,425.27827767294286
0.4759032302280928,0.0,0.853666078043661,0.0,0.5804262960861665,0.0,6.19383985995177,1.923189985101645,425.0438208535725
0.4752944717098909,0.0,0.8540163124113179,0.0,0.5810130692817967,0.0,6.19402522751996,1.921909985101645,424.8091681381931
0.4746856938888048,0.0,0.8543659790530425,0.0,0.5815998975480153,0.0,6.194210118687205,1.9206299851016455,424.5743206362594
0.47407689680059717,0.0,0.8547150785957546,0.0,0.5821867807503148,0.0,6.194394535204525,1.9193499851016456,424.3392794525864
0.4734680804809422,0.0,0.8550636116644532,0.0,0.5827737187546624,0.0,6.194578478814595,1.9180699851016456,424.1040456875139
0.4728592449654275,0.0,0.8554115788822246,0.0,0.5833607114274938,0.0,6.194761951251761,1.9167899851016457,423.8686204368295
0.47225039028955296,0.0,0.8557589808702493,0.0,0.5839477586357146,0.0,6.194944954242114,1.915509985101645,423.6330047919391
0.4716415164887313,0.0,0.8561058182478077,0.0,0.5845348602466954,0.0,6.195127489503529,1.9142299851016455,423.3971998398095
0.4710326235982883,0.0,0.8564520916322883,0.0,0.5851220161282731,0.0,6.195309558745709,1.9129499851016452,423.16120666291823
0.4704237116534632,0.0,0.8567978016391941,0.0,0.5857092261487443,0.0,6.195491163670249,1.911669985101645,422.9250263393393
0.4698147806894092,0.0,0.8571429488821488,0.0,0.5862964901768669,0.0,6.195672305970649,1.9103899851016464,422.688659942857
0.46920583074119165,0.0,0.8574875339729046,0.0,0.5868838080818587,0.0,6.195852987332407,1.909109985101646,422.4521085427317
0.4685968618437918,0.0,0.8578315575213478,0.0,0.5874711797333898,0.0,6.196033209433032,1.9078299851016456,422.2153732041044
0.46798787403210423,0.0,0.8581750201355061,0.0,0.5880586050015872,0.0,6.196212973942094,1.906549985101645,421.97845498755976
0.4673788673409384,0.0,0.8585179224215551,0.0,0.5886460837570281,0.0,6.196392282521294,1.9052699851016461,421.74135494957955
0.46676984180501585,0.0,0.8588602649838258,0.0,0.589233615870741,0.0,6.196571136824477,1.903989985101645,421.50407414234104
0.4661607974589772,0.0,0.8592020484248092,0.0,0.5898212012142005,0.0,6.196749538497701,1.902709985101646,421.2666136136355
0.4655517343373739,0.0,0.859543273345165,0.0,0.5904088396593296,0.0,6.196927489179269,1.901429985101645,421.0289744071198
0.4649426524746756,0.0,0.8598839403437265,0.0,0.5909965310784921,0.0,6.197104990499783,1.9001499851016466,420.7911575622442
0.4643335519052645,0.0,0.8602240500175082,0.0,0.5915842753444975,0.0,6.19728204408219,1.898869985101646,420.5531641143046
0.46372443266344215,0.0,0.8605636029617113,0.0,0.5921720723305917,0.0,6.197458651541805,1.8975899851016467,420.3149950942696
0.463115294783422,0.0,0.8609025997697315,0.0,0.5927599219104607,0.0,6.197634814486386,1.8963099851016463,420.0766515290609
0.46250613829933584,0.0,0.8612410410331639,0.0,0.5933478239582266,0.0,6.197810534516151,1.8950299851016459,419.8381344415249
0.4618969632452315,0.0,0.86157892734181,0.0,0.5939357783484438,0.0,6.197985813223842,1.8937499851016462,419.599444850302
0.4612877696550727,0.0,0.8619162592836843,0.0,0.5945237849561008,0.0,6.198160652194756,1.8924699851016462,419.3605837699893
0.46067855756273995,0.0,0.8622530374450204,0.0,0.5951118436566161,0.0,6.198335053006782,1.8911899851016456,419.1215522109935
0.46006932700203107,0.0,0.8625892624102769,0.0,0.5956999543258359,0.0,6.198509017230466,1.8899099851016463,418.88235117983686
0.4594600780066593,0.0,0.8629249347621447,0.0,0.5962881168400341,0.0,6.198682546429028,1.888629985101646,418.64298167897357
0.4588508106102578,0.0,0.863260055081552,0.0,0.5968763310759072,0.0,6.19885564215842,1.8873499851016462,418.4034447067088
0.4582415248463747,0.0,0.8635946239476711,0.0,0.597464596910577,0.0,6.199028305967364,1.886069985101646,418.16374125750264
0.4576322207484777,0.0,0.8639286419379242,0.0,0.5980529142215844,0.0,6.199200539397385,1.8847899851016465,417.92387232177686
0.4570228983499509,0.0,0.8642621096279904,0.0,0.5986412828868898,0.0,6.199372343982863,1.8835099851016468,417.6838388860439
0.4564135576840981,0.0,0.8645950275918112,0.0,0.5992297027848706,0.0,6.19954372125107,1.882229985101647,417.4436419326991
0.45580419878413897,0.0,0.8649273964015962,0.0,0.5998181737943203,0.0,6.19971467272221,1.8809499851016467,417.20328244052337
0.45519482168321435,0.0,0.865259216627829,0.0,0.6004066957944456,0.0,6.199885199909458,1.8796699851016467,416.96276138417664
0.4545854264143828,0.0,0.8655904888392746,0.0,0.6009952686648646,0.0,6.200055304318998,1.8783899851016472,416.72207973440027
0.45397601301062057,0.0,0.8659212136029847,0.0,0.6015838922856058,0.0,6.200224987450078,1.8771099851016473,416.4812384583011
0.4533665815048249,0.0,0.8662513914843029,0.0,0.6021725665371055,0.0,6.2003942507950205,1.875829985101647,416.24023851890354
0.4527571319298115,0.0,0.8665810230468715,0.0,0.602761291300205,0.0,6.200563095839294,1.8745499851016474,415.99908087560993
0.4521476643183156,0.0,0.8669101088526368,0.0,0.603350066456154,0.0,6.200731524061518,1.8732699851016474,415.7577664837503
0.45153817870299273,0.0,0.867238649461855,0.0,0.6039388918866014,0.0,6.200899536933537,1.8719899851016475,415.516296295096
0.45092867511641693,0.0,0.8675666454331002,0.0,0.6045277674735978,0.0,6.201067135920437,1.8707099851016469,415.2746712576941
0.45031915359108415,0.0,0.8678940973232661,0.0,0.6051166930995945,0.0,6.201234322480581,1.8694299851016467,415.03289231553623
0.44970961415941,0.0,0.8682210056875747,0.0,0.6057056686474389,0.0,6.20140109806566,1.8681499851016472,414.7909604091714
0.44910005685373044,0.0,0.8685473710795824,0.0,0.6062946940003751,0.0,6.20156746412073,1.8668699851016473,414.54887647526823
0.44849048170630285,0.0,0.8688731940511831,0.0,0.6068837690420411,0.0,6.201733422084228,1.8655899851016475,414.3066414468396
0.44788088874930426,0.0,0.8691984751526177,0.0,0.6074728936564667,0.0,6.201898973388043,1.8643099851016476,414.0642562532648
0.4472712780148345,0.0,0.8695232149324754,0.0,0.6080620677280737,0.0,6.202064119457527,1.8630299851016476,413.8217218201454
0.44666164953491416,0.0,0.8698474139377029,0.0,0.6086512911416712,0.0,6.202228861711532,1.8617499851016477,413.57903906952396
0.44605200334148476,0.0,0.8701710727136086,0.0,0.6092405637824573,0.0,6.202393201562465,1.860469985101647,413.3362089198084
0.4454423394664109,0.0,0.8704941918038681,0.0,0.6098298855360141,0.0,6.202557140416307,1.8591899851016482,413.0932322857443
0.4448326579414775,0.0,0.8708167717505302,0.0,0.6104192562883091,0.0,6.202720679672665,1.8579099851016472,412.85011007858077
0.4442229587983938,0.0,0.871138813094022,0.0,0.6110086759256915,0.0,6.202883820724779,1.8566299851016468,412.60684320579156
0.44361324206879027,0.0,0.8714603163731547,0.0,0.6115981443348905,0.0,6.203046564959592,1.8553499851016473,412.36343257145325
0.4430035077842196,0.0,0.8717812821251293,0.0,0.6121876614030155,0.0,6.203208913757759,1.8540699851016478,412.11987907606675
0.4423937559761576,0.0,0.8721017108855418,0.0,0.6127772270175533,0.0,6.203370868493699,1.8527899851016474,411.87618361658866
0.44178398667600416,0.0,0.8724216031883889,0.0,0.6133668410663642,0.0,6.2035324305356205,1.8515099851016477,411.63234708645274
0.4411741999150816,0.0,0.8727409595660723,0.0,0.6139565034376858,0.0,6.203693601245553,1.850229985101648,411.388370375558
0.4405643957246343,0.0,0.8730597805494065,0.0,0.6145462140201267,0.0,6.203854381979396,1.8489499851016478,411.144254370407
0.43995457413583305,0.0,0.8733780666676215,0.0,0.6151359727026656,0.0,6.2040147740869305,1.847669985101648,410.89999995391537
0.4393447351797706,0.0,0.8736958184483699,0.0,0.6157257793746518,0.0,6.204174778911879,1.846389985101648,410.6556080057808
0.4387348788874638,0.0,0.8740130364177313,0.0,0.6163156339258021,0.0,6.204334397791917,1.8451099851016484,410.4110794020295
0.43812500528985415,0.0,0.8743297211002186,0.0,0.6169055362461997,0.0,6.2044936320587185,1.843829985101648,410.1664150153437
0.4375151144178082,0.0,0.8746458730187813,0.0,0.617495486226292,0.0,6.204652483037988,1.8425499851016478,409.9216157150468
0.43690520630211604,0.0,0.8749614926948143,0.0,0.6180854837568882,0.0,6.204810952049483,1.8412699851016479,409.6766823670775
0.4362952809734934,0.0,0.8752765806481585,0.0,0.6186755287291615,0.0,6.204969040407061,1.8399899851016481,409.4316158338925
0.4356853384625808,0.0,0.8755911373971094,0.0,0.619265621034644,0.0,6.205126749418706,1.8387099851016488,409.18641697477767
0.4350753787999436,0.0,0.8759051634584222,0.0,0.619855760565226,0.0,6.205284080386555,1.8374299851016485,408.94108664551777
0.43446540201607275,0.0,0.8762186593473146,0.0,0.6204459472131544,0.0,6.205441034606949,1.8361499851016483,408.6956256987327
0.4338554081413857,0.0,0.8765316255774741,0.0,0.621036180871032,0.0,6.205597613370435,1.8348699851016486,408.45003498355504
0.43324539720622474,0.0,0.8768440626610623,0.0,0.6216264614318151,0.0,6.205753817961826,1.8335899851016484,408.2043153460085
0.4326353692408582,0.0,0.8771559711087198,0.0,0.6222167887888131,0.0,6.205909649660214,1.8323099851016482,407.9584676286476
0.4320253242754821,0.0,0.8774673514295712,0.0,0.6228071628356857,0.0,6.206065109739008,1.8310299851016483,407.7124926709389
0.4314152623402169,0.0,0.8777782041312318,0.0,0.6233975834664414,0.0,6.206220199465969,1.8297499851016488,407.4663913090614
0.43080518346511165,0.0,0.8780885297198089,0.0,0.623988050575438,0.0,6.206374920103238,1.8284699851016488,407.2201643758569
0.43019508768014036,0.0,0.8783983286999117,0.0,0.6245785640573782,0.0,6.206529272907356,1.827189985101649,406.9738127010219
0.42958497501520393,0.0,0.8787076015746523,0.0,0.6251691238073114,0.0,6.2066832591293135,1.8259099851016487,406.7273371112447
0.428974845500134,0.0,0.8790163488456522,0.0,0.625759729720628,0.0,6.2068368800145715,1.8246299851016492,406.48073842958814
0.4283646991646854,0.0,0.8793245710130465,0.0,0.6263503816930635,0.0,6.206990136803079,1.823349985101649,406.23401747637587
0.42775453603854285,0.0,0.8796322685754905,0.0,0.6269410796206915,0.0,6.207143030729327,1.8220699851016486,405.98717506851483
0.42714435615131846,0.0,0.8799394420301623,0.0,0.627531823399926,0.0,6.207295563022359,1.8207899851016491,405.7402120198373
0.4265341595325518,0.0,0.8802460918727699,0.0,0.6281226129275184,0.0,6.207447734905816,1.8195099851016492,405.49312914117996
0.42592394621171176,0.0,0.8805522185975537,0.0,0.6287134481005565,0.0,6.207599547597952,1.8182299851016488,405.24592724004964
0.42531371621819497,0.0,0.8808578226972932,0.0,0.6293043288164631,0.0,6.207751002311665,1.8169499851016493,404.9986071209408
0.42470346958132615,0.0,0.8811629046633116,0.0,0.6298952549729936,0.0,6.207902100254533,1.8156699851016496,404.7511695853285
0.42409320633035963,0.0,0.8814674649854781,0.0,0.6304862264682384,0.0,6.208052842628846,1.8143899851016496,404.50361543153383
0.4234829264944786,0.0,0.8817715041522173,0.0,0.6310772432006134,0.0,6.208203230631612,1.81310998510165,404.2559454549062
0.42287263010279497,0.0,0.8820750226505092,0.0,0.631668305068869,0.0,6.208353265454613,1.8118299851016495,404.0081604475855
0.42226231718435164,0.0,0.882378020965896,0.0,0.6322594119720808,0.0,6.208502948284418,1.81054998510165,403.76026119883016
0.4216519877681179,0.0,0.8826804995824878,0.0,0.6328505638096517,0.0,6.208652280302419,1.8092699851016494,403.5122484949154
0.421041641882996,0.0,0.8829824589829657,0.0,0.6334417604813092,0.0,6.208801262684844,1.8079899851016494,403.26412311895547
0.4204312795578171,0.0,0.8832838996485854,0.0,0.6340330018871058,0.0,6.208949896602803,1.8067099851016502,403.01588585121925
0.4198209008213411,0.0,0.8835848220591862,0.0,0.6346242879274154,0.0,6.2090981832223,1.8054299851016493,402.767537468951
0.41921050570226015,0.0,0.88388522669319,0.0,0.6352156185029335,0.0,6.209246123704279,1.8041499851016494,402.5190787464229
0.4186000942291963,0.0,0.8841851140276098,0.0,0.6358069935146756,0.0,6.209393719204625,1.8028699851016496,402.27051045494346
0.41798966643070257,0.0,0.8844844845380526,0.0,0.636398412863975,0.0,6.209540970874214,1.8015899851016492,402.02183336289306
0.41737922233526187,0.0,0.8847833386987248,0.0,0.6369898764524824,0.0,6.209687879858932,1.8003099851016502,401.7730482358428
0.4167687619712893,0.0,0.8850816769824356,0.0,0.6375813841821651,0.0,6.209834447299699,1.7990299851016505,401.5241558362561
0.41615828536713034,0.0,0.8853794998606026,0.0,0.6381729359553048,0.0,6.209980674332492,1.7977499851016505,401.27515692386413
0.41554779255106283,0.0,0.8856768078032555,0.0,0.6387645316744952,0.0,6.21012656208839,1.7964699851016495,401.0260522554626
0.414937283551296,0.0,0.8859736012790411,0.0,0.6393561712426424,0.0,6.210272111693572,1.79518998510165,400.7768425849728
0.4143267583959713,0.0,0.8862698807552267,0.0,0.6399478545629639,0.0,6.2104173242693665,1.7939099851016507,400.52752866347447
0.41371621711316087,0.0,0.8865656466977065,0.0,0.6405395815389863,0.0,6.210562200932266,1.7926299851016503,400.2781112391762
0.4131056597308703,0.0,0.8868608995710038,0.0,0.641131352074544,0.0,6.210706742793953,1.7913499851016499,400.02859105747996
0.41249508627703774,0.0,0.8871556398382764,0.0,0.6417231660737777,0.0,6.210850950961331,1.79006998510165,399.77896886098375
0.4118844967795333,0.0,0.8874498679613212,0.0,0.6423150234411346,0.0,6.210994826536544,1.7887899851016504,399.5292453894646
0.4112738912661602,0.0,0.8877435844005782,0.0,0.6429069240813656,0.0,6.211138370617007,1.78750998510165,399.27942137987924
0.41066326976465445,0.0,0.8880367896151347,0.0,0.6434988678995243,0.0,6.211281584295423,1.7862299851016505,399.02949756650077
0.41005263230268524,0.0,0.8883294840627294,0.0,0.6440908548009672,0.0,6.211424468659813,1.7849499851016501,398.77947468069567
0.4094419789078555,0.0,0.8886216681997572,0.0,0.6446828846913506,0.0,6.21156702479355,1.7836699851016506,398.52935345121045
0.4088313096077012,0.0,0.8889133424812734,0.0,0.64527495747663,0.0,6.2117092537753615,1.7823899851016507,398.27913460392796
0.408220624429692,0.0,0.8892045073609977,0.0,0.6458670730630585,0.0,6.211851156679369,1.7811099851016512,398.02881886218796
0.4076099234012321,0.0,0.889495163291318,0.0,0.6464592313571877,0.0,6.211992734575118,1.7798299851016512,397.778406946351
0.4069992065496591,0.0,0.8897853107232956,0.0,0.6470514322658631,0.0,6.212133988527583,1.7785499851016504,397.5278995742797
0.4063884739022459,0.0,0.8900749501066685,0.0,0.647643675696225,0.0,6.212274919597211,1.7772699851016511,397.2772974610251
0.40577772548619867,0.0,0.8903640818898556,0.0,0.6482359615557084,0.0,6.212415528839925,1.775989985101651,397.0266013190575
0.40516696132865854,0.0,0.8906527065199619,0.0,0.6488282897520383,0.0,6.21255581730717,1.774709985101651,396.775811858112
0.40455618145670114,0.0,0.8909408244427817,0.0,0.6494206601932311,0.0,6.21269578604592,1.773429985101651,396.5249297853761
0.4039453858973387,0.0,0.8912284361028021,0.0,0.6500130727875932,0.0,6.212835436098703,1.7721499851016507,396.2739558051173
0.40333457467751715,0.0,0.8915155419432079,0.0,0.6506055274437199,0.0,6.212974768503639,1.7708699851016518,396.0228906192308
0.40272374782411774,0.0,0.8918021424058867,0.0,0.6511980240704928,0.0,6.2131137842944435,1.7695899851016512,395.77173492694965
0.402112905363958,0.0,0.8920882379314305,0.0,0.6517905625770801,0.0,6.213252484500458,1.7683099851016517,395.5204894248451
0.4015020473237907,0.0,0.8923738289591421,0.0,0.6523831428729349,0.0,6.213390870146673,1.7670299851016518,395.2691548068474
0.400891173730305,0.0,0.8926589159270373,0.0,0.6529757648677936,0.0,6.213528942253758,1.7657499851016516,395.01773176440184
0.40028028461012516,0.0,0.89294349927185,0.0,0.6535684284716763,0.0,6.2136667018380685,1.7644699851016519,394.7662209863795
0.39966937998981295,0.0,0.8932275794290355,0.0,0.6541611335948844,0.0,6.21380414991169,1.7631899851016515,394.5146231588883
0.3990584598958663,0.0,0.8935111568327753,0.0,0.654753880147998,0.0,6.213941287482427,1.761909985101652,394.26293896573577
0.39844752435471853,0.0,0.8937942319159807,0.0,0.6553466680418781,0.0,6.214078115553865,1.7606299851016523,394.0111690880948
0.39783657339274137,0.0,0.8940768051102953,0.0,0.6559394971876641,0.0,6.214214635125358,1.7593499851016516,393.7593142045523
0.3972256070362425,0.0,0.8943588768461015,0.0,0.6565323674967707,0.0,6.214350847192072,1.758069985101652,393.5073749912867
0.39661462531146763,0.0,0.894640447552522,0.0,0.6571252788808897,0.0,6.214486752744999,1.7567899851016522,393.25535212179443
0.3960036282445985,0.0,0.8949215176574256,0.0,0.6577182312519881,0.0,6.214622352770981,1.7555099851016516,393.00324626725387
0.39539261586175545,0.0,0.89520208758743,0.0,0.6583112245223038,0.0,6.214757648252719,1.7542299851016523,392.7510580963068
0.39478158818899634,0.0,0.8954821577679047,0.0,0.6589042586043511,0.0,6.214892640168821,1.7529499851016515,392.49878827506666
0.39417054525231676,0.0,0.8957617286229776,0.0,0.6594973334109122,0.0,6.215027329493792,1.7516699851016524,392.2464374671838
0.3935594870776498,0.0,0.8960408005755356,0.0,0.6600904488550428,0.0,6.215161717198077,1.750389985101652,391.99400633396476
0.3929484136908677,0.0,0.8963193740472306,0.0,0.660683604850065,0.0,6.215295804248078,1.749109985101652,391.7414955341462
0.39233732511778047,0.0,0.8965974494584827,0.0,0.6612768013095708,0.0,6.215429591606162,1.7478299851016514,391.4889057240719
0.39172622138413693,0.0,0.8968750272284836,0.0,0.6618700381474187,0.0,6.215563080230695,1.7465499851016517,391.2362375576791
0.3911151025156239,0.0,0.8971521077752006,0.0,0.6624633152777331,0.0,6.215696271076062,1.7452699851016522,390.98349168655307
0.3905039685378682,0.0,0.8974286915153799,0.0,0.6630566326149041,0.0,6.21582916509268,1.7439899851016523,390.73066875973626
0.3898928194764354,0.0,0.8977047788645511,0.0,0.6636499900735846,0.0,6.2159617632270265,1.742709985101652,390.47776942398724
0.3892816553568294,0.0,0.8979803702370306,0.0,0.6642433875686913,0.0,6.216094066421652,1.7414299851016528,390.2247943236772
0.3886704762044948,0.0,0.8982554660459241,0.0,0.664836825015403,0.0,6.216226075615201,1.7401499851016526,389.97174410073615
0.3880592820448152,0.0,0.8985300667031327,0.0,0.6654303023291571,0.0,6.216357791742437,1.7388699851016522,389.7186193948429
0.3874480729031135,0.0,0.8988041726193537,0.0,0.6660238194256536,0.0,6.216489215734263,1.737589985101652,389.4654208432625
0.38683684880465347,0.0,0.8990777842040868,0.0,0.6666173762208486,0.0,6.2166203485177265,1.7363099851016526,389.21214908091787
0.38622560977463805,0.0,0.8993509018656362,0.0,0.6672109726309576,0.0,6.2167511910160655,1.7350299851016528,388.9588047404193
0.38561435583821124,0.0,0.8996235260111134,0.0,0.6678046085724523,0.0,6.2168817441487,1.7337499851016531,388.7053884520467
0.3850030870204568,0.0,0.8998956570464435,0.0,0.6683982839620597,0.0,6.217012008831268,1.7324699851016532,388.4519008438236
0.384391803346399,0.0,0.9001672953763667,0.0,0.6689919987167613,0.0,6.217141985975643,1.7311899851016521,388.1983425414192
0.38378050484100457,0.0,0.9004384414044414,0.0,0.6695857527537918,0.0,6.217271676489943,1.7299099851016528,387.9447141681853
0.38316919152917794,0.0,0.9007090955330496,0.0,0.6701795459906407,0.0,6.2174010812785685,1.7286299851016527,387.69101634534
0.38255786343576836,0.0,0.9009792581633989,0.0,0.6707733783450457,0.0,6.2175302012422,1.7273499851016534,387.43724969166544
0.38194652058556317,0.0,0.9012489296955271,0.0,0.6713672497349975,0.0,6.217659037277829,1.7260699851016532,387.1834148237826
0.3813351630032926,0.0,0.901518110528304,0.0,0.6719611600787366,0.0,6.217787590278779,1.724789985101653,386.9295123560328
0.38072379071362916,0.0,0.9017868010594371,0.0,0.67255510929475,0.0,6.2179158611347125,1.723509985101653,386.67554290048577
0.3801124037411857,0.0,0.9020550016854734,0.0,0.673149097301774,0.0,6.218043850731658,1.722229985101653,386.4215070670252
0.3795010021105173,0.0,0.9023227128018034,0.0,0.6737431240187908,0.0,6.2181715599520295,1.7209499851016534,386.1674054633697
0.37888958584612237,0.0,0.9025899348026643,0.0,0.674337189365029,0.0,6.218298989674636,1.719669985101653,385.9132386948964
0.3782781549724395,0.0,0.9028566680811438,0.0,0.6749312932599609,0.0,6.218426140774708,1.7183899851016529,385.65900736491284
0.37766670951385173,0.0,0.9031229130291831,0.0,0.6755254356233032,0.0,6.218553014123913,1.7171099851016531,385.404712074447
0.3770552494946831,0.0,0.9033886700375804,0.0,0.6761196163750157,0.0,6.218679610590375,1.7158299851016536,385.1503534223629
0.3764437749392017,0.0,0.9036539394959948,0.0,0.6767138354352988,0.0,6.218805931038685,1.7145499851016541,384.89593200536183
0.37583228587161716,0.0,0.9039187217929483,0.0,0.6773080927245958,0.0,6.218931976329923,1.7132699851016535,384.6414484179678
0.375220782316083,0.0,0.9041830173158308,0.0,0.6779023881635872,0.0,6.219057747321686,1.7119899851016536,384.38690325265463
0.37460926429669644,0.0,0.9044468264509015,0.0,0.6784967216731955,0.0,6.21918324486808,1.710709985101653,384.1322970995157
0.37399773183749685,0.0,0.9047101495832944,0.0,0.6790910931745787,0.0,6.219308469819766,1.7094299851016537,383.877630546764
0.37338618496246795,0.0,0.9049729870970201,0.0,0.6796855025891334,0.0,6.21943342302396,1.708149985101654,383.62290418037867
0.372774623695537,0.0,0.9052353393749694,0.0,0.6802799498384917,0.0,6.219558105324454,1.7068699851016538,383.36811858416047
0.37216304806057526,0.0,0.9054972067989159,0.0,0.680874434844522,0.0,6.219682517561632,1.7055899851016543,383.11327433989635
0.37155145808139706,0.0,0.9057585897495215,0.0,0.681468957529326,0.0,6.219806660572488,1.704309985101654,382.8583720272627
0.3709398537817629,0.0,0.9060194886063365,0.0,0.6820635178152389,0.0,6.219930535190649,1.703029985101654,382.60341222377554
0.3703282351853753,0.0,0.9062799037478058,0.0,0.6826581156248291,0.0,6.220054142246379,1.7017499851016533,382.348395504943
0.3697166023158836,0.0,0.9065398355512688,0.0,0.6832527508808964,0.0,6.220177482566605,1.700469985101654,382.0933224441336
0.3691049551968794,0.0,0.9067992843929669,0.0,0.6838474235064711,0.0,6.220300556974929,1.6991899851016543,381.83819361279694
0.36849329385190094,0.0,0.9070582506480422,0.0,0.6844421334248134,0.0,6.220423366291651,1.6979099851016541,381.58300958011483
0.3678816183044308,0.0,0.907316734690544,0.0,0.6850368805594128,0.0,6.220545911333775,1.6966299851016544,381.3277709133829
0.3672699285778966,0.0,0.9075747368934298,0.0,0.6856316648339861,0.0,6.220668192915034,1.6953499851016547,381.07247817779285
0.3666582246956706,0.0,0.9078322576285703,0.0,0.6862264861724785,0.0,6.220790211845899,1.6940699851016543,380.817131936514
0.36604650668107225,0.0,0.9080892972667504,0.0,0.6868213444990603,0.0,6.22091196893361,1.6927899851016543,380.5617327507511
0.3654347745573647,0.0,0.908345856177674,0.0,0.6874162397381282,0.0,6.221033464982163,1.6915099851016544,380.306281179595
0.3648230283477585,0.0,0.9086019347299666,0.0,0.6880111718143022,0.0,6.221154700792364,1.690229985101654,380.0507777801753
0.36421126807540855,0.0,0.9088575332911782,0.0,0.6886061406524273,0.0,6.221275677161807,1.688949985101655,379.79522310770335
0.3635994937634163,0.0,0.9091126522277869,0.0,0.6892011461775704,0.0,6.221396394884922,1.6876699851016541,379.5396177153374
0.3629877054348304,0.0,0.9093672919052003,0.0,0.6897961883150212,0.0,6.2215168547529665,1.686389985101655,379.2839621542284
0.3623759031126445,0.0,0.9096214526877608,0.0,0.69039126699029,0.0,6.221637057554049,1.6851099851016549,379.028256973575
0.3617640868197996,0.0,0.9098751349387477,0.0,0.6909863821291071,0.0,6.221757004073156,1.683829985101655,378.77250272061883
0.3611522565791825,0.0,0.9101283390203795,0.0,0.6915815336574228,0.0,6.221876695092146,1.682549985101655,378.5166999407417
0.36054041241362783,0.0,0.9103810652938178,0.0,0.6921767215014057,0.0,6.221996131389784,1.6812699851016546,378.2608491772109
0.3599285543459174,0.0,0.9106333141191695,0.0,0.6927719455874417,0.0,6.222115313741736,1.6799899851016549,378.00495097148286
0.35931668239877834,0.0,0.9108850858554912,0.0,0.6933672058421348,0.0,6.222234242920617,1.6787099851016551,377.74900586302255
0.35870479659488647,0.0,0.9111363808607909,0.0,0.6939625021923036,0.0,6.2223529196959735,1.6774299851016554,377.4930143894086
0.3580928969568649,0.0,0.9113871994920305,0.0,0.6945578345649835,0.0,6.2224713448342985,1.6761499851016548,377.23697708628356
0.3574809835072841,0.0,0.9116375421051307,0.0,0.6951532028874224,0.0,6.222589519099079,1.674869985101655,376.9808944874161
0.3568690562686615,0.0,0.9118874090549722,0.0,0.6957486070870835,0.0,6.222707443250786,1.6735899851016551,376.72476712465317
0.35625711526346376,0.0,0.912136800695399,0.0,0.696344047091642,0.0,6.222825118046878,1.6723099851016552,376.4685955279661
0.355645160514105,0.0,0.9123857173792216,0.0,0.6969395228289853,0.0,6.222942544241843,1.6710299851016548,376.21238022543486
0.3550331920429475,0.0,0.9126341594582198,0.0,0.6975350342272113,0.0,6.223059722587201,1.669749985101655,375.9561217431808
0.35442120987230114,0.0,0.9128821272831453,0.0,0.6981305812146296,0.0,6.223176653831513,1.6684699851016556,375.6998206057219
0.35380921402442483,0.0,0.9131296212037253,0.0,0.6987261637197583,0.0,6.223293338720398,1.6671899851016554,375.44347733544055
0.3531972045215267,0.0,0.9133766415686646,0.0,0.6993217816713242,0.0,6.223409777996559,1.665909985101655,375.1870924529696
0.35258518138576217,0.0,0.9136231887256481,0.0,0.6999174349982628,0.0,6.223525972399779,1.6646299851016553,374.93066647712834
0.35197314463923746,0.0,0.913869263021345,0.0,0.700513123629716,0.0,6.223641922666945,1.6633499851016555,374.6741999248474
0.35136109430400525,0.0,0.9141148648014105,0.0,0.7011088474950322,0.0,6.2237576295320585,1.662069985101656,374.4176933113456
0.35074903040207006,0.0,0.9143599944104885,0.0,0.7017046065237669,0.0,6.223873093726256,1.660789985101656,374.16114714979426
0.35013695295538383,0.0,0.9146046521922159,0.0,0.7023004006456782,0.0,6.223988315977818,1.6595099851016555,373.90456195180957
0.34952486198584803,0.0,0.9148488384892232,0.0,0.7028962297907294,0.0,6.2241032970121815,1.6582299851016549,373.6479382270788
0.34891275751531636,0.0,0.9150925536431385,0.0,0.7034920938890871,0.0,6.2242180375519505,1.656949985101656,373.39127648340775
0.3483006395655878,0.0,0.915335797994591,0.0,0.7040879928711193,0.0,6.224332538316917,1.6556699851016559,373.13457722707005
0.3476885081584151,0.0,0.9155785718832117,0.0,0.7046839266673978,0.0,6.224446800024073,1.654389985101656,372.8778409622955
0.3470763633154992,0.0,0.9158208756476376,0.0,0.7052798952086943,0.0,6.224560823387622,1.6531099851016557,372.62106819161664
0.3464642050584918,0.0,0.9160627096255147,0.0,0.70587589842598,0.0,6.224674609118993,1.651829985101656,372.3642594158662
0.34585203340899434,0.0,0.9163040741534993,0.0,0.7064719362504265,0.0,6.224788157926849,1.6505499851016563,372.1074151340669
0.3452398483885588,0.0,0.9165449695672624,0.0,0.7070680086134038,0.0,6.224901470517114,1.6492699851016566,371.8505358434894
0.3446276500186886,0.0,0.9167853962014907,0.0,0.70766411544648,0.0,6.225014547592969,1.6479899851016566,371.59362203968243
0.3440154383208372,0.0,0.91702535438989,0.0,0.7082602566814207,0.0,6.225127389854872,1.6467099851016567,371.3366742163964
0.3434032133164081,0.0,0.9172648444651885,0.0,0.7088564322501876,0.0,6.225239998000572,1.6454299851016563,371.0796928657673
0.342790975026758,0.0,0.9175038667591386,0.0,0.7094526420849376,0.0,6.225352372725137,1.6441499851016563,370.8226784780478
0.3421787234731925,0.0,0.9177424216025198,0.0,0.7100488861180245,0.0,6.225464514720927,1.6428699851016562,370.5656315419027
0.3415664586769699,0.0,0.9179805093251416,0.0,0.7106451642819938,0.0,6.2255764246776515,1.6415899851016564,370.30855254423466
0.34095418065929906,0.0,0.9182181302558454,0.0,0.7112414765095867,0.0,6.2256881032823435,1.6403099851016563,370.0514419702454
0.3403418894413415,0.0,0.9184552847225074,0.0,0.7118378227337367,0.0,6.225799551219406,1.6390299851016565,369.794300303444
0.3397295850442097,0.0,0.9186919730520422,0.0,0.7124342028875683,0.0,6.225910769170605,1.637749985101657,369.5371280256288
0.33911726748896687,0.0,0.9189281955704043,0.0,0.7130306169043988,0.0,6.226021757815084,1.636469985101657,369.27992561700137
0.33850493679663046,0.0,0.91916395260259,0.0,0.713627064717736,0.0,6.226132517829377,1.6351899851016567,369.0226935559857
0.33789259298816904,0.0,0.919399244472642,0.0,0.7142235462612767,0.0,6.226243049887423,1.6339099851016572,368.76543231932345
0.3372802360845017,0.0,0.9196340715036503,0.0,0.7148200614689085,0.0,6.226353354660583,1.6326299851016572,368.508142382281
0.3366678661065032,0.0,0.9198684340177553,0.0,0.7154166102747058,0.0,6.22646343281764,1.6313499851016569,368.25082421822844
0.3360554830749988,0.0,0.9201023323361504,0.0,0.7160131926129325,0.0,6.226573285024822,1.630069985101657,367.99347829896107
0.3354430870107653,0.0,0.9203357667790848,0.0,0.7166098084180382,0.0,6.2266829119458,1.6287899851016565,367.7361050947982
0.3348306779345355,0.0,0.9205687376658646,0.0,0.7172064576246603,0.0,6.2267923142417265,1.627509985101657,367.4787050742078
0.33421825586699194,0.0,0.9208012453148571,0.0,0.7178031401676209,0.0,6.2269014925712165,1.626229985101657,367.2212787041526
0.3336058208287722,0.0,0.9210332900434925,0.0,0.7183998559819279,0.0,6.227010447590386,1.6249499851016571,366.9638264499091
0.3329933728404665,0.0,0.9212648721682661,0.0,0.7189966050027735,0.0,6.227119179952836,1.6236699851016567,366.7063487751752
0.33238091192261787,0.0,0.9214959920047409,0.0,0.7195933871655339,0.0,6.227227690309691,1.6223899851016572,366.4488461419972
0.331768438095723,0.0,0.9217266498675512,0.0,0.7201902024057671,0.0,6.227335979309594,1.6211099851016573,366.1913190109109
0.3311559513802329,0.0,0.9219568460704024,0.0,0.7207870506592151,0.0,6.22744404759873,1.6198299851016575,365.9337678407642
0.3305434517965511,0.0,0.9221865809260767,0.0,0.7213839318618004,0.0,6.227551895820819,1.6185499851016578,365.67619308884866
0.3299309393650357,0.0,0.9224158547464332,0.0,0.7219808459496273,0.0,6.227659524617157,1.6172699851016576,365.41859521090237
0.32931841410599894,0.0,0.9226446678424107,0.0,0.7225777928589799,0.0,6.2277669346265885,1.6159899851016575,365.16097466100115
0.32870587603970663,0.0,0.9228730205240312,0.0,0.7231747725263222,0.0,6.227874126485551,1.614709985101658,364.9033318917485
0.32809332518637846,0.0,0.923100913100401,0.0,0.7237717848882979,0.0,6.227981100828075,1.6134299851016574,364.6456673542085
0.32748076156618994,0.0,0.9233283458797134,0.0,0.7243688298817277,0.0,6.228087858285795,1.6121499851016576,364.38798149770753
0.3268681851992693,0.0,0.9235553191692522,0.0,0.7249659074436107,0.0,6.228194399487948,1.6108699851016577,364.1302747702417
0.32625559610570104,0.0,0.9237818332753923,0.0,0.7255630175111233,0.0,6.228300725061419,1.6095899851016582,363.87254761801967
0.32564299430552285,0.0,0.9240078885036032,0.0,0.726160160021619,0.0,6.2284068356307065,1.6083099851016573,363.6148004859702
0.32503037981872845,0.0,0.9242334851584507,0.0,0.7267573349126254,0.0,6.228512731817971,1.6070299851016578,363.3570338173365
0.32441775266526585,0.0,0.9244586235436003,0.0,0.7273545421218461,0.0,6.228618414243024,1.6057499851016577,363.0992480538599
0.3238051128650382,0.0,0.9246833039618185,0.0,0.7279517815871596,0.0,6.228723883523353,1.604469985101658,362.84144363579776
0.32319246043790495,0.0,0.924907526714975,0.0,0.7285490532466176,0.0,6.22882914027412,1.603189985101658,362.58362100179926
0.3225797954036793,0.0,0.9251312921040458,0.0,0.7291463570384454,0.0,6.228934185108184,1.601909985101658,362.3257805891282
0.32196711778213105,0.0,0.9253546004291153,0.0,0.7297436929010405,0.0,6.229039018636095,1.600629985101658,362.06792283346516
0.3213544275929846,0.0,0.9255774519893779,0.0,0.7303410607729732,0.0,6.229143641466133,1.5993499851016577,361.81004816904414
0.3207417248559222,0.0,0.9257998470831417,0.0,0.7309384605929831,0.0,6.229248054204275,1.5980699851016587,361.5521570285535
0.3201290095905799,0.0,0.9260217860078283,0.0,0.7315358922999836,0.0,6.229352257454258,1.5967899851016583,361.29424984322463
0.3195162818165495,0.0,0.9262432690599783,0.0,0.7321333558330558,0.0,6.229456251817551,1.5955099851016583,361.036327042866
0.3189035415533815,0.0,0.9264642965352508,0.0,0.732730851131451,0.0,6.229560037893368,1.5942299851016588,360.77838905569195
0.3182907888205796,0.0,0.9266848687284269,0.0,0.7333283781345897,0.0,6.229663616278701,1.5929499851016584,360.520436308547
0.31767802363760594,0.0,0.9269049859334116,0.0,0.73392593678206,0.0,6.229766987568311,1.5916699851016585,360.2624692267904
0.31706524602387853,0.0,0.9271246484432369,0.0,0.7345235270136179,0.0,6.229870152354747,1.5903899851016587,360.0044882343218
0.3164524559987711,0.0,0.9273438565500627,0.0,0.7351211487691867,0.0,6.229973111228343,1.5891099851016581,359.74649375356523
0.3158396535816157,0.0,0.927562610545179,0.0,0.7357188019888555,0.0,6.2300758647772545,1.5878299851016586,359.4884862056254
0.31522683879170044,0.0,0.9277809107190093,0.0,0.7363164866128804,0.0,6.230178413587437,1.5865499851016587,359.23046600992967
0.31461401164826974,0.0,0.9279987573611126,0.0,0.7369142025816808,0.0,6.230280758242682,1.5852699851016583,358.97243358474776
0.3140011721705264,0.0,0.9282161507601837,0.0,0.7375119498358429,0.0,6.2303828993246055,1.5839899851016586,358.7143893467313
0.31338832037763015,0.0,0.9284330912040583,0.0,0.7381097283161149,0.0,6.230484837412676,1.582709985101659,358.4563337111246
0.31277545628869685,0.0,0.928649578979712,0.0,0.7387075379634104,0.0,6.230586573084216,1.5814299851016593,358.1982670918807
0.312162579922801,0.0,0.9288656143732661,0.0,0.7393053787188044,0.0,6.2306881069144096,1.5801499851016585,357.9401899014476
0.31154969129897453,0.0,0.9290811976699859,0.0,0.7399032505235346,0.0,6.230789439476316,1.578869985101659,357.6821025508408
0.31093679043620687,0.0,0.9292963291542852,0.0,0.7405011533190006,0.0,6.230890571340883,1.577589985101659,357.4240054497962
0.3103238773534449,0.0,0.9295110091097284,0.0,0.7410990870467624,0.0,6.2309915030769405,1.5763099851016589,357.1658990065289
0.3097109520695939,0.0,0.9297252378190313,0.0,0.7416970516485416,0.0,6.231092235251238,1.575029985101659,356.9077836280186
0.30909801460351777,0.0,0.9299390155640642,0.0,0.7422950470662191,0.0,6.231192768428423,1.5737499851016588,356.6496597196164
0.30848506497403727,0.0,0.930152342625854,0.0,0.7428930732418352,0.0,6.231293103171066,1.5724699851016588,356.39152768552526
0.3078721031999326,0.0,0.9303652192845858,0.0,0.7434911301175887,0.0,6.231393240039682,1.571189985101659,356.13338792854756
0.3072591292999414,0.0,0.9305776458196052,0.0,0.7440892176358374,0.0,6.2314931795927135,1.5699099851016598,355.8752408499795
0.3066461432927601,0.0,0.9307896225094205,0.0,0.7446873357390965,0.0,6.231592922386556,1.5686299851016592,355.61708684996586
0.30603314519704417,0.0,0.9310011496317048,0.0,0.7452854843700376,0.0,6.231692468975571,1.567349985101659,355.3589263270261
0.3054201350314081,0.0,0.9312122274632973,0.0,0.7458836634714894,0.0,6.231791819912075,1.5660699851016597,355.10075967859234
0.3048071128144239,0.0,0.9314228562802065,0.0,0.7464818729864372,0.0,6.231890975746384,1.5647899851016596,354.84258730061117
0.3041940785646244,0.0,0.9316330363576115,0.0,0.7470801128580202,0.0,6.231989937026774,1.5635099851016603,354.5844095876868
0.3035810323004987,0.0,0.9318427679698641,0.0,0.7476783830295348,0.0,6.232088704299535,1.5622299851016592,354.32622693321787
0.3029679740404987,0.0,0.932052051390491,0.0,0.7482766834444287,0.0,6.232187278108963,1.5609499851016593,354.0680397290816
0.30235490380303365,0.0,0.9322608868921953,0.0,0.7488750140463054,0.0,6.232285658997357,1.5596699851016607,353.809848365981
0.3017418216064712,0.0,0.9324692747468599,0.0,0.7494733747789218,0.0,6.23238384750504,1.5583899851016598,353.5516532332173
0.30112872746914054,0.0,0.9326772152255471,0.0,0.7500717655861867,0.0,6.232481844170377,1.5571099851016605,353.2934547189256
0.30051562140932964,0.0,0.9328847085985034,0.0,0.7506701864121611,0.0,6.232579649529764,1.5558299851016604,353.03525320967555
0.2999025034452864,0.0,0.9330917551351592,0.0,0.7512686372010573,0.0,6.232677264117652,1.55454998510166,352.77704909094086
0.299289373595219,0.0,0.9332983551041312,0.0,0.7518671178972398,0.0,6.2327746884665425,1.5532699851016607,352.5188427467534
0.29867623187729414,0.0,0.9335045087732262,0.0,0.7524656284452224,0.0,6.232871923107013,1.55198998510166,352.2606345600515
0.2980630783096404,0.0,0.9337102164094402,0.0,0.7530641687896698,0.0,6.23296896856771,1.5507099851016606,352.00242491227397
0.29744991291034517,0.0,0.9339154782789627,0.0,0.7536627388753953,0.0,6.233065825375364,1.5494299851016604,351.7442141837388
0.29683673569745794,0.0,0.9341202946471769,0.0,0.7542613386473619,0.0,6.233162494054802,1.5481499851016602,351.486002753345
0.2962235466889861,0.0,0.9343246657786636,0.0,0.7548599680506809,0.0,6.2332589751289476,1.5468699851016603,351.227790998824
0.2956103459029005,0.0,0.9345285919372003,0.0,0.7554586270306111,0.0,6.233355269118836,1.5455899851016603,350.9695792965423
0.2949971333571297,0.0,0.9347320733857665,0.0,0.7560573155325585,0.0,6.233451376543621,1.5443099851016604,350.7113680218221
0.2943839090695652,0.0,0.9349351103865425,0.0,0.7566560335020767,0.0,6.2335472979205795,1.5430299851016607,350.4531575484224
0.29377067305805865,0.0,0.9351377032009129,0.0,0.7572547808848661,0.0,6.2336430337651265,1.5417499851016605,350.19494824904723
0.29315742534042244,0.0,0.935339852089469,0.0,0.757853557626771,0.0,6.2337385845908155,1.5404699851016606,349.9367404950476
0.2925441659344308,0.0,0.9355415573120088,0.0,0.7584523636737824,0.0,6.233833950909358,1.539189985101661,349.67853465665013
0.2919308948578178,0.0,0.9357428191275413,0.0,0.7590511989720358,0.0,6.233929133230617,1.5379099851016604,349.42033110273366
0.291317612128281,0.0,0.9359436377942855,0.0,0.7596500634678109,0.0,6.234024132062624,1.5366299851016605,349.16213020097
0.29070431776347727,0.0,0.9361440135696747,0.0,0.7602489571075315,0.0,6.234118947911593,1.5353499851016608,348.90393231781513
0.2900910117810253,0.0,0.9363439467103574,0.0,0.7608478798377646,0.0,6.234213581281911,1.5340699851016604,348.64573781856507
0.28947769419850694,0.0,0.9365434374721988,0.0,0.7614468316052195,0.0,6.234308032676166,1.5327899851016604,348.387547067137
0.28886436503346424,0.0,0.9367424861102834,0.0,0.7620458123567478,0.0,6.23440230259514,1.531509985101661,348.12936042638586
0.2882510243034012,0.0,0.9369410928789164,0.0,0.7626448220393441,0.0,6.234496391537821,1.5302299851016605,347.87117825791466
0.28763767202578466,0.0,0.9371392580316253,0.0,0.7632438606001425,0.0,6.234590300001422,1.528949985101661,347.613000922059
0.28702430821804326,0.0,0.9373369818211619,0.0,0.763842927986419,0.0,6.234684028481367,1.5276699851016606,347.3548287779607
0.2864109328975671,0.0,0.9375342644995039,0.0,0.7644420241455905,0.0,6.234777577471319,1.5263899851016611,347.09666218363986
0.2857975460817096,0.0,0.9377311063178579,0.0,0.7650411490252117,0.0,6.234870947463172,1.5251099851016614,346.83850149587005
0.28518414778778534,0.0,0.9379275075266594,0.0,0.7656403025729787,0.0,6.234964138947079,1.5238299851016612,346.5803470702304
0.2845707380330721,0.0,0.9381234683755757,0.0,0.7662394847367254,0.0,6.235057152411437,1.522549985101661,346.3221992611835
0.2839573168348098,0.0,0.9383189891135074,0.0,0.7668386954644238,0.0,6.235149988342905,1.5212699851016611,346.0640584219443
0.28334388421020285,0.0,0.9385140699885898,0.0,0.7674379347041845,0.0,6.235242647226417,1.5199899851016614,345.8059249044886
0.2827304401764149,0.0,0.938708711248195,0.0,0.7680372024042559,0.0,6.235335129545181,1.5187099851016614,345.54779905985987
0.2821169847505766,0.0,0.9389029131389343,0.0,0.7686364985130214,0.0,6.235427435780688,1.5174299851016615,345.28968123764025
0.2815035179497783,0.0,0.9390966759066588,0.0,0.7692358229790025,0.0,6.235519566412724,1.516149985101662,345.0315717864724
0.2808900397910742,0.0,0.9392899997964615,0.0,0.7698351757508572,0.0,6.235611521919371,1.5148699851016618,344.77347105374616
0.28027655029148335,0.0,0.9394828850526793,0.0,0.7704345567773773,0.0,6.235703302777025,1.513589985101661,344.5153793857228
0.2796630494679864,0.0,0.9396753319188946,0.0,0.7710339660074902,0.0,6.23579490946039,1.5123099851016617,344.25729712748625
0.2790495373375282,0.0,0.9398673406379364,0.0,0.7716334033902592,0.0,6.23588634244249,1.5110299851016618,343.99922462297127
0.27843601391701656,0.0,0.9400589114518837,0.0,0.7722328688748795,0.0,6.235977602194683,1.5097499851016618,343.7411622150659
0.2778224792233232,0.0,0.9402500446020654,0.0,0.7728323624106818,0.0,6.236068689186663,1.5084699851016623,343.48311024539726
0.2772089332732831,0.0,0.9404407403290624,0.0,0.7734318839471291,0.0,6.236159603886459,1.507189985101662,343.22506905458255
0.2765953760836963,0.0,0.9406309988727101,0.0,0.7740314334338171,0.0,6.236250346760466,1.5059099851016624,342.96703898198876
0.27598180767132463,0.0,0.9408208204720993,0.0,0.7746310108204743,0.0,6.236340918273425,1.504629985101662,342.70902036598187
0.27536822805289646,0.0,0.9410102053655779,0.0,0.7752306160569602,0.0,6.236431318888442,1.5033499851016625,342.45101354371195
0.2747546372451021,0.0,0.9411991537907529,0.0,0.775830249093267,0.0,6.236521549067001,1.5020699851016626,342.1930188512537
0.2741410352645969,0.0,0.9413876659844922,0.0,0.7764299098795164,0.0,6.236611609268965,1.5007899851016622,341.9350366235793
0.2735274221280013,0.0,0.9415757421829252,0.0,0.7770295983659614,0.0,6.2367014999525745,1.4995099851016622,341.6770671945915
0.27291379785189834,0.0,0.9417633826214462,0.0,0.7776293145029848,0.0,6.236791221574468,1.4982299851016623,341.4191108970067
0.27230016245283717,0.0,0.9419505875347143,0.0,0.7782290582410984,0.0,6.236880774589686,1.4969499851016628,341.1611680624717
0.27168651594733045,0.0,0.9421373571566561,0.0,0.7788288295309447,0.0,6.23697015945168,1.4956699851016622,340.9032390215627
0.27107285835185607,0.0,0.9423236917204666,0.0,0.7794286283232936,0.0,6.2370593766123,1.4943899851016622,340.6453241038052
0.27045918968285715,0.0,0.942509591458612,0.0,0.780028454569042,0.0,6.237148426521831,1.493109985101663,340.387423637577
0.2698455099567402,0.0,0.9426950566028295,0.0,0.7806283082192187,0.0,6.23723730962898,1.4918299851016628,340.1295379501642
0.26923181918987854,0.0,0.9428800873841303,0.0,0.781228189224976,0.0,6.237326026380886,1.4905499851016626,339.8716673678135
0.2686181173986091,0.0,0.9430646840328016,0.0,0.7818280975375942,0.0,6.237414577223136,1.4892699851016622,339.6138122156816
0.26800440459923497,0.0,0.9432488467784059,0.0,0.7824280331084806,0.0,6.237502962599754,1.4879899851016631,339.3559728179265
0.2673906808080232,0.0,0.9434325758497852,0.0,0.7830279958891693,0.0,6.237591182953224,1.4867099851016627,339.0981494975135
0.2667769460412082,0.0,0.9436158714750613,0.0,0.7836279858313177,0.0,6.237679238724497,1.4854299851016628,338.8403425764341
0.2661632003149878,0.0,0.9437987338816373,0.0,0.7842280028867108,0.0,6.237767130352975,1.4841499851016622,338.5825523755799
0.2655494436455269,0.0,0.9439811632961989,0.0,0.7848280470072572,0.0,6.237854858276549,1.4828699851016625,338.3247792148402
0.2649356760489548,0.0,0.9441631599447173,0.0,0.7854281181449897,0.0,6.23794242293159,1.4815899851016634,338.06702341309426
0.26432189754136765,0.0,0.9443447240524495,0.0,0.7860282162520664,0.0,6.238029824752944,1.4803099851016635,337.8092852879855
0.26370810813882634,0.0,0.9445258558439402,0.0,0.7866283412807679,0.0,6.238117064173957,1.4790299851016628,337.5515651562748
0.26309430785735904,0.0,0.9447065555430233,0.0,0.7872284931834973,0.0,6.238204141626483,1.4777499851016627,337.29386333369627
0.2624804967129587,0.0,0.9448868233728237,0.0,0.7878286719127815,0.0,6.238291057540862,1.4764699851016632,337.03618013487477
0.26186667472158515,0.0,0.9450666595557585,0.0,0.788428877421269,0.0,6.238377812345968,1.4751899851016632,336.7785158734143
0.26125284189916315,0.0,0.9452460643135385,0.0,0.7890291096617316,0.0,6.238464406469183,1.4739099851016628,336.5208708619821
0.26063899826158615,0.0,0.9454250378671699,0.0,0.7896293685870599,0.0,6.238550840336416,1.4726299851016642,336.2632454121167
0.2600251438247109,0.0,0.945603580436956,0.0,0.7902296541502687,0.0,6.2386371143721115,1.4713499851016636,336.0056398343654
0.2594112786043637,0.0,0.9457816922424979,0.0,0.7908299663044911,0.0,6.2387232289992385,1.4700699851016634,335.74805443827444
0.25879740261633505,0.0,0.945959373502697,0.0,0.7914303050029812,0.0,6.238809184639326,1.468789985101663,335.4904895323967
0.2581835158763839,0.0,0.9461366244357557,0.0,0.7920306701991129,0.0,6.238894981712439,1.4675099851016637,335.2329454242267
0.25756961840023385,0.0,0.9463134452591796,0.0,0.79263106184638,0.0,6.238980620637212,1.4662299851016631,334.97542242035064
0.2569557102035783,0.0,0.9464898361897781,0.0,0.7932314798983943,0.0,6.239066101830838,1.4649499851016636,334.7179208262261
0.25634179130207324,0.0,0.9466657974436665,0.0,0.7938319243088875,0.0,6.239151425709067,1.4636699851016632,334.46044094646095
0.25572786171134737,0.0,0.9468413292362675,0.0,0.7944323950317079,0.0,6.239236592686237,1.4623899851016637,334.20298308448423
0.2551139214469916,0.0,0.9470164317823119,0.0,0.7950328920208238,0.0,6.239321603175261,1.4611099851016642,333.94554754294455
0.25449997052456536,0.0,0.9471911052958412,0.0,0.7956334152303192,0.0,6.23940645758764,1.4598299851016643,333.6881346233751
0.2538860089595973,0.0,0.9473653499902079,0.0,0.7962339646143956,0.0,6.239491156333459,1.4585499851016641,333.43074462633103
0.25327203676758114,0.0,0.9475391660780781,0.0,0.7968345401273715,0.0,6.2395756998214225,1.4572699851016644,333.173377851429
0.25265805396397867,0.0,0.9477125537714317,0.0,0.7974351417236816,0.0,6.239660088458814,1.455989985101664,332.9160345973305
0.25204406056422046,0.0,0.9478855132815646,0.0,0.7980357693578757,0.0,6.239744322651539,1.4547099851016632,332.65871516165396
0.25143005658370354,0.0,0.9480580448190902,0.0,0.7986364229846198,0.0,6.239828402804123,1.4534299851016643,332.4014198410851
0.25081604203779184,0.0,0.9482301485939395,0.0,0.7992371025586958,0.0,6.2399123293197105,1.4521499851016642,332.14414893141617
0.2502020169418189,0.0,0.9484018248153657,0.0,0.7998378080349986,0.0,6.239996102600058,1.4508699851016642,331.8869027273562
0.24958798131108637,0.0,0.948573073691941,0.0,0.8004385393685383,0.0,6.240079723045585,1.4495899851016647,331.62968152273106
0.24897393516086092,0.0,0.948743895431562,0.0,0.8010392965144395,0.0,6.240163191055325,1.4483099851016648,331.37248561044333
0.24835987850638017,0.0,0.9489142902414489,0.0,0.8016400794279398,0.0,6.2402465070269635,1.4470299851016644,331.1153152823584
0.2477458113628497,0.0,0.9490842583281479,0.0,0.8022408880643892,0.0,6.2403296713568395,1.4457499851016649,330.85817082943976
0.24713173374544228,0.0,0.9492537998975319,0.0,0.8028417223792524,0.0,6.240412684439947,1.444469985101665,330.6010525417039
0.24651764566929868,0.0,0.9494229151548025,0.0,0.803442582328105,0.0,6.240495546669936,1.443189985101664,330.3439607083061
0.24590354714952958,0.0,0.9495916043044899,0.0,0.8040434678666357,0.0,6.240578258439134,1.441909985101665,330.0868956172934
0.24528943820121352,0.0,0.9497598675504572,0.0,0.8046443789506438,0.0,6.2406608201385305,1.4406299851016653,329.8298575559528
0.24467531883939667,0.0,0.949927705095899,0.0,0.8052453155360405,0.0,6.2407432321578025,1.4393499851016647,329.5728468105608
0.24406118907909527,0.0,0.9500951171433429,0.0,0.8058462775788487,0.0,6.240825494885301,1.4380699851016652,329.31586366642387
0.2434470489352939,0.0,0.9502621038946526,0.0,0.8064472650352017,0.0,6.240907608708072,1.4367899851016648,329.05890840804125
0.2428328984229457,0.0,0.9504286655510287,0.0,0.807048277861341,0.0,6.240989574011854,1.4355099851016648,328.8019813189148
0.2422187375569728,0.0,0.9505948023130085,0.0,0.8076493160136209,0.0,6.241071391181094,1.4342299851016649,328.54508268163
0.24160456635226688,0.0,0.9507605143804684,0.0,0.8082503794485038,0.0,6.241153060598934,1.4329499851016652,328.2882127779175
0.24099038482368745,0.0,0.9509258019526264,0.0,0.8088514681225608,0.0,6.241234582647227,1.4316699851016652,328.031371888515
0.24037619298606458,0.0,0.9510906652280415,0.0,0.8094525819924725,0.0,6.241315957706543,1.4303899851016655,327.7745602933104
0.23976199085419678,0.0,0.9512551044046152,0.0,0.8100537210150285,0.0,6.241397186156185,1.429109985101666,327.5177782713385
0.23914777844285223,0.0,0.9514191196795946,0.0,0.8106548851471249,0.0,6.241478268374168,1.4278299851016651,327.261026100591
0.23853355576676832,0.0,0.9515827112495712,0.0,0.8112560743457673,0.0,6.241559204737245,1.4265499851016656,327.00430405831116
0.23791932284065248,0.0,0.9517458793104845,0.0,0.8118572885680675,0.0,6.241639995620907,1.4252699851016648,326.7476124207255
0.2373050796791809,0.0,0.9519086240576216,0.0,0.8124585277712442,0.0,6.241720641399377,1.4239899851016653,326.49095146326545
0.23669082629700014,0.0,0.9520709456856191,0.0,0.8130597919126232,0.0,6.241801142445649,1.422709985101665,326.23432146050726
0.2360765627087264,0.0,0.9522328443884647,0.0,0.8136610809496372,0.0,6.241881499131444,1.4214299851016654,325.9777226859826
0.23546228892894544,0.0,0.9523943203594982,0.0,0.8142623948398237,0.0,6.241961711827259,1.4201499851016657,325.72115541244983
0.23484800497221286,0.0,0.9525553737914122,0.0,0.8148637335408271,0.0,6.242041780902346,1.418869985101666,325.4646199118115
0.23423371085305458,0.0,0.9527160048762542,0.0,0.8154650970103963,0.0,6.242121706724724,1.4175899851016662,325.2081164550799
0.23361940658596653,0.0,0.9528762138054276,0.0,0.8160664852063846,0.0,6.242201489661194,1.416309985101666,324.95164531241096
0.23300509218541401,0.0,0.9530360007696932,0.0,0.8166678980867513,0.0,6.24228113007732,1.4150299851016652,324.69520675298145
0.23239076766583447,0.0,0.9531953659591691,0.0,0.817269335609559,0.0,6.24236062833746,1.4137499851016657,324.43880104525937
0.23177643304163412,0.0,0.9533543095633339,0.0,0.817870797732974,0.0,6.242439984804765,1.4124699851016658,324.1824284567172
0.23116208832718985,0.0,0.9535128317710263,0.0,0.8184722844152673,0.0,6.242519199841167,1.4111899851016656,323.9260892540704
0.230547733536849,0.0,0.9536709327704477,0.0,0.8190737956148119,0.0,6.242598273807399,1.409909985101666,323.6697837031678
0.22993336868492925,0.0,0.9538286127491625,0.0,0.8196753312900846,0.0,6.242677207063006,1.408629985101666,323.4135120689529
0.22931899378572,0.0,0.953985871894099,0.0,0.8202768913996645,0.0,6.242755999966329,1.407349985101666,323.15727461555537
0.22870460885347987,0.0,0.9541427103915522,0.0,0.8208784759022325,0.0,6.242834652874532,1.4060699851016656,322.90107160626303
0.2280902139024395,0.0,0.9542991284271827,0.0,0.8214800847565724,0.0,6.242913166143588,1.404789985101666,322.6449033034591
0.22747580894679945,0.0,0.9544551261860201,0.0,0.8220817179215684,0.0,6.242991540128292,1.4035099851016655,322.38876996877946
0.2268613940007325,0.0,0.9546107038524633,0.0,0.8226833753562066,0.0,6.24306977518228,1.4022299851016657,322.13267186299765
0.22624696907838096,0.0,0.9547658616102808,0.0,0.8232850570195742,0.0,6.2431478716580076,1.4009499851016654,321.8766092459834
0.22563253419385856,0.0,0.9549205996426137,0.0,0.8238867628708583,0.0,6.243225829906758,1.3996699851016658,321.62058237691036
0.22501808936125153,0.0,0.955074918131975,0.0,0.8244884928693473,0.0,6.243303650278686,1.3983899851016663,321.3645915139902
0.22440363459461535,0.0,0.9552288172602529,0.0,0.8250902469744283,0.0,6.24338133312276,1.397109985101666,321.1086369146726
0.22378916990797834,0.0,0.9553822972087093,0.0,0.8256920251455896,0.0,6.243458878786818,1.395829985101666,320.85271883556004
0.2231746953153397,0.0,0.9555353581579834,0.0,0.8262938273424169,0.0,6.24353628761755,1.3945499851016663,320.5968375325188
0.2225602108306705,0.0,0.9556880002880921,0.0,0.826895653524596,0.0,6.243613559960504,1.3932699851016666,320.34099326039575
0.22194571646791242,0.0,0.9558402237784297,0.0,0.8274975036519119,0.0,6.243690696160096,1.3919899851016673,320.08518627349565
0.2213312122409792,0.0,0.9559920288077716,0.0,0.8280993776842467,0.0,6.243767696559603,1.390709985101667,319.8294168251398
0.220716698163757,0.0,0.9561434155542733,0.0,0.8287012755815817,0.0,6.243844561501184,1.3894299851016663,319.5736851678343
0.22010217425010317,0.0,0.9562943841954725,0.0,0.8293031973039946,0.0,6.24392129132588,1.3881499851016672,319.31799155338166
0.2194876405138466,0.0,0.956444934908291,0.0,0.8299051428116616,0.0,6.243997886373604,1.3868699851016668,319.0623362327043
0.21887309696878865,0.0,0.9565950678690334,0.0,0.8305071120648555,0.0,6.2440743469831625,1.3855899851016669,318.8067194559569
0.21825854362870237,0.0,0.9567447832533912,0.0,0.831109105023946,0.0,6.244150673492252,1.384309985101667,318.5511414724691
0.21764398050733325,0.0,0.956894081236441,0.0,0.8317111216493994,0.0,6.244226866237465,1.3830299851016674,318.29560253082434
0.2170294076183991,0.0,0.9570429619926486,0.0,0.8323131619017781,0.0,6.244302925554305,1.3817499851016668,318.04010287873024
0.216414824975588,0.0,0.9571914256958677,0.0,0.8329152257417403,0.0,6.244378851777165,1.3804699851016666,317.78464276327503
0.21580023259256378,0.0,0.9573394725193421,0.0,0.833517313130039,0.0,6.244454645239354,1.3791899851016671,317.5292224305462
0.21518563048295963,0.0,0.9574871026357068,0.0,0.8341194240275238,0.0,6.2445303062730995,1.3779099851016676,317.27384212603084
0.21457101866038275,0.0,0.9576343162169884,0.0,0.8347215583951391,0.0,6.244605835209541,1.3766299851016672,317.0185020942665
0.21395639713841239,0.0,0.9577811134346071,0.0,0.8353237161939228,0.0,6.244681232378743,1.3753499851016673,316.763202579219
0.2133417659306004,0.0,0.9579274944593777,0.0,0.8359258973850074,0.0,6.244756498109703,1.3740699851016673,316.507943823896
0.21272712505047134,0.0,0.9580734594615095,0.0,0.8365281019296207,0.0,6.24483163273034,1.3727899851016674,316.2527260706154
0.21211247451152207,0.0,0.9582190086106089,0.0,0.837130329789083,0.0,6.244906636567509,1.371509985101667,315.997549560957
0.2114978143272237,0.0,0.9583641420756797,0.0,0.8377325809248076,0.0,6.244981509947019,1.370229985101668,315.7424145356107
0.21088314451101747,0.0,0.9585088600251241,0.0,0.8383348552983034,0.0,6.245056253193603,1.368949985101667,315.48732123467846
0.21026846507632158,0.0,0.9586531626267443,0.0,0.8389371528711684,0.0,6.245130866630956,1.3676699851016676,315.23226989735934
0.20965377603652344,0.0,0.9587970500477422,0.0,0.8395394736050971,0.0,6.245205350581724,1.366389985101668,314.9772607621426
0.20903907740498517,0.0,0.9589405224547227,0.0,0.8401418174618732,0.0,6.245279705367501,1.3651099851016681,314.7222940668196
0.20842436919504212,0.0,0.9590835800136931,0.0,0.8407441844033743,0.0,6.2453539313088555,1.3638299851016673,314.4673700483252
0.2078096514200037,0.0,0.9592262228900641,0.0,0.8413465743915678,0.0,6.2454280287253106,1.3625499851016685,314.2124889428738
0.20719492409315043,0.0,0.9593684512486518,0.0,0.8419489873885148,0.0,6.245501997935357,1.3612699851016676,313.9576509859647
0.20658018722773777,0.0,0.9595102652536778,0.0,0.8425514233563652,0.0,6.245575839256468,1.3599899851016684,313.70285641240406
0.2059654408369943,0.0,0.9596516650687709,0.0,0.843153882257362,0.0,6.24564955300509,1.3587099851016675,313.4481054561283
0.20535068493412234,0.0,0.9597926508569679,0.0,0.8437563640538365,0.0,6.2457231394966435,1.3574299851016678,313.19339835039835
0.20473591953229742,0.0,0.9599332227807146,0.0,0.8443588687082114,0.0,6.245796599045548,1.3561499851016676,312.93873532773625
0.20412114464466896,0.0,0.9600733810018661,0.0,0.8449613961829997,0.0,6.245869931965204,1.3548699851016681,312.6841166199543
0.20350636028436037,0.0,0.9602131256816898,0.0,0.8455639464408028,0.0,6.245943138567997,1.3535899851016682,312.4295424580933
0.2028915664644676,0.0,0.9603524569808645,0.0,0.8461665194443126,0.0,6.246016219165328,1.3523099851016682,312.1750130724773
0.20227676319806193,0.0,0.9604913750594817,0.0,0.8467691151563098,0.0,6.24608917406759,1.3510299851016678,311.9205286926898
0.2016619504981881,0.0,0.9606298800770469,0.0,0.8473717335396642,0.0,6.24616200358418,1.3497499851016674,311.6660895476222
0.2010471283778644,0.0,0.9607679721924812,0.0,0.847974374557333,0.0,6.246234708023501,1.348469985101668,311.4116958654504
0.20043229685008368,0.0,0.9609056515641217,0.0,0.8485770381723627,0.0,6.246307287692984,1.3471899851016682,311.15734787357013
0.19981745592781341,0.0,0.9610429183497219,0.0,0.8491797243478876,0.0,6.246379742899053,1.3459099851016685,310.90304579866233
0.19920260562399322,0.0,0.9611797727064537,0.0,0.84978243304713,0.0,6.246452073947182,1.3446299851016685,310.6487898668242
0.19858774595153977,0.0,0.9613162147909078,0.0,0.8503851642333989,0.0,6.246524281141838,1.343349985101669,310.3945803032496
0.19797287692334176,0.0,0.9614522447590949,0.0,0.8509879178700913,0.0,6.246596364786549,1.3420699851016682,310.14041733259893
0.19735799855226413,0.0,0.9615878627664463,0.0,0.8515906939206899,0.0,6.246668325183847,1.340789985101669,309.8863011787327
0.19674311085114476,0.0,0.9617230689678159,0.0,0.8521934923487657,0.0,6.246740162635316,1.3395099851016687,309.6322320647133
0.19612821383279663,0.0,0.9618578635174795,0.0,0.8527963131179743,0.0,6.2468118774415755,1.3382299851016688,309.37821021317745
0.19551330751000767,0.0,0.961992246569137,0.0,0.8533991561920592,0.0,6.2468834699022855,1.3369499851016684,309.12423584572707
0.1948983918955404,0.0,0.9621262182759136,0.0,0.8540020215348472,0.0,6.246954940316165,1.3356699851016685,308.87030918353145
0.19428346700213145,0.0,0.962259778790359,0.0,0.8546049091102537,0.0,6.247026288980971,1.3343899851016685,308.6164304469146
0.19366853284249308,0.0,0.9623929282644506,0.0,0.855207818882277,0.0,6.24709751619352,1.3331099851016683,308.36259985558456
0.1930535894293118,0.0,0.9625256668495926,0.0,0.8558107508150011,0.0,6.247168622249691,1.331829985101669,308.1088176285262
0.19243863677524894,0.0,0.9626579946966183,0.0,0.8564137048725956,0.0,6.247239607444414,1.3305499851016684,307.85508398402203
0.19182367489294241,0.0,0.9627899119557896,0.0,0.8570166810193133,0.0,6.247310472071698,1.3292699851016687,307.6013991396634
0.19120870379500232,0.0,0.9629214187767994,0.0,0.857619679219492,0.0,6.247381216424619,1.3279899851016692,307.34776331244746
0.19059372349401627,0.0,0.9630525153087715,0.0,0.8582226994375536,0.0,6.247451840795315,1.3267099851016688,307.0941767186189
0.18997873400254572,0.0,0.963183201700262,0.0,0.8588257416380032,0.0,6.247522345475014,1.3254299851016689,306.84063957370296
0.18936373533312909,0.0,0.9633134780992602,0.0,0.8594288057854289,0.0,6.247592730754019,1.3241499851016694,306.5871520926111
0.18874872749827837,0.0,0.963443344653189,0.0,0.8600318918445028,0.0,6.247662996921719,1.3228699851016694,306.33371448959684
0.18813371051048125,0.0,0.9635728015089062,0.0,0.8606349997799807,0.0,6.24773314426658,1.3215899851016695,306.08032697816793
0.18751868438220173,0.0,0.963701848812706,0.0,0.8612381295566987,0.0,6.247803173076175,1.3203099851016695,305.82698977122925
0.18690364912587829,0.0,0.9638304867103186,0.0,0.8618412811395777,0.0,6.247873083637161,1.31902998510167,305.5737030809821
0.18628860475392525,0.0,0.963958715346912,0.0,0.8624444544936195,0.0,6.247942876235298,1.31774998510167,305.32046711903627
0.1856735512787335,0.0,0.9640865348670926,0.0,0.8630476495839081,0.0,6.248012551155444,1.3164699851016692,305.06728209616347
0.1850584887126686,0.0,0.9642139454149061,0.0,0.8636508663756086,0.0,6.24808210868156,1.31518998510167,304.8141482226829
0.18444341706807207,0.0,0.9643409471338387,0.0,0.8642541048339689,0.0,6.248151549096725,1.3139099851016702,304.56106570808674
0.18382833635726115,0.0,0.9644675401668173,0.0,0.8648573649243169,0.0,6.24822087268312,1.3126299851016694,304.30803476136913
0.18321324659252913,0.0,0.9645937246562113,0.0,0.8654606466120609,0.0,6.248290079722048,1.3113499851016694,304.055055590776
0.18259814778614605,0.0,0.9647195007438317,0.0,0.8660639498626915,0.0,6.248359170493929,1.31006998510167,303.8021284038462
0.18198303995035672,0.0,0.9648448685709351,0.0,0.8666672746417784,0.0,6.248428145278297,1.30878998510167,303.54925340757677
0.18136792309738206,0.0,0.9649698282782209,0.0,0.8672706209149722,0.0,6.248497004353827,1.3075099851016698,303.2964308082859
0.18075279723942034,0.0,0.9650943800058341,0.0,0.8678739886480031,0.0,6.248565747998306,1.30622998510167,303.04366081164335
0.1801376623886443,0.0,0.9652185238933679,0.0,0.8684773778066804,0.0,6.2486343764886705,1.3049499851016702,302.79094362265806
0.1795225185572048,0.0,0.9653422600798599,0.0,0.8690807883568942,0.0,6.248702890100978,1.3036699851016702,302.5382794457277
0.17890736575722765,0.0,0.9654655887037971,0.0,0.8696842202646127,0.0,6.248771289110429,1.3023899851016703,302.285668484554
0.1782922040008155,0.0,0.965588509903115,0.0,0.8702876734958829,0.0,6.248839573791372,1.3011099851016705,302.0331109423237
0.17767703330004772,0.0,0.9657110238151988,0.0,0.8708911480168315,0.0,6.248907744417298,1.29982998510167,301.780607021453
0.17706185366697957,0.0,0.965833130576884,0.0,0.8714946437936626,0.0,6.248975801260845,1.2985499851016713,301.5281569237551
0.17644666511364343,0.0,0.9659548303244575,0.0,0.8720981607926594,0.0,6.2490437445938,1.2972699851016705,301.27576085049293
0.17583146765204802,0.0,0.9660761231936582,0.0,0.8727016989801821,0.0,6.249111574687113,1.2959899851016705,301.02341900224854
0.1752162612941781,0.0,0.9661970093196781,0.0,0.8733052583226698,0.0,6.249179291810887,1.2947099851016703,300.7711315789646
0.17460104605199717,0.0,0.966317488837162,0.0,0.8739088387866387,0.0,6.249246896234388,1.29342998510167,300.5188987799341
0.1739858219374435,0.0,0.9664375618802107,0.0,0.8745124403386808,0.0,6.249314388226049,1.2921499851016707,300.26672080397515
0.17337058896243285,0.0,0.9665572285823791,0.0,0.8751160629454676,0.0,6.249381768053466,1.290869985101671,300.0145978490964
0.17275534713885807,0.0,0.966676489076679,0.0,0.8757197065737458,0.0,6.249449035983412,1.2895899851016712,299.76253011280977
0.17214009647858874,0.0,0.9667953434955786,0.0,0.8763233711903395,0.0,6.249516192281832,1.2883099851016704,299.51051779196274
0.17152483699347237,0.0,0.9669137919710045,0.0,0.876927056762148,0.0,6.249583237213848,1.2870299851016709,299.2585610827558
0.17090956869533186,0.0,0.9670318346343411,0.0,0.8775307632561478,0.0,6.249650171043762,1.2857499851016705,299.00666018097235
0.1702942915959685,0.0,0.9671494716164324,0.0,0.8781344906393908,0.0,6.249716994035065,1.284469985101671,298.75481528152784
0.16967900570716124,0.0,0.9672667030475828,0.0,0.8787382388790044,0.0,6.249783706450429,1.2831899851016706,298.5030265788405
0.16906371104066528,0.0,0.967383529057557,0.0,0.8793420079421918,0.0,6.249850308551718,1.281909985101671,298.2512942667351
0.16844840760821245,0.0,0.9674999497755816,0.0,0.8799457977962318,0.0,6.24991680059999,1.2806299851016716,297.9996185384606
0.16783309542151403,0.0,0.9676159653303461,0.0,0.8805496084084766,0.0,6.249983182855498,1.2793499851016712,297.7479995866301
0.16721777449225772,0.0,0.9677315758500025,0.0,0.8811534397463545,0.0,6.250049455577695,1.278069985101671,297.49643760317906
0.16660244483210826,0.0,0.967846781462167,0.0,0.8817572917773681,0.0,6.250115619025236,1.276789985101671,297.2449327796447
0.16598710645270814,0.0,0.9679615822939205,0.0,0.8823611644690941,0.0,6.250181673455982,1.275509985101671,296.9934853067386
0.16537175936567913,0.0,0.9680759784718092,0.0,0.8829650577891826,0.0,6.250247619126999,1.2742299851016718,296.74209537477174
0.16475640358261753,0.0,0.9681899701218462,0.0,0.883568971705359,0.0,6.250313456294572,1.272949985101672,296.49076317332276
0.16414103911510006,0.0,0.9683035573695112,0.0,0.8841729061854208,0.0,6.250379185214189,1.271669985101671,296.23948889145225
0.16352566597467957,0.0,0.9684167403397511,0.0,0.88477686119724,0.0,6.250444806140565,1.2703899851016716,295.98827271764554
0.16291028417288786,0.0,0.9685295191569817,0.0,0.8853808367087613,0.0,6.250510319327632,1.269109985101672,295.7371148398075
0.16229489372123462,0.0,0.9686418939450883,0.0,0.8859848326880021,0.0,6.25057572502854,1.2678299851016726,295.4860154451685
0.16167949463120634,0.0,0.9687538648274261,0.0,0.8865888491030531,0.0,6.250641023495671,1.2665499851016713,295.2349747204303
0.16106408691426846,0.0,0.9688654319268203,0.0,0.8871928859220772,0.0,6.250706214980642,1.2652699851016713,294.983992851784
0.1604486705818646,0.0,0.9689765953655682,0.0,0.8877969431133089,0.0,6.250771299734281,1.2639899851016723,294.7330700247699
0.15983324564541596,0.0,0.9690873552654389,0.0,0.8884010206450563,0.0,6.250836278006676,1.2627099851016723,294.48220642434006
0.15921781211632213,0.0,0.969197711747674,0.0,0.8890051184856993,0.0,6.250901150047135,1.2614299851016715,294.23140223494136
0.15860237000596103,0.0,0.9693076649329897,0.0,0.889609236603687,0.0,6.250965916104216,1.2601499851016718,293.9806576403641
0.15798691932568895,0.0,0.9694172149415757,0.0,0.8902133749675423,0.0,6.251030576425712,1.258869985101672,293.7299728238664
0.15737146008683972,0.0,0.9695263618930969,0.0,0.8908175335458586,0.0,6.251095131258666,1.2575899851016725,293.47934796824836
0.15675599230072645,0.0,0.9696351059066936,0.0,0.8914217123073015,0.0,6.251159580849373,1.2563099851016717,293.2287832554994
0.15614051597864118,0.0,0.9697434471009826,0.0,0.8920259112206047,0.0,6.251223925443384,1.255029985101672,292.9782788672866
0.15552503113185354,0.0,0.9698513855940585,0.0,0.8926301302545743,0.0,6.251288165285485,1.2537499851016722,292.72783498453026
0.1549095377716107,0.0,0.9699589215034927,0.0,0.8932343693780873,0.0,6.25135230061974,1.2524699851016723,292.4774517877427
0.15429403590914073,0.0,0.9700660549463356,0.0,0.8938386285600896,0.0,6.251416331689462,1.2511899851016723,292.22712945680286
0.15367852555564926,0.0,0.9701727860391168,0.0,0.8944429077695972,0.0,6.251480258737234,1.2499099851016726,291.9768681710195
0.1530630067223209,0.0,0.9702791148978456,0.0,0.8950472069756963,0.0,6.2515440820049015,1.2486299851016724,291.7266681091556
0.1524474794203178,0.0,0.9703850416380116,0.0,0.8956515261475434,0.0,6.251607801733572,1.2473499851016723,291.47652944946134
0.1518319436607829,0.0,0.9704905663745863,0.0,0.8962558652543621,0.0,6.2516714181636335,1.2460699851016728,291.22645236956856
0.1512163994548363,0.0,0.9705956892220228,0.0,0.8968602242654473,0.0,6.251734931534745,1.2447899851016726,290.97643704661033
0.15060084681357858,0.0,0.9707004102942561,0.0,0.897464603150162,0.0,6.25179834208584,1.2435099851016722,290.7264836571516
0.1499852857480883,0.0,0.9708047297047051,0.0,0.8980690018779377,0.0,6.251861650055137,1.2422299851016718,290.47659237723707
0.14936971626942291,0.0,0.9709086475662728,0.0,0.8986734204182744,0.0,6.251924855680123,1.2409499851016723,290.22676338236926
0.14875413838861998,0.0,0.971012163991346,0.0,0.8992778587407412,0.0,6.251987959197586,1.2396699851016724,289.97699684739905
0.14813855211669558,0.0,0.9711152790917977,0.0,0.8998823168149737,0.0,6.25205096084359,1.2383899851016729,289.7272929467994
0.14752295746464394,0.0,0.9712179929789857,0.0,0.9004867946106778,0.0,6.252113860853495,1.237109985101673,289.47765185442773
0.1469073544434406,0.0,0.9713203057637548,0.0,0.901091292097625,0.0,6.252176659461946,1.2358299851016734,289.228073743568
0.14629174306403928,0.0,0.9714222175564371,0.0,0.9016958092456555,0.0,6.252239356902897,1.234549985101673,288.9785587869977
0.1456761233373729,0.0,0.9715237284668526,0.0,0.9023003460246758,0.0,6.252301953409581,1.233269985101673,288.72910715702795
0.14506049527435405,0.0,0.9716248386043094,0.0,0.9029049024046603,0.0,6.252364449214549,1.2319899851016738,288.47971902535903
0.1444448588858748,0.0,0.9717255480776049,0.0,0.9035094783556504,0.0,6.25242684454964,1.2307099851016727,288.230394563113
0.14382921418280695,0.0,0.9718258569950255,0.0,0.9041140738477536,0.0,6.252489139646013,1.2294299851016735,287.9811339410713
0.1432135611760011,0.0,0.9719257654643494,0.0,0.9047186888511445,0.0,6.25255133473412,1.2281499851016733,287.73193732928223
0.1425978998762887,0.0,0.9720252735928443,0.0,0.9053233233360636,0.0,6.252613430043734,1.2268699851016733,287.4828048973772
0.14198223029447962,0.0,0.9721243814872708,0.0,0.9059279772728174,0.0,6.25267542580394,1.2255899851016736,287.2337368144088
0.14136655244136398,0.0,0.9722230892538803,0.0,0.9065326506317792,0.0,6.252737322243133,1.2243099851016734,286.98473324900544
0.14075086632771194,0.0,0.9723213969984181,0.0,0.9071373433833873,0.0,6.252799119589034,1.2230299851016735,286.73579436916077
0.14013517196427316,0.0,0.9724193048261228,0.0,0.9077420554981455,0.0,6.252860818068674,1.221749985101673,286.4869203424266
0.13951946936177653,0.0,0.9725168128417266,0.0,0.9083467869466233,0.0,6.2529224179084215,1.2204699851016727,286.2381113358566
0.13890375853093315,0.0,0.9726139211494566,0.0,0.908951537699455,0.0,6.25298391933396,1.2191899851016736,285.9893675158284
0.13828803948243026,0.0,0.9727106298530354,0.0,0.9095563077273405,0.0,6.2530453225703,1.2179099851016741,285.7406890484722
0.13767231222693913,0.0,0.972806939055681,0.0,0.9101610970010441,0.0,6.25310662784179,1.216629985101674,285.492076099115
0.13705657677510782,0.0,0.9729028488601085,0.0,0.9107659054913946,0.0,6.2531678353721105,1.2153499851016742,285.243528832828
0.1364408331375667,0.0,0.9729983593685293,0.0,0.9113707331692852,0.0,6.253228945384266,1.2140699851016736,284.99504741401256
0.13582508132492577,0.0,0.9730934706826528,0.0,0.9119755800056734,0.0,6.25328995810062,1.2127899851016737,284.7466320066217
0.13520932134777455,0.0,0.9731881829036866,0.0,0.9125804459715812,0.0,6.253350873742855,1.211509985101674,284.4982827740985
0.1345935532166835,0.0,0.9732824961323374,0.0,0.9131853310380933,0.0,6.253411692532007,1.210229985101674,284.24999987935354
0.13397777694220372,0.0,0.9733764104688108,0.0,0.913790235176359,0.0,6.253472414688458,1.208949985101674,284.0017834848595
0.1333619925348648,0.0,0.9734699260128128,0.0,0.9143951583575917,0.0,6.25353304043193,1.207669985101674,283.75363375253187
0.1327462000051797,0.0,0.9735630428635494,0.0,0.9150001005530657,0.0,6.253593569981512,1.2063899851016737,283.5055508438259
0.13213039936363882,0.0,0.9736557611197283,0.0,0.9156050617341209,0.0,6.253654003555613,1.2051099851016744,283.25753491966424
0.13151459062071502,0.0,0.9737480808795584,0.0,0.9162100418721594,0.0,6.253714341372032,1.2038299851016747,283.00958614050467
0.13089877378686107,0.0,0.9738400022407514,0.0,0.9168150409386455,0.0,6.2537745836479095,1.2025499851016748,282.7617046662708
0.13028294887251052,0.0,0.9739315253005214,0.0,0.917420058905106,0.0,6.2538347305997375,1.201269985101674,282.51389065644634
0.1296671158880778,0.0,0.9740226501555855,0.0,0.9180250957431305,0.0,6.2538947824433855,1.1999899851016744,282.2661442699822
0.12905127484395687,0.0,0.9741133769021655,0.0,0.9186301514243712,0.0,6.253954739394072,1.1987099851016747,282.01846566539876
0.12843542575052416,0.0,0.9742037056359875,0.0,0.9192352259205416,0.0,6.254014601666391,1.1974299851016748,281.77085500059917
0.1278195686181351,0.0,0.9742936364522821,0.0,0.9198403192034172,0.0,6.254074369474308,1.1961499851016746,281.5233124332044
0.12720370345712753,0.0,0.9743831694457857,0.0,0.9204454312448355,0.0,6.254134043031145,1.1948699851016742,281.2758381201489
0.1265878302778189,0.0,0.9744723047107411,0.0,0.9210505620166952,0.0,6.254193622549612,1.1935899851016745,281.0284322180118
0.12597194909050957,0.0,0.9745610423408972,0.0,0.9216557114909558,0.0,6.2542531082417945,1.192309985101675,280.781094882801
0.1253560599054779,0.0,0.9746493824295109,0.0,0.9222608796396393,0.0,6.254312500319136,1.1910299851016752,280.53382627014395
0.12474016273298573,0.0,0.974737325069346,0.0,0.9228660664348269,0.0,6.254371798992477,1.1897499851016748,280.286626535164
0.12412425758327511,0.0,0.974824870352675,0.0,0.9234712718486618,0.0,6.254431004472049,1.1884699851016751,280.0394958324085
0.12350834446656862,0.0,0.9749120183712786,0.0,0.9240764958533485,0.0,6.254490116967442,1.1871899851016747,279.79243431604283
0.12289242339307148,0.0,0.974998769216447,0.0,0.92468173842115,0.0,6.254549136687653,1.185909985101675,279.54544213978596
0.1222764943729685,0.0,0.9750851229789816,0.0,0.9252869995243899,0.0,6.254608063841055,1.184629985101675,279.2985194568177
0.12166055741642713,0.0,0.9751710797491916,0.0,0.9258922791354535,0.0,6.254666898635426,1.183349985101675,279.0516664198085
0.12104461253359516,0.0,0.9752566396168989,0.0,0.9264975772267843,0.0,6.254725641277922,1.1820699851016752,278.8048831811197
0.12042865973460232,0.0,0.9753418026714362,0.0,0.9271028937708861,0.0,6.254784291975107,1.1807899851016754,278.55816989246125
0.11981269902955949,0.0,0.9754265690016476,0.0,0.9277082287403233,0.0,6.254842850932933,1.1795099851016753,278.311526705207
0.11919673042855823,0.0,0.9755109386958905,0.0,0.928313582107718,0.0,6.254901318356758,1.1782299851016744,278.0649537702328
0.11858075394167365,0.0,0.975594911842034,0.0,0.9289189538457521,0.0,6.2549596944513395,1.1769499851016751,277.8184512379305
0.11796476957896065,0.0,0.9756784885274618,0.0,0.9295243439271669,0.0,6.255017979420835,1.1756699851016752,277.57201925814985
0.1173487773504555,0.0,0.9757616688390705,0.0,0.9301297523247626,0.0,6.255076173468814,1.174389985101675,277.32565798051553
0.11673277726617759,0.0,0.9758444528632715,0.0,0.9307351790113976,0.0,6.255134276798258,1.1731099851016757,277.079367553933
0.11611676933612657,0.0,0.9759268406859904,0.0,0.9313406239599901,0.0,6.2551922896115455,1.1718299851016751,276.8331481269769
0.11550075357028443,0.0,0.9760088323926696,0.0,0.9319460871435141,0.0,6.2552502121104805,1.1705499851016752,276.58699984783465
0.11488472997861543,0.0,0.9760904280682652,0.0,0.9325515685350049,0.0,6.255308044496268,1.169269985101676,276.34092286407196
0.1142686985710644,0.0,0.9761716277972515,0.0,0.9331570681075536,0.0,6.255365786969555,1.1679899851016753,276.09491732291576
0.11365265935755929,0.0,0.9762524316636184,0.0,0.9337625858343103,0.0,6.255423439730369,1.1667099851016753,275.84898337111247
0.11303661234800873,0.0,0.9763328397508733,0.0,0.9343681216884824,0.0,6.255481002978196,1.1654299851016758,275.6031211549447
0.11242055755230465,0.0,0.9764128521420412,0.0,0.9349736756433356,0.0,6.255538476911918,1.1641499851016759,275.3573308202825
0.11180449498031975,0.0,0.9764924689196658,0.0,0.935579247672191,0.0,6.255595861729859,1.162869985101676,275.11161251250377
0.11118842464190865,0.0,0.9765716901658085,0.0,0.9361848377484299,0.0,6.25565315762976,1.1615899851016764,274.8659663765901
0.11057234654691009,0.0,0.9766505159620512,0.0,0.9367904458454877,0.0,6.255710364808794,1.160309985101676,274.6203925569886
0.10995626070514188,0.0,0.9767289463894936,0.0,0.9373960719368589,0.0,6.255767483463569,1.159029985101676,274.3748911978467
0.10934016712640622,0.0,0.9768069815287568,0.0,0.9380017159960938,0.0,6.255824513790119,1.1577499851016757,274.12946244272666
0.10872406582048696,0.0,0.9768846214599815,0.0,0.938607377996799,0.0,6.255881455983919,1.156469985101676,273.88410643486634
0.10810795679714956,0.0,0.9769618662628299,0.0,0.9392130579126382,0.0,6.255938310239876,1.1551899851016763,273.6388233169638
0.10749184006614275,0.0,0.9770387160164856,0.0,0.9398187557173306,0.0,6.255995076752334,1.153909985101676,273.39361323130913
0.10687571563719733,0.0,0.9771151707996532,0.0,0.9404244713846523,0.0,6.256051755715099,1.1526299851016764,273.1484763198373
0.10625958352002508,0.0,0.9771912306905604,0.0,0.9410302048884353,0.0,6.2561083473213905,1.1513499851016766,272.90341272394164
0.10564344372432255,0.0,0.9772668957669562,0.0,0.9416359562025675,0.0,6.256164851763886,1.1500699851016762,272.6584225846195
0.1050272962597672,0.0,0.9773421661061152,0.0,0.9422417253009903,0.0,6.2562212692347146,1.148789985101677,272.4135060424873
0.10441114113601897,0.0,0.9774170417848331,0.0,0.9428475121577042,0.0,6.2562775999254505,1.1475099851016768,272.16866323761843
0.1037949783627209,0.0,0.977491522879431,0.0,0.9434533167467622,0.0,6.256333844027123,1.1462299851016768,271.92389430977704
0.10317880794949905,0.0,0.9775656094657535,0.0,0.9440591390422732,0.0,6.256390001730196,1.1449499851016771,271.67919939818336
0.10256262990595962,0.0,0.9776393016191712,0.0,0.944664979018402,0.0,6.2564460732246125,1.1436699851016772,271.43457864178094
0.10194644424169544,0.0,0.9777125994145784,0.0,0.9452708366493672,0.0,6.256502058699761,1.1423899851016766,271.19003217892276
0.10133025096627951,0.0,0.9777855029263963,0.0,0.9458767119094419,0.0,6.2565579583444855,1.1411099851016768,270.945560147621
0.1007140500892667,0.0,0.9778580122285714,0.0,0.9464826047729554,0.0,6.256613772347096,1.139829985101676,270.7011626854793
0.10009784162019748,0.0,0.9779301273945777,0.0,0.9470885152142886,0.0,6.256669500895357,1.138549985101677,270.4568399296922
0.09948162556859305,0.0,0.9780018484974146,0.0,0.94769444320788,0.0,6.2567251441765155,1.137269985101677,270.2125920168867
0.09886540194395797,0.0,0.9780731756096098,0.0,0.9483003887282196,0.0,6.256780702377265,1.135989985101677,269.968419083516
0.09824917075577984,0.0,0.9781441088032191,0.0,0.9489063517498524,0.0,6.256836175683775,1.134709985101677,269.7243212654054
0.09763293201352881,0.0,0.9782146481498252,0.0,0.9495123322473773,0.0,6.25689156428168,1.1334299851016771,269.4802986980945
0.09701668572665934,0.0,0.9782847937205401,0.0,0.9501183301954461,0.0,6.256946868356098,1.132149985101677,269.23635151656464
0.09640043190460802,0.0,0.9783545455860044,0.0,0.9507243455687647,0.0,6.257002088091611,1.130869985101677,268.992479855525
0.09578417055679353,0.0,0.9784239038163884,0.0,0.951330378342092,0.0,6.257057223672275,1.1295899851016773,268.7486838492626
0.09516790169261936,0.0,0.9784928684813916,0.0,0.9519364284902404,0.0,6.2571122752816315,1.1283099851016773,268.5049636315712
0.09455162532147139,0.0,0.9785614396502434,0.0,0.9525424959880754,0.0,6.2571672431026935,1.1270299851016772,268.2613193358672
0.09393534145271902,0.0,0.9786296173917045,0.0,0.9531485808105147,0.0,6.257222127317962,1.125749985101677,268.01775109518263
0.09331905009571355,0.0,0.9786974017740657,0.0,0.9537546829325293,0.0,6.257276928109412,1.124469985101678,267.7742590421463
0.0927027512597916,0.0,0.9787647928651491,0.0,0.9543608023291432,0.0,6.257331645658508,1.1231899851016773,267.5308433089072
0.0920864449542722,0.0,0.978831790732309,0.0,0.9549669389754311,0.0,6.257386280146207,1.1219099851016772,267.2875040272861
0.09147013118845779,0.0,0.97889839544243,0.0,0.9555730928465229,0.0,6.2574408317529375,1.1206299851016777,267.0442413287055
0.09085380997163295,0.0,0.978964607061931,0.0,0.9561792639175978,0.0,6.257495300658638,1.1193499851016777,266.80105534412905
0.09023748131306852,0.0,0.9790304256567628,0.0,0.9567854521638883,0.0,6.257549687042722,1.1180699851016778,266.55794620413604
0.08962114522201588,0.0,0.9790958512924087,0.0,0.9573916575606793,0.0,6.2576039910841095,1.1167899851016778,266.3149140389256
0.08900480170771218,0.0,0.9791608840338856,0.0,0.9579978800833067,0.0,6.257658212961208,1.1155099851016783,266.07195897832065
0.08838845077937624,0.0,0.9792255239457454,0.0,0.9586041197071572,0.0,6.257712352851916,1.1142299851016784,265.829081151687
0.0877720924462126,0.0,0.9792897710920722,0.0,0.959210376407671,0.0,6.257766410933653,1.1129499851016784,265.58628068796907
0.08715572671740705,0.0,0.9793536255364862,0.0,0.9598166501603375,0.0,6.2578203873833065,1.111669985101678,265.34355771588287
0.08653935360213041,0.0,0.9794170873421413,0.0,0.9604229409406987,0.0,6.257874282377296,1.110389985101678,265.10091236359045
0.08592297310953856,0.0,0.9794801565717272,0.0,0.9610292487243464,0.0,6.257928096091533,1.1091099851016777,264.8583447588856
0.08530658524876802,0.0,0.9795428332874685,0.0,0.961635573486925,0.0,6.257981828701427,1.107829985101678,264.6158550291859
0.08469019002894192,0.0,0.9796051175511268,0.0,0.9622419152041269,0.0,6.258035480381912,1.1065499851016782,264.37344330155577
0.08407378745916459,0.0,0.9796670094239983,0.0,0.962848273851699,0.0,6.258089051307413,1.1052699851016774,264.13110970262363
0.08345737754852692,0.0,0.9797285089669171,0.0,0.9634546494054343,0.0,6.258142541651878,1.1039899851016786,263.88885435866524
0.08284096030610115,0.0,0.9797896162402535,0.0,0.96406104184118,0.0,6.258195951588764,1.1027099851016775,263.64667739555443
0.08222453574094679,0.0,0.9798503313039152,0.0,0.9646674511348298,0.0,6.2582492812910395,1.1014299851016784,263.4045789387329
0.08160810386210358,0.0,0.979910654217347,0.0,0.9652738772623309,0.0,6.258302530931194,1.100149985101678,263.1625591133533
0.08099166467859821,0.0,0.9799705850395318,0.0,0.9658803201996783,0.0,6.2583557006812285,1.0988699851016785,262.920618044062
0.08037521819943903,0.0,0.9800301238289914,0.0,0.9664867799229167,0.0,6.258408790712667,1.097589985101679,262.67875585531453
0.07975876443362043,0.0,0.9800892706437845,0.0,0.9670932564081421,0.0,6.258461801196559,1.0963099851016787,262.43697267100265
0.07914230339012086,0.0,0.98014802554151,0.0,0.9676997496314979,0.0,6.258514732303463,1.095029985101679,262.19526861465255
0.07852583507790142,0.0,0.9802063885793051,0.0,0.9683062595691784,0.0,6.258567584203471,1.0937499851016783,261.9536438095176
0.07790935950590781,0.0,0.9802643598138469,0.0,0.9689127861974266,0.0,6.258620357066201,1.0924699851016788,261.71209837844515
0.077292876683072,0.0,0.9803219393013519,0.0,0.9695193294925339,0.0,6.258673051060795,1.0911899851016784,261.47063244378586
0.07667638661830777,0.0,0.980379127097577,0.0,0.9701258894308415,0.0,6.258725666355928,1.0899099851016791,261.2292461277068
0.07605988932051393,0.0,0.9804359232578189,0.0,0.9707324659887396,0.0,6.258778203119801,1.0886299851016785,260.9879395518401
0.07544338479857468,0.0,0.9804923278369151,0.0,0.9713390591426666,0.0,6.258830661520148,1.0873499851016786,260.7467128375511
0.07482687306135721,0.0,0.9805483408892443,0.0,0.9719456688691093,0.0,6.258883041724244,1.0860699851016786,260.5055661057812
0.07421035411771418,0.0,0.9806039624687264,0.0,0.972552295144603,0.0,6.258935343898881,1.0847899851016787,260.2644994770578
0.07359382797648198,0.0,0.9806591926288225,0.0,0.9731589379457315,0.0,6.258987568210415,1.0835099851016792,260.02351307167555
0.07297729464648242,0.0,0.9807140314225351,0.0,0.973765597249127,0.0,6.259039714824712,1.0822299851016797,259.7826070094293
0.07236075413652072,0.0,0.9807684789024105,0.0,0.974372273031469,0.0,6.259091783907205,1.0809499851016793,259.54178140979303
0.07174420645538734,0.0,0.9808225351205357,0.0,0.9749789652694851,0.0,6.25914377562285,1.0796699851016798,259.30103639189167
0.0711276516118573,0.0,0.9808762001285409,0.0,0.9755856739399513,0.0,6.259195690136146,1.0783899851016794,259.06037207444945
0.07051108961469041,0.0,0.9809294739775991,0.0,0.9761923990196902,0.0,6.259247527611153,1.0771099851016794,258.81978857588496
0.0698945204726304,0.0,0.9809823567184269,0.0,0.9767991404855731,0.0,6.2592992882114595,1.0758299851016786,258.5792860142012
0.06927794419440766,0.0,0.9810348484012839,0.0,0.9774058983145171,0.0,6.259350972100211,1.0745499851016795,258.3388645070258
0.06866136078873486,0.0,0.9810869490759738,0.0,0.978012672483488,0.0,6.259402579440108,1.0732699851016796,258.09852417167315
0.06804477026431043,0.0,0.981138658791844,0.0,0.9786194629694984,0.0,6.259454110393382,1.0719899851016799,257.85826512510744
0.0674281726298186,0.0,0.9811899775977866,0.0,0.9792262697496071,0.0,6.2595055651218425,1.0707099851016801,257.6180874838856
0.06681156789392713,0.0,0.9812409055422376,0.0,0.9798330928009208,0.0,6.259556943786834,1.0694299851016802,257.37799136420455
0.06619495606528908,0.0,0.9812914426731786,0.0,0.9804399321005923,0.0,6.259608246549264,1.0681499851016802,257.13797688198014
0.0655783371525437,0.0,0.9813415890381361,0.0,0.9810467876258206,0.0,6.259659473569596,1.066869985101679,256.8980441526831
0.06496171116431303,0.0,0.981391344684181,0.0,0.9816536593538521,0.0,6.2597106250078545,1.06558998510168,256.65819329149934
0.06434507810920599,0.0,0.981440709657931,0.0,0.9822605472619792,0.0,6.259761701023616,1.06430998510168,256.418424413201
0.06372843799581522,0.0,0.9814896840055489,0.0,0.9828674513275399,0.0,6.259812701776027,1.0630299851016805,256.178737632262
0.06311179083271864,0.0,0.9815382677727437,0.0,0.9834743715279199,0.0,6.259863627423797,1.0617499851016798,255.9391330627902
0.06249513662848034,0.0,0.9815864610047706,0.0,0.9840813078405494,0.0,6.259914478125195,1.0604699851016797,255.6996108184908
0.061878475391649236,0.0,0.9816342637464319,0.0,0.9846882602429043,0.0,6.259965254038055,1.0591899851016802,255.46017101280228
0.061261807130757795,0.0,0.9816816760420759,0.0,0.9852952287125079,0.0,6.260015955319787,1.0579099851016802,255.22081375877679
0.06064513185432612,0.0,0.9817286979355982,0.0,0.9859022132269272,0.0,6.260066582127362,1.0566299851016807,254.9815391691514
0.06002844957085721,0.0,0.9817753294704425,0.0,0.9865092137637759,0.0,6.260117134617324,1.0553499851016799,254.7423473562361
0.05941176028884201,0.0,0.9818215706895984,0.0,0.9871162303007122,0.0,6.2601676129457875,1.0540699851016813,254.50323843205786
0.05879506401675444,0.0,0.9818674216356045,0.0,0.9877232628154407,0.0,6.2602180172684445,1.0527899851016804,254.26421250829796
0.058178360763054486,0.0,0.9819128823505466,0.0,0.98833031128571,0.0,6.260268347740554,1.051509985101681,254.02526969631614
0.057561650536188225,0.0,0.9819579528760592,0.0,0.9889373756893144,0.0,6.260318604516956,1.0502299851016803,253.78641010705314
0.056944933344586744,0.0,0.982002633253325,0.0,0.9895444560040922,0.0,6.260368787752073,1.048949985101681,253.5476338511849
0.056328209196665674,0.0,0.9820469235230747,0.0,0.9901515522079282,0.0,6.260418897599895,1.0476699851016806,253.30894103899917
0.05571147810082793,0.0,0.9820908237255886,0.0,0.9907586642787494,0.0,6.260468934214002,1.0463899851016811,253.07033178052296
0.055094740065460196,0.0,0.9821343339006962,0.0,0.9913657921945292,0.0,6.260518897747553,1.0451099851016812,252.8318061853442
0.05447799509893601,0.0,0.9821774540877752,0.0,0.9919729359332848,0.0,6.260568788353283,1.0438299851016817,252.59336436277465
0.053861243209613524,0.0,0.9822201843257538,0.0,0.9925800954730779,0.0,6.260618606183523,1.0425499851016806,252.35500642174864
0.05324448440583708,0.0,0.9822625246531089,0.0,0.993187270792014,0.0,6.260668351390189,1.041269985101681,252.1167324709596
0.05262771869593674,0.0,0.9823044751078682,0.0,0.9937944618682426,0.0,6.260718024124771,1.0399899851016805,251.87854261862628
0.052010946088228545,0.0,0.9823460357276085,0.0,0.994401668679957,0.0,6.260767624538361,1.0387099851016814,251.64043697276625
0.051394166591013285,0.0,0.9823872065494574,0.0,0.9950088912053956,0.0,6.260817152781642,1.037429985101681,251.4024156409785
0.0507773802125779,0.0,0.9824279876100933,0.0,0.9956161294228386,0.0,6.260866609004874,1.0361499851016807,251.16447873056708
0.050160586961195144,0.0,0.9824683789457443,0.0,0.9962233833106109,0.0,6.260915993357925,1.0348699851016812,250.92662634854372
0.049543786845124775,0.0,0.9825083805921901,0.0,0.9968306528470805,0.0,6.26096530599025,1.0335899851016817,250.68885860148524
0.0489269798726105,0.0,0.982547992584761,0.0,0.9974379380106593,0.0,6.2610145470509,1.0323099851016813,250.45117559575533
0.04831016605188245,0.0,0.9825872149583383,0.0,0.9980452387798019,0.0,6.261063716688527,1.0310299851016809,250.21357743732213
0.04769334539115791,0.0,0.9826260477473556,0.0,0.9986525551330054,0.0,6.261112815051377,1.0297499851016814,249.97606423183697
0.047076517898638814,0.0,0.9826644909857967,0.0,0.9992598870488116,0.0,6.261161842287296,1.0284699851016814,249.73863608463083
0.04645968358251321,0.0,0.9827025447071985,0.0,0.9998672345058034,0.0,6.261210798543734,1.0271899851016815,249.5012931007792
0.045842842450955865,0.0,0.9827402089446485,0.0,1.000474597482608,0.0,6.261259683967736,1.0259099851016809,249.2640353849014
0.04522599451212687,0.0,0.9827774837307872,0.0,1.0010819759578937,0.0,6.261308498705959,1.024629985101681,249.02686304142568
0.0446091397741735,0.0,0.9828143690978067,0.0,1.0016893699103726,0.0,6.261357242904655,1.0233499851016816,248.78977617434475
0.04399227824522685,0.0,0.9828508650774528,0.0,1.0022967793187982,0.0,6.261405916709699,1.0220699851016817,248.55277488743667
0.043375409933406606,0.0,0.9828869717010217,0.0,1.002904204161968,0.0,6.261454520266559,1.0207899851016813,248.31585928409328
0.0427585348468179,0.0,0.982922688999364,0.0,1.0035116444187195,0.0,6.261503053720313,1.0195099851016822,248.07902946738568
0.042141652993551125,0.0,0.9829580170028823,0.0,1.0041191000679348,0.0,6.261551517215645,1.0182299851016818,247.84228554014112
0.04152476438168467,0.0,0.9829929557415336,0.0,1.004726571088535,0.0,6.261599910896876,1.0169499851016814,247.60562760475023
0.04090786901928189,0.0,0.9830275052448264,0.0,1.005334057459485,0.0,6.261648234907902,1.0156699851016822,247.36905576339086
0.040290966914392205,0.0,0.9830616655418234,0.0,1.0059415591597916,0.0,6.261696489392263,1.014389985101682,247.13257011789335
0.03967405807505196,0.0,0.9830954366611407,0.0,1.0065490761685023,0.0,6.2617446744931,1.0131099851016818,246.8961707698074
0.03905714250928481,0.0,0.9831288186309477,0.0,1.0071566084647072,0.0,6.26179279035317,1.0118299851016823,246.6598578202609
0.03844022022509873,0.0,0.9831618114789684,0.0,1.0077641560275366,0.0,6.261840837114854,1.010549985101682,246.42363137021164
0.03782329123048999,0.0,0.9831944152324797,0.0,1.0083717188361627,0.0,6.26188881492015,1.0092699851016826,246.18749152022642
0.037206355533439615,0.0,0.9832266299183132,0.0,1.0089792968698001,0.0,6.261936723910675,1.0079899851016818,245.95143837056162
0.03658941314191766,0.0,0.9832584555628546,0.0,1.0095868901077019,0.0,6.2619845642276655,1.0067099851016823,245.71547202115246
0.035972464063877725,0.0,0.9832898921920438,0.0,1.0101944985291644,0.0,6.262032336011982,1.005429985101683,245.47959257174884
0.03535550830726253,0.0,0.983320939831375,0.0,1.010802122113524,0.0,6.2620800394041165,1.0041499851016822,245.24380012159125
0.034738545879998785,0.0,0.9833515985058974,0.0,1.0114097608401578,0.0,6.262127674544173,1.002869985101683,245.0080947698247
0.03412157679000247,0.0,0.9833818682402149,0.0,1.0120174146884837,0.0,6.262175241571893,1.001589985101682,244.77247661510006
0.033504601045174325,0.0,0.9834117490584853,0.0,1.0126250836379607,0.0,6.262222740626634,1.0003099851016823,244.5369457559013
0.032887618653403644,0.0,0.9834412409844225,0.0,1.013232767668087,0.0,6.2622701718474065,0.9990299851016826,244.30150229030693
0.032270629622563426,0.0,0.9834703440412954,0.0,1.013840466758402,0.0,6.262317535372817,0.9977499851016829,244.06614631620297
0.03165363396051658,0.0,0.9834990582519272,0.0,1.0144481808884855,0.0,6.262364831341129,0.9964699851016827,243.83087793110738
0.031036631675110636,0.0,0.9835273836386969,0.0,1.0150559100379575,0.0,6.262412059890231,0.995189985101683,243.59569723221801
0.030419622774181504,0.0,0.9835553202235386,0.0,1.0156636541864772,0.0,6.26245922115764,0.993909985101683,243.3606043164885
0.02980260726555078,0.0,0.983582868027943,0.0,1.0162714133137445,0.0,6.262506315280518,0.9926299851016833,243.125599280488
0.029185585157026888,0.0,0.9836100270729553,0.0,1.016879187399499,0.0,6.262553342395649,0.9913499851016827,242.89068222060806
0.028568556456405783,0.0,0.9836367973791761,0.0,1.01748697642352,0.0,6.2626003026394725,0.9900699851016832,242.6558532328871
0.02795152117147032,0.0,0.9836631789667633,0.0,1.0180947803656257,0.0,6.262647196148055,0.988789985101683,242.4211124129797
0.027334479309989605,0.0,0.9836891718554293,0.0,1.0187025992056753,0.0,6.262694023057099,0.9875099851016833,242.1864598564412
0.026717430879720835,0.0,0.9837147760644436,0.0,1.019310432923566,0.0,6.262740783501963,0.9862299851016827,241.9518956582894
0.026100375888407794,0.0,0.9837399916126304,0.0,1.0199182814992354,0.0,6.262787477617628,0.9849499851016834,241.7174199134486
0.025483314343779925,0.0,0.9837648185183715,0.0,1.0205261449126595,0.0,6.262834105538733,0.9836699851016841,241.48303271647362
0.02486624625355597,0.0,0.9837892567996046,0.0,1.0211340231438537,0.0,6.262880667399559,0.9823899851016837,241.24873416160852
0.024249171625439794,0.0,0.9838133064738233,0.0,1.0217419161728731,0.0,6.262927163334026,0.9811099851016831,241.01452434286637
0.023632090467123387,0.0,0.9838369675580776,0.0,1.0223498239798108,0.0,6.262973593475706,0.9798299851016832,240.78040335393325
0.023015002786286865,0.0,0.9838602400689749,0.0,1.022957746544798,0.0,6.263019957957818,0.9785499851016839,240.54637128812536
0.022397908590596087,0.0,0.9838831240226785,0.0,1.0235656838480065,0.0,6.2630662569132305,0.9772699851016837,240.31242823858673
0.021780807887703552,0.0,0.9839056194349083,0.0,1.024173635869646,0.0,6.26311249047446,0.9759899851016833,240.07857429817153
0.02116370068525099,0.0,0.9839277263209409,0.0,1.0247816025899639,0.0,6.263158658773678,0.9747099851016845,239.84480955942723
0.02054658699086597,0.0,0.9839494446956109,0.0,1.0253895839892466,0.0,6.2632047619427,0.9734299851016841,239.61113411451493
0.019929466812163284,0.0,0.9839707745733078,0.0,1.0259975800478198,0.0,6.2632508001130045,0.9721499851016833,239.37754805547826
0.0193123401567465,0.0,0.98399171596798,0.0,1.026605590746045,0.0,6.263296773415719,0.9708699851016831,239.14405147392318
0.018695207032204814,0.0,0.984012268893131,0.0,1.0272136160643244,0.0,6.2633426819816345,0.9695899851016836,238.91064446127683
0.018078067446116577,0.0,0.9840324333618231,0.0,1.027821655983096,0.0,6.263388525941187,0.9683099851016843,238.6773271086659
0.01746092140604487,0.0,0.9840522093866748,0.0,1.0284297104828377,0.0,6.263434305424476,0.9670299851016837,238.4440995068992
0.016843768919543263,0.0,0.9840715969798622,0.0,1.0290377795440637,0.0,6.263480020561264,0.9657499851016835,238.21096174649563
0.016226609994151073,0.0,0.9840905961531179,0.0,1.0296458631473266,0.0,6.263525671480967,0.9644699851016845,237.9779139177796
0.015609444637395454,0.0,0.9841092069177325,0.0,1.0302539612732171,0.0,6.263571258312666,0.9631899851016843,237.74495611065484
0.014992272856790365,0.0,0.9841274292845537,0.0,1.0308620739023622,0.0,6.263616781185111,0.9619099851016839,237.51208841490734
0.014375094659839452,0.0,0.9841452632639865,0.0,1.0314702010154269,0.0,6.263662240226695,0.9606299851016846,237.2793109199096
0.01375791005403087,0.0,0.9841627088659934,0.0,1.0320783425931144,0.0,6.263707635565493,0.959349985101684,237.04662371485415
0.013140719046844296,0.0,0.9841797661000943,0.0,1.0326864986161637,0.0,6.263752967329248,0.9580699851016834,236.81402688857654
0.01252352164574337,0.0,0.9841964349753669,0.0,1.033294669065351,0.0,6.263798235645359,0.9567899851016841,236.58152052970746
0.0119063178581808,0.0,0.9842127155004459,0.0,1.033902853921491,0.0,6.263843440640893,0.9555099851016848,236.34910472658464
0.011289107691596755,0.0,0.9842286076835236,0.0,1.0345110531654351,0.0,6.263888582442595,0.9542299851016842,236.116779567215
0.010671891153420598,0.0,0.9842441115323505,0.0,1.0351192667780695,0.0,6.263933661176866,0.9529499851016847,235.88454513937248
0.010054668251067276,0.0,0.9842592270542339,0.0,1.0357274947403197,0.0,6.263978676969796,0.9516699851016843,235.65240153060225
0.009437438991941062,0.0,0.9842739542560394,0.0,1.0363357370331456,0.0,6.264023629947129,0.950389985101685,235.42034882812993
0.008820203383432684,0.0,0.9842882931441898,0.0,1.0369439936375464,0.0,6.264068520234299,0.9491099851016847,235.18838711887844
0.00820296143292245,0.0,0.9843022437246658,0.0,1.0375522645345547,0.0,6.264113347956394,0.9478299851016854,234.95651648960396
0.007585713147776486,0.0,0.9843158060030057,0.0,1.0381605497052422,0.0,6.264158113238202,0.946549985101685,234.72473702670547
0.00696845853535087,0.0,0.9843289799843057,0.0,1.0387688491307152,0.0,6.264202816204159,0.9452699851016848,234.4930488162894
0.006351197602988564,0.0,0.9843417656732194,0.0,1.0393771627921164,0.0,6.264247456978404,0.9439899851016855,234.26145194427403
0.005733930358019698,0.0,0.9843541630739585,0.0,1.039985490670626,0.0,6.264292035684738,0.9427099851016842,234.0299464963001
0.005116656807763728,0.0,0.9843661721902918,0.0,1.040593832747458,0.0,6.264336552446645,0.9414299851016856,233.79853255771798
0.004499376959527065,0.0,0.9843777930255467,0.0,1.041202189003864,0.0,6.264381007387293,0.9401499851016846,233.56721021356614
0.003882090820605498,0.0,0.9843890255826082,0.0,1.0418105594211304,0.0,6.264425400629531,0.9388699851016851,233.33597954872718
0.00326479839828108,0.0,0.9843998698639181,0.0,1.0424189439805807,0.0,6.26446973229588,0.9375899851016851,233.10484064770188
0.002647499699825526,0.0,0.9844103258714767,0.0,1.0430273426635728,0.0,6.264514002508558,0.9363099851016852,232.8737935948184
0.0020301947324974853,0.0,0.9844203936068422,0.0,1.0436357554515001,0.0,6.264558211389467,0.9350299851016852,232.64283847415356
0.001412883503544353,0.0,0.9844300730711303,0.0,1.0442441823257924,0.0,6.2646023590601825,0.9337499851016853,232.41197536939748
0.0007955660202019029,0.0,0.9844393642650139,0.0,1.0448526232679147,0.0,6.264646445641969,0.9324699851016856,232.18120436408293
0.00017824228969294705,0.0,0.9844482671887242,0.0,1.0454610782593665,0.0,6.26469047125579,0.9311899851016858,231.95052554150374
-0.00043908768076992655,0.0,0.9844567818420503,0.0,1.0460695472816832,0.0,6.2647344360222865,0.9299099851016857,231.71993898462043
-0.0010564238839873231,0.0,0.9844649082243384,0.0,1.0466780303164351,0.0,6.264778340061788,0.9286299851016853,231.4894447761515
-0.0016737663127701092,0.0,0.9844726463344926,0.0,1.0472865273452276,0.0,6.264822183494328,0.9273499851016851,231.2590429985473
-0.0022911149599423152,0.0,0.9844799961709744,0.0,1.0478950383497008,0.0,6.264865966439613,0.9260699851016851,231.0287337341049
-0.002908469818339085,0.0,0.9844869577318032,0.0,1.0485035633115298,0.0,6.264909689017054,0.9247899851016852,230.7985170647413
-0.0035258308808063534,0.0,0.9844935310145557,0.0,1.0491121022124248,0.0,6.264953351345747,0.9235099851016857,230.56839307210151
-0.004143198140204403,0.0,0.9844997160163663,0.0,1.0497206550341305,0.0,6.264996953544493,0.922229985101686,230.33836183774577
-0.004760571589401415,0.0,0.9845055127339275,0.0,1.0503292217584257,0.0,6.265040495731778,0.9209499851016854,230.10842344276116
-0.005377951221279786,0.0,0.9845109211634878,0.0,1.0509378023671234,0.0,6.265083978025783,0.9196699851016863,229.8785779681817
-0.005995337028732368,0.0,0.9845159413008542,0.0,1.051546396842073,0.0,6.265127400544403,0.9183899851016861,229.64882549461925
-0.0066127290046648695,0.0,0.9845205731413911,0.0,1.0521550051651565,0.0,6.265170763405211,0.917109985101686,229.41916610256445
-0.007230127141991945,0.0,0.9845248166800197,0.0,1.0527636273182899,0.0,6.265214066725481,0.9158299851016862,229.18959987216073
-0.007847531433642507,0.0,0.9845286719112188,0.0,1.0533722632834246,0.0,6.26525731062221,0.9145499851016863,228.96012688336288
-0.008464941872554635,0.0,0.9845321388290252,0.0,1.0539809130425446,0.0,6.265300495212065,0.9132699851016868,228.73074721583833
-0.009082358451680334,0.0,0.9845352174270313,0.0,1.0545895765776698,0.0,6.265343620611435,0.9119899851016859,228.50146094902212
-0.009699781163980403,0.0,0.9845379076983879,0.0,1.0551982538708522,0.0,6.265386686936399,0.9107099851016862,228.2722681621409
-0.010317210002428889,0.0,0.9845402096358025,0.0,1.0558069449041785,0.0,6.265429694302754,0.9094299851016867,228.04316893403814
-0.01093464496001061,0.0,0.9845421232315394,0.0,1.056415649659769,0.0,6.265472642825989,0.9081499851016859,227.81416334351334
-0.011552086029721034,0.0,0.9845436484774202,0.0,1.0570243681197775,0.0,6.265515532621303,0.9068699851016866,227.58525146895343
-0.012169533204567793,0.0,0.9845447853648235,0.0,1.0576331002663915,0.0,6.265558363803609,0.9055899851016864,227.35643338854783
-0.012786986477569571,0.0,0.9845455338846845,0.0,1.0582418460818315,0.0,6.265601136487509,0.9043099851016865,227.1277091802517
-0.013404445841757229,0.0,0.9845458940274948,0.0,1.0588506055483526,0.0,6.265643850787334,0.9030299851016863,226.8990789218178
-0.014021911290170082,0.0,0.9845458657833037,0.0,1.0594593786482418,0.0,6.265686506817112,0.901749985101687,226.67054269062774
-0.01463938281586239,0.0,0.9845454491417165,0.0,1.0600681653638202,0.0,6.265729104690576,0.9004699851016864,226.44210056395502
-0.01525686041189555,0.0,0.9845446440918949,0.0,1.0606769656774415,0.0,6.265771644521192,0.8991899851016871,226.2137526187608
-0.01587434407134663,0.0,0.9845434506225573,0.0,1.061285779571493,0.0,6.265814126422114,0.8979099851016872,225.98549893179893
-0.016491833787300503,0.0,0.9845418687219787,0.0,1.0618946070283943,0.0,6.265856550506222,0.8966299851016868,225.75733957956032
-0.01710932955285386,0.0,0.9845398983779899,0.0,1.0625034480305988,0.0,6.265898916886109,0.8953499851016868,225.52927463827817
-0.017726831361114467,0.0,0.9845375395779787,0.0,1.0631123025605915,0.0,6.2659412256740765,0.8940699851016867,225.30130418397454
-0.01834433920520265,0.0,0.984534792308888,0.0,1.0637211706008913,0.0,6.265983476982142,0.8927899851016876,225.07342829244672
-0.018961853078248127,0.0,0.9845316565572174,0.0,1.0643300521340497,0.0,6.266025670922053,0.8915099851016859,224.84564703921347
-0.019579372973390616,0.0,0.9845281323090229,0.0,1.0649389471426487,0.0,6.266067807605259,0.8902299851016877,224.61796049955709
-0.020196898883784332,0.0,0.9845242195499155,0.0,1.065547855609306,0.0,6.266109887142931,0.8889499851016871,224.3903687485845
-0.020814430802591054,0.0,0.9845199182650618,0.0,1.06615677751667,0.0,6.266151909645961,0.8876699851016867,224.1628718610796
-0.0214319687229858,0.0,0.984515228439185,0.0,1.0667657128474206,0.0,6.266193875224961,0.886389985101687,223.93546991167457
-0.02204951263815315,0.0,0.9845101500565637,0.0,1.0673746615842712,0.0,6.266235783990264,0.8851099851016875,223.70816297467928
-0.022667062541288717,0.0,0.9845046831010311,0.0,1.0679836237099674,0.0,6.266277636051927,0.8838299851016873,223.48095112423573
-0.02328461842559957,0.0,0.9844988275559762,0.0,1.0685925992072864,0.0,6.266319431519724,0.8825499851016869,223.2538344342433
-0.02390218028430253,0.0,0.9844925834043436,0.0,1.069201588059037,0.0,6.266361170503156,0.8812699851016874,223.02681297831978
-0.024519748110627734,0.0,0.9844859506286326,0.0,1.0698105902480615,0.0,6.266402853111444,0.879989985101687,222.79988682990967
-0.025137321897812554,0.0,0.9844789292108975,0.0,1.070419605757232,0.0,6.266444479453545,0.8787099851016875,222.57305606220422
-0.025754901639108315,0.0,0.9844715191327477,0.0,1.0710286345694537,0.0,6.266486049638129,0.8774299851016873,222.34632074816227
-0.026372487327775612,0.0,0.9844637203753469,0.0,1.071637676667663,0.0,6.266527563773599,0.8761499851016876,222.11968096052328
-0.026990078957084822,0.0,0.9844555329194143,0.0,1.0722467320348277,0.0,6.266569021968087,0.8748699851016879,221.89313677178018
-0.02760767652031945,0.0,0.9844469567452226,0.0,1.0728558006539484,0.0,6.266610424329449,0.8735899851016877,221.66668825416752
-0.028225280010772257,0.0,0.9844379918325994,0.0,1.0734648825080562,0.0,6.2666517709652725,0.8723099851016873,221.4403354797603
-0.028842889421745493,0.0,0.9844286381609267,0.0,1.074073977580212,0.0,6.266693061982883,0.8710299851016885,221.21407852035017
-0.02946050474655486,0.0,0.98441889570914,0.0,1.0746830858535117,0.0,6.266734297489315,0.8697499851016874,220.98791744754817
-0.030078125978523912,0.0,0.9844087644557293,0.0,1.0752922073110784,0.0,6.266775477591369,0.8684699851016879,220.76185233268933
-0.030695753110989203,0.0,0.9843982443787385,0.0,1.07590134193607,0.0,6.266816602395543,0.8671899851016878,220.53588324689832
-0.03131338613729624,0.0,0.9843873354557644,0.0,1.0765104897116726,0.0,6.266857672008089,0.8659099851016885,220.31001026114245
-0.031931025050800914,0.0,0.9843760376639588,0.0,1.0771196506211047,0.0,6.266898686534994,0.8646299851016879,220.0842334460209
-0.03254866984487106,0.0,0.9843643509800252,0.0,1.077728824647615,0.0,6.266939646081965,0.8633499851016888,219.8585528720364
-0.03316632051288377,0.0,0.9843522753802211,0.0,1.078338011774485,0.0,6.266980550754457,0.8620699851016884,219.6329686094365
-0.03378397704822679,0.0,0.9843398108403578,0.0,1.0789472119850236,0.0,6.267021400657669,0.8607899851016887,219.407480728174
-0.034401639444299074,0.0,0.9843269573357986,0.0,1.079556425262573,0.0,6.267062195896515,0.8595099851016885,219.18208929810152
-0.035019307694509366,0.0,0.9843137148414597,0.0,1.0801656515905051,0.0,6.267102936575667,0.8582299851016881,218.95679438875783
-0.03563698179227707,0.0,0.9843000833318096,0.0,1.0807748909522235,0.0,6.267143622799528,0.8569499851016888,218.7315960694939
-0.036254661731031625,0.0,0.9842860627808708,0.0,1.0813841433311595,0.0,6.26718425467224,0.8556699851016887,218.50649440942988
-0.03687234750421313,0.0,0.9842716531622167,0.0,1.0819934087107774,0.0,6.267224832297696,0.854389985101689,218.28148947750321
-0.037490039105271725,0.0,0.984256854448973,0.0,1.0826026870745709,0.0,6.267265355779519,0.8531099851016886,218.0565813423222
-0.038107736527668745,0.0,0.9842416666138173,0.0,1.0832119784060643,0.0,6.267305825221073,0.8518299851016882,217.8317700724438
-0.03872543976487438,0.0,0.9842260896289796,0.0,1.0838212826888107,0.0,6.267346240725476,0.8505499851016884,217.60705573607962
-0.03934314881037065,0.0,0.9842101234662408,0.0,1.0844305999063955,0.0,6.267386602395583,0.8492699851016889,217.382438401233
-0.039960863657648546,0.0,0.9841937680969339,0.0,1.0850399300424323,0.0,6.267426910333998,0.8479899851016888,217.15791813577036
-0.04057858430021097,0.0,0.9841770234919425,0.0,1.0856492730805651,0.0,6.267467164643058,0.8467099851016893,216.93349500730545
-0.041196310731568056,0.0,0.9841598896217018,0.0,1.0862586290044687,0.0,6.2675073654248665,0.8454299851016891,216.70916908314794
-0.04181404294524291,0.0,0.984142366456197,0.0,1.0868679977978466,0.0,6.267547512781257,0.8441499851016891,216.48494043052648
-0.0424317809347677,0.0,0.9841244539649654,0.0,1.0874773794444323,0.0,6.267587606813823,0.8428699851016894,216.26080911635393
-0.04304952469368513,0.0,0.9841061521170941,0.0,1.088086773927989,0.0,6.267627647623898,0.841589985101689,216.03677520739217
-0.04366727421554783,0.0,0.9840874608812195,0.0,1.0886961812323095,0.0,6.267667635312562,0.8403099851016891,215.81283877019013
-0.044285029493918396,0.0,0.9840683802255296,0.0,1.0893056013412166,0.0,6.267707569980657,0.8390299851016891,215.5889998710348
-0.04490279052236961,0.0,0.9840489101177617,0.0,1.0899150342385615,0.0,6.267747451728768,0.8377499851016896,215.36525857605415
-0.045520557294483475,0.0,0.984029050525203,0.0,1.0905244799082257,0.0,6.267787280657239,0.8364699851016901,215.14161495107868
-0.046138329803854516,0.0,0.9840088014146904,0.0,1.0911339383341192,0.0,6.267827056866156,0.8351899851016895,214.9180690618719
-0.046756108044084664,0.0,0.9839881627526086,0.0,1.0917434095001826,0.0,6.267866780455357,0.8339099851016889,214.69462097385988
-0.04737389200878653,0.0,0.9839671345048936,0.0,1.0923528933903837,0.0,6.2679064515244445,0.8326299851016892,214.47127075229062
-0.047991681691582556,0.0,0.9839457166370286,0.0,1.0929623899887206,0.0,6.267946070172775,0.8313499851016899,214.24801846222405
-0.04860947708610727,0.0,0.9839239091140461,0.0,1.0935718992792212,0.0,6.26798563649945,0.8300699851016895,214.02486416855118
-0.049227278186001644,0.0,0.9839017119005277,0.0,1.09418142124594,0.0,6.268025150603343,0.8287899851016896,213.80180793581766
-0.04984508498491891,0.0,0.983879124960602,0.0,1.0947909558729623,0.0,6.268064612583065,0.8275099851016896,213.5788498285125
-0.05046289747652192,0.0,0.9838561482579463,0.0,1.0954005031444016,0.0,6.268104022536996,0.8262299851016894,213.35598991085106
-0.05108071565448215,0.0,0.983832781755785,0.0,1.0960100630444005,0.0,6.26814338056328,0.8249499851016899,213.13322824682632
-0.051698539512482725,0.0,0.9838090254168914,0.0,1.0966196355571294,0.0,6.2681826867598005,0.8236699851016904,212.91056490023374
-0.05231636904421591,0.0,0.9837848792035848,0.0,1.0972292206667884,0.0,6.268221941224224,0.8223899851016898,212.68799993475102
-0.05293420424338267,0.0,0.983760343077732,0.0,1.0978388183576053,0.0,6.268261144053969,0.8211099851016899,212.4655334137
-0.05355204510369476,0.0,0.9837354170007472,0.0,1.098448428613836,0.0,6.268300295346198,0.8198299851016901,212.24316540029878
-0.05416989161887399,0.0,0.9837101009335901,0.0,1.0990580514197663,0.0,6.2683393951978665,0.8185499851016902,212.02089595754478
-0.05478774378265163,0.0,0.9836843948367678,0.0,1.099667686759709,0.0,6.268378443705666,0.81726998510169,211.7987251482014
-0.05540560158876733,0.0,0.9836582986703329,0.0,1.1002773346180055,0.0,6.268417440966066,0.8159899851016905,211.57665303489324
-0.056023465030973,0.0,0.9836318123938843,0.0,1.1008869949790256,0.0,6.268456387075297,0.8147099851016901,211.35467967998457
-0.0566413341030288,0.0,0.9836049359665662,0.0,1.1014966678271672,0.0,6.268495282129353,0.8134299851016902,211.1328051456511
-0.05725920879870388,0.0,0.983577669347068,0.0,1.102106353146856,0.0,6.26853412622399,0.8121499851016902,210.91102949388457
-0.05787708911177775,0.0,0.9835500124936248,0.0,1.1027160509225458,0.0,6.268572919454746,0.810869985101691,210.68935278647086
-0.05849497503604005,0.0,0.9835219653640165,0.0,1.1033257611387182,0.0,6.268611661916899,0.8095899851016906,210.46777508495
-0.05911286656528875,0.0,0.983493527915567,0.0,1.1039354837798825,0.0,6.268650353705517,0.8083099851016915,210.24629645075177
-0.05973076369333288,0.0,0.9834647001051451,0.0,1.104545218830577,0.0,6.268688994915434,0.8070299851016907,210.02491694503237
-0.060348666413990615,0.0,0.9834354818891634,0.0,1.105154966275366,0.0,6.2687275856412406,0.8057499851016903,209.8036366288017
-0.0609665747210887,0.0,0.9834058732235781,0.0,1.1057647260988426,0.0,6.268766125977306,0.8044699851016903,209.582455562845
-0.061584488608464424,0.0,0.9833758740638898,0.0,1.1063744982856265,0.0,6.26880461601777,0.8031899851016906,209.36137380773732
-0.06220240806996363,0.0,0.9833454843651417,0.0,1.106984282820366,0.0,6.2688430558565456,0.8019099851016906,209.14039142389058
-0.06282033309944285,0.0,0.9833147040819198,0.0,1.107594079687736,0.0,6.268881445587308,0.8006299851016909,208.91950847149246
-0.06343826369076654,0.0,0.9832835331683529,0.0,1.10820388887244,0.0,6.268919785303514,0.7993499851016903,208.69872501053752
-0.0640561998378105,0.0,0.983251971578113,0.0,1.1088137103592066,0.0,6.268958075098394,0.7980699851016912,208.47804110088626
-0.06467414153445829,0.0,0.9832200192644133,0.0,1.1094235441327942,0.0,6.268996315064944,0.7967899851016915,208.25745680205785
-0.06529208877460395,0.0,0.9831876761800091,0.0,1.1100333901779869,0.0,6.269034505295941,0.7955099851016911,208.03697217357362
-0.06591004155215062,0.0,0.9831549422771977,0.0,1.110643248479596,0.0,6.269072645883933,0.794229985101691,207.81658727462113
-0.06652799986101009,0.0,0.9831218175078168,0.0,1.1112531190224602,0.0,6.269110736921244,0.7929499851016908,207.5963021642558
-0.06714596369510342,0.0,0.9830883018232465,0.0,1.111863001791445,0.0,6.269148778499988,0.79166998510169,207.37611690126164
-0.06776393304836216,0.0,0.9830543951744058,0.0,1.1124728967714428,0.0,6.269186770712036,0.7903899851016911,207.15603154430434
-0.06838190791472763,0.0,0.9830200975117556,0.0,1.1130828039473732,0.0,6.269224713649046,0.7891099851016918,206.9360461519264
-0.06899988828814774,0.0,0.9829854087852955,0.0,1.113692723304183,0.0,6.2692626074024576,0.787829985101691,206.7161607822894
-0.06961787416258235,0.0,0.9829503289445664,0.0,1.114302654826844,0.0,6.2693004520634865,0.7865499851016913,206.49637549356132
-0.0702358655319992,0.0,0.9829148579386474,0.0,1.1149125985003563,0.0,6.269338247723125,0.7852699851016913,206.27669034358894
-0.07085386239037536,0.0,0.9828789957161572,0.0,1.1155225543097462,0.0,6.26937599447215,0.7839899851016918,206.05710539007828
-0.07147186473169725,0.0,0.9828427422252537,0.0,1.1161325222400662,0.0,6.269413692401122,0.7827099851016917,205.83762069054876
-0.07208987254996076,0.0,0.9828060974136325,0.0,1.1167425022763962,0.0,6.2694513416003765,0.7814299851016921,205.61823630227357
-0.07270788583917105,0.0,0.9827690612285283,0.0,1.1173524944038413,0.0,6.2694889421600335,0.7801499851016913,205.39895228247167
-0.07332590459334141,0.0,0.9827316336167127,0.0,1.1179624986075336,0.0,6.26952649417,0.7788699851016911,205.1797686880647
-0.07394392880649565,0.0,0.9826938145244956,0.0,1.1185725148726318,0.0,6.269563997719963,0.777589985101691,204.96068557580244
-0.07456195847266461,0.0,0.9826556038977241,0.0,1.1191825431843192,0.0,6.269601452899399,0.7763099851016924,204.7417030022984
-0.07517999358589102,0.0,0.9826170016817817,0.0,1.1197925835278086,0.0,6.2696388597975545,0.7750299851016913,204.52282102386098
-0.07579803414022386,0.0,0.9825780078215886,0.0,1.1204026358883352,0.0,6.269676218503486,0.7737499851016922,204.3040396967971
-0.07641608012972442,0.0,0.9825386222616012,0.0,1.1210127002511632,0.0,6.26971352910601,0.7724699851016923,204.0853590770826
-0.07703413154845869,0.0,0.9824988449458126,0.0,1.1216227766015803,0.0,6.269750791693754,0.7711899851016919,203.86677922052166
-0.07765218839050639,0.0,0.9824586758177501,0.0,1.122232864924902,0.0,6.269788006355116,0.769909985101692,203.64830018286182
-0.07827025064995204,0.0,0.9824181148204771,0.0,1.1228429652064689,0.0,6.269825173178288,0.7686299851016924,203.42992201946444
-0.07888831832089205,0.0,0.9823771618965915,0.0,1.1234530774316474,0.0,6.269862292251255,0.7673499851016927,203.21164478570125
-0.07950639139743078,0.0,0.9823358169882253,0.0,1.1240632015858303,0.0,6.269899363661778,0.7660699851016923,202.99346853666435
-0.08012446987368083,0.0,0.9822940800370454,0.0,1.124673337654435,0.0,6.269936387497421,0.7647899851016919,202.7753933272448
-0.08074255374376528,0.0,0.9822519509842524,0.0,1.1252834856229048,0.0,6.269973363845541,0.763509985101692,202.5574192122681
-0.081360643001814,0.0,0.9822094297705799,0.0,1.1258936454767092,0.0,6.270010292793277,0.7622299851016929,202.3395462461722
-0.08197873764196953,0.0,0.9821665163362944,0.0,1.1265038172013435,0.0,6.2700471744275585,0.7609499851016923,202.1217744834915
-0.0825968376583765,0.0,0.9821232106211953,0.0,1.127114000782327,0.0,6.270084008835112,0.7596699851016924,201.90410397828762
-0.08321494304519571,0.0,0.982079512564615,0.0,1.127724196205205,0.0,6.270120796102463,0.7583899851016924,201.68653478467945
-0.08383305379659345,0.0,0.9820354221054167,0.0,1.1283344034555491,0.0,6.2701575363159225,0.757109985101692,201.46906695649335
-0.08445116990674355,0.0,0.9819909391819962,0.0,1.1289446225189543,0.0,6.270194229561594,0.7558299851016923,201.25170054739618
-0.08506929136983164,0.0,0.9819460637322793,0.0,1.1295548533810436,0.0,6.270230875925386,0.7545499851016921,201.0344356108619
-0.08568741818004906,0.0,0.9819007956937245,0.0,1.1301650960274612,0.0,6.27026747549299,0.7532699851016926,200.8172722002276
-0.08630555033159877,0.0,0.9818551350033183,0.0,1.1307753504438802,0.0,6.270304028349906,0.7519899851016929,200.60021036862707
-0.08692368781869006,0.0,0.9818090815975792,0.0,1.1313856166159968,0.0,6.270340534581418,0.7507099851016925,200.38325016902317
-0.0875418306355422,0.0,0.9817626354125546,0.0,1.1319958945295325,0.0,6.270376994272626,0.7494299851016921,200.1663916541685
-0.0881599787763835,0.0,0.9817157963838214,0.0,1.1326061841702333,0.0,6.270413407508401,0.7481499851016931,199.94963487672766
-0.08877813223545063,0.0,0.9816685644464851,0.0,1.133216485523871,0.0,6.270449774373439,0.7468699851016927,199.73297988910141
-0.08939629100698764,0.0,0.9816209395351797,0.0,1.1338267985762416,0.0,6.2704860949522185,0.7455899851016927,199.51642674358942
-0.09001445508524862,0.0,0.9815729215840674,0.0,1.134437123313166,0.0,6.270522369329023,0.7443099851016923,199.29997549223523
-0.09063262446449583,0.0,0.9815245105268381,0.0,1.1350474597204894,0.0,6.270558597587932,0.7430299851016926,199.0836261869611
-0.09125079913900082,0.0,0.981475706296709,0.0,1.1356578077840822,0.0,6.270594779812841,0.7417499851016931,198.8673788795331
-0.09186897910304156,0.0,0.9814265088264243,0.0,1.1362681674898387,0.0,6.270630916087426,0.7404699851016932,198.65123362147105
-0.09248716435090866,0.0,0.9813769180482539,0.0,1.1368785388236788,0.0,6.270667006495177,0.7391899851016934,198.43519046424197
-0.09310535487689665,0.0,0.9813269338939945,0.0,1.137488921771546,0.0,6.270703051119388,0.7379099851016935,198.21924945903302
-0.09372355067531221,0.0,0.9812765562949685,0.0,1.138099316319408,0.0,6.27073905004315,0.7366299851016933,198.00341065690878
-0.09434175174046706,0.0,0.981225785182023,0.0,1.1387097224532572,0.0,6.270775003349358,0.7353499851016936,197.78767410870415
-0.09495995806668564,0.0,0.9811746204855294,0.0,1.1393201401591109,0.0,6.270810911120713,0.7340699851016943,197.57203986519593
-0.09557816964829764,0.0,0.9811230621353851,0.0,1.13993056942301,0.0,6.270846773439726,0.732789985101693,197.35650797689848
-0.09619638647964206,0.0,0.9810711100610097,0.0,1.1405410102310187,0.0,6.270882590388705,0.7315099851016937,197.1410784942218
-0.09681460855506675,0.0,0.9810187641913477,0.0,1.1411514625692267,0.0,6.270918362049774,0.7302299851016938,196.9257514672972
-0.0974328358689283,0.0,0.9809660244548651,0.0,1.1417619264237477,0.0,6.270954088504847,0.7289499851016938,196.7105269462397
-0.09805106841559048,0.0,0.9809128907795523,0.0,1.1423724017807182,0.0,6.270989769835664,0.7276699851016935,196.49540498088442
-0.09866930618942636,0.0,0.9808593630929197,0.0,1.1429828886263005,0.0,6.27102540612376,0.726389985101694,196.28038562095625
-0.0992875491848165,0.0,0.9808054413220021,0.0,1.1435933869466783,0.0,6.271060997450484,0.7251099851016942,196.06546891591995
-0.09990579739615155,0.0,0.9807511253933529,0.0,1.1442038967280619,0.0,6.271096543896991,0.7238299851016943,195.85065491521607
-0.10052405081782984,0.0,0.980696415233048,0.0,1.1448144179566837,0.0,6.271132045544248,0.7225499851016939,195.635943668027
-0.10114230944425616,0.0,0.9806413107666833,0.0,1.1454249506187995,0.0,6.271167502473024,0.7212699851016939,195.4213352233774
-0.1017605732698463,0.0,0.9805858119193746,0.0,1.1460354947006899,0.0,6.271202914763919,0.719989985101694,195.20682963018172
-0.10237884228902275,0.0,0.9805299186157567,0.0,1.1466460501886588,0.0,6.271238282497315,0.718709985101694,194.99242693710144
-0.10299711649621639,0.0,0.980473630779984,0.0,1.1472566170690335,0.0,6.271273605753428,0.7174299851016939,194.77812719267388
-0.103615395885867,0.0,0.9804169483357291,0.0,1.1478671953281647,0.0,6.2713088846122735,0.7161499851016939,194.56393044531757
-0.10423368045242241,0.0,0.9803598712061834,0.0,1.1484777849524261,0.0,6.271344119153694,0.7148699851016946,194.3498367432631
-0.1048519701903378,0.0,0.9803023993140543,0.0,1.1490883859282166,0.0,6.271379309457327,0.7135899851016942,194.13584613443686
-0.10547026509407759,0.0,0.9802445325815673,0.0,1.1496989982419568,0.0,6.271414455602632,0.7123099851016952,193.92195866689156
-0.10608856515811463,0.0,0.9801862709304652,0.0,1.1503096218800908,0.0,6.271449557668885,0.711029985101695,193.70817438825327
-0.10670687037692812,0.0,0.9801276142820059,0.0,1.1509202568290862,0.0,6.27148461573518,0.7097499851016951,193.494493346082
-0.10732518074500874,0.0,0.9800685625569633,0.0,1.151530903075434,0.0,6.271519629880418,0.7084699851016949,193.28091558787096
-0.10794349625685211,0.0,0.9800091156756261,0.0,1.1521415606056482,0.0,6.271554600183315,0.7071899851016943,193.0674411608032
-0.1085618169069624,0.0,0.9799492735577988,0.0,1.152752229406265,0.0,6.271589526722417,0.7059099851016943,192.8540701119298
-0.10918014268985331,0.0,0.9798890361227985,0.0,1.1533629094638456,0.0,6.271624409576064,0.7046299851016946,192.64080248821674
-0.10979847360004608,0.0,0.9798284032894577,0.0,1.1539736007649717,0.0,6.271659248822435,0.7033499851016951,192.42763833644668
-0.1104168096320704,0.0,0.9797673749761211,0.0,1.1545843032962504,0.0,6.27169404453952,0.702069985101694,192.21457770316982
-0.11103515078046251,0.0,0.9797059511006457,0.0,1.1551950170443097,0.0,6.2717287968051245,0.7007899851016948,192.00162063487875
-0.11165349703976787,0.0,0.9796441315804015,0.0,1.1558057419958017,0.0,6.271763505696871,0.699509985101695,191.78876717784038
-0.1122718484045401,0.0,0.97958191633227,0.0,1.1564164781374004,0.0,6.271798171292212,0.6982299851016953,191.57601737818354
-0.11289020486934101,0.0,0.979519305272644,0.0,1.1570272254558036,0.0,6.271832793668406,0.6969499851016945,191.3633712818626
-0.11350856642873906,0.0,0.9794562983174265,0.0,1.1576379839377298,0.0,6.271867372902545,0.6956699851016945,191.1508289347257
-0.11412693307731196,0.0,0.9793928953820304,0.0,1.1582487535699226,0.0,6.271901909071527,0.694389985101695,190.938390382417
-0.11474530480964401,0.0,0.97932909638138,0.0,1.1588595343391457,0.0,6.271936402252094,0.6931099851016955,190.72605567043823
-0.11536368162033037,0.0,0.9792649012299058,0.0,1.159470326232188,0.0,6.271970852520793,0.6918299851016956,190.51382484413514
-0.1159820635039714,0.0,0.9792003098415496,0.0,1.1600811292358582,0.0,6.272005259953991,0.6905499851016954,190.30169794869275
-0.11660045045517568,0.0,0.9791353221297592,0.0,1.1606919433369896,0.0,6.272039624627887,0.6892699851016948,190.08967502918358
-0.11721884246855993,0.0,0.9790699380074914,0.0,1.1613027685224355,0.0,6.272073946618503,0.6879899851016953,189.87775613041802
-0.11783723953874939,0.0,0.979004157387209,0.0,1.1619136047790737,0.0,6.272108226001686,0.6867099851016962,189.66594129716708
-0.1184556416603778,0.0,0.9789379801808814,0.0,1.162524452093804,0.0,6.272142462853101,0.6854299851016952,189.45423057402127
-0.11907404882808367,0.0,0.9788714062999843,0.0,1.1631353104535467,0.0,6.272176657248242,0.6841499851016952,189.24262400535076
-0.11969246103651658,0.0,0.978804435655498,0.0,1.1637461798452458,0.0,6.272210809262427,0.682869985101695,189.0311216354417
-0.12031087828033374,0.0,0.978737068157908,0.0,1.1643570602558673,0.0,6.272244918970807,0.6815899851016953,188.81972350845683
-0.1209293005541967,0.0,0.9786693037172045,0.0,1.164967951672398,0.0,6.27227898644835,0.6803099851016954,188.60842966826155
-0.12154772785277994,0.0,0.9786011422428802,0.0,1.1655788540818486,0.0,6.272313011769858,0.6790299851016954,188.39724015877772
-0.122166160170761,0.0,0.9785325836439319,0.0,1.16618976747125,0.0,6.272346995009954,0.6777499851016957,188.18615502356846
-0.12278459750282822,0.0,0.9784636278288583,0.0,1.1668006918276566,0.0,6.272380936243097,0.6764699851016955,187.9751743062003
-0.12340303984367626,0.0,0.9783942747056602,0.0,1.1674116271381432,0.0,6.272414835543569,0.675189985101696,187.7642980500003
-0.12402148718800861,0.0,0.9783245241818405,0.0,1.1680225733898073,0.0,6.27244869298548,0.6739099851016954,187.55352629819765
-0.12463993953053497,0.0,0.9782543761644014,0.0,1.168633530569768,0.0,6.272482508642775,0.6726299851016959,187.3428590938339
-0.1252583968659734,0.0,0.978183830559847,0.0,1.1692444986651653,0.0,6.272516282589225,0.6713499851016957,187.13229647982484
-0.12587685918905067,0.0,0.9781128872741802,0.0,1.1698554776631622,0.0,6.2725500148984334,0.6700699851016965,186.92183849892757
-0.12649532649449982,0.0,0.9780415462129034,0.0,1.1704664675509422,0.0,6.272583705643834,0.6687899851016967,186.71148519376334
-0.12711379877706222,0.0,0.9779698072810161,0.0,1.1710774683157117,0.0,6.2726173548986885,0.6675099851016968,186.50123660676198
-0.1277322760314874,0.0,0.9778976703830179,0.0,1.1716884799446972,0.0,6.2726509627360985,0.6662299851016957,186.29109278029617
-0.1283507582525294,0.0,0.9778251354229038,0.0,1.1722995024251468,0.0,6.272684529228984,0.6649499851016967,186.08105375647517
-0.1289692454349554,0.0,0.9777522023041668,0.0,1.172910535744331,0.0,6.272718054450119,0.6636699851016958,185.87111957732932
-0.12958773757353512,0.0,0.9776788709297959,0.0,1.17352157988954,0.0,6.272751538472089,0.6623899851016961,185.66129028479273
-0.13020623466304818,0.0,0.977605141202274,0.0,1.174132634848088,0.0,6.272784981367331,0.6611099851016962,185.4515659204988
-0.1308247366982811,0.0,0.977531013023581,0.0,1.1747437006073076,0.0,6.272818383208103,0.6598299851016964,185.2419465261075
-0.13144324367402888,0.0,0.9774564862951901,0.0,1.1753547771545543,0.0,6.272851744066507,0.6585499851016972,185.03243214302265
-0.13206175558509267,0.0,0.977381560918068,0.0,1.1759658644772044,0.0,6.272885064014471,0.6572699851016965,184.82302281251248
-0.13268027242628172,0.0,0.9773062367926751,0.0,1.1765769625626554,0.0,6.272918343123773,0.6559899851016964,184.61371857572334
-0.13329879419241425,0.0,0.9772305138189632,0.0,1.1771880713983254,0.0,6.272951581466009,0.6547099851016964,184.40451947375706
-0.1339173208783131,0.0,0.9771543918963772,0.0,1.1777991909716539,0.0,6.272984779112626,0.6534299851016969,184.19542554735736
-0.13453585247881017,0.0,0.9770778709238521,0.0,1.1784103212701016,0.0,6.273017936134898,0.6521499851016965,183.98643683727013
-0.13515438898874516,0.0,0.9770009507998139,0.0,1.17902146228115,0.0,6.2730510526039485,0.6508699851016968,183.77755338408397
-0.13577293040296526,0.0,0.9769236314221786,0.0,1.1796326139923008,0.0,6.273084128590725,0.6495899851016964,183.5687752282219
-0.13639147671632365,0.0,0.9768459126883517,0.0,1.1802437763910776,0.0,6.273117164166027,0.6483099851016967,183.36010240996876
-0.137010027923682,0.0,0.9767677944952261,0.0,1.1808549494650242,0.0,6.273150159400473,0.6470299851016972,183.1515349694683
-0.13762858401990927,0.0,0.9766892767391844,0.0,1.1814661332017053,0.0,6.273183114364551,0.6457499851016972,182.9430729466872
-0.13824714499988236,0.0,0.9766103593160949,0.0,1.1820773275887069,0.0,6.273216029128562,0.6444699851016971,182.73471638157247
-0.13886571085848448,0.0,0.9765310421213139,0.0,1.1826885326136343,0.0,6.273248903762661,0.6431899851016969,182.52646531377655
-0.1394842815906057,0.0,0.9764513250496832,0.0,1.183299748264114,0.0,6.273281738336835,0.6419099851016972,182.31831978289543
-0.14010285719114599,0.0,0.97637120799553,0.0,1.1839109745277938,0.0,6.273314532920917,0.6406299851016974,182.11027982836924
-0.14072143765501008,0.0,0.9762906908526661,0.0,1.184522211392341,0.0,6.273347287584586,0.639349985101697,181.90234548949132
-0.14134002297711123,0.0,0.9762097735143869,0.0,1.1851334588454445,0.0,6.273380002397356,0.6380699851016967,181.69451680545254
-0.14195861315236935,0.0,0.9761284558734724,0.0,1.1857447168748119,0.0,6.273412677428585,0.6367899851016976,181.48679381523078
-0.14257720817571204,0.0,0.9760467378221843,0.0,1.1863559854681731,0.0,6.273445312747469,0.6355099851016972,181.27917655776733
-0.14319580804207424,0.0,0.9759646192522666,0.0,1.186967264613277,0.0,6.273477908423065,0.6342299851016979,181.07166507172488
-0.14381441274639747,0.0,0.9758821000549445,0.0,1.1875785542978938,0.0,6.273510464524255,0.6329499851016973,180.86425939576236
-0.14443302228363222,0.0,0.9757991801209243,0.0,1.1881898545098126,0.0,6.273542981119772,0.6316699851016978,180.65695956835708
-0.14505163664873355,0.0,0.9757158593403914,0.0,1.1888011652368442,0.0,6.273575458278191,0.6303899851016976,180.44976562779345
-0.14567025583666626,0.0,0.9756321376030109,0.0,1.1894124864668192,0.0,6.2736078960679365,0.6291099851016975,180.24267761232275
-0.14628887984240008,0.0,0.9755480147979276,0.0,1.1900238181875866,0.0,6.273640294557282,0.6278299851016975,180.03569555995213
-0.14690750866091393,0.0,0.9754634908137622,0.0,1.190635160387018,0.0,6.273672653814333,0.6265499851016978,179.8288195086388
-0.14752614228719307,0.0,0.9753785655386136,0.0,1.1912465130530037,0.0,6.273704973907053,0.6252699851016978,179.6220494961602
-0.148144780716229,0.0,0.9752932388600577,0.0,1.1918578761734535,0.0,6.273737254903249,0.6239899851016986,179.41538556014808
-0.14876342394302255,0.0,0.9752075106651448,0.0,1.192469249736299,0.0,6.273769496870582,0.622709985101698,179.20882773815472
-0.1493820719625796,0.0,0.9751213808404012,0.0,1.1930806337294897,0.0,6.273801699876541,0.621429985101698,179.002376067533
-0.15000072476991377,0.0,0.9750348492718274,0.0,1.1936920281409957,0.0,6.273833863988484,0.6201499851016976,178.7960305855378
-0.15061938236004485,0.0,0.9749479158448972,0.0,1.194303432958807,0.0,6.273865989273606,0.6188699851016988,178.58979132927533
-0.1512380447280023,0.0,0.9748605804445579,0.0,1.1949148481709333,0.0,6.273898075798962,0.6175899851016984,178.38365833570288
-0.1518567118688209,0.0,0.9747728429552281,0.0,1.1955262737654042,0.0,6.273930123631441,0.6163099851016989,178.17763164169912
-0.15247538377754247,0.0,0.9746847032607983,0.0,1.196137709730269,0.0,6.273962132837786,0.6150299851016985,177.97171128400134
-0.1530940604492155,0.0,0.9745961612446299,0.0,1.1967491560535957,0.0,6.273994103484603,0.6137499851016983,177.76589729913303
-0.1537127418788969,0.0,0.9745072167895537,0.0,1.1973606127234733,0.0,6.274026035638339,0.6124699851016979,177.56018972356236
-0.15433142806164885,0.0,0.9744178697778698,0.0,1.1979720797280091,0.0,6.27405792936528,0.6111899851016982,177.35458859360466
-0.1549501189925425,0.0,0.9743281200913471,0.0,1.198583557055331,0.0,6.274089784731586,0.6099099851016982,177.1490939454713
-0.15556881466665334,0.0,0.9742379676112223,0.0,1.1991950446935848,0.0,6.274121601803255,0.6086299851016987,176.943705815139
-0.15618751507906675,0.0,0.9741474122181978,0.0,1.1998065426309383,0.0,6.2741533806461405,0.6073499851016984,176.73842423860546
-0.15680622022487256,0.0,0.9740564537924445,0.0,1.2004180508555753,0.0,6.274185121325951,0.6060699851016993,176.53324925160865
-0.15742493009916975,0.0,0.973965092213596,0.0,1.2010295693557025,0.0,6.274216823908243,0.6047899851016985,176.32818088984553
-0.1580436446970628,0.0,0.9738733273607527,0.0,1.2016410981195425,0.0,6.274248488458424,0.6035099851016992,176.12321918884643
-0.15866236401366313,0.0,0.9737811591124776,0.0,1.20225263713534,0.0,6.274280115041765,0.602229985101699,175.91836418399103
-0.15928108804408986,0.0,0.9736885873467979,0.0,1.2028641863913567,0.0,6.274311703723392,0.6009499851016988,175.71361591056083
-0.15989981678346757,0.0,0.9735956119412018,0.0,1.2034757458758754,0.0,6.274343254568271,0.599669985101698,175.50897440368445
-0.1605185502269297,0.0,0.97350223277264,0.0,1.204087315577196,0.0,6.274374767641237,0.5983899851016985,175.30443969840707
-0.1611372883696147,0.0,0.9734084497175242,0.0,1.2046988954836386,0.0,6.274406243006975,0.5971099851016997,175.10001182958064
-0.16175603120666968,0.0,0.9733142626517244,0.0,1.2053104855835437,0.0,6.274437680730027,0.5958299851016993,174.89569083199916
-0.1623747787332466,0.0,0.9732196714505721,0.0,1.2059220858652675,0.0,6.274469080874783,0.5945499851016993,174.69147674026743
-0.16299353094450564,0.0,0.9731246759888558,0.0,1.206533696317188,0.0,6.27450044350551,0.5932699851016994,174.48736958889046
-0.16361228783561352,0.0,0.9730292761408214,0.0,1.2071453169277009,0.0,6.274531768686308,0.5919899851016996,174.2833694122475
-0.1642310494017427,0.0,0.9729334717801723,0.0,1.2077569476852208,0.0,6.274563056481152,0.590709985101699,174.07947624458927
-0.16484981563807438,0.0,0.9728372627800675,0.0,1.2083685885781814,0.0,6.2745943069538646,0.5894299851016991,173.87569012007333
-0.1654685865397948,0.0,0.9727406490131212,0.0,1.208980239595035,0.0,6.274625520168133,0.5881499851016996,173.6720110726277
-0.16608736210209757,0.0,0.972643630351402,0.0,1.2095919007242526,0.0,6.2746566961875,0.5868699851016994,173.46843913618378
-0.1667061423201838,0.0,0.9725462066664314,0.0,1.2102035719543247,0.0,6.274687835075366,0.5855899851016995,173.26497434447413
-0.16732492718926031,0.0,0.972448377829185,0.0,1.210815253273759,0.0,6.274718936894993,0.5843099851016997,173.0616167311172
-0.1679437167045398,0.0,0.972350143710089,0.0,1.211426944671083,0.0,6.274750001709501,0.5830299851016989,172.8583663295555
-0.16856251086124396,0.0,0.9722515041790205,0.0,1.2120386461348422,0.0,6.274781029581871,0.5817499851017001,172.65522317326125
-0.1691813096545993,0.0,0.9721524591053081,0.0,1.212650357653601,0.0,6.274812020574949,0.5804699851016999,172.45218729542677
-0.16980011307984047,0.0,0.9720530083577281,0.0,1.213262079215942,0.0,6.274842974751434,0.5791899851017002,172.2492587291768
-0.17041892113220816,0.0,0.9719531518045067,0.0,1.2138738108104667,0.0,6.27487389217389,0.5779099851016998,172.0464375075588
-0.17103773380694898,0.0,0.9718528893133167,0.0,1.2144855524257947,0.0,6.274904772904745,0.5766299851017,171.84372366339923
-0.17165655109931613,0.0,0.9717522207512787,0.0,1.2150973040505635,0.0,6.274935617006282,0.5753499851016999,171.64111722946998
-0.17227537300457105,0.0,0.9716511459849577,0.0,1.21570906567343,0.0,6.274966424540646,0.5740699851016999,171.43861823842826
-0.1728941995179801,0.0,0.9715496648803655,0.0,1.2163208372830687,0.0,6.274997195569865,0.5727899851017,171.23622672272836
-0.1735130306348175,0.0,0.9714477773029572,0.0,1.2169326188681724,0.0,6.2750279301558045,0.5715099851016996,171.03394271484754
-0.17413186635036337,0.0,0.9713454831176314,0.0,1.2175444104174518,0.0,6.2750586283602034,0.5702299851017008,170.83176624700607
-0.17475070665990408,0.0,0.9712427821887286,0.0,1.2181562119196372,0.0,6.275089290244664,0.5689499851017004,170.62969735133683
-0.1753695515587339,0.0,0.9711396743800319,0.0,1.2187680233634755,0.0,6.275119915870659,0.5676699851017006,170.4277360599061
-0.17598840104215158,0.0,0.9710361595547644,0.0,1.2193798447377322,0.0,6.275150505299515,0.5663899851017,170.22588240458654
-0.17660725510546438,0.0,0.970932237575589,0.0,1.219991676031191,0.0,6.275181058592428,0.5651099851017003,170.02413641718738
-0.17722611374398503,0.0,0.9708279083046081,0.0,1.2206035172326537,0.0,6.275211575810468,0.5638299851017001,169.82249812939267
-0.17784497695303264,0.0,0.9707231716033615,0.0,1.2212153683309395,0.0,6.27524205701456,0.5625499851017004,169.6209675726823
-0.1784638447279342,0.0,0.9706180273328258,0.0,1.2218272293148869,0.0,6.27527250226549,0.5612699851017009,169.41954477856018
-0.17908271706402126,0.0,0.9705124753534149,0.0,1.2224391001733508,0.0,6.275302911623924,0.5599899851017005,169.21822977831337
-0.17970159395663232,0.0,0.9704065155249773,0.0,1.2230509808952046,0.0,6.275333285150392,0.5587099851017001,169.01702260310944
-0.18032047540111396,0.0,0.9703001477067956,0.0,1.2236628714693394,0.0,6.275363622905282,0.5574299851017008,168.81592328406975
-0.18093936139281772,0.0,0.9701933717575868,0.0,1.2242747718846645,0.0,6.275393924948861,0.5561499851017007,168.61493185210085
-0.18155825192710073,0.0,0.9700861875355,0.0,1.2248866821301063,0.0,6.275424191341252,0.5548699851017003,168.41404833804117
-0.1821771469993289,0.0,0.9699785948981154,0.0,1.2254986021946093,0.0,6.275454422142464,0.5535899851017008,168.21327277265533
-0.18279604660487267,0.0,0.9698705937024442,0.0,1.2261105320671362,0.0,6.275484617412352,0.5523099851017004,168.01260518649727
-0.18341495073911004,0.0,0.969762183804928,0.0,1.2267224717366663,0.0,6.275514777210658,0.5510299851017006,167.81204561009375
-0.18403385939742445,0.0,0.9696533650614363,0.0,1.227334421192197,0.0,6.2755449015969855,0.5497499851017005,167.6115940738042
-0.18465277257520654,0.0,0.969544137327267,0.0,1.2279463804227435,0.0,6.275574990630805,0.5484699851017016,167.41125060787084
-0.18527169026785245,0.0,0.9694345004571445,0.0,1.2285583494173387,0.0,6.275605044371467,0.5471899851017006,167.21101524244528
-0.18589061247076516,0.0,0.96932445430522,0.0,1.2291703281650315,0.0,6.275635062878184,0.5459099851017011,167.01088800752763
-0.18650953917935478,0.0,0.9692139987250683,0.0,1.2297823166548905,0.0,6.275665046210034,0.5446299851017011,166.81086893308597
-0.18712847038903568,0.0,0.9691031335696902,0.0,1.2303943148759993,0.0,6.275694994425985,0.5433499851017014,166.61095804881384
-0.1877474060952294,0.0,0.9689918586915082,0.0,1.2310063228174608,0.0,6.275724907584859,0.542069985101701,166.41115538446533
-0.18836634629336627,0.0,0.9688801739423661,0.0,1.2316183404683954,0.0,6.275754785745356,0.5407899851017013,166.21146096958773
-0.18898529097887942,0.0,0.968768079173531,0.0,1.2322303678179387,0.0,6.275784628966043,0.5395099851017013,166.0118748336317
-0.18960424014720942,0.0,0.9686555742356893,0.0,1.2328424048552453,0.0,6.275814437305371,0.5382299851017018,165.81239700592582
-0.19022319379380387,0.0,0.9685426589789453,0.0,1.233454451569487,0.0,6.275844210821653,0.5369499851017012,165.61302751569036
-0.1908421519141158,0.0,0.9684293332528237,0.0,1.2340665079498516,0.0,6.275873949573082,0.5356699851017017,165.41376639205927
-0.191461114503604,0.0,0.9683155969062645,0.0,1.234678573985545,0.0,6.275903653617719,0.5343899851017027,165.21461366398046
-0.1920800815577361,0.0,0.9682014497876247,0.0,1.235290649665791,0.0,6.275933323013496,0.533109985101702,165.0155693603846
-0.1926990530719827,0.0,0.9680868917446765,0.0,1.2359027349798286,0.0,6.275962957818233,0.531829985101701,164.81663351004565
-0.19331802904182135,0.0,0.9679719226246065,0.0,1.2365148299169146,0.0,6.275992558089613,0.5305499851017017,164.61780614158712
-0.19393700946273776,0.0,0.9678565422740136,0.0,1.2371269344663238,0.0,6.27602212388519,0.5292699851017022,164.41908728357694
-0.1945559943302224,0.0,0.96774075053891,0.0,1.237739048617347,0.0,6.276051655262407,0.5279899851017016,164.22047696446978
-0.19517498363977176,0.0,0.9676245472647179,0.0,1.2383511723592915,0.0,6.276081152278571,0.5267099851017019,164.02197521256923
-0.19579397738688747,0.0,0.9675079322962706,0.0,1.2389633056814824,0.0,6.276110614990876,0.5254299851017026,163.82358205609972
-0.19641297556708023,0.0,0.9673909054778098,0.0,1.2395754485732617,0.0,6.276140043456373,0.524149985101702,163.62529752318864
-0.19703197817586435,0.0,0.9672734666529854,0.0,1.2401876010239878,0.0,6.276169437732007,0.5228699851017016,163.4271216417852
-0.19765098520876132,0.0,0.9671556156648548,0.0,1.2407997630230356,0.0,6.276198797874597,0.5215899851017023,163.22905443978243
-0.1982699966612971,0.0,0.9670373523558804,0.0,1.2414119345597976,0.0,6.276228123940832,0.5203099851017021,163.03109594496757
-0.19888901252900815,0.0,0.9669186765679296,0.0,1.2420241156236829,0.0,6.276257415987286,0.5190299851017024,162.8332461850407
-0.19950803280743165,0.0,0.9667995881422755,0.0,1.242636306204116,0.0,6.276286674070401,0.5177499851017027,162.635505187505
-0.2001270574921139,0.0,0.9666800869195917,0.0,1.2432485062905394,0.0,6.276315898246514,0.5164699851017023,162.43787297982237
-0.20074608657860663,0.0,0.9665601727399544,0.0,1.2438607158724122,0.0,6.276345088571825,0.5151899851017026,162.24034958936548
-0.20136512006246685,0.0,0.9664398454428405,0.0,1.2444729349392092,0.0,6.2763742451024145,0.513909985101703,162.0429350433326
-0.20198415793926,0.0,0.9663191048671264,0.0,1.245085163480423,0.0,6.276403367894244,0.5126299851017022,161.84562936886374
-0.20260320020455497,0.0,0.9661979508510865,0.0,1.245697401485562,0.0,6.276432457003159,0.5113499851017025,161.64843259296475
-0.2032222468539275,0.0,0.9660763832323938,0.0,1.2463096489441503,0.0,6.276461512484883,0.510069985101703,161.45134474258035
-0.203841297882958,0.0,0.9659544018481173,0.0,1.2469219058457293,0.0,6.276490534395019,0.5087899851017026,161.25436584441667
-0.20446035328723694,0.0,0.9658320065347207,0.0,1.2475341721798567,0.0,6.2765195227890445,0.5075099851017031,161.0574959252555
-0.2050794130623575,0.0,0.9657091971280608,0.0,1.248146447936108,0.0,6.276548477722319,0.5062299851017027,160.86073501167596
-0.20569847720391815,0.0,0.9655859734633903,0.0,1.248758733104072,0.0,6.2765773992500975,0.504949985101703,160.66408313015728
-0.20631754570752514,0.0,0.9654623353753516,0.0,1.2493710276733558,0.0,6.276606287427494,0.5036699851017026,160.46754030703673
-0.2069366185687899,0.0,0.9653382826979785,0.0,1.2499833316335827,0.0,6.276635142309525,0.5023899851017033,160.2711065686113
-0.20755569578333172,0.0,0.9652138152646944,0.0,1.2505956449743918,0.0,6.276663963951068,0.5011099851017033,160.0747819410864
-0.2081747773467727,0.0,0.9650889329083115,0.0,1.2512079676854388,0.0,6.276692752406903,0.49982998510170273,159.87856645044505
-0.2087938632547426,0.0,0.9649636354610297,0.0,1.2518202997563947,0.0,6.276721507731679,0.4985499851017028,159.6824601227158
-0.20941295350287653,0.0,0.9648379227544341,0.0,1.2524326411769477,0.0,6.276750229979934,0.4972699851017033,159.48646298369025
-0.2100320480868156,0.0,0.9647117946194963,0.0,1.2530449919368019,0.0,6.276778919206087,0.4959899851017031,159.29057505913335
-0.2106511470022081,0.0,0.9645852508865712,0.0,1.2536573520256766,0.0,6.27680757546444,0.49470998510170316,159.09479637470628
-0.21127025024470555,0.0,0.9644582913853965,0.0,1.2542697214333083,0.0,6.276836198809181,0.4934299851017028,158.89912695593821
-0.21188935780996868,0.0,0.964330915945092,0.0,1.2548821001494486,0.0,6.2768647892943745,0.4921499851017028,158.70356682827162
-0.21250846969366022,0.0,0.9642031243941581,0.0,1.2554944881638652,0.0,6.276893346973984,0.4908699851017029,158.5081160169996
-0.21312758589145187,0.0,0.9640749165604741,0.0,1.2561068854663424,0.0,6.276921871901844,0.48958998510170293,158.31277454739387
-0.21374670639901974,0.0,0.9639462922712979,0.0,1.2567192920466796,0.0,6.276950364131682,0.48830998510170276,158.11754244458228
-0.21436583121204672,0.0,0.9638172513532643,0.0,1.2573317078946928,0.0,6.276978823717111,0.4870299851017028,157.92241973357272
-0.21498496032621917,0.0,0.9636877936323841,0.0,1.2579441330002132,0.0,6.277007250711616,0.4857499851017031,157.72740643926625
-0.2156040937372326,0.0,0.9635579189340429,0.0,1.258556567353088,0.0,6.277035645168587,0.4844699851017027,157.53250258652773
-0.21622323144078556,0.0,0.9634276270829996,0.0,1.2591690109431801,0.0,6.2770640071412895,0.48318998510170275,157.33770820001982
-0.21684237343258414,0.0,0.963296917903385,0.0,1.2597814637603686,0.0,6.277092336682874,0.48190998510170235,157.14302330440688
-0.21746151970833957,0.0,0.963165791218702,0.0,1.2603939257945473,0.0,6.277120633846389,0.48062998510170263,156.94844792419443
-0.21808067026376762,0.0,0.9630342468518226,0.0,1.261006397035627,0.0,6.277148898684757,0.4793499851017031,156.75398208380508
-0.21869982509459185,0.0,0.9629022846249877,0.0,1.2616188774735329,0.0,6.277177131250795,0.4780699851017034,156.55962580752515
-0.21931898419654058,0.0,0.9627699043598055,0.0,1.262231367098207,0.0,6.27720533159721,0.47678998510170234,156.36537911959715
-0.21993814756534646,0.0,0.9626371058772509,0.0,1.2628438658996053,0.0,6.277233499776586,0.4755099851017024,156.17124204410672
-0.22055731519675228,0.0,0.9625038889976633,0.0,1.263456373867701,0.0,6.277261635841405,0.47422998510170244,155.97721460510286
-0.22117648708650064,0.0,0.9623702535407462,0.0,1.2640688909924815,0.0,6.2772897398440355,0.4729499851017027,155.78329682646276
-0.22179566323034333,0.0,0.9622361993255656,0.0,1.2646814172639507,0.0,6.277317811836737,0.4716699851017023,155.5894887320092
-0.2224148436240384,0.0,0.9621017261705486,0.0,1.265293952672127,0.0,6.277345851871648,0.47038998510170194,155.39579034547825
-0.2230340282633474,0.0,0.9619668338934828,0.0,1.2659064972070442,0.0,6.2773738600008135,0.46910998510170354,155.20220169052567
-0.22365321714403863,0.0,0.9618315223115135,0.0,1.2665190508587536,0.0,6.277401836276153,0.4678299851017029,155.00872279059578
-0.22427241026188607,0.0,0.9616957912411446,0.0,1.267131613617319,0.0,6.2774297807494746,0.46654998510170254,154.8153536691317
-0.22489160761266888,0.0,0.9615596404982367,0.0,1.2677441854728204,0.0,6.277457693472499,0.46526998510170214,154.6220943494637
-0.22551080919217287,0.0,0.9614230698980036,0.0,1.268356766415354,0.0,6.27748557449681,0.46398998510170264,154.4289448548355
-0.22613001499618687,0.0,0.9612860792550145,0.0,1.2689693564350304,0.0,6.277513423873902,0.4627099851017027,154.23590520833966
-0.22674922502050968,0.0,0.9611486683831894,0.0,1.2695819555219763,0.0,6.277541241655148,0.46142998510170297,154.04297543305609
-0.22736843926094077,0.0,0.9610108370958016,0.0,1.2701945636663317,0.0,6.277569027891822,0.46014998510170346,153.85015555183918
-0.2279876577132899,0.0,0.9608725852054724,0.0,1.2708071808582535,0.0,6.277596782635078,0.45886998510170285,153.65744558766582
-0.22860688037336863,0.0,0.9607339125241721,0.0,1.271419807087914,0.0,6.2776245059359725,0.4575899851017027,153.46484556311256
-0.22922610723699585,0.0,0.960594818863219,0.0,1.272032442345498,0.0,6.2776521978454545,0.45630998510170295,153.27235550094252
-0.22984533829999482,0.0,0.9604553040332758,0.0,1.272645086621209,0.0,6.277679858414352,0.455029985101703,153.0799754236183
-0.23046457355819705,0.0,0.9603153678443517,0.0,1.2732577399052625,0.0,6.2777074876934105,0.45374998510170306,152.88770535368465
-0.23108381300743683,0.0,0.9601750101057972,0.0,1.273870402187891,0.0,6.277735085733244,0.45246998510170244,152.6955453134315
-0.23170305664355428,0.0,0.9600342306263066,0.0,1.2744830734593402,0.0,6.277762652584373,0.4511899851017027,152.50349532515452
-0.23232230446239718,0.0,0.959893029213913,0.0,1.2750957537098728,0.0,6.277790188297206,0.449909985101703,152.31155541101023
-0.23294155645981507,0.0,0.9597514056759907,0.0,1.275708442929764,0.0,6.277817692922047,0.4486299851017026,152.1197255930285
-0.23356081263166797,0.0,0.9596093598192502,0.0,1.2763211411093063,0.0,6.277845166509098,0.447349985101702,151.92800589328502
-0.23418007297381616,0.0,0.9594668914497397,0.0,1.276933848238805,0.0,6.277872609108454,0.4460699851017027,151.73639633358638
-0.23479933748212836,0.0,0.9593240003728418,0.0,1.2775465643085817,0.0,6.277900020770101,0.444789985101703,151.54489693576912
-0.2354186061524787,0.0,0.9591806863932739,0.0,1.278159289308972,0.0,6.277927401543924,0.4435099851017026,151.35350772147743
-0.23603787898074624,0.0,0.9590369493150845,0.0,1.2787720232303266,0.0,6.277954751479695,0.44222998510170286,151.16222871237966
-0.2366571559628158,0.0,0.9588927889416552,0.0,1.27938476606301,0.0,6.2779820706270995,0.4409499851017036,150.9710599299387
-0.2372764370945771,0.0,0.9587482050756945,0.0,1.2799975177974037,0.0,6.278009359035694,0.43966998510170274,150.78000139558227
-0.2378957223719239,0.0,0.9586031975192425,0.0,1.2806102784239004,0.0,6.27803661675496,0.438389985101703,150.58905313063653
-0.23851501179076007,0.0,0.9584577660736632,0.0,1.2812230479329112,0.0,6.278063843834254,0.4371099851017024,150.3982151563501
-0.23913430534698926,0.0,0.9583119105396481,0.0,1.2818358263148588,0.0,6.27809104032283,0.435829985101702,150.20748749386624
-0.23975360303652413,0.0,0.9581656307172122,0.0,1.2824486135601818,0.0,6.27811820626985,0.43454998510170295,150.0168701641731
-0.24037290485528132,0.0,0.9580189264056932,0.0,1.283061409659333,0.0,6.278145341724365,0.433269985101703,149.82636318831294
-0.24099221079918315,0.0,0.9578717974037498,0.0,1.2836742146027806,0.0,6.278172446735323,0.4319899851017024,149.63596658707473
-0.24161152086415857,0.0,0.957724243509361,0.0,1.2842870283810062,0.0,6.2781995213515795,0.43070998510170266,149.44568038129762
-0.2422308350461384,0.0,0.9575762645198244,0.0,1.2848998509845055,0.0,6.278226565621878,0.4294299851017027,149.25550459160996
-0.24285015334106264,0.0,0.9574278602317535,0.0,1.2855126824037904,0.0,6.278253579594865,0.4281499851017032,149.06543923867565
-0.24346947574487313,0.0,0.9572790304410793,0.0,1.2861255226293848,0.0,6.278280563319081,0.42686998510170326,148.87548434288988
-0.24408880225352167,0.0,0.9571297749430441,0.0,1.2867383716518304,0.0,6.278307516842963,0.42558998510170243,148.68563992474822
-0.24470813286296128,0.0,0.956980093532205,0.0,1.2873512294616791,0.0,6.278334440214864,0.4243099851017036,148.49590600457873
-0.24532746756915033,0.0,0.9568299860024303,0.0,1.2879640960495,0.0,6.278361333483016,0.42302998510170275,148.30628260251365
-0.2459468063680553,0.0,0.9566794521468966,0.0,1.288576971405876,0.0,6.278388196695563,0.4217499851017026,148.1167697388154
-0.2465661492556463,0.0,0.95652849175809,0.0,1.2891898555214025,0.0,6.278415029900541,0.4204699851017022,147.92736743349
-0.2471854962278976,0.0,0.9563771046278025,0.0,1.2898027483866914,0.0,6.278441833145892,0.41918998510170313,147.73807570646483
-0.24780484728079089,0.0,0.9562252905471319,0.0,1.2904156499923676,0.0,6.278468606479458,0.4179099851017032,147.54889457764943
-0.24842420241031232,0.0,0.956073049306479,0.0,1.291028560329071,0.0,6.278495349948976,0.41662998510170257,147.35982406685832
-0.2490435616124526,0.0,0.9559203806955476,0.0,1.2916414793874542,0.0,6.2785220636020895,0.41534998510170285,147.17086419369897
-0.24966292488320943,0.0,0.9557672845033419,0.0,1.2922544071581856,0.0,6.278548747486339,0.4140699851017029,146.98201497789697
-0.25028229221858256,0.0,0.9556137605181662,0.0,1.2928673436319458,0.0,6.27857540164917,0.4127899851017023,146.7932764388832
-0.2509016636145798,0.0,0.9554598085276206,0.0,1.2934802887994312,0.0,6.278602026137929,0.41150998510170256,146.6046485961353
-0.2515210390672142,0.0,0.9553054283186029,0.0,1.2940932426513514,0.0,6.278628620999864,0.41022998510170217,146.41613146898732
-0.2521404185725006,0.0,0.9551506196773056,0.0,1.2947062051784293,0.0,6.278655186282123,0.40894998510170266,146.22772507667963
-0.2527598021264649,0.0,0.9549953823892128,0.0,1.2953191763714038,0.0,6.2786817220317515,0.40766998510170294,146.03942943844334
-0.2533791897251314,0.0,0.9548397162391021,0.0,1.2959321562210255,0.0,6.278708228295713,0.40638998510170254,145.8512445732835
-0.25399858136453496,0.0,0.9546836210110397,0.0,1.2965451447180603,0.0,6.27873470512086,0.4051099851017026,145.66317050028806
-0.2546179770407129,0.0,0.9545270964883809,0.0,1.2971581418532871,0.0,6.278761152553956,0.40382998510170176,145.4752072382669
-0.25523737674970903,0.0,0.9543701424537673,0.0,1.2977711476174993,0.0,6.278787570641665,0.40254998510170226,145.28735480614782
-0.2558567804875715,0.0,0.954212758689126,0.0,1.2983841620015042,0.0,6.278813959430546,0.4012699851017023,145.0996132226283
-0.25647618825035173,0.0,0.9540549449756685,0.0,1.298997184996122,0.0,6.278840318967078,0.399989985101703,144.91198250635912
-0.2570956000341106,0.0,0.9538967010938871,0.0,1.2996102165921877,0.0,6.278866649297632,0.39870998510170286,144.72446267590647
-0.25771501583491185,0.0,0.9537380268235554,0.0,1.3002232567805498,0.0,6.27889295046849,0.39742998510170224,144.5370537497593
-0.2583344356488225,0.0,0.9535789219437263,0.0,1.3008363055520695,0.0,6.2789192225258335,0.39614998510170274,144.34975574632784
-0.2589538594719174,0.0,0.953419386232729,0.0,1.301449362897623,0.0,6.278945465515751,0.3948699851017028,144.16256868392546
-0.259573287300275,0.0,0.9532594194681697,0.0,1.302062428808099,0.0,6.278971679484241,0.3935899851017026,143.97549258077166
-0.2601927191299797,0.0,0.9530990214269269,0.0,1.3026755032744015,0.0,6.278997864477194,0.392309985101702,143.78852745499915
-0.26081215495712107,0.0,0.9529381918851525,0.0,1.3032885862874464,0.0,6.279024020540422,0.3910299851017025,143.60167332470866
-0.26143159477779143,0.0,0.9527769306182696,0.0,1.3039016778381636,0.0,6.279050147719633,0.3897499851017032,143.4149302078585
-0.26205103858809187,0.0,0.95261523740097,0.0,1.304514777917497,0.0,6.2790762460604395,0.3884699851017026,143.22829812234704
-0.2626704863841255,0.0,0.9524531120072124,0.0,1.305127886516404,0.0,6.2791023156083705,0.3871899851017029,143.0417770859781
-0.2632899381620019,0.0,0.9522905542102222,0.0,1.3057410036258548,0.0,6.279128356408848,0.3859099851017027,142.85536711650954
-0.26390939391783536,0.0,0.9521275637824885,0.0,1.306354129236834,0.0,6.2791543685072115,0.38462998510170276,142.66906823155628
-0.2645288536477444,0.0,0.9519641404957634,0.0,1.3069672633403384,0.0,6.2791803519487015,0.3833499851017028,142.48288044867164
-0.2651483173478543,0.0,0.9518002841210592,0.0,1.3075804059273797,0.0,6.279206306778472,0.3820699851017022,142.29680378535411
-0.2657677850142937,0.0,0.9516359944286472,0.0,1.3081935569889818,0.0,6.279232233041574,0.38078998510170314,142.1108382590155
-0.2663872566431972,0.0,0.9514712711880565,0.0,1.3088067165161827,0.0,6.279258130782979,0.37950998510170253,141.92498388693156
-0.26700673223070315,0.0,0.9513061141680721,0.0,1.3094198845000329,0.0,6.279284000047551,0.3782299851017026,141.73924068638857
-0.2676262117729565,0.0,0.9511405231367327,0.0,1.3100330609315969,0.0,6.27930984088008,0.37694998510170286,141.55360867449895
-0.26824569526610575,0.0,0.950974497861329,0.0,1.3106462458019523,0.0,6.2793356533252505,0.37566998510170335,141.36808786836073
-0.26886518270630627,0.0,0.9508080381084029,0.0,1.3112594391021903,0.0,6.279361437427658,0.3743899851017025,141.1826782849454
-0.2694846740897164,0.0,0.9506411436437444,0.0,1.3118726408234145,0.0,6.2793871932318135,0.37310998510170257,140.99737994120215
-0.27010416941249893,0.0,0.9504738142323915,0.0,1.3124858509567419,0.0,6.279412920782129,0.37182998510170284,140.81219285386837
-0.2707236686708233,0.0,0.9503060496386262,0.0,1.3130990694933034,0.0,6.279438620122931,0.3705499851017029,140.6271170397841
-0.2713431718608641,0.0,0.9501378496259755,0.0,1.3137122964242425,0.0,6.279464291298451,0.3692699851017023,140.4421525155809
-0.2719626789787996,0.0,0.9499692139572071,0.0,1.3143255317407154,0.0,6.2794899343528385,0.36798998510170255,140.2572992978627
-0.27258219002081285,0.0,0.9498001423943299,0.0,1.3149387754338917,0.0,6.279515549330143,0.36670998510170305,140.07255740310995
-0.27320170498309243,0.0,0.9496306346985895,0.0,1.3155520274949553,0.0,6.279541136274331,0.365429985101702,139.88792684772682
-0.2738212238618326,0.0,0.949460690630469,0.0,1.316165287915101,0.0,6.279566695229272,0.3641499851017025,139.70340764817522
-0.2744407466532298,0.0,0.9492903099496868,0.0,1.3167785566855374,0.0,6.279592226238759,0.3628699851017021,139.51899982059763
-0.27506027335348776,0.0,0.949119492415192,0.0,1.3173918337974873,0.0,6.2796177293464766,0.36158998510170304,139.33470338123192
-0.2756798039588149,0.0,0.9489482377851672,0.0,1.3180051192421847,0.0,6.279643204596044,0.36030998510170287,139.15051834622116
-0.2762993384654242,0.0,0.9487765458170225,0.0,1.3186184130108778,0.0,6.279668652030974,0.3590299851017027,138.966444731562
-0.2769188768695329,0.0,0.9486044162673962,0.0,1.3192317150948272,0.0,6.2796940716946965,0.35774998510170297,138.78248255323527
-0.2775384191673623,0.0,0.9484318488921528,0.0,1.3198450254853056,0.0,6.2797194636305536,0.35646998510170325,138.59863182706042
-0.27815796535514237,0.0,0.9482588434463782,0.0,1.3204583441736009,0.0,6.279744827881794,0.35518998510170263,138.41489256891595
-0.2787775154291016,0.0,0.9480853996843837,0.0,1.3210716711510104,0.0,6.279770164491593,0.35390998510170224,138.23126479447208
-0.2793970693854785,0.0,0.9479115173596975,0.0,1.321685006408847,0.0,6.279795473503021,0.35262998510170296,138.04774851938834
-0.2800166272205147,0.0,0.9477371962250676,0.0,1.3222983499384355,0.0,6.279820754959074,0.3513499851017028,137.8643437592214
-0.28063618893045683,0.0,0.9475624360324575,0.0,1.3229117017311134,0.0,6.279846008902648,0.35006998510170284,137.68105052948516
-0.2812557545115548,0.0,0.9473872365330461,0.0,1.3235250617782306,0.0,6.279871235376566,0.3487899851017029,137.49786884554416
-0.2818753239600656,0.0,0.947211597477224,0.0,1.32413843007115,0.0,6.279896434423556,0.3475099851017027,137.31479872277575
-0.28249489727225063,0.0,0.9470355186145921,0.0,1.324751806601248,0.0,6.279921606086262,0.3462299851017021,137.13184017645523
-0.28311447444437293,0.0,0.9468589996939615,0.0,1.3253651913599116,0.0,6.279946750407237,0.3449499851017028,136.94899322167078
-0.28373405547270536,0.0,0.946682040463348,0.0,1.325978584338543,0.0,6.279971867428955,0.34366998510170244,136.76625787366086
-0.2843536403535202,0.0,0.9465046406699743,0.0,1.3265919855285544,0.0,6.279996957193804,0.34238998510170315,136.58363414736277
-0.2849732290830993,0.0,0.946326800060265,0.0,1.3272053949213727,0.0,6.280022019744082,0.341109985101703,136.40112205774835
-0.28559282165772537,0.0,0.9461485183798457,0.0,1.3278188125084363,0.0,6.280047055121995,0.33982998510170304,136.21872161971243
-0.2862124180736882,0.0,0.9459697953735414,0.0,1.3284322382811962,0.0,6.2800720633696825,0.33854998510170287,136.03643284807237
-0.286832018327282,0.0,0.945790630785374,0.0,1.329045672231116,0.0,6.280097044529186,0.33726998510170314,135.85425575754604
-0.28745162241480343,0.0,0.94561102435856,0.0,1.329659114349672,0.0,6.280121998642456,0.3359899851017032,135.6721903627602
-0.28807123033255755,0.0,0.9454309758355103,0.0,1.330272564628353,0.0,6.280146925751376,0.33470998510170213,135.49023667832284
-0.2886908420768501,0.0,0.9452504849578266,0.0,1.330886023058659,0.0,6.280171825897738,0.3334299851017024,135.3083947187177
-0.2893104576439958,0.0,0.9450695514662983,0.0,1.3314994896321044,0.0,6.280196699123235,0.3321499851017031,135.1266644984376
-0.2899300770303096,0.0,0.9448881751009042,0.0,1.3321129643402145,0.0,6.280221545469498,0.3308699851017025,134.9450460317563
-0.2905497002321151,0.0,0.9447063556008064,0.0,1.3327264471745277,0.0,6.280246364978067,0.32958998510170234,134.76353933303622
-0.2911693272457372,0.0,0.9445240927043519,0.0,1.333339938126594,0.0,6.2802711576903905,0.32830998510170173,134.58214441642284
-0.29178895806750704,0.0,0.9443413861490669,0.0,1.3339534371879767,0.0,6.28029592364784,0.3270299851017022,134.40086129609205
-0.2924085926937612,0.0,0.9441582356716582,0.0,1.3345669443502504,0.0,6.280320662891705,0.32574998510170294,134.2196899861014
-0.2930282311208388,0.0,0.9439746410080098,0.0,1.3351804596050025,0.0,6.280345375463193,0.32446998510170233,134.0386305003923
-0.29364787334508496,0.0,0.9437906018931792,0.0,1.3357939829438326,0.0,6.280370061403428,0.32318998510170216,133.85768285295717
-0.29426751936284923,0.0,0.9436061180613977,0.0,1.3364075143583523,0.0,6.280394720753436,0.32190998510170266,133.6768470575916
-0.29488716917048624,0.0,0.9434211892460681,0.0,1.3370210538401857,0.0,6.280419353554193,0.3206299851017025,133.49612312807778
-0.2955068227643537,0.0,0.9432358151797609,0.0,1.3376346013809686,0.0,6.280443959846561,0.31934998510170276,133.3155110781271
-0.2961264801408143,0.0,0.943049995594214,0.0,1.3382481569723494,0.0,6.28046853967134,0.31806998510170215,133.1350109213603
-0.29674614129623755,0.0,0.9428637302203294,0.0,1.3388617206059883,0.0,6.28049309306924,0.31678998510170264,132.9546226713872
-0.29736580622699404,0.0,0.9426770187881718,0.0,1.3394752922735584,0.0,6.280517620080891,0.3155099851017018,132.77434634156924
-0.29798547492946137,0.0,0.9424898610269667,0.0,1.340088871966743,0.0,6.28054212074684,0.31422998510170297,132.59418194542044
-0.2986051474000207,0.0,0.9423022566650974,0.0,1.3407024596772394,0.0,6.280566595107556,0.31294998510170235,132.41412949625936
-0.29922482363505765,0.0,0.9421142054301027,0.0,1.3413160553967565,0.0,6.2805910432034295,0.31166998510170196,132.2341890073347
-0.2998445036309632,0.0,0.9419257070486772,0.0,1.3419296591170136,0.0,6.280615465074761,0.3103899851017031,132.05436049189873
-0.3004641873841321,0.0,0.9417367612466656,0.0,1.3425432708297442,0.0,6.280639860761778,0.30910998510170207,131.87464396300635
-0.301083874890964,0.0,0.9415473677490628,0.0,1.3431568905266926,0.0,6.280664230304629,0.3078299851017017,131.69503943379212
-0.3017035661478629,0.0,0.9413575262800113,0.0,1.3437705181996147,0.0,6.280688573743379,0.3065499851017026,131.51554691720398
-0.30232326115123576,0.0,0.941167236562799,0.0,1.3443841538402794,0.0,6.2807128911180055,0.3052699851017022,131.33616642616443
-0.3029429598974978,0.0,0.9409764983198563,0.0,1.3449977974404665,0.0,6.28073718246842,0.3039899851017023,131.15689797351124
-0.30356266238306584,0.0,0.9407853112727552,0.0,1.3456114489919684,0.0,6.280761447834451,0.30270998510170233,130.97774157206487
-0.3041823686043615,0.0,0.9405936751422062,0.0,1.3462251084865886,0.0,6.2807856872558405,0.3014299851017026,130.7986972345243
-0.30480207855780966,0.0,0.9404015896480566,0.0,1.3468387759161426,0.0,6.280809900772256,0.300149985101702,130.61976497348206
-0.30542179223984206,0.0,0.9402090545092876,0.0,1.347452451272458,0.0,6.280834088423295,0.29886998510170204,130.440944801541
-0.30604150964689497,0.0,0.9400160694440115,0.0,1.3480661345473741,0.0,6.2808582502484525,0.29758998510170254,130.2622367312468
-0.306661230775407,0.0,0.9398226341694719,0.0,1.348679825732742,0.0,6.2808823862871686,0.29630998510170214,130.0836407749432
-0.3072809556218231,0.0,0.9396287484020394,0.0,1.3492935248204239,0.0,6.280906496578799,0.2950299851017022,129.90515694506487
-0.307900684182591,0.0,0.939434411857209,0.0,1.3499072318022947,0.0,6.280930581162614,0.2937499851017018,129.72678525391618
-0.3085204164541634,0.0,0.9392396242496008,0.0,1.3505209466702395,0.0,6.280954640077813,0.29246998510170275,129.54852571365697
-0.30914015243299936,0.0,0.9390443852929524,0.0,1.3511346694161572,0.0,6.2809786733635065,0.29118998510170235,129.37037833653943
-0.3097598921155577,0.0,0.938848694700123,0.0,1.3517484000319562,0.0,6.281002681058752,0.2899099851017022,129.1923431345736
-0.31037963549830777,0.0,0.9386525521830852,0.0,1.3523621385095577,0.0,6.281026663202497,0.2886299851017027,129.01442011983963
-0.31099938257771803,0.0,0.9384559574529268,0.0,1.3529758848408948,0.0,6.281050619833636,0.28734998510170184,128.8366093042711
-0.31161913335026414,0.0,0.9382589102198471,0.0,1.3535896390179105,0.0,6.281074550990979,0.2860699851017017,128.65891069977098
-0.31223888781242465,0.0,0.9380614101931541,0.0,1.3542034010325603,0.0,6.281098456713259,0.28478998510170284,128.48132431816413
-0.31285864596068463,0.0,0.9378634570812618,0.0,1.3548171708768124,0.0,6.281122337039132,0.2835099851017029,128.30385017121193
-0.3134784077915303,0.0,0.9376650505916897,0.0,1.3554309485426448,0.0,6.281146192007173,0.2822299851017027,128.12648827057973
-0.3140981733014547,0.0,0.9374661904310593,0.0,1.3560447340220472,0.0,6.2811700216558926,0.28094998510170255,127.94923862790016
-0.31471794248695606,0.0,0.9372668763050898,0.0,1.3566585273070222,0.0,6.2811938260237135,0.2796699851017026,127.77210125477409
-0.31533771534453237,0.0,0.9370671079186007,0.0,1.3572723283895813,0.0,6.281217605148991,0.27838998510170265,127.59507616264298
-0.3159574918706904,0.0,0.9368668849755042,0.0,1.3578861372617494,0.0,6.281241359069998,0.27710998510170226,127.41816336293367
-0.31657727206194103,0.0,0.9366662071788048,0.0,1.3584999539155627,0.0,6.281265087824935,0.27582998510170254,127.24136286704929
-0.3171970559147966,0.0,0.9364650742305981,0.0,1.3591137783430676,0.0,6.281288791451924,0.2745499851017028,127.06467468626579
-0.3178168434257749,0.0,0.9362634858320669,0.0,1.3597276105363227,0.0,6.28131246998902,0.2732699851017024,126.88809883179081
-0.3184366345914007,0.0,0.9360614416834786,0.0,1.360341450487398,0.0,6.281336123474197,0.27198998510170247,126.7116353148001
-0.3190564294081986,0.0,0.9358589414841832,0.0,1.360955298188374,0.0,6.281359751945352,0.27070998510170297,126.5352841464236
-0.31967622787270134,0.0,0.9356559849326114,0.0,1.361569153631344,0.0,6.281383355440311,0.2694299851017026,126.35904533767297
-0.32029602998144285,0.0,0.9354525717262722,0.0,1.3621830168084101,0.0,6.281406933996825,0.2681499851017024,126.1829188995014
-0.32091583573096466,0.0,0.935248701561748,0.0,1.3627968877116883,0.0,6.281430487652572,0.26686998510170223,126.00690484285758
-0.32153564511780797,0.0,0.9350443741346959,0.0,1.3634107663333037,0.0,6.28145401644515,0.26558998510170206,125.83100317853665
-0.3221554581385233,0.0,0.9348395891398418,0.0,1.3640246526653939,0.0,6.281477520412088,0.2643099851017019,125.65521391734714
-0.3227752747896615,0.0,0.9346343462709796,0.0,1.364638546700107,0.0,6.281500999590853,0.2630299851017024,125.47953706999682
-0.3233950950677796,0.0,0.9344286452209692,0.0,1.3652524484296025,0.0,6.281524454018809,0.2617499851017022,125.3039726471385
-0.32401491896943885,0.0,0.9342224856817316,0.0,1.3658663578460513,0.0,6.281547883733274,0.26046998510170205,125.12852065934372
-0.32463474649120444,0.0,0.9340158673442492,0.0,1.3664802749416345,0.0,6.28157128877148,0.25918998510170277,124.95318111717032
-0.32525457762964477,0.0,0.9338087898985614,0.0,1.3670941997085453,0.0,6.281594669170586,0.25790998510170215,124.77795403103397
-0.325874412381334,0.0,0.9336012530337623,0.0,1.3677081321389872,0.0,6.281618024967684,0.2566299851017031,124.6028394113719
-0.3264942507428497,0.0,0.9333932564379983,0.0,1.3683220722251759,0.0,6.281641356199788,0.2553499851017018,124.42783726850524
-0.3271140927107736,0.0,0.9331847997984662,0.0,1.368936019959336,0.0,6.281664662903846,0.25406998510170253,124.25294761270237
-0.32773393828169145,0.0,0.9329758828014093,0.0,1.369549975333705,0.0,6.281687945116725,0.2527899851017019,124.07817045416431
-0.3283537874521935,0.0,0.9327665051321157,0.0,1.3701639383405304,0.0,6.2817112028752256,0.2515099851017024,123.90350580305744
-0.32897364021887515,0.0,0.9325566664749149,0.0,1.3707779089720715,0.0,6.281734436216075,0.25022998510170247,123.72895366946027
-0.3295934965783337,0.0,0.9323463665131757,0.0,1.371391887220598,0.0,6.281757645175931,0.24894998510170252,123.55451406339505
-0.33021335652717293,0.0,0.9321356049293041,0.0,1.37200587307839,0.0,6.281780829791368,0.24766998510170213,123.38018699483985
-0.33083322006199845,0.0,0.9319243814047395,0.0,1.3726198665377392,0.0,6.281803990098905,0.24638998510170218,123.20597247366683
-0.3314530871794217,0.0,0.9317126956199523,0.0,1.373233867590948,0.0,6.281827126134987,0.24510998510170245,123.03187050974407
-0.33207295787605867,0.0,0.931500547254442,0.0,1.3738478762303294,0.0,6.281850237935979,0.24382998510170228,122.85788111283392
-0.33269283214852763,0.0,0.9312879359867331,0.0,1.3744618924482084,0.0,6.281873325538176,0.24254998510170145,122.68400429265519
-0.3333127099934521,0.0,0.931074861494374,0.0,1.3750759162369184,0.0,6.281896388977817,0.24126998510170194,122.51024005885634
-0.3339325914074592,0.0,0.9308613234539329,0.0,1.3756899475888058,0.0,6.28191942829105,0.23998998510170222,122.33658842105419
-0.33455247638718183,0.0,0.9306473215409953,0.0,1.3763039864962272,0.0,6.281942443513965,0.23870998510170205,122.16304938878264
-0.3351723649292542,0.0,0.9304328554301627,0.0,1.3769180329515494,0.0,6.281965434682579,0.23742998510170277,121.9896229715146
-0.3357922570303169,0.0,0.9302179247950477,0.0,1.3775320869471506,0.0,6.281988401832841,0.23614998510170193,121.81630917863694
-0.33641215268701335,0.0,0.9300025293082728,0.0,1.3781461484754187,0.0,6.282011345000625,0.2348699851017022,121.64310801954277
-0.337032051895992,0.0,0.9297866686414665,0.0,1.3787602175287537,0.0,6.28203426422174,0.2335899851017018,121.47001950350867
-0.3376519546539038,0.0,0.9295703424652614,0.0,1.3793742940995648,0.0,6.282057159531922,0.23230998510170253,121.29704363978634
-0.33827186095740597,0.0,0.9293535504492907,0.0,1.3799883781802733,0.0,6.282080030966839,0.2310299851017017,121.12418043752841
-0.3388917708031581,0.0,0.9291362922621856,0.0,1.3806024697633097,0.0,6.282102878562092,0.22974998510170264,120.95142990588705
-0.33951168418782446,0.0,0.9289185675715733,0.0,1.3812165688411162,0.0,6.282125702353207,0.2284699851017018,120.77879205389763
-0.3401316011080727,0.0,0.9287003760440726,0.0,1.381830675406145,0.0,6.282148502375649,0.22718998510170207,120.6062668905284
-0.34075152156057575,0.0,0.928481717345292,0.0,1.3824447894508587,0.0,6.2821712786648085,0.2259099851017028,120.4338544247933
-0.3413714455420091,0.0,0.9282625911398267,0.0,1.3830589109677311,0.0,6.2821940312560045,0.22462998510170284,120.26155466552191
-0.3419913730490539,0.0,0.9280429970912552,0.0,1.3836730399492467,0.0,6.282216760184502,0.22334998510170156,120.08936762155575
-0.34261130407839424,0.0,0.9278229348621376,0.0,1.384287176387899,0.0,6.282239465485478,0.22206998510170228,119.9172933016522
-0.34323123862671767,0.0,0.9276024041140116,0.0,1.3849013202761933,0.0,6.282262147194059,0.22078998510170278,119.74533171453336
-0.3438511766907174,0.0,0.9273814045073895,0.0,1.3855154716066456,0.0,6.28228480534529,0.21950998510170217,119.57348286885636
-0.3444711182670894,0.0,0.9271599357017559,0.0,1.386129630371781,0.0,6.2823074399741525,0.218229985101702,119.40174677318146
-0.34509106335253387,0.0,0.9269379973555646,0.0,1.386743796564136,0.0,6.282330051115569,0.21694998510170205,119.23012343608632
-0.34571101194375436,0.0,0.9267155891262359,0.0,1.387357970176257,0.0,6.2823526388043796,0.21566998510170254,119.05861286599412
-0.34633096403746105,0.0,0.9264927106701519,0.0,1.3879721512007022,0.0,6.2823752030753734,0.21438998510170237,118.88721507138703
-0.34695091963036434,0.0,0.9262693616426559,0.0,1.3885863396300377,0.0,6.282397743963255,0.21310998510170243,118.71593006057905
-0.34757087871918085,0.0,0.9260455416980483,0.0,1.3892005354568422,0.0,6.282420261502678,0.2118299851017018,118.54475784190713
-0.3481908413006301,0.0,0.9258212504895833,0.0,1.389814738673703,0.0,6.282442755728217,0.2105499851017021,118.37369842359925
-0.3488108073714381,0.0,0.9255964876694657,0.0,1.3904289492732191,0.0,6.282465226674388,0.20926998510170192,118.20275181388841
-0.34943077692833036,0.0,0.9253712528888491,0.0,1.391043167247999,0.0,6.282487674375631,0.20798998510170197,118.03191802087596
-0.3500507499680408,0.0,0.9251455457978316,0.0,1.3916573925906615,0.0,6.28251009886634,0.2067099851017027,117.86119705266691
-0.35067072648730463,0.0,0.9249193660454529,0.0,1.3922716252938365,0.0,6.2825325001808165,0.20542998510170163,117.6905889172839
-0.3512907064828604,0.0,0.9246927132796925,0.0,1.3928858653501621,0.0,6.2825548783533085,0.204149985101703,117.52009362266882
-0.3519106899514526,0.0,0.9244655871474644,0.0,1.393500112752289,0.0,6.282577233418009,0.2028699851017024,117.349711176743
-0.35253067688982975,0.0,0.924237987294615,0.0,1.394114367492877,0.0,6.282599565409021,0.20158998510170245,117.1794415873948
-0.35315066729474287,0.0,0.9240099133659212,0.0,1.394728629564596,0.0,6.282621874360406,0.20030998510170184,117.009284862418
-0.35377066116294686,0.0,0.9237813650050853,0.0,1.3953428989601255,0.0,6.282644160306142,0.19902998510170233,116.83924100955866
-0.35439065849120044,0.0,0.9235523418547332,0.0,1.3959571756721563,0.0,6.282666423280149,0.19774998510170216,116.66931003650518
-0.35501065927626724,0.0,0.9233228435564099,0.0,1.396571459693389,0.0,6.282688663316285,0.19646998510170222,116.49949195087693
-0.355630663514916,0.0,0.9230928697505775,0.0,1.397185751016534,0.0,6.2827108804483425,0.19518998510170205,116.32978676030781
-0.3562506712039149,0.0,0.9228624200766125,0.0,1.397800049634311,0.0,6.282733074710044,0.19390998510170143,116.16019447228547
-0.3568706823400391,0.0,0.9226314941727998,0.0,1.3984143555394515,0.0,6.282755246135044,0.19262998510170193,115.99071509430256
-0.3574906969200697,0.0,0.9224000916763325,0.0,1.399028668724696,0.0,6.282777394756948,0.19134998510170242,115.8213486338089
-0.3581107149407867,0.0,0.9221682122233076,0.0,1.3996429891827953,0.0,6.282799520609285,0.19006998510170137,115.65209509811135
-0.35873073639897596,0.0,0.9219358554487223,0.0,1.4002573169065093,0.0,6.282821623725522,0.1887899851017023,115.48295449455784
-0.3593507612914296,0.0,0.9217030209864707,0.0,1.4008716518886095,0.0,6.282843704139061,0.18750998510170191,115.31392683042212
-0.35997078961494045,0.0,0.9214697084693413,0.0,1.4014859941218762,0.0,6.282865761883243,0.18622998510170174,115.14501211289809
-0.3605908213663058,0.0,0.921235917529013,0.0,1.4021003435990997,0.0,6.282887796991345,0.18494998510170246,114.97621034910449
-0.36121085654232815,0.0,0.9210016477960522,0.0,1.4027147003130809,0.0,6.282909809496575,0.18366998510170207,114.80752154618693
-0.3618308951398126,0.0,0.9207668988999085,0.0,1.40332906425663,0.0,6.282931799432087,0.18238998510170212,114.63894571120774
-0.3624509371555685,0.0,0.9205316704689128,0.0,1.4039434354225673,0.0,6.282953766830964,0.18110998510170218,114.47048285112193
-0.36307098258640774,0.0,0.9202959621302741,0.0,1.4045578138037225,0.0,6.2829757117262295,0.17982998510170178,114.30213297288365
-0.3636910314291483,0.0,0.9200597735100728,0.0,1.4051721993929358,0.0,6.282997634150843,0.1785499851017025,114.13389608338775
-0.364311083680611,0.0,0.9198231042332614,0.0,1.405786592183058,0.0,6.283019534137699,0.17726998510170122,113.9657721894619
-0.36493113933761806,0.0,0.9195859539236602,0.0,1.4064009921669467,0.0,6.283041411719638,0.17598998510170194,113.7977612979002
-0.3655511983969994,0.0,0.9193483222039505,0.0,1.407015399337473,0.0,6.283063266929419,0.17470998510170244,113.62986341544021
-0.36617126085558627,0.0,0.9191102086956756,0.0,1.4076298136875156,0.0,6.283085099799767,0.17342998510170227,113.46207854875593
-0.3667913267102147,0.0,0.9188716130192351,0.0,1.4082442352099638,0.0,6.283106910363315,0.17214998510170187,113.29440670446567
-0.367411395957723,0.0,0.9186325347938821,0.0,1.4088586638977154,0.0,6.283128698652659,0.17086998510170193,113.12684788917956
-0.36803146859495617,0.0,0.9183929736377182,0.0,1.4094730997436797,0.0,6.283150464700309,0.1695899851017011,112.95940210941177
-0.36865154461875904,0.0,0.9181529291676924,0.0,1.4100875427407742,0.0,6.283172208538739,0.16830998510170203,112.79206937162576
-0.3692716240259837,0.0,0.9179124009995955,0.0,1.4107019928819273,0.0,6.283193930200339,0.16702998510170186,112.62484968226863
-0.369891706813483,0.0,0.917671388748058,0.0,1.411316450160076,0.0,6.283215629717452,0.16574998510170214,112.45774304770026
-0.3705117929781155,0.0,0.9174298920265456,0.0,1.4119309145681673,0.0,6.28323730712235,0.16446998510170197,112.2907494742324
-0.37113188251674334,0.0,0.9171879104473553,0.0,1.4125453860991588,0.0,6.28325896244725,0.16318998510170202,112.12386896817094
-0.3717519754262316,0.0,0.9169454436216138,0.0,1.4131598647460157,0.0,6.283280595724313,0.1619099851017025,111.95710153570943
-0.37237207170344955,0.0,0.916702491159271,0.0,1.4137743505017153,0.0,6.283302206985618,0.16062998510170234,111.7904471830393
-0.37299217134527085,0.0,0.9164590526690992,0.0,1.4143888433592424,0.0,6.283323796263209,0.15934998510170129,111.62390591629483
-0.37361227434856925,0.0,0.9162151277586877,0.0,1.4150033433115916,0.0,6.283345363589051,0.15806998510170223,111.45747774149066
-0.37423238071022785,0.0,0.915970716034439,0.0,1.4156178503517687,0.0,6.283366908995058,0.15678998510170228,111.29116266471742
-0.3748524904271306,0.0,0.9157258171015658,0.0,1.4162323644727879,0.0,6.283388432513084,0.15550998510170144,111.12496069192842
-0.37547260349616174,0.0,0.915480430564089,0.0,1.4168468856676713,0.0,6.283409934174915,0.15422998510170194,110.95887182903293
-0.37609271991421556,0.0,0.9152345560248298,0.0,1.4174614139294532,0.0,6.283431414012283,0.15294998510170155,110.79289608190462
-0.3767128396781852,0.0,0.9149881930854092,0.0,1.4180759492511763,0.0,6.283452872056852,0.15166998510170204,110.62703345637736
-0.37733296278497086,0.0,0.9147413413462435,0.0,1.4186904916258927,0.0,6.283474308340246,0.1503899851017021,110.46128395826142
-0.37795308923147314,0.0,0.9144940004065409,0.0,1.4193050410466639,0.0,6.283495722893998,0.1491099851017017,110.2956475932374
-0.3785732190145992,0.0,0.914246169864296,0.0,1.419919597506561,0.0,6.283517115749614,0.1478299851017013,110.13012436700882
-0.37919335213125666,0.0,0.913997849316289,0.0,1.4205341609986637,0.0,6.283538486938521,0.1465499851017018,109.9647142852017
-0.3798134885783599,0.0,0.9137490383580789,0.0,1.4211487315160622,0.0,6.2835598364920955,0.14526998510170186,109.79941735339571
-0.38043362835282507,0.0,0.9134997365840009,0.0,1.421763309051856,0.0,6.283581164441644,0.1439899851017019,109.63423357713512
-0.38105377145157304,0.0,0.9132499435871626,0.0,1.4223778935991531,0.0,6.283602470818424,0.14270998510170152,109.4691629618994
-0.38167391787152743,0.0,0.9129996589594405,0.0,1.4229924851510718,0.0,6.283623755653637,0.14142998510170202,109.30420551314286
-0.38229406760961426,0.0,0.9127488822914762,0.0,1.4236070837007382,0.0,6.283645018978411,0.1401499851017025,109.139361236219
-0.3829142206627671,0.0,0.9124976131726694,0.0,1.4242216892412902,0.0,6.2836662608238285,0.13886998510170256,108.97463013653751
-0.38353437702791926,0.0,0.9122458511911802,0.0,1.4248363017658727,0.0,6.283687481220907,0.13758998510170173,108.8100122193326
-0.38415453670200966,0.0,0.9119935959339185,0.0,1.4254509212676405,0.0,6.283708680200612,0.13630998510170267,108.64550748989356
-0.38477469968197847,0.0,0.911740846986545,0.0,1.4260655477397581,0.0,6.283729857793842,0.13502998510170183,108.48111595338692
-0.38539486596477274,0.0,0.9114876039334636,0.0,1.426680181175399,0.0,6.283751014031445,0.13374998510170233,108.31683761498894
-0.38601503554734173,0.0,0.9112338663578204,0.0,1.427294821567746,0.0,6.283772148944217,0.1324699851017015,108.15267247983667
-0.3866352084266369,0.0,0.9109796338414973,0.0,1.4279094689099905,0.0,6.283793262562873,0.13118998510170243,107.98862055295372
-0.38725538459961456,0.0,0.9107249059651097,0.0,1.428524123195334,0.0,6.283814354918093,0.12990998510170249,107.82468183937385
-0.38787556406323337,0.0,0.9104696823080016,0.0,1.4291387844169867,0.0,6.2838354260404925,0.1286299851017021,107.66085634405624
-0.38849574681445964,0.0,0.910213962448241,0.0,1.4297534525681679,0.0,6.283856475960624,0.1273499851017026,107.49714407195384
-0.38911593285025725,0.0,0.9099577459626179,0.0,1.4303681276421059,0.0,6.283877504708994,0.12606998510170175,107.33354502789506
-0.3897361221675966,0.0,0.9097010324266369,0.0,1.4309828096320383,0.0,6.283898512316035,0.12478998510170225,107.17005921676196
-0.39035631476345317,0.0,0.9094438214145157,0.0,1.4315974985312123,0.0,6.283919498812145,0.1235099851017023,107.00668664331215
-0.39097651063480265,0.0,0.9091861124991808,0.0,1.4322121943328834,0.0,6.283940464227646,0.12222998510170191,106.843427312295
-0.39159670977862676,0.0,0.9089279052522617,0.0,1.4328268970303164,0.0,6.283961408592809,0.12094998510170196,106.68028122841443
-0.3922169121919098,0.0,0.9086691992440877,0.0,1.4334416066167857,0.0,6.28398233193785,0.11966998510170157,106.51724839630478
-0.3928371178716381,0.0,0.9084099940436854,0.0,1.434056323085573,0.0,6.284003234292932,0.11838998510170162,106.35432882059071
-0.393457326814805,0.0,0.9081502892187696,0.0,1.4346710464299715,0.0,6.28402411568816,0.11710998510170167,106.19152250581814
-0.39407753901840425,0.0,0.9078900843357448,0.0,1.4352857766432816,0.0,6.284044976153572,0.11582998510170217,106.02882945651525
-0.39469775447943484,0.0,0.9076293789596971,0.0,1.4359005137188134,0.0,6.284065815719171,0.11454998510170178,105.86624967714762
-0.3953179731948977,0.0,0.9073681726543916,0.0,1.4365152576498856,0.0,6.284086634414879,0.11326998510170183,105.70378317214872
-0.3959381951617988,0.0,0.9071064649822667,0.0,1.4371300084298264,0.0,6.284107432270581,0.11198998510170188,105.54142994590137
-0.39655842037714617,0.0,0.906844255504432,0.0,1.4377447660519724,0.0,6.2841282093160995,0.11070998510170105,105.37919000273209
-0.3971786488379532,0.0,0.9065815437806615,0.0,1.4383595305096692,0.0,6.284148965581202,0.10942998510170243,105.21706334696391
-0.39779888054123336,0.0,0.9063183293693909,0.0,1.4389743017962713,0.0,6.284169701095604,0.1081499851017016,105.05504998280443
-0.3984191154840083,0.0,0.9060546118277123,0.0,1.4395890799051425,0.0,6.284190415888955,0.10686998510170209,104.89314991451005
-0.39903935366329835,0.0,0.9057903907113699,0.0,1.4402038648296551,0.0,6.284211109990864,0.10558998510170126,104.73136314622022
-0.3996595950761307,0.0,0.9055256655747566,0.0,1.44081865656319,0.0,6.284231783430873,0.10430998510170131,104.5696896820415
-0.40027983971953396,0.0,0.9052604359709078,0.0,1.441433455099137,0.0,6.284252436238477,0.10302998510170225,104.4081295260822
-0.4009000875905433,0.0,0.9049947014514971,0.0,1.4420482604308964,0.0,6.284273068443112,0.1017499851017023,104.24668268238699
-0.40152033868619125,0.0,0.9047284615668353,0.0,1.442663072551874,0.0,6.284293680074159,0.10046998510170191,104.08534915489723
-0.4021405930035202,0.0,0.9044617158658607,0.0,1.4432778914554876,0.0,6.284314271160952,0.09918998510170152,103.92412894762055
-0.4027608505395717,0.0,0.9041944638961369,0.0,1.4438927171351617,0.0,6.284334841732752,0.09790998510170201,103.7630220644088
-0.40338111129139304,0.0,0.9039267052038499,0.0,1.4445075495843303,0.0,6.28435539181879,0.09662998510170162,103.60202850914658
-0.4040013752560347,0.0,0.9036584393337996,0.0,1.4451223887964366,0.0,6.284375921448222,0.09534998510170167,103.44114828569255
-0.40462164243054893,0.0,0.9033896658293997,0.0,1.4457372347649315,0.0,6.2843964306501645,0.09406998510170173,103.28038139778452
-0.40524191281199223,0.0,0.9031203842326696,0.0,1.4463520874832756,0.0,6.284416919453677,0.09278998510170178,103.11972784917995
-0.40586218639742694,0.0,0.9028505940842305,0.0,1.446966946944938,0.0,6.284437387887752,0.09150998510170139,102.95918764358792
-0.40648246318391235,0.0,0.9025802949233034,0.0,1.4475818131433946,0.0,6.284457835981351,0.09022998510170188,102.79876078461461
-0.4071027431685197,0.0,0.9023094862876988,0.0,1.4481966860721338,0.0,6.284478263763364,0.08894998510170149,102.63844727593758
-0.4077230263483154,0.0,0.9020381677138188,0.0,1.4488115657246485,0.0,6.284498671262632,0.08766998510170154,102.47824712108077
-0.4083433127203756,0.0,0.901766338736646,0.0,1.4494264520944438,0.0,6.284519058507946,0.0863899851017016,102.3181603235893
-0.40896360228177575,0.0,0.9014939988897442,0.0,1.4500413451750302,0.0,6.2845394255280445,0.08510998510170209,102.15818688695342
-0.40958389502959597,0.0,0.9012211477052486,0.0,1.4506562449599296,0.0,6.284559772351607,0.0838299851017017,101.99832681462263
-0.4102041909609219,0.0,0.9009477847138649,0.0,1.4512711514426708,0.0,6.284580099007264,0.08254998510170175,101.83858011001871
-0.4108244900728386,0.0,0.9006739094448631,0.0,1.4518860646167915,0.0,6.284600405523593,0.08126998510170225,101.67894677650241
-0.4114447923624371,0.0,0.9003995214260714,0.0,1.4525009844758385,0.0,6.28462069192912,0.07998998510170185,101.51942681738927
-0.41206509782680917,0.0,0.900124620183874,0.0,1.453115911013366,0.0,6.284640958252312,0.07870998510170191,101.36002023595196
-0.4126854064630543,0.0,0.899849205243203,0.0,1.4537308442229377,0.0,6.284661204521592,0.0774299851017024,101.20072703549482
-0.4133057182682714,0.0,0.8995732761275357,0.0,1.4543457840981262,0.0,6.284681430765329,0.07614998510170157,101.04154721916923
-0.4139260332395644,0.0,0.8992968323588894,0.0,1.4549607306325112,0.0,6.284701637011833,0.07486998510170162,100.88248079016643
-0.41454635137403945,0.0,0.8990198734578155,0.0,1.4555756838196816,0.0,6.284721823289372,0.07358998510170123,100.72352775160765
-0.41516667266880714,0.0,0.8987423989433956,0.0,1.456190643653235,0.0,6.284741989626149,0.07230998510170172,100.5646881065895
-0.4157869971209818,0.0,0.8984644083332353,0.0,1.4568056101267772,0.0,6.2847621360503325,0.07102998510170222,100.40596185815531
-0.41640732472767933,0.0,0.8981859011434595,0.0,1.4574205832339229,0.0,6.2847822625900225,0.06974998510170138,100.24734900931944
-0.4170276554860186,0.0,0.8979068768887087,0.0,1.4580355629682937,0.0,6.284802369273273,0.06846998510170144,100.08884956303194
-0.4176479893931244,0.0,0.8976273350821324,0.0,1.4586505493235211,0.0,6.2848224561280945,0.06718998510170149,99.93046352224583
-0.4182683264461229,0.0,0.8973472752353834,0.0,1.4592655422932446,0.0,6.2848425231824425,0.06590998510170243,99.77219088984324
-0.4188886666421444,0.0,0.8970666968586133,0.0,1.459880541871113,0.0,6.284862570464203,0.06462998510170159,99.61403166867251
-0.41950900997832086,0.0,0.8967855994604703,0.0,1.4604955480507804,0.0,6.284882598001238,0.06334998510170164,99.45598586156447
-0.42012935645179006,0.0,0.8965039825480875,0.0,1.461110560825913,0.0,6.284902605821341,0.06206998510170214,99.29805347128986
-0.4207497060596909,0.0,0.8962218456270844,0.0,1.461725580190183,0.0,6.2849225939522615,0.060789985101701305,99.1402345005851
-0.4213700587991655,0.0,0.8959391882015573,0.0,1.4623406061372715,0.0,6.2849425624217,0.05950998510170136,98.98252895213956
-0.4219904146673615,0.0,0.8956560097740752,0.0,1.4629556386608682,0.0,6.2849625112573,0.058229985101700965,98.82493682864543
-0.4226107736614274,0.0,0.8953723098456758,0.0,1.4635706777546702,0.0,6.284982440486655,0.05694998510170235,98.66745813270421
-0.4232311357785159,0.0,0.8950880879158583,0.0,1.4641857234123838,0.0,6.285002350137318,0.0556699851017024,98.510092866917
-0.42385150101578234,0.0,0.8948033434825775,0.0,1.4648007756277244,0.0,6.285022240236768,0.05438998510170201,98.35284103379507
-0.42447186937038656,0.0,0.8945180760422432,0.0,1.4654158343944126,0.0,6.285042110812476,0.05310998510170206,98.1957026359099
-0.42509224083948965,0.0,0.8942322850897072,0.0,1.46603089970618,0.0,6.285061961891809,0.051829985101702114,98.03867767570439
-0.42571261542025873,0.0,0.8939459701182648,0.0,1.4666459715567652,0.0,6.285081793502127,0.05054998510170261,97.88176615561329
-0.42633299310986156,0.0,0.8936591306196449,0.0,1.4672610499399161,0.0,6.285101605670723,0.049269985101701774,97.72496807804066
-0.42695337390546934,0.0,0.8933717660840068,0.0,1.467876134849387,0.0,6.285121398424835,0.04798998510170138,97.56828344536252
-0.42757375780425794,0.0,0.8930838759999337,0.0,1.4684912262789414,0.0,6.285141171791665,0.04670998510170232,97.41171225989551
-0.42819414480340556,0.0,0.8927954598544273,0.0,1.4691063242223512,0.0,6.285160925798357,0.04542998510170193,97.25525452393721
-0.4288145349000935,0.0,0.8925065171329023,0.0,1.4697214286733964,0.0,6.285180660472008,0.044149985101701095,97.09891023975817
-0.42943492809150624,0.0,0.8922170473191811,0.0,1.4703365396258639,0.0,6.28520037583966,0.04286998510170248,96.94267940953665
-0.4300553243748331,0.0,0.8919270498954868,0.0,1.4709516570735512,0.0,6.285220071928314,0.0415899851017012,96.7865620354898
-0.430675723747262,0.0,0.8916365243424405,0.0,1.4715667810102606,0.0,6.285239748764918,0.04030998510170125,96.63055811974519
-0.4312961262059895,0.0,0.8913454701390519,0.0,1.4721819114298047,0.0,6.285259406376372,0.03902998510170219,96.47466766443853
-0.43191653174821126,0.0,0.8910538867627165,0.0,1.472797048326004,0.0,6.285279044789527,0.037749985101701355,96.31889067161383
-0.4325369403711298,0.0,0.8907617736892066,0.0,1.4734121916926872,0.0,6.285298664031172,0.036469985101702296,96.16322714335048
-0.4331573520719473,0.0,0.8904691303926717,0.0,1.4740273415236893,0.0,6.285318264128086,0.03518998510170235,96.00767708161965
-0.43377776684786995,0.0,0.8901759563456252,0.0,1.4746424978128552,0.0,6.285337845106949,0.03390998510170151,95.85224048839311
-0.43439818469610886,0.0,0.8898822510189425,0.0,1.4752576605540375,0.0,6.285357406994424,0.03262998510170112,95.69691736562085
-0.43501860561387706,0.0,0.8895880138818549,0.0,1.4758728297410961,0.0,6.2853769498171195,0.03134998510170117,95.54170771520958
-0.4356390295983888,0.0,0.8892932444019449,0.0,1.4764880053678988,0.0,6.285396473601596,0.030069985101702112,95.38661153899899
-0.43625945664686705,0.0,0.8889979420451362,0.0,1.477103187428323,0.0,6.285415978374362,0.028789985101702165,95.23162883885537
-0.43687988675653,0.0,0.8887021062756931,0.0,1.4777183759162513,0.0,6.285435464161884,0.027509985101701773,95.07675961652792
-0.43750031992460503,0.0,0.8884057365562099,0.0,1.478333570825577,0.0,6.285454930990571,0.026229985101700937,94.92200387379482
-0.4381207561483217,0.0,0.8881088323476066,0.0,1.4789487721501995,0.0,6.285474378886799,0.02494998510170099,94.76736161243859
-0.4387411954249103,0.0,0.8878113931091238,0.0,1.4795639798840268,0.0,6.285493807876874,0.02366998510170193,94.6128328340798
-0.4393616377516069,0.0,0.8875134182983163,0.0,1.4801791940209748,0.0,6.285513217987082,0.02238998510170198,94.4584175404168
-0.43998208312564807,0.0,0.8872149073710459,0.0,1.480794414554967,0.0,6.285532609243633,0.021109985101702033,94.30411573305935
-0.44060253154427537,0.0,0.8869158597814755,0.0,1.4814096414799351,0.0,6.285551981672715,0.01982998510170164,94.14992741359961
-0.4412229830047339,0.0,0.8866162749820632,0.0,1.4820248747898184,0.0,6.285571335300455,0.018549985101702582,93.9958525836426
-0.44184343750426813,0.0,0.886316152423558,0.0,1.4826401144785641,0.0,6.285590670152933,0.01726998510170219,93.84189124463795
-0.4424638950401316,0.0,0.886015491554989,0.0,1.4832553605401277,0.0,6.2856099862561825,0.015989985101701354,93.68804339814176
-0.4430843556095745,0.0,0.8857142918236649,0.0,1.483870612968471,0.0,6.285629283636195,0.014709985101702294,93.53430904558124
-0.44370481920985677,0.0,0.8854125526751617,0.0,1.4844858717575662,0.0,6.2856485623189124,0.013429985101701458,93.38068818839838
-0.44432528583823455,0.0,0.8851102735533224,0.0,1.4851011369013902,0.0,6.285667822330222,0.012149985101701066,93.2271808279784
-0.4449457554919717,0.0,0.8848074539002455,0.0,1.48571640839393,0.0,6.285687063695988,0.010869985101700674,93.07378696567665
-0.4455662281683333,0.0,0.8845040931562818,0.0,1.4863316862291787,0.0,6.285706286441988,0.009589985101702503,92.92050660284183
-0.4461867038645891,0.0,0.8842001907600253,0.0,1.4869469704011398,0.0,6.285725490593995,0.008309985101700779,92.76733974077587
-0.4468071825780096,0.0,0.8838957461483113,0.0,1.4875622609038204,0.0,6.285744676177716,0.007029985101702607,92.61428638072667
-0.44742766430587033,0.0,0.883590758756204,0.0,1.48817755773124,0.0,6.285763843218799,0.005749985101701771,92.46134652392843
-0.448048149045448,0.0,0.8832852280169948,0.0,1.4887928608774217,0.0,6.285782991742876,0.004469985101701379,92.3085201715815
-0.4486686367940242,0.0,0.8829791533621933,0.0,1.4894081703363984,0.0,6.285802121775509,0.0031899851017018754,92.1558073248804
-0.4492891275488825,0.0,0.882672534221521,0.0,1.4900234861022108,0.0,6.285821233342223,0.0019099851017014835,92.003207984934
-0.44990962130730894,0.0,0.8823653700229056,0.0,1.4906388081689061,0.0,6.285840326468498,0.0006299851017024238,91.85072215286303
-0.45053011806659343,0.0,0.8820576601924738,0.0,1.49125413653054,0.0,6.285859401179769,-0.0006500148982984122,91.69834982971648
-0.45115061782402993,0.0,0.8817494041545428,0.0,1.4918694711811762,0.0,6.285878457501414,-0.0019300148982974719,91.54609101659561
-0.4517711205769134,0.0,0.881440601331618,0.0,1.4924848121148846,0.0,6.2858974954587765,-0.003210014898298308,91.39394571446337
-0.45239162632254304,0.0,0.8811312511443806,0.0,1.4931001593257445,0.0,6.2859165150771545,-0.0044900148982987,91.24191392433386
-0.4530121350582196,0.0,0.8808213530116867,0.0,1.4937155128078408,0.0,6.285935516381798,-0.005770014898298648,91.08999564713382
-0.4536326467812486,0.0,0.8805109063505554,0.0,1.4943308725552675,0.0,6.2859544993979135,-0.0070500148982985955,90.9381908837938
-0.45425316148893774,0.0,0.8801999105761652,0.0,1.4949462385621255,0.0,6.285973464150657,-0.0083300148982981,90.78649963520735
-0.45487367917859806,0.0,0.8798883651018443,0.0,1.495561610822524,0.0,6.28599241066515,-0.009610014898298047,90.63492190224437
-0.45549419984754314,0.0,0.8795762693390673,0.0,1.4961769893305785,0.0,6.286011338966452,-0.010890014898297995,90.48345768572712
-0.4561147234930888,0.0,0.8792636226974451,0.0,1.4967923740804134,0.0,6.286030249079595,-0.012170014898298387,90.33210698643575
-0.4567352501125552,0.0,0.8789504245847195,0.0,1.497407765066159,0.0,6.286049141029558,-0.013450014898298335,90.18086980518179
-0.4573557797032655,0.0,0.8786366744067541,0.0,1.4980231622819553,0.0,6.286068014841274,-0.014730014898298727,90.02974614267127
-0.45797631226254454,0.0,0.8783223715675317,0.0,1.4986385657219468,0.0,6.286086870539642,-0.016010014898297786,89.87873599964753
-0.45859684778772164,0.0,0.8780075154691407,0.0,1.4992539753802892,0.0,6.286105708149499,-0.01729001489829818,89.72783937676682
-0.45921738627612774,0.0,0.8776921055117745,0.0,1.499869391251142,0.0,6.286124527695652,-0.018570014898298126,89.57705627471003
-0.4598379277250966,0.0,0.8773761410937203,0.0,1.5004848133286743,0.0,6.286143329202857,-0.019850014898298074,89.42638669406276
-0.46045847213196556,0.0,0.8770596216113521,0.0,1.5011002416070622,0.0,6.2861621126958305,-0.021130014898297578,89.275830635433
-0.46107901949407715,0.0,0.8767425464591243,0.0,1.5017156760804897,0.0,6.286180878199238,-0.022410014898298414,89.12538809942575
-0.46169956980877247,0.0,0.8764249150295652,0.0,1.502331116743147,0.0,6.28619962573771,-0.023690014898298806,88.97505908654057
-0.4623201230733967,0.0,0.8761067267132691,0.0,1.5029465635892314,0.0,6.286218355335827,-0.02497001489829831,88.82484359727145
-0.46294067928530125,0.0,0.8757879808988857,0.0,1.5035620166129506,0.0,6.28623706701812,-0.0262500148982987,88.67474163212651
-0.46356123844183617,0.0,0.8754686769731188,0.0,1.5041774758085162,0.0,6.286255760809091,-0.02753001489829865,88.52475319155083
-0.4641818005403586,0.0,0.875148814320713,0.0,1.5047929411701493,0.0,6.2862744367331915,-0.028810014898298597,88.37487827600242
-0.4648023655782237,0.0,0.8748283923244513,0.0,1.5054084126920768,0.0,6.2862930948148215,-0.0300900148982981,88.22511688582377
-0.4654229335527936,0.0,0.8745074103651419,0.0,1.5060238903685348,0.0,6.286311735078351,-0.03137001489829894,88.07546902139524
-0.4660435044614313,0.0,0.8741858678216173,0.0,1.5066393741937643,0.0,6.286330357548103,-0.032650014898297997,87.92593468307923
-0.46666407830150375,0.0,0.8738637640707191,0.0,1.5072548641620165,0.0,6.2863489622483435,-0.03393001489829883,87.77651387118237
-0.4672846550703802,0.0,0.8735410984872978,0.0,1.5078703602675472,0.0,6.286367549203319,-0.03521001489829878,87.62720658597783
-0.46790523476543255,0.0,0.8732178704441994,0.0,1.508485862504621,0.0,6.286386118437211,-0.036490014898298284,87.47801282773807
-0.46852581738403554,0.0,0.8728940793122609,0.0,1.5091013708675092,0.0,6.286404669974176,-0.03777001489829823,87.32893259667301
-0.46914640292356813,0.0,0.872569724460301,0.0,1.509716885350491,0.0,6.286423203838313,-0.039050014898297736,87.1799658930233
-0.46976699138141137,0.0,0.8722448052551123,0.0,1.510332405947853,0.0,6.286441720053688,-0.04033001489829857,87.03111271695688
-0.4703875827549463,0.0,0.8719193210614563,0.0,1.5109479326538864,0.0,6.2864602186443195,-0.04161001489829852,86.88237306856641
-0.47100817704156245,0.0,0.8715932712420493,0.0,1.5115634654628933,0.0,6.28647869963419,-0.04289001489829802,86.73374694806836
-0.4716287742386474,0.0,0.8712666551575612,0.0,1.5121790043691812,0.0,6.2864971630472235,-0.04417001489829886,86.58523435548965
-0.47224937434359443,0.0,0.8709394721666032,0.0,1.5127945493670643,0.0,6.286515608907327,-0.04545001489829881,86.43683529094625
-0.47286997735379865,0.0,0.8706117216257204,0.0,1.5134101004508653,0.0,6.286534037238333,-0.04673001489829831,86.28854975446376
-0.473490583266658,0.0,0.8702834028893858,0.0,1.5140256576149134,0.0,6.286552448064065,-0.048010014898297815,86.14037774606868
-0.4741111920795721,0.0,0.8699545153099911,0.0,1.5146412208535447,0.0,6.286570841408286,-0.049290014898299095,85.9923192657269
-0.47473180378994634,0.0,0.869625058237836,0.0,1.5152567901611025,0.0,6.286589217294713,-0.050570014898298155,85.84437431346194
-0.475352418395186,0.0,0.869295031021124,0.0,1.515872365531938,0.0,6.286607575747036,-0.0518500148982981,85.69654288916405
-0.4759730358926995,0.0,0.8689644330059527,0.0,1.516487946960408,0.0,6.286625916788892,-0.053130014898298494,85.5488249927735
-0.47659365627990186,0.0,0.8686332635363019,0.0,1.517103534440879,0.0,6.286644240443881,-0.054410014898298886,85.40122062420443
-0.47721427955420437,0.0,0.8683015219540334,0.0,1.5177191279677207,0.0,6.28666254673556,-0.0556900148982975,85.25372978326797
-0.47783490571302645,0.0,0.8679692075988733,0.0,1.5183347275353143,0.0,6.286680835687441,-0.05697001489829834,85.1063524698366
-0.47845553475379055,0.0,0.8676363198084093,0.0,1.5189503331380452,0.0,6.286699107322994,-0.05825001489829873,84.95908868376127
-0.47907616667391684,0.0,0.8673028579180821,0.0,1.5195659447703058,0.0,6.286717361665667,-0.059530014898297345,84.81193842478183
-0.4796968014708331,0.0,0.866968821261175,0.0,1.5201815624264974,0.0,6.286735598738844,-0.06081001489829818,84.66490169269112
-0.48031743914196773,0.0,0.8666342091688043,0.0,1.520797186101027,0.0,6.286753818565866,-0.06209001489829857,84.51797848721999
-0.4809380796847524,0.0,0.866299020969915,0.0,1.521412815788308,0.0,6.286772021170048,-0.06337001489829763,84.37116880810896
-0.4815587230966214,0.0,0.8659632559912676,0.0,1.5220284514827627,0.0,6.2867902065746675,-0.06465001489829802,84.22447265502502
-0.4821793693750129,0.0,0.8656269135574313,0.0,1.5226440931788192,0.0,6.2868083748029395,-0.06593001489829797,84.07789002765507
-0.4828000185173661,0.0,0.865289992990776,0.0,1.5232597408709128,0.0,6.286826525878055,-0.06721001489829925,83.93142092564936
-0.48342067052112386,0.0,0.8649524936114624,0.0,1.5238753945534849,0.0,6.2868446598231555,-0.06849001489829831,83.78506534863831
-0.4840413253837322,0.0,0.864614414737433,0.0,1.5244910542209857,0.0,6.28686277666135,-0.06977001489829826,83.63882329618382
-0.4846619831026385,0.0,0.8642757556844043,0.0,1.525106719867871,0.0,6.286880876415708,-0.07105001489829821,83.4926947678904
-0.4852826436752947,0.0,0.8639365157658564,0.0,1.5257223914886036,0.0,6.286898959109244,-0.07233001489829816,83.34667976332926
-0.4859033070991546,0.0,0.8635966942930245,0.0,1.526338069077654,0.0,6.286917024764942,-0.07361001489829766,83.20077828199312
-0.4865239733716753,0.0,0.8632562905748912,0.0,1.5269537526294992,0.0,6.28693507340575,-0.07489001489829761,83.05499032342526
-0.48714464249031525,0.0,0.8629153039181753,0.0,1.5275694421386232,0.0,6.28695310505457,-0.07617001489829889,82.90931588707357
-0.48776531445253674,0.0,0.8625737336273249,0.0,1.5281851375995157,0.0,6.286971119734262,-0.07745001489829928,82.76375497242651
-0.4883859892558049,0.0,0.8622315790045045,0.0,1.5288008390066754,0.0,6.286989117467648,-0.07873001489829878,82.61830757890041
-0.4890066668975861,0.0,0.8618888393495913,0.0,1.529416546354606,0.0,6.287007098277517,-0.08001001489829873,82.47297370594757
-0.4896273473753525,0.0,0.8615455139601598,0.0,1.5300322596378193,0.0,6.287025062186608,-0.08129001489829824,82.32775335293698
-0.49024803068657485,0.0,0.8612016021314783,0.0,1.530647978850833,0.0,6.2870430092176255,-0.08257001489829818,82.18264651922027
-0.49086871682873195,0.0,0.8608571031564929,0.0,1.531263703988173,0.0,6.28706093939323,-0.08385001489829813,82.0376532042027
-0.4914894057992998,0.0,0.8605120163258244,0.0,1.531879435044371,0.0,6.287078852736044,-0.08513001489829897,81.8927734071719
-0.49211009759576,0.0,0.8601663409277573,0.0,1.5324951720139643,0.0,6.287096749268659,-0.08641001489829936,81.74800712742736
-0.4927307922155958,0.0,0.859820076248226,0.0,1.5331109148914992,0.0,6.287114629013614,-0.08769001489829842,81.60335436427499
-0.49335148965629677,0.0,0.8594732215708084,0.0,1.5337266636715285,0.0,6.287132491993418,-0.08897001489829748,81.45881511700836
-0.4939721899153484,0.0,0.859125776176719,0.0,1.5343424183486107,0.0,6.287150338230531,-0.09025001489829876,81.31438938479239
-0.4945928929902444,0.0,0.8587777393447938,0.0,1.5349581789173112,0.0,6.28716816774739,-0.09153001489829782,81.1700771669101
-0.4952135988784802,0.0,0.858429110351483,0.0,1.5355739453722035,0.0,6.287185980566372,-0.09281001489829865,81.02587846254865
-0.49583430757755087,0.0,0.8580798884708424,0.0,1.5361897177078656,0.0,6.287203776709833,-0.0940900148982986,80.88179327088086
-0.4964550190849582,0.0,0.857730072974521,0.0,1.5368054959188844,0.0,6.287221556200083,-0.0953700148982981,80.73782159105997
-0.4970757333982053,0.0,0.8573796631317525,0.0,1.5374212799998521,0.0,6.287239319059386,-0.09665001489829805,80.59396342224142
-0.49769645051479644,0.0,0.8570286582093455,0.0,1.5380370699453692,0.0,6.287257065309983,-0.09793001489829845,80.4502187635243
-0.49831717043224005,0.0,0.856677057471673,0.0,1.5386528657500402,0.0,6.287274794974066,-0.0992100148982984,80.30658761403586
-0.4989378931480459,0.0,0.8563248601806628,0.0,1.5392686674084783,0.0,6.287292508073787,-0.10049001489829879,80.16306997281916
-0.49955861865972834,0.0,0.8559720655957856,0.0,1.5398844749153031,0.0,6.287310204631265,-0.10177001489829829,80.01966583894571
-0.5001793469648033,0.0,0.8556186729740459,0.0,1.5405002882651413,0.0,6.287327884668575,-0.10305001489829824,79.87637521145413
-0.5008000780607907,0.0,0.8552646815699726,0.0,1.5411161074526258,0.0,6.287345548207759,-0.10433001489829952,79.73319808936486
-0.5014208119452087,0.0,0.8549100906356091,0.0,1.5417319324723946,0.0,6.287363195270819,-0.10561001489829902,79.59013447166478
-0.5020415486155846,0.0,0.8545548994204989,0.0,1.5423477633190945,0.0,6.287380825879716,-0.10689001489829808,79.4471843573592
-0.5026622880694424,0.0,0.8541991071716801,0.0,1.5429635999873783,0.0,6.287398440056373,-0.10817001489829803,79.30434774537022
-0.5032830303043128,0.0,0.8538427131336718,0.0,1.5435794424719051,0.0,6.287416037822688,-0.10945001489829842,79.16162463466894
-0.5039037753177285,0.0,0.8534857165484643,0.0,1.5441952907673413,0.0,6.287433619200499,-0.11073001489829881,79.01901502416464
-0.5045245231072217,0.0,0.8531281166555094,0.0,1.544811144868358,0.0,6.287451184211621,-0.11201001489829743,78.8765189127712
-0.505145273670331,0.0,0.8527699126917077,0.0,1.5454270047696357,0.0,6.2874687328778265,-0.11329001489829871,78.73413629934876
-0.5057660270045967,0.0,0.8524111038914,0.0,1.5460428704658589,0.0,6.287486265220853,-0.11457001489829866,78.59186718278464
-0.5063867831075591,0.0,0.8520516894863557,0.0,1.5466587419517197,0.0,6.287503781262401,-0.11585001489829816,78.44971156191684
-0.5070075419767655,0.0,0.8516916687057603,0.0,1.5472746192219176,0.0,6.287521281024121,-0.11713001489829944,78.3076694355778
-0.5076283036097623,0.0,0.8513310407762074,0.0,1.5478905022711567,0.0,6.287538764527652,-0.11841001489829894,78.16574080258346
-0.5082490680041,0.0,0.8509698049216846,0.0,1.5485063910941494,0.0,6.2875562317945635,-0.119690014898298,78.02392566171429
-0.508869835157331,0.0,0.8506079603635661,0.0,1.5491222856856137,0.0,6.287573682846418,-0.12097001489829884,77.88222401174669
-0.509490605067012,0.0,0.850245506320597,0.0,1.5497381860402748,0.0,6.287591117704714,-0.12225001489829923,77.74063585147212
-0.5101113777306983,0.0,0.8498824420088876,0.0,1.5503540921528622,0.0,6.287608536390936,-0.12353001489829829,77.59916117956277
-0.510732153145953,0.0,0.8495187666418961,0.0,1.5509700040181151,0.0,6.287625938926512,-0.12481001489829913,77.45779999479537
-0.5113529313103389,0.0,0.8491544794304219,0.0,1.551585921630777,0.0,6.287643325332856,-0.12609001489829819,77.31655229586238
-0.5119737122214216,0.0,0.8487895795825912,0.0,1.5522018449855994,0.0,6.287660695631308,-0.12737001489829902,77.17541808145842
-0.5125944958767688,0.0,0.8484240663038495,0.0,1.5528177740773375,0.0,6.287678049843222,-0.12865001489829808,77.03439735023935
-0.5132152822739519,0.0,0.848057938796945,0.0,1.5534337089007562,0.0,6.287695387989866,-0.12993001489829803,76.89349010086882
-0.5138360714105445,0.0,0.8476911962619208,0.0,1.5540496494506246,0.0,6.287712710092505,-0.13121001489829842,76.75269633198783
-0.5144568632841222,0.0,0.8473238378961022,0.0,1.554665595721719,0.0,6.287730016172348,-0.13249001489829837,76.61201604219738
-0.5150776578922636,0.0,0.846955862894083,0.0,1.5552815477088224,0.0,6.287747306250576,-0.13377001489829787,76.47144923012125
-0.5156984552325504,0.0,0.8465872704477178,0.0,1.5558975054067234,0.0,6.287764580348337,-0.13505001489829915,76.33099589434607
-0.5163192553025663,0.0,0.8462180597461059,0.0,1.5565134688102176,0.0,6.287781838486738,-0.13633001489829866,76.19065603344464
-0.5169400580998968,0.0,0.8458482299755821,0.0,1.5571294379141065,0.0,6.287799080686838,-0.13761001489829772,76.05042964598037
-0.5175608636221323,0.0,0.8454777803197036,0.0,1.5577454127131989,0.0,6.287816306969687,-0.13889001489829855,75.91031673048259
-0.5181816718668619,0.0,0.8451067099592389,0.0,1.5583613932023084,0.0,6.2878335173562725,-0.1401700148982985,75.77031728547546
-0.5188024828316808,0.0,0.8447350180721541,0.0,1.558977379376256,0.0,6.287850711867562,-0.14145001489829845,75.63043130947155
-0.5194232965141857,0.0,0.8443627038336016,0.0,1.5595933712298693,0.0,6.287867890524481,-0.14273001489829884,75.49065880095594
-0.5200441129119746,0.0,0.8439897664159087,0.0,1.5602093687579808,0.0,6.287885053347918,-0.14401001489829834,75.3509997584485
-0.5206649320226504,0.0,0.8436162049885629,0.0,1.560825371955431,0.0,6.28790220035873,-0.14529001489829874,75.21145418036086
-0.5212857538438159,0.0,0.8432420187182015,0.0,1.5614413808170662,0.0,6.287919331577731,-0.14657001489829913,75.07202206518103
-0.521906578373079,0.0,0.842867206768599,0.0,1.5620573953377377,0.0,6.28793644702571,-0.14785001489829908,74.93270341133197
-0.5225274056080464,0.0,0.842491768300654,0.0,1.5626734155123043,0.0,6.2879535467234104,-0.14913001489829858,74.7934982172317
-0.5231482355463315,0.0,0.8421157024723757,0.0,1.5632894413356313,0.0,6.287970630691543,-0.15041001489829897,74.65440648126159
-0.5237690681855474,0.0,0.8417390084388728,0.0,1.5639054728025892,0.0,6.287987698950793,-0.15169001489829892,74.51542820184571
-0.5243899035233117,0.0,0.8413616853523395,0.0,1.5645215099080556,0.0,6.288004751521791,-0.15297001489829887,74.37656337736938
-0.5250107415572426,0.0,0.8409837323620435,0.0,1.5651375526469138,0.0,6.288021788425146,-0.15425001489829837,74.2378120061612
-0.525631582284962,0.0,0.8406051486143122,0.0,1.5657536010140538,0.0,6.2880388096814315,-0.15553001489829832,74.09917408660372
-0.526252425704095,0.0,0.8402259332525207,0.0,1.5663696550043718,0.0,6.288055815311184,-0.15681001489829915,73.96064961700607
-0.5268732718122652,0.0,0.8398460854170783,0.0,1.5669857146127686,0.0,6.288072805334894,-0.15809001489829821,73.82223859570125
-0.5274941206071044,0.0,0.8394656042454134,0.0,1.5676017798341542,0.0,6.2880897797730375,-0.15937001489829816,73.68394102099339
-0.5281149720862444,0.0,0.8390844888719637,0.0,1.5682178506634425,0.0,6.288106738646041,-0.16065001489829944,73.54575689118866
-0.5287358262473164,0.0,0.8387027384281613,0.0,1.568833927095554,0.0,6.288123681974299,-0.1619300148982994,73.4076862045492
-0.529356683087959,0.0,0.8383203520424183,0.0,1.569450009125415,0.0,6.288140609778172,-0.163210014898298,73.26972895937826
-0.5299775426058116,0.0,0.8379373288401138,0.0,1.5700660967479598,0.0,6.288157522077993,-0.16449001489829795,73.13188515391083
-0.5305984047985141,0.0,0.8375536679435819,0.0,1.5706821899581267,0.0,6.288174418894045,-0.1657700148982988,72.9941547863802
-0.5312192696637106,0.0,0.8371693684720967,0.0,1.5712982887508602,0.0,6.2881913002465835,-0.16705001489829785,72.85653785502772
-0.5318401371990479,0.0,0.8367844295418573,0.0,1.571914393121113,0.0,6.288208166155839,-0.16833001489829913,72.71903435808261
-0.5324610074021751,0.0,0.8363988502659758,0.0,1.572530503063842,0.0,6.288225016641992,-0.1696100148982982,72.58164429374807
-0.5330818802707425,0.0,0.8360126297544651,0.0,1.5731466185740102,0.0,6.2882418517252034,-0.17089001489829858,72.44436766020144
-0.5337027558024044,0.0,0.8356257671142195,0.0,1.5737627396465883,0.0,6.288258671425581,-0.17217001489829942,72.30720445563583
-0.5343236339948165,0.0,0.8352382614490068,0.0,1.5743788662765505,0.0,6.288275475763222,-0.17345001489829848,72.17015467823177
-0.5349445148456387,0.0,0.8348501118594486,0.0,1.5749949984588802,0.0,6.288292264758173,-0.17473001489829887,72.03321832613581
-0.5355653983525299,0.0,0.8344613174430109,0.0,1.5756111361885643,0.0,6.288309038430447,-0.17601001489829882,71.89639539751259
-0.5361862845131546,0.0,0.8340718772939874,0.0,1.5762272794605963,0.0,6.288325796800034,-0.17729001489829876,71.75968589047476
-0.5368071733251787,0.0,0.8336817905034831,0.0,1.5768434282699768,0.0,6.288342539886876,-0.17857001489829916,71.62308980314346
-0.5374280647862715,0.0,0.833291056159404,0.0,1.5774595826117117,0.0,6.28835926771089,-0.1798500148982991,71.4866071336765
-0.538048958894102,0.0,0.8328996733464403,0.0,1.5780757424808125,0.0,6.288375980291958,-0.18113001489829905,71.35023788014885
-0.538669855646344,0.0,0.8325076411460512,0.0,1.5786919078722972,0.0,6.288392677649929,-0.1824100148982981,71.21398204064906
-0.5392907550406726,0.0,0.832114958636452,0.0,1.57930807878119,0.0,6.288409359804616,-0.18369001489829895,71.07783961324955
-0.5399116570747664,0.0,0.8317216248925963,0.0,1.5799242552025206,0.0,6.288426026775798,-0.1849700148982989,70.94181059604597
-0.5405325617463066,0.0,0.8313276389861638,0.0,1.5805404371313252,0.0,6.288442678583216,-0.1862500148982984,70.80589498710025
-0.541153469052974,0.0,0.8309329999855455,0.0,1.581156624562645,0.0,6.288459315246601,-0.18753001489829924,70.67009278443474
-0.5417743789924544,0.0,0.8305377069558254,0.0,1.5817728174915278,0.0,6.288475936785617,-0.1888100148982983,70.53440398612585
-0.5423952915624367,0.0,0.8301417589587675,0.0,1.5823890159130285,0.0,6.288492543219914,-0.19009001489829913,70.39882859018121
-0.5430162067606102,0.0,0.8297451550528014,0.0,1.5830052198222055,0.0,6.2885091345691135,-0.1913700148982982,70.26336659464347
-0.5436371245846655,0.0,0.8293478942930056,0.0,1.5836214292141249,0.0,6.288525710852783,-0.19265001489829858,70.12801799750153
-0.5442580450323005,0.0,0.8289499757310901,0.0,1.5842376440838584,0.0,6.288542272090482,-0.1939300148982981,69.99278279676476
-0.5448789681012092,0.0,0.828551398415386,0.0,1.5848538644264831,0.0,6.288558818301716,-0.19521001489829892,69.8576609904511
-0.5454998937890929,0.0,0.8281521613908243,0.0,1.5854700902370822,0.0,6.28857534950597,-0.19649001489829887,69.72265257651382
-0.5461208220936532,0.0,0.827752263698923,0.0,1.586086321510745,0.0,6.288591865722694,-0.19777001489829882,69.5877575529384
-0.5467417530125939,0.0,0.8273517043777707,0.0,1.586702558242567,0.0,6.288608366971298,-0.19905001489829877,69.45297591769618
-0.5473626865436232,0.0,0.8269504824620103,0.0,1.5873188004276488,0.0,6.288624853271177,-0.20033001489829871,69.31830766875423
-0.5479836226844472,0.0,0.826548596982824,0.0,1.5879350480610972,0.0,6.288641324641661,-0.20161001489829866,69.18375280404696
-0.5486045614327794,0.0,0.826146046967916,0.0,1.5885513011380243,0.0,6.2886577811020885,-0.2028900148982986,69.04931132152167
-0.5492255027863334,0.0,0.8257428314414944,0.0,1.58916755965355,0.0,6.288674222671731,-0.20417001489829856,68.91498321911517
-0.549846446742825,0.0,0.8253389494242608,0.0,1.5897838236027975,0.0,6.288690649369849,-0.2054500148982994,68.78076849475825
-0.5504673932999721,0.0,0.8249343999333866,0.0,1.5904000929808972,0.0,6.288707061215659,-0.20673001489829934,68.64666714635123
-0.5510883424554959,0.0,0.8245291819825018,0.0,1.591016367782985,0.0,6.288723458228351,-0.20801001489829973,68.51267917182132
-0.5517092942071189,0.0,0.8241232945816749,0.0,1.5916326480042022,0.0,6.288739840427079,-0.2092900148982988,68.37880456906205
-0.5523302485525677,0.0,0.8237167367373965,0.0,1.5922489336396977,0.0,6.288756207830956,-0.21057001489829874,68.2450433359807
-0.5529512054895699,0.0,0.8233095074525666,0.0,1.5928652246846235,0.0,6.288772560459094,-0.21185001489829913,68.11139547045565
-0.5535721650158538,0.0,0.8229016057264722,0.0,1.5934815211341389,0.0,6.288788898330542,-0.21313001489829908,67.97786097035805
-0.5541931271291545,0.0,0.8224930305547711,0.0,1.5940978229834093,0.0,6.288805221464322,-0.21441001489829903,67.8444398335793
-0.5548140918272043,0.0,0.8220837809294786,0.0,1.5947141302276047,0.0,6.288821529879436,-0.21569001489829853,67.71113205799656
-0.5554350591077425,0.0,0.8216738558389445,0.0,1.5953304428619022,0.0,6.288837823594846,-0.21697001489829937,67.57793764144813
-0.5560560289685071,0.0,0.8212632542678414,0.0,1.5959467608814828,0.0,6.288854102629482,-0.21825001489829887,67.444856581791
-0.55667700140724,0.0,0.8208519751971419,0.0,1.5965630842815353,0.0,6.288870367002248,-0.21953001489829882,67.31188887689417
-0.5572979764216859,0.0,0.8204400176041051,0.0,1.5971794130572525,0.0,6.2888866167320066,-0.2208100148982992,67.17903452458967
-0.5579189540095907,0.0,0.820027380462256,0.0,1.597795747203834,0.0,6.288902851837593,-0.22209001489829916,67.04629352269052
-0.558539934168702,0.0,0.8196140627413695,0.0,1.5984120867164844,0.0,6.288919072337826,-0.22337001489829866,66.91366586905397
-0.5591609168967729,0.0,0.8192000634074499,0.0,1.599028431590415,0.0,6.288935278251463,-0.22465001489829906,66.78115156151213
-0.5597819021915549,0.0,0.818785381422717,0.0,1.5996447818208412,0.0,6.2889514695972535,-0.22593001489829856,66.64875059786877
-0.5604028900508043,0.0,0.8183700157455829,0.0,1.6002611374029856,0.0,6.2889676463939095,-0.2272100148982994,66.51646297593817
-0.5610238804722786,0.0,0.8179539653306379,0.0,1.600877498332075,0.0,6.288983808660103,-0.22849001489829845,66.38428869353311
-0.5616448734537389,0.0,0.8175372291286285,0.0,1.6014938646033439,0.0,6.288999956414495,-0.22977001489829885,66.25222774847153
-0.5622658689929468,0.0,0.8171198060864417,0.0,1.6021102362120303,0.0,6.289016089675687,-0.23105001489829924,66.12028013851572
-0.5628868670876662,0.0,0.8167016951470858,0.0,1.6027266131533784,0.0,6.289032208462274,-0.23233001489829874,65.98844586149232
-0.5635078677356656,0.0,0.8162828952496682,0.0,1.6033429954226395,0.0,6.289048312792814,-0.2336100148982987,65.85672491518473
-0.5641288709347134,0.0,0.8158634053293816,0.0,1.6039593830150685,0.0,6.2890644026858284,-0.2348900148982982,65.72511729738238
-0.5647498766825828,0.0,0.8154432243174807,0.0,1.6045757759259276,0.0,6.289080478159807,-0.23617001489829903,65.59362300587797
-0.5653708849770454,0.0,0.8150223511412674,0.0,1.6051921741504827,0.0,6.289096539233212,-0.23745001489829898,65.46224203842404
-0.5659918958158772,0.0,0.8146007847240667,0.0,1.6058085776840065,0.0,6.289112585924479,-0.23873001489829893,65.3309743927935
-0.5666129091968585,0.0,0.8141785239852083,0.0,1.6064249865217783,0.0,6.289128618252004,-0.24001001489829887,65.1998200667804
-0.5672339251177672,0.0,0.8137555678400118,0.0,1.6070414006590803,0.0,6.289144636234163,-0.24129001489829882,65.06877905814115
-0.5678549435763887,0.0,0.8133319151997601,0.0,1.6076578200912026,0.0,6.289160639889294,-0.24257001489829877,64.93785136463457
-0.568475964570507,0.0,0.8129075649716843,0.0,1.60827424481344,0.0,6.289176629235704,-0.24385001489829916,64.80703698401814
-0.5690969880979103,0.0,0.8124825160589412,0.0,1.6088906748210927,0.0,6.289192604291672,-0.24513001489829955,64.67633591406945
-0.569718014156386,0.0,0.8120567673605966,0.0,1.6095071101094662,0.0,6.289208565075447,-0.2464100148982986,64.54574815252523
-0.5703390427437283,0.0,0.8116303177716003,0.0,1.6101235506738727,0.0,6.2892245116052425,-0.2476900148982999,64.4152736971276
-0.5709600738577302,0.0,0.8112031661827691,0.0,1.6107399965096285,0.0,6.289240443899254,-0.24897001489829895,64.28491254565986
-0.5715811074961861,0.0,0.8107753114807673,0.0,1.6113564476120557,0.0,6.2892563619756325,-0.2502500148982989,64.15466469582313
-0.5722021436568994,0.0,0.8103467525480796,0.0,1.6119729039764834,0.0,6.28927226585251,-0.2515300148982984,64.0245301454105
-0.5728231823376663,0.0,0.8099174882630014,0.0,1.612589365598244,0.0,6.2892881555479825,-0.25281001489829835,63.89450889212647
-0.5734442235362925,0.0,0.8094875174996058,0.0,1.613205832472677,0.0,6.289304031080113,-0.2540900148982992,63.764600933733135
-0.5740652672505812,0.0,0.8090568391277324,0.0,1.613822304595126,0.0,6.289319892466942,-0.25537001489829914,63.63480626795343
-0.5746863134783424,0.0,0.8086254520129588,0.0,1.6144387819609416,0.0,6.289335739726481,-0.25665001489829864,63.50512489255334
-0.5753073622173823,0.0,0.8081933550165866,0.0,1.6150552645654783,0.0,6.289351572876698,-0.2579300148982995,63.37555680522394
-0.5759284134655164,0.0,0.807760546995611,0.0,1.615671752404098,0.0,6.289367391935545,-0.2592100148982994,63.246102003752014
-0.5765494672205557,0.0,0.807327026802709,0.0,1.6162882454721654,0.0,6.289383196920945,-0.2604900148982989,63.1167604858174
-0.5771705234803168,0.0,0.8068927932862102,0.0,1.6169047437650526,0.0,6.289398987850779,-0.2617700148982989,62.987532249190316
-0.577791582242621,0.0,0.806457845290077,0.0,1.6175212472781373,0.0,6.28941476474291,-0.26305001489829927,62.858417291597306
-0.5784126435052863,0.0,0.806022181653885,0.0,1.6181377560068013,0.0,6.28943052761516,-0.26433001489829966,62.7294156107604
-0.5790337072661367,0.0,0.805585801212799,0.0,1.6187542699464321,0.0,6.2894462764853385,-0.26561001489829916,62.60052720441686
-0.5796547735229965,0.0,0.8051487027975494,0.0,1.6193707890924232,0.0,6.28946201137121,-0.2668900148982991,62.47175207028765
-0.5802758422736938,0.0,0.8047108852344118,0.0,1.6199873134401734,0.0,6.289477732290517,-0.26817001489829906,62.34309020612139
-0.5808969135160589,0.0,0.8042723473451833,0.0,1.6206038429850869,0.0,6.2894934392609745,-0.26945001489829945,62.2145416096445
-0.5815179872479203,0.0,0.8038330879471624,0.0,1.6212203777225715,0.0,6.289509132300259,-0.2707300148982985,62.08610627857382
-0.5821390634671141,0.0,0.8033931058531203,0.0,1.6218369176480434,0.0,6.289524811426023,-0.2720100148982989,61.95778421064998
-0.5827601421714758,0.0,0.8029523998712842,0.0,1.6224534627569218,0.0,6.289540476655899,-0.2732900148982984,61.82957540360004
-0.5833812233588439,0.0,0.8025109688053094,0.0,1.6230700130446327,0.0,6.289556128007471,-0.2745700148982988,61.701479855164735
-0.5840023070270588,0.0,0.8020688114542585,0.0,1.6236865685066064,0.0,6.289571765498314,-0.2758500148982992,61.5734975630777
-0.5846233931739622,0.0,0.8016259266125777,0.0,1.624303129138279,0.0,6.289587389145956,-0.2771300148983,61.445628525068905
-0.5852444817973987,0.0,0.8011823130700727,0.0,1.6249196949350915,0.0,6.289602998967914,-0.2784100148983,61.31787273888554
-0.5858655728952159,0.0,0.8007379696118838,0.0,1.6255362658924906,0.0,6.289618594981665,-0.2796900148982995,61.19023020224543
-0.5864866664652638,0.0,0.8002928950184627,0.0,1.6261528420059288,0.0,6.28963417720466,-0.28097001489829854,61.06270091292055
-0.5871077625053902,0.0,0.7998470880655508,0.0,1.6267694232708623,0.0,6.289649745654316,-0.28225001489829893,60.93528486861833
-0.5877288610134523,0.0,0.7994005475241491,0.0,1.6273860096827546,0.0,6.28966530034803,-0.2835300148982989,60.80798206710355
-0.5883499619873018,0.0,0.7989532721605009,0.0,1.6280026012370725,0.0,6.289680841303169,-0.28481001489829927,60.680792506092125
-0.5889710654248005,0.0,0.7985052607360583,0.0,1.6286191979292906,0.0,6.289696368537062,-0.28609001489829966,60.553716183388914
-0.5895921713238053,0.0,0.7980565120074685,0.0,1.6292357997548856,0.0,6.289711882067021,-0.2873700148982996,60.4267530966987
-0.5902132796821769,0.0,0.7976070247265399,0.0,1.629852406709341,0.0,6.289727381910325,-0.2886500148982982,60.29990324377576
-0.5908343904977821,0.0,0.7971567976402185,0.0,1.6304690187881468,0.0,6.289742868084227,-0.28993001489829906,60.17316662238596
-0.5914555037684865,0.0,0.7967058294905649,0.0,1.631085635986796,0.0,6.289758340605946,-0.2912100148982981,60.04654323030171
-0.5920766194921562,0.0,0.7962541190147303,0.0,1.6317022583007879,0.0,6.28977379949268,-0.29249001489829896,59.92003306524466
-0.5926977376666642,0.0,0.7958016649449235,0.0,1.6323188857256272,0.0,6.289789244761591,-0.2937700148982989,59.79363612503004
-0.5933188582898815,0.0,0.7953484660083932,0.0,1.6329355182568237,0.0,6.289804676429817,-0.29505001489829974,59.667352407407805
-0.593939981359684,0.0,0.7948945209273971,0.0,1.633552155889892,0.0,6.2898200945144715,-0.29633001489829836,59.541181910140125
-0.5945611068739468,0.0,0.7944398284191787,0.0,1.6341687986203517,0.0,6.289835499032632,-0.29761001489829875,59.41512463101434
-0.595182234830551,0.0,0.7939843871959369,0.0,1.6347854464437286,0.0,6.289850890001357,-0.29889001489829914,59.28918056781385
-0.5958033652273742,0.0,0.7935281959648044,0.0,1.6354020993555525,0.0,6.289866267437669,-0.3001700148982991,59.163349718299884
-0.5964244980623037,0.0,0.7930712534278153,0.0,1.6360187573513596,0.0,6.289881631358568,-0.3014500148982999,59.037632080298835
-0.597045633333221,0.0,0.7926135582818846,0.0,1.6366354204266895,0.0,6.289896981781022,-0.302730014898299,58.91202765157868
-0.597666771038015,0.0,0.7921551092187749,0.0,1.637252088577089,0.0,6.2899123187219725,-0.30401001489829893,58.786536429942174
-0.5982879111745757,0.0,0.7916959049250721,0.0,1.6378687617981091,0.0,6.289927642198346,-0.3052900148982989,58.661158413216214
-0.5989090537407932,0.0,0.7912359440821599,0.0,1.638485440085305,0.0,6.289942952227014,-0.30657001489829927,58.53589359917091
-0.5995301987345618,0.0,0.7907752253661867,0.0,1.639102123434239,0.0,6.289958248824842,-0.30785001489829966,58.41074198563722
-0.6001513461537781,0.0,0.7903137474480413,0.0,1.6397188118404766,0.0,6.289973532008667,-0.3091300148982983,58.28570357045937
-0.600772495996339,0.0,0.7898515089933263,0.0,1.64033550529959,0.0,6.289988801795285,-0.31041001489829956,58.16077835143799
-0.6013936482601434,0.0,0.7893885086623268,0.0,1.6409522038071547,0.0,6.290004058201484,-0.3116900148982995,58.035966326407056
-0.6020148029430936,0.0,0.7889247451099812,0.0,1.6415689073587527,0.0,6.290019301244007,-0.312970014898299,57.91126749320249
-0.6026359600430955,0.0,0.7884602169858547,0.0,1.6421856159499713,0.0,6.290034530939572,-0.31425001489829896,57.786681849685415
-0.6032571195580528,0.0,0.7879949229341116,0.0,1.6428023295764016,0.0,6.290049747304884,-0.31553001489829935,57.66220939368095
-0.6038782814858756,0.0,0.787528861593482,0.0,1.6434190482336406,0.0,6.290064950356611,-0.31681001489829885,57.53785012307416
-0.6044994458244736,0.0,0.7870620315972355,0.0,1.644035771917291,0.0,6.290080140111387,-0.3180900148982988,57.41360403570924
-0.6051206125717581,0.0,0.7865944315731521,0.0,1.6446525006229584,0.0,6.29009531658583,-0.3193700148982992,57.2894711294606
-0.6057417817256436,0.0,0.7861260601434911,0.0,1.6452692343462554,0.0,6.29011047979653,-0.32065001489829914,57.16545140220774
-0.606362953284047,0.0,0.78565691592496,0.0,1.6458859730827988,0.0,6.290125629760041,-0.32193001489829864,57.04154485182963
-0.6069841272448873,0.0,0.7851869975286865,0.0,1.6465027168282114,0.0,6.2901407664928985,-0.3232100148982986,56.91775147623382
-0.6076053036060842,0.0,0.7847163035601878,0.0,1.6471194655781194,0.0,6.290155890011606,-0.324490014898299,56.79407127330882
-0.6082264823655612,0.0,0.7842448326193393,0.0,1.6477362193281555,0.0,6.290171000332654,-0.3257700148982994,56.67050424096406
-0.6088476635212416,0.0,0.7837725833003448,0.0,1.648352978073956,0.0,6.290186097472485,-0.3270500148982993,56.54705037712144
-0.6094688470710536,0.0,0.7832995541917023,0.0,1.648969741811164,0.0,6.290201181447519,-0.3283300148982988,56.423709679716744
-0.6100900330129235,0.0,0.7828257438761794,0.0,1.6495865105354253,0.0,6.290216252274171,-0.3296100148982988,56.300482146651774
-0.6107112213447848,0.0,0.7823511509307729,0.0,1.6502032842423933,0.0,6.290231309968809,-0.33089001489829917,56.1773677758934
-0.6113324120645695,0.0,0.7818757739266844,0.0,1.6508200629277243,0.0,6.290246354547772,-0.33217001489829956,56.05436656538737
-0.6119536051702121,0.0,0.7813996114292863,0.0,1.6514368465870801,0.0,6.290261386027386,-0.33345001489829906,55.93147851309476
-0.6125748006596488,0.0,0.7809226619980879,0.0,1.6520536352161277,0.0,6.290276404423941,-0.334730014898299,55.80870361698302
-0.6131959985308191,0.0,0.7804449241867042,0.0,1.6526704288105392,0.0,6.2902914097537055,-0.33601001489829896,55.686041875016755
-0.6138171987816651,0.0,0.779966396542823,0.0,1.6532872273659913,0.0,6.290306402032923,-0.33729001489829935,55.56349328521917
-0.614438401410128,0.0,0.7794870776081736,0.0,1.6539040308781658,0.0,6.290321381277805,-0.33857001489829974,55.44105784556002
-0.6150596064141528,0.0,0.7790069659184915,0.0,1.6545208393427493,0.0,6.290336347504535,-0.3398500148982997,55.31873555405273
-0.6156808137916882,0.0,0.7785260600034853,0.0,1.6551376527554331,0.0,6.2903513007292835,-0.3411300148982992,55.19652640871822
-0.6163020235406815,0.0,0.7780443583868053,0.0,1.6557544711119145,0.0,6.290366240968182,-0.3424100148982996,55.07443040758342
-0.6169232356590844,0.0,0.7775618595860072,0.0,1.6563712944078939,0.0,6.29038116823734,-0.34369001489829953,54.9524475486903
-0.617544450144849,0.0,0.7770785621125186,0.0,1.6569881226390781,0.0,6.29039608255284,-0.34497001489829904,54.830577830084806
-0.6181656669959318,0.0,0.7765944644716058,0.0,1.657604955801178,0.0,6.290410983930747,-0.34625001489829943,54.7088212498239
-0.6187868862102889,0.0,0.7761095651623378,0.0,1.6582217938899098,0.0,6.290425872387086,-0.34753001489829893,54.58717780600077
-0.6194081077858803,0.0,0.7756238626775513,0.0,1.6588386369009949,0.0,6.290440747937861,-0.3488100148982993,54.46564749667866
-0.6200293317206655,0.0,0.7751373555038181,0.0,1.6594554848301584,0.0,6.290455610599055,-0.35009001489829883,54.34423031994433
-0.6206505580126076,0.0,0.7746500421214084,0.0,1.6600723376731303,0.0,6.290470460386625,-0.3513700148982988,54.22292627392118
-0.6212717866596729,0.0,0.7741619210042507,0.0,1.660689195425648,0.0,6.2904852973164935,-0.35265001489829917,54.10173535673033
-0.621893017659827,0.0,0.7736729906199052,0.0,1.66130605808345,0.0,6.290500121404574,-0.3539300148982991,53.98065756649622
-0.6225142510110402,0.0,0.773183249429519,0.0,1.6619229256422823,0.0,6.290514932666733,-0.35521001489829906,53.85969290135366
-0.6231354867112837,0.0,0.7726926958877933,0.0,1.662539798097895,0.0,6.29052973111883,-0.35649001489829946,53.73884135948241
-0.6237567247585282,0.0,0.7722013284429494,0.0,1.6631566754460423,0.0,6.290544516776686,-0.3577700148982994,53.6181029390209
-0.6243779651507497,0.0,0.7717091455366861,0.0,1.663773557682484,0.0,6.290559289656105,-0.3590500148982998,53.49747763817429
-0.6249992078859273,0.0,0.7712161456041444,0.0,1.664390444802985,0.0,6.290574049772862,-0.3603300148982993,53.37696545513522
-0.6256204529620359,0.0,0.7707223270738756,0.0,1.6650073368033134,0.0,6.290588797142707,-0.3616100148982988,53.256566388082106
-0.626241700377059,0.0,0.7702276883677931,0.0,1.6656242336792444,0.0,6.290603531781364,-0.36289001489829964,53.13628043526245
-0.6268629501289784,0.0,0.769732227901144,0.0,1.6662411354265556,0.0,6.290618253704538,-0.36417001489830003,53.01610759490979
-0.6274842022157804,0.0,0.7692359440824637,0.0,1.6668580420410315,0.0,6.290632962927893,-0.3654500148982991,52.89604786527297
-0.6281054566354493,0.0,0.7687388353135425,0.0,1.6674749535184599,0.0,6.290647659467085,-0.3667300148982986,52.77610124461285
-0.628726713385975,0.0,0.7682408999893838,0.0,1.6680918698546339,0.0,6.290662343337738,-0.36801001489829854,52.656267731206924
-0.6293479724653488,0.0,0.7677421364981646,0.0,1.6687087910453517,0.0,6.2906770145554525,-0.3692900148982998,52.53654732334064
-0.6299692338715612,0.0,0.7672425432211987,0.0,1.6693257170864149,0.0,6.290691673135797,-0.3705700148982993,52.41694001931579
-0.6305904976026088,0.0,0.7667421185328924,0.0,1.6699426479736312,0.0,6.290706319094324,-0.37185001489829883,52.29744581747943
-0.6312117636564877,0.0,0.7662408608007077,0.0,1.6705595837028138,0.0,6.2907209524465575,-0.3731300148982992,52.17806471614628
-0.6318330320311953,0.0,0.7657387683851243,0.0,1.6711765242697776,0.0,6.290735573207998,-0.37441001489830006,52.05879671367768
-0.6324543027247339,0.0,0.7652358396395907,0.0,1.6717934696703447,0.0,6.290750181394119,-0.37569001489829956,51.939641808438054
-0.6330755757351023,0.0,0.7647320729104924,0.0,1.6724104199003411,0.0,6.2907647770203745,-0.3769700148982995,51.820599998805555
-0.6336968510603084,0.0,0.7642274665371027,0.0,1.6730273749555982,0.0,6.290779360102182,-0.378250014898299,51.70167128318795
-0.6343181286983565,0.0,0.7637220188515462,0.0,1.6736443348319512,0.0,6.290793930654946,-0.37953001489829896,51.58285566000666
-0.6349394086472553,0.0,0.763215728178756,0.0,1.6742612995252402,0.0,6.290808488694042,-0.3808100148982989,51.46415312768164
-0.6355606909050147,0.0,0.7627085928364282,0.0,1.6748782690313104,0.0,6.290823034234822,-0.3820900148982993,51.345563684677956
-0.6361819754696451,0.0,0.762200611134985,0.0,1.6754952433460106,0.0,6.2908375672926065,-0.38337001489829925,51.22708732942151
-0.6368032623391631,0.0,0.7616917813775246,0.0,1.6761122224651959,0.0,6.290852087882709,-0.38465001489829964,51.108724060439116
-0.6374245515115821,0.0,0.7611821018597839,0.0,1.6767292063847241,0.0,6.2908665960204,-0.3859300148982996,50.99047387621809
-0.6380458429849211,0.0,0.7606715708700905,0.0,1.6773461951004598,0.0,6.290881091720932,-0.38721001489829954,50.87233677524944
-0.6386671367572004,0.0,0.7601601866893217,0.0,1.6779631886082713,0.0,6.29089557499954,-0.3884900148982995,50.75431275611324
-0.63928843282644,0.0,0.7596479475908603,0.0,1.6785801869040307,0.0,6.290910045871425,-0.3897700148982999,50.636401817332505
-0.6399097311906639,0.0,0.7591348518405481,0.0,1.679197189983615,0.0,6.2909245043517625,-0.3910500148982998,50.51860395748037
-0.640531031847897,0.0,0.7586208976966407,0.0,1.6798141978429066,0.0,6.2909389504557245,-0.39233001489829933,50.400919175151415
-0.6411523347961663,0.0,0.7581060834097634,0.0,1.6804312104777923,0.0,6.290953384198425,-0.3936100148982984,50.2833474689476
-0.641773640033503,0.0,0.7575904072228641,0.0,1.681048227884164,0.0,6.2909678055949865,-0.3948900148982992,50.16588883750643
-0.6423949475579361,0.0,0.7570738673711707,0.0,1.6816652500579168,0.0,6.290982214660484,-0.3961700148982996,50.04854327946326
-0.6430162573674988,0.0,0.7565564620821407,0.0,1.6822822769949504,0.0,6.290996611409984,-0.3974500148982987,49.93131079348812
-0.6436375694602272,0.0,0.7560381895754135,0.0,1.6828993086911719,0.0,6.291010995858513,-0.39873001489829907,49.81419137826008
-0.6442588838341561,0.0,0.7555190480627706,0.0,1.6835163451424888,0.0,6.291025368021102,-0.4000100148982999,49.69718503248474
-0.6448802004873253,0.0,0.7549990357480783,0.0,1.684133386344816,0.0,6.291039727912718,-0.40129001489829896,49.58029175489173
-0.6455015194177744,0.0,0.7544781508272467,0.0,1.6847504322940725,0.0,6.291054075548339,-0.4025700148982998,49.46351154420984
-0.6461228406235476,0.0,0.7539563914881781,0.0,1.6853674829861816,0.0,6.291068410942904,-0.40385001489829975,49.346844399224835
-0.6467441641026866,0.0,0.7534337559107211,0.0,1.6859845384170702,0.0,6.291082734111329,-0.40513001489829925,49.23029031869967
-0.6473654898532398,0.0,0.7529102422666166,0.0,1.686601598582672,0.0,6.291097045068503,-0.4064100148983001,49.11384930145503
-0.6479868178732542,0.0,0.7523858487194547,0.0,1.6872186634789228,0.0,6.291111343829306,-0.40769001489829915,48.99752134630427
-0.648608148160779,0.0,0.7518605734246198,0.0,1.6878357331017648,0.0,6.291125630408573,-0.40897001489829954,48.8813064521013
-0.6492294807138675,0.0,0.7513344145292424,0.0,1.6884528074471437,0.0,6.291139904821137,-0.4102500148982995,48.765204617716755
-0.6498508155305713,0.0,0.7508073701721496,0.0,1.6890698865110092,0.0,6.291154167081791,-0.411530014898299,48.64921584202898
-0.6504721526089474,0.0,0.7502794384838105,0.0,1.6896869702893174,0.0,6.291168417205313,-0.4128100148982994,48.53334012395968
-0.6510934919470532,0.0,0.7497506175862871,0.0,1.6903040587780276,0.0,6.29118265520646,-0.4140900148983002,48.41757746244392
-0.6517148335429471,0.0,0.7492209055931843,0.0,1.6909211519731029,0.0,6.29119688109995,-0.4153700148982993,48.3019278564413
-0.6523361773946889,0.0,0.748690300609595,0.0,1.6915382498705116,0.0,6.2912110949005005,-0.4166500148982992,48.18639130490654
-0.6529575235003445,0.0,0.7481588007320432,0.0,1.6921553524662285,0.0,6.2912252966227875,-0.4179300148982996,48.070967806873895
-0.6535788718579758,0.0,0.7476264040484429,0.0,1.6927724597562288,0.0,6.291239486281472,-0.41921001489829957,47.95565736134178
-0.6542002224656511,0.0,0.7470931086380316,0.0,1.6933895717364955,0.0,6.291253663891193,-0.4204900148982995,47.84045996737307
-0.6548215753214383,0.0,0.7465589125713235,0.0,1.6940066884030147,0.0,6.291267829466561,-0.4217700148982999,47.7253756240336
-0.6554429304234084,0.0,0.7460238139100526,0.0,1.6946238097517776,0.0,6.291281983022166,-0.42305001489829985,47.61040433042634
-0.6560642877696324,0.0,0.7454878107071201,0.0,1.6952409357787785,0.0,6.2912961245725745,-0.42433001489829936,47.495546085659555
-0.6566856473581842,0.0,0.7449509010065376,0.0,1.6958580664800174,0.0,6.291310254132333,-0.42561001489829886,47.38080088887746
-0.6573070091871412,0.0,0.7444130828433678,0.0,1.696475201851499,0.0,6.29132437171596,-0.42689001489830014,47.26616873924112
-0.6579283732545783,0.0,0.7438743542436758,0.0,1.6970923418892303,0.0,6.2913384773379555,-0.42817001489829876,47.151649635967914
-0.6585497395585769,0.0,0.7433347132244658,0.0,1.6977094865892255,0.0,6.291352571012796,-0.4294500148982987,47.037243578242055
-0.6591711080972187,0.0,0.7427941577936251,0.0,1.698326635947502,0.0,6.291366652754932,-0.43073001489829954,46.92295056532239
-0.6597924788685848,0.0,0.7422526859498713,0.0,1.698943789960081,0.0,6.291380722578794,-0.4320100148983004,46.8087705964652
-0.6604138518707613,0.0,0.741710295682688,0.0,1.699560948622988,0.0,6.29139478049879,-0.43329001489829944,46.694703670981895
-0.6610352271018352,0.0,0.7411669849722687,0.0,1.7001781119322543,0.0,6.291408826529303,-0.43457001489829894,46.58074978817779
-0.6616566045598945,0.0,0.7406227517894581,0.0,1.700795279883915,0.0,6.291422860684696,-0.4358500148982998,46.466908947390046
-0.6622779842430302,0.0,0.7400775940956918,0.0,1.701412452474009,0.0,6.2914368829793075,-0.4371300148982997,46.353181147997795
-0.6628993661493331,0.0,0.7395315098429379,0.0,1.7020296296985797,0.0,6.291450893427454,-0.4384100148982992,46.23956638941099
-0.6635207502768979,0.0,0.7389844969736337,0.0,1.702646811553675,0.0,6.2914648920434315,-0.4396900148982992,46.1260646710232
-0.6641421366238212,0.0,0.7384365534206251,0.0,1.7032639980353481,0.0,6.291478878841509,-0.44097001489829957,46.012675992300295
-0.6647635251882004,0.0,0.7378876771071071,0.0,1.7038811891396555,0.0,6.291492853835942,-0.44225001489829907,45.89940035273955
-0.665384915968133,0.0,0.7373378659465621,0.0,1.7044983848626571,0.0,6.291506817040949,-0.44353001489829946,45.78623775181611
-0.6660063089617229,0.0,0.7367871178426912,0.0,1.7051155852004198,0.0,6.291520768470738,-0.4448100148982994,45.67318818907561
-0.6666277041670697,0.0,0.7362354306893613,0.0,1.7057327901490116,0.0,6.291534708139494,-0.44609001489829936,45.56025166407116
-0.6672491015822836,0.0,0.7356828023705275,0.0,1.7063499997045088,0.0,6.291548636061374,-0.4473700148982993,45.44742817641729
-0.6678705012054655,0.0,0.7351292307601861,0.0,1.7069672138629879,0.0,6.291562552250517,-0.44865001489829925,45.33471772569623
-0.668491903034727,0.0,0.7345747137222937,0.0,1.7075844326205323,0.0,6.291576456721039,-0.4499300148982992,45.22212031157721
-0.6691133070681767,0.0,0.7340192491107136,0.0,1.7082016559732283,0.0,6.291590349487036,-0.45121001489829915,45.109635933728015
-0.6697347133039263,0.0,0.7334628347691419,0.0,1.7088188839171679,0.0,6.291604230562576,-0.45249001489829954,44.997264591836135
-0.6703561217400931,0.0,0.7329054685310428,0.0,1.709436116448447,0.0,6.291618099961707,-0.45377001489829993,44.88500628568525
-0.6709775323747879,0.0,0.73234714821959,0.0,1.7100533535631641,0.0,6.291631957698462,-0.45505001489829944,44.77286101498368
-0.6715989452061302,0.0,0.7317878716475853,0.0,1.7106705952574244,0.0,6.291645803786844,-0.4563300148982994,44.66082877955654
-0.6722203602322385,0.0,0.7312276366174015,0.0,1.7112878415273358,0.0,6.291659638240836,-0.45761001489829933,44.54890957920936
-0.6728417774512342,0.0,0.7306664409209075,0.0,1.7119050923690111,0.0,6.291673461074403,-0.4588900148982997,44.437103413807996
-0.6734631968612392,0.0,0.7301042823394017,0.0,1.7125223477785672,0.0,6.291687272301482,-0.46017001489829923,44.32541028323456
-0.6740846184603788,0.0,0.7295411586435417,0.0,1.7131396077521253,0.0,6.291701071935995,-0.4614500148982996,44.21383018740765
-0.6747060422467788,0.0,0.7289770675932734,0.0,1.7137568722858108,0.0,6.291714859991832,-0.46273001489830046,44.10236312625633
-0.6753274682185657,0.0,0.7284120069377608,0.0,1.7143741413757527,0.0,6.291728636482874,-0.4640100148982995,43.99100909978158
-0.6759488963738718,0.0,0.7278459744153104,0.0,1.7149914150180863,0.0,6.291742401422971,-0.46529001489829946,43.87976810799283
-0.6765703267108255,0.0,0.7272789677533072,0.0,1.715608693208948,0.0,6.291756154825958,-0.4665700148982994,43.76864015091152
-0.6771917592275614,0.0,0.7267109846681321,0.0,1.7162259759444813,0.0,6.291769896705643,-0.46785001489829936,43.65762522862096
-0.6778131939222145,0.0,0.7261420228650941,0.0,1.7168432632208321,0.0,6.291783627075812,-0.46913001489829886,43.54672334122382
-0.6784346307929212,0.0,0.725572080038354,0.0,1.717460555034152,0.0,6.291797345950239,-0.4704100148982997,43.43593448886828
-0.6790560698378209,0.0,0.7250011538708507,0.0,1.718077851380595,0.0,6.291811053342663,-0.4716900148982992,43.32525867172808
-0.679677511055052,0.0,0.7244292420342255,0.0,1.7186951522563205,0.0,6.29182474926681,-0.4729700148982996,43.2146958899991
-0.6802989544427579,0.0,0.723856342188744,0.0,1.719312457657492,0.0,6.291838433736386,-0.47425001489829954,43.10424614392049
-0.6809203999990812,0.0,0.723282451983221,0.0,1.719929767580277,0.0,6.2918521067650675,-0.4755300148982995,42.99390943377149
-0.6815418477221672,0.0,0.7227075690549438,0.0,1.7205470820208464,0.0,6.291865768366522,-0.476810014898299,42.88368575986217
-0.6821632976101636,0.0,0.7221316910295902,0.0,1.7211644009753773,0.0,6.291879418554382,-0.47809001489829983,42.77357512251295
-0.6827847496612199,0.0,0.7215548155211533,0.0,1.7217817244400488,0.0,6.291893057342271,-0.47937001489829933,42.663577522129685
-0.6834062038734848,0.0,0.7209769401318614,0.0,1.7223990524110453,0.0,6.291906684743779,-0.48065001489829884,42.55369295909054
-0.6840276602451114,0.0,0.7203980624520954,0.0,1.7230163848845552,0.0,6.291920300772483,-0.4819300148982997,42.44392143385752
-0.684649118774255,0.0,0.7198181800603091,0.0,1.723633721856771,0.0,6.291933905441948,-0.4832100148982996,42.33426294692248
-0.6852705794590696,0.0,0.7192372905229479,0.0,1.7242510633238894,0.0,6.291947498765696,-0.4844900148983,42.22471749878591
-0.6858920422977135,0.0,0.7186553913943666,0.0,1.7248684092821105,0.0,6.291961080757241,-0.4857700148982991,42.1152850900022
-0.6865135072883444,0.0,0.7180724802167452,0.0,1.7254857597276392,0.0,6.291974651430077,-0.487050014898299,42.005965721149025
-0.6871349744291259,0.0,0.7174885545200018,0.0,1.7261031146566854,0.0,6.29198821079768,-0.4883300148982994,41.89675939287615
-0.68775644371822,0.0,0.7169036118217144,0.0,1.726720474065462,0.0,6.292001758873488,-0.48961001489830025,41.78766610583638
-0.6883779151537877,0.0,0.7163176496270336,0.0,1.7273378379501847,0.0,6.292015295670937,-0.49089001489829887,41.67868586072092
-0.6889993887339987,0.0,0.715730665428591,0.0,1.727955206307076,0.0,6.292028821203437,-0.4921700148982988,41.569818658263785
-0.689620864457021,0.0,0.7151426567064152,0.0,1.7285725791323623,0.0,6.2920423354843695,-0.49345001489829965,41.4610644992541
-0.6902423423210208,0.0,0.7145536209278505,0.0,1.7291899564222708,0.0,6.292055838527106,-0.49473001489830004,41.352423384485164
-0.6908638223241721,0.0,0.7139635555474568,0.0,1.7298073381730363,0.0,6.292069330344992,-0.4960100148982991,41.24389531481586
-0.6914853044646464,0.0,0.7133724580069285,0.0,1.7304247243808963,0.0,6.292082810951355,-0.4972900148982995,41.13548029113694
-0.6921067887406179,0.0,0.7127803257350006,0.0,1.7310421150420925,0.0,6.292096280359493,-0.4985700148982999,41.02717831436208
-0.6927282751502646,0.0,0.7121871561473578,0.0,1.7316595101528707,0.0,6.2921097385826945,-0.49985001489829983,40.91898938546649
-0.693349763691762,0.0,0.711592946646546,0.0,1.73227690970948,0.0,6.292123185634226,-0.5011300148982989,40.81091350546035
-0.6939712543632921,0.0,0.7109976946218726,0.0,1.7328943137081756,0.0,6.292136621527328,-0.5024100148982993,40.70295067537942
-0.6945927471630343,0.0,0.7104013974493216,0.0,1.733511722145214,0.0,6.292150046275221,-0.5036900148982992,40.59510089629559
-0.695214242089173,0.0,0.7098040524914508,0.0,1.7341291350168582,0.0,6.2921634598911105,-0.5049700148982996,40.48736416935235
-0.6958357391398917,0.0,0.7092056570973033,0.0,1.7347465523193732,0.0,6.292176862388177,-0.5062500148982991,40.3797404957039
-0.696457238313378,0.0,0.7086062086023053,0.0,1.7353639740490303,0.0,6.292190253779588,-0.5075300148982991,40.272229876558036
-0.6970787396078194,0.0,0.7080057043281742,0.0,1.7359814002021026,0.0,6.292203634078475,-0.5088100148982995,40.16483231315783
-0.6977002430214055,0.0,0.7074041415828172,0.0,1.7365988307748685,0.0,6.292217003297968,-0.510090014898299,40.05754780679593
-0.6983217485523272,0.0,0.706801517660235,0.0,1.7372162657636094,0.0,6.292230361451165,-0.5113700148982998,39.95037635878852
-0.698943256198778,0.0,0.7061978298404182,0.0,1.737833705164612,0.0,6.292243708551145,-0.5126500148982998,39.84331797051177
-0.6995647659589543,0.0,0.7055930753892481,0.0,1.7384511489741667,0.0,6.292257044610969,-0.5139300148982988,39.736372643398404
-0.7001862778310496,0.0,0.7049872515584009,0.0,1.7390685971885664,0.0,6.292270369643683,-0.5152100148982988,39.62954037886605
-0.7008077918132629,0.0,0.7043803555852336,0.0,1.73968604980411,0.0,6.292283683662297,-0.5164900148982987,39.522821178435095
-0.7014293079037955,0.0,0.703772384692689,0.0,1.7403035068170996,0.0,6.292296986679825,-0.5177700148983,39.41621504363469
-0.7020508261008469,0.0,0.7031633360891896,0.0,1.7409209682238405,0.0,6.292310278709236,-0.5190500148982995,39.30972197605054
-0.7026723464026208,0.0,0.7025532069685293,0.0,1.7415384340206426,0.0,6.292323559763497,-0.5203300148982986,39.20334197731279
-0.7032938688073228,0.0,0.7019419945097682,0.0,1.7421559042038206,0.0,6.292336829855552,-0.5216100148982985,39.09707504909153
-0.7039153933131579,0.0,0.7013296958771273,0.0,1.742773378769692,0.0,6.29235008899831,-0.5228900148982989,38.99092119310191
-0.704536919918334,0.0,0.7007163082198763,0.0,1.7433908577145782,0.0,6.292363337204683,-0.524170014898298,38.88488041109802
-0.7051584486210624,0.0,0.7001018286722249,0.0,1.744008341034806,0.0,6.292376574487547,-0.5254500148982988,38.77895270488203
-0.7057799794195526,0.0,0.6994862543532152,0.0,1.7446258287267036,0.0,6.29238980085977,-0.5267300148982987,38.673138076313826
-0.7064015123120203,0.0,0.6988695823666029,0.0,1.745243320786606,0.0,6.292403016334184,-0.5280100148982982,38.567436527285324
-0.7070230472966765,0.0,0.6982518098007544,0.0,1.7458608172108503,0.0,6.292416220923618,-0.5292900148982991,38.46184805970951
-0.7076445843717395,0.0,0.6976329337285236,0.0,1.7464783179957772,0.0,6.292429414640871,-0.5305700148982986,38.3563726756052
-0.7082661235354278,0.0,0.6970129512071411,0.0,1.7470958231377334,0.0,6.292442597498726,-0.5318500148982981,38.25101037699146
-0.7088876647859581,0.0,0.6963918592781011,0.0,1.7477133326330667,0.0,6.292455769509956,-0.5331300148982985,38.14576116593679
-0.7095092081215549,0.0,0.6957696549670342,0.0,1.748330846478132,0.0,6.29246893068729,-0.5344100148982984,38.04062504458197
-0.7101307535404379,0.0,0.695146335283603,0.0,1.7489483646692845,0.0,6.29248208104346,-0.5356900148982979,37.93560201508011
-0.7107523010408351,0.0,0.6945218972213685,0.0,1.7495658872028872,0.0,6.292495220591173,-0.5369700148982983,37.83069207966907
-0.7113738506209701,0.0,0.6938963377576803,0.0,1.7501834140753036,0.0,6.292508349343107,-0.5382500148982983,37.72589524060651
-0.7119954022790699,0.0,0.6932696538535505,0.0,1.7508009452829028,0.0,6.292521467311935,-0.5395300148982982,37.62121150020646
-0.7126169560133658,0.0,0.692641842453528,0.0,1.7514184808220572,0.0,6.292534574510303,-0.5408100148982982,37.516640860834556
-0.7132385118220869,0.0,0.6920129004855792,0.0,1.7520360206891437,0.0,6.292547670950836,-0.5420900148982981,37.412183324898265
-0.7138600697034687,0.0,0.6913828248609571,0.0,1.752653564880543,0.0,6.292560756646141,-0.5433700148982985,37.307838894875495
-0.714481629655742,0.0,0.6907516124740836,0.0,1.7532711133926382,0.0,6.29257383160881,-0.5446500148982985,37.203607573242046
-0.7151031916771435,0.0,0.6901192602024098,0.0,1.7538886662218178,0.0,6.292586895851411,-0.5459300148982975,37.099489362585885
-0.715724755765911,0.0,0.6894857649062958,0.0,1.754506223364474,0.0,6.292599949386495,-0.5472100148982979,36.995484265503656
-0.7163463219202838,0.0,0.6888511234288751,0.0,1.7551237848170025,0.0,6.292612992226595,-0.5484900148982974,36.89159228465565
-0.716967890138501,0.0,0.6882153325959275,0.0,1.7557413505758024,0.0,6.292626024384223,-0.5497700148982974,36.7878134227542
-0.7175894604188072,0.0,0.68757838921574,0.0,1.7563589206372778,0.0,6.292639045871871,-0.5510500148982973,36.68414768256546
-0.7182110327594459,0.0,0.6869402900789766,0.0,1.7569764949978361,0.0,6.292652056702006,-0.5523300148982973,36.58059506689453
-0.7188326071586598,0.0,0.6863010319585452,0.0,1.7575940736538873,0.0,6.292665056887095,-0.5536100148982968,36.47715557859691
-0.7194541836146979,0.0,0.6856606116094527,0.0,1.758211656601847,0.0,6.292678046439573,-0.554890014898298,36.373829220592434
-0.7200757621258084,0.0,0.6850190257686718,0.0,1.7588292438381334,0.0,6.292691025371852,-0.5561700148982971,36.27061599586124
-0.7206973426902422,0.0,0.6843762711549994,0.0,1.75944683535917,0.0,6.292703993696333,-0.5574500148982975,36.16751590740886
-0.7213189253062493,0.0,0.6837323444689196,0.0,1.7600644311613811,0.0,6.2927169514253976,-0.5587300148982974,36.06452895830481
-0.721940509972086,0.0,0.683087242392451,0.0,1.760682031241199,0.0,6.292729898571399,-0.5600100148982974,35.961655151677746
-0.7225620966860051,0.0,0.6824409615890141,0.0,1.7612996355950563,0.0,6.2927428351466865,-0.5612900148982969,35.85889449071679
-0.7231836854462631,0.0,0.6817934987032798,0.0,1.7619172442193907,0.0,6.292755761163585,-0.5625700148982973,35.756246978629086
-0.7238052762511191,0.0,0.6811448503610198,0.0,1.7625348571106438,0.0,6.292768676634395,-0.5638500148982972,35.65371261872754
-0.724426869098832,0.0,0.6804950131689652,0.0,1.7631524742652604,0.0,6.292781581571404,-0.5651300148982972,35.55129141432883
-0.7250484639876632,0.0,0.6798439837146494,0.0,1.7637700956796898,0.0,6.292794475986879,-0.5664100148982971,35.44898336884573
-0.7256700609158763,0.0,0.6791917585662606,0.0,1.7643877213503842,0.0,6.29280735989307,-0.5676900148982966,35.34678848571586
-0.7262916598817349,0.0,0.6785383342724866,0.0,1.7650053512738009,0.0,6.292820233302202,-0.568970014898297,35.24470676844062
-0.7269132608835064,0.0,0.6778837073623614,0.0,1.7656229854463994,0.0,6.2928330962264925,-0.570250014898297,35.14273822059822
-0.7275348639194564,0.0,0.6772278743451089,0.0,1.7662406238646435,0.0,6.292845948678128,-0.5715300148982969,35.04088284578843
-0.7281564689878557,0.0,0.676570831709984,0.0,1.766858266525001,0.0,6.292858790669293,-0.5728100148982964,34.939140647684944
-0.7287780760869748,0.0,0.675912575926111,0.0,1.7674759134239435,0.0,6.29287162221214,-0.5740900148982964,34.83751163002528
-0.729399685215085,0.0,0.6752531034423286,0.0,1.7680935645579459,0.0,6.292884443318804,-0.5753700148982972,34.735995796583445
-0.7300212963704609,0.0,0.6745924106870189,0.0,1.7687112199234865,0.0,6.292897254001401,-0.5766500148982958,34.63459315121888
-0.7306429095513789,0.0,0.6739304940679487,0.0,1.7693288795170492,0.0,6.292910054272041,-0.5779300148982967,34.53330369781813
-0.731264524756113,0.0,0.6732673499721031,0.0,1.7699465433351185,0.0,6.292922844142804,-0.579210014898297,34.43212744032831
-0.7318861419829447,0.0,0.6726029747655111,0.0,1.7705642113741855,0.0,6.292935623625753,-0.5804900148982965,34.33106438279665
-0.7325077612301527,0.0,0.6719373647930835,0.0,1.7711818836307434,0.0,6.292948392732937,-0.5817700148982969,34.23011452927116
-0.7331293824960187,0.0,0.6712705163784368,0.0,1.771799560101289,0.0,6.292961151476379,-0.5830500148982964,34.129277883902915
-0.7337510057788268,0.0,0.6706024258237203,0.0,1.7724172407823242,0.0,6.292973899868094,-0.584330014898296,34.028554450874125
-0.734372631076861,0.0,0.6699330894094413,0.0,1.7730349256703537,0.0,6.292986637920072,-0.5856100148982959,33.927944234436914
-0.7349942583884083,0.0,0.6692625033942889,0.0,1.7736526147618854,0.0,6.292999365644287,-0.5868900148982967,33.827447238913265
-0.7356158877117563,0.0,0.6685906640149527,0.0,1.7742703080534314,0.0,6.293012083052695,-0.5881700148982967,33.72706346867426
-0.7362375190451929,0.0,0.6679175674859454,0.0,1.774888005541507,0.0,6.293024790157237,-0.5894500148982962,33.62679292814125
-0.7368591523870105,0.0,0.6672432099994151,0.0,1.7755057072226321,0.0,6.29303748696983,-0.5907300148982966,33.526635621814705
-0.7374807877355013,0.0,0.6665675877249633,0.0,1.7761234130933292,0.0,6.293050173502374,-0.5920100148982956,33.42659155424976
-0.7381024250889603,0.0,0.6658906968094586,0.0,1.7767411231501258,0.0,6.293062849766757,-0.593290014898296,33.32666073006068
-0.7387240644456804,0.0,0.6652125333768478,0.0,1.7773588373895508,0.0,6.29307551577484,-0.5945700148982955,33.22684315392863
-0.7393457058039608,0.0,0.6645330935279623,0.0,1.7779765558081393,0.0,6.293088171538478,-0.5958500148982955,33.1271388305895
-0.739967349162101,0.0,0.6638523733403273,0.0,1.778594278402429,0.0,6.293100817069495,-0.5971300148982954,33.02754776485761
-0.7405889945183977,0.0,0.6631703688679705,0.0,1.7792120051689595,0.0,6.293113452379706,-0.5984100148982949,32.92806996158006
-0.7412106418711559,0.0,0.6624870761412154,0.0,1.7798297361042772,0.0,6.293126077480906,-0.5996900148982949,32.82870542570112
-0.7418322912186771,0.0,0.6618024911664916,0.0,1.78044747120493,0.0,6.293138692384876,-0.6009700148982953,32.72945416220115
-0.7424539425592659,0.0,0.6611166099261291,0.0,1.7810652104674696,0.0,6.293151297103368,-0.6022500148982952,32.63031617614867
-0.7430755958912293,0.0,0.660429428378154,0.0,1.7816829538884518,0.0,6.293163891648128,-0.6035300148982956,32.53129147265312
-0.7436972512128747,0.0,0.6597409424560836,0.0,1.7823007014644359,0.0,6.293176476030881,-0.6048100148982951,32.432380056905195
-0.7443189085225115,0.0,0.6590511480687197,0.0,1.7829184531919846,0.0,6.293189050263334,-0.6060900148982951,32.333581934156925
-0.74494056781845,0.0,0.6583600410999357,0.0,1.7835362090676647,0.0,6.293201614357169,-0.607370014898295,32.23489710970969
-0.7455622290990017,0.0,0.6576676174084671,0.0,1.7841539690880452,0.0,6.293214168324066,-0.6086500148982945,32.136325588957256
-0.7461838923624838,0.0,0.6569738728276892,0.0,1.7847717332497015,0.0,6.293226712175679,-0.6099300148982953,32.03786737734787
-0.7468055576072085,0.0,0.6562788031654111,0.0,1.785389501549209,0.0,6.2932392459236395,-0.6112100148982953,31.939522480386962
-0.747427224831493,0.0,0.655582404203645,0.0,1.7860072739831492,0.0,6.293251769579568,-0.6124900148982952,31.84129090365836
-0.748048894033656,0.0,0.654884671698391,0.0,1.7866250505481056,0.0,6.293264283155065,-0.6137700148982947,31.743172652795543
-0.7486705652120171,0.0,0.6541856013794074,0.0,1.787242831240667,0.0,6.2932767866617185,-0.6150500148982951,31.645167733518186
-0.7492922383648987,0.0,0.6534851889499852,0.0,1.7878606160574244,0.0,6.293289280111095,-0.6163300148982951,31.547276151624985
-0.7499139134906214,0.0,0.6527834300867212,0.0,1.7884784049949725,0.0,6.293301763514746,-0.617610014898295,31.44949791293294
-0.7505355905875121,0.0,0.6520803204392792,0.0,1.7890961980499103,0.0,6.293314236884197,-0.6188900148982954,31.351833023377907
-0.7511572696538948,0.0,0.6513758556301602,0.0,1.7897139952188392,0.0,6.293326700230968,-0.620170014898294,31.254281488949132
-0.7517789506880967,0.0,0.6506700312544639,0.0,1.7903317964983652,0.0,6.293339153566557,-0.6214500148982949,31.15684331568603
-0.7524006336884482,0.0,0.6499628428796437,0.0,1.7909496018850972,0.0,6.293351596902444,-0.6227300148982944,31.05951850972497
-0.7530223186532784,0.0,0.6492542860452702,0.0,1.791567411375648,0.0,6.293364030250094,-0.6240100148982948,30.9623070772504
-0.7536440055809188,0.0,0.6485443562627796,0.0,1.792185224966633,0.0,6.293376453620952,-0.6252900148982938,30.86520902452844
-0.7542656944697027,0.0,0.6478330490152286,0.0,1.7928030426546726,0.0,6.293388867026447,-0.6265700148982947,30.7682243578879
-0.7548873853179654,0.0,0.6471203597570395,0.0,1.7934208644363898,0.0,6.293401270477996,-0.6278500148982946,30.67135308374426
-0.7555090781240434,0.0,0.646406283913749,0.0,1.794038690308411,0.0,6.293413663986992,-0.6291300148982946,30.574595208562684
-0.7561307728862734,0.0,0.6456908168817477,0.0,1.7946565202673663,0.0,6.293426047564812,-0.6304100148982941,30.47795073889441
-0.7567524696029949,0.0,0.6449739540280219,0.0,1.7952743543098895,0.0,6.293438421222816,-0.631690014898294,30.381419681350213
-0.7573741682725486,0.0,0.6442556906898892,0.0,1.7958921924326177,0.0,6.293450784972352,-0.6329700148982935,30.285002042623333
-0.7579958688932772,0.0,0.6435360221747309,0.0,1.7965100346321916,0.0,6.293463138824744,-0.6342500148982935,30.188697829475352
-0.7586175714635234,0.0,0.6428149437597248,0.0,1.7971278809052549,0.0,6.293475482791313,-0.6355300148982939,30.09250704874421
-0.759239275981632,0.0,0.6420924506915702,0.0,1.7977457312484553,0.0,6.293487816883339,-0.6368100148982938,29.99642970732881
-0.7598609824459505,0.0,0.6413685381862116,0.0,1.7983635856584441,0.0,6.293500141112108,-0.6380900148982946,29.900465812217835
-0.7604826908548269,0.0,0.640643201428562,0.0,1.7989814441318752,0.0,6.293512455488881,-0.6393700148982933,29.804615370468603
-0.7611044012066096,0.0,0.6399164355722194,0.0,1.799599306665407,0.0,6.293524760024897,-0.6406500148982941,29.70887838919674
-0.7617261134996501,0.0,0.6391882357391788,0.0,1.8002171732557004,0.0,6.293537054731382,-0.6419300148982932,29.613254875609577
-0.7623478277323008,0.0,0.6384585970195451,0.0,1.800835043899421,0.0,6.293549339619553,-0.6432100148982935,29.51774483698659
-0.7629695439029162,0.0,0.6377275144712398,0.0,1.8014529185932364,0.0,6.293561614700602,-0.6444900148982939,29.42234828067779
-0.7635912620098504,0.0,0.6369949831197055,0.0,1.8020707973338186,0.0,6.293573879985701,-0.645770014898293,29.327065214122637
-0.7642129820514595,0.0,0.6362609979576067,0.0,1.8026886801178421,0.0,6.293586135486016,-0.647050014898293,29.231895644798662
-0.7648347040261041,0.0,0.6355255539445226,0.0,1.8033065669419868,0.0,6.293598381212691,-0.6483300148982942,29.136839580302233
-0.765456427932142,0.0,0.6347886460066454,0.0,1.8039244578029332,0.0,6.293610617176847,-0.6496100148982937,29.041897028283767
-0.7660781537679345,0.0,0.6340502690364664,0.0,1.8045423526973678,0.0,6.293622843389597,-0.6508900148982941,28.947067996473862
-0.7666998815318448,0.0,0.6333104178924643,0.0,1.8051602516219782,0.0,6.293635059862048,-0.6521700148982932,28.852352492687395
-0.767321611222236,0.0,0.6325690873987831,0.0,1.8057781545734581,0.0,6.293647266605258,-0.653450014898294,28.757750524799327
-0.7679433428374742,0.0,0.6318262723449137,0.0,1.806396061548502,0.0,6.293659463630303,-0.6547300148982931,28.663262100778038
-0.768565076375925,0.0,0.6310819674853683,0.0,1.807013972543809,0.0,6.293671650948226,-0.656010014898293,28.568887228655967
-0.7691868118359589,0.0,0.6303361675393436,0.0,1.8076318875560826,0.0,6.293683828570048,-0.6572900148982934,28.474625916569078
-0.7698085492159443,0.0,0.629588867190399,0.0,1.8082498065820274,0.0,6.293695996506793,-0.6585700148982934,28.380478172702386
-0.7704302885142521,0.0,0.628840061086109,0.0,1.8088677296183528,0.0,6.293708154769449,-0.6598500148982929,28.28644400533325
-0.7710520297292548,0.0,0.6280897438377221,0.0,1.809485656661772,0.0,6.293720303368996,-0.6611300148982941,28.192523422809586
-0.7716737728593277,0.0,0.6273379100198185,0.0,1.8101035877090004,0.0,6.293732442316405,-0.6624100148982932,28.098716433585235
-0.7722955179028441,0.0,0.6265845541699583,0.0,1.8107215227567566,0.0,6.293744571622619,-0.6636900148982927,28.005023046152388
-0.772917264858183,0.0,0.6258296707883214,0.0,1.8113394618017646,0.0,6.293756691298571,-0.6649700148982927,27.911443269120632
-0.7735390137237219,0.0,0.6250732543373552,0.0,1.81195740484075,0.0,6.293768801355172,-0.6662500148982935,27.817977111159426
-0.7741607644978397,0.0,0.6243152992414082,0.0,1.8125753518704415,0.0,6.293780901803325,-0.6675300148982921,27.724624581011803
-0.774782517178919,0.0,0.6235557998863576,0.0,1.8131933028875729,0.0,6.293792992653914,-0.6688100148982925,27.63138568753051
-0.7754042717653414,0.0,0.6227947506192433,0.0,1.8138112578888794,0.0,6.293805073917808,-0.6700900148982933,27.538260439629685
-0.776026028255492,0.0,0.6220321457478837,0.0,1.8144292168711011,0.0,6.29381714560585,-0.6713700148982933,27.445248846300892
-0.776647786647754,0.0,0.6212679795405001,0.0,1.8150471798309797,0.0,6.293829207728883,-0.6726500148982928,27.352350916622836
-0.7772695469405176,0.0,0.6205022462253179,0.0,1.815665146765263,0.0,6.293841260297722,-0.6739300148982927,27.259566659771373
-0.7778913091321675,0.0,0.6197349399901912,0.0,1.8162831176706986,0.0,6.293853303323171,-0.6752100148982927,27.166896084974656
-0.7785130732210946,0.0,0.6189660549821906,0.0,1.8169010925440396,0.0,6.293865336816021,-0.6764900148982917,27.0743392015652
-0.7791348392056905,0.0,0.6181955853072059,0.0,1.817519071382043,0.0,6.293877360787036,-0.6777700148982926,26.981896018954746
-0.7797566070843467,0.0,0.6174235250295425,0.0,1.8181370541814672,0.0,6.293889375246981,-0.6790500148982921,26.889566546623456
-0.780378376855458,0.0,0.6166498681715029,0.0,1.8187550409390751,0.0,6.293901380206588,-0.6803300148982916,26.797350794172203
-0.7810001485174197,0.0,0.6158746087129728,0.0,1.819373031651633,0.0,6.293913375676582,-0.6816100148982915,26.70524877124567
-0.7816219220686279,0.0,0.6150977405909958,0.0,1.8199910263159103,0.0,6.293925361667677,-0.6828900148982915,26.61326048758563
-0.782243697507481,0.0,0.6143192576993468,0.0,1.8206090249286786,0.0,6.293937338190556,-0.6841700148982919,26.52138595302072
-0.7828654748323788,0.0,0.6135391538880929,0.0,1.821227027486715,0.0,6.293949305255908,-0.6854500148982923,26.429625177471813
-0.78348725404172,0.0,0.6127574229631623,0.0,1.8218450339867969,0.0,6.293961262874383,-0.6867300148982922,26.33797817092104
-0.7841090351339102,0.0,0.6119740586858846,0.0,1.8224630444257082,0.0,6.293973211056634,-0.6880100148982917,26.246444943467523
-0.7847308181073505,0.0,0.6111890547725543,0.0,1.823081058800234,0.0,6.293985149813286,-0.6892900148982917,26.155025505264668
-0.7853526029604475,0.0,0.6104024048939627,0.0,1.8236990771071637,0.0,6.293997079154953,-0.6905700148982912,26.063719866572924
-0.785974389691606,0.0,0.6096141026749416,0.0,1.8243170993432887,0.0,6.294008999092241,-0.691850014898292,25.972528037729806
-0.7865961782992347,0.0,0.6088241416938868,0.0,1.824935125505405,0.0,6.294020909635725,-0.693130014898292,25.881450029156163
-0.7872179687817424,0.0,0.6080325154822874,0.0,1.8255531555903106,0.0,6.294032810795973,-0.6944100148982919,25.790485851359136
-0.7878397611375411,0.0,0.6072392175242397,0.0,1.8261711895948087,0.0,6.294044702583543,-0.6956900148982914,25.699635514939494
-0.7884615553650413,0.0,0.6064442412559644,0.0,1.8267892275157038,0.0,6.2940565850089705,-0.6969700148982918,25.608899030585494
-0.7890833514626564,0.0,0.6056475800653056,0.0,1.827407269349804,0.0,6.294068458082774,-0.6982500148982909,25.518276409054373
-0.7897051494288012,0.0,0.6048492272912319,0.0,1.8280253150939216,0.0,6.29408032181546,-0.6995300148982917,25.427767661209938
-0.7903269492618926,0.0,0.6040491762233258,0.0,1.8286433647448714,0.0,6.2940921762175215,-0.7008100148982916,25.33737279799896
-0.7909487509603468,0.0,0.6032474201012733,0.0,1.829261418299471,0.0,6.294104021299428,-0.7020900148982911,25.247091830440038
-0.7915705545225838,0.0,0.602443952114334,0.0,1.829879475754543,0.0,6.2941158570716444,-0.7033700148982907,25.15692476966629
-0.7921923599470246,0.0,0.601638765400818,0.0,1.8304975371069119,0.0,6.294127683544614,-0.7046500148982915,25.066871626879163
-0.7928141672320865,0.0,0.6008318530475533,0.0,1.8311156023534028,0.0,6.294139500728771,-0.705930014898291,24.976932413363283
-0.7934359763761982,0.0,0.6000232080893223,0.0,1.8317336714908503,0.0,6.2941513086345235,-0.7072100148982914,24.887107140508512
-0.7940577873777798,0.0,0.5992128235083359,0.0,1.8323517445160868,0.0,6.294163107272268,-0.7084900148982913,24.79739581978069
-0.7946796002352583,0.0,0.5984006922336591,0.0,1.8329698214259496,0.0,6.294174896652394,-0.7097700148982913,24.707798462744762
-0.7953014149470614,0.0,0.5975868071406458,0.0,1.83358790221728,0.0,6.294186676785271,-0.7110500148982912,24.618315081042464
-0.7959232315116159,0.0,0.5967711610503702,0.0,1.8342059868869212,0.0,6.294198447681245,-0.7123300148982903,24.52894568640603
-0.7965450499273544,0.0,0.5959537467290362,0.0,1.8348240754317213,0.0,6.2942102093506636,-0.7136100148982911,24.43969029066755
-0.7971668701927043,0.0,0.5951345568873981,0.0,1.835442167848529,0.0,6.294221961803841,-0.7148900148982911,24.350548905726342
-0.7977886923061012,0.0,0.5943135841801492,0.0,1.836060264134199,0.0,6.294233705051095,-0.716170014898291,24.26152154359861
-0.7984105162659775,0.0,0.5934908212053249,0.0,1.8366783642855868,0.0,6.294245439102714,-0.7174500148982914,24.172608216370097
-0.7990323420707685,0.0,0.5926662605036817,0.0,1.8372964682995523,0.0,6.294257163968978,-0.7187300148982905,24.083808936210595
-0.79965416971891,0.0,0.5918398945580737,0.0,1.8379145761729587,0.0,6.294268879660146,-0.7200100148982904,23.995123715396307
-0.8002759992088407,0.0,0.5910117157928216,0.0,1.838532687902672,0.0,6.294280586186473,-0.7212900148982908,23.90655256628572
-0.8008978305389994,0.0,0.5901817165730696,0.0,1.8391508034855608,0.0,6.294292283558182,-0.7225700148982899,23.818095501322748
-0.8015196637078277,0.0,0.5893498892041309,0.0,1.8397689229184984,0.0,6.2943039717855065,-0.7238500148982907,23.729752533049453
-0.8021414987137664,0.0,0.5885162259308339,0.0,1.8403870461983596,0.0,6.294315650878641,-0.7251300148982902,23.641523674083242
-0.8027633355552589,0.0,0.587680718936848,0.0,1.841005173322023,0.0,6.294327320847774,-0.7264100148982902,23.553408937142937
-0.8033851742307505,0.0,0.5868433603440025,0.0,1.8416233042863708,0.0,6.294338981703085,-0.7276900148982897,23.465408335041143
-0.804007014738686,0.0,0.5860041422116042,0.0,1.8422414390882875,0.0,6.294350633454726,-0.7289700148982905,23.377521880657383
-0.8046288570775137,0.0,0.58516305653573,0.0,1.8428595777246612,0.0,6.294362276112852,-0.7302500148982904,23.289749586987135
-0.8052507012456818,0.0,0.5843200952485234,0.0,1.843477720192383,0.0,6.294373909687586,-0.7315300148982904,23.202091467088554
-0.8058725472416386,0.0,0.5834752502174729,0.0,1.8440958664883471,0.0,6.294385534189039,-0.7328100148982899,23.114547534136257
-0.8064943950638394,0.0,0.582628513244678,0.0,1.844714016609452,0.0,6.294397149627317,-0.7340900148982898,23.02711780137937
-0.8071162447107327,0.0,0.5817798760661207,0.0,1.8453321705525962,0.0,6.294408756012512,-0.7353700148982898,22.939802282156826
-0.8077380961807741,0.0,0.5809293303508974,0.0,1.8459503283146848,0.0,6.29442035335468,-0.7366500148982893,22.85260098989629
-0.8083599494724185,0.0,0.5800768677004693,0.0,1.8465684898926236,0.0,6.294431941663893,-0.7379300148982901,22.765513938114314
-0.8089818045841227,0.0,0.5792224796478795,0.0,1.847186655283323,0.0,6.294443520950189,-0.7392100148982901,22.678541140424272
-0.8096036615143447,0.0,0.578366157656974,0.0,1.8478048244836958,0.0,6.294455091223591,-0.7404900148982896,22.591682610521655
-0.8102255202615436,0.0,0.5775078931216022,0.0,1.8484229974906576,0.0,6.2944666524941155,-0.7417700148982895,22.504938362189165
-0.8108473808241782,0.0,0.5766476773648082,0.0,1.8490411743011275,0.0,6.294478204771762,-0.743050014898289,22.418308409295975
-0.8114692432007143,0.0,0.5757855016380035,0.0,1.8496593549120288,0.0,6.2944897480665105,-0.7443300148982899,22.331792765820776
-0.8120911073896117,0.0,0.5749213571201484,0.0,1.8502775393202853,0.0,6.294501282388337,-0.7456100148982894,22.245391445794873
-0.8127129733893356,0.0,0.5740552349168909,0.0,1.8508957275228255,0.0,6.294512807747192,-0.7468900148982884,22.15910446336662
-0.8133348411983525,0.0,0.5731871260597144,0.0,1.8515139195165817,0.0,6.294524324153018,-0.7481700148982897,22.0729318327582
-0.8139567108151283,0.0,0.5723170215050677,0.0,1.8521321152984873,0.0,6.294535831615741,-0.7494500148982892,21.986873568284434
-0.8145785822381322,0.0,0.5714449121334755,0.0,1.8527503148654803,0.0,6.294547330145278,-0.7507300148982887,21.90092968434107
-0.8152004554658351,0.0,0.5705707887486413,0.0,1.8533685182145014,0.0,6.294558819751523,-0.7520100148982887,21.815100195428574
-0.8158223304967053,0.0,0.569694642076539,0.0,1.8539867253424935,0.0,6.294570300444356,-0.7532900148982886,21.729385116111438
-0.8164442073292167,0.0,0.5688164627644794,0.0,1.854604936246404,0.0,6.294581772233651,-0.7545700148982895,21.643784461051062
-0.8170660859618432,0.0,0.5679362413801752,0.0,1.8552231509231825,0.0,6.294593235129264,-0.7558500148982894,21.558298244991356
-0.8176879663930587,0.0,0.5670539684107823,0.0,1.855841369369781,0.0,6.294604689141033,-0.7571300148982885,21.472926482777908
-0.8183098486213413,0.0,0.5661696342619317,0.0,1.8564595915831565,0.0,6.29461613427879,-0.7584100148982889,21.387669189316764
-0.8189317326451655,0.0,0.5652832292567472,0.0,1.8570778175602662,0.0,6.294627570552344,-0.7596900148982888,21.302526379615973
-0.8195536184630129,0.0,0.5643947436348333,0.0,1.8576960472980735,0.0,6.294638997971492,-0.7609700148982892,21.21749806876138
-0.8201755060733606,0.0,0.5635041675512759,0.0,1.8583142807935416,0.0,6.294650416546024,-0.7622500148982887,21.13258427191643
-0.8207973954746947,0.0,0.5626114910755893,0.0,1.8589325180436402,0.0,6.2946618262857035,-0.7635300148982882,21.047785004355326
-0.821419286665492,0.0,0.5617167041906942,0.0,1.8595507590453384,0.0,6.2946732272002945,-0.7648100148982886,20.963100281387547
-0.8220411796442416,0.0,0.560819796791821,0.0,1.8601690037956116,0.0,6.29468461929953,-0.7660900148982885,20.878530118463264
-0.8226630744094264,0.0,0.5599207586854543,0.0,1.8607872522914357,0.0,6.294696002593149,-0.7673700148982885,20.794074531066133
-0.8232849709595319,0.0,0.5590195795882202,0.0,1.8614055045297906,0.0,6.2947073770908535,-0.768650014898288,20.709733534781478
-0.8239068692930482,0.0,0.5581162491257678,0.0,1.8620237605076597,0.0,6.294718742802357,-0.7699300148982884,20.625507145281098
-0.824528769408463,0.0,0.5572107568316419,0.0,1.8626420202220286,0.0,6.294730099737338,-0.7712100148982888,20.541395378298485
-0.8251506713042682,0.0,0.5563030921461205,0.0,1.8632602836698864,0.0,6.294741447905471,-0.7724900148982887,20.457398249668472
-0.8257725749789537,0.0,0.5553932444150514,0.0,1.8638785508482245,0.0,6.294752787316415,-0.7737700148982887,20.373515775288794
-0.8263944804310117,0.0,0.5544812028886564,0.0,1.8644968217540372,0.0,6.294764117979813,-0.7750500148982877,20.28974797113205
-0.8270163876589408,0.0,0.5535669567203122,0.0,1.8651150963843244,0.0,6.294775439905299,-0.7763300148982886,20.206094853269043
-0.8276382966612306,0.0,0.5526504949653415,0.0,1.8657333747360842,0.0,6.294786753102488,-0.7776100148982881,20.1225564378215
-0.8282602074363823,0.0,0.5517318065797359,0.0,1.8663516568063223,0.0,6.294798057580988,-0.778890014898288,20.039132741006064
-0.8288821199828922,0.0,0.5508108804189037,0.0,1.8669699425920445,0.0,6.29480935335038,-0.780170014898288,19.95582377909865
-0.8295040342992603,0.0,0.5498877052363683,0.0,1.867588232090261,0.0,6.294820640420248,-0.7814500148982875,19.872629568468216
-0.8301259503839873,0.0,0.5489622696824568,0.0,1.8682065252979845,0.0,6.294831918800149,-0.7827300148982883,19.78955012553448
-0.8307478682355723,0.0,0.5480345623029665,0.0,1.868824822212229,0.0,6.294843188499637,-0.7840100148982887,19.70658546679257
-0.8313697878525228,0.0,0.5471045715377927,0.0,1.8694431228300152,0.0,6.294854449528243,-0.7852900148982891,19.623735608837777
-0.8319917092333393,0.0,0.5461722857195702,0.0,1.8700614271483627,0.0,6.294865701895485,-0.7865700148982882,19.54100056829072
-0.8326136323765293,0.0,0.545237693072248,0.0,1.8706797351642968,0.0,6.294876945610879,-0.7878500148982877,19.458380361869082
-0.8332355572806022,0.0,0.544300781709667,0.0,1.8712980468748457,0.0,6.294888180683916,-0.789130014898288,19.375875006356793
-0.8338574839440601,0.0,0.5433615396341205,0.0,1.8719163622770376,0.0,6.294899407124068,-0.7904100148982884,19.293484518579817
-0.8344794123654173,0.0,0.5424199547348499,0.0,1.8725346813679076,0.0,6.2949106249408135,-0.7916900148982875,19.21120891546159
-0.8351013425431824,0.0,0.5414760147865685,0.0,1.8731530041444906,0.0,6.294921834143602,-0.7929700148982888,19.129048213962204
-0.8357232744758677,0.0,0.540529707447914,0.0,1.8737713306038255,0.0,6.294933034741875,-0.794250014898287,19.047002431125712
-0.8363452081619862,0.0,0.5395810202599021,0.0,1.8743896607429553,0.0,6.294944226745052,-0.7955300148982882,18.965071584035073
-0.8369671436000535,0.0,0.5386299406443401,0.0,1.8750079945589244,0.0,6.294955410162556,-0.7968100148982877,18.883255689857435
-0.8375890807885851,0.0,0.5376764559022221,0.0,1.8756263320487807,0.0,6.294966585003779,-0.7980900148982881,18.801554765794535
-0.838211019726095,0.0,0.5367205532120877,0.0,1.8762446732095739,0.0,6.294977751278111,-0.7993700148982872,18.71996882910722
-0.8388329604111051,0.0,0.5357622196283509,0.0,1.8768630180383588,0.0,6.294988908994924,-0.8006500148982885,18.638497897127806
-0.8394549028421339,0.0,0.5348014420796116,0.0,1.8774813665321914,0.0,6.295000058163577,-0.8019300148982875,18.557141987226224
-0.8400768470176994,0.0,0.5338382073669297,0.0,1.8780997186881303,0.0,6.295011198793415,-0.803210014898287,18.475901116820776
-0.8406987929363257,0.0,0.5328725021620573,0.0,1.8787180745032388,0.0,6.295022330893778,-0.8044900148982874,18.39477530339257
-0.8413207405965373,0.0,0.531904313005661,0.0,1.8793364339745817,0.0,6.295033454473976,-0.8057700148982874,18.313764564463682
-0.8419426899968568,0.0,0.5309336263055008,0.0,1.879954797099227,0.0,6.295044569543319,-0.8070500148982869,18.23286891759244
-0.842564641135809,0.0,0.5299604283345742,0.0,1.8805731638742453,0.0,6.295055676111101,-0.8083300148982868,18.152088380386274
-0.8431865940119219,0.0,0.5289847052292299,0.0,1.8811915342967103,0.0,6.295066774186601,-0.8096100148982859,18.071422970504692
-0.8438085486237237,0.0,0.5280064429872474,0.0,1.8818099083636994,0.0,6.295077863779086,-0.8108900148982872,17.99087270563163
-0.8444305049697449,0.0,0.5270256274658823,0.0,1.882428286072292,0.0,6.295088944897809,-0.812170014898288,17.91043760350014
-0.8450524630485121,0.0,0.5260422443798815,0.0,1.8830466674195685,0.0,6.295100017552015,-0.8134500148982866,17.830117681853615
-0.8456744228585609,0.0,0.5250562792994383,0.0,1.8836650524026162,0.0,6.295111081750923,-0.8147300148982861,17.749912958492565
-0.8462963843984223,0.0,0.5240677176481457,0.0,1.8842834410185225,0.0,6.295122137503756,-0.8160100148982874,17.669823451235374
-0.8469183476666304,0.0,0.5230765447008833,0.0,1.8849018332643777,0.0,6.295133184819703,-0.8172900148982865,17.589849177934624
-0.8475403126617235,0.0,0.522082745581673,0.0,1.885520229137277,0.0,6.2951442237079664,-0.8185700148982873,17.509990156460248
-0.8481622793822345,0.0,0.5210863052615102,0.0,1.886138628634315,0.0,6.295155254177712,-0.8198500148982859,17.430246404706377
-0.8487842478267033,0.0,0.5200872085561213,0.0,1.8867570317525926,0.0,6.295166276238102,-0.8211300148982867,17.350617940570793
-0.849406217993668,0.0,0.5190854401237143,0.0,1.8873754384892112,0.0,6.295177289898288,-0.8224100148982867,17.271104782000887
-0.8500281898816706,0.0,0.5180809844626622,0.0,1.8879938488412762,0.0,6.295188295167411,-0.8236900148982862,17.19170694692552
-0.8506501634892504,0.0,0.5170738259091564,0.0,1.8886122628058954,0.0,6.295199292054586,-0.8249700148982861,17.112424453288757
-0.851272138814952,0.0,0.5160639486348059,0.0,1.88923068038018,0.0,6.295210280568927,-0.8262500148982865,17.033257319052876
-0.8518941158573193,0.0,0.5150513366441984,0.0,1.8898491015612429,0.0,6.295221260719534,-0.8275300148982865,16.954205562175616
-0.8525160946148944,0.0,0.5140359737724153,0.0,1.8904675263461999,0.0,6.295232232515479,-0.8288100148982869,16.875269200598716
-0.8531380750862284,0.0,0.5130178436824767,0.0,1.8910859547321717,0.0,6.295243195965846,-0.8300900148982864,16.79644825229705
-0.853760057269866,0.0,0.5119969298627802,0.0,1.8917043867162788,0.0,6.295254151079693,-0.8313700148982859,16.717742735201266
-0.8543820411643572,0.0,0.5109732156244445,0.0,1.892322822295647,0.0,6.295265097866064,-0.8326500148982849,16.639152667245924
-0.8550040267682505,0.0,0.5099466840986328,0.0,1.892941261467403,0.0,6.295276036333987,-0.8339300148982862,16.56067806634307
-0.8556260140800981,0.0,0.5089173182338039,0.0,1.8935597042286771,0.0,6.295286966492492,-0.8352100148982857,16.482318950393115
-0.8562480030984517,0.0,0.5078851007929194,0.0,1.8941781505766033,0.0,6.295297888350579,-0.8364900148982861,16.40407533726369
-0.8568699938218667,0.0,0.5068500143505957,0.0,1.894796600508317,0.0,6.295308801917247,-0.8377700148982856,16.325947244802546
-0.8574919862488973,0.0,0.505812041290196,0.0,1.895415054020957,0.0,6.29531970720148,-0.8390500148982856,16.247934690828085
-0.8581139803780982,0.0,0.5047711638008638,0.0,1.8960335111116646,0.0,6.295330604212244,-0.8403300148982868,16.170037693092585
-0.8587359762080272,0.0,0.5037273638744981,0.0,1.8966519717775838,0.0,6.295341492958496,-0.8416100148982859,16.092256269338048
-0.8593579737372423,0.0,0.5026806233026672,0.0,1.8972704360158619,0.0,6.29535237344918,-0.8428900148982854,16.014590437245563
-0.8599799729643051,0.0,0.5016309236734593,0.0,1.897888903823649,0.0,6.295363245693231,-0.8441700148982858,15.93704021444632
-0.8606019738877738,0.0,0.500578246368278,0.0,1.8985073751980968,0.0,6.2953741096995675,-0.8454500148982853,15.859605618507405
-0.8612239765062123,0.0,0.49952257255854843,0.0,1.8991258501363617,0.0,6.295384965477089,-0.8467300148982853,15.782286666942504
-0.8618459808181826,0.0,0.4984638832023886,0.0,1.899744328635601,0.0,6.295395813034699,-0.8480100148982856,15.705083377188739
-0.8624679868222491,0.0,0.4974021590411866,0.0,1.900362810692975,0.0,6.295406652381279,-0.8492900148982852,15.62799576660505
-0.8630899945169783,0.0,0.49633738059611127,0.0,1.9009812963056487,0.0,6.295417483525689,-0.8505700148982851,15.551023852486935
-0.8637120039009356,0.0,0.4952695281645644,0.0,1.9015997854707871,0.0,6.295428306476794,-0.851850014898285,15.47416765202393
-0.8643340149726912,0.0,0.4941985818165381,0.0,1.9022182781855608,0.0,6.295439121243437,-0.8531300148982863,15.39742718232376
-0.8649560277308114,0.0,0.4931245213909192,0.0,1.9028367744471395,0.0,6.295449927834447,-0.8544100148982858,15.320802460383057
-0.8655780421738685,0.0,0.49204732649168675,0.0,1.903455274252699,0.0,6.2954607262586455,-0.8556900148982853,15.244293503107682
-0.8662000583004343,0.0,0.49096697648405324,0.0,1.904073777599417,0.0,6.295471516524838,-0.8569700148982848,15.167900327276245
-0.8668220761090774,0.0,0.48988345049052384,0.0,1.9046922844844711,0.0,6.2954822986418195,-0.8582500148982848,15.09162294954273
-0.8674440955983767,0.0,0.4887967273868342,0.0,1.9053107949050472,0.0,6.295493072618373,-0.8595300148982852,15.01546138645947
-0.8680661167669048,0.0,0.487706785797862,0.0,1.9059293088583287,0.0,6.295503838463268,-0.8608100148982856,14.939415654405648
-0.868688139613238,0.0,0.4866136040933949,0.0,1.906547826341504,0.0,6.295514596185261,-0.8620900148982851,14.863485769643564
-0.8693101641359522,0.0,0.48551716038383863,0.0,1.9071663473517637,0.0,6.295525345793101,-0.863370014898285,14.787671748262472
-0.8699321903336292,0.0,0.4844174325158114,0.0,1.9077848718863024,0.0,6.295536087295514,-0.864650014898285,14.71197360621751
-0.870554218204846,0.0,0.48331439806766585,0.0,1.908403399942315,0.0,6.295546820701227,-0.8659300148982845,14.63639135926914
-0.8711762477481849,0.0,0.48220803434488246,0.0,1.9090219315170014,0.0,6.295557546018954,-0.8672100148982849,14.56092502300779
-0.871798278962228,0.0,0.48109831837538714,0.0,1.909640466607563,0.0,6.29556826325738,-0.8684900148982839,14.485574612842349
-0.8724203118455564,0.0,0.4799852269047502,0.0,1.910259005211204,0.0,6.295578972425186,-0.8697700148982839,14.410340143963488
-0.873042346396756,0.0,0.47886873639127814,0.0,1.9108775473251316,0.0,6.295589673531056,-0.8710500148982847,14.335221631378898
-0.8736643826144125,0.0,0.4777488230010024,0.0,1.911496092946555,0.0,6.29560036658365,-0.8723300148982842,14.260219089863945
-0.8742864204971125,0.0,0.4766254626025451,0.0,1.9121146420726873,0.0,6.295611051591606,-0.8736100148982846,14.185332533967758
-0.8749084600434421,0.0,0.47549863076188253,0.0,1.9127331947007427,0.0,6.295621728563572,-0.8748900148982841,14.110561978006151
-0.8755305012519927,0.0,0.4743683027369666,0.0,1.9133517508279396,0.0,6.295632397508157,-0.876170014898284,14.035907436023042
-0.8761525441213535,0.0,0.4732344534722484,0.0,1.9139703104514985,0.0,6.295643058433988,-0.8774500148982836,13.961368921832467
-0.8767745886501145,0.0,0.4720970575930587,0.0,1.9145888735686418,0.0,6.295653711349653,-0.8787300148982844,13.88694644893946
-0.8773966348368705,0.0,0.4709560893998556,0.0,1.915207440176596,0.0,6.295664356263746,-0.8800100148982835,13.812640030590073
-0.8780186826802137,0.0,0.4698115228623567,0.0,1.915826010272589,0.0,6.29567499318484,-0.8812900148982838,13.738449679713142
-0.878640732178739,0.0,0.4686633316135129,0.0,1.9164445838538524,0.0,6.295685622121501,-0.8825700148982842,13.664375408923831
-0.879262783331042,0.0,0.4675114889433536,0.0,1.9170631609176192,0.0,6.295696243082277,-0.8838500148982846,13.590417230520872
-0.87988483613572,0.0,0.4663559677926781,0.0,1.9176817414611258,0.0,6.29570685607571,-0.8851300148982837,13.516575156449203
-0.880506890591371,0.0,0.46519674074660244,0.0,1.9183003254816116,0.0,6.295717461110327,-0.8864100148982832,13.442849198310931
-0.8811289466965943,0.0,0.46403378002795004,0.0,1.918918912976318,0.0,6.295728058194646,-0.887690014898284,13.369239367316247
-0.881751004449991,0.0,0.4628670574904773,0.0,1.9195375039424896,0.0,6.295738647337167,-0.8889700148982835,13.29574567432141
-0.8823730638501623,0.0,0.46169654461194914,0.0,1.920156098377373,0.0,6.29574922854639,-0.8902500148982839,13.222368129743813
-0.8829951248957113,0.0,0.46052221248703124,0.0,1.9207746962782182,0.0,6.295759801830787,-0.8915300148982843,13.149106743605298
-0.8836171875852407,0.0,0.4593440318200181,0.0,1.9213932976422763,0.0,6.295770367198833,-0.8928100148982838,13.075961525473405
-0.8842392519173566,0.0,0.4581619729173711,0.0,1.9220119024668034,0.0,6.295780924658982,-0.8940900148982842,13.0029324844765
-0.8848613178906639,0.0,0.4569760056800932,0.0,1.9226305107490556,0.0,6.2957914742196746,-0.8953700148982837,12.930019629259219
-0.8854833855037718,0.0,0.4557860995958826,0.0,1.923249122486294,0.0,6.295802015889356,-0.8966500148982832,12.857222967987424
-0.8861054547552877,0.0,0.4545922237311247,0.0,1.923867737675781,0.0,6.295812549676436,-0.8979300148982832,12.784542508286266
-0.886727525643822,0.0,0.45339434672265255,0.0,1.9244863563147818,0.0,6.295823075589331,-0.8992100148982831,12.711978257279183
-0.8873495981679841,0.0,0.45219243676932247,0.0,1.9251049784005645,0.0,6.295833593636437,-0.9004900148982835,12.639530221522422
-0.8879716723263862,0.0,0.45098646162335704,0.0,1.9257236039303989,0.0,6.295844103826145,-0.901770014898283,12.56719840699089
-0.8885937481176402,0.0,0.44977638858147706,0.0,1.9263422329015583,0.0,6.295854606166819,-0.903050014898283,12.49498281907057
-0.8892158255403634,0.0,0.4485621844757978,0.0,1.9269608653113193,0.0,6.295865100666834,-0.9043300148982838,12.422883462535935
-0.8898379045931678,0.0,0.44734381566450804,0.0,1.9275795011569588,0.0,6.295875587334535,-0.9056100148982829,12.350900341490881
-0.8904599852746716,0.0,0.4461212480222745,0.0,1.9281981404357587,0.0,6.295886066178269,-0.9068900148982832,12.27903345939654
-0.891082067583491,0.0,0.4448944469304294,0.0,1.9288167831450014,0.0,6.295896537206358,-0.9081700148982832,12.207282818993725
-0.8917041515182452,0.0,0.4436633772668687,0.0,1.9294354292819742,0.0,6.295907000427122,-0.9094500148982836,12.13564842231705
-0.8923262370775522,0.0,0.4424280033957135,0.0,1.9300540788439637,0.0,6.295917455848863,-0.9107300148982826,12.064130270645911
-0.8929483242600365,0.0,0.44118828915665825,0.0,1.9306727318282635,0.0,6.295927903479883,-0.912010014898283,11.992728364483071
-0.8935704130643173,0.0,0.439944197854079,0.0,1.931291388232166,0.0,6.295938343328456,-0.913290014898283,11.921442703525633
-0.8941925034890182,0.0,0.43869569224580646,0.0,1.9319100480529678,0.0,6.295948775402858,-0.9145700148982829,11.8502732866298
-0.8948145955327633,0.0,0.4374427345316179,0.0,1.9325287112879674,0.0,6.295959199711347,-0.915850014898282,11.779220111782912
-0.8954366891941784,0.0,0.43618528634140574,0.0,1.9331473779344674,0.0,6.295969616262166,-0.9171300148982828,11.708283176063437
-0.8960587844718887,0.0,0.4349233087230305,0.0,1.93376604798977,0.0,6.295980025063565,-0.9184100148982828,11.637462475617761
-0.8966808813645224,0.0,0.43365676212981835,0.0,1.934384721451183,0.0,6.2959904261237565,-0.9196900148982823,11.566758005634961
-0.8973029798707082,0.0,0.4323856064077366,0.0,1.9350033983160153,0.0,6.2960008194509625,-0.9209700148982827,11.496169760270668
-0.897925079989076,0.0,0.4311098007821919,0.0,1.9356220785815783,0.0,6.296011205053381,-0.9222500148982822,11.425697732655014
-0.8985471817182571,0.0,0.4298293038444589,0.0,1.9362407622451872,0.0,6.296021582939209,-0.9235300148982826,11.35534191483055
-0.8991692850568807,0.0,0.42854407353774165,0.0,1.9368594493041567,0.0,6.29603195311662,-0.9248100148982825,11.285102297707919
-0.8997913900035835,0.0,0.4272540671427989,0.0,1.9374781397558078,0.0,6.2960423155937875,-0.9260900148982816,11.214978871039968
-0.9004134965569951,0.0,0.4259592412632095,0.0,1.938096833597461,0.0,6.296052670378865,-0.9273700148982815,11.144971623360686
-0.9010356047157568,0.0,0.42465955181015197,0.0,1.9387155308264432,0.0,6.296063017480002,-0.9286500148982824,11.075080541966173
-0.9016577144785002,0.0,0.42335495398681083,0.0,1.9393342314400785,0.0,6.296073356905331,-0.9299300148982823,11.005305612837692
-0.9022798258438641,0.0,0.42204540227225856,0.0,1.9399529354356972,0.0,6.296083688662982,-0.9312100148982818,10.935646820618697
-0.9029019388104857,0.0,0.42073085040490676,0.0,1.9405716428106312,0.0,6.29609401276106,-0.9324900148982826,10.866104148540447
-0.9035240533770069,0.0,0.41941125136544616,0.0,1.9411903535622153,0.0,6.296104329207671,-0.9337700148982826,10.796677578393574
-0.9041461695420682,0.0,0.41808655735929173,0.0,1.9418090676877864,0.0,6.2961146380109,-0.9350500148982825,10.727367090470025
-0.9047682873043095,0.0,0.41675671979849216,0.0,1.9424277851846834,0.0,6.296124939178834,-0.936330014898282,10.658172663489253
-0.9053904066623757,0.0,0.41542168928308293,0.0,1.9430465060502489,0.0,6.296135232719537,-0.9376100148982816,10.589094274570645
-0.9060125276149085,0.0,0.41408141558189604,0.0,1.9436652302818265,0.0,6.296145518641065,-0.9388900148982806,10.520131899129792
-0.9066346501605557,0.0,0.4127358476127468,0.0,1.944283957876765,0.0,6.296155796951464,-0.9401700148982823,10.451285510871433
-0.9072567742979609,0.0,0.41138493342205074,0.0,1.9449026888324115,0.0,6.296166067658766,-0.941450014898281,10.382555081682309
-0.9078789000257732,0.0,0.41002862016376207,0.0,1.94552142314612,0.0,6.296176330771005,-0.9427300148982822,10.313940581579589
-0.9085010273426403,0.0,0.4086668540776915,0.0,1.9461401608152435,0.0,6.296186586296184,-0.9440100148982813,10.245441978642956
-0.9091231562472107,0.0,0.4072995804671147,0.0,1.9467589018371394,0.0,6.29619683424231,-0.9452900148982817,10.177059238939261
-0.9097452867381369,0.0,0.4059267436756743,0.0,1.9473776462091679,0.0,6.296207074617369,-0.9465700148982812,10.108792326450242
-0.9103674188140677,0.0,0.4045482870635647,0.0,1.9479963939286895,0.0,6.2962173074293455,-0.9478500148982807,10.040641202982169
-0.9109895524736593,0.0,0.40316415298290637,0.0,1.9486151449930704,0.0,6.2962275326862,-0.9491300148982815,9.97260582811037
-0.9116116877155617,0.0,0.4017742827523758,0.0,1.9492338993996756,0.0,6.296237750395906,-0.9504100148982824,9.904686159070899
-0.9122338245384309,0.0,0.4003786166309538,0.0,1.9498526571458745,0.0,6.296247960566398,-0.9516900148982805,9.836882150679324
-0.9128559629409249,0.0,0.39897709379083623,0.0,1.950471418229041,0.0,6.2962581632056125,-0.9529700148982814,9.769193755260446
-0.9134781029216988,0.0,0.39756965228946234,0.0,1.9510901826465479,0.0,6.296268358321475,-0.9542500148982813,9.70162092251143
-0.9141002444794093,0.0,0.39615622904057124,0.0,1.951708950395771,0.0,6.29627854592191,-0.9555300148982804,9.634163599450941
-0.9147223876127207,0.0,0.39473675978429346,0.0,1.9523277214740922,0.0,6.296288726014811,-0.9568100148982808,9.56682173028232
-0.9153445323202862,0.0,0.39331117905627483,0.0,1.9529464958788902,0.0,6.296298898608067,-0.9580900148982812,9.499595256291759
-0.9159666786007711,0.0,0.3918794201556586,0.0,1.9535652736075506,0.0,6.2963090637095736,-0.9593700148982807,9.432484115773276
-0.9165888264528378,0.0,0.3904414151120426,0.0,1.9541840546574603,0.0,6.296319221327187,-0.9606500148982806,9.365488243856532
-0.9172109758751477,0.0,0.3889970946512615,0.0,1.9548028390260068,0.0,6.296329371468779,-0.9619300148982801,9.298607572431823
-0.9178331268663676,0.0,0.38754638815994663,0.0,1.9554216267105833,0.0,6.296339514142193,-0.9632100148982805,9.23184203001074
-0.9184552794251605,0.0,0.38608922364889053,0.0,1.9560404177085822,0.0,6.29634964935527,-0.9644900148982796,9.165191541578842
-0.919077433550195,0.0,0.38462552771505343,0.0,1.956659212017401,0.0,6.29635977711584,-0.9657700148982804,9.09865602849716
-0.9196995892401377,0.0,0.38315522550225317,0.0,1.9572780096344375,0.0,6.296369897431715,-0.9670500148982808,9.032235408327583
-0.9203217464936582,0.0,0.38167824066040507,0.0,1.957896810557094,0.0,6.296380010310708,-0.9683300148982816,8.965929594701006
-0.9209439053094235,0.0,0.3801944953033063,0.0,1.9585156147827718,0.0,6.296390115760609,-0.9696100148982807,8.89973849715746
-0.9215660656861091,0.0,0.37870390996482733,0.0,1.9591344223088796,0.0,6.296400213789207,-0.9708900148982802,8.833662021006418
-0.9221882276223828,0.0,0.37720640355354695,0.0,1.9597532331328242,0.0,6.296410304404278,-0.9721700148982793,8.767700067114731
-0.9228103911169195,0.0,0.37570189330562886,0.0,1.9603720472520174,0.0,6.296420387613586,-0.9734500148982801,8.701852531787333
-0.9234325561683935,0.0,0.3741902947359682,0.0,1.9609908646638723,0.0,6.296430463424878,-0.9747300148982805,8.636119306544785
-0.9240547227754764,0.0,0.3726715215874789,0.0,1.9616096853658032,0.0,6.296440531845911,-0.9760100148982804,8.570500277946184
-0.924676890936849,0.0,0.3711454857784029,0.0,1.9622285093552303,0.0,6.296450592884402,-0.9772900148982804,8.504995327408384
-0.9252990606511856,0.0,0.3696120973476577,0.0,1.9628473366295727,0.0,6.296460646548082,-0.9785700148982803,8.439604330961645
-0.9259212319171647,0.0,0.3680712643979843,0.0,1.9634661671862534,0.0,6.296470692844662,-0.9798500148982803,8.374327159071159
-0.9265434047334656,0.0,0.36652289303690544,0.0,1.9640850010226982,0.0,6.296480731781838,-0.9811300148982802,8.309163676384216
-0.927165579098769,0.0,0.3649668873153295,0.0,1.9647038381363344,0.0,6.296490763367307,-0.9824100148982797,8.244113741507434
-0.9277877550117563,0.0,0.3634031491637057,0.0,1.9653226785245923,0.0,6.296500787608745,-0.9836900148982801,8.179177206754746
-0.9284099324711089,0.0,0.36183157832560076,0.0,1.9659415221849046,0.0,6.296510804513823,-0.9849700148982805,8.11435391789459
-0.9290321114755119,0.0,0.3602520722885784,0.0,1.9665603691147056,0.0,6.296520814090198,-0.98625001489828,8.049643713867049
-0.9296542920236472,0.0,0.35866452621223555,0.0,1.9671792193114324,0.0,6.2965308163455225,-0.9875300148982795,7.985046426511224
-0.9302764741142024,0.0,0.3570688328532483,0.0,1.9677980727725253,0.0,6.296540811287431,-0.9888100148982795,7.920561880260697
-0.9308986577458634,0.0,0.3554648824873041,0.0,1.968416929495426,0.0,6.296550798923558,-0.9900900148982799,7.8561898918441795
-0.9315208429173178,0.0,0.3538525628277171,0.0,1.9690357894775787,0.0,6.296560779261511,-0.9913700148982802,7.791930269939642
-0.9321430296272534,0.0,0.3522317589405832,0.0,1.9696546527164303,0.0,6.296570752308904,-0.9926500148982798,7.72778281485799
-0.9327652178743605,0.0,0.35060235315628474,0.0,1.9702735192094292,0.0,6.296580718073333,-0.9939300148982793,7.66374731815883
-0.9333874076573304,0.0,0.34896422497713653,0.0,1.9708923889540282,0.0,6.296590676562387,-0.9952100148982792,7.59982356229931
-0.9340095989748533,0.0,0.3473172509810096,0.0,1.9715112619476802,0.0,6.296600627783639,-0.9964900148982796,7.536011320214804
-0.934631791825623,0.0,0.3456613047206487,0.0,1.9721301381878413,0.0,6.296610571744653,-0.9977700148982791,7.472310354922957
-0.9352539862083336,0.0,0.3439962566185037,0.0,1.9727490176719709,0.0,6.296620508452989,-0.9990500148982799,7.408720419083348
-0.9358761821216767,0.0,0.34232197385681773,0.0,1.973367900397528,0.0,6.296630437916195,-1.000330014898279,7.345241254530407
-0.936498379564353,0.0,0.34063832026265006,0.0,1.9739867863619782,0.0,6.2966403601417955,-1.0016100148982794,7.28187259181938
-0.9371205785350568,0.0,0.3389451561876671,0.0,1.9746056755627857,0.0,6.29665027513733,-1.002890014898279,7.21861414968498
-0.9377427790324867,0.0,0.33724233838226014,0.0,1.9752245679974192,0.0,6.296660182910302,-1.0041700148982793,7.155465634530765
-0.9383649810553402,0.0,0.3355297198637812,0.0,1.975843463663348,0.0,6.296670083468222,-1.0054500148982788,7.092426739872748
-0.938987184602318,0.0,0.33380714977847425,0.0,1.976462362558045,0.0,6.296679976818583,-1.0067300148982796,7.029497145738123
-0.9396093896721203,0.0,0.3320744732567899,0.0,1.9770812646789848,0.0,6.296689862968872,-1.0080100148982787,6.966676518047049
-0.940231596263451,0.0,0.33033153126164055,0.0,1.977700170023646,0.0,6.296699741926557,-1.009290014898279,6.903964507960257
-0.9408538043750111,0.0,0.32857816042922205,0.0,1.9783190785895068,0.0,6.296709613699112,-1.0105700148982786,6.841360751191916
-0.941476014005505,0.0,0.3268141929018941,0.0,1.9789379903740494,0.0,6.296719478293983,-1.0118500148982785,6.778864867272114
-0.9420982251536382,0.0,0.32503945615267077,0.0,1.9795569053747584,0.0,6.296729335718617,-1.013130014898279,6.71647645878733
-0.9427204378181175,0.0,0.32325377280079703,0.0,1.9801758235891205,0.0,6.296739185980446,-1.0144100148982793,6.654195110557492
-0.9433426519976477,0.0,0.32145696041783706,0.0,1.9807947450146235,0.0,6.296749029086901,-1.0156900148982788,6.592020388793504
-0.9439648676909383,0.0,0.3196488313236606,0.0,1.9814136696487594,0.0,6.296758865045389,-1.0169700148982788,6.52995184017105
-0.9445870848966982,0.0,0.31782919237171936,0.0,1.9820325974890214,0.0,6.296768693863315,-1.0182500148982778,6.467988990877862
-0.9452093036136379,0.0,0.31599784472286907,0.0,1.9826515285329058,0.0,6.296778515548075,-1.0195300148982782,6.406131345618965
-0.9458315238404676,0.0,0.314154583607012,0.0,1.9832704627779103,0.0,6.296788330107057,-1.020810014898279,6.344378386500297
-0.9464537455758995,0.0,0.3122991980717394,0.0,1.9838894002215348,0.0,6.296798137547626,-1.0220900148982786,6.282729571918242
-0.9470759688186453,0.0,0.31043147071708527,0.0,1.9845083408612816,0.0,6.296807937877149,-1.0233700148982776,6.221184335344515
-0.9476981935674246,0.0,0.30855117741544763,0.0,1.9851272846946584,0.0,6.296817731102988,-1.024650014898278,6.159742084043337
-0.9483204198209462,0.0,0.30665808701570635,0.0,1.9857462317191696,0.0,6.296827517232477,-1.025930014898278,6.098402197690065
-0.9489426475779281,0.0,0.30475196103029084,0.0,1.9863651819323254,0.0,6.296837296272955,-1.027210014898278,6.037164026959212
-0.9495648768370887,0.0,0.3028325533041363,0.0,1.9869841353316384,0.0,6.296847068231747,-1.0284900148982787,5.976026891963041
-0.9501871075971443,0.0,0.3008996096641628,0.0,1.9876030919146215,0.0,6.296856833116171,-1.0297700148982778,5.914990080620917
-0.9508093398568158,0.0,0.29895286754781636,0.0,1.9882220516787923,0.0,6.296866590933525,-1.0310500148982777,5.854052846906281
-0.9514315736148231,0.0,0.2969920556092134,0.0,1.9888410146216695,0.0,6.296876341691105,-1.0323300148982781,5.793214409008176
-0.9520538088698858,0.0,0.2950168933011427,0.0,1.9894599807407727,0.0,6.2968860853962045,-1.0336100148982772,5.732473947347223
-0.9526760456207279,0.0,0.2930270904310961,0.0,1.990078950033627,0.0,6.296895822056091,-1.0348900148982785,5.671830602448533
-0.9532982838660705,0.0,0.29102234668939675,0.0,1.990697922497756,0.0,6.296905551678032,-1.0361700148982775,5.611283472705553
-0.9539205236046385,0.0,0.28900235114714146,0.0,1.9913168981306881,0.0,6.296915274269284,-1.0374500148982775,5.550831611961508
-0.9545427648351571,0.0,0.28696678172165324,0.0,1.9919358769299536,0.0,6.296924989837092,-1.038730014898277,5.4904740269311585
-0.9551650075563528,0.0,0.28491530460679493,0.0,1.9925548588930846,0.0,6.296934698388697,-1.0400100148982774,5.430209674438933
-0.9557872517669526,0.0,0.28284757366527946,0.0,1.993173844017616,0.0,6.29694439993132,-1.0412900148982769,5.370037458469092
-0.9564094974656832,0.0,0.28076322977984647,0.0,1.9937928323010838,0.0,6.296954094472179,-1.0425700148982764,5.309956226978928
-0.9570317446512764,0.0,0.2786619001598055,0.0,1.9944118237410284,0.0,6.296963782018485,-1.0438500148982777,5.2499647685128235
-0.957653993322459,0.0,0.2765431975992217,0.0,1.9950308183349894,0.0,6.296973462577436,-1.0451300148982785,5.190061808523725
-0.9582762434779636,0.0,0.27440671968243197,0.0,1.9956498160805107,0.0,6.296983136156218,-1.0464100148982776,5.130246005451446
-0.9588984951165223,0.0,0.2722520479323661,0.0,1.9962688169751386,0.0,6.296992802762009,-1.0476900148982775,5.070515946476645
-0.9595207482368671,0.0,0.2700787468964802,0.0,1.9968878210164205,0.0,6.297002462401977,-1.048970014898277,5.0108701429586375
-0.9601430028377331,0.0,0.26788636316464043,0.0,1.9975068282019075,0.0,6.297012115083286,-1.0502500148982779,4.951307025491513
-0.9607652589178554,0.0,0.26567442431268384,0.0,1.9981258385291512,0.0,6.297021760813079,-1.0515300148982765,4.891824938597556
-0.9613875164759688,0.0,0.263442437764624,0.0,1.9987448519957067,0.0,6.297031399598502,-1.0528100148982777,4.832422134950017
-0.9620097755108095,0.0,0.2611898895657269,0.0,1.99936386859913,0.0,6.297041031446686,-1.0540900148982768,4.773096769139761
-0.9626320360211195,0.0,0.2589162430577533,0.0,1.9999828883369823,0.0,6.297050656364749,-1.0553700148982772,4.713846890914757
-0.963254298005633,0.0,0.256620937446733,0.0,2.000601911206823,0.0,6.297060274359797,-1.0566500148982763,4.654670437825005
-0.9638765614630911,0.0,0.25430338625226007,0.0,2.001220937206216,0.0,6.297069885438944,-1.057930014898277,4.595565227242858
-0.9644988263922366,0.0,0.2519629756262468,0.0,2.0018399663327284,0.0,6.297079489609278,-1.0592100148982775,4.536528947674314
-0.9651210927918086,0.0,0.24959906252742117,0.0,2.0024589985839265,0.0,6.297089086877876,-1.060490014898277,4.477559149261449
-0.9657433606605513,0.0,0.24721097273603146,0.0,2.0030780339573813,0.0,6.297098677251819,-1.061770014898276,4.4186532334520034
-0.9663656299972088,0.0,0.24479799869146096,0.0,2.0036970724506658,0.0,6.2971082607381685,-1.0630500148982773,4.3598084416556375
-0.966987900800523,0.0,0.24235939713296753,0.0,2.0043161140613526,0.0,6.297117837343979,-1.0643300148982773,4.3010218428607985
-0.9676101730692426,0.0,0.2398943865211524,0.0,2.0049351587870206,0.0,6.297127407076296,-1.0656100148982768,4.242290320006569
-0.9682324468021145,0.0,0.23740214421483527,0.0,2.0055542066252485,0.0,6.297136969942158,-1.0668900148982776,4.183610555036816
-0.9688547219978835,0.0,0.23488180337422926,0.0,2.006173257573616,0.0,6.297146525948589,-1.0681700148982762,4.124979012398454
-0.9694769986552995,0.0,0.23233244955730048,0.0,2.0067923116297077,0.0,6.29715607510261,-1.0694500148982757,4.066391920879159
-0.9700992767731141,0.0,0.2297531169713384,0.0,2.007411368791111,0.0,6.29716561741122,-1.070730014898277,4.007845253496027
-0.9707215563500745,0.0,0.22714278433608168,0.0,2.0080304290554096,0.0,6.297175152881424,-1.072010014898277,3.949334705207148
-0.9713438373849345,0.0,0.2245003703078434,0.0,2.0086494924201963,0.0,6.297184681520214,-1.0732900148982765,3.8908556681915263
-0.9719661198764439,0.0,0.2218247284065722,0.0,2.009268558883062,0.0,6.297194203334568,-1.074570014898275,3.8324032043057157
-0.9725884038233589,0.0,0.21911464137794445,0.0,2.0098876284416023,0.0,6.29720371833145,-1.0758500148982755,3.7739720143767923
-0.973210689224432,0.0,0.21636881491181728,0.0,2.0105067010934126,0.0,6.297213226517833,-1.0771300148982763,3.715556403845218
-0.9738329760784196,0.0,0.21358587062467813,0.0,2.011125776836092,0.0,6.297222727900656,-1.0784100148982763,3.6571502442405253
-0.9744552643840787,0.0,0.21076433819799606,0.0,2.011744855667242,0.0,6.29723222248687,-1.0796900148982762,3.598746929862093
-0.9750775541401633,0.0,0.2079026465448388,0.0,2.0123639375844644,0.0,6.297241710283408,-1.080970014898277,3.540339328903534
-0.9756998453454327,0.0,0.20499911385374034,0.0,2.0129830225853635,0.0,6.297251191297199,-1.0822500148982752,3.481919728190208
-0.9763221379986479,0.0,0.20205193633033972,0.0,2.013602110667549,0.0,6.297260665535145,-1.0835300148982752,3.4234797704357187
-0.976944432098569,0.0,0.1990591754223079,0.0,2.0142212018286303,0.0,6.2972701330041625,-1.0848100148982764,3.365010382772069
-0.9775667276439545,0.0,0.19601874326995963,0.0,2.014840296066217,0.0,6.297279593711151,-1.0860900148982755,3.306501695078144
-0.9781890246335665,0.0,0.19292838607167248,0.0,2.015459393377924,0.0,6.29728904766299,-1.0873700148982768,3.2479429462461145
-0.9788113230661714,0.0,0.18978566498677366,0.0,2.0160784937613676,0.0,6.2972984948665625,-1.0886500148982758,3.189322376191953
-0.9794336229405284,0.0,0.18658793411501642,0.0,2.016697597214165,0.0,6.297307935328733,-1.0899300148982762,3.130627100855582
-0.9800559242554052,0.0,0.1833323149860594,0.0,2.0173167037339375,0.0,6.297317369056366,-1.0912100148982775,3.0718429669200518
-0.9806782270095666,0.0,0.18001566685822099,0.0,2.017935813318306,0.0,6.297326796056319,-1.0924900148982757,3.012954382023417
-0.9813005312017801,0.0,0.17663455195266642,0.0,2.0185549259648967,0.0,6.297336216335426,-1.0937700148982756,2.953944115316582
-0.9819228368308129,0.0,0.1731851945257027,0.0,2.019174041671336,0.0,6.2973456299005175,-1.0950500148982774,2.8947930618678717
-0.9825451438954326,0.0,0.16966343238896664,0.0,2.0197931604352517,0.0,6.297355036758423,-1.0963300148982764,2.835479962597411
-0.9831674523944096,0.0,0.1660646591007691,0.0,2.020412282254275,0.0,6.297364436915961,-1.0976100148982755,2.775981069167642
-0.9837897623265134,0.0,0.1623837545356549,0.0,2.021031407126039,0.0,6.297373830379928,-1.0988900148982745,2.7162697400917306
-0.9844120736905173,0.0,0.15861500084156827,0.0,2.0216505350481797,0.0,6.297383217157127,-1.1001700148982736,2.6563159502270337
-0.9850343864851911,0.0,0.1547519798397851,0.0,2.0222696660183335,0.0,6.297392597254341,-1.101450014898274,2.5960856897786764
-0.9856567007093106,0.0,0.1507874465982914,0.0,2.0228888000341403,0.0,6.297401970678366,-1.1027300148982735,2.5355402214006952
-0.9862790163616479,0.0,0.14671317204439419,0.0,2.023507937093241,0.0,6.297411337435945,-1.1040100148982708,2.4746351520867065
-0.9869013334409793,0.0,0.14251974481060664,0.0,2.02412707719328,0.0,6.297420697533858,-1.1052900148982703,2.4133192608246095
-0.9875236519460823,0.0,0.13819631861143375,0.0,2.024746220331903,0.0,6.297430050978862,-1.1065700148982671,2.3515329989818525
-0.9881459718757325,0.0,0.13373028564771358,0.0,2.025365366506756,0.0,6.297439397777693,-1.1078500148982613,2.2892065451251007
-0.9887682932287114,0.0,0.1291068477012466,0.0,2.0259845157154888,0.0,6.297448737937117,-1.1091300148982532,2.2262572420932054
-0.9893906160038061,0.0,0.12430844278259306,0.0,2.026603667955753,0.0,6.29745807146389,-1.1104100148982443,2.162586159603597
-0.9900129401998051,0.0,0.11931396300502634,0.0,2.027222823225196,0.0,6.297467398364812,-1.11169001489823,2.0980733899147697
-0.9906352658155232,0.0,0.11409766248119305,0.0,2.027841981521464,0.0,6.297476718646805,-1.112970014898214,2.032571457627681
-0.991257592849822,0.0,0.10862759037997462,0.0,2.028461142842189,0.0,6.297486032317104,-1.1142500148982113,1.9658958333837488
-0.991879921301692,0.0,0.10286326939223782,0.0,2.0290803071849535,0.0,6.2974953393838575,-1.115530014898272,1.897810833843046
-0.9925022511705252,0.0,0.09675212130545022,0.0,2.0296994745471966,0.0,6.29750463985802,-1.1168100148985851,1.8280078419608898
-0.9931245824501744,0.0,0.09022369834352538,0.0,2.0303186449283643,0.0,6.297513933712488,-1.118090014898276,1.7560700451512248
-0.9937469151458633,0.0,0.08317980821273341,0.0,2.0309378183238036,0.0,6.297523220997752,-1.1193700148982746,1.6814118757614998
-0.994369249253921,0.0,0.07547626928724624,0.0,2.0315569947320693,0.0,6.297532501703785,-1.120650014898274,1.603166764448962
-0.9949915847731327,0.0,0.06688554353477191,0.0,2.0321761741508313,0.0,6.2975417758372405,-1.1219300148982754,1.5199564976200035
-0.9956139217022885,0.0,0.05700795222676019,0.0,2.0327953565777612,0.0,6.297551043404771,-1.1232100148982758,1.4293413980643117
-0.9962362600406811,0.0,0.045003991753076726,0.0,2.0334145420103162,0.0,6.297560304416927,-1.1244900148986865,1.3261569308668681
-0.9968585997855924,0.0,0.02828487047216307,0.0,2.0340337304468323,0.0,6.297569558868541,-1.1257700148982819,1.1943455876176172
-0.9977141288055045,0.0,8.805124104631364e-18,0.0,2.0345419961889974,0.0,6.299491088870869,-1.1270500148982743,1.0956607958279827
