x,y,z,xdot,ydot,zdot,Period,JC,Stability
1.070782659787059,0.0,-0.1529542664518143,0.0,0.04203675860919217,0.0,3.790844292710868,3.090943589931155,5.702595380757243
1.0707601309190302,0.0,-0.15293675346731594,0.0,0.04231685477308556,0.0,3.7935964452891473,3.0909335899311055,5.83665311163416
1.070738145327335,0.0,-0.15292013896231277,0.0,0.04258610631950031,0.0,3.796243088238793,3.090923589931158,5.964530222133538
1.0707166443923692,0.0,-0.1529043257254103,0.0,0.042845686649959476,0.0,3.798795637520866,3.090913589931157,6.0869712020413145
1.0706955793502742,0.0,-0.1528892328994609,0.0,0.04309657173102609,0.0,3.8012635882894923,3.0909035899311577,6.204586235894165
1.0706749091165657,0.0,-0.15287479236930837,0.0,0.043339583705213236,0.0,3.803654939168224,3.090893589931158,6.317882423933978
1.0706545986922722,0.0,-0.15286094611636544,0.0,0.04357542282944157,0.0,3.805976502973063,3.0908835899311584,6.427286309073802
1.0706346179715789,0.0,-0.15284764423977215,0.0,0.04380469136536433,0.0,3.8082341391359917,3.090873589931158,6.533160492848085
1.0706149408341028,0.0,-0.1528348434499731,0.0,0.04402791176598926,0.0,3.8104329306389526,3.090863589931157,6.635816121609696
1.0705955444428283,0.0,-0.15282250590369045,0.0,0.04424554074047368,0.0,3.8125773208472165,3.0908535899311573,6.735522426529437
1.0705764086935587,0.0,-0.15281059829034227,0.0,0.0444579802834225,0.0,3.8146712208123175,3.0908435899311573,6.832514120478343
1.0705575157775933,0.0,-0.1527990911064381,0.0,0.04466558643437224,0.0,3.816718094490499,3.0908335899311563,6.9269972100139805
1.0705388498305988,0.0,-0.1527879580729394,0.0,0.04486867631163577,0.0,3.81872102717524,3.090823589931157,7.019153615965875
1.070520396647545,0.0,-0.15277717566237103,0.0,0.04506753382088603,0.0,3.8206827810341784,3.090813589931157,7.109144887538867
1.0705021434493416,0.0,-0.15276672271162492,0.0,0.04526241432936016,0.0,3.822605840584654,3.090803589931157,7.197115216420816
1.0704840786899874,0.0,-0.15275658010205836,0.0,0.045453548527523806,0.0,3.824492450262809,3.090793589931157,7.283193905337892
1.0704661918960625,0.0,-0.15274673049323031,0.0,0.04564114564335585,0.0,3.8263446456957237,3.090783589931156,7.367497406269487
1.0704484735321051,0.0,-0.1527371580995969,0.0,0.04582539613784561,0.0,3.828164279925135,3.090773589931157,7.450131016199616
1.0704309148869708,0.0,-0.15272784850203142,0.0,0.046006473980243275,0.0,3.8299530455435855,3.090763589931156,7.5311902979211895
1.0704135079773238,0.0,-0.15271878848774254,0.0,0.04618453858031412,0.0,3.83171249349293,3.090753589931155,7.61076227802106
1.0703962454651754,0.0,-0.15270996591352368,0.0,0.04635973643909783,0.0,3.833444049124687,3.090743589931156,7.688926463352863
1.0703791205870654,0.0,-0.15270136958830963,0.0,0.04653220256652839,0.0,3.8351490259919965,3.090733589931157,7.765755708134421
1.0703621270929402,0.0,-0.15269298917181762,0.0,0.04670206170487356,0.0,3.836828637752428,3.0907235899311556,7.841316957645408
1.0703452591931557,0.0,-0.15268481508665369,0.0,0.046869429389640595,0.0,3.838484008489596,3.090713589931157,7.915671889100116
1.070328511512281,0.0,-0.15267683844174065,0.0,0.04703441287382337,0.0,3.8401161817049503,3.0907035899311555,7.988877466706554
1.070311879048742,0.0,-0.15266905096538388,0.0,0.047197111935781536,0.0,3.8417261281778794,3.0906935899311554,8.060986424093775
1.0702953571393703,0.0,-0.152661444946495,0.0,0.04735761958874711,0.0,3.843314752868685,3.090683589931156,8.132047685729201
1.0702789414281373,0.0,-0.15265401318277338,0.0,0.04751602270615784,0.0,3.844882901002033,3.0906735899311553,8.202106736166334
1.0702626278385317,0.0,-0.15264674893490934,0.0,0.04767240257442078,0.0,3.8464313634449696,3.090663589931156,8.271205945025867
1.0702464125490665,0.0,-0.15263964588597012,0.0,0.04782683538318375,0.0,3.847960881477148,3.090653589931156,8.339384853604688
1.0702302919714453,0.0,-0.1526326981052231,0.0,0.04797939266187841,0.0,3.8494721510376113,3.0906435899311555,8.40668042894514
1.0702142627311002,0.0,-0.15262590001586981,0.0,0.04813014166920752,0.0,3.850965826514474,3.090633589931155,8.473127289374485
1.0701983216497502,0.0,-0.15261924636614257,0.0,0.048279145741859965,0.0,3.8524425241370124,3.0906235899311554,8.53875790555127
1.0701824657297765,0.0,-0.15261273220340818,0.0,0.04842646460723369,0.0,3.8539028250190506,3.0906135899311544,8.60360278002333
1.070166692140136,0.0,-0.15260635285081833,0.0,0.048572154665063844,0.0,3.8553472778982654,3.090603589931155,8.66769060811799
1.0701509982036639,0.0,-0.15260010388627906,0.0,0.04871626924131507,0.0,3.8567764016065893,3.0905935899311547,8.731048422430106
1.0701353813856087,0.0,-0.15259398112344139,0.0,0.04885885881757671,0.0,3.8581906873020735,3.0905835899311556,8.7937017228826
1.0701198392832318,0.0,-0.15258798059446899,0.0,0.048999971239066256,0.0,3.859590600492745,3.090573589931155,8.85567459413255
1.070104369616345,0.0,-0.1525820985343757,0.0,0.04913965190353258,0.0,3.8609765828738523,3.090563589931155,8.916989811734064
1.0700889702187486,0.0,-0.15257633136681584,0.0,0.049277943932840226,0.0,3.862349053998012,3.0905535899311554,8.97766893834363
1.070073639030389,0.0,-0.15257067569110921,0.0,0.049414888329571,0.0,3.8637084127985517,3.090543589931155,9.03773241111958
1.0700583740901866,0.0,-0.1525651282703594,0.0,0.049550524120231254,0.0,3.8650550389822724,3.0905335899311552,9.09719962121838
1.0700431735295302,0.0,-0.15255968602066539,0.0,0.0496848884856913,0.0,3.8663892942995446,3.0905235899311543,9.156088986291703
1.0700280355662486,0.0,-0.15255434600114334,0.0,0.0498180168813863,0.0,3.8677115237129134,3.0905135899311547,9.214418016688796
1.070012958499111,0.0,-0.15254910540482422,0.0,0.04994994314725876,0.0,3.8690220564670637,3.0905035899311546,9.272203376060071
1.0699979407027724,0.0,-0.15254396155026628,0.0,0.05008069960893916,0.0,3.8703212070733226,3.090493589931154,9.329460936786269
1.0699829806231016,0.0,-0.1525389118738318,0.0,0.05021031717096398,0.0,3.871609276216477,3.0904835899311545,9.386205831027043
1.069968076772885,0.0,-0.15253395392256297,0.0,0.05033882540271029,0.0,3.8728865515909114,3.090473589931154,9.44245249750521
1.0699532277278498,0.0,-0.15252908534760304,0.0,0.05046625261779169,0.0,3.874153308672967,3.0904635899311543,9.498214724654197
1.069938432123,0.0,-0.15252430389812188,0.0,0.050592625947375305,0.0,3.8754098114345323,3.090453589931155,9.55350569034095
1.069923688649199,0.0,-0.15251960741566664,0.0,0.050717971408329385,0.0,3.876656313005776,3.0904435899311538,9.608337998670777
1.06990899605002,0.0,-0.15251499382894013,0.0,0.05084231396615879,0.0,3.8778930562873866,3.0904335899311537,9.662723713862587
1.069894353118834,0.0,-0.1525104611489742,0.0,0.05096567759341925,0.0,3.8791202745195923,3.090423589931154,9.716674391658028
1.0698797586960551,0.0,-0.15250600746458634,0.0,0.05108808532436499,0.0,3.8803381918130024,3.0904135899311544,9.77020110854217
1.0698652116666243,0.0,-0.1525016309382004,0.0,0.05120955930543501,0.0,3.881547023640182,3.090403589931155,9.8233144887096
1.0698507109576523,0.0,-0.15249732980194405,0.0,0.051330120842377806,0.0,3.8827469772943415,3.090393589931154,9.876024729172117
1.0698362555361989,0.0,-0.15249310235398372,0.0,0.05144979044438796,0.0,3.8839382523182766,3.090383589931154,9.928341623197028
1.069821844407232,0.0,-0.15248894695513535,0.0,0.051568587865077425,0.0,3.88512104090345,3.0903735899311537,9.980274582011138
1.0698074766116965,0.0,-0.15248486202567493,0.0,0.05168653214090926,0.0,3.8862955282636507,3.0903635899311537,10.031832655096482
1.0697931512247227,0.0,-0.15248084604236734,0.0,0.051803641627087435,0.0,3.887461892984454,3.0903535899311536,10.083024549154725
1.069778867353928,0.0,-0.15247689753566415,0.0,0.051919934031284955,0.0,3.888620307350947,3.0903435899311535,10.133858645763842
1.0697646241378482,0.0,-0.1524730150871042,0.0,0.052035426445102936,0.0,3.889770937654212,3.090333589931153,10.184343017939456
1.0697504207444555,0.0,-0.15246919732685277,0.0,0.05215013537367257,0.0,3.890913944479138,3.090323589931153,10.234485445590648
1.069736256369762,0.0,-0.1524654429314051,0.0,0.05226407676343557,0.0,3.8920494829748136,3.0903135899311533,10.284293430044238
1.0697221302365048,0.0,-0.15246175062140568,0.0,0.05237726602836761,0.0,3.8931777031094046,3.0903035899311533,10.333774207678987
1.0697080415929388,0.0,-0.15245811915963964,0.0,0.052489718074305275,0.0,3.8942987499073523,3.0902935899311528,10.38293476258671
1.0696939897116509,0.0,-0.1524545473490895,0.0,0.05260144732233139,0.0,3.8954127636764397,3.0902835899311527,10.431781838693961
1.0696799738884848,0.0,-0.15245103403114102,0.0,0.05271246773041487,0.0,3.896519880218525,3.0902735899311526,10.480321950933284
1.069665993441496,0.0,-0.1524475780838708,0.0,0.05282279281407043,0.0,3.897620231030355,3.0902635899311526,10.528561395925413
1.0696520477100044,0.0,-0.15244417842045693,0.0,0.0529324356655856,0.0,3.8987139434911087,3.090253589931152,10.576506261894474
1.0696381360536507,0.0,-0.1524408339876375,0.0,0.05304140897251757,0.0,3.8998011410417663,3.0902435899311533,10.624162438145598
1.0696242578515456,0.0,-0.1524375437642982,0.0,0.05314972503485936,0.0,3.900881943352661,3.090233589931153,10.67153562390866
1.0696104125014385,0.0,-0.15243430676009204,0.0,0.05325739578153057,0.0,3.9019564664833863,3.090223589931153,10.718631336723137
1.0695965994189567,0.0,-0.15243112201418396,0.0,0.05336443278570418,0.0,3.903024823032621,3.090213589931153,10.765454920338454
1.0695828180368445,0.0,-0.15242798859400147,0.0,0.053470847279680954,0.0,3.904087122281964,3.0902035899311526,10.812011552222824
1.0695690678042968,0.0,-0.15242490559411506,0.0,0.0535766501685759,0.0,3.9051434703299894,3.090193589931152,10.858306250595236
1.0695553481862763,0.0,-0.152421872135123,0.0,0.05368185204363941,0.0,3.9061939702212185,3.0901835899311525,10.904343881164685
1.0695416586628907,0.0,-0.15241888736262066,0.0,0.053786463194749334,0.0,3.90723872206789,3.090173589931152,10.950129163410375
1.0695279987288062,0.0,-0.15241595044622272,0.0,0.053890493622197416,0.0,3.908277823164738,3.090163589931152,10.995666676643268
1.0695143678926757,0.0,-0.15241306057862258,0.0,0.05399395304803655,0.0,3.9093113680992575,3.0901535899311523,11.040960865665104
1.0695007656765962,0.0,-0.15241021697470183,0.0,0.054096850926805315,0.0,3.9103394488560466,3.0901435899311522,11.08601604620101
1.0694871916156097,0.0,-0.15240741887069192,0.0,0.054199196455658884,0.0,3.91136215491548,3.0901335899311517,11.130836409980436
1.0694736452572067,0.0,-0.15240466552336357,0.0,0.05430099858412408,0.0,3.912379573348475,3.090123589931153,11.175426029651765
1.0694601261608672,0.0,-0.15240195620926553,0.0,0.054402266023328205,0.0,3.9133917889064933,3.090113589931152,11.219788863411999
1.0694466338976139,0.0,-0.15239929022398635,0.0,0.05450300725479296,0.0,3.914398884106737,3.090103589931152,11.263928759387168
1.0694331680496114,0.0,-0.15239666688148343,0.0,0.05460323053871623,0.0,3.915400939313424,3.090093589931152,11.307849459809505
1.0694197282097269,0.0,-0.15239408551337902,0.0,0.05470294392222078,0.0,3.9163980328169723,3.0900835899311514,11.351554605074035
1.069406313980536,0.0,-0.15239154546743058,0.0,0.05480215525631911,0.0,3.917390240991886,3.090073589930912,11.395047741649499
1.0693795608205918,0.0,-0.1523865868241033,0.0,0.05499910209939879,0.0,3.91936029641851,3.090053589931151,11.481411663699816
1.069352905586985,0.0,-0.1523817860570743,0.0,0.05519412998458138,0.0,3.921311678765997,3.0900335899311515,11.566967748457776
1.069326345443293,0.0,-0.15237713851266865,0.0,0.05538729493334197,0.0,3.923244933070972,3.0900135899311514,11.651741147040328
1.0692998776866263,0.0,-0.15237263975746201,0.0,0.055578650310644066,0.0,3.9251605785140917,3.0899935899311513,11.735755754185515
1.069273499739556,0.0,-0.15236828556479182,0.0,0.05576824698939476,0.0,3.9270591100288903,3.0899735899311502,11.81903428980353
1.0692472091420708,0.0,-0.15236407190148285,0.0,0.05595613351046428,0.0,3.9289409998584013,3.089953589931151,11.901598377409885
1.0692210035441978,0.0,-0.1523599949156636,0.0,0.05614235622962977,0.0,3.9308066989849735,3.089933589931151,11.983468616085307
1.0691948806992189,0.0,-0.15235605092555626,0.0,0.05632695945275285,0.0,3.9326566384455663,3.0899135899311503,12.064664646366651
1.0691688384574043,0.0,-0.15235223640912995,0.0,0.056509985560531106,0.0,3.9344912305455417,3.0898935899311506,12.145205210968507
1.0691428747602276,0.0,-0.15234854799455871,0.0,0.05669147512355285,0.0,3.9363108699780156,3.089873589931151,12.225108210572667
1.0691169876350333,0.0,-0.15234498245140304,0.0,0.05687146700867254,0.0,3.938115934859191,3.0898535899311503,12.304390755335465
1.069091175190075,0.0,-0.15234153668243272,0.0,0.05704999847753906,0.0,3.9399067876866645,3.0898335899311506,12.383069212383072
1.0690654356099236,0.0,-0.15233820771605167,0.0,0.05722710527792899,0.0,3.9416837762280776,3.08981358993115,12.461159249786215
1.0690397671512326,0.0,-0.15233499269928985,0.0,0.057402821728330854,0.0,3.9434472343445437,3.0897935899311495,12.538675877215613
1.0690141681387615,0.0,-0.15233188889125956,0.0,0.057577180796756965,0.0,3.945197482757106,3.0897735899311503,12.61563348360352
1.0689886369616939,0.0,-0.15232889365707636,0.0,0.05775021417403514,0.0,3.9469348297598343,3.0897535899311497,12.692045872223712
1.0689631720702157,0.0,-0.1523260044622129,0.0,0.057921952341899584,0.0,3.948659571882495,3.0897335899311495,12.767926293105498
1.0689377719723245,0.0,-0.15232321886722677,0.0,0.05809242463658561,0.0,3.9503719945094646,3.08971358993115,12.843287473306573
1.0689124352308228,0.0,-0.15232053452281866,0.0,0.05826165930832219,0.0,3.952072372458202,3.0896935899311493,12.918141645097542
1.068887160460545,0.0,-0.15231794916524713,0.0,0.058429683576656094,0.0,3.9537609705177768,3.089673589931149,12.99250057217725
1.068861946325748,0.0,-0.1523154606120251,0.0,0.05859652368235563,0.0,3.9554380439540067,3.0896535899311495,13.066375574176348
1.0688367915376624,0.0,-0.15231306675788567,0.0,0.058762204935988625,0.0,3.9571038389819613,3.089633589931149,13.139777549553996
1.0688116948521924,0.0,-0.15231076557099885,0.0,0.058926751763510775,0.0,3.958758593209314,3.089613589931149,13.212716997000667
1.068786655067798,0.0,-0.1523085550894549,0.0,0.05909018774874941,0.0,3.960402536050314,3.0895935899311495,13.285204035455022
1.0687616710234433,0.0,-0.15230643341791328,0.0,0.059252535673696455,0.0,3.9620358891172374,3.0895735899311485,13.357248422885847
1.068736741596725,0.0,-0.15230439872449333,0.0,0.05941381755602019,0.0,3.9636588665857015,3.0895535899311484,13.4288595738708
1.0687118657020778,0.0,-0.15230244923783312,0.0,0.05957405468454278,0.0,3.965271675539755,3.0895335899311482,13.500046576143006
1.0686870422891055,0.0,-0.15230058324432544,0.0,0.0597332676525214,0.0,3.9668745162958463,3.089513589931148,13.57081820605956
1.0686622703409834,0.0,-0.1522987990855035,0.0,0.05989147638913423,0.0,3.9684675827088203,3.0894935899311484,13.641182943247909
1.0686375488729891,0.0,-0.15229709515560066,0.0,0.06004870018896057,0.0,3.9700510624592478,3.089473589931148,13.711148984283358
1.0686128769310752,0.0,-0.1522954698992166,0.0,0.06020495774002505,0.0,3.9716251373258538,3.089453589931148,13.780724255641122
1.0685882535905615,0.0,-0.15229392180914894,0.0,0.06036026715001852,0.0,3.9731899834410593,3.089433589931147,13.849916425847564
1.0685636779548613,0.0,-0.15229244942430525,0.0,0.06051464597136281,0.0,3.974745771534473,3.089413589931147,13.91873291700362
1.0685391491543095,0.0,-0.1522910513277674,0.0,0.06066811122462216,0.0,3.9762926671609873,3.0893935899311478,13.987180915593056
1.068514666345031,0.0,-0.1522897261449325,0.0,0.06082067942087311,0.0,3.977830830918339,3.0893735899311467,14.055267382748696
1.068490228707874,0.0,-0.15228847254175773,0.0,0.060972366582805734,0.0,3.9793604186522007,3.0893535899311475,14.122999063910338
1.0684658354474148,0.0,-0.15228728922311546,0.0,0.06112318826463493,0.0,3.9808815816503547,3.089333589931147,14.190382497982066
1.0684414857909925,0.0,-0.15228617493121033,0.0,0.06127315957111134,0.0,3.9823944668273166,3.089313589931147,14.257424026013418
1.0684171789878139,0.0,-0.15228512844409628,0.0,0.06142229517542706,0.0,3.9838992168988625,3.089293589931147,14.324129799356033
1.0683929143080713,0.0,-0.15228414857424558,0.0,0.061570609336401835,0.0,3.98539597054881,3.0892735899311465,14.390505787499494
1.0683686910421486,0.0,-0.15228323416721992,0.0,0.06171811591455513,0.0,3.986884862585825,3.089253589931147,14.456557785404499
1.0683445084998324,0.0,-0.15228238410038597,0.0,0.0618648283875593,0.0,3.988366024093613,3.089233589931146,14.522291420501013
1.0683203660095795,0.0,-0.15228159728169988,0.0,0.06201075986486538,0.0,3.9898395825732464,3.0892135899311466,14.587712159308825
1.0682962629178085,0.0,-0.1522808726485549,0.0,0.062155923101638116,0.0,3.9913056620787986,3.0891935899311456,14.652825313803888
1.0682721985882302,0.0,-0.1522802091666697,0.0,0.06230033051205322,0.0,3.9927643833464956,3.0891735899311454,14.717636047357374
1.068248172401219,0.0,-0.15227960582905817,0.0,0.06244399418182699,0.0,3.9942158639170287,3.089153589931146,14.782149380454165
1.0682241837531972,0.0,-0.15227906165501623,0.0,0.06258692588034084,0.0,3.9956602182532213,3.089133589931146,14.846370196114307
1.0682002320560542,0.0,-0.1522785756891727,0.0,0.06272913707209618,0.0,3.997097557851549,3.089113589931146,14.910303245068215
1.0681763167366092,0.0,-0.15227814700059145,0.0,0.06287063892756757,0.0,3.9985279913479412,3.089093589931145,14.973953150660208
1.068152437236063,0.0,-0.15227777468188364,0.0,0.06301144233379265,0.0,3.9999516246204276,3.0890735899311452,15.037324413543079
1.0681285930095084,0.0,-0.15227745784839938,0.0,0.06315155790423364,0.0,4.001368560885442,3.0890535899311455,15.100421416142595
1.0681047835254394,0.0,-0.1522771956374247,0.0,0.06329099598836416,0.0,4.002778900790919,3.089033589931146,15.163248426939203
1.068081008265307,0.0,-0.15227698720743862,0.0,0.06342976668068716,0.0,4.0041827425042165,3.0890135899311444,15.225809604498187
1.0680572667230666,0.0,-0.15227683173737996,0.0,0.06356787982950034,0.0,4.005580181797259,3.088993589931145,15.28810900137878
1.0680335584047538,0.0,-0.15227672842595333,0.0,0.0637053450452767,0.0,4.006971312127988,3.088973589931144,15.35015056787262
1.068009882828096,0.0,-0.15227667649098095,0.0,0.06384217170848855,0.0,4.00835622471677,3.088953589931144,15.411938155473505
1.067986239522119,0.0,-0.1522766751687615,0.0,0.06397836897733239,0.0,4.009735008621406,3.0889335899311443,15.473475520352531
1.0679626280267693,0.0,-0.15227672371345632,0.0,0.06411394579505943,0.0,4.011107750808227,3.088913589931144,15.534766326552083
1.0679390478925788,0.0,-0.15227682139652599,0.0,0.06424891089686537,0.0,4.012474536219672,3.088893589931144,15.595814149093547
1.0679154986803145,0.0,-0.15227696750616046,0.0,0.06438327281666635,0.0,4.013835447839782,3.0888735899311444,15.656622476962971
1.0678919799606512,0.0,-0.15227716134674643,0.0,0.0645170398935557,0.0,4.015190566757127,3.0888535899311442,15.717194715953507
1.067868491313865,0.0,-0.15227740223835814,0.0,0.06465022027791267,0.0,4.016539972224342,3.0888335899311437,15.77753419137649
1.0678450323295308,0.0,-0.15227768951626366,0.0,0.06478282193737142,0.0,4.017883741716117,3.088813589931143,15.837644150693508
1.0678216026062373,0.0,-0.15227802253045256,0.0,0.06491485266247601,0.0,4.01922195098419,3.088793589931144,15.897527766011034
1.0677982017513052,0.0,-0.15227840064518336,0.0,0.06504632007218084,0.0,4.0205546741110005,3.0887735899311433,16.280625457111913
1.0677748293805263,0.0,-0.15227882323854658,0.0,0.06517723161905153,0.0,4.021881983560124,3.088753589931143,16.581472101738353
1.0677514851179108,0.0,-0.15227928970204976,0.0,0.06530759459431115,0.0,4.0232039502255486,3.0887335899311426,16.803044804478247
1.0677281685954396,0.0,-0.15227979944021294,0.0,0.06543741613269831,0.0,4.024520643478911,3.088713589931143,16.99078543636403
1.0677048794528223,0.0,-0.15228035187017797,0.0,0.06556670321714801,0.0,4.025832131214838,3.0886935899311423,17.157864190546555
1.0676816173372743,0.0,-0.15228094642133744,0.0,0.06569546268326575,0.0,4.027138479894657,3.0886735899311426,17.310326085852232
1.0676583819033079,0.0,-0.1522815825349835,0.0,0.06582370122359016,0.0,4.028439754587958,3.088653589931143,17.451549882348456
1.0676351728125053,0.0,-0.1522822596639555,0.0,0.06595142539181556,0.0,4.029736019013507,3.0886335899311423,17.583652321032883
1.0676119897333305,0.0,-0.15228297727230886,0.0,0.06607864160675057,0.0,4.031027335577838,3.088613589931142,17.70806273241787
1.0675888323409215,0.0,-0.15228373483499535,0.0,0.06620535615620377,0.0,4.032313765413024,3.0885935899311425,17.82579868695715
1.0675657003169117,0.0,-0.15228453183755455,0.0,0.06633157520067515,0.0,4.033595368412615,3.088573589931142,17.937613415781414
1.0675425933492453,0.0,-0.1522853677758207,0.0,0.06645730477692019,0.0,4.034872203266374,3.0885535899311414,18.04408118266312
1.0675195111320053,0.0,-0.15228624215563016,0.0,0.06658255080141873,0.0,4.036144327493983,3.088533589931142,18.145649826353882
1.0674964533652327,0.0,-0.1522871544925452,0.0,0.06670731907373881,0.0,4.037411797477646,3.0885135899311416,18.242674687884147
1.0674734197547846,0.0,-0.15228810431159423,0.0,0.06683161527965387,0.0,4.038674668492701,3.0884935899311414,18.335441380114556
1.0674504100121585,0.0,-0.15228909114700703,0.0,0.06695544499433748,0.0,4.039932994738488,3.088473589931141,18.424181556296027
1.0674274238543502,0.0,-0.15229011454196892,0.0,0.06707881368528766,0.0,4.041186829366823,3.088453589931141,18.509084111908972
1.0674044610037015,0.0,-0.15229117404837936,0.0,0.06720172671527593,0.0,4.04243622451072,3.088433589931141,18.59030330653286
1.0673815211877682,0.0,-0.1522922692266276,0.0,0.06732418934504104,0.0,4.043681231310715,3.088413589931141,18.66796474438709
1.0673586041391743,0.0,-0.15229339964535873,0.0,0.06744620673607706,0.0,4.044921899941836,3.088393589931141,18.742169824727128
1.0673357095954845,0.0,-0.1522945648812646,0.0,0.06756778395318377,0.0,4.046158279638488,3.0883735899311406,18.812999068324324
1.0673128372990697,0.0,-0.15229576451886645,0.0,0.06768892596703052,0.0,4.047390418719261,3.0883535899311405,18.88051459578537
1.0672899869969987,0.0,-0.15229699815032594,0.0,0.06780963765650123,0.0,4.048618364610058,3.088333589931141,18.94476194581496
1.0672671584409028,0.0,-0.15229826537523944,0.0,0.06792992381113346,0.0,4.049842163867575,3.0883135899311402,19.005771362475734
1.0672443513868664,0.0,-0.1522995658004488,0.0,0.06804978913336464,0.0,4.051061862201114,3.0882935899311406,19.06355863757774
1.06722156559532,0.0,-0.15230089903986693,0.0,0.06816923824070799,0.0,4.052277504494064,3.0882735899311395,19.118125562847123
1.0671988008304296,0.0,-0.15230226471364922,0.0,0.06828827567323992,0.0,4.053489134865515,3.088253589930978,19.169460022653798
1.0671533334627787,0.0,-0.1523050918847759,0.0,0.06852513321935995,0.0,4.05590053200491,3.0882135899311405,19.262311572079927
1.0671079474804972,0.0,-0.15230804440969214,0.0,0.06876039648696933,0.0,4.058296391010686,3.0881735899311398,19.34171863569792
1.0670626411435231,0.0,-0.1523111194866256,0.0,0.06899409897100184,0.0,4.0606770374471655,3.0881335899311395,19.407004426273012
1.0670174127697583,0.0,-0.15231431440820672,0.0,0.06922627302992865,0.0,4.06304278581314,3.08809358993114,19.4571294431154
1.0669722607328498,0.0,-0.15231762655765688,0.0,0.0694569499340861,0.0,4.06539394002329,3.088053589931141,19.490547144813345
1.0669271834595957,0.0,-0.15232105340456562,0.0,0.06968615991634206,0.0,4.067730793900588,3.0880135899311414,19.504940730998037
1.0668821794275567,0.0,-0.15232459250096178,0.0,0.06991393221949149,0.0,4.070053631638005,3.0879735899311407,19.496710417502918
1.0668372471627523,0.0,-0.15232824147757176,0.0,0.07014029514117626,0.0,4.07236272823517,3.0879335899311413,19.459857272030085
1.0667923852375316,0.0,-0.15233199804032452,0.0,0.0703652760760071,0.0,4.07465834990851,3.0878935899311415,19.383081897765962
1.0667475922685299,0.0,-0.15233585996702764,0.0,0.0705889015554705,0.0,4.076940754479149,3.0878535899311417,19.23945370725532
1.066702866914777,0.0,-0.15233982510425886,0.0,0.07081119728540472,0.0,4.079210191738089,3.0878135899311414,18.89837799520225
1.0666582078758682,0.0,-0.152343891364399,0.0,0.0710321881816203,0.0,4.081466903792324,3.087773589931142,18.708201061124363
1.066613613890267,0.0,-0.15234805672284604,0.0,0.07125189840341772,0.0,4.083711125391101,3.0877335899311427,18.81046740392818
1.0665690837336814,0.0,-0.1523523192153762,0.0,0.07147035138537021,0.0,4.085943084235238,3.0876935899311415,18.91223826742747
1.0665246162175364,0.0,-0.1523566769356411,0.0,0.0716875698673632,0.0,4.088163001269286,3.0876535899311426,19.013522524954105
1.0664802101875142,0.0,-0.15236112803279792,0.0,0.07190357592312582,0.0,4.09037109095914,3.0876135899311428,19.114328779648307
1.0664358645221916,0.0,-0.15236567070927218,0.0,0.07211839098714795,0.0,4.0925675615540715,3.0875735899311425,19.214665375721808
1.0663915781317204,0.0,-0.152370303218618,0.0,0.07233203588037325,0.0,4.094752615336478,3.087533589931143,19.314540409168757
1.0663473499565959,0.0,-0.15237502386350504,0.0,0.07254453083443912,0.0,4.096926448857948,3.0874935899311433,19.413961737877816
1.066303178966473,0.0,-0.1523798309937903,0.0,0.0727558955148115,0.0,4.099089253164137,3.087453589931144,19.512936991250115
1.0662590641590552,0.0,-0.15238472300470524,0.0,0.07296614904265689,0.0,4.101241214007767,3.0874135899311437,19.611473579317142
1.0662150045590237,0.0,-0.15238969833511345,0.0,0.07317531001572553,0.0,4.103382512051688,3.0873735899311434,19.709578701379094
1.0661709992170258,0.0,-0.1523947554658589,0.0,0.07338339652819723,0.0,4.105513323061906,3.087333589931144,19.807259354254132
1.0661270472087159,0.0,-0.15239989291820827,0.0,0.0735904261895058,0.0,4.107633818091025,3.087293589931144,19.904522340072436
1.066083147633827,0.0,-0.1524051092523372,0.0,0.07379641614239364,0.0,4.109744163653422,3.0872535899311453,20.001374273734253
1.066039299615301,0.0,-0.15241040306592007,0.0,0.07400138307999085,0.0,4.111844521891857,3.0872135899311446,20.09782158996041
1.0659955022984622,0.0,-0.1524157729927674,0.0,0.07420534326212046,0.0,4.113935050735945,3.0871735899311448,20.193870550060684
1.065951754850203,0.0,-0.152421217701523,0.0,0.0744083125309577,0.0,4.116015904054387,3.0871335899311454,20.28952724831408
1.0659080564582397,0.0,-0.15242673589443897,0.0,0.07461030632580745,0.0,4.1180872317989365,3.087093589931145,20.384797618127752
1.0658644063303782,0.0,-0.15243232630618425,0.0,0.07481133969734624,0.0,4.120149180142805,3.087053589931145,20.479687437830975
1.0658208036938217,0.0,-0.15243798770272235,0.0,0.07501142732115722,0.0,4.122201891612398,3.0870135899311455,20.574202336273867
1.065777247794511,0.0,-0.15244371888023564,0.0,0.07521058351067098,0.0,4.124245505213298,3.0869735899311457,20.668347798113256
1.0657337378964844,0.0,-0.15244951866408668,0.0,0.0754088222295868,0.0,4.126280156550882,3.0869335899311454,20.76212916891004
1.065690273281283,0.0,-0.15245538590784416,0.0,0.0756061571036416,0.0,4.128305977945144,3.086893589931147,20.855551659953836
1.0656468532473529,0.0,-0.15246131949232986,0.0,0.07580260143203128,0.0,4.130323098541507,3.086853589931145,20.948620352912602
1.0656034771095086,0.0,-0.15246731832471833,0.0,0.07599816819818515,0.0,4.1323316444157925,3.086813589931147,21.041340204246133
1.065560144198382,0.0,-0.1524733813376766,0.0,0.07619287008020864,0.0,4.134331738675799,3.086773589931147,21.133716049471012
1.0655168538599253,0.0,-0.15247950748852934,0.0,0.07638671946080587,0.0,4.136323501557812,3.0867335899311463,21.225752607187626
1.0654736054549174,0.0,-0.15248569575846585,0.0,0.07657972843682871,0.0,4.13830705051941,3.086693589931147,21.317454482975464
1.0654303983584952,0.0,-0.15249194515178563,0.0,0.0767719088284142,0.0,4.140282500328646,3.0866535899311476,21.40882617312837
1.0653872319596973,0.0,-0.15249825469515418,0.0,0.07696327218780667,0.0,4.142249963149421,3.086613589931148,21.499872068194062
1.0653441056610464,0.0,-0.15250462343692062,0.0,0.07715382980768166,0.0,4.144209548623005,3.0865735899311475,21.590596456405684
1.0653010188781173,0.0,-0.15251105044642208,0.0,0.07734359272935375,0.0,4.146161363947278,3.0865335899311477,21.68100352696478
1.0652579710391525,0.0,-0.15251753481335953,0.0,0.07753257175042018,0.0,4.148105513951672,3.086493589931147,21.77109737316391
1.0652149615846702,0.0,-0.15252407564716128,0.0,0.07772077743229422,0.0,4.150042101170034,3.086453589931148,21.86088199542473
1.0651719899670968,0.0,-0.15253067207639195,0.0,0.07790822010736007,0.0,4.151971225910358,3.0864135899311482,21.950361304198474
1.065129055650422,0.0,-0.152537323248183,0.0,0.07809490988581107,0.0,4.153892986321471,3.086373589931148,22.03953912271505
1.065086158109845,0.0,-0.15254402832766964,0.0,0.07828085666235299,0.0,4.15580747845789,3.0863335899311486,22.128419189702022
1.0650432968314567,0.0,-0.1525507864974731,0.0,0.07846607012250931,0.0,4.157714796341525,3.0862935899311488,22.21700516192043
1.0650004713119172,0.0,-0.15255759695717971,0.0,0.07865055974879627,0.0,4.159615032021458,3.086253589931149,22.305300616637293
1.0649576810581627,0.0,-0.15256445892285694,0.0,0.07883433482659244,0.0,4.1615082756312765,3.0862135899311496,22.393309054031338
1.0649149255871033,0.0,-0.15257137162657575,0.0,0.07901740444984032,0.0,4.163394615444386,3.0861735899311493,22.481033899436458
1.0648722044253367,0.0,-0.1525783343159467,0.0,0.07919977752656587,0.0,4.165274137927511,3.08613358993115,22.568478505568944
1.0648295171088977,0.0,-0.15258534625370487,0.0,0.07938146278403209,0.0,4.167146927791473,3.08609358993115,22.6556461546407
1.0647868631829707,0.0,-0.15259240671725596,0.0,0.07956246877396712,0.0,4.169013068041227,3.08605358993115,22.742540060384048
1.064744242201656,0.0,-0.15259951499828792,0.0,0.07974280387736538,0.0,4.170872640023129,3.0860135899311505,22.82916337003492
1.0647016537277163,0.0,-0.15260667040237239,0.0,0.07992247630926472,0.0,4.172725723471211,3.0859735899311502,22.915519166220275
1.0646590973323478,0.0,-0.1526138722485822,0.0,0.0801014941232735,0.0,4.174572396551224,3.085933589931151,23.001610468761914
1.064616572594947,0.0,-0.15262111986912644,0.0,0.08027986521600382,0.0,4.17641273590374,3.0858935899311506,23.087440236466907
1.064574079102897,0.0,-0.15262841260899498,0.0,0.08045759733130421,0.0,4.17824681668532,3.0858535899311508,23.173011368807714
1.064531616451353,0.0,-0.15263574982562073,0.0,0.08063469806435006,0.0,4.180074712608399,3.085813589931151,23.258326707556684
1.0644891842430408,0.0,-0.15264313088854425,0.0,0.08081117486561687,0.0,4.181896495979758,3.0857735899311516,23.343389038363856
1.0644467820880548,0.0,-0.15265055517910017,0.0,0.08098703504470496,0.0,4.183712237737926,3.0857335899311513,23.428201092293328
1.064404409603672,0.0,-0.15265802209010387,0.0,0.08116228577403561,0.0,4.185522007488909,3.085693589931152,23.51276554728163
1.0643620664141642,0.0,-0.15266553102555835,0.0,0.08133693409241773,0.0,4.187325873541081,3.0856535899311512,23.59708502956603
1.0643197521506218,0.0,-0.15267308140036348,0.0,0.08151098690850364,0.0,4.1891239029386504,3.0856135899311528,23.68116211504902
1.06427746645078,0.0,-0.15268067264003995,0.0,0.08168445100413665,0.0,4.19091616149434,3.085573589931151,23.764999330642148
1.0642352089588518,0.0,-0.15268830418045407,0.0,0.08185733303757464,0.0,4.192702713820541,3.0855335899311527,23.848599155525452
1.0641929793253686,0.0,-0.1526959754675687,0.0,0.08202963954660626,0.0,4.194483623359933,3.0854935899311524,23.93196402240455
1.0641507772070218,0.0,-0.1527036859571802,0.0,0.08220137695158569,0.0,4.196258952414719,3.0854535899311526,24.015096318694194
1.0641086022665074,0.0,-0.15271143511467675,0.0,0.08237255155838343,0.0,4.198028762175369,3.0854135899311523,24.09799838770134
1.064066454172389,0.0,-0.1527192224148031,0.0,0.08254316956118173,0.0,4.1997931127478845,3.0853735899311534,24.18067252971651
1.0640243325989474,0.0,-0.1527270473414379,0.0,0.08271323704522555,0.0,4.2015520631806105,3.085333589931153,24.263121003123565
1.0639822372260475,0.0,-0.15273490938736017,0.0,0.08288275998949958,0.0,4.203305671490076,3.0852935899311533,24.345346025430537
1.0639401677390032,0.0,-0.15274280805404447,0.0,0.08305174426929189,0.0,4.205053994686119,3.085253589931154,24.427349774302492
1.0638981238284448,0.0,-0.15275074285144388,0.0,0.08322019565871454,0.0,4.206797088796169,3.0852135899311532,24.50913438854924
1.0638561051902062,0.0,-0.15275871329780055,0.0,0.08338811983304982,0.0,4.208535008888399,3.0851735899311543,24.59070196905074
1.063814111525184,0.0,-0.15276671891943566,0.0,0.08355552237119919,0.0,4.210267809095179,3.085133589931154,24.67205457971179
1.0637721425392377,0.0,-0.15277475925057232,0.0,0.08372240875786824,0.0,4.2119955426345985,3.0850935899311542,24.753194248347356
1.063730197943066,0.0,-0.15278283383314425,0.0,0.08388878438581573,0.0,4.213718261832203,3.085053589931155,24.834122967542065
1.0636882774520928,0.0,-0.1527909422166153,0.0,0.08405465455801446,0.0,4.215436018141912,3.0850135899311546,24.914842695508394
1.06364638078637,0.0,-0.15279908395781547,0.0,0.08422002448966565,0.0,4.217148862165882,3.084973589931155,24.99535535688964
1.0636045076704668,0.0,-0.152807258620767,0.0,0.08438489931025026,0.0,4.218856843674269,3.0849335899311554,25.07566284354797
1.0635626578333677,0.0,-0.15281546577652028,0.0,0.08454928406548627,0.0,4.220560011624248,3.0848935899311556,25.15576701534637
1.0635208310083726,0.0,-0.15282370500299555,0.0,0.08471318371923309,0.0,4.222258414178542,3.0848535899311558,25.235669700880592
1.0634790269330054,0.0,-0.1528319758848325,0.0,0.08487660315531162,0.0,4.223952098723187,3.084813589931155,25.315372698205813
1.0634372453489223,0.0,-0.15284027801323982,0.0,0.08503954717929559,0.0,4.2256411118849435,3.084773589931156,25.394877775541033
1.0633954860018113,0.0,-0.15284861098584657,0.0,0.08520202052029058,0.0,4.227325499548483,3.0847335899311554,25.474186671947393
1.0633537486413167,0.0,-0.15285697440656448,0.0,0.08536402783257312,0.0,4.2290053068724465,3.084693589931156,25.553301097987372
1.0633120330209471,0.0,-0.15286536788545063,0.0,0.08552557369725915,0.0,4.230680578305598,3.0846535899311562,25.632222736368885
1.0632703388979938,0.0,-0.15287379103857585,0.0,0.08568666262389078,0.0,4.232351357602365,3.0846135899311564,25.71095324256349
1.0632286660334473,0.0,-0.15288224348788806,0.0,0.08584729905201223,0.0,4.234017687837906,3.0845735899311566,25.789494245428365
1.0631870141919235,0.0,-0.15289072486109406,0.0,0.08600748735264392,0.0,4.2356796114226976,3.084533589931157,25.867847347774603
1.0631453831415847,0.0,-0.15289923479153583,0.0,0.08616723182976659,0.0,4.237337170116894,3.084493589931157,25.946014126955173
1.0631037726540695,0.0,-0.15290777291807142,0.0,0.08632653672172853,0.0,4.2389904050440315,3.0844535899311563,26.02399613540639
1.0630621825044118,0.0,-0.15291633888495068,0.0,0.08648540620268369,0.0,4.240639356704781,3.0844135899311573,26.10179490119869
1.0630206124709753,0.0,-0.1529249323417152,0.0,0.08664384438389854,0.0,4.242284064989961,3.084373589931157,26.17941192857226
1.062979062335392,0.0,-0.15293355294308184,0.0,0.08680185531505501,0.0,4.243924569193074,3.084333589931158,26.256848698415205
1.062937531882483,0.0,-0.15294220034883943,0.0,0.08695944298557001,0.0,4.245560908023188,3.0842935899311588,26.33410666879921
1.0628960209002003,0.0,-0.15295087422373765,0.0,0.0871166113258275,0.0,4.247193119616735,3.084253589931158,26.411187275441407
1.0628545291795648,0.0,-0.15295957423739334,0.0,0.08727336420836665,0.0,4.248821241549274,3.0842135899311582,26.48809193217677
1.0628130565146,0.0,-0.15296830006418718,0.0,0.08742970544910202,0.0,4.250445310847201,3.084173589931159,26.564822031425344
1.0627716027022789,0.0,-0.15297705138317494,0.0,0.08758563880842053,0.0,4.252065363998622,3.0841335899311586,26.641378944627586
1.0627301675424572,0.0,-0.1529858278779811,0.0,0.08774116799236513,0.0,4.253681436964509,3.0840935899311592,26.717764022685827
1.0626887508378238,0.0,-0.15299462923672374,0.0,0.08789629665366275,0.0,4.25529356518911,3.084053589931159,26.793978596382555
1.06264735239384,0.0,-0.15300345515190888,0.0,0.08805102839284047,0.0,4.256901783610379,3.08401358993116,26.870023976795093
1.0626059720186896,0.0,-0.15301230532036078,0.0,0.08820536675921437,0.0,4.2585061266699835,3.083973589931159,26.945901455696262
1.0625646095232224,0.0,-0.15302117944312274,0.0,0.08835931525194148,0.0,4.260106628323199,3.08393358993116,27.02161230594664
1.0625232647209057,0.0,-0.15303007722538653,0.0,0.08851287732096716,0.0,4.261703322048369,3.08389358993116,27.097157781863025
1.0624819374277723,0.0,-0.1530389983764037,0.0,0.08866605636801388,0.0,4.263296240856297,3.0838535899311594,27.172539119614026
1.0624406274623746,0.0,-0.1530479426094133,0.0,0.08881885574748537,0.0,4.264885417299229,3.0838135899311605,27.24775753754922
1.0623993346457306,0.0,-0.15305690964156404,0.0,0.08897127876741341,0.0,4.2664708834799505,3.08377358993116,27.322814236581035
1.0623580588012833,0.0,-0.15306589919383376,0.0,0.0891233286903335,0.0,4.268052671060191,3.0837335899311604,27.397710400504966
1.0623167997548564,0.0,-0.15307491099097123,0.0,0.08927500873412386,0.0,4.269630811269124,3.08369358993116,27.472447196358377
1.0622755573346008,0.0,-0.1530839447614075,0.0,0.08942632207291129,0.0,4.271205334911705,3.083653589931161,27.547025774719334
1.0622343313709628,0.0,-0.1530930002372044,0.0,0.08957727183783527,0.0,4.272776272376549,3.083613589931161,27.621447270042793
1.0621931216966352,0.0,-0.153102077153974,0.0,0.0897278611178928,0.0,4.274343653643812,3.083573589931161,27.695712800972583
1.0621519281465173,0.0,-0.15311117525081908,0.0,0.08987809296071204,0.0,4.275907508292862,3.083533589931161,27.76982347062483
1.062110750557676,0.0,-0.15312029427026763,0.0,0.09002797037332086,0.0,4.277467865509719,3.083493589931162,27.843780366908767
1.0620695887693028,0.0,-0.15312943395821124,0.0,0.09017749632290221,0.0,4.279024754094404,3.0834535899311617,27.917584562800734
1.0620284426226803,0.0,-0.15313859406383826,0.0,0.09032667373752669,0.0,4.280578202467922,3.083413589931162,27.991237116625346
1.061987311961142,0.0,-0.1531477743395841,0.0,0.09047550550684776,0.0,4.282128238679312,3.0833735899311625,28.0647390723331
1.0619461966300352,0.0,-0.15315697454106392,0.0,0.09062399448282882,0.0,4.283674890412397,3.0833335899311627,28.138091459769857
1.061905096476686,0.0,-0.15316619442701915,0.0,0.09077214348040866,0.0,4.285218184992451,3.0832935899311624,28.211295294938353
1.0618640113503697,0.0,-0.15317543375926682,0.0,0.0909199552781453,0.0,4.2867581493924645,3.0832535899311626,28.28435158024397
1.0618229411022626,0.0,-0.1531846923026319,0.0,0.09106743261892636,0.0,4.288294810239797,3.083213589931163,28.357261304756125
1.0617818855854246,0.0,-0.15319396982490682,0.0,0.09121457821054929,0.0,4.289828193822113,3.083173589931163,28.430025444450028
1.0617408446547612,0.0,-0.15320326609680004,0.0,0.09136139472633778,0.0,4.291358326093364,3.083133589931163,28.502644962439252
1.0616998181669786,0.0,-0.15321258089186826,0.0,0.09150788480583721,0.0,4.292885232680133,3.083093589931163,28.575120809214884
1.0616588059805754,0.0,-0.15322191398648816,0.0,0.09165405105528479,0.0,4.294408938886715,3.0830535899311635,28.64745392286669
1.0616178079557952,0.0,-0.15323126515979577,0.0,0.09179989604827671,0.0,4.295929469701371,3.0830135899311637,28.71964522930926
1.061576823954607,0.0,-0.1532406341936446,0.0,0.09194542232628085,0.0,4.2974468498013385,3.0829735899311643,28.791695642488758
1.0615358538406598,0.0,-0.15325002087254774,0.0,0.09209063239927126,0.0,4.298961103558759,3.082933589931164,28.86360606461796
1.0614948974792786,0.0,-0.15325942498365097,0.0,0.09223552874615783,0.0,4.300472255045357,3.0828935899311647,28.93537738635671
1.061453954737417,0.0,-0.15326884631667487,0.0,0.09238011381540323,0.0,4.301980328038028,3.0828535899311644,29.007010487030694
1.0614130254836363,0.0,-0.153278284663873,0.0,0.09252439002551828,0.0,4.3034853460237095,3.0828135899311646,29.078506234825092
1.061372109588078,0.0,-0.15328773981999516,0.0,0.09266835976555474,0.0,4.304987332204323,3.082773589931164,29.149865486978626
1.0613312069224423,0.0,-0.15329721158224047,0.0,0.09281202539560739,0.0,4.306486309501515,3.082733589931165,29.22108908996394
1.0612903173599522,0.0,-0.15330669975021605,0.0,0.09295538924733039,0.0,4.3079823005616396,3.082693589931165,29.292177879697494
1.0612494407753423,0.0,-0.15331620412590818,0.0,0.09309845362434169,0.0,4.30947532775998,3.0826535899311653,29.363132681684444
1.0612085770448194,0.0,-0.15332572451362267,0.0,0.0932412208027856,0.0,4.310965413205674,3.0826135899311655,29.433954311237812
1.0611677260460515,0.0,-0.15333526071996975,0.0,0.09338369303169168,0.0,4.312452578745782,3.0825735899311657,29.504643573610757
1.0611268876581375,0.0,-0.15334481255381163,0.0,0.09352587253347625,0.0,4.313936845969797,3.082533589931166,29.575201264188156
1.0610860617615812,0.0,-0.15335437982622815,0.0,0.09366776150438744,0.0,4.315418236213993,3.082493589931166,29.64562816865888
1.0610452482382795,0.0,-0.1533639623504884,0.0,0.09380936211487366,0.0,4.316896770565199,3.0824535899311662,29.715925063154945
1.061004446971489,0.0,-0.1533735599420073,0.0,0.09395067651006511,0.0,4.318372469865269,3.0824135899311664,29.786092714431696
1.0609636578458117,0.0,-0.15338317241831548,0.0,0.09409170681014838,0.0,4.319845354714821,3.082373589931167,29.85613188001884
1.0609228807471693,0.0,-0.15339279959902483,0.0,0.09423245511077247,0.0,4.321315445477144,3.0823335899311672,29.92604330835698
1.0608821155622532,0.0,-0.15340244130517186,0.0,0.09437292348688889,0.0,4.322782762299229,3.0822935899310906,29.995827740105167
1.0608006204920715,0.0,-0.15342176759421117,0.0,0.09465302861260841,0.0,4.325709153394489,3.082213589931167,30.13501852132976
1.0607191717567186,0.0,-0.15344114989660837,0.0,0.09493203830125736,0.0,4.328624684561065,3.0821335899311664,30.27370997016146
1.0606377684993276,0.0,-0.1534605868568097,0.0,0.09520996829060628,0.0,4.3315295087868515,3.0820535899311667,30.411907694713545
1.0605564098814644,0.0,-0.1534800771484826,0.0,0.09548683397060813,0.0,4.334423775681317,3.0819735899311667,30.549617174662345
1.0604750950830855,0.0,-0.1534996194742283,0.0,0.09576265039077256,0.0,4.337307631563253,3.0818935899311666,30.68684376420296
1.0603938233019914,0.0,-0.15351921256471798,0.0,0.09603743227051283,0.0,4.340181219561265,3.0818135899311665,30.823592695949127
1.0603125937532953,0.0,-0.15353885517785648,0.0,0.09631119400911206,0.0,4.343044679710488,3.0817335899311664,30.959869084713077
1.0602314056689168,0.0,-0.1535585460979783,0.0,0.09658394969530501,0.0,4.345898149045556,3.081653589931167,31.095677931118164
1.0601502582970967,0.0,-0.15357828413508143,0.0,0.09685571311645305,0.0,4.348741761689804,3.0815735899311663,31.23102412504948
1.060069150901925,0.0,-0.15359806812408036,0.0,0.09712649776742732,0.0,4.351575648941358,3.081493589931166,31.36591244902154
1.059988082762881,0.0,-0.153617896924087,0.0,0.09739631685916204,0.0,4.354399939356065,3.0814135899311665,31.500347581381718
1.0599070531744064,0.0,-0.15363776941773027,0.0,0.0976651833268181,0.0,4.357214758826856,3.081333589931166,31.634334099395556
1.0598260614454824,0.0,-0.15365768451048747,0.0,0.09793310983770734,0.0,4.360020230660637,3.081253589931166,31.767876482212145
1.0597451068992196,0.0,-0.15367764113004903,0.0,0.09820010879891664,0.0,4.362816475652149,3.081173589931166,31.90097911374771
1.0596641888724732,0.0,-0.15369763822569663,0.0,0.09846619236464937,0.0,4.365603612155243,3.0810935899311653,32.033646285427075
1.0595833067154654,0.0,-0.1537176747677189,0.0,0.09873137244326977,0.0,4.368381756151352,3.0810135899311657,32.165882198836
1.0595024597914127,0.0,-0.15373774974682522,0.0,0.09899566070419151,0.0,4.371151021315985,3.0809335899311656,32.29769096829435
1.059421647476188,0.0,-0.1537578621736073,0.0,0.0992590685843875,0.0,4.373911519082243,3.0808535899311655,32.42907662331397
1.0593408691579727,0.0,-0.153778011077996,0.0,0.09952160729478583,0.0,4.376663358702581,3.0807735899311655,32.5600431109671
1.0592601242369382,0.0,-0.1537981955087559,0.0,0.09978328782635885,0.0,4.379406647308116,3.0806935899311654,32.690594298193275
1.059179412124918,0.0,-0.15381841453297845,0.0,0.10004412095607892,0.0,4.382141489966098,3.0806135899311657,32.82073397399911
1.0590987322451106,0.0,-0.15383866723560807,0.0,0.10030411725261738,0.0,4.3848679897353575,3.0805335899311648,32.950465851612684
1.0590180840317827,0.0,-0.15385895271897587,0.0,0.10056328708184781,0.0,4.38758624771957,3.0804535899311656,33.079793570516415
1.058937466929984,0.0,-0.15387927010235716,0.0,0.10082164061218302,0.0,4.39029636311914,3.080373589931164,33.208720698453746
1.058856880395272,0.0,-0.15389961852153178,0.0,0.10107918781972801,0.0,4.39299843328101,3.0802935899311654,33.33725073334599
1.0587763238934422,0.0,-0.15391999712837037,0.0,0.10133593849326564,0.0,4.395692553747082,3.0802135899311645,33.465387105147585
1.0586957969002724,0.0,-0.15394040509042373,0.0,0.10159190223906839,0.0,4.398378818300729,3.080133589931165,33.593133177642734
1.0586152989012751,0.0,-0.15396084159054155,0.0,0.10184708848553095,0.0,4.401057319011932,3.0800535899311647,33.72049225016189
1.0585348293914505,0.0,-0.15398130582648037,0.0,0.1021015064877213,0.0,4.403728146281118,3.079973589931165,33.84746755928682
1.058454387875058,0.0,-0.15400179701054956,0.0,0.10235516533168997,0.0,4.406391388881151,3.079893589931164,33.97406228043579
1.058373973865384,0.0,-0.15402231436924518,0.0,0.10260807393873068,0.0,4.409047133998385,3.0798135899311645,34.10027952946334
1.0582935868845278,0.0,-0.15404285714291766,0.0,0.10286024106942196,0.0,4.411695467272105,3.0797335899311653,34.22612236414521
1.0582132264631827,0.0,-0.1540634245854265,0.0,0.10311167532763348,0.0,4.41433647283301,3.079653589931165,34.35159378567367
1.0581328921404385,0.0,-0.15408401596383084,0.0,0.10336238516429443,0.0,4.416970233340063,3.079573589931164,34.47669674005407
1.0580525834635714,0.0,-0.15410463055806364,0.0,0.10361237888116415,0.0,4.4195968300166815,3.0794935899311637,34.60143411949787
1.0579722999878591,0.0,-0.154125267660641,0.0,0.10386166463437593,0.0,4.422216342685314,3.0794135899311645,34.72580876372947
1.0578920412763893,0.0,-0.1541459265763637,0.0,0.10411025043795001,0.0,4.42482884980143,3.079333589931164,34.84982346130751
1.0578118068998767,0.0,-0.1541666066220307,0.0,0.1043581441671596,0.0,4.4274344284859835,3.079253589931165,34.97348095084084
1.0577315964364857,0.0,-0.15418730712616316,0.0,0.10460535356183093,0.0,4.430033154557388,3.079173589931164,35.096783922237336
1.0576514094716614,0.0,-0.1542080274287409,0.0,0.10485188622947748,0.0,4.432625102562001,3.0790935899311638,35.219735017826665
1.057571245597966,0.0,-0.15422876688094153,0.0,0.10509774964839136,0.0,4.435210345803972,3.079013589931164,35.342336833537814
1.057491104414906,0.0,-0.15424952484488286,0.0,0.1053429511706768,0.0,4.437788956374516,3.078933589931164,35.464591919994035
1.057410985528787,0.0,-0.15427030069338668,0.0,0.10558749802508675,0.0,4.44036100517953,3.078853589931164,35.586502783565344
1.0573308885525565,0.0,-0.15429109380973524,0.0,0.10583139731987662,0.0,4.442926561967101,3.0787735899311635,35.70807188742251
1.0572508131056553,0.0,-0.1543119035874416,0.0,0.10607465604553022,0.0,4.445485695353908,3.078693589931163,35.829301652537076
1.0571707588138795,0.0,-0.15433272943003254,0.0,0.10631728107738059,0.0,4.44803847285072,3.0786135899311637,35.95019445864826
1.0570907253092234,0.0,-0.1543535707508135,0.0,0.10655927917828024,0.0,4.45058496088781,3.078533589931163,36.07075264524067
1.0570107122297696,0.0,-0.15437442697267967,0.0,0.10680065700097775,0.0,4.453125224838541,3.0784535899311627,36.19097851242729
1.0569307192195398,0.0,-0.15439529752789666,0.0,0.10704142109062922,0.0,4.455659329043254,3.0783735899311635,36.310874321859224
1.0568507459283651,0.0,-0.15441618185790196,0.0,0.10728157788716264,0.0,4.458187336832202,3.078293589931163,36.430442297603456
1.0567707920117706,0.0,-0.15443707941311183,0.0,0.10752113372754667,0.0,4.4607093105475135,3.0782135899311625,36.549684626974724
1.0566908571308498,0.0,-0.15445798965273735,0.0,0.10776009484802118,0.0,4.463225311564857,3.078133589931163,36.66860346134154
1.0566109409521462,0.0,-0.15447891204459516,0.0,0.10799846738628892,0.0,4.465735400314538,3.078053589931163,36.78720091695241
1.0565310431475343,0.0,-0.15449984606493083,0.0,0.10823625738362438,0.0,4.46823963630185,3.077973589931162,36.90547907568249
1.0564511633941203,0.0,-0.15452079119824608,0.0,0.10847347078689501,0.0,4.470738078126745,3.077893589931162,37.02343998579297
1.0563713013741154,0.0,-0.154541746937125,0.0,0.10871011345061642,0.0,4.473230783503485,3.0778135899311625,37.14108566267227
1.0562914567747483,0.0,-0.15456271278208195,0.0,0.10894619113881948,0.0,4.475717809279018,3.077733589931163,37.25841808952279
1.0562116292881465,0.0,-0.15458368824138602,0.0,0.10918170952701392,0.0,4.478199211451605,3.077653589931162,37.37543921807582
1.056131818611247,0.0,-0.1546046728309148,0.0,0.10941667420398005,0.0,4.4806750451883435,3.0775735899311627,37.49215096925359
1.05605202444569,0.0,-0.15462566607399902,0.0,0.10965109067358741,0.0,4.483145364842626,3.077493589931163,37.608555233821185
1.0559722464977301,0.0,-0.1546466675012795,0.0,0.10988496435651322,0.0,4.48561022397089,3.0774135899311617,37.72465387302722
1.0558924844781417,0.0,-0.15466767665055733,0.0,0.11011830059195592,0.0,4.488069675349022,3.077333589931162,37.840448719211665
1.0558127381021225,0.0,-0.1546886930666538,0.0,0.11035110463930489,0.0,4.490523770988455,3.077253589931162,37.95594157643076
1.0557330070892172,0.0,-0.1547097163012816,0.0,0.11058338167970659,0.0,4.492972562151515,3.0771735899311614,38.07113422101941
1.055653291163221,0.0,-0.1547307459129018,0.0,0.11081513681767506,0.0,4.495416099366712,3.0770935899311613,38.1860284021799
1.0555735900521017,0.0,-0.15475178146660276,0.0,0.1110463750825915,0.0,4.497854432443426,3.0770135899311613,38.300625842523594
1.0554939034879114,0.0,-0.15477282253396443,0.0,0.1112771014302294,0.0,4.5002876104864225,3.076933589931161,38.41492823863252
1.0554142312067172,0.0,-0.15479386869294637,0.0,0.11150732074415837,0.0,4.502715681909643,3.076853589931161,38.52893726155862
1.0553345729485146,0.0,-0.1548149195277576,0.0,0.11173703783719646,0.0,4.505138694450017,3.076773589931161,38.64265455736531
1.0552549284571557,0.0,-0.1548359746287436,0.0,0.11196625745278016,0.0,4.507556695180769,3.0766935899311623,38.75608174761816
1.05517529748027,0.0,-0.15485703359227232,0.0,0.11219498426631253,0.0,4.509969730524384,3.076613589931161,38.8692204298638
1.0550956797692046,0.0,-0.15487809602062252,0.0,0.11242322288645094,0.0,4.5123778462651405,3.0765335899311608,38.982072178120546
1.0550160750789395,0.0,-0.1548991615218743,0.0,0.11265097785642073,0.0,4.514781087561642,3.0764535899311607,39.09463854333287
1.0549364831680255,0.0,-0.15492022970980024,0.0,0.11287825365525271,0.0,4.517179498958777,3.076373589931161,39.20692105382489
1.0548569037985207,0.0,-0.15494130020377192,0.0,0.11310505469896974,0.0,4.519573124399349,3.0762935899311605,39.318921215742066
1.0547773367359161,0.0,-0.15496237262864232,0.0,0.11333138534183759,0.0,4.521962007235778,3.076213589931161,39.430640513491184
1.0546977817490786,0.0,-0.15498344661466384,0.0,0.11355724987746031,0.0,4.5243461902410225,3.076133589931161,39.542080410137636
1.054618238610187,0.0,-0.15500452179738075,0.0,0.1137826525399482,0.0,4.526725715619625,3.0760535899311603,39.65324234783272
1.054538707094669,0.0,-0.15502559781753797,0.0,0.11400759750502121,0.0,4.529100625018365,3.0759735899311607,39.764127748209795
1.0544591869811473,0.0,-0.155046674320994,0.0,0.11423208889105849,0.0,4.531470959536516,3.0758935899311606,39.87473801276852
1.054379678051369,0.0,-0.1550677509586218,0.0,0.1144561307601992,0.0,4.533836759736213,3.075813589931161,39.98507452325605
1.0543001800901646,0.0,-0.15508882738623053,0.0,0.11467972711932355,0.0,4.536198065652148,3.0757335899311604,40.09513864204546
1.0542206928853814,0.0,-0.1551099032644747,0.0,0.11490288192107859,0.0,4.538554916801312,3.0756535899311603,40.20493171248286
1.054141216227834,0.0,-0.1551309782587722,0.0,0.1151255990648584,0.0,4.540907352192487,3.0755735899311607,40.31445505925889
1.0540617499112466,0.0,-0.15515205203921792,0.0,0.11534788239777462,0.0,4.543255410335463,3.0754935899311606,40.42370998874095
1.0539822937322065,0.0,-0.15517312428051178,0.0,0.11556973571556162,0.0,4.545599129249958,3.0754135899311605,40.53269778931577
1.0539028474901115,0.0,-0.15519419466187392,0.0,0.11579116276351506,0.0,4.547938546474525,3.0753335899311605,40.64141973171811
1.05382341098712,0.0,-0.15521526286697376,0.0,0.11601216723737269,0.0,4.550273699075093,3.07525358993116,40.74987706934962
1.053743984028099,0.0,-0.15523632858384928,0.0,0.11623275278420236,0.0,4.552604623653429,3.07517358993116,40.858071038594126
1.0536645664205868,0.0,-0.15525739150484014,0.0,0.11645292300323404,0.0,4.554931356355264,3.0750935899311598,40.96600285912686
1.0535851579747324,0.0,-0.1552784513265087,0.0,0.1166726814467238,0.0,4.557253932878413,3.0750135899311593,41.07367373421116
1.0535057585032621,0.0,-0.1552995077495792,0.0,0.11689203162074026,0.0,4.559572388480611,3.07493358993116,41.18108485099522
1.0534263678214302,0.0,-0.15532056047886347,0.0,0.11711097698597661,0.0,4.56188675798712,3.07485358993116,41.28823738079489
1.0533469857469722,0.0,-0.15534160922319307,0.0,0.11732952095854352,0.0,4.564197075798352,3.074773589931159,41.39513247937751
1.0532676121000728,0.0,-0.15536265369535945,0.0,0.11754766691069507,0.0,4.5665033758970015,3.07469358993116,41.50177128722497
1.053188246703309,0.0,-0.15538369361204465,0.0,0.1177654181716262,0.0,4.5688056918555535,3.074613589931159,41.608154929819385
1.0531088893816267,0.0,-0.15540472869376315,0.0,0.11798277802814212,0.0,4.571104056842859,3.0745335899311588,41.714284517883854
1.0530295399622855,0.0,-0.15542575866479505,0.0,0.11819974972543616,0.0,4.573398503631445,3.0744535899311587,41.820161147659825
1.0529501982748282,0.0,-0.15544678325312974,0.0,0.1184163364677457,0.0,4.575689064603944,3.074373589931159,41.92578590114082
1.0528708641510423,0.0,-0.1554678021904099,0.0,0.11863254141903987,0.0,4.577975771759725,3.074293589931159,42.03115984631743
1.0527915374249153,0.0,-0.15548881521186456,0.0,0.11884836770372535,0.0,4.5802586567214885,3.0742135899311585,42.136284037437264
1.0527122179326114,0.0,-0.1555098220562643,0.0,0.11906381840723984,0.0,4.582537750741223,3.0741335899311593,42.24115951520643
1.0526329055124217,0.0,-0.15553082246585803,0.0,0.1192788965767514,0.0,4.584813084706709,3.0740535899311587,42.34578730704767
1.052553600004738,0.0,-0.1555518161863219,0.0,0.11949360522175088,0.0,4.587084689147344,3.0739735899311587,42.450168427307446
1.052474301252015,0.0,-0.15557280296670803,0.0,0.11970794731467632,0.0,4.589352594240068,3.073893589931158,42.554303877478496
1.0523950090987368,0.0,-0.15559378255938405,0.0,0.11992192579153445,0.0,4.591616829815253,3.0738135899311585,42.65819464642652
1.0523157233913831,0.0,-0.15561475471999656,0.0,0.12013554355245322,0.0,4.593877425362228,3.073733589931159,42.76184171058386
1.052236443978402,0.0,-0.15563571920741281,0.0,0.12034880346227379,0.0,4.596134410034845,3.073653589931158,42.865246034156186
1.0521571707101678,0.0,-0.15565667578366502,0.0,0.12056170835114892,0.0,4.5983878126570055,3.0735735899311583,42.96840856934755
1.0520779034389607,0.0,-0.15567762421391992,0.0,0.12077426101503738,0.0,4.600637661727809,3.0734935899311577,43.071330256523915
1.0519986420189318,0.0,-0.15569856426641587,0.0,0.12098646421629201,0.0,4.602883985426861,3.073413589931158,43.174012024427334
1.0519193863060707,0.0,-0.15571949571242705,0.0,0.12119832068417316,0.0,4.605126811619388,3.0733335899311576,43.27645479036142
1.0518401361581817,0.0,-0.15574041832621238,0.0,0.12140983311537208,0.0,4.607366167861137,3.073253589931158,43.378659460377094
1.0517608914348489,0.0,-0.1557613318849752,0.0,0.12162100417452551,0.0,4.609602081403391,3.0731735899311583,43.4806269294506
1.0516816519974146,0.0,-0.15578223616881906,0.0,0.12183183649470247,0.0,4.6118345791976205,3.0730935899311578,43.58235808166119
1.0516024177089458,0.0,-0.15580313096070417,0.0,0.12204233267791184,0.0,4.6140636879002885,3.0730135899311573,43.68385379036947
1.0515231884342118,0.0,-0.15582401604640353,0.0,0.12225249529557754,0.0,4.616289433877425,3.0729335899311576,43.78511491838847
1.051443964039655,0.0,-0.15584489121447248,0.0,0.12246232688899027,0.0,4.618511843209082,3.072853589931157,43.88614231813789
1.051364744393363,0.0,-0.15586575625619184,0.0,0.12267182996981534,0.0,4.620730941693936,3.072773589931157,43.98693683183516
1.051285529365048,0.0,-0.1558866109655447,0.0,0.12288100702048788,0.0,4.622946754853334,3.072693589931158,44.08749929162123
1.0512063188260192,0.0,-0.15590745513916787,0.0,0.12308986049470202,0.0,4.6251593079358235,3.0726135899311573,44.18783051975261
1.0511271126491568,0.0,-0.15592828857632016,0.0,0.1232983928178183,0.0,4.627368625921145,3.0725335899311577,44.28793132872545
1.0510479107088904,0.0,-0.15594911107884069,0.0,0.12350660638730679,0.0,4.62957473352438,3.072453589931157,44.38780252144818
1.050968712881173,0.0,-0.15596992245111235,0.0,0.12371450357316685,0.0,4.631777655199989,3.072373589931157,44.487444891381536
1.0508895190434595,0.0,-0.15599072250003282,0.0,0.12392208671831838,0.0,4.633977415145658,3.0722935899311565,44.586859222682186
1.050810329074685,0.0,-0.15601151103497088,0.0,0.12412935813902204,0.0,4.636174037306195,3.0722135899311573,44.68604629034722
1.0507311428552366,0.0,-0.15603228786773715,0.0,0.12433632012527933,0.0,4.638367545377387,3.072133589931157,44.78500686035849
1.0506519602669404,0.0,-0.15605305281254822,0.0,0.12454297494120259,0.0,4.640557962809565,3.0720535899311563,44.88374168981563
1.0505727811930317,0.0,-0.15607380568599635,0.0,0.12474932482540195,0.0,4.642745312811339,3.0719735899311567,44.9822515270644
1.050493605518139,0.0,-0.15609454630701267,0.0,0.12495537199136528,0.0,4.644929618353113,3.0718935899311566,45.0805371118406
1.0504144331282588,0.0,-0.1561152744968362,0.0,0.1251611186278328,0.0,4.647110902170735,3.071813589931156,45.178599175400194
1.0503352639107413,0.0,-0.15613599007898615,0.0,0.125366566899122,0.0,4.649289186768652,3.0717335899311564,45.27643844062607
1.0502560977542648,0.0,-0.15615669287922818,0.0,0.12557171894551528,0.0,4.651464494423539,3.0716535899311563,45.37405562217811
1.0501769345488177,0.0,-0.15617738272554188,0.0,0.12577657688359925,0.0,4.653636847187531,3.0715735899311563,45.4714514266018
1.0500977741856812,0.0,-0.15619805944809753,0.0,0.1259811428065844,0.0,4.655806266891399,3.0714935899311553,45.568626552443796
1.0500186165574077,0.0,-0.1562187228792186,0.0,0.12618541878466752,0.0,4.657972775147813,3.071413589931156,45.665581690388656
1.0499394615578026,0.0,-0.15623937285335948,0.0,0.1263894068653467,0.0,4.66013639335452,3.0713335899311565,45.76231752335709
1.0498603090819076,0.0,-0.1562600092070756,0.0,0.12659310907373353,0.0,4.6622971426972555,3.071253589931156,45.85883472661901
1.0497811590259805,0.0,-0.15628063177899315,0.0,0.1267965274128908,0.0,4.664455044152947,3.0711735899311563,45.955133967920204
1.049702011287477,0.0,-0.1563012404097847,0.0,0.12699966386412684,0.0,4.666610118492556,3.071093589931156,46.05121590757944
1.0496228657650406,0.0,-0.15632183494214386,0.0,0.12720252038729385,0.0,4.668762386283971,3.0710135899311557,46.147081198594755
1.049543722358472,0.0,-0.1563424152207504,0.0,0.12740509892112667,0.0,4.670911867895049,3.0709335899311556,46.24273048676303
1.0494645809687277,0.0,-0.15636298109225905,0.0,0.12760740138347054,0.0,4.673058583496106,3.0708535899311555,46.338164410760534
1.0493854414978905,0.0,-0.1563835324052586,0.0,0.1278094296716402,0.0,4.675202553063001,3.070773589931155,46.43338360226698
1.049306303849161,0.0,-0.15640406901025639,0.0,0.12801118566265937,0.0,4.677343796379618,3.070693589931156,46.52838868605456
1.0492271679268388,0.0,-0.15642459075965406,0.0,0.1282126712135487,0.0,4.679482333040642,3.0706135899311553,46.62318028008423
1.0491480336363084,0.0,-0.1564450975077152,0.0,0.12841388816161003,0.0,4.681618182454086,3.0705335899311548,46.71775899560878
1.0490689008840206,0.0,-0.1564655891105514,0.0,0.12861483832468887,0.0,4.683751363843968,3.0704535899311547,46.81212543726639
1.0489897695774837,0.0,-0.1564860654260915,0.0,0.12881552350143388,0.0,4.685881896252669,3.0703735899311555,46.906280203163746
1.0489106396252386,0.0,-0.1565065263140633,0.0,0.12901594547157372,0.0,4.688009798543642,3.0702935899311545,47.000223884983406
1.048831510936854,0.0,-0.15652697163596813,0.0,0.129216105996154,0.0,4.690135089403619,3.0702135899311545,47.09395706806717
1.0487523834229113,0.0,-0.15654740125506278,0.0,0.12941600681778276,0.0,4.692257787345048,3.0701335899311553,47.187480331487514
1.048673256994979,0.0,-0.15656781503632994,0.0,0.12961564966091782,0.0,4.6943779107086225,3.070053589931155,47.28079424816513
1.048594131565614,0.0,-0.15658821284646557,0.0,0.12981503623206114,0.0,4.69649547766537,3.069973589931155,47.37389938493285
1.0485150070483378,0.0,-0.15660859455385054,0.0,0.13001416822002942,0.0,4.698610506219057,3.0698935899311546,47.46679630262363
1.0484358833576264,0.0,-0.15662896002853272,0.0,0.13021304729617833,0.0,4.700723014208367,3.0698135899311545,47.559485556159956
1.0483567604089001,0.0,-0.15664930914221128,0.0,0.13041167511461943,0.0,4.702833019309071,3.069733589931154,47.651967694619344
1.048277638118502,0.0,-0.15666964176820342,0.0,0.13061005331248485,0.0,4.704940539036301,3.069653589931154,47.74424326133499
1.0481985164036933,0.0,-0.15668995778144004,0.0,0.13080818351010845,0.0,4.707045590746539,3.069573589931154,47.836312793954164
1.048119395182639,0.0,-0.1567102570584381,0.0,0.1310060673112615,0.0,4.709148191639746,3.0694935899311537,47.92817682452631
1.0480402743743948,0.0,-0.15673053947728077,0.0,0.1312037063033747,0.0,4.7112483587614244,3.069413589931154,48.01983587957611
1.0479611538988893,0.0,-0.15675080491759866,0.0,0.131401102057757,0.0,4.713346109004703,3.0693335899311545,48.111290480181104
1.0478820336769221,0.0,-0.1567710532605559,0.0,0.13159825612977952,0.0,4.715441459112186,3.0692535899311535,48.202541142036935
1.0478029136301457,0.0,-0.1567912843888268,0.0,0.13179517005909977,0.0,4.717534425677985,3.0691735899311534,48.293588375538974
1.0477237936810557,0.0,-0.15681149818658077,0.0,0.13199184536985137,0.0,4.719625025149596,3.069093589931154,48.384432685840856
1.0476446737529794,0.0,-0.1568316945394631,0.0,0.13218828357085613,0.0,4.7217132738298355,3.069013589931154,48.47507457293839
1.047565553770062,0.0,-0.1568518733345769,0.0,0.13238448615581552,0.0,4.723799187878692,3.0689335899311545,48.56551453172794
1.04748643365726,0.0,-0.15687203446047,0.0,0.13258045460349036,0.0,4.725882783315082,3.068853589931153,48.65575305207398
1.0474073133403266,0.0,-0.15689217780710915,0.0,0.13277619037791483,0.0,4.727964076018737,3.068773589931153,48.74579061888397
1.0473281927458016,0.0,-0.1569123032658728,0.0,0.13297169492856134,0.0,4.73004308173194,3.068693589931153,48.83562771216734
1.0472490718010057,0.0,-0.1569324107295331,0.0,0.13316696969051672,0.0,4.732119816061152,3.0686135899311533,48.92526480708981
1.0471699504340177,0.0,-0.1569525000922308,0.0,0.13336201608471035,0.0,4.734194294479029,3.0685335899311528,49.01470237406289
1.047090828573684,0.0,-0.15697257124947342,0.0,0.13355683551801686,0.0,4.7362665323256525,3.0684535899311536,49.103940878777316
1.0470117061495854,0.0,-0.15699262409810524,0.0,0.13375142938351123,0.0,4.73833654481066,3.068373589931153,49.19298078228572
1.0469325830920473,0.0,-0.15701265853630478,0.0,0.13394579906056905,0.0,4.740404347014483,3.068293589931153,49.281822541043965
1.0468534593321168,0.0,-0.15703267446355887,0.0,0.13413994591509124,0.0,4.742469953890242,3.0682135899311533,49.370466606989474
1.0467743348015592,0.0,-0.15705267178065307,0.0,0.13433387129963903,0.0,4.74453338026512,3.068133589931153,49.45891342758724
1.0466952094328494,0.0,-0.1570726503896602,0.0,0.1345275765535978,0.0,4.7465946408420345,3.068053589931153,49.547163445886866
1.0466160831591549,0.0,-0.15709261019391527,0.0,0.13472106300336784,0.0,4.748653750201163,3.0679735899311527,49.635217100589166
1.046536955914336,0.0,-0.15711255109801,0.0,0.1349143319624887,0.0,4.750710722801358,3.0678935899311526,49.723074826091135
1.0464578276329326,0.0,-0.1571324730077769,0.0,0.13510738473181508,0.0,4.752765572981745,3.0678135899311525,49.81073705254579
1.046378698250155,0.0,-0.15715237583027641,0.0,0.13530022259965493,0.0,4.754818314963067,3.067733589931152,49.89820420591091
1.0462995677018745,0.0,-0.15717225947377528,0.0,0.1354928468419519,0.0,4.756868962849243,3.0676535899311523,49.98547670801193
1.0462204359246166,0.0,-0.15719212384774472,0.0,0.135685258722404,0.0,4.7589175306287315,3.0675735899311527,50.0725549765896
1.0461413028555508,0.0,-0.15721196886283836,0.0,0.13587745949262453,0.0,4.76096403217588,3.0674935899311526,50.15943942534515
1.0460621684324838,0.0,-0.15723179443088106,0.0,0.1360694503922899,0.0,4.763008481252366,3.0674135899311517,50.24613046400299
1.0459830325938524,0.0,-0.1572516004648616,0.0,0.1362612326492605,0.0,4.765050891508449,3.0673335899311525,50.332628498344626
1.0459038952787103,0.0,-0.1572713868789097,0.0,0.13645280747976093,0.0,4.767091276484458,3.067253589931152,50.418933930278236
1.0458247564267238,0.0,-0.15729115358829085,0.0,0.13664417608848625,0.0,4.7691296496119815,3.0671735899311514,50.50504715786667
1.0457456159781662,0.0,-0.15731090050939261,0.0,0.13683533966874561,0.0,4.771166024215154,3.067093589931152,50.59096857539277
1.045666473873902,0.0,-0.1573306275597108,0.0,0.13702629940260838,0.0,4.773200413512052,3.067013589931152,50.67669857339417
1.045587330055391,0.0,-0.15735033465784018,0.0,0.13721705646101326,0.0,4.775232830615748,3.066933589931151,50.76223753871229
1.0455081844646696,0.0,-0.15737002172345635,0.0,0.1374076120039309,0.0,4.7772632885357424,3.066853589931151,50.84758585454617
1.045429037044348,0.0,-0.15738968867731082,0.0,0.137597967180467,0.0,4.779291800179046,3.0667735899311515,50.932743900484695
1.0453498877376055,0.0,-0.15740933544121966,0.0,0.13778812312899108,0.0,4.781318378351455,3.0666935899311514,51.017712052560206
1.045270736488177,0.0,-0.15742896193804287,0.0,0.13797808097728131,0.0,4.783343035758662,3.0666135899311517,51.102490683285964
1.045191583240352,0.0,-0.1574485680916838,0.0,0.13816784184262734,0.0,4.78536578500751,3.0665335899311508,51.18708016170851
1.0451124279389643,0.0,-0.15746815382707233,0.0,0.13835740683195524,0.0,4.787386638607034,3.0664535899311516,51.27148085344023
1.045033270529384,0.0,-0.1574877190701548,0.0,0.13854677704195964,0.0,4.789405608969681,3.066373589931151,51.35569312070373
1.044954110957517,0.0,-0.1575072637478856,0.0,0.138735953559198,0.0,4.791422708412335,3.066293589931151,51.43971732237977
1.0448749491697882,0.0,-0.15752678778821194,0.0,0.13892493746023282,0.0,4.79343794915751,3.0662135899311505,51.52355381403445
1.0447957851131422,0.0,-0.15754629112006532,0.0,0.13911372981173545,0.0,4.795451343334344,3.06613358993115,51.60720294797425
1.0447166187350374,0.0,-0.15756577367335395,0.0,0.1393023316705896,0.0,4.797462902979728,3.0660535899311503,51.69066507328121
1.0446374499834334,0.0,-0.15758523537894928,0.0,0.1394907440840127,0.0,4.799472640039275,3.0659735899311507,51.773940535837774
1.0445582788067913,0.0,-0.15760467616867807,0.0,0.1396789680896641,0.0,4.801480566368471,3.06589358993115,51.85702967838646
1.044479105154062,0.0,-0.15762409597530835,0.0,0.13986700471575492,0.0,4.8034866937335785,3.06581358993115,51.93993284055396
1.0443999289746846,0.0,-0.15764349473254402,0.0,0.14005485498115106,0.0,4.805491033812726,3.065733589931151,52.0226503588963
1.0443207502185745,0.0,-0.15766287237501167,0.0,0.14024251989548778,0.0,4.807493598196894,3.0656535899311503,52.105182566932065
1.044241568836126,0.0,-0.15768222883825522,0.0,0.1404300004592486,0.0,4.809494398390759,3.06557358993115,52.18752979517053
1.044162384778199,0.0,-0.15770156405872401,0.0,0.14061729766389142,0.0,4.811493445813836,3.0654935899311506,52.26969237116477
1.044083197996112,0.0,-0.1577208779737587,0.0,0.14080441249195644,0.0,4.813490751801388,3.0654135899311505,52.351670619534794
1.0440040084416466,0.0,-0.15774017052159417,0.0,0.14099134591712506,0.0,4.815486327605236,3.0653335899311496,52.43346486200176
1.043924816067031,0.0,-0.15775944164133485,0.0,0.14117809890436833,0.0,4.817480184394833,3.0652535899311504,52.5150754174337
1.0438456208249387,0.0,-0.15777869127296074,0.0,0.1413646724100032,0.0,4.819472333258108,3.06517358993115,52.59650260186697
1.0437664226684835,0.0,-0.15779791935730728,0.0,0.14155106738181106,0.0,4.8214627852023435,3.065093589931149,52.67774672853762
1.043687221551214,0.0,-0.15781712583606222,0.0,0.14173728475912115,0.0,4.823451551155084,3.0650135899311493,52.75880810793648
1.0436080174271047,0.0,-0.15783631065175577,0.0,0.14192332547291303,0.0,4.82543864196507,3.0649335899311496,52.83968704781587
1.0435288102505569,0.0,-0.15785547374775183,0.0,0.14210919044589648,0.0,4.827424068402983,3.0648535899311495,52.92038385323144
1.043449599976389,0.0,-0.1578746150682402,0.0,0.14229488059260353,0.0,4.8294078411623556,3.064773589931149,53.00089882657946
1.0433703865598314,0.0,-0.15789373455822578,0.0,0.1424803968194917,0.0,4.831389970860423,3.064693589931149,53.081232267623925
1.0432911699565224,0.0,-0.15791283216352361,0.0,0.14266574002501548,0.0,4.833370468038953,3.0646135899311493,53.161384473523256
1.043211950122505,0.0,-0.15793190783075114,0.0,0.14285091109971457,0.0,4.835349343164993,3.0645335899311488,53.24135573886447
1.043132727014219,0.0,-0.15795096150731489,0.0,0.14303591092630777,0.0,4.83732660663171,3.064453589931149,53.321146355693536
1.0430535005884956,0.0,-0.15796999314140703,0.0,0.14322074037977958,0.0,4.839302268759289,3.0643735899311486,53.40075661354818
1.04297427080256,0.0,-0.15798900268200114,0.0,0.14340540032743274,0.0,4.841276339795454,3.064293589931149,53.480186799475504
1.0428950376140116,0.0,-0.1580079900788316,0.0,0.14358989162903232,0.0,4.843248829916627,3.064213589931149,53.559437198078285
1.0428158009808368,0.0,-0.15802695528240104,0.0,0.1437742151368165,0.0,4.845219749228255,3.064133589931149,53.63850809152759
1.0427365608613943,0.0,-0.15804589824396467,0.0,0.14395837169561837,0.0,4.847189107765879,3.0640535899311487,53.717399759600276
1.042657317214409,0.0,-0.1580648189155224,0.0,0.14414236214294124,0.0,4.849156915495785,3.0639735899311487,53.79611247970118
1.0425780699989742,0.0,-0.1580837172498151,0.0,0.14432618730902144,0.0,4.851123182315633,3.0638935899311486,53.874646526894715
1.0424988191745428,0.0,-0.1581025932003144,0.0,0.1445098480169217,0.0,4.85308791805537,3.06381358993115,53.95300217393216
1.0424195647009211,0.0,-0.1581214467212161,0.0,0.14469334508260534,0.0,4.855051132477832,3.063733589931148,54.031179691279235
1.0423403065382746,0.0,-0.1581402777674351,0.0,0.1448766793149853,0.0,4.857012835279341,3.063653589931149,54.10917934713345
1.0422610446471083,0.0,-0.15815908629459763,0.0,0.14505985151603296,0.0,4.858973036090634,3.0635735899311483,54.187001407455945
1.0421817789882766,0.0,-0.158177872259032,0.0,0.14524286248082774,0.0,4.86093174447732,3.0634935899311486,54.264646136004714
1.0421025095229695,0.0,-0.15819663561776273,0.0,0.14542571299764917,0.0,4.8628889699407685,3.063413589931149,54.34211379435227
1.0420232362127118,0.0,-0.15821537632850463,0.0,0.14560840384803184,0.0,4.864844721918633,3.063333589931148,54.4194046419102
1.0419439590193627,0.0,-0.15823409434965943,0.0,0.14579093580682786,0.0,4.866799009785495,3.063253589931148,54.4965189359489
1.0418646779051053,0.0,-0.158252789640301,0.0,0.14597330964230323,0.0,4.868751842853614,3.063173589931148,54.57345693164119
1.0417853928324492,0.0,-0.15827146216017604,0.0,0.14615552611618163,0.0,4.870703230373491,3.063093589931148,54.65021888206936
1.0417061037642181,0.0,-0.1582901118696935,0.0,0.14633758598373095,0.0,4.872653181534573,3.063013589931148,54.72680503824687
1.0416268106635567,0.0,-0.15830873872992277,0.0,0.14651948999380593,0.0,4.8746017054657695,3.0629335899311476,54.80321564915713
1.0415475134939145,0.0,-0.15832734270257975,0.0,0.14670123888894887,0.0,4.876548811236243,3.0628535899311466,54.87945096176823
1.0414682122190582,0.0,-0.15834592375003076,0.0,0.1468828334054059,0.0,4.878494507855728,3.0627735899311475,54.95551122104792
1.0413889068030477,0.0,-0.15836448183527418,0.0,0.14706427427325425,0.0,4.880438804275552,3.0626935899311474,55.031396670005954
1.0413095972102526,0.0,-0.15838301692194895,0.0,0.1472455622163949,0.0,4.882381709388765,3.0626135899311473,55.10710754969602
1.0412302834053324,0.0,-0.1584015289743137,0.0,0.14742669795268193,0.0,4.884323232031155,3.0625335899311463,55.182644099255704
1.041150965353245,0.0,-0.15842001795725202,0.0,0.14760768219392847,0.0,4.886263380981434,3.0624535899311476,55.25800655590928
1.0410716430192348,0.0,-0.15843848383626033,0.0,0.14778851564601062,0.0,4.888202164962172,3.0623735899311475,55.33319515501399
1.040992316368833,0.0,-0.15845692657744676,0.0,0.1479691990088963,0.0,4.8901395926400815,3.0622935899311465,55.408210130048396
1.040912985367855,0.0,-0.15847534614751857,0.0,0.1481497329767284,0.0,4.892075672626736,3.0622135899311465,55.4830517126721
1.0408336499823945,0.0,-0.15849374251378437,0.0,0.14833011823786446,0.0,4.8940104134790445,3.062133589931147,55.55772013271651
1.0407543101788206,0.0,-0.15851211564414316,0.0,0.148510355474949,0.0,4.895943823699844,3.0620535899311463,55.632215618216314
1.0406749659237766,0.0,-0.15853046550708016,0.0,0.14869044536496379,0.0,4.897875911738387,3.0619735899311467,55.7065383954351
1.0405956171841748,0.0,-0.15854879207166322,0.0,0.14887038857928428,0.0,4.899806685990936,3.061893589931146,55.780688688874015
1.0405162639271937,0.0,-0.158567095307533,0.0,0.1490501857837392,0.0,4.90173615480121,3.061813589931147,55.85466672130003
1.0404369061202732,0.0,-0.15858537518490237,0.0,0.14922983763866718,0.0,4.9036643264609925,3.0617335899311464,55.92847271376999
1.0403575437311166,0.0,-0.15860363167455044,0.0,0.1494093447989558,0.0,4.905591209210549,3.061653589931147,56.00210688563154
1.0402781767276827,0.0,-0.15862186474781353,0.0,0.14958870791411563,0.0,4.9075168112391685,3.0615735899311463,56.075569454559954
1.0401988050781825,0.0,-0.15864007437658234,0.0,0.14976792762833077,0.0,4.90944114068573,3.0614935899311457,56.14886063658026
1.0401194287510798,0.0,-0.15865826053329837,0.0,0.14994700458049595,0.0,4.9113642056390745,3.061413589931146,56.221980646064715
1.0400400477150824,0.0,-0.15867642319094594,0.0,0.15012593940429098,0.0,4.913286014138633,3.061333589931145,56.29492969576639
1.0399606619391504,0.0,-0.15869456232305038,0.0,0.1503047327282026,0.0,4.915206574174701,3.0612535899311455,56.36770799684408
1.0398812713924799,0.0,-0.15871267790367113,0.0,0.15048338517560128,0.0,4.917125893689131,3.0611735899311463,56.440315758860145
1.0398018760445047,0.0,-0.1587307699073951,0.0,0.1506618973647933,0.0,4.919043980575766,3.0610935899311453,56.512753189821304
1.0397224758649006,0.0,-0.1587488383093351,0.0,0.1508402699090428,0.0,4.920960842680716,3.061013589931146,56.58502049617682
1.0396430708235729,0.0,-0.15876688308512332,0.0,0.1510185034166461,0.0,4.922876487803036,3.0609335899311456,56.65711788284889
1.039563660890657,0.0,-0.1587849042109082,0.0,0.1511965984909687,0.0,4.9247909236950775,3.0608535899311455,56.72904555323935
1.03948424603652,0.0,-0.1588029016633462,0.0,0.15137455573049727,0.0,4.9267041580629405,3.0607735899311455,56.80080370926386
1.0394048262317512,0.0,-0.1588208754196024,0.0,0.15155237572888236,0.0,4.928616198566941,3.0606935899311454,56.87239255135182
1.039325401447162,0.0,-0.15883882545733902,0.0,0.1517300590749941,0.0,4.930527052822024,3.0606135899311457,56.943812278465664
1.0392459716537847,0.0,-0.15885675175471864,0.0,0.1519076063529596,0.0,4.932436728398239,3.0605335899311448,57.01506308812775
1.03916653682287,0.0,-0.158874654290393,0.0,0.15208501814220984,0.0,4.934345232821088,3.060453589931145,57.0861451764301
1.0390870969258807,0.0,-0.1588925330435021,0.0,0.15226229501753127,0.0,4.93625257357204,3.0603735899311446,57.15705873805074
1.0390076519344957,0.0,-0.15891038799367113,0.0,0.15243943754909464,0.0,4.938158758088842,3.060293589931145,57.22780396626408
1.038928201820599,0.0,-0.15892821912100147,0.0,0.15261644630252139,0.0,4.940063793766055,3.0602135899311445,57.29838105296827
1.0388487465562855,0.0,-0.15894602640607058,0.0,0.1527933218389088,0.0,4.94196768795536,3.060133589931145,57.368790188695606
1.038769286113852,0.0,-0.15896380982992445,0.0,0.15297006471488575,0.0,4.943870447966037,3.0600535899311447,57.439031562627015
1.0386898204657977,0.0,-0.1589815693740762,0.0,0.1531466754826478,0.0,4.9457720810653,3.059973589931144,57.50910536260768
1.0386103495848253,0.0,-0.15899930502050158,0.0,0.15332315468999264,0.0,4.9476725944786955,3.059893589931144,57.57901177516214
1.0385308734438334,0.0,-0.1590170167516327,0.0,0.15349950288037734,0.0,4.9495719953905395,3.059813589931145,57.648750985517125
1.0384513920159117,0.0,-0.15903470455035496,0.0,0.15367572059295526,0.0,4.951470290944291,3.059733589931145,57.718323177595764
1.0383719052743479,0.0,-0.1590523684000041,0.0,0.15385180836260595,0.0,4.953367488242888,3.059653589931145,57.78772853405853
1.0382924131926186,0.0,-0.1590700082843638,0.0,0.15402776671998186,0.0,4.955263594349161,3.0595735899311434,57.856967236301294
1.0382129157443896,0.0,-0.1590876241876535,0.0,0.15420359619155388,0.0,4.957158616286154,3.0594935899311437,57.926039464471636
1.03813341290351,0.0,-0.15910521609453535,0.0,0.15437929729964642,0.0,4.959052561037647,3.0594135899311437,57.99494539748754
1.0380539046440167,0.0,-0.15912278399010232,0.0,0.1545548705624725,0.0,4.960945435548291,3.059333589931144,58.0636852130533
1.0379743909401258,0.0,-0.1591403278598805,0.0,0.1547303164941691,0.0,4.9628372467241135,3.0592535899311435,58.13225908765515
1.037894871766235,0.0,-0.1591578476898191,0.0,0.15490563560485138,0.0,4.964728001432877,3.0591735899311443,58.20066719661209
1.0378153470969167,0.0,-0.1591753434662901,0.0,0.1550808284006368,0.0,4.9666177065043735,3.0590935899311447,58.26890971404797
1.037735816906921,0.0,-0.15919281517608652,0.0,0.15525589538367957,0.0,4.968506368730788,3.0590135899311433,58.33698681292842
1.0376562811711723,0.0,-0.15921026280641398,0.0,0.15543083705221528,0.0,4.970393994867031,3.058933589931144,58.40489866507731
1.0375767398647642,0.0,-0.15922768634488998,0.0,0.1556056539005982,0.0,4.9722805916311374,3.0588535899311435,58.472645441177626
1.0374971929629575,0.0,-0.15924508577953778,0.0,0.15578034641933866,0.0,4.974166165704561,3.0587735899311435,58.540227310785134
1.0374176404411883,0.0,-0.15926246109879147,0.0,0.15595491509511067,0.0,4.976050723732434,3.058693589931143,58.60764444235376
1.0373380822750493,0.0,-0.1592798122914773,0.0,0.15612936041083708,0.0,4.977934272324041,3.0586135899311433,58.67489700323503
1.0372585184403018,0.0,-0.1592971393468237,0.0,0.15630368284568205,0.0,4.979816818053042,3.0585335899311437,58.741985159697855
1.037178948912865,0.0,-0.15931444225445182,0.0,0.1564778828751068,0.0,4.981698367457875,3.0584535899311422,58.808909076947465
1.0370993736688232,0.0,-0.15933172100437243,0.0,0.15665196097088663,0.0,4.983578927041889,3.0583735899311426,58.87566891911073
1.0370197926844111,0.0,-0.15934897558698194,0.0,0.15682591760117082,0.0,4.985458503273934,3.058293589931143,58.9422648492891
1.0369402059360255,0.0,-0.15936620599306509,0.0,0.15699975323048246,0.0,4.987337102588456,3.058213589931143,59.00869702953456
1.0368606134002138,0.0,-0.15938341221377897,0.0,0.1571734683197869,0.0,4.989214731385885,3.058133589931143,59.0749656208883
1.0367810150536758,0.0,-0.15940059424066308,0.0,0.1573470633264944,0.0,4.991091396032951,3.0580535899311423,59.141070783373095
1.0367014108732642,0.0,-0.1594177520656298,0.0,0.15752053870450142,0.0,4.992967102862917,3.057973589931142,59.20701267601034
1.0366218008359782,0.0,-0.15943488568096156,0.0,0.15769389490423194,0.0,4.994841858175989,3.0578935899311426,59.272791456849696
1.0365421849189633,0.0,-0.1594519950793057,0.0,0.15786713237266267,0.0,4.996715668239522,3.0578135899311425,59.33840728294941
1.0364625630995121,0.0,-0.15946908025367776,0.0,0.158040251553343,0.0,4.998588539288297,3.0577335899311424,59.4038603104102
1.0363829353550602,0.0,-0.15948614119744922,0.0,0.1582132528864485,0.0,5.000460477524904,3.057653589931143,59.469150694384886
1.0363033016631833,0.0,-0.15950317790435276,0.0,0.15838613680879002,0.0,5.002331489119939,3.057573589931143,59.53427858907526
1.0362236620015985,0.0,-0.15952019036847442,0.0,0.15855890375386048,0.0,5.004201580212362,3.057493589931142,59.59924414776905
1.0361440163481621,0.0,-0.15953717858425007,0.0,0.15873155415184986,0.0,5.006070756909655,3.0574135899311425,59.66404752282065
1.0360643646808663,0.0,-0.1595541425464695,0.0,0.15890408842968007,0.0,5.00793902528825,3.057333589931142,59.72868886568196
1.0359847069778376,0.0,-0.15957108225026115,0.0,0.15907650701104584,0.0,5.009806391393698,3.057253589931142,59.79316832690782
1.035905043217339,0.0,-0.1595879976911032,0.0,0.15924881031641716,0.0,5.0116728612409585,3.0571735899311414,59.85748605617198
1.0358253733777611,0.0,-0.15960488886480514,0.0,0.15942099876310614,0.0,5.013538440814726,3.0570935899311418,59.92164220226357
1.0357456974376311,0.0,-0.1596217557675218,0.0,0.15959307276524728,0.0,5.015403136069562,3.0570135899311413,59.985636913113915
1.035666015375599,0.0,-0.1596385983957364,0.0,0.1597650327338706,0.0,5.017266952930338,3.056933589931142,60.04947033579673
1.0355863271704462,0.0,-0.159655416746266,0.0,0.15993687907689938,0.0,5.01912989729233,3.056853589931142,60.11314261654152
1.0355066328010771,0.0,-0.1596722108162531,0.0,0.16010861219919786,0.0,5.020991975021609,3.0567735899311415,60.17665390074791
1.0354269322465237,0.0,-0.15968898060316847,0.0,0.16028023250257614,0.0,5.022853191955165,3.0566935899311414,60.240004332983695
1.0353472254859402,0.0,-0.1597057261048052,0.0,0.16045174038583535,0.0,5.02471355390127,3.0566135899311417,60.30319405701615
1.035267512498599,0.0,-0.15972244731927315,0.0,0.16062313624479346,0.0,5.026573066639669,3.056533589931141,60.36622321579312
1.035187793263898,0.0,-0.1597391442450041,0.0,0.1607944204722924,0.0,5.02843173592182,3.0564535899311407,60.42909195147967
1.0351080677613513,0.0,-0.1597558168807434,0.0,0.1609655934582429,0.0,5.030289567471153,3.056373589931141,60.49180040545239
1.035028335970587,0.0,-0.15977246522554264,0.0,0.1611366555896595,0.0,5.032146566983389,3.0562935899311405,60.55434871831734
1.0349485978713562,0.0,-0.15978908927877294,0.0,0.16130760725064097,0.0,5.034002740126579,3.056213589931141,60.616737029906375
1.034868853443518,0.0,-0.15980568904010226,0.0,0.1614784488224562,0.0,5.035858092541586,3.0561335899311404,60.6789654793073
1.0347891026670495,0.0,-0.15982226450950932,0.0,0.1616491806835166,0.0,5.037712629842109,3.0560535899311407,60.74103420485853
1.034709345522036,0.0,-0.15983881568726926,0.0,0.16181980320943876,0.0,5.039566357615064,3.0559735899311407,60.80294334415851
1.0346295819886755,0.0,-0.15985534257396217,0.0,0.16199031677303788,0.0,5.041419281420728,3.0558935899311406,60.8646930340776
1.0345498120472747,0.0,-0.1598718451704585,0.0,0.16216072174438137,0.0,5.043271406792997,3.0558135899311405,60.926283410775504
1.0344700356782486,0.0,-0.15988832347792642,0.0,0.16233101849078482,0.0,5.0451227392395745,3.0557335899311404,60.98771460969193
1.0343902528621174,0.0,-0.15990477749782503,0.0,0.16250120737685994,0.0,5.0469732842423065,3.0556535899311403,61.04898676558017
1.0343104635795102,0.0,-0.1599212072319026,0.0,0.16267128876451484,0.0,5.048823047257203,3.05557358993114,61.110100012486505
1.0342306678111566,0.0,-0.1599376126821936,0.0,0.16284126301299934,0.0,5.050672033714862,3.0554935899311406,61.17105448378544
1.0341508655378906,0.0,-0.15995399385101608,0.0,0.16301113047891674,0.0,5.052520249020574,3.05541358993114,61.2318503121749
1.0340710567406486,0.0,-0.15997035074097238,0.0,0.16318089151624163,0.0,5.0543676985545565,3.055333589931139,61.29248762968747
1.0339912414004684,0.0,-0.15998668335494218,0.0,0.16335054647634853,0.0,5.0562143876721,3.055253589931141,61.35296656769568
1.033911419498483,0.0,-0.1600029916960824,0.0,0.16352009570804532,0.0,5.0580603217039855,3.0551735899311403,61.413287256931206
1.0338315910159284,0.0,-0.1600192757678273,0.0,0.1636895395575689,0.0,5.059905505956434,3.0550935899311398,61.473449827482675
1.0337517559341356,0.0,-0.16003553557388228,0.0,0.1638588783686262,0.0,5.061749945711457,3.0550135899311393,61.533454408804445
1.0336719142345319,0.0,-0.16005177111822128,0.0,0.16402811248241553,0.0,5.063593646227022,3.0549335899311405,61.59330112972759
1.0335920658986382,0.0,-0.16006798240509013,0.0,0.16419724223764245,0.0,5.065436612737335,3.05485358993114,61.65299011847945
1.0335122109080708,0.0,-0.16008416943899853,0.0,0.1643662679705365,0.0,5.067278850452868,3.054773589931139,61.71252150266302
1.0334323492445374,0.0,-0.16010033222471876,0.0,0.164535190014884,0.0,5.069120364560696,3.0546935899311394,61.771895409293066
1.0333524808898376,0.0,-0.16011647076728702,0.0,0.16470400870204058,0.0,5.070961160224675,3.0546135899311393,61.83111196479461
1.0332726058258614,0.0,-0.16013258507199785,0.0,0.16487272436095074,0.0,5.072801242585587,3.054533589931139,61.89017129500311
1.0331927240345882,0.0,-0.16014867514440284,0.0,0.1650413373181767,0.0,5.074640616761379,3.054453589931139,61.94907352519057
1.0331128354980856,0.0,-0.16016474099031044,0.0,0.16520984789790402,0.0,5.076479287847308,3.0543735899311386,62.007818780044715
1.0330329401985099,0.0,-0.1601807826157792,0.0,0.16537825642197537,0.0,5.078317260916129,3.0542935899311394,62.06640718370675
1.032953038118098,0.0,-0.16019680002711964,0.0,0.16554656320991412,0.0,5.080154541018419,3.054213589931139,62.12483885976264
1.0328731292391817,0.0,-0.16021279323089407,0.0,0.1657147685789114,0.0,5.0819911331824885,3.0541335899311393,62.18311393125177
1.0327932135441662,0.0,-0.16022876223390634,0.0,0.1658828728438973,0.0,5.083827042414877,3.0540535899311387,62.24123252068284
1.0327132910155494,0.0,-0.1602447070432135,0.0,0.16605087631749868,0.0,5.08566227370024,3.0539735899311387,62.299194750021364
1.0326333616359034,0.0,-0.16026062766610258,0.0,0.16621877931013063,0.0,5.087496832001801,3.0538935899311386,62.35700074072325
1.032553425387888,0.0,-0.160276524110115,0.0,0.16638658212993787,0.0,5.08933072226129,3.053813589931139,62.41465061372919
1.032473482254239,0.0,-0.16029239638302306,0.0,0.16655428508287368,0.0,5.091163949399309,3.0537335899311384,62.47214448946573
1.0323935322177749,0.0,-0.1603082444928372,0.0,0.16672188847268418,0.0,5.092996518315316,3.0536535899311383,62.52948248785796
1.0323135752613883,0.0,-0.16032406844780514,0.0,0.16688939260094632,0.0,5.094828433888048,3.0535735899311383,62.5866647283444
1.0322336113680535,0.0,-0.1603398682564049,0.0,0.16705679776707322,0.0,5.096659700975455,3.053493589931138,62.64369132987871
1.0321536405208194,0.0,-0.16035564392734916,0.0,0.16722410426833098,0.0,5.098490324414966,3.053413589931138,62.70056241091965
1.0320736627028102,0.0,-0.16037139546957524,0.0,0.16739131239987243,0.0,5.100320309023679,3.053333589931138,62.75727808946818
1.031993677897227,0.0,-0.16038712289225285,0.0,0.16755842245473243,0.0,5.102149659598491,3.0532535899311384,62.81383848305972
1.03191368608734,0.0,-0.16040282620477228,0.0,0.16772543472387214,0.0,5.103978380916335,3.053173589931138,62.87024370876457
1.0318336872564997,0.0,-0.1604185054167529,0.0,0.16789234949615703,0.0,5.105806477734136,3.0530935899311378,62.926493883197026
1.0317536813881207,0.0,-0.16043416053803103,0.0,0.1680591670584243,0.0,5.107633954789304,3.053013589931137,62.98258912254147
1.031673668465696,0.0,-0.16044979157866748,0.0,0.16822588769544963,0.0,5.109460816799557,3.052933589931137,63.038529542523975
1.0315936484727855,0.0,-0.16046539854893896,0.0,0.16839251168999747,0.0,5.111287068463286,3.0528535899311375,63.0943152584516
1.0315136213930174,0.0,-0.16048098145933914,0.0,0.16855903932283162,0.0,5.113112714459705,3.052773589931137,63.14994638520199
1.0314335872100933,0.0,-0.16049654032057722,0.0,0.1687254708727155,0.0,5.114937759448878,3.052693589931138,63.20542303723217
1.0313535459077767,0.0,-0.16051207514357552,0.0,0.1688918066164513,0.0,5.1167622080720365,3.0526135899311373,63.26074532858675
1.031273497469904,0.0,-0.16052758593946642,0.0,0.16905804682887723,0.0,5.118586064951584,3.052533589931137,63.315913372905904
1.0311934418803737,0.0,-0.16054307271959298,0.0,0.16922419178289663,0.0,5.120409334691361,3.0524535899311367,63.37092728342683
1.0311133791231546,0.0,-0.1605585354955081,0.0,0.16939024174947676,0.0,5.122232021876701,3.052373589931137,63.425787172992564
1.031033309182273,0.0,-0.16057397427896672,0.0,0.16955619699769547,0.0,5.124054131074712,3.0522935899311365,63.4804931540602
1.03095323204183,0.0,-0.16058938908193432,0.0,0.16972205779470853,0.0,5.125875666834198,3.0522135899311373,63.535045338704
1.0308731476859776,0.0,-0.16060477991657393,0.0,0.16988782440582162,0.0,5.1276966336860985,3.0521335899311373,63.589443838615985
1.0307930560989391,0.0,-0.1606201467952528,0.0,0.17005349709446269,0.0,5.129517036143414,3.0520535899311363,63.64368876513173
1.0307129572649982,0.0,-0.16063548973053937,0.0,0.17021907612220677,0.0,5.131336878701398,3.0519735899311367,63.697780229215354
1.030632851168498,0.0,-0.160650808735197,0.0,0.1703845617488047,0.0,5.133156165837722,3.051893589931137,63.751718341470315
1.0305527377938424,0.0,-0.16066610382218802,0.0,0.17054995423218455,0.0,5.134974902012646,3.0518135899311374,63.805503212150796
1.0304726171254943,0.0,-0.16068137500466909,0.0,0.17071525382847438,0.0,5.136793091669132,3.0517335899311364,63.859134951172706
1.0303924891479774,0.0,-0.16069662229599094,0.0,0.17088046079200375,0.0,5.138610739232916,3.051653589931136,63.91261366809777
1.0303123538458732,0.0,-0.1607118457096962,0.0,0.17104557537533224,0.0,5.140427849112741,3.0515735899311363,63.965939472159704
1.030232211203819,0.0,-0.16072704525951786,0.0,0.1712105978292584,0.0,5.142244425700463,3.051493589931136,64.01911247226153
1.0301520612065105,0.0,-0.16074222095937585,0.0,0.17137552840283615,0.0,5.144060473371173,3.0514135899311357,64.07213277698688
1.0300719038387012,0.0,-0.16075737282338287,0.0,0.1715403673433752,0.0,5.145875996483319,3.051333589931136,64.12500049459986
1.0299917390851971,0.0,-0.16077250086583256,0.0,0.17170511489647725,0.0,5.14769099937889,3.051253589931136,64.17771573305397
1.0299115669308603,0.0,-0.16078760510120504,0.0,0.17186977130603273,0.0,5.149505486383462,3.051173589931136,64.23027859998564
1.029831387360609,0.0,-0.16080268554416494,0.0,0.17203433681423635,0.0,5.151319461806426,3.0510935899311358,64.28268920274289
1.029751200359411,0.0,-0.1608177422095542,0.0,0.17219881166161724,0.0,5.153132929941075,3.0510135899311366,64.33494764837037
1.0296710059122907,0.0,-0.16083277511239943,0.0,0.17236319608702488,0.0,5.1549458950647,3.050933589931136,64.38705404362953
1.0295908040043238,0.0,-0.16084778426790533,0.0,0.17252749032765896,0.0,5.156758361438747,3.0508535899311355,64.4390084949832
1.0295105946206387,0.0,-0.16086276969145186,0.0,0.17269169461908118,0.0,5.158570333308922,3.050773589931136,64.49081110862917
1.0294303777464127,0.0,-0.1608777313985966,0.0,0.17285580919522944,0.0,5.160381814905387,3.050693589931136,64.54246199048177
1.0293501533668736,0.0,-0.1608926694050705,0.0,0.1730198342884279,0.0,5.162192810442814,3.0506135899311353,64.59396124618227
1.0292699214673033,0.0,-0.16090758372677957,0.0,0.17318377012939323,0.0,5.16400332412047,3.050533589931135,64.6453089811182
1.0291896820330293,0.0,-0.16092247437980078,0.0,0.17334761694725603,0.0,5.165813360122436,3.050453589931135,64.69650530041011
1.0291094350494292,0.0,-0.16093734138038238,0.0,0.17351137496957286,0.0,5.167622922617692,3.0503735899311346,64.74755030892538
1.029029180501929,0.0,-0.16095218474493891,0.0,0.17367504442233753,0.0,5.169432015760188,3.050293589931135,64.79844411128485
1.028948918376,0.0,-0.16096700449005602,0.0,0.17383862552999155,0.0,5.171240643689046,3.0502135899311353,64.84918681185906
1.0288686486571637,0.0,-0.1609818006324859,0.0,0.17400211851543482,0.0,5.17304881052863,3.0501335899311344,64.89977851478658
1.028788371330989,0.0,-0.16099657318914512,0.0,0.17416552360003484,0.0,5.174856520388587,3.0500535899311343,64.95021932396513
1.0287080863830862,0.0,-0.16101132217711323,0.0,0.17432884100365753,0.0,5.176663777364157,3.049973589931134,65.00050934306527
1.028627793799115,0.0,-0.161026047613633,0.0,0.17449207094465524,0.0,5.178470585536084,3.0498935899311346,65.05064867553281
1.0285474935647794,0.0,-0.16104074951611103,0.0,0.1746552136398872,0.0,5.180276948970849,3.049813589931135,65.10063742459162
1.028467185665826,0.0,-0.1610554279021113,0.0,0.17481826930473757,0.0,5.1820828717207545,3.049733589931134,65.1504756932509
1.028386870088049,0.0,-0.16107008278935872,0.0,0.1749812381531145,0.0,5.183888357824,3.049653589931135,65.2001635843123
1.0283065468172803,0.0,-0.16108471419573367,0.0,0.17514412039748115,0.0,5.185693411304896,3.0495735899311334,65.24970120036632
1.0282262158394027,0.0,-0.16109932213927633,0.0,0.17530691624883357,0.0,5.187498036173762,3.0494935899311346,65.29908864380681
1.028145877140332,0.0,-0.16111390663817876,0.0,0.17546962591675697,0.0,5.189302236427348,3.049413589931134,65.3483260168222
1.028065530706034,0.0,-0.1611284677107899,0.0,0.17563224960939317,0.0,5.1911060160486375,3.049333589931134,65.39741342142067
1.0279851765225105,0.0,-0.1611430053756107,0.0,0.17579478753347874,0.0,5.192909379007137,3.0492535899311335,65.44635095940545
1.0279048145758096,0.0,-0.1611575196512939,0.0,0.1759572398943445,0.0,5.194712329258904,3.0491735899311334,65.49513873241888
1.027824444852014,0.0,-0.16117201055664127,0.0,0.17611960689593728,0.0,5.196514870746718,3.0490935899311338,65.54377684190645
1.0277440673372502,0.0,-0.1611864781106082,0.0,0.17628188874081077,0.0,5.1983170074001075,3.0490135899311337,65.59226538913975
1.027663682017684,0.0,-0.161200922332295,0.0,0.17644408563015676,0.0,5.200118743135497,3.0489335899311336,65.64060447523302
1.0275832888795196,0.0,-0.16121534324094994,0.0,0.176606197763806,0.0,5.201920081856326,3.0488535899311335,65.68879420112115
1.0275028879089974,0.0,-0.16122974085596564,0.0,0.17676822534024386,0.0,5.203721027453132,3.0487735899311335,65.73683466758487
1.0274224790924023,0.0,-0.16124411519688564,0.0,0.1769301685566008,0.0,5.205521583803583,3.048693589931133,65.78472597524542
1.0273420624160505,0.0,-0.1612584662833904,0.0,0.17709202760869538,0.0,5.207321754772708,3.048613589931133,65.83246822456358
1.0272616378663,0.0,-0.16127279413530643,0.0,0.17725380269101906,0.0,5.209121544212887,3.048533589931133,65.8800615158649
1.0271812054295437,0.0,-0.16128709877260416,0.0,0.177415493996751,0.0,5.210920955964027,3.048453589931133,65.92750594931911
1.0271007650922093,0.0,-0.16130138021538848,0.0,0.1775771017177871,0.0,5.212719993853634,3.0483735899311326,65.97480162496053
1.0270203168407661,0.0,-0.16131563848391056,0.0,0.17773862604471127,0.0,5.214518661696822,3.048293589931133,66.02194864268175
1.0269398606617122,0.0,-0.16132987359855533,0.0,0.17790006716684845,0.0,5.216316963296592,3.0482135899311325,66.06894710224888
1.0268593965415864,0.0,-0.16134408557984795,0.0,0.17806142527224023,0.0,5.218114902443746,3.048133589931133,66.11579710329394
1.0267789244669614,0.0,-0.16135827444844944,0.0,0.17822270054767086,0.0,5.219912482917068,3.048053589931133,66.16249874532916
1.0266984444244405,0.0,-0.16137244022515476,0.0,0.1783838931786835,0.0,5.22170970848347,3.047973589931132,66.20905212773962
1.0266179564006672,0.0,-0.16138658293089617,0.0,0.17854500334956164,0.0,5.223506582897903,3.047893589931133,66.25545734979546
1.0265374603823136,0.0,-0.16140070258673744,0.0,0.17870603124337542,0.0,5.225303109903721,3.047813589931132,66.30171451066059
1.0264569563560872,0.0,-0.1614147992138738,0.0,0.17886697704196086,0.0,5.227099293232484,3.047733589931133,66.34782370937658
1.0263764443087302,0.0,-0.16142887283363533,0.0,0.1790278409259422,0.0,5.228895136604257,3.047653589931132,66.3937850448946
1.026295924227014,0.0,-0.16144292346747802,0.0,0.17918862307474603,0.0,5.230690643727625,3.047573589931132,66.43959861605887
1.0262153960977436,0.0,-0.1614569511369918,0.0,0.1793493236665938,0.0,5.232485818299766,3.0474935899311317,66.48526452160478
1.0261348599077569,0.0,-0.16147095586389187,0.0,0.17950994287852762,0.0,5.234280664006563,3.0474135899311316,66.53078286018626
1.0260543156439237,0.0,-0.16148493767002384,0.0,0.1796704808864045,0.0,5.2360751845226785,3.047333589931132,66.57615373036694
1.0259737632931434,0.0,-0.16149889657735803,0.0,0.17983093786491924,0.0,5.237869383511679,3.047253589931132,66.62137723062067
1.025893202842345,0.0,-0.1615128326079899,0.0,0.17999131398760781,0.0,5.2396632646260795,3.0471735899311314,66.66645345933192
1.0258126342784932,0.0,-0.16152674578414222,0.0,0.18015160942684377,0.0,5.241456831507409,3.0470935899311318,66.71138251481526
1.0257320575885767,0.0,-0.16154063612816003,0.0,0.18031182435387083,0.0,5.2432500877864,3.0470135899311312,66.75616449530183
1.0256514727596175,0.0,-0.16155450366250937,0.0,0.18047195893879334,0.0,5.245043037082964,3.0469335899311316,66.80079949895945
1.0255708797786691,0.0,-0.1615683484097848,0.0,0.1806320133505777,0.0,5.246835683006263,3.0468535899311315,66.84528762387619
1.0254902786328073,0.0,-0.1615821703926937,0.0,0.1807919877570977,0.0,5.248628029154969,3.046773589931131,66.88962896808461
1.0254096693091455,0.0,-0.16159596963407072,0.0,0.1809518823250909,0.0,5.250420079117095,3.0466935899311323,66.9338236295526
1.025329051794817,0.0,-0.16160974615686582,0.0,0.18111169722021336,0.0,5.252211836470308,3.0466135899311313,66.97787170618155
1.0252484260769914,0.0,-0.1616234999841496,0.0,0.18127143260701375,0.0,5.254003304781798,3.046533589931131,67.02177329582975
1.0251677921428612,0.0,-0.16163723113910905,0.0,0.1814310886489652,0.0,5.255794487608552,3.046453589931131,67.06552849629539
1.0250871499796488,0.0,-0.16165093964504976,0.0,0.1815906655084566,0.0,5.2575853884973105,3.0463735899311315,67.10913740533273
1.0250064995746035,0.0,-0.1616646255253916,0.0,0.1817501633468109,0.0,5.259376010984688,3.0462935899311314,67.15260012064827
1.0249258409149997,0.0,-0.16167828880367,0.0,0.18190958232429214,0.0,5.261166358597268,3.0462135899311313,67.19591673991187
1.024845173988142,0.0,-0.1616919295035358,0.0,0.18206892260010502,0.0,5.262956434851636,3.046133589931131,67.23908736074496
1.0247644987813598,0.0,-0.16170554764875303,0.0,0.18222818433240995,0.0,5.264746243254498,3.0460535899311303,67.28211208074457
1.0246838152820081,0.0,-0.16171914326319664,0.0,0.18238736767833244,0.0,5.266535787302732,3.045973589931131,67.3249909974682
1.02460312347747,0.0,-0.16173271637085673,0.0,0.18254647279396233,0.0,5.2683250704835025,3.045893589931131,67.36772420845496
1.0245224233551522,0.0,-0.16174626699583242,0.0,0.18270549983436615,0.0,5.270114096274246,3.045813589931131,67.41031181120017
1.0244417149024891,0.0,-0.161759795162334,0.0,0.18286444895359713,0.0,5.2719028681428775,3.0457335899311304,67.45275390319583
1.0243609981069373,0.0,-0.16177330089468003,0.0,0.1830233203047,0.0,5.273691389547747,3.045653589931131,67.49505058190041
1.0242802729559806,0.0,-0.1617867842172998,0.0,0.18318211403971807,0.0,5.275479663937822,3.045573589931131,67.53720194476688
1.0241995394371284,0.0,-0.16180024515473043,0.0,0.183340830309696,0.0,5.27726769475263,3.0454935899311306,67.57920808923193
1.0241187975379114,0.0,-0.16181368373161406,0.0,0.18349946926469862,0.0,5.279055485422442,3.04541358993113,67.62106911271694
1.0240380472458868,0.0,-0.16182709997270275,0.0,0.18365803105380457,0.0,5.280843039368301,3.04533358993113,67.66278511263597
1.023957288548636,0.0,-0.16184049390285132,0.0,0.18381651582512573,0.0,5.282630360002105,3.0452535899311295,67.7043561864115
1.0238765214337635,0.0,-0.16185386554702194,0.0,0.18397492372580235,0.0,5.284417450726648,3.0451735899311303,67.74578243144637
1.0237957458888962,0.0,-0.16186721493028047,0.0,0.1841332549020209,0.0,5.286204314935767,3.0450935899311298,67.78706394515997
1.0237149619016859,0.0,-0.16188054207779548,0.0,0.18429150949901507,0.0,5.2879909560143155,3.0450135899311292,67.82820082497311
1.023634169459807,0.0,-0.16189384701483892,0.0,0.18444968766107078,0.0,5.289777377338268,3.04493358993113,67.86919316830352
1.023553368550957,0.0,-0.16190712976678653,0.0,0.18460778953153806,0.0,5.291563582274854,3.0448535899311295,67.9100410726011
1.023472559162856,0.0,-0.16192039035911382,0.0,0.18476581525283303,0.0,5.293349574182521,3.0447735899311295,67.9507446353058
1.0233917412832447,0.0,-0.16193362881739604,0.0,0.18492376496645413,0.0,5.2951353564110955,3.0446935899311294,67.99130395388693
1.0233109148998885,0.0,-0.16194684516731117,0.0,0.18508163881297396,0.0,5.296920932301787,3.0446135899311293,68.03171912583151
1.0232300800005736,0.0,-0.16196003943463627,0.0,0.18523943693205336,0.0,5.298706305187266,3.04453358993113,68.07199024864141
1.0231492365731094,0.0,-0.16197321164524614,0.0,0.18539715946245086,0.0,5.300491478391764,3.044453589931129,68.11211741985502
1.023068384605324,0.0,-0.1619863618251136,0.0,0.18555480654202797,0.0,5.302276455231114,3.0443735899311286,68.15210073702454
1.0229875240850697,0.0,-0.16199949000030936,0.0,0.18571237830774992,0.0,5.304061239012817,3.0442935899311285,68.19194029774411
1.0229066550002182,0.0,-0.162012596197,0.0,0.18586987489569973,0.0,5.305845833036108,3.0442135899311293,68.23163619962908
1.022825777338665,0.0,-0.16202568044145318,0.0,0.18602729644107088,0.0,5.3076302405920295,3.044133589931129,68.27118854034245
1.0227448910883212,0.0,-0.16203874276002278,0.0,0.1861846430782022,0.0,5.30941446496351,3.044053589931129,68.31059741757575
1.0226639962371242,0.0,-0.16205178317916696,0.0,0.18634191494054428,0.0,5.311198509425357,3.043973589931129,68.34986292905974
1.0225830927730297,0.0,-0.16206480172543292,0.0,0.18649911216069817,0.0,5.312982377244421,3.0438935899311286,68.38898517258122
1.0225021806840102,0.0,-0.16207779842546124,0.0,0.18665623487041239,0.0,5.314766071679603,3.0438135899311276,68.42796424595497
1.0224212599580662,0.0,-0.1620907733059891,0.0,0.18681328320057178,0.0,5.316549595981855,3.043733589931129,68.46680024705623
1.0223403305832102,0.0,-0.16210372639384288,0.0,0.18697025728123426,0.0,5.318332953394419,3.0436535899311288,68.50549327380844
1.0222593925474772,0.0,-0.16211665771594114,0.0,0.18712715724161588,0.0,5.320116147152737,3.0435735899311274,68.54404342418916
1.0221784458389265,0.0,-0.16212956729929648,0.0,0.18728398321008846,0.0,5.32189918048448,3.043493589931128,68.58245079622648
1.0220974904456304,0.0,-0.16214245517100967,0.0,0.18744073531421312,0.0,5.323682056609779,3.043413589931128,68.62071548801464
1.0220165263556817,0.0,-0.16215532135826924,0.0,0.1875974136807331,0.0,5.325464778741185,3.043333589931128,68.65883759770223
1.021935553557196,0.0,-0.16216816588835967,0.0,0.18775401843556092,0.0,5.327247350083669,3.0432535899311284,68.69681722350823
1.0218545720383028,0.0,-0.16218098878864848,0.0,0.18791054970381826,0.0,5.329029773834828,3.0431735899311274,68.73465446370635
1.021773581787156,0.0,-0.16219379008659449,0.0,0.1880670076098089,0.0,5.33081205318477,3.043093589931127,68.77234941664793
1.021692582791923,0.0,-0.1622065698097422,0.0,0.18822339227705348,0.0,5.332594191316348,3.0430135899311272,68.80990218074675
1.021611575040795,0.0,-0.16221932798572583,0.0,0.18837970382826744,0.0,5.334376191405067,3.042933589931128,68.84731285450182
1.0215305585219747,0.0,-0.1622320646422643,0.0,0.18853594238539428,0.0,5.336158056619301,3.0428535899311275,68.88458153647422
1.021449533223691,0.0,-0.16224477980716476,0.0,0.18869210806957912,0.0,5.337939790120139,3.042773589931128,68.92170832530348
1.0213684991341847,0.0,-0.16225747350831657,0.0,0.1888482010012115,0.0,5.3397213950616855,3.0426935899311274,68.95869331972389
1.0212874562417187,0.0,-0.1622701457736974,0.0,0.18900422129989386,0.0,5.341502874590883,3.042613589931128,68.99553661853615
1.0212064045345703,0.0,-0.16228279663136913,0.0,0.1891601690844717,0.0,5.343284231847767,3.042533589931127,69.03223832062064
1.0211253440010377,0.0,-0.16229542610947487,0.0,0.18931604447303427,0.0,5.345065469965398,3.042453589931127,69.06879852496799
1.0210442746294355,0.0,-0.16230803423624535,0.0,0.1894718475829066,0.0,5.346846592069929,3.042373589931126,69.10521733063172
1.0209631964080963,0.0,-0.16232062103998945,0.0,0.18962757853067505,0.0,5.348627601280719,3.042293589931127,69.14149483677673
1.0208821093253684,0.0,-0.16233318654910475,0.0,0.1897832374321717,0.0,5.350408500710329,3.042213589931127,69.17763114264163
1.0208010133696201,0.0,-0.16234573079206507,0.0,0.18993882440249737,0.0,5.352189293464614,3.0421335899311273,69.21362634757362
1.0207199085292336,0.0,-0.1623582537974281,0.0,0.19009433955602256,0.0,5.353969982642805,3.0420535899311267,69.24948055101962
1.0206387947926114,0.0,-0.16237075559383296,0.0,0.19024978300637718,0.0,5.355750571337441,3.0419735899311267,69.28519385251731
1.0205576721481702,0.0,-0.16238323620999878,0.0,0.1904051548664774,0.0,5.357531062634559,3.041893589931126,69.32076635170806
1.0204765405843468,0.0,-0.16239569567472553,0.0,0.19056045524851148,0.0,5.35931145961364,3.041813589931126,69.35619814833491
1.020395400089595,0.0,-0.1624081340168934,0.0,0.1907156842639528,0.0,5.361091765347708,3.041733589931127,69.39148934225504
1.0203142506523768,0.0,-0.16242055126545604,0.0,0.19087084202359103,0.0,5.362871982903531,3.0416535899311268,69.42664003342979
1.0202330922611824,0.0,-0.1624329474494542,0.0,0.19102592863747475,0.0,5.364652115341322,3.0415735899311263,69.46165032192349
1.0201519249045132,0.0,-0.16244532259800332,0.0,0.19118094421497048,0.0,5.366432165715096,3.041493589931126,69.49652030792194
1.0200707485708838,0.0,-0.16245767674029268,0.0,0.1913358888647593,0.0,5.3682121370726525,3.041413589931126,69.53125009172047
1.0199895632488312,0.0,-0.162470009905594,0.0,0.19149076269481485,0.0,5.36999203245552,3.041333589931126,69.56583977373128
1.0199083689269055,0.0,-0.1624823221232566,0.0,0.19164556581242864,0.0,5.371771854899096,3.041253589931126,69.60028945448013
1.0198271655936735,0.0,-0.16249461342270174,0.0,0.19180029832421902,0.0,5.37355160743272,3.0411735899311263,69.63459923462293
1.0197459532377158,0.0,-0.16250688383342834,0.0,0.191954960336128,0.0,5.375331293079683,3.0410935899311258,69.66876921492634
1.0196647318476337,0.0,-0.1625191333850134,0.0,0.19210955195341226,0.0,5.3771109148572,3.041013589931126,69.70279949628734
1.0195835014120396,0.0,-0.16253136210710742,0.0,0.19226407328067463,0.0,5.378890475776647,3.0409335899311256,69.73669017972574
1.0195022619195664,0.0,-0.16254357002943493,0.0,0.19241852442184826,0.0,5.380669978843412,3.0408535899311255,69.77044136639464
1.019421013358858,0.0,-0.16255575718179485,0.0,0.19257290548021194,0.0,5.382449427057058,3.040773589931126,69.80405315756181
1.0193397557185768,0.0,-0.16256792359406247,0.0,0.1927272165583867,0.0,5.3842288234113775,3.0406935899311254,69.83752565464648
1.0192584889874008,0.0,-0.1625800692961832,0.0,0.19288145775834722,0.0,5.386008170894368,3.0406135899311253,69.87085895918585
1.0191772131540224,0.0,-0.16259219431817792,0.0,0.19303562918142025,0.0,5.38778747248832,3.0405335899311248,69.90405317285719
1.0190959282071512,0.0,-0.16260429869014015,0.0,0.19318973092829014,0.0,5.389566731169867,3.0404535899311256,69.93710839747585
1.0190146341355102,0.0,-0.16261638244223567,0.0,0.19334376309900822,0.0,5.391345949910047,3.040373589931125,69.97002473499623
1.0189333309278388,0.0,-0.16262844560470258,0.0,0.19349772579298893,0.0,5.393125131674311,3.040293589931125,70.002802287507
1.0188520185728924,0.0,-0.16264048820784874,0.0,0.19365161910902118,0.0,5.394904279422558,3.0402135899311253,70.03544115724439
1.018770697059439,0.0,-0.16265251028205452,0.0,0.19380544314527365,0.0,5.396683396109305,3.0401335899311253,70.06794144658839
1.0186893663762666,0.0,-0.16266451185777375,0.0,0.19395919799927935,0.0,5.398462484683494,3.0400535899311247,70.10030325806129
1.018608026512172,0.0,-0.16267649296552478,0.0,0.19411288376797825,0.0,5.400241548088833,3.0399735899311247,70.13252669433734
1.0185266774559751,0.0,-0.16268845363590473,0.0,0.19426650054766942,0.0,5.402020589263543,3.039893589931125,70.16461185823516
1.0184453191965022,0.0,-0.16270039389957205,0.0,0.19442004843407426,0.0,5.4037996111406885,3.039813589931124,70.19655885272799
1.0183639517226017,0.0,-0.16271231378725948,0.0,0.19457352752228635,0.0,5.40557861664795,3.039733589931125,70.22836778093573
1.018282575023133,0.0,-0.16272421332976836,0.0,0.1947269379068118,0.0,5.4073576087079065,3.0396535899311243,70.26003874614237
1.0182011890869715,0.0,-0.1627360925579672,0.0,0.19488027968155638,0.0,5.409136590237906,3.0395735899311243,70.29157185177658
1.0181197939030084,0.0,-0.16274795150279622,0.0,0.19503355293983002,0.0,5.410915564150199,3.0394935899311237,70.32296720142858
1.0180383894601466,0.0,-0.16275979019525813,0.0,0.19518675777436698,0.0,5.412694533351979,3.0394135899311236,70.3542248988487
1.0179569757473104,0.0,-0.16277160866643087,0.0,0.19533989427729728,0.0,5.414473500745338,3.039333589931124,70.38534504795459
1.017875552753432,0.0,-0.16278340694745463,0.0,0.1954929625401839,0.0,5.416252469227447,3.0392535899311235,70.41632775281082
1.0177941204674612,0.0,-0.16279518506953855,0.0,0.19564596265400847,0.0,5.4180314416904745,3.0391735899311234,70.44717311765157
1.0177126788783633,0.0,-0.1628069430639576,0.0,0.19579889470918163,0.0,5.419810421021728,3.0390935899311238,70.47788124688248
1.0176312279751183,0.0,-0.16281868096205576,0.0,0.19595175879553853,0.0,5.421589410103606,3.0390135899311232,70.50845224507587
1.0175497677467182,0.0,-0.16283039879524094,0.0,0.19610455500235324,0.0,5.423368411813701,3.038933589931123,70.53888621695597
1.0174682981821737,0.0,-0.16284209659498727,0.0,0.196257283418336,0.0,5.425147429024821,3.038853589931124,70.56918326743912
1.0173868192705084,0.0,-0.16285377439283807,0.0,0.19640994413163165,0.0,5.426926464605003,3.038773589931124,70.59934350159969
1.017305331000757,0.0,-0.16286543222039424,0.0,0.19656253722985123,0.0,5.428705521417686,3.0386935899311234,70.6293670246892
1.017223833361975,0.0,-0.16287707010933083,0.0,0.19671506280002443,0.0,5.430484602321498,3.0386135899311233,70.6592539421319
1.0171423263432309,0.0,-0.16288868809138266,0.0,0.19686752092864854,0.0,5.432263710170508,3.038533589931123,70.68900435952338
1.0170608099336045,0.0,-0.1629002861983493,0.0,0.19701991170167915,0.0,5.434042847814252,3.038453589931123,70.71861838264948
1.0169792841221925,0.0,-0.16291186446209685,0.0,0.19717223520452182,0.0,5.435822018097671,3.038373589931123,70.74809611746136
1.0168977488981075,0.0,-0.162923422914553,0.0,0.1973244915220501,0.0,5.437601223861212,3.038293589931123,70.77743767009751
1.0168162042504731,0.0,-0.16293496158771015,0.0,0.19747668073860233,0.0,5.43938046794088,3.0382135899311224,70.80664314687647
1.0167346501684313,0.0,-0.16294648051362376,0.0,0.1976288029379848,0.0,5.4411597531682325,3.038133589931122,70.83571265429896
1.016653086641139,0.0,-0.16295797972441473,0.0,0.19778085820346852,0.0,5.442939082370394,3.0380535899311227,70.86464629904842
1.016571513657762,0.0,-0.1629694592522648,0.0,0.1979328466178134,0.0,5.4447184583702475,3.037973589931123,70.89344418799034
1.016489931207485,0.0,-0.16298091912941715,0.0,0.19808476826325597,0.0,5.446497883986341,3.0378935899311226,70.92210642819765
1.0164083392795096,0.0,-0.16299235938818196,0.0,0.1982366232215017,0.0,5.448277362032855,3.037813589931123,70.95063312690414
1.0163267378630478,0.0,-0.16300378006092803,0.0,0.1983884115737546,0.0,5.450056895319842,3.037733589931123,70.97902439155
1.0162451269473258,0.0,-0.16301518118008546,0.0,0.19854013340070845,0.0,5.451836486653137,3.0376535899311223,71.00728032975934
1.0161635065215888,0.0,-0.16302656277814975,0.0,0.19869178878253635,0.0,5.4536161388343665,3.0375735899311223,71.03540104935851
1.0160818765750934,0.0,-0.1630379248876755,0.0,0.19884337779891678,0.0,5.455395854661087,3.0374935899311226,71.06338665835248
1.0160002370971104,0.0,-0.16304926754127744,0.0,0.19899490052902644,0.0,5.457175636926756,3.037413589931123,71.09123726495373
1.0159185880769277,0.0,-0.16306059077163657,0.0,0.1991463570515335,0.0,5.458955488420771,3.0373335899311216,71.11895297756178
1.0158369295038456,0.0,-0.1630718946114879,0.0,0.19929774744462325,0.0,5.460735411928541,3.037253589931122,71.14653390478453
1.0157552613671808,0.0,-0.16308317909363299,0.0,0.19944907178597837,0.0,5.462515410231473,3.037173589931122,71.1739801554177
1.0156735836562636,0.0,-0.16309444425093092,0.0,0.1996003301527943,0.0,5.46429548610703,3.037093589931122,71.20129183846444
1.0155918963604391,0.0,-0.16310569011630052,0.0,0.199751522621787,0.0,5.4660756423288275,3.037013589931122,71.22846906312387
1.015510199469067,0.0,-0.1631169167227219,0.0,0.19990264926918147,0.0,5.467855881666552,3.036933589931121,71.25551193880217
1.015428492971524,0.0,-0.16312812410323563,0.0,0.20005371017071946,0.0,5.469636206886051,3.0368535899311215,71.28242057510582
1.015346776857197,0.0,-0.16313931229094086,0.0,0.20020470540167318,0.0,5.471416620749419,3.0367735899311215,71.30919508184111
1.0152650511154941,0.0,-0.16315048131899657,0.0,0.20035563503683446,0.0,5.47319712601496,3.0366935899311214,71.3358355690392
1.015183315735831,0.0,-0.16316163122062063,0.0,0.2005064991505257,0.0,5.474977725437243,3.0366135899311217,71.36234214691139
1.0151015707076447,0.0,-0.16317276202909187,0.0,0.20065729781659766,0.0,5.476758421767164,3.0365335899311208,71.3887149258986
1.0150198160203827,0.0,-0.16318387377774415,0.0,0.20080803110844012,0.0,5.478539217751945,3.0364535899311216,71.41495401664893
1.0149380516635098,0.0,-0.16319496649997392,0.0,0.20095869909897485,0.0,5.480320116135182,3.0363735899311215,71.44105953000377
1.0148562776265047,0.0,-0.16320604022923507,0.0,0.2011093018606641,0.0,5.482101119656876,3.0362935899311205,71.4670315770375
1.014774493898862,0.0,-0.16321709499903903,0.0,0.20125983946551215,0.0,5.48388223105346,3.0362135899311204,71.49287026902479
1.0146927004700899,0.0,-0.16322813084295543,0.0,0.20141031198507134,0.0,5.485663453057859,3.0361335899311204,71.51857571745606
1.0146108973297132,0.0,-0.1632391477946136,0.0,0.20156071949043777,0.0,5.487444788399504,3.0360535899311207,71.54414803404694
1.014529084467272,0.0,-0.16325014588769948,0.0,0.20171106205225847,0.0,5.489226239804344,3.035973589931121,71.56958733071112
1.0144472618723193,0.0,-0.1632611251559579,0.0,0.2018613397407344,0.0,5.491007809994913,3.035893589931121,71.59489371959098
1.0143654295344273,0.0,-0.16327208563318973,0.0,0.20201155262562223,0.0,5.492789501690351,3.03581358993112,71.62006731305235
1.0142835874431773,0.0,-0.16328302735325267,0.0,0.20216170077624326,0.0,5.494571317606451,3.035733589931121,71.64510822366385
1.0142017355881727,0.0,-0.16329395035006602,0.0,0.2023117842614668,0.0,5.496353260455645,3.0356535899311203,71.67001656423137
1.0141198739590291,0.0,-0.16330485465760172,0.0,0.20246180314973472,0.0,5.49813533294707,3.0355735899311207,71.69479244777203
1.0140380025453752,0.0,-0.16331574030988996,0.0,0.20261175750905802,0.0,5.499917537786643,3.03549358993112,71.71943598752785
1.0139561213368589,0.0,-0.16332660734101914,0.0,0.20276164740700778,0.0,5.501699877676978,3.03541358993112,71.74394729696033
1.0138742303231432,0.0,-0.16333745578513414,0.0,0.20291147291072847,0.0,5.503482355317499,3.03533358993112,71.76832648976384
1.0137923294939046,0.0,-0.16334828567643547,0.0,0.20306123408694315,0.0,5.505264973404496,3.0352535899311204,71.79257367985163
1.013710418838836,0.0,-0.16335909704917925,0.0,0.20321093100195284,0.0,5.507047734631114,3.0351735899311194,71.81668898136621
1.0136284983476467,0.0,-0.1633698899376808,0.0,0.2033605637216284,0.0,5.508830641687337,3.0350935899311198,71.84067250867888
1.013546568010061,0.0,-0.16338066437631046,0.0,0.20351013231142775,0.0,5.510613697260112,3.0350135899311192,71.86452437638073
1.0134646278158213,0.0,-0.16339142039949411,0.0,0.20365963683639038,0.0,5.512396904033291,3.0349335899311196,71.8882446993095
1.0133826777546815,0.0,-0.16340215804171376,0.0,0.20380907736114653,0.0,5.514180264687769,3.03485358993112,71.91183359251164
1.0133007178164142,0.0,-0.163412877337509,0.0,0.20395845394990966,0.0,5.515963781901423,3.0347735899311203,71.93529117127517
1.0132187479908066,0.0,-0.16342357832147325,0.0,0.20410776666648892,0.0,5.517747458349172,3.0346935899311185,71.95861755112475
1.0131367682676662,0.0,-0.16343426102825723,0.0,0.2042570155742766,0.0,5.519531296702935,3.0346135899311197,71.98181284780951
1.0130547786368098,0.0,-0.16344492549256515,0.0,0.20440620073627866,0.0,5.521315299631881,3.034533589931119,72.00487717732119
1.0129727790880756,0.0,-0.16345557174915995,0.0,0.20455532221508016,0.0,5.523099469802151,3.0344535899311187,72.02781065587281
1.012890769611316,0.0,-0.16346619983285646,0.0,0.20470438007287994,0.0,5.524883809877149,3.034373589931119,72.05061339992972
1.0128087501963994,0.0,-0.16347680977852816,0.0,0.20485337437147216,0.0,5.5266683225174225,3.0342935899311185,72.07328552618321
1.0127267208332118,0.0,-0.16348740162110187,0.0,0.20500230517225662,0.0,5.528453010380729,3.034213589931119,72.09582715155732
1.0126446815116554,0.0,-0.16349797539555963,0.0,0.20515117253624468,0.0,5.530237876122097,3.0341335899311193,72.11823839323277
1.0125626322216472,0.0,-0.16350853113693992,0.0,0.2052999765240522,0.0,5.532022922393813,3.0340535899311187,72.14051936861132
1.012480572953123,0.0,-0.16351906888033452,0.0,0.20544871719590926,0.0,5.533808151845464,3.033973589931119,72.16267019534077
1.0123985036960337,0.0,-0.16352958866089262,0.0,0.20559739461165608,0.0,5.5355935671239616,3.0338935899311186,72.18469099130635
1.0123164244403482,0.0,-0.1635400905138149,0.0,0.20574600883075483,0.0,5.537379170873594,3.033813589931118,72.20658187464811
1.012234335176053,0.0,-0.16355057447436025,0.0,0.20589455991227704,0.0,5.539164965735977,3.033733589931118,72.22834296372899
1.0121522358931487,0.0,-0.1635610405778406,0.0,0.20604304791492367,0.0,5.540950954350238,3.033653589931118,72.24997437717438
1.0120701265816532,0.0,-0.16357148885962214,0.0,0.2061914728970147,0.0,5.542737139352876,3.033573589931118,72.27147623383519
1.0119880072316056,0.0,-0.16358191935512728,0.0,0.20633983491648852,0.0,5.544523523377828,3.0334935899311186,72.29284865282139
1.0119058778330576,0.0,-0.16359233209983245,0.0,0.20648813403091903,0.0,5.546310109056624,3.033413589931118,72.31409175348134
1.0118237383760795,0.0,-0.16360272712926713,0.0,0.20663637029750453,0.0,5.548096899018228,3.033333589931118,72.33520565540967
1.0117415888507597,0.0,-0.16361310447901803,0.0,0.20678454377307276,0.0,5.549883895889199,3.033253589931118,72.35619047845574
1.0116594292472034,0.0,-0.1636234641847244,0.0,0.2069326545140851,0.0,5.551671102293639,3.0331735899311183,72.37704634270402
1.0115772595555346,0.0,-0.16363380628208052,0.0,0.20708070257663838,0.0,5.553458520853286,3.0330935899311178,72.3977733684991
1.0114950797658924,0.0,-0.1636441308068344,0.0,0.20722868801646654,0.0,5.555246154187481,3.033013589931118,72.41837167642566
1.0114128898684343,0.0,-0.16365443779478994,0.0,0.2073766108889414,0.0,5.5570340049132545,3.0329335899311176,72.43884138732695
1.011330689853337,0.0,-0.16366472728180353,0.0,0.20752447124907367,0.0,5.558822075645255,3.032853589931118,72.45918262228712
1.0112484797107952,0.0,-0.16367499930378696,0.0,0.2076722691515194,0.0,5.560610368995893,3.032773589931117,72.47939550265696
1.0111662594310193,0.0,-0.1636852538967051,0.0,0.20782000465057907,0.0,5.562398887575294,3.0326935899311165,72.49948015002562
1.0110840290042407,0.0,-0.16369549109658038,0.0,0.20796767780019262,0.0,5.56418763399131,3.032613589931117,72.51943668623042
1.011001788420705,0.0,-0.16370571093948486,0.0,0.20811528865396123,0.0,5.565976610849656,3.0325335899311163,72.53926523338252
1.0109195376706812,0.0,-0.1637159134615472,0.0,0.20826283726512468,0.0,5.567765820753763,3.032453589931117,72.55896591383507
1.0108372767444516,0.0,-0.16372609869895097,0.0,0.2084103236865805,0.0,5.569555266304957,3.032373589931117,72.57853885019061
1.010755005632321,0.0,-0.16373626668793226,0.0,0.20855774797087884,0.0,5.571344950102407,3.032293589931118,72.59798416531784
1.0106727243246099,0.0,-0.16374641746478205,0.0,0.20870511017022647,0.0,5.573134874743162,3.0322135899311173,72.61730198233442
1.0105904328116575,0.0,-0.16375655106584616,0.0,0.20885241033648708,0.0,5.5749250428221995,3.0321335899311164,72.63649242462154
1.0105081310838253,0.0,-0.16376666752752259,0.0,0.20899964852118155,0.0,5.5767154569323765,3.0320535899311163,72.65555561581151
1.0104258191314905,0.0,-0.16377676688626544,0.0,0.20914682477549487,0.0,5.578506119664549,3.031973589931117,72.67449167979575
1.0103434969450493,0.0,-0.1637868491785824,0.0,0.2092939391502761,0.0,5.580297033607593,3.031893589931116,72.69330074073461
1.0102611645149178,0.0,-0.16379691444103467,0.0,0.2094409916960342,0.0,5.582088201348292,3.0318135899311165,72.71198292302581
1.010178821831531,0.0,-0.16380696271023776,0.0,0.20958798246295215,0.0,5.583879625471566,3.0317335899311164,72.73053835134928
1.010096468885345,0.0,-0.16381699402286326,0.0,0.20973491150086765,0.0,5.585671308560268,3.0316535899311168,72.74896715063204
1.0100141056668313,0.0,-0.16382700841563386,0.0,0.20988177885930884,0.0,5.587463253195502,3.031573589931116,72.76726944607523
1.0099317321664851,0.0,-0.163837005925328,0.0,0.21002858458745613,0.0,5.589255461956291,3.031493589931116,72.7854453631209
1.0098493483748192,0.0,-0.16384698658877944,0.0,0.21017532873417052,0.0,5.591047937419861,3.031413589931116,72.80349502749335
1.0097669542823646,0.0,-0.16385695044287335,0.0,0.2103220113479961,0.0,5.5928406821616665,3.031333589931116,72.82141856516941
1.0096845498796774,0.0,-0.163866897524553,0.0,0.21046863247713585,0.0,5.594633698755167,3.031253589931116,72.83921610239737
1.0096021351573277,0.0,-0.1638768278708114,0.0,0.2106151921694905,0.0,5.596426989772165,3.0311735899311163,72.85688776568067
1.0095197101059088,0.0,-0.16388674151870047,0.0,0.21076169047262627,0.0,5.598220557782605,3.0310935899311153,72.87443368178967
1.0094372747160347,0.0,-0.16389663850532346,0.0,0.210908127433796,0.0,5.600014405354683,3.0310135899311157,72.8918539777639
1.0093548289783376,0.0,-0.16390651886783775,0.0,0.21105450309994025,0.0,5.601808535054876,3.030933589931116,72.90914878090592
1.0092723728834712,0.0,-0.16391638264345773,0.0,0.2112008175176774,0.0,5.603602949447937,3.030853589931115,72.92631821878076
1.0091899064221115,0.0,-0.1639262298694507,0.0,0.21134707073331294,0.0,5.605397651096907,3.0307735899311155,72.94336241922801
1.0091074295849511,0.0,-0.16393606058313728,0.0,0.21149326279284833,0.0,5.607192642563226,3.030693589931115,72.96028151034604
1.009024942362708,0.0,-0.16394587482189404,0.0,0.21163939374196364,0.0,5.608987926406577,3.0306135899311153,72.97707562051018
1.0089424447461193,0.0,-0.16395567262315375,0.0,0.2117854636260343,0.0,5.61078350518511,3.030533589931115,72.99374487836003
1.0088599367259414,0.0,-0.16396545402440096,0.0,0.21193147249013036,0.0,5.61257938145534,3.030453589931116,73.01028941279498
1.008777418292954,0.0,-0.16397521906317541,0.0,0.21207742037901822,0.0,5.614375557772238,3.030373589931115,73.02670935300219
1.008694889437958,0.0,-0.16398496777707353,0.0,0.21222330733715014,0.0,5.616172036689132,3.030293589931115,73.04300482842211
1.008612350151775,0.0,-0.16399470020374407,0.0,0.2123691334086836,0.0,5.617968820757855,3.0302135899311153,73.05917596876903
1.0085298004252488,0.0,-0.1640044163808931,0.0,0.21251489863747347,0.0,5.619765912528784,3.0301335899311144,73.07522290403637
1.008447240249244,0.0,-0.1640141163462788,0.0,0.21266060306707463,0.0,5.621563314550708,3.0300535899311143,73.09114576448098
1.0083646696146504,0.0,-0.16402380013771886,0.0,0.21280624674073415,0.0,5.623361029370949,3.029973589931114,73.10694468063309
1.0082820885123744,0.0,-0.1640334677930799,0.0,0.21295182970142001,0.0,5.625159059535467,3.0298935899311146,73.12261978329552
1.008199496933347,0.0,-0.16404311935028834,0.0,0.2130973519917921,0.0,5.626957407588711,3.0298135899311145,73.13817120353555
1.0081168948685242,0.0,-0.1640527548473254,0.0,0.21324281365421469,0.0,5.628756076073726,3.0297335899311144,73.15359907271171
1.0080342823088801,0.0,-0.1640623743222256,0.0,0.21338821473076616,0.0,5.630555067532182,3.0296535899311148,73.16890352244128
1.0079516592454125,0.0,-0.16407197781308042,0.0,0.21353355526323076,0.0,5.632354384504406,3.029573589931114,73.18408468461492
1.007869025669146,0.0,-0.16408156535803622,0.0,0.21367883529309842,0.0,5.63415402952929,3.029493589931114,73.19914269141094
1.0077863815711214,0.0,-0.16409113699529454,0.0,0.21382405486157824,0.0,5.635954005144492,3.0294135899311145,73.21407767526742
1.0077037269424056,0.0,-0.16410069276311348,0.0,0.2139692140095877,0.0,5.63775431388634,3.0293335899311145,73.2288897689038
1.0076210617740897,0.0,-0.16411023269980746,0.0,0.21411431277775375,0.0,5.639554958289811,3.029253589931114,73.24357910531049
1.0075383860572875,0.0,-0.16411975684374477,0.0,0.21425935120642514,0.0,5.64135594088868,3.0291735899311134,73.25814581776393
1.0074556997831352,0.0,-0.16412926523335022,0.0,0.2144043293356669,0.0,5.643157264215461,3.0290935899311138,73.2725900398178
1.0073730029427916,0.0,-0.16413875790710558,0.0,0.21454924720525867,0.0,5.644958930801416,3.0290135899311132,73.28691190527843
1.0072902955274419,0.0,-0.16414823490354813,0.0,0.21469410485470017,0.0,5.646760943176613,3.0289335899311136,73.30111154825777
1.0072075775282934,0.0,-0.16415769626127194,0.0,0.21483890232321265,0.0,5.648563303869955,3.028853589931113,73.3151891031312
1.0071248489365787,0.0,-0.16416714201892565,0.0,0.21498363964973707,0.0,5.650366015409092,3.028773589931114,73.32914470455488
1.0070421097435518,0.0,-0.16417657221521673,0.0,0.2151283168729418,0.0,5.65216908032065,3.0286935899311134,73.3429784874633
1.0069593599404931,0.0,-0.16418598688890765,0.0,0.2152729340312142,0.0,5.6539725011300215,3.0286135899311133,73.35669058706848
1.006876599518708,0.0,-0.16419538607881784,0.0,0.21541749116266914,0.0,5.655776280361511,3.028533589931113,73.37028113885732
1.0067938284695246,0.0,-0.16420476982382365,0.0,0.2155619883051503,0.0,5.657580420538363,3.0284535899311127,73.38375027860876
1.006711046784297,0.0,-0.16421413816285824,0.0,0.21570642549622546,0.0,5.659384924182697,3.0283735899311126,73.39709814237106
1.0066282544544032,0.0,-0.16422349113491239,0.0,0.21585080277319282,0.0,5.661189793815616,3.028293589931113,73.41032486646805
1.0065454514712482,0.0,-0.16423282877903336,0.0,0.21599512017308134,0.0,5.662995031957167,3.0282135899311124,73.42343058751604
1.006462637826258,0.0,-0.1642421511343249,0.0,0.21613937773265451,0.0,5.664800641126402,3.0281335899311124,73.43641544240116
1.0063798135108906,0.0,-0.1642514582399501,0.0,0.21628357548840052,0.0,5.666606623841326,3.028053589931114,73.44927956830371
1.0062969785166214,0.0,-0.16426075013512806,0.0,0.21642771347655138,0.0,5.668412982619037,3.0279735899311127,73.46202310267047
1.0062141328349585,0.0,-0.1642700268591366,0.0,0.21657179173306393,0.0,5.670219719975577,3.0278935899311126,73.47464618323652
1.0061312764574308,0.0,-0.16427928845130937,0.0,0.2167158102936411,0.0,5.6720268384261265,3.0278135899311116,73.48714894801726
1.0060484093755993,0.0,-0.16428853495104145,0.0,0.21685976919371075,0.0,5.673834340484869,3.027733589931112,73.49953153531892
1.0059655315810423,0.0,-0.16429776639778126,0.0,0.21700366846845406,0.0,5.67564222866515,3.027653589931112,73.51179408371775
1.0058826430653711,0.0,-0.16430698283103962,0.0,0.21714750815278028,0.0,5.677450505479366,3.027573589931111,73.52393673207509
1.0057997438202237,0.0,-0.16431618429038425,0.0,0.21729128828133992,0.0,5.6792591734390525,3.0274935899311117,73.53595961954179
1.0057168338372602,0.0,-0.1643253708154407,0.0,0.21743500888853134,0.0,5.681068235054903,3.0274135899311125,73.54786288554699
1.00563391310817,0.0,-0.16433454244589324,0.0,0.21757867000849332,0.0,5.6828776928368026,3.027333589931112,73.55964666980795
1.00555098162467,0.0,-0.1643436992214863,0.0,0.21772227167510302,0.0,5.684687549293724,3.0272535899311124,73.57131111231541
1.0054680393785038,0.0,-0.16435284118202248,0.0,0.2178658139219886,0.0,5.686497806933931,3.027173589931112,73.5828563533575
1.0053850863614417,0.0,-0.16436196836736228,0.0,0.21800929678252273,0.0,5.688308468264846,3.0270935899311127,73.59428253350032
1.0053021225652807,0.0,-0.16437108081742777,0.0,0.21815272028982405,0.0,5.690119535793156,3.0270135899311112,73.6055897935928
1.0052191479818484,0.0,-0.1643801785721988,0.0,0.2182960844767592,0.0,5.69193101202478,3.0269335899311107,73.6167782747717
1.005136162602998,0.0,-0.16438926167171392,0.0,0.21843938937594223,0.0,5.693742899464845,3.0268535899311115,73.62784811845978
1.0050531664206106,0.0,-0.1643983301560755,0.0,0.21858263501973912,0.0,5.695555200617875,3.026773589931112,73.63879946635953
1.0049701594265958,0.0,-0.16440738406544142,0.0,0.2187258214402674,0.0,5.697367917987611,3.0266935899311114,73.64963246046881
1.004887141612892,0.0,-0.1644164234400322,0.0,0.21886894866939496,0.0,5.699181054077142,3.026613589931111,73.66034724306664
1.0048041129714653,0.0,-0.16442544832012682,0.0,0.21901201673874274,0.0,5.700994611388857,3.0265335899311117,73.67094395671023
1.0047210734943106,0.0,-0.16443445874606738,0.0,0.21915502567968356,0.0,5.70280859242451,3.026453589931111,73.68142274425432
1.0046380231734515,0.0,-0.16444345475825267,0.0,0.21929797552335462,0.0,5.7046229996852675,3.026373589931111,73.69178374883653
1.004554962000942,0.0,-0.1644524363971462,0.0,0.21944086630063517,0.0,5.706437835671584,3.026293589931111,73.7020271138826
1.004471889968864,0.0,-0.1644614037032708,0.0,0.21958369804216787,0.0,5.7082531028833605,3.0262135899311104,73.71215298309929
1.0043888070693296,0.0,-0.16447035671721044,0.0,0.21972647077835442,0.0,5.710068803819932,3.0261335899311104,73.72216150049275
1.0043057132944782,0.0,-0.1644792954796095,0.0,0.21986918453935367,0.0,5.711884940980017,3.026053589931111,73.73205281033736
1.004222608636483,0.0,-0.16448822003117777,0.0,0.22001183935507898,0.0,5.7137015168618035,3.0259735899311115,73.74182705721901
1.0041394930875416,0.0,-0.16449713041268085,0.0,0.22015443525521713,0.0,5.715518533962967,3.02589358993111,73.7514843859918
1.0040563666398872,0.0,-0.16450602666495143,0.0,0.2202969722692002,0.0,5.717335994780588,3.0258135899311105,73.76102494180374
1.0039732292857806,0.0,-0.164514908828881,0.0,0.2204394504262343,0.0,5.719153901811293,3.02573358993111,73.77044887009659
1.0038900810175135,0.0,-0.16452377694542644,0.0,0.22058186975528007,0.0,5.7209722575512005,3.02565358993111,73.77975631659315
1.003806921827407,0.0,-0.16453263105560367,0.0,0.22072423028507082,0.0,5.7227910644959685,3.0255735899311107,73.78894742731464
1.003723751707818,0.0,-0.16454147120049528,0.0,0.22086653204409387,0.0,5.724610325140744,3.02549358993111,73.79802234855974
1.0036405706511244,0.0,-0.16455029742124214,0.0,0.2210087750606161,0.0,5.7264300419803025,3.02541358993111,73.80698122691932
1.0035573786497458,0.0,-0.16455910975905225,0.0,0.22115095936265824,0.0,5.72825021750893,3.0253335899311096,73.81582420927496
1.003474175696128,0.0,-0.164567908255196,0.0,0.22129308497801176,0.0,5.730070854220495,3.0252535899311095,73.82455144279929
1.003390961782751,0.0,-0.16457669295100616,0.0,0.22143515193423746,0.0,5.731891954608475,3.02517358993111,73.83316307495238
1.0033077369021226,0.0,-0.16458546388788067,0.0,0.22157716025866778,0.0,5.7337135211660115,3.0250935899311098,73.84165925348503
1.0032245010467855,0.0,-0.16459422110728006,0.0,0.22171910997840028,0.0,5.735535556385789,3.02501358993111,73.85004012643256
1.0031412542093143,0.0,-0.16460296465073063,0.0,0.2218610011203053,0.0,5.737358062760194,3.02493358993111,73.8583058421273
1.003057996382316,0.0,-0.16461169455982227,0.0,0.22200283371102253,0.0,5.739181042781235,3.0248535899311095,73.86645654919066
1.0029747275584302,0.0,-0.16462041087621002,0.0,0.2221446077769652,0.0,5.741004498940606,3.0247735899311095,73.87449239652577
1.0028914477303277,0.0,-0.16462911364161253,0.0,0.22228632334432163,0.0,5.742828433729716,3.02469358993111,73.88241353334253
1.0028081568907135,0.0,-0.16463780289781538,0.0,0.22242798043905046,0.0,5.74465284963964,3.0246135899311093,73.89022010912136
1.002724855032326,0.0,-0.1646464786866684,0.0,0.22256957908688613,0.0,5.7464777491611665,3.024533589931109,73.89791227364574
1.0026415421479382,0.0,-0.16465514105008777,0.0,0.22271111931333426,0.0,5.748303134784803,3.0244535899311087,73.90549017699205
1.0025582182303543,0.0,-0.1646637900300555,0.0,0.22285260114368063,0.0,5.750129009000827,3.0243735899311095,73.91295396951902
1.0024748832724109,0.0,-0.164672425668617,0.0,0.2229940246029937,0.0,5.7519553742993175,3.0242935899311085,73.92030380188069
1.002391537266985,0.0,-0.16468104800788888,0.0,0.22313538971610172,0.0,5.7537822331699795,3.0242135899311093,73.92753982502214
1.0023081802069793,0.0,-0.16468965709005004,0.0,0.22327669650763035,0.0,5.75560958810248,3.0241335899311084,73.93466219017876
1.0022248120853374,0.0,-0.1646982529573483,0.0,0.2234179450019702,0.0,5.757437441586141,3.0240535899311087,73.94167104887903
1.0021414328950347,0.0,-0.16470683565209804,0.0,0.22355913522329812,0.0,5.759265796110173,3.023973589931108,73.94856655293813
1.0020580426290813,0.0,-0.16471540521668063,0.0,0.22370026719556918,0.0,5.761094654163599,3.0238935899311086,73.95534885446477
1.001974641280525,0.0,-0.16472396169354633,0.0,0.2238413409425165,0.0,5.762924018235245,3.023813589931108,73.96201810586952
1.001891228842443,0.0,-0.16473250512521062,0.0,0.2239823564876632,0.0,5.764753890813867,3.0237335899311084,73.96857445983669
1.0018078053079558,0.0,-0.1647410355542599,0.0,0.2241233138543022,0.0,5.766584274387981,3.023653589931109,73.97501806935777
1.0017243706702106,0.0,-0.16474955302334668,0.0,0.22426421306552258,0.0,5.768415171446102,3.0235735899311083,73.98134908770352
1.0016409249223979,0.0,-0.16475805757519354,0.0,0.22440505414418557,0.0,5.770246584476535,3.0234935899311077,73.9875676684483
1.0015574680577413,0.0,-0.1647665492525904,0.0,0.22454583711294346,0.0,5.772078515967532,3.0234135899311076,73.9936739654488
1.0014740000694995,0.0,-0.1647750280983982,0.0,0.2246865619942288,0.0,5.773910968407254,3.023333589931109,73.99966813286206
1.001390520950969,0.0,-0.16478349415554613,0.0,0.22482722881026448,0.0,5.775743944283842,3.023253589931108,74.00555032513333
1.0013070306954832,0.0,-0.16479194746703188,0.0,0.22496783758305597,0.0,5.777577446085279,3.0231735899311074,74.0113206969973
1.0012235292964122,0.0,-0.1648003880759255,0.0,0.2251083883343939,0.0,5.779411476299582,3.0230935899311073,74.0169794034864
1.0011400167471627,0.0,-0.16480881602536548,0.0,0.22524888108586053,0.0,5.781246037414733,3.0230135899311072,74.0225265999238
1.0010564930411796,0.0,-0.16481723135856183,0.0,0.22538931585882202,0.0,5.78308113191866,3.022933589931108,74.02796244192541
1.0009729581719433,0.0,-0.1648256341187939,0.0,0.2255296926744374,0.0,5.784916762299329,3.022853589931107,74.03328708539472
1.0008894121329743,0.0,-0.16483402434941324,0.0,0.22567001155364919,0.0,5.786752931044659,3.0227735899311075,74.03850068653418
1.0008058549178305,0.0,-0.16484240209384265,0.0,0.2258102725171942,0.0,5.78858964064264,3.022693589931107,74.0436034018411
1.0007222865201064,0.0,-0.16485076739557558,0.0,0.22595047558559733,0.0,5.790426893581257,3.0226135899311073,74.04859538809343
1.0006387069334373,0.0,-0.16485912029817865,0.0,0.2260906207791739,0.0,5.79226469234856,3.0225335899311068,74.05347680237661
1.0005551161514952,0.0,-0.1648674608452904,0.0,0.22623070811802923,0.0,5.794103039432624,3.0224535899311067,74.05824780205492
1.0004715141679925,0.0,-0.1648757890806201,0.0,0.2263707376220646,0.0,5.7959419373216186,3.0223735899311075,74.06290854479893
1.0003879009766785,0.0,-0.16488410504795128,0.0,0.2265107093109739,0.0,5.797781388503814,3.022293589931107,74.06745918856629
1.0003042765713446,0.0,-0.16489240879114084,0.0,0.2266506232042375,0.0,5.79962139546751,3.022213589931107,74.0718998916044
1.0002206409458196,0.0,-0.16490070035411902,0.0,0.22679047932113383,0.0,5.801461960701149,3.0221335899311064,74.07623081245465
1.0001369940939735,0.0,-0.16490897978088845,0.0,0.22693027768073423,0.0,5.803303086693268,3.0220535899311067,74.08045210995624
1.0000533360097148,0.0,-0.16491724711552558,0.0,0.227070018301908,0.0,5.805144775932563,3.021973589931107,74.08456394323946
0.9999696666869922,0.0,-0.16492550240218307,0.0,0.22720970120331513,0.0,5.806987030907837,3.0218935899311066,74.0885664717231
0.9998859861197975,0.0,-0.16493374568508679,0.0,0.22734932640341105,0.0,5.80882985410804,3.021813589931106,74.09245985512517
0.9998022943021599,0.0,-0.16494197700853705,0.0,0.22748889392045077,0.0,5.8106732480223044,3.0217335899311064,74.09624425345429
0.9997185912281513,0.0,-0.16495019641691042,0.0,0.22762840377248286,0.0,5.81251721513992,3.0216535899311054,74.09991982701288
0.9996348768918855,0.0,-0.16495840395465877,0.0,0.22776785597735105,0.0,5.814361757950324,3.0215735899311063,74.10348673639227
0.9995511512875145,0.0,-0.16496659966630936,0.0,0.22790725055270286,0.0,5.8162068789432295,3.0214935899311057,74.1069451424896
0.9994674144092349,0.0,-0.16497478359646447,0.0,0.2280465875159812,0.0,5.818052580608503,3.0214135899311056,74.11029520647783
0.9993836662512847,0.0,-0.16498295578980554,0.0,0.2281858668844206,0.0,5.819898865436179,3.021333589931107,74.11353708983223
0.9992999068079425,0.0,-0.16499111629108837,0.0,0.22832508867506573,0.0,5.8217457359166405,3.021253589931106,74.11667095432652
0.9992161360735308,0.0,-0.16499926514514743,0.0,0.22846425290475175,0.0,5.823593194540381,3.0211735899311063,74.11969696201655
0.999132354042414,0.0,-0.16500740239689363,0.0,0.22860335959011688,0.0,5.825441243798216,3.021093589931106,74.12261527526056
0.999048560708998,0.0,-0.16501552809131453,0.0,0.22874240874760415,0.0,5.827289886181223,3.0210135899311052,74.12542605670606
0.9989647560677339,0.0,-0.1650236422734787,0.0,0.22888140039344756,0.0,5.829139124180697,3.020933589931106,74.12812946929049
0.9988809401131166,0.0,-0.1650317449885312,0.0,0.22902033454368778,0.0,5.830988960288242,3.020853589931105,74.13072567625248
0.9987971128396815,0.0,-0.16503983628169602,0.0,0.22915921121416682,0.0,5.832839396995755,3.0207735899311055,74.13321484111678
0.9987132742420098,0.0,-0.16504791619827527,0.0,0.22929803042052943,0.0,5.834690436795433,3.0206935899311054,74.13559712770403
0.9986294243147256,0.0,-0.16505598478365321,0.0,0.22943679217822066,0.0,5.836542082179786,3.020613589931105,74.13787270013316
0.9985455630524999,0.0,-0.16506404208329084,0.0,0.2295754965024863,0.0,5.838394335641601,3.0205335899311057,74.14004172280433
0.9984616904500443,0.0,-0.16507208814273236,0.0,0.22971414340838078,0.0,5.840247199674092,3.020453589931105,74.1421043604252
0.9983778065021179,0.0,-0.165080123007598,0.0,0.22985273291075942,0.0,5.842100676770704,3.020373589931105,74.14406077798621
0.9982939112035242,0.0,-0.1650881467235933,0.0,0.22999126502427855,0.0,5.843954769425297,3.0202935899311045,74.14591114077305
0.9982100045491116,0.0,-0.16509615933650273,0.0,0.2301297397634018,0.0,5.845809480132076,3.020213589931106,74.1476556143676
0.9981260865337725,0.0,-0.1651041608921917,0.0,0.23026815714240034,0.0,5.847664811385635,3.0201335899311044,74.14929436463969
0.9980421571524503,0.0,-0.16511215143660918,0.0,0.23040651717534072,0.0,5.849520765680886,3.0200535899311047,74.15082755776353
0.9979582164001273,0.0,-0.1651201310157854,0.0,0.23054481987610484,0.0,5.851377345513215,3.019973589931104,74.15225536018808
0.9978742642718382,0.0,-0.16512809967583308,0.0,0.2306830652583733,0.0,5.853234553378324,3.019893589931105,74.15357793867452
0.9977903007626582,0.0,-0.1651360574629479,0.0,0.23082125333564057,0.0,5.855092391772426,3.019813589931105,74.15479546026086
0.9977063258677149,0.0,-0.1651440044234093,0.0,0.23095938412119862,0.0,5.856950863192053,3.0197335899311044,74.15590809229306
0.997622339582181,0.0,-0.16515194060357943,0.0,0.23109745762814982,0.0,5.858809970134178,3.0196535899311043,74.15691600239883
0.9975383419012748,0.0,-0.16515986604990568,0.0,0.23123547386940543,0.0,5.860669715096275,3.0195735899311043,74.15781935850504
0.997454332820265,0.0,-0.16516778080891908,0.0,0.23137343285768008,0.0,5.862530100576197,3.0194935899311046,74.15861832882842
0.9973703123344633,0.0,-0.16517568492723447,0.0,0.23151133460550313,0.0,5.864391129072313,3.0194135899311045,74.15931308187119
0.9972862804392341,0.0,-0.1651835784515543,0.0,0.23164917912520436,0.0,5.866252803083405,3.0193335899311036,74.1599037864474
0.9972022371299899,0.0,-0.16519146142866462,0.0,0.231786966428922,0.0,5.868115125108714,3.019253589931104,74.16039061164369
0.99711818240219,0.0,-0.16519933390543737,0.0,0.2319246965286086,0.0,5.869978097648015,3.019173589931104,74.16077372685704
0.9970341162513431,0.0,-0.16520719592883243,0.0,0.23206236943601916,0.0,5.871841723201538,3.0190935899311038,74.16105330176363
0.9969500386730046,0.0,-0.1652150475458929,0.0,0.23219998516272794,0.0,5.873706004270069,3.0190135899311037,74.16122950633812
0.9968659496627854,0.0,-0.165222888803754,0.0,0.23233754372010268,0.0,5.875570943354791,3.0189335899311036,74.16130251084577
0.9967818492163389,0.0,-0.16523071974963352,0.0,0.23247504511933617,0.0,5.877436542957516,3.018853589931103,74.16127248584729
0.9966977373293737,0.0,-0.16523854043084005,0.0,0.23261248937142115,0.0,5.879302805580502,3.0187735899311035,74.16113960219268
0.9966136139976457,0.0,-0.1652463508947696,0.0,0.23274987648716458,0.0,5.881169733726586,3.0186935899311034,74.1609040310229
0.9965294792169624,0.0,-0.16525415118890488,0.0,0.23288720647718716,0.0,5.88303732989914,3.0186135899311037,74.16056594377966
0.9964453329831807,0.0,-0.165261941360821,0.0,0.2330244793519141,0.0,5.884905596602082,3.0185335899311028,74.16012551218891
0.9963611752922106,0.0,-0.16526972145817997,0.0,0.23316169512158516,0.0,5.886774536339882,3.018453589931103,74.1595829082707
0.9962770061400126,0.0,-0.16527749152873497,0.0,0.23329885379624715,0.0,5.888644151617534,3.0183735899311035,74.15893830433825
0.9961928255225964,0.0,-0.16528525162032867,0.0,0.2334359553857662,0.0,5.890514444940733,3.018293589931103,74.15819187299569
0.9961086334360272,0.0,-0.16529300178089398,0.0,0.2335729998998114,0.0,5.89238541881558,3.0182135899311033,74.15734378713782
0.9960244298764197,0.0,-0.16530074205845502,0.0,0.23370998734787243,0.0,5.894257075748941,3.018133589931103,74.15639421996136
0.9959402148399412,0.0,-0.16530847250112915,0.0,0.2338469177392422,0.0,5.89612941824816,3.0180535899311027,74.15534334493664
0.9958559883228131,0.0,-0.16531619315712293,0.0,0.23398379108303183,0.0,5.898002448821222,3.017973589931102,74.15419133584454
0.9957717503213088,0.0,-0.16532390407473582,0.0,0.23412060738816387,0.0,5.8998761699767295,3.017893589931103,74.15293836674464
0.9956875008317527,0.0,-0.16533160530236024,0.0,0.23425736666337654,0.0,5.901750584223941,3.017813589931102,74.15158461199718
0.9956032398505279,0.0,-0.16533929688848234,0.0,0.234394068917212,0.0,5.903625694072657,3.017733589931103,74.15013024624508
0.9955189673740651,0.0,-0.16534697888168162,0.0,0.23453071415803406,0.0,5.905501502033382,3.0176535899311023,74.14857544442754
0.9954346833988547,0.0,-0.1653546513306307,0.0,0.23466730239401595,0.0,5.907378010617245,3.0175735899311023,74.1469203817824
0.9953503879214368,0.0,-0.1653623142840966,0.0,0.23480383363314747,0.0,5.909255222336037,3.017493589931102,74.1451652338265
0.9952660809384086,0.0,-0.16536996779094146,0.0,0.23494030788322873,0.0,5.911133139702177,3.017413589931103,74.14331017637362
0.995181762446422,0.0,-0.1653776119001232,0.0,0.2350767251518757,0.0,5.91301176522878,3.017333589931102,74.14135538552719
0.9950974324421815,0.0,-0.16538524666069285,0.0,0.23521308544652123,0.0,5.9148911014296415,3.017253589931102,74.13930103768678
0.9950130909224522,0.0,-0.16539287212180215,0.0,0.23534938877440217,0.0,5.916771150819156,3.017173589931102,74.13714730953497
0.9949287378840502,0.0,-0.16540048833269416,0.0,0.23548563514258228,0.0,5.918651915912517,3.0170935899311013,74.13489437805332
0.9948443733238485,0.0,-0.1654080953427122,0.0,0.2356218245579327,0.0,5.920533399225528,3.0170135899311012,74.13254242050415
0.9947599972387801,0.0,-0.16541569320129557,0.0,0.2357579570271393,0.0,5.9224156032747075,3.016933589931102,74.13009161445609
0.9946756096258288,0.0,-0.16542328195798264,0.0,0.2358940325567067,0.0,5.924298530577349,3.0168535899311015,74.12754213775588
0.9945912104820388,0.0,-0.1654308616624078,0.0,0.23603005115295156,0.0,5.926182183651352,3.0167735899311015,74.12489416854038
0.9945067998045118,0.0,-0.16543843236430694,0.0,0.23616601282200514,0.0,5.928066565015414,3.0166935899311014,74.12214788524645
0.9944223775904056,0.0,-0.16544599411351232,0.0,0.2363019175698155,0.0,5.929951677188913,3.0166135899311013,74.11930346659513
0.994337943836936,0.0,-0.16545354695995818,0.0,0.23643776540214542,0.0,5.93183752269199,3.016533589931101,74.11636109159542
0.9942534985413788,0.0,-0.1654610909536781,0.0,0.2365735563245693,0.0,5.933724104045474,3.016453589931101,74.11332093955367
0.9941690417010646,0.0,-0.1654686261448041,0.0,0.23670929034248678,0.0,5.9356114237710225,3.016373589931101,74.1101831900608
0.9940845733133845,0.0,-0.16547615258357232,0.0,0.23684496746110353,0.0,5.937499484390976,3.016293589931101,74.10694802299943
0.99400009337579,0.0,-0.16548367032031813,0.0,0.23698058768544653,0.0,5.939388288428461,3.016213589931101,74.10361561854214
0.9939156018857891,0.0,-0.16549117940547953,0.0,0.23711615102035694,0.0,5.94127783840737,3.0161335899311004,74.100186157152
0.9938310988409531,0.0,-0.16549867988959674,0.0,0.23725165747048887,0.0,5.943168136852304,3.0160535899311007,74.0966598195827
0.9937465842389077,0.0,-0.1655061718233135,0.0,0.23738710704031843,0.0,5.945059186288749,3.015973589931101,74.09303678687436
0.9936620580773454,0.0,-0.16551365525737635,0.0,0.2375224997341311,0.0,5.946950989242868,3.0158935899311015,74.08931724035924
0.9935775203540131,0.0,-0.16552113024263426,0.0,0.23765783555603695,0.0,5.948843548241688,3.015813589931101,74.08550136166141
0.9934929710667225,0.0,-0.1655285968300422,0.0,0.23779311450995383,0.0,5.950736865812978,3.0157335899311,74.08158933268489
0.9934084102133447,0.0,-0.16553605507065883,0.0,0.23792833659962184,0.0,5.952630944485314,3.0156535899311008,74.07758133563709
0.9933238377918134,0.0,-0.16554350501564957,0.0,0.238063501828592,0.0,5.954525786788084,3.0155735899311007,74.0734775530037
0.9932392538001219,0.0,-0.16555094671628373,0.0,0.23819861020023725,0.0,5.956421395251489,3.0154935899310993,74.06927816756162
0.9931546582363289,0.0,-0.16555838022393576,0.0,0.23833366171774403,0.0,5.958317772406512,3.015413589931101,74.06498336237873
0.9930700510985504,0.0,-0.16556580559008988,0.0,0.23846865638411877,0.0,5.960214920785035,3.0153335899311005,74.0605933208093
0.9929854323849698,0.0,-0.16557322286633436,0.0,0.23860359420218075,0.0,5.962112842919677,3.0152535899311,74.05610822650094
0.9929008020938318,0.0,-0.16558063210436724,0.0,0.23873847517456606,0.0,5.964011541343918,3.0151735899311,74.05152826338782
0.9928161602234448,0.0,-0.16558803335599467,0.0,0.23887329930372614,0.0,5.965911018592054,3.0150935899311,74.04685361568784
0.992731506772179,0.0,-0.16559542667312896,0.0,0.23900806659193544,0.0,5.967811277199279,3.0150135899310992,74.0420844679131
0.9926468417384716,0.0,-0.16560281210779376,0.0,0.23914277704127795,0.0,5.969712319701555,3.0149335899310996,74.037221004862
0.99256216512082,0.0,-0.16561018971212074,0.0,0.23927743065366158,0.0,5.971614148635773,3.014853589931099,74.03226341161975
0.9924774769177912,0.0,-0.16561755953835336,0.0,0.23941202743080223,0.0,5.973516766539588,3.0147735899311,74.0272118735637
0.9923927771280117,0.0,-0.16562492163884415,0.0,0.2395465673742414,0.0,5.975420175951607,3.0146935899310994,74.02206657635654
0.9923080657501775,0.0,-0.16563227606605668,0.0,0.23968105048533148,0.0,5.9773243794112165,3.0146135899310993,74.0168277059471
0.9922233427830492,0.0,-0.1656396228725682,0.0,0.23981547676524087,0.0,5.979229379458714,3.0145335899310997,74.0114954485737
0.9921386082254496,0.0,-0.1656469621110644,0.0,0.2399498462149642,0.0,5.981135178635312,3.0144535899310982,74.00606999076254
0.9920538620762739,0.0,-0.1656542938343471,0.0,0.24008415883529816,0.0,5.983041779482962,3.014373589931099,74.00055151932733
0.9919691043344786,0.0,-0.1656616180953283,0.0,0.2402184146268705,0.0,5.984949184544667,3.014293589931099,73.99494022137043
0.9918843349990892,0.0,-0.16566893494703586,0.0,0.24035261359011667,0.0,5.9868573963642,3.014213589931099,73.9892362842794
0.9917995540691975,0.0,-0.1656762444426097,0.0,0.24048675572529377,0.0,5.988766417486262,3.0141335899310984,73.98343989572683
0.9917147615439661,0.0,-0.16568354663530754,0.0,0.24062084103246767,0.0,5.990676250456414,3.0140535899310987,73.97755124367791
0.99162995742262,0.0,-0.16569084157849803,0.0,0.2407548695115318,0.0,5.992586897821163,3.0139735899310987,73.9715705163789
0.9915451417044577,0.0,-0.16569812932566944,0.0,0.24088884116218703,0.0,5.994498362127887,3.0138935899310995,73.96549790237226
0.9914603143888399,0.0,-0.16570540993042213,0.0,0.24102275598396258,0.0,5.996410645924916,3.0138135899310994,73.95933359047332
0.9913754754752007,0.0,-0.16571268344647747,0.0,0.2411566139761919,0.0,5.998323751761435,3.013733589931098,73.95307776979512
0.991290624963045,0.0,-0.16571994992767178,0.0,0.2412904151380255,0.0,6.000237682187487,3.0136535899310974,73.94673062972906
0.9912057628519448,0.0,-0.1657272094279589,0.0,0.24142415946843843,0.0,6.002152439754151,3.0135735899310987,73.94029235996567
0.9911208891415388,0.0,-0.16573446200141226,0.0,0.24155784696621838,0.0,6.004068027013381,3.0134935899310986,73.93376315046656
0.9910360038315397,0.0,-0.1657417077022224,0.0,0.2416914776299703,0.0,6.005984446518041,3.0134135899310985,73.92714319148457
0.9909511069217307,0.0,-0.1657489465847013,0.0,0.24182505145811362,0.0,6.007901700821937,3.013333589931097,73.92043267356725
0.9908661984119659,0.0,-0.1657561787032792,0.0,0.24195856844888156,0.0,6.009819792479734,3.013253589931098,73.9136317875344
0.9907812783021679,0.0,-0.1657634041125079,0.0,0.2420920286003303,0.0,6.011738724047139,3.013173589931098,73.90674072450054
0.9906963465923322,0.0,-0.16577062286705996,0.0,0.24222543191032903,0.0,6.013658498080766,3.013093589931097,73.89975967586088
0.9906114032825306,0.0,-0.16577783502172883,0.0,0.2423587783765578,0.0,6.01557911713807,3.0130135899310977,73.89268883330175
0.9905264483728996,0.0,-0.16578504063143062,0.0,0.2424920679965212,0.0,6.0175005837775775,3.0129335899310976,73.88552838878944
0.9904414818636524,0.0,-0.16579223975120416,0.0,0.24262530076753505,0.0,6.019422900558686,3.0128535899310975,73.87827853457473
0.9903565037550749,0.0,-0.16579943243621093,0.0,0.24275847668673164,0.0,6.0213460700417665,3.012773589931098,73.87093946319872
0.9902715140475261,0.0,-0.1658066187417381,0.0,0.2428915957510568,0.0,6.0232700947881295,3.0126935899310965,73.86351136748652
0.9901865127414384,0.0,-0.16581379872319435,0.0,0.24302465795727596,0.0,6.0251949773600355,3.012613589931097,73.85599444054208
0.9901014998373192,0.0,-0.1658209724361147,0.0,0.24315766330196573,0.0,6.027120720320689,3.012533589931097,73.84838887576231
0.9900164753357479,0.0,-0.16582813993616025,0.0,0.2432906117815221,0.0,6.029047326234302,3.0124535899310967,73.84069486682161
0.989931439237381,0.0,-0.16583530127911608,0.0,0.24342350339215366,0.0,6.030974797665975,3.0123735899310966,73.83291260768402
0.9898463915429493,0.0,-0.16584245652089716,0.0,0.2435563381298831,0.0,6.032903137181829,3.012293589931097,73.82504229259499
0.9897613322532581,0.0,-0.16584960571754148,0.0,0.2436891159905524,0.0,6.0348323473489085,3.012213589931097,73.8170841160852
0.9896762613691896,0.0,-0.16585674892521876,0.0,0.2438218369698127,0.0,6.0367624307352585,3.012133589931097,73.80903827296954
0.9895911788917003,0.0,-0.16586388620022371,0.0,0.24395450106313596,0.0,6.038693389909878,3.0120535899310963,73.8009049583439
0.9895060848218273,0.0,-0.1658710175989819,0.0,0.24408710826580235,0.0,6.04062522744271,3.011973589931097,73.79268436759453
0.9894209791606788,0.0,-0.16587814317804822,0.0,0.24421965857291286,0.0,6.042557945904741,3.0118935899310966,73.78437669638322
0.9893358619094454,0.0,-0.16588526299410677,0.0,0.24435215197937646,0.0,6.04449154786784,3.0118135899310965,73.77598214066407
0.9892507330693919,0.0,-0.1658923771039724,0.0,0.2444845884799219,0.0,6.0464260359049256,3.011733589931097,73.76750089666737
0.9891655926418632,0.0,-0.16589948556459153,0.0,0.24461696806908712,0.0,6.048361412589841,3.011653589931097,73.75893316090963
0.9890804406282807,0.0,-0.16590658843304285,0.0,0.24474929074122734,0.0,6.050297680497448,3.0115735899310967,73.75027913019191
0.988995277030146,0.0,-0.1659136857665362,0.0,0.24488155649050905,0.0,6.052234842203558,3.011493589931097,73.74153900159364
0.9889101018490375,0.0,-0.165920777622415,0.0,0.2450137653109167,0.0,6.054172900285024,3.011413589931096,73.73271297248078
0.988824915086616,0.0,-0.16592786405815663,0.0,0.24514591719624224,0.0,6.0561118573196016,3.0113335899310965,73.72380124050335
0.9887397167446208,0.0,-0.16593494513137225,0.0,0.24527801214009085,0.0,6.058051715886036,3.0112535899310964,73.7148040035914
0.9886545068248707,0.0,-0.16594202089980703,0.0,0.24541005013588824,0.0,6.059992478564158,3.0111735899310963,73.7057214599599
0.9885692853292655,0.0,-0.16594909142134306,0.0,0.2455420311768645,0.0,6.061934147934669,3.0110935899310958,73.69655380810188
0.9884840522597852,0.0,-0.16595615675399736,0.0,0.2456739552560673,0.0,6.063876726579326,3.011013589931095,73.68730124679544
0.9883988076184955,0.0,-0.16596321695592406,0.0,0.2458058223663507,0.0,6.065820217080818,3.0109335899310956,73.67796397510342
0.9883135514075346,0.0,-0.165970272085412,0.0,0.24593763250039402,0.0,6.067764622022901,3.010853589931096,73.66854219236575
0.9882282836291312,0.0,-0.16597732220089276,0.0,0.24606938565067385,0.0,6.069709943990276,3.0107735899310955,73.65903609820639
0.9881430042855945,0.0,-0.16598436736093153,0.0,0.24620108180948502,0.0,6.07165618556859,3.0106935899310954,73.64944589253285
0.9880577133793127,0.0,-0.1659914076242352,0.0,0.2463327209689376,0.0,6.073603349344607,3.010613589931095,73.63977177553046
0.9879724109127614,0.0,-0.16599844304964895,0.0,0.24646430312094628,0.0,6.075551437905933,3.010533589931095,73.63001394766937
0.9878870968884989,0.0,-0.1660054736961591,0.0,0.2465958282572411,0.0,6.077500453841272,3.0104535899310942,73.6201726096996
0.9878017713091657,0.0,-0.1660124996228925,0.0,0.2467272963693614,0.0,6.079450399740264,3.010373589931094,73.6102479626546
0.9877164341774887,0.0,-0.1660195208891168,0.0,0.24685870744865884,0.0,6.081401278193574,3.0102935899310945,73.60024020784245
0.987631085496279,0.0,-0.1660265375542435,0.0,0.24699006148629324,0.0,6.0833530917928424,3.0102135899310944,73.59014954686322
0.987545725268432,0.0,-0.1660335496778248,0.0,0.24712135847323746,0.0,6.085305843130704,3.010133589931095,73.57997618158619
0.9874603534969273,0.0,-0.1660405573195569,0.0,0.24725259840027686,0.0,6.087259534800829,3.0100535899310947,73.56972031416713
0.9873749701848354,0.0,-0.1660475605392814,0.0,0.2473837812579969,0.0,6.089214169397778,3.0099735899310947,73.55938214704418
0.9872895753353084,0.0,-0.16605455939698296,0.0,0.24751490703680187,0.0,6.091169749517198,3.0098935899310946,73.54896188293176
0.9872041689515857,0.0,-0.16606155395279096,0.0,0.24764597572690483,0.0,6.093126277755706,3.009813589931094,73.53845972482883
0.9871187510369965,0.0,-0.1660685442669829,0.0,0.247776987318322,0.0,6.095083756710865,3.009733589931095,73.5278758760075
0.9870333215949532,0.0,-0.1660755303999803,0.0,0.24790794180088774,0.0,6.0970421889813275,3.009653589931094,73.51721054002877
0.9869478806289621,0.0,-0.1660825124123544,0.0,0.24803883916423225,0.0,6.099001577166587,3.0095735899310943,73.50646392072863
0.9868624281426117,0.0,-0.1660894903648224,0.0,0.24816967939780607,0.0,6.100961923867265,3.0094935899310946,73.495636222222
0.9867769641395824,0.0,-0.16609646431825142,0.0,0.24830046249086302,0.0,6.102923231684927,3.009413589931094,73.48472764891007
0.986691488623642,0.0,-0.1661034343336549,0.0,0.24843118843246662,0.0,6.104885503222103,3.009333589931094,73.47373840546321
0.9866060015986503,0.0,-0.16611040047219933,0.0,0.24856185721148424,0.0,6.106848741082311,3.009253589931094,73.46266869683835
0.9865205030685559,0.0,-0.16611736279520078,0.0,0.2486924688165918,0.0,6.108812947870069,3.009173589931094,73.45151872827317
0.9864349930373957,0.0,-0.1661243213641253,0.0,0.24882302323627598,0.0,6.110778126190905,3.0090935899310938,73.44028870527733
0.9863494715092993,0.0,-0.1661312762405909,0.0,0.24895352045882793,0.0,6.112744278651297,3.0090135899310937,73.42897883364715
0.9862639384884878,0.0,-0.166138227486369,0.0,0.24908396047234377,0.0,6.114711407858703,3.0089335899310936,73.41758931945176
0.9861783939792739,0.0,-0.16614517516338387,0.0,0.24921434326472544,0.0,6.1166795164215575,3.008853589931093,73.40612036904506
0.9860928379860586,0.0,-0.16615211933371205,0.0,0.24934466882368758,0.0,6.118648606949337,3.008773589931093,73.3945721890546
0.9860072705133405,0.0,-0.16615906005958658,0.0,0.24947493713674113,0.0,6.1206186820524,3.008693589931093,73.38294498638788
0.9859216915657085,0.0,-0.16616599740339397,0.0,0.24960514819120744,0.0,6.122589744342135,3.0086135899310933,73.37123896823226
0.985836101147844,0.0,-0.1661729314276782,0.0,0.24973530197421193,0.0,6.124561796430913,3.0085335899310937,73.35945434205244
0.9857504992645225,0.0,-0.1661798621951375,0.0,0.24986539847268732,0.0,6.12653484093207,3.008453589931093,73.347591315592
0.9856648859206154,0.0,-0.1661867897686284,0.0,0.24999543767336574,0.0,6.128508880459876,3.008373589931093,73.33565009687135
0.9855792611210846,0.0,-0.16619371421116536,0.0,0.250125419562788,0.0,6.130483917629619,3.0082935899310934,73.3236308941894
0.985493624870991,0.0,-0.16620063558592083,0.0,0.25025534412729633,0.0,6.132459955057524,3.008213589931093,73.3115339161214
0.9854079771754874,0.0,-0.16620755395622702,0.0,0.25038521135303704,0.0,6.134436995360797,3.0081335899310924,73.29935937152516
0.9853223180398253,0.0,-0.16621446938557446,0.0,0.2505150212259608,0.0,6.136415041157594,3.0080535899310927,73.28710746952964
0.9852366474693512,0.0,-0.1662213819376165,0.0,0.25064477373181643,0.0,6.138394095066995,3.007973589931092,73.27477841954688
0.9851509654695078,0.0,-0.16622829167616646,0.0,0.2507744688561601,0.0,6.140374159709105,3.007893589931092,73.26237243126315
0.9850652720458333,0.0,-0.16623519866519854,0.0,0.2509041065843519,0.0,6.142355237704965,3.007813589931092,73.24988971464201
0.9849795672039672,0.0,-0.16624210296885195,0.0,0.2510336869015456,0.0,6.144337331676509,3.0077335899310924,73.23733047992538
0.9848938509496437,0.0,-0.16624900465142659,0.0,0.2511632097927045,0.0,6.146320444246682,3.0076535899310928,73.22469493763019
0.9848081232886943,0.0,-0.16625590377738755,0.0,0.2512926752425928,0.0,6.148304578039397,3.0075735899310923,73.21198329855235
0.9847223842270542,0.0,-0.16626280041136654,0.0,0.2514220832357665,0.0,6.150289735679404,3.007493589931092,73.19919577376344
0.984636633770752,0.0,-0.16626969461815624,0.0,0.2515514337565945,0.0,6.152275919792498,3.0074135899310916,73.18633257461269
0.9845508719259203,0.0,-0.16627658646271898,0.0,0.25168072678923703,0.0,6.154263133005344,3.007333589931092,73.17339391272388
0.9844650986987893,0.0,-0.16628347601018365,0.0,0.2518099623176556,0.0,6.156251377945561,3.007253589931092,73.16037999999959
0.9843793140956899,0.0,-0.16629036332584476,0.0,0.25193914032561554,0.0,6.15824065724172,3.007173589931091,73.14729104861475
0.9842935181230561,0.0,-0.16629724847516666,0.0,0.2520682607966742,0.0,6.160230973523261,3.0070935899310918,73.13412727102663
0.9842077107874191,0.0,-0.16630413152378185,0.0,0.2521973237141954,0.0,6.162222329420619,3.0070135899310917,73.12088887996255
0.9841218920954168,0.0,-0.1663110125374942,0.0,0.2523263290613319,0.0,6.164214727565061,3.0069335899310916,73.1075760884281
0.9840360620537842,0.0,-0.16631789158227483,0.0,0.2524552768210461,0.0,6.166208170588875,3.006853589931092,73.09418910970693
0.9839502206693629,0.0,-0.166324768724268,0.0,0.25258416697608926,0.0,6.168202661125167,3.0067735899310915,73.08072815735517
0.9838643679490965,0.0,-0.1663316440297906,0.0,0.2527129995090109,0.0,6.170198201807999,3.006693589931091,73.06719344520452
0.9837785039000321,0.0,-0.16633851756533014,0.0,0.25284177440215777,0.0,6.172194795272275,3.006613589931091,73.05358518736375
0.9836926285293209,0.0,-0.16634538939754884,0.0,0.2529704916376753,0.0,6.17419244415388,3.0065335899310908,73.03990359821734
0.9836067418442178,0.0,-0.16635225959328184,0.0,0.25309915119750415,0.0,6.17619115108954,3.006453589931091,73.02614889242189
0.9835208438520834,0.0,-0.16635912821953983,0.0,0.2532277530633794,0.0,6.178190918716895,3.0063735899310915,73.01232128491468
0.9834349345603833,0.0,-0.1663659953435086,0.0,0.25335629721683217,0.0,6.18019174967446,3.006293589931091,72.99842099090166
0.98334901397669,0.0,-0.1663728610325507,0.0,0.2534847836391872,0.0,6.182193646601609,3.0062135899310904,72.98444822586798
0.9832630821086817,0.0,-0.16637972535420478,0.0,0.253613212311564,0.0,6.184196612138604,3.0061335899310913,72.97040320557218
0.9831771389641407,0.0,-0.16638658837618736,0.0,0.25374158321488083,0.0,6.1862006489266355,3.0060535899310907,72.95628614604698
0.9830911845509621,0.0,-0.1663934501663949,0.0,0.2538698963298396,0.0,6.188205759607649,3.00597358993109,72.94209726360157
0.983005218877145,0.0,-0.166400310792901,0.0,0.25399815163694284,0.0,6.190211946824508,3.005893589931091,72.92783677481764
0.9829192419507957,0.0,-0.16640717032396024,0.0,0.25412634911648657,0.0,6.192219213220978,3.0058135899310905,72.91350489655167
0.9828332537801318,0.0,-0.16641402882800754,0.0,0.2542544887485546,0.0,6.194227561441588,3.0057335899310904,72.89910184593559
0.9827472543734789,0.0,-0.16642088637365968,0.0,0.25438257051302515,0.0,6.19623699413177,3.0056535899310908,72.88462784037218
0.9826612437392708,0.0,-0.1664277430297154,0.0,0.2545105943895694,0.0,6.1982475139377815,3.0055735899310903,72.87008309754214
0.9825752218860544,0.0,-0.16643459886515674,0.0,0.2546385603576439,0.0,6.200259123506678,3.0054935899310897,72.85546783539975
0.9824891888224843,0.0,-0.16644145394914808,0.0,0.2547664683965025,0.0,6.202271825486365,3.0054135899310905,72.84078227217064
0.9824031445573281,0.0,-0.16644830835104082,0.0,0.2548943184851849,0.0,6.204285622525621,3.0053335899310905,72.82602662635537
0.9823170890994614,0.0,-0.16645516214036962,0.0,0.2550221106025236,0.0,6.206300517273975,3.0052535899310904,72.81120111672861
0.9822310224578764,0.0,-0.16646201538685507,0.0,0.2551498447271382,0.0,6.20831651238178,3.0051735899310894,72.79630596233723
0.982144944641674,0.0,-0.16646886816040585,0.0,0.25527752083743743,0.0,6.210333610500199,3.00509358993109,72.78134138250506
0.9820588556600699,0.0,-0.16647572053111737,0.0,0.2554051389116196,0.0,6.212351814281198,3.0050135899310892,72.7663075968233
0.9819727555223927,0.0,-0.1664825725692736,0.0,0.2555326989276692,0.0,6.214371126377522,3.0049335899310887,72.75120482516218
0.9818866442380855,0.0,-0.1664894243453472,0.0,0.2556602008633586,0.0,6.216391549442676,3.00485358993109,72.73603328766193
0.9818005218167024,0.0,-0.16649627593000085,0.0,0.2557876446962508,0.0,6.218413086131024,3.0047735899310895,72.72079320473564
0.9817143882679166,0.0,-0.16650312739408896,0.0,0.2559150304036897,0.0,6.220435739097628,3.0046935899310894,72.70548479707136
0.9816282436015151,0.0,-0.16650997880865623,0.0,0.25604235796280717,0.0,6.222459510998306,3.004613589931089,72.69010828562811
0.9815420878273992,0.0,-0.16651683024493902,0.0,0.2561696273505252,0.0,6.2244844044897025,3.004533589931089,72.67466389163967
0.9814559209555881,0.0,-0.16652368177436883,0.0,0.2562968385435443,0.0,6.2265104222291585,3.004453589931089,72.6591518366076
0.9813697429962168,0.0,-0.16653053346856872,0.0,0.25642399151835416,0.0,6.228537566874759,3.0043735899310895,72.64357234231382
0.9812835539595387,0.0,-0.16653738539935806,0.0,0.25655108625122586,0.0,6.23056584108535,3.004293589931089,72.6279256308061
0.9811973538559222,0.0,-0.16654423763874995,0.0,0.25667812271821805,0.0,6.232595247520492,3.0042135899310884,72.61221192440622
0.9811111426958589,0.0,-0.1665510902589553,0.0,0.2568051008951667,0.0,6.234625788840437,3.004133589931089,72.59643144570987
0.9810249204899542,0.0,-0.166557943332381,0.0,0.25693202075769633,0.0,6.236657467706217,3.0040535899310887,72.5805844175842
0.9809386872489334,0.0,-0.16656479693163231,0.0,0.25705888228121143,0.0,6.238690286779514,3.003973589931088,72.56467106316795
0.9808524429836447,0.0,-0.1665716511295121,0.0,0.2571856854408978,0.0,6.240724248722721,3.0038935899310886,72.5486916058713
0.9807661877050545,0.0,-0.16657850599902493,0.0,0.25731243021171984,0.0,6.242759356198904,3.003813589931089,72.5326462693774
0.9806799214242484,0.0,-0.1665853616133716,0.0,0.257439116568432,0.0,6.244795611871881,3.003733589931089,72.51653527764088
0.9805936441524351,0.0,-0.16659221804595814,0.0,0.25756574448555997,0.0,6.2468330184060745,3.003653589931088,72.50035885488774
0.9805073559009462,0.0,-0.16659907537039023,0.0,0.25769231393740766,0.0,6.248871578466533,3.0035735899310883,72.48411722561868
0.9804210566812311,0.0,-0.16660593366047505,0.0,0.25781882489807034,0.0,6.250911294719082,3.003493589931088,72.46781061459811
0.9803347465048673,0.0,-0.1666127929902263,0.0,0.25794527734140904,0.0,6.252952169830103,3.0034135899310885,72.45143924687203
0.980248425383551,0.0,-0.16661965343385907,0.0,0.2580716712410711,0.0,6.254994206466648,3.003333589931088,72.43500334774888
0.9801620933291059,0.0,-0.16662651506579515,0.0,0.25819800657047726,0.0,6.25703740729638,3.0032535899310884,72.41850314281528
0.9800757503534762,0.0,-0.1666333779606616,0.0,0.25832428330282936,0.0,6.2590817749876315,3.003173589931088,72.40193885792448
0.9799893964687335,0.0,-0.1666402421932929,0.0,0.25845050141110054,0.0,6.261127312209265,3.0030935899310873,72.38531071920312
0.9799030316870758,0.0,-0.16664710783873007,0.0,0.25857666086804343,0.0,6.2631740216308005,3.0030135899310877,72.36861895304826
0.9798166560208232,0.0,-0.16665397497222337,0.0,0.25870276164618744,0.0,6.2652219059223615,3.002933589931087,72.35186378612647
0.9797302694824243,0.0,-0.16666084366923128,0.0,0.25882880371783573,0.0,6.267270967754619,3.002853589931087,72.33504544538066
0.9796438720844549,0.0,-0.16666771400542366,0.0,0.2589547870550646,0.0,6.2693212097988535,3.0027735899310875,72.3181641580154
0.9795574638396164,0.0,-0.1666745860566799,0.0,0.25908071162972746,0.0,6.2713726347268866,3.002693589931087,72.30122015151399
0.97947104476074,0.0,-0.16668145989909175,0.0,0.2592065774134478,0.0,6.273425245211086,3.0026135899310873,72.28421365362831
0.9793846148607864,0.0,-0.16668833560896465,0.0,0.25933238437762146,0.0,6.275479043924369,3.0025335899310868,72.26714489237959
0.9792981741528394,0.0,-0.16669521326281395,0.0,0.25945813249342464,0.0,6.277534033540231,3.002453589931087,72.25001409605855
0.9792117226501178,0.0,-0.16670209293737326,0.0,0.25958382173179595,0.0,6.2795902167326405,3.0023735899310866,72.23282149322876
0.9791252603659709,0.0,-0.16670897470958917,0.0,0.25970945206344737,0.0,6.281647596176071,3.002293589931087,72.21556731272335
0.979038787313874,0.0,-0.1667158586566244,0.0,0.25983502345886555,0.0,6.283706174545552,3.002213589931087,72.19825178364705
0.9789523035074359,0.0,-0.1667227448558578,0.0,0.25996053588830553,0.0,6.285765954516588,3.002133589931087,72.18087513537095
0.9788658089603979,0.0,-0.16672963338488794,0.0,0.26008598932178956,0.0,6.287826938765147,3.0020535899310867,72.1634375975398
0.9787793036866319,0.0,-0.16673652432152977,0.0,0.2602113837291112,0.0,6.289889129967666,3.001973589931086,72.14593940006826
0.9786927877001441,0.0,-0.16674341774381843,0.0,0.2603367190798303,0.0,6.291952530801047,3.0018935899310866,72.12838077313997
0.9786062610150715,0.0,-0.16675031373000967,0.0,0.26046199534327763,0.0,6.294017143942657,3.0018135899310865,72.11076194720707
0.9785197236456855,0.0,-0.16675721235857843,0.0,0.2605872124885522,0.0,6.296082972070319,3.001733589931086,72.09308315299286
0.9784331756063954,0.0,-0.16676411370822433,0.0,0.26071237048451157,0.0,6.298150017862196,3.0016535899310868,72.07534462149422
0.9783466169117376,0.0,-0.16677101785786722,0.0,0.26083746929979296,0.0,6.300218283997003,3.0015735899310854,72.05754658397173
0.9782600475763934,0.0,-0.1667779248866524,0.0,0.26096250890278405,0.0,6.302287773153697,3.001493589931086,72.03968927195908
0.9781734676151724,0.0,-0.16678483487394832,0.0,0.26108748926164893,0.0,6.304358488011743,3.001413589931086,72.02177291725808
0.9780868770430242,0.0,-0.16679174789935028,0.0,0.26121241034431125,0.0,6.306430431250972,3.001333589931086,72.00379775194178
0.9780002758750338,0.0,-0.1667986640426776,0.0,0.26133727211846103,0.0,6.30850360555154,3.001253589931087,71.98576400835007
0.9779136641264249,0.0,-0.1668055833839796,0.0,0.2614620745515487,0.0,6.310578013594004,3.001173589931086,71.96767191909647
0.9778270418125607,0.0,-0.16681250600353123,0.0,0.2615868176107867,0.0,6.312653658059199,3.0010935899310858,71.94952171705803
0.9777404089489372,0.0,-0.16681943198183713,0.0,0.261711501263155,0.0,6.31473054162837,3.0010135899310857,71.93131363538932
0.9776537655511979,0.0,-0.1668263613996322,0.0,0.26183612547538815,0.0,6.316808666983011,3.000933589931086,71.91304790750374
0.9775671116351193,0.0,-0.16683329433788088,0.0,0.26196069021398727,0.0,6.318888036804985,3.000853589931085,71.89472476709325
0.9774804472166229,0.0,-0.16684023087778008,0.0,0.26208519544520836,0.0,6.320968653776361,3.000773589931086,71.87634444811208
0.9773937723117665,0.0,-0.16684717110075845,0.0,0.2622096411350733,0.0,6.323050520579596,3.0006935899310854,71.85790718479117
0.9773070869367535,0.0,-0.16685411508847817,0.0,0.2623340272493568,0.0,6.325133639897312,3.0006135899310853,71.83941321162341
0.9772203911079261,0.0,-0.16686106292283603,0.0,0.26245835375359716,0.0,6.327218014412464,3.0005335899310848,71.8208627633717
0.9771336848417715,0.0,-0.1668680146859634,0.0,0.2625826206130862,0.0,6.329303646808176,3.000453589931085,71.80225607507192
0.9770469681549204,0.0,-0.1668749704602277,0.0,0.2627068277928727,0.0,6.3313905397678125,3.0003735899310855,71.78359338202536
0.976960241064143,0.0,-0.16688193032823265,0.0,0.26283097525776994,0.0,6.333478695975037,3.000293589931085,71.76487491980502
0.9768735035863593,0.0,-0.16688889437282137,0.0,0.26295506297233545,0.0,6.335568118113576,3.000213589931086,71.74610092424894
0.9767867557386282,0.0,-0.16689586267707307,0.0,0.26307909090089354,0.0,6.337658808867451,3.000133589931085,71.72727163146394
0.9766999975381603,0.0,-0.16690283532430986,0.0,0.26320305900751145,0.0,6.339750770920764,3.0000535899310843,71.70838727783227
0.9766132290023086,0.0,-0.16690981239809058,0.0,0.26332696725602023,0.0,6.3418440069578415,2.999973589931084,71.68944809999448
0.9765264501485729,0.0,-0.16691679398221845,0.0,0.26345081560999883,0.0,6.343938519663101,2.999893589931084,71.6704543348715
0.9764396609945997,0.0,-0.16692378016073775,0.0,0.2635746040327813,0.0,6.3460343117211195,2.9998135899310845,71.65140621964213
0.9763528615581847,0.0,-0.16693077101793546,0.0,0.26369833248745317,0.0,6.348131385816568,2.9997335899310844,71.63230399175987
0.9762660518572703,0.0,-0.1669377666383429,0.0,0.2638220009368532,0.0,6.350229744634243,2.9996535899310843,71.61314788894295
0.9761792319099492,0.0,-0.16694476710673734,0.0,0.26394560934356753,0.0,6.352329390858977,2.9995735899310842,71.59393814918448
0.9760924017344629,0.0,-0.16695177250814108,0.0,0.26406915766993405,0.0,6.354430327175682,2.999493589931084,71.57467501073774
0.9760055613492031,0.0,-0.16695878292782368,0.0,0.26419264587804053,0.0,6.356532556269338,2.999413589931084,71.5553587121287
0.9759187107727116,0.0,-0.16696579845130158,0.0,0.26431607392972445,0.0,6.3586360808249545,2.999333589931084,71.53598949215277
0.9758318500236821,0.0,-0.16697281916434062,0.0,0.2644394417865701,0.0,6.360740903527547,2.999253589931084,71.516567589872
0.9757449791209599,0.0,-0.16697984515295694,0.0,0.2645627494099086,0.0,6.36284702706214,2.9991735899310843,71.49709324461622
0.9756580980835413,0.0,-0.166986876503415,0.0,0.2646859967608216,0.0,6.364954454113753,2.9990935899310847,71.47756669598391
0.9755712069305776,0.0,-0.16699391330223293,0.0,0.2648091838001337,0.0,6.367063187367383,2.9990135899310837,71.45798818384269
0.9754843056813741,0.0,-0.16700095563618084,0.0,0.26493231048841476,0.0,6.369173229507956,2.9989335899310836,71.4383579483265
0.9753973943553877,0.0,-0.16700800359228032,0.0,0.2650553767859819,0.0,6.371284583220333,2.9988535899310835,71.41867622983851
0.975310472972232,0.0,-0.16701505725780916,0.0,0.265178382652895,0.0,6.373397251189335,2.998773589931084,71.39894326905187
0.975223541551673,0.0,-0.16702211672029985,0.0,0.2653013280489603,0.0,6.375511236099699,2.9986935899310834,71.37915930690575
0.9751366001136382,0.0,-0.16702918206754017,0.0,0.2654242129337224,0.0,6.3776265406359816,2.9986135899310824,71.35932458460749
0.9750496486782082,0.0,-0.1670362533875764,0.0,0.26554703726646783,0.0,6.379743167482608,2.9985335899310837,71.33943934363123
0.9749626872656194,0.0,-0.16704333076871117,0.0,0.2656698010062324,0.0,6.381861119323971,2.998453589931084,71.31950382571976
0.9748757158962673,0.0,-0.1670504142995068,0.0,0.26579250411178634,0.0,6.383980398844207,2.9983735899310826,71.29951827288687
0.9747887345907086,0.0,-0.1670575040687859,0.0,0.2659151465416384,0.0,6.386101008727264,2.9982935899310834,71.27948292740884
0.9747017433696538,0.0,-0.1670646001656309,0.0,0.2660377282540429,0.0,6.388222951656932,2.998213589931083,71.25939803183724
0.9746147422539763,0.0,-0.16707170267938645,0.0,0.2661602492069885,0.0,6.390346230316757,2.9981335899310824,71.23926382898729
0.9745277312647096,0.0,-0.16707881169965932,0.0,0.26628270935820475,0.0,6.3924708473900775,2.9980535899310827,71.2190805619373
0.974440710423047,0.0,-0.16708592731632108,0.0,0.2664051086651565,0.0,6.394596805559944,2.997973589931082,71.19884847404069
0.9743536797503445,0.0,-0.1670930496195071,0.0,0.2665274470850451,0.0,6.396724107509162,2.997893589931083,71.1785678089151
0.9742666392681165,0.0,-0.16710017869961827,0.0,0.26664972457481184,0.0,6.398852755920246,2.997813589931082,71.15823881045368
0.9741795889980457,0.0,-0.16710731464732193,0.0,0.26677194109112823,0.0,6.400982753475389,2.9977335899310824,71.13786172280344
0.9740925289619734,0.0,-0.16711445755355306,0.0,0.2668940965904047,0.0,6.40311410285647,2.997653589931082,71.11743679038914
0.9740054591819074,0.0,-0.1671216075095149,0.0,0.2670161910287816,0.0,6.4052468067449775,2.9975735899310827,71.09696425790305
0.973918379680019,0.0,-0.16712876460668027,0.0,0.2671382243621361,0.0,6.4073808678220985,2.9974935899310826,71.07644437029984
0.973831290478642,0.0,-0.1671359289367911,0.0,0.26726019654607996,0.0,6.409516288768642,2.997413589931081,71.05587737280828
0.9737441916002832,0.0,-0.1671431005918631,0.0,0.2673821075359468,0.0,6.411653072264908,2.9973335899310816,71.03526351091753
0.9736570830676093,0.0,-0.1671502796641812,0.0,0.2675039572868108,0.0,6.413791220990836,2.9972535899310824,71.01460303039367
0.9735699649034548,0.0,-0.16715746624630562,0.0,0.26762574575347664,0.0,6.415930737625996,2.997173589931082,70.99389617726138
0.9734828371308225,0.0,-0.16716466043106928,0.0,0.2677474728904747,0.0,6.418071624849371,2.9970935899310813,70.97314319782093
0.9733956997728871,0.0,-0.16717186231158274,0.0,0.2678691386520617,0.0,6.420213885339501,2.9970135899310812,70.9523443386337
0.9733085528529861,0.0,-0.16717907198122858,0.0,0.2679907429922305,0.0,6.4223575217744395,2.996933589931082,70.93149984653434
0.9732213963946303,0.0,-0.1671862895336707,0.0,0.2681122858646956,0.0,6.42450253683171,2.9968535899310815,70.91060996862026
0.9731342304214996,0.0,-0.1671935150628478,0.0,0.2682337672229019,0.0,6.426648933188279,2.996773589931081,70.8896749522603
0.9730470549574449,0.0,-0.16720074866297902,0.0,0.26835518702001804,0.0,6.42879671352056,2.996693589931081,70.86869504508888
0.9729598700264893,0.0,-0.16720799042856344,0.0,0.26847654520893716,0.0,6.430945880504311,2.9966135899310817,70.84767049501212
0.9728726756528251,0.0,-0.16721524045438102,0.0,0.26859784174228213,0.0,6.433096436814827,2.996533589931081,70.82660155019182
0.9727854718608206,0.0,-0.16722249883549342,0.0,0.26871907657239325,0.0,6.435248385126604,2.9964535899310816,70.805488459078
0.9726982586750157,0.0,-0.16722976566724548,0.0,0.2688402496513382,0.0,6.437401728113589,2.9963735899310815,70.78433147037104
0.9726110361201248,0.0,-0.16723704104526488,0.0,0.2689613609309072,0.0,6.439556468449029,2.996293589931081,70.76313083304375
0.9725238042210371,0.0,-0.16724432506546585,0.0,0.26908241036260916,0.0,6.441712608805457,2.996213589931081,70.74188679633805
0.9724365630028162,0.0,-0.16725161782404693,0.0,0.26920339789767794,0.0,6.443870151854706,2.996133589931081,70.7205996097629
0.9723493124907029,0.0,-0.16725891941749488,0.0,0.2693243234870625,0.0,6.446029100267845,2.996053589931081,70.69926952309768
0.9722620527101125,0.0,-0.1672662299425827,0.0,0.2694451870814387,0.0,6.4481894567152285,2.9959735899310806,70.677896786385
0.9721747836866407,0.0,-0.16727354949637335,0.0,0.269565988631194,0.0,6.450351223866367,2.9958935899310806,70.65648164993524
0.972087505446058,0.0,-0.16728087817621928,0.0,0.2696867280864373,0.0,6.452514404389978,2.9958135899310805,70.63502436433286
0.9720002180143155,0.0,-0.16728821607976369,0.0,0.26980740539699427,0.0,6.45467900095397,2.99573358993108,70.61352518042443
0.9719129214175417,0.0,-0.16729556330494075,0.0,0.2699280205124084,0.0,6.456845016225365,2.9956535899310794,70.59198434932247
0.9718256156820474,0.0,-0.16730291994997895,0.0,0.27004857338193544,0.0,6.459012452870309,2.9955735899310802,70.57040212241255
0.9717383008343206,0.0,-0.16731028611339893,0.0,0.27016906395455015,0.0,6.461181313554055,2.9954935899310806,70.5487787513499
0.9716509769010329,0.0,-0.16731766189401676,0.0,0.2702894921789413,0.0,6.463351600940964,2.99541358993108,70.52711448804467
0.9715636439090366,0.0,-0.16732504739094514,0.0,0.2704098580035071,0.0,6.4655233176943705,2.9953335899310796,70.50540958469377
0.9714763018853683,0.0,-0.16733244270359118,0.0,0.27053016137636265,0.0,6.467696466476672,2.99525358993108,70.48366429374133
0.9713889508572442,0.0,-0.1673398479316623,0.0,0.2706504022453334,0.0,6.469871049949279,2.9951735899310794,70.46187886791826
0.9713015908520679,0.0,-0.16734726317516208,0.0,0.27077058055795716,0.0,6.472047070772544,2.99509358993108,70.44005356021043
0.9712142218966657,0.0,-0.16735468853314284,0.0,0.2708906962641387,0.0,6.474224531637588,2.995013589931076,70.41818862328978
0.9710394572510128,0.0,-0.16736957000278865,0.0,0.27113073962876844,0.0,6.478583783934254,2.994853589931079,70.37434087970873
0.9708646571424163,0.0,-0.16738449314530812,0.0,0.27137053191935456,0.0,6.482948828187148,2.9946935899310794,70.330337666839
0.9706898217990335,0.0,-0.16739945877528203,0.0,0.2716100727007247,0.0,6.487319685598797,2.994533589931079,70.28618102097516
0.9705149514512823,0.0,-0.1674144677109296,0.0,0.27184936153565237,0.0,6.491696377384123,2.9943735899310786,70.24187298212301
0.970340046332617,0.0,-0.16742952077539364,0.0,0.2720883979821837,0.0,6.496078924738047,2.994213589931079,70.19741559456767
0.9701651066795485,0.0,-0.16744461879677186,0.0,0.27232718159361163,0.0,6.500467348834532,2.994053589931079,70.15281090689196
0.969990132731671,0.0,-0.16745976260815068,0.0,0.2725657119184489,0.0,6.504861670825766,2.993893589931078,70.10806097196476
0.9698151247316811,0.0,-0.16747495304763627,0.0,0.2728039885004017,0.0,6.509261911841182,2.993733589931079,70.06316784694614
0.9696400829253977,0.0,-0.16749019095838802,0.0,0.27304201087835017,0.0,6.513668092986727,2.9935735899310782,70.01813359329806
0.9694650075617889,0.0,-0.1675054771886499,0.0,0.27327977858631836,0.0,6.518080235343826,2.993413589931078,69.97296027676423
0.9692898988929917,0.0,-0.16752081259178359,0.0,0.2735172911534493,0.0,6.52249835996848,2.9932535899310784,69.92764996739136
0.9691147571743306,0.0,-0.16753619802630093,0.0,0.2737545481039866,0.0,6.526922487890438,2.9930935899310778,69.88220473952326
0.9689395826643473,0.0,-0.16755163435589598,0.0,0.27399154895723776,0.0,6.5313526401120905,2.992933589931077,69.83662667179446
0.9687643756248169,0.0,-0.16756712244947697,0.0,0.2742282932275609,0.0,6.535788837607653,2.992773589931077,69.79091784714524
0.9685891363207745,0.0,-0.16758266318120152,0.0,0.274464780424327,0.0,6.540231101322059,2.9926135899310777,69.74508035281951
0.9684138650205315,0.0,-0.16759825743050608,0.0,0.2747010100519088,0.0,6.544679452170154,2.992453589931077,69.69911628035464
0.968238561995707,0.0,-0.16761390608214063,0.0,0.2749369816096428,0.0,6.549133911035504,2.9922935899310765,69.65302772559268
0.9680632275212435,0.0,-0.16762961002619997,0.0,0.27517269459180893,0.0,6.553594498769477,2.992133589931077,69.60681678868958
0.967887861875434,0.0,-0.1676453701581579,0.0,0.2754081484876051,0.0,6.558061236190212,2.9919735899310766,69.56048557409777
0.9677124653399396,0.0,-0.16766118737889774,0.0,0.2756433427811235,0.0,6.56253414408158,2.991813589931076,69.51403619057947
0.9675370381998181,0.0,-0.16767706259474693,0.0,0.275878276951321,0.0,6.567013243192099,2.9916535899310754,69.46747075121742
0.9673615807435461,0.0,-0.16769299671750962,0.0,0.2761129504719907,0.0,6.571498554233791,2.991493589931076,69.42079137339572
0.9671860932630357,0.0,-0.16770899066449668,0.0,0.2763473628117505,0.0,6.575990097881337,2.9913335899310765,69.37400017880614
0.9670105760536645,0.0,-0.1677250453585613,0.0,0.27658151343400245,0.0,6.580487894770713,2.991173589931076,69.3270992934791
0.9668350294142984,0.0,-0.16774116172813217,0.0,0.27681540179691005,0.0,6.5849919654981885,2.9910135899310757,69.28009084773203
0.9666594536473121,0.0,-0.1677573407072424,0.0,0.2770490273533771,0.0,6.589502330619169,2.990853589931075,69.23297697622357
0.966483849058611,0.0,-0.16777358323556404,0.0,0.27728238955102097,0.0,6.594019010647079,2.990693589931076,69.18575981793272
0.9663082159576571,0.0,-0.16778989025844246,0.0,0.27751548783214686,0.0,6.598542026052259,2.9905335899310748,69.13844151615272
0.9661325546574968,0.0,-0.16780626272692648,0.0,0.2777483216337145,0.0,6.603071397260574,2.990373589931075,69.09102421849616
0.9659568654747728,0.0,-0.16782270159780158,0.0,0.27798089038732593,0.0,6.607607144652482,2.9902135899310744,69.04351007692064
0.9657811487297595,0.0,-0.16783920783362227,0.0,0.2782131935191875,0.0,6.612149288561628,2.9900535899310743,68.99590124770198
0.9656054047463795,0.0,-0.16785578240274487,0.0,0.27844523045009284,0.0,6.616697849273769,2.9898935899310746,68.94819989145034
0.9654296338522277,0.0,-0.16787242627935897,0.0,0.278677000595393,0.0,6.621252847025428,2.9897335899310744,68.90040817310604
0.9652538363785996,0.0,-0.16788914044352185,0.0,0.278908503364969,0.0,6.625814302002668,2.9895735899310742,68.85252826195844
0.9650780126605117,0.0,-0.16790592588118836,0.0,0.27913973816320947,0.0,6.630382234339851,2.9894135899310745,68.80456233160605
0.9649021630367217,0.0,-0.16792278358424342,0.0,0.2793707043889885,0.0,6.634956664118363,2.989253589931074,68.75651256001649
0.9647262878497596,0.0,-0.16793971455053558,0.0,0.27960140143563067,0.0,6.6395376113652445,2.9890935899310738,68.70838112949036
0.9645503874459457,0.0,-0.16795671978390728,0.0,0.27983182869089407,0.0,6.644125096051911,2.9889335899310727,68.66017022667104
0.9643744621754196,0.0,-0.1679738002942289,0.0,0.2800619855369375,0.0,6.648719138092809,2.9887735899310734,68.61188204254843
0.9641985123921596,0.0,-0.16799095709742784,0.0,0.28029187135030337,0.0,6.653319757344091,2.988613589931073,68.56351877246681
0.9640225384540063,0.0,-0.16800819121552332,0.0,0.28052148550188766,0.0,6.657926973602261,2.9884535899310727,68.51508261611677
0.9638465407226934,0.0,-0.16802550367665633,0.0,0.28075082735691126,0.0,6.662540806602688,2.9882935899310725,68.46657577754436
0.9636705195638623,0.0,-0.16804289551511997,0.0,0.2809798962749026,0.0,6.667161276018308,2.988133589931073,68.41800046516423
0.9634944753470932,0.0,-0.16806036777139366,0.0,0.28120869160966805,0.0,6.671788401458209,2.987973589931072,68.36935889172304
0.9633184084459289,0.0,-0.1680779214921729,0.0,0.28143721270926264,0.0,6.6764222024660675,2.987813589931073,68.32065327435383
0.9631423192378902,0.0,-0.16809555773040089,0.0,0.281665458915979,0.0,6.68106269851894,2.987653589931072,68.27188583454002
0.962966208104514,0.0,-0.16811327754529817,0.0,0.2818934295663041,0.0,6.68570990902549,2.9874935899310726,68.22305879814475
0.9627900754313662,0.0,-0.16813108200239665,0.0,0.2821211239909082,0.0,6.690363853324726,2.9873335899310716,68.1741743953802
0.9626139216080697,0.0,-0.16814897217356634,0.0,0.28234854151461614,0.0,6.6950245506844235,2.987173589931072,68.12523486084918
0.96243774702833,0.0,-0.16816694913705058,0.0,0.2825756814563807,0.0,6.699692020299629,2.9870135899310712,68.07624243351702
0.9622615520899575,0.0,-0.1681850139774923,0.0,0.28280254312926045,0.0,6.704366281291057,2.9868535899310706,68.02719935671473
0.9620853371948936,0.0,-0.16820316778596717,0.0,0.283029125840392,0.0,6.709047352703556,2.986693589931072,67.97810787817865
0.9619091027492305,0.0,-0.16822141166001214,0.0,0.28325542889097527,0.0,6.713735253504647,2.9865335899310708,67.92897025000524
0.9617328491632406,0.0,-0.1682397467036558,0.0,0.28348145157623783,0.0,6.718430002582776,2.9863735899310706,67.87978872867747
0.9615565768513986,0.0,-0.16825817402744803,0.0,0.28370719318541676,0.0,6.723131618745754,2.9862135899310713,67.83056557506947
0.9613802862324037,0.0,-0.16827669474849163,0.0,0.28393265300173703,0.0,6.727840120719216,2.9860535899310703,67.7813030544371
0.9612039777292097,0.0,-0.16829530999046857,0.0,0.28415783030238034,0.0,6.7325555271448305,2.9858935899310706,67.73200343641953
0.9610276517690407,0.0,-0.1683140208836697,0.0,0.2843827243584711,0.0,6.737277856578715,2.9857335899310704,67.68266899507222
0.9608513087834224,0.0,-0.16833282856502624,0.0,0.2846073344350479,0.0,6.742007127489828,2.98557358993107,67.63330200881624
0.9606749492082034,0.0,-0.16835173417813556,0.0,0.28483165979103836,0.0,6.746743358258068,2.9854135899310705,67.58390476049344
0.9604985734835795,0.0,-0.1683707388732914,0.0,0.28505569967924277,0.0,6.751486567172772,2.98525358993107,67.53447953732388
0.9603221820541178,0.0,-0.16838984380751162,0.0,0.2852794533463047,0.0,6.756236772430808,2.9850935899310698,67.48502863094517
0.9601457753687803,0.0,-0.1684090501445652,0.0,0.28550292003269706,0.0,6.760993992134991,2.984933589931069,67.43555433739378
0.9599693538809501,0.0,-0.16842835905500222,0.0,0.2857260989726878,0.0,6.765758244292081,2.9847735899310694,67.38605895710255
0.959792918048453,0.0,-0.16844777171617953,0.0,0.28594898939432806,0.0,6.770529546811196,2.9846135899310693,67.33654479492169
0.959616468333582,0.0,-0.1684672893122878,0.0,0.2861715905194282,0.0,6.775307917501931,2.9844535899310696,67.28701416011525
0.9594400052031222,0.0,-0.16848691303438015,0.0,0.28639390156353317,0.0,6.780093374072489,2.98429358993107,67.23746936633472
0.9592635291283728,0.0,-0.16850664408039634,0.0,0.2866159217359062,0.0,6.784885934127895,2.984133589931068,67.18791273167322
0.9590870405851766,0.0,-0.168526483655192,0.0,0.2868376502394967,0.0,6.789685615167984,2.9839735899310686,67.13834657862513
0.958910540053934,0.0,-0.16854643297056157,0.0,0.28705908627093757,0.0,6.7944924345857665,2.9838135899310685,67.08877323408923
0.9587340280196353,0.0,-0.16856649324526526,0.0,0.2872802290205083,0.0,6.799306409665265,2.9836535899310683,67.03919502942054
0.9585575049718795,0.0,-0.168586665705056,0.0,0.2875010776721237,0.0,6.8041275575797835,2.983493589931068,66.9896143003592
0.9583809714049019,0.0,-0.16860695158270161,0.0,0.2877216314033104,0.0,6.808955895389826,2.983333589931068,66.94003338707078
0.9582044278175953,0.0,-0.16862735211801158,0.0,0.28794188938518606,0.0,6.8137914400411494,2.983173589931068,66.89045463415668
0.9580278747135316,0.0,-0.16864786855786068,0.0,0.2881618507824453,0.0,6.818634208362896,2.9830135899310672,66.8408803906396
0.95785131260099,0.0,-0.16866850215621113,0.0,0.2883815147533347,0.0,6.823484217065399,2.982853589931068,66.79131300995526
0.9576747419929733,0.0,-0.16868925417413969,0.0,0.2886008804496401,0.0,6.828341482738384,2.982693589931068,66.74175484999014
0.9574981634072403,0.0,-0.1687101258798567,0.0,0.2888199470166635,0.0,6.833206021848733,2.9825335899310668,66.6922082730316
0.9573215773663218,0.0,-0.16873111854873388,0.0,0.2890387135932029,0.0,6.838077850738482,2.982373589931067,66.64267564581998
0.9571449843975455,0.0,-0.16875223346332055,0.0,0.2892571793115428,0.0,6.8429569856227666,2.9822135899310673,66.59315933950961
0.9569683850330578,0.0,-0.1687734719133702,0.0,0.2894753432974331,0.0,6.847843442587788,2.9820535899310667,66.54366172970275
0.9567917798098522,0.0,-0.1687948351958605,0.0,0.2896932046700663,0.0,6.852737237588467,2.9818935899310666,66.49418519640064
0.9566151692697858,0.0,-0.1688163246150139,0.0,0.2899107625420682,0.0,6.85763838644653,2.981733589931067,66.44473212406545
0.9564385539596022,0.0,-0.16883794148231795,0.0,0.29012801601948324,0.0,6.862546904848284,2.981573589931066,66.39530490157912
0.9562619344309571,0.0,-0.16885968711654617,0.0,0.29034496420174943,0.0,6.8674628083423395,2.981413589931066,66.34590592229277
0.956085311240442,0.0,-0.1688815628437781,0.0,0.29056160618169175,0.0,6.872386112337556,2.9812535899310655,66.29653758390745
0.955908684949599,0.0,-0.16890356999741626,0.0,0.29077794104550336,0.0,6.8773168321006795,2.9810935899310658,66.24720228864047
0.9557320561249512,0.0,-0.16892570991820713,0.0,0.2909939678727313,0.0,6.882254982754224,2.980933589931066,66.19790244310563
0.955555425338018,0.0,-0.16894798395425772,0.0,0.2912096857362656,0.0,6.887200579274192,2.9807735899310654,66.14864045835976
0.9553787931653428,0.0,-0.16897039346105377,0.0,0.29142509370231934,0.0,6.892153636487687,2.9806135899310657,66.09941874987699
0.9552021601885108,0.0,-0.16899293980147695,0.0,0.2916401908304199,0.0,6.897114169070684,2.9804535899310656,66.05023973757285
0.9550255269941695,0.0,-0.16901562434581963,0.0,0.2918549761733997,0.0,6.902082191545844,2.980293589931065,66.0011058457938
0.9548488941740547,0.0,-0.16903844847180363,0.0,0.2920694487773757,0.0,6.907057718279917,2.9801335899310644,65.95201950332017
0.9546722623250077,0.0,-0.16906141356459337,0.0,0.292283607681741,0.0,6.91204076348151,2.9799735899310646,65.90298314336134
0.954495632048996,0.0,-0.16908452101681057,0.0,0.2924974519191614,0.0,6.917031341198824,2.979813589931064,65.85399920353716
0.954319003953137,0.0,-0.1691077722285496,0.0,0.2927109805155505,0.0,6.922029465316999,2.9796535899310643,65.8050701259323
0.9541423786497165,0.0,-0.16913116860739053,0.0,0.29292419249007234,0.0,6.927035149555978,2.9794935899310646,65.75619835702146
0.9539657567562084,0.0,-0.16915471156841103,0.0,0.29313708685512635,0.0,6.932048407467851,2.979333589931064,65.70738634770758
0.9537891388952993,0.0,-0.1691784025342004,0.0,0.2933496626163338,0.0,6.937069252434436,2.979173589931064,65.65863655332764
0.9536125256949007,0.0,-0.16920224293486844,0.0,0.2935619187725421,0.0,6.94209769766493,2.9790135899310632,65.60995143362808
0.953435917788175,0.0,-0.16922623420805905,0.0,0.2937738543158038,0.0,6.947133756193268,2.978853589931063,65.56133345279596
0.9532593158135557,0.0,-0.16925037779895938,0.0,0.293985468231376,0.0,6.952177440875657,2.9786935899310634,65.5127850793943
0.9530827204147605,0.0,-0.1692746751603092,0.0,0.2941967594977132,0.0,6.957228764388069,2.9785335899310637,65.46430878640949
0.9529061322408146,0.0,-0.16929912775240888,0.0,0.29440772708646235,0.0,6.962287739223665,2.9783735899310626,65.41590705126298
0.9527295519460703,0.0,-0.16932373704312864,0.0,0.2946183699624529,0.0,6.967354377690152,2.9782135899310624,65.36758235575925
0.952552980190224,0.0,-0.1693485045079171,0.0,0.2948286870836948,0.0,6.972428691907318,2.9780535899310627,65.31933718608903
0.9523764176383334,0.0,-0.169373431629803,0.0,0.29503867740137824,0.0,6.977510693804309,2.9778935899310635,65.27117403288551
0.9521998649608358,0.0,-0.1693985198994069,0.0,0.29524833985986587,0.0,6.9826003951171,2.977733589931062,65.22309539113294
0.952023322833572,0.0,-0.169423770814943,0.0,0.29545767339668483,0.0,6.987697807385632,2.977573589931062,65.17510376021143
0.9518467919377928,0.0,-0.16944918588222224,0.0,0.2956666769425391,0.0,6.992802941951431,2.9774135899310616,65.12720164392795
0.9516702729601839,0.0,-0.16947476661465888,0.0,0.29587534942129645,0.0,6.997915809954758,2.9772535899310615,65.07939155040566
0.9514937665928814,0.0,-0.16950051453327067,0.0,0.2960836897499903,0.0,7.003036422331843,2.977093589931062,65.03167599220049
0.9513172735334869,0.0,-0.16952643116668173,0.0,0.29629169683882295,0.0,7.008164789812311,2.9769335899310625,64.98405748619335
0.9511407944850839,0.0,-0.16955251805112134,0.0,0.2964993695911663,0.0,7.013300922916347,2.9767735899310606,64.93653855366618
0.9509643301562583,0.0,-0.16957877673042762,0.0,0.296706706903555,0.0,7.018444831951855,2.9766135899310617,64.88912172022873
0.9507878812611062,0.0,-0.16960520875604274,0.0,0.29691370766570346,0.0,7.023596527011874,2.976453589931061,64.84180951584061
0.9506114485192542,0.0,-0.1696318156870136,0.0,0.29712037076049613,0.0,7.028756017971594,2.9762935899310614,64.79460447485167
0.9504350326558733,0.0,-0.16965859908998662,0.0,0.29732669506400233,0.0,7.033923314485676,2.976133589931061,64.74750913591596
0.9502586344016943,0.0,-0.16968556053920772,0.0,0.29753267944547,0.0,7.0390984259852845,2.9759735899310606,64.70052604199557
0.9500822544930216,0.0,-0.1697127016165146,0.0,0.2977383227673395,0.0,7.044281361675316,2.9758135899310605,64.6536577404188
0.9499058936717448,0.0,-0.1697400239113305,0.0,0.2979436238852493,0.0,7.049472130531512,2.9756535899310603,64.60690678282064
0.9497295526853559,0.0,-0.1697675290206609,0.0,0.29814858164804076,0.0,7.05467074129759,2.9754935899310597,64.5602757251258
0.9495532322869593,0.0,-0.16979521854908255,0.0,0.29835319489776807,0.0,7.059877202482276,2.97533358993106,64.51376712756166
0.9493769332352872,0.0,-0.16982309410873767,0.0,0.29855746246970627,0.0,7.065091522356445,2.97517358993106,64.46738355465145
0.9492006562947086,0.0,-0.16985115731932054,0.0,0.298761383192365,0.0,7.070313708950144,2.9750135899310597,64.42112757521728
0.9490244022352454,0.0,-0.1698794098080714,0.0,0.29896495588749294,0.0,7.075543770049642,2.97485358993106,64.37500176230289
0.9488481718325791,0.0,-0.1699078532097598,0.0,0.2991681793700983,0.0,7.0807817131945,2.9746935899310594,64.32900869325573
0.9486719658680656,0.0,-0.1699364891666746,0.0,0.2993710524484557,0.0,7.0860275456745,2.9745335899310597,64.28315094964168
0.9484957851287457,0.0,-0.1699653193286105,0.0,0.2995735739241191,0.0,7.091281274526681,2.9743735899310595,64.23743111729087
0.9483196304073519,0.0,-0.16999434535285002,0.0,0.2997757425919439,0.0,7.096542906532379,2.974213589931058,64.19185178623302
0.948143502502322,0.0,-0.1700235689041496,0.0,0.2999775572400934,0.0,7.101812448214028,2.9740535899310587,64.14641555074752
0.9479674022178047,0.0,-0.17005299165472043,0.0,0.3001790166500662,0.0,7.1070899058323445,2.973893589931059,64.10112500929635
0.9477913303636722,0.0,-0.17008261528421176,0.0,0.30038011959670474,0.0,7.112375285383041,2.9737335899310593,64.05598276451403
0.9476152877555232,0.0,-0.17011244147968907,0.0,0.30058086484822305,0.0,7.117668592593932,2.9735735899310582,64.01099142323756
0.9474392752146992,0.0,-0.17014247193561355,0.0,0.3007812511662152,0.0,7.12296983292158,2.973413589931058,63.966153596466455
0.9472632935682818,0.0,-0.17017270835382114,0.0,0.3009812773056897,0.0,7.128279011548528,2.973253589931058,63.921471899325574
0.947087343649107,0.0,-0.17020315244349718,0.0,0.30118094201508133,0.0,7.133596133379886,2.973093589931058,63.87694895110008
0.9469114262957674,0.0,-0.17023380592115162,0.0,0.3013802440362833,0.0,7.138921203040378,2.972933589931057,63.832587375173205
0.9467355423526187,0.0,-0.17026467051059543,0.0,0.3015791821046628,0.0,7.144254224871098,2.972773589931057,63.788389799051714
0.946559692669788,0.0,-0.17029574794290955,0.0,0.30177775494909165,0.0,7.149595202926308,2.9726135899310577,63.74435885432037
0.9463838781031707,0.0,-0.17032703995641962,0.0,0.3019759612919763,0.0,7.154944140970489,2.972453589931057,63.700497176631195
0.9462080995144446,0.0,-0.17035854829666255,0.0,0.30217379984927845,0.0,7.160301042474856,2.9722935899310574,63.656807405680254
0.9460323577710649,0.0,-0.1703902747163589,0.0,0.3023712693305488,0.0,7.165665910614383,2.9721335899310573,63.613292185234585
0.9458566537462727,0.0,-0.17042222097537607,0.0,0.30256836843895646,0.0,7.171038748264452,2.971973589931057,63.569954163024306
0.9456809883190933,0.0,-0.17045438884069808,0.0,0.3027650958713207,0.0,7.176419557997776,2.971813589931057,63.526795990824816
0.9455053623743395,0.0,-0.17048678008638704,0.0,0.30296145031814337,0.0,7.181808342080999,2.9716535899310563,63.48382032439102
0.945329776802615,0.0,-0.170519396493546,0.0,0.3031574304636437,0.0,7.187205102471599,2.971493589931056,63.44102982339201
0.9451542325003104,0.0,-0.17055223985028442,0.0,0.30335303498579136,0.0,7.192609840814558,2.9713335899310565,63.398427151502574
0.944978730369605,0.0,-0.17058531195167356,0.0,0.3035482625563493,0.0,7.198022558439186,2.9711735899310554,64.60128644001873
0.9448032713184702,0.0,-0.1706186145997074,0.0,0.30374311184090047,0.0,7.203443256355678,2.9710135899310566,66.37731524347316
0.9446278562606567,0.0,-0.17065214960325975,0.0,0.30393758149890243,0.0,7.208871935252119,2.970853589931055,67.41876381871151
0.9444524861157065,0.0,-0.1706859187780396,0.0,0.30413167018371057,0.0,7.2143085954908655,2.9706935899310554,68.22072191371605
0.9442771618089396,0.0,-0.1707199239465449,0.0,0.30432537654263486,0.0,7.219753237105535,2.970533589931055,68.8873204647157
0.9441018842714544,0.0,-0.1707541669380153,0.0,0.30451869921697583,0.0,7.225205859797587,2.970373589931055,69.46242238312225
0.9439266544401237,0.0,-0.17078864958838352,0.0,0.30471163684206803,0.0,7.230666462932952,2.9702135899310553,69.96952160665936
0.9437514732575891,0.0,-0.1708233737402237,0.0,0.3049041880473324,0.0,7.236135045538885,2.9700535899310547,70.42297957183663
0.9435763416722548,0.0,-0.17085834124270083,0.0,0.3050963514563166,0.0,7.2416116063004985,2.9698935899310546,70.83235389357004
0.9434012606382824,0.0,-0.17089355395151512,0.0,0.305288125686748,0.0,7.24709614355752,2.9697335899310544,71.20439583686766
0.9432262311147628,0.0,-0.17092901372751962,0.0,0.30547950935298696,0.0,7.252588655311372,2.9695735899310622,71.54408989256432
0.9428763304723441,0.0,-0.17100068196984758,0.0,0.3058610993977601,0.0,7.263597592447493,2.9692535899310544,72.14084606536383
0.9425266475364982,0.0,-0.17107336099054793,0.0,0.3062411103800867,0.0,7.27463839456692,2.968933589931054,72.64455000143973
0.9421771901934142,0.0,-0.1711470659156513,0.0,0.3066195309909418,0.0,7.285711032692942,2.968613589931054,73.0697221629822
0.9418279664195024,0.0,-0.1712218119676438,0.0,0.30699634983671165,0.0,7.296815471959423,2.9682935899310547,73.42656784085781
0.9414789842817968,0.0,-0.17129761446461036,0.0,0.307371555438759,0.0,7.3079516714934245,2.9679735899310553,73.72257296386158
0.9411302519374841,0.0,-0.17137448881793485,0.0,0.30774513623549576,0.0,7.319119584308399,2.9676535899310545,73.96340391218672
0.9407817776333781,0.0,-0.1714524505298828,0.0,0.3081170805845541,0.0,7.330319157197474,2.9673335899310556,74.15344946835097
0.9404335697053328,0.0,-0.17153151519106885,0.0,0.3084873767650689,0.0,7.3415503306271885,2.9670135899310544,74.29616408321345
0.9400856365776056,0.0,-0.17161169847780017,0.0,0.308856012980054,0.0,7.352813038631198,2.9666935899310554,74.3942938111276
0.9397379867621498,0.0,-0.1716930161493023,0.0,0.30922297735890275,0.0,7.364107208704907,2.9663735899310555,74.45002925095574
0.9393906288578603,0.0,-0.1717754840448171,0.0,0.30958825795997713,0.0,7.375432761700025,2.966053589931055,74.46511092619409
0.9390435715497459,0.0,-0.17185911808057733,0.0,0.30995184277332455,0.0,7.386789611720218,2.9657335899310553,74.44090225351455
0.9386968236080456,0.0,-0.17194393424665488,0.0,0.3103137197234973,0.0,7.398177666017334,2.965413589931056,74.37843936523237
0.9383503938872733,0.0,-0.1720299486036771,0.0,0.3106738766724911,0.0,7.4095968248885,2.9650935899310555,74.27846347487022
0.9380042913252069,0.0,-0.17211717727941722,0.0,0.3110323014227862,0.0,7.4210469815739275,2.964773589931056,74.14143917232487
0.9376585249417985,0.0,-0.17220563646524928,0.0,0.311388981720526,0.0,7.432528022156281,2.9644535899310562,73.96756040632786
0.9373131038380239,0.0,-0.17229534241247382,0.0,0.3117439052587887,0.0,7.444039825460704,2.9641335899310564,73.75674461847956
0.936968037194666,0.0,-0.1723863114285085,0.0,0.3120970596809883,0.0,7.455582262956418,2.9638135899310565,73.50861426442867
0.9366233342710132,0.0,-0.17247855987294122,0.0,0.3124484325844028,0.0,7.467155198659787,2.963493589931057,73.22246357719473
0.9362790044035016,0.0,-0.1725721041534529,0.0,0.312798011523802,0.0,7.478758489038752,2.9631735899310567,72.89720659674116
0.9359350570042796,0.0,-0.1726669607215992,0.0,0.3131457840152108,0.0,7.490391982918961,2.9628535899310564,72.53129978129058
0.9355915015596905,0.0,-0.17276314606845564,0.0,0.31349173753979126,0.0,7.502055521391933,2.9625335899310574,72.12262817522873
0.935248347628694,0.0,-0.17286067672013067,0.0,0.31383585954783905,0.0,7.51374893772487,2.962213589931057,71.66833669196572
0.9349056048412021,0.0,-0.17295956923313052,0.0,0.31417813746290973,0.0,7.525472057272724,2.961893589931057,71.16457469854538
0.9345632828963438,0.0,-0.1730598401895965,0.0,0.3145185586860582,0.0,7.537224697392301,2.961573589931058,70.60609646029447
0.9342213915606448,0.0,-0.17316150619239873,0.0,0.3148571106002132,0.0,7.54900666735912,2.9612535899310575,69.9856074690226
0.9338799406661431,0.0,-0.1732645838600911,0.0,0.31519378057465414,0.0,7.560817768286117,2.960933589931057,69.29262965596058
0.9335389401084148,0.0,-0.17336908982173416,0.0,0.31552855596962726,0.0,7.572657793045619,2.9606135899310577,68.51136893669815
0.933198399844518,0.0,-0.17347504071157535,0.0,0.31586142414107427,0.0,7.584526526193783,2.9602935899310574,67.61624432848947
0.9328583298908733,0.0,-0.1735824531635963,0.0,0.31619237244547804,0.0,7.596423743897915,2.959973589931058,66.56087331672911
0.9325187403210439,0.0,-0.1736913438059228,0.0,0.3165213882448385,0.0,7.608349213867131,2.9596535899310576,65.24260044197304
0.9321796412634487,0.0,-0.17380172925510498,0.0,0.3168484589117562,0.0,7.620302695286072,2.9593335899310578,63.29419463388849
0.9318410428989937,0.0,-0.17391362611025832,0.0,0.31717357183463724,0.0,7.632283938751884,2.9590135899310583,60.89816797122665
0.9315029554586145,0.0,-0.17402705094707976,0.0,0.3174967144230152,0.0,7.644292686215084,2.9586935899310585,60.85962447457847
0.9311653892207461,0.0,-0.1741420203117303,0.0,0.3178178741129865,0.0,7.656328670923738,2.958373589931059,60.82272290593285
0.9308283545087075,0.0,-0.17425855071459248,0.0,0.31813703837275903,0.0,7.668391617371773,2.9580535899310587,60.7874859949627
0.9304918616880072,0.0,-0.17437665862390223,0.0,0.31845419470830993,0.0,7.680481241251113,2.9577335899310584,60.75393645891819
0.9301559211635716,0.0,-0.1744963604592574,0.0,0.3187693306691478,0.0,7.6925972494078385,2.9574135899310585,60.72209699932253
0.9298205433768799,0.0,-0.17461767258501013,0.0,0.3190824338541958,0.0,7.704739339803157,2.957093589931059,60.691990298499015
0.92948573880304,0.0,-0.17474061130353735,0.0,0.3193934919177576,0.0,7.716907201478091,2.956773589931059,60.66363901612355
0.9291515179477636,0.0,-0.17486519284840094,0.0,0.3197024925756029,0.0,7.729100514523411,2.956453589931059,60.637065785711776
0.9288178913442833,0.0,-0.1749914333773985,0.0,0.3200094236111346,0.0,7.741318950053851,2.956133589931059,60.612293210858866
0.9284848695501767,0.0,-0.17511934896550596,0.0,0.3203142728816617,0.0,7.75356217018746,2.95581358993106,60.58934386155345
0.928152463144118,0.0,-0.1752489555977212,0.0,0.32061702832475947,0.0,7.765829828030029,2.95549358993106,60.56824027039271
0.9278206827225597,0.0,-0.17538026916180477,0.0,0.32091767796471304,0.0,7.778121567664425,2.9551735899310594,60.54900492871524
0.9274895388963352,0.0,-0.17551330544093308,0.0,0.3212162099190473,0.0,7.790437024145487,2.95485358993106,60.53166028257148
0.9271590422871878,0.0,-0.1756480801062586,0.0,0.3215126124051374,0.0,7.802775823500274,2.9545335899310605,60.51622872875246
0.9268292035242268,0.0,-0.17578460870939164,0.0,0.3218068737468919,0.0,7.815137582734033,2.95421358993106,60.50273261059017
0.9265000332403263,0.0,-0.1759229066747975,0.0,0.3220989823814982,0.0,7.827521909841445,2.9538935899310603,60.49119421386042
0.9261715420684322,0.0,-0.17606298929213032,0.0,0.32238892686624915,0.0,7.839928403824422,2.9535735899310605,60.48163576247962
0.925843740637828,0.0,-0.17620487170848873,0.0,0.322676695885415,0.0,7.8523566547151695,2.953253589931061,60.47407941416043
0.9255166395703224,0.0,-0.17634856892062484,0.0,0.32296227825717183,0.0,7.864806243605711,2.9529335899310603,60.46854725596645
0.9251902494763747,0.0,-0.1764940957670868,0.0,0.32324566294058665,0.0,7.877276742683494,2.9526135899310604,60.46506129999388
0.9248645809511665,0.0,-0.17664146692032257,0.0,0.3235268390426362,0.0,7.889767715273224,2.9522935899310614,60.46364347867175
0.9245396445706147,0.0,-0.1767906968787401,0.0,0.3238057958252673,0.0,7.902278715885218,2.9519735899310615,60.46431564018524
0.9242154508873243,0.0,-0.17694179995873377,0.0,0.3240825227124878,0.0,7.914809290270084,2.9516535899310608,60.467099543903885
0.9238920104264996,0.0,-0.1770947902866855,0.0,0.32435700929747724,0.0,7.92735897547997,2.9513335899310613,60.47201685552037
0.9235693336817924,0.0,-0.17724968179094994,0.0,0.32462924534972387,0.0,7.939927299936637,2.951013589931062,60.47908914237427
0.9232474311111213,0.0,-0.1774064881938245,0.0,0.32489922082215955,0.0,7.952513783505938,2.950693589931062,60.488337868589255
0.9229263131324326,0.0,-0.17756522300352076,0.0,0.32516692585831214,0.0,7.965117937579333,2.9503735899310612,60.499784390116105
0.9226059901194328,0.0,-0.17772589950613887,0.0,0.32543235079944094,0.0,7.9777392651619055,2.9500535899310627,60.51344994989735
0.9222864723972748,0.0,-0.17788853075766148,0.0,0.3256954861916756,0.0,7.990377260967861,2.9497335899310615,60.529355672726105
0.9219677702382213,0.0,-0.17805312957596098,0.0,0.3259563227931207,0.0,8.00303141152204,2.9494135899310616,60.54752256044987
0.9216498938572796,0.0,-0.17821970853284613,0.0,0.3262148515809438,0.0,8.015701195269036,2.9490935899310617,60.56797148656272
0.9213328534077954,0.0,-0.1783882799461473,0.0,0.32647106375843143,0.0,8.028386082689131,2.9487735899310628,60.59072319146246
0.9210166589770453,0.0,-0.1785588558718487,0.0,0.3267249507619943,0.0,8.04108553642097,2.948453589931063,60.61579827700153
0.9207013205818022,0.0,-0.1787314480962818,0.0,0.326976504268129,0.0,8.05379901139139,2.9481335899310626,60.64321720151893
0.9203868481638879,0.0,-0.17890606812838283,0.0,0.32722571620031965,0.0,8.066525954952073,2.9478135899310627,60.67300027452947
0.9200732515857207,0.0,-0.17908272719203258,0.0,0.3274725787358702,0.0,8.079265807023177,2.947493589931063,60.70516765147457
0.9197605406258511,0.0,-0.1792614362184783,0.0,0.3277170843126678,0.0,8.09201800024385,2.947173589931063,60.73973932862447
0.9194487249745062,0.0,-0.17944220583885323,0.0,0.32795922563585816,0.0,8.10478196012952,2.946853589931063,60.77673513765541
0.9191378142291335,0.0,-0.17962504637680146,0.0,0.3281989956844287,0.0,8.117557105236042,2.9465335899310636,60.816174740492706
0.9188278178899539,0.0,-0.1798099678412186,0.0,0.3284363877176964,0.0,8.13034284733052,2.9462135899310637,60.85807762398548
0.9185187453555266,0.0,-0.17999697991911462,0.0,0.3286713952816828,0.0,8.143138591568814,2.9458935899310643,60.902463094699435
0.918210605918341,0.0,-0.18018609196861482,0.0,0.32890401221537113,0.0,8.15594373667949,2.945573589931063,60.949350273497416
0.9179034087604201,0.0,-0.18037731301209767,0.0,0.3291342326568422,0.0,8.168757675154273,2.9452535899310637,60.998758090457734
0.9175971629489565,0.0,-0.18057065172949432,0.0,0.3293620510492731,0.0,8.181579793444905,2.9449335899310642,61.05070527948753
0.9172918774319824,0.0,-0.18076611645174376,0.0,0.32958746214679696,0.0,8.194409472166258,2.944613589931064,61.10521037315021
0.9169875610340761,0.0,-0.1809637151544207,0.0,0.32981046102020684,0.0,8.207246086305236,2.9442935899310645,61.16229169744207
0.9166842224521117,0.0,-0.1811634554515466,0.0,0.3300310430625045,0.0,8.22008900543587,2.9439735899310637,61.22196736661027
0.9163818702510526,0.0,-0.18136534458958734,0.0,0.3302492039942854,0.0,8.232937593940303,2.9436535899310643,61.28425527789756
0.9160805128597973,0.0,-0.18156938944165174,0.0,0.33046493986894354,0.0,8.245791211234907,2.9433335899310644,61.34917310671232
0.9157801585670893,0.0,-0.18177559650189618,0.0,0.33067824707769666,0.0,8.258649212002451,2.9430135899310645,61.416738301139965
0.9154808155174796,0.0,-0.1819839718801436,0.0,0.33088912235442264,0.0,8.271510946428974,2.9426935899310642,61.4869680772699
0.9151824917073595,0.0,-0.1821945212967279,0.0,0.33109756278029795,0.0,8.28437576044603,2.9423735899310643,61.55987941399011
0.9148851949810674,0.0,-0.1824072500775689,0.0,0.3313035657882287,0.0,8.297242995977612,2.942053589931065,61.63548904816583
0.914588933027064,0.0,-0.1826221631494882,0.0,0.33150712916707803,0.0,8.310111991191814,2.9417335899310655,61.71381346976015
0.9142937133741952,0.0,-0.1828392650357706,0.0,0.3317082510656661,0.0,8.322982080756768,2.9414135899310647,61.79486891710557
0.9139995433880397,0.0,-0.18305855985197747,0.0,0.3319069299965527,0.0,8.335852596100716,2.9410935899310657,61.878671371951405
0.9137064302673401,0.0,-0.18328005130202554,0.0,0.3321031648395874,0.0,8.348722865676127,2.9407735899310654,61.965236555120725
0.9134143810405342,0.0,-0.1835037426745281,0.0,0.3322969548452196,0.0,8.361592215227297,2.940453589931066,62.05457992174681
0.9131234025623829,0.0,-0.18372963683941324,0.0,0.3324882996375733,0.0,8.374459968061457,2.9401335899310648,62.146716656782885
0.9128335015106972,0.0,-0.18395773624481573,0.0,0.332677199217269,0.0,8.387325445322814,2.939813589931066,62.24166167084098
0.9125446843831775,0.0,-0.18418804291426122,0.0,0.3328636539639962,0.0,8.400187966269788,2.9394935899310655,62.33942959555904
0.912256957494359,0.0,-0.1844205584441303,0.0,0.3330476646388276,0.0,8.41304684855428,2.9391735899310665,62.44003477966566
0.91197032697267,0.0,-0.1846552840014227,0.0,0.3332292323862761,0.0,8.425901408503695,2.938853589931066,62.54349128478669
0.9116847987576137,0.0,-0.18489222032181798,0.0,0.33340835873608105,0.0,8.438750961404626,2.938533589931066,62.649812881520724
0.9114003785970672,0.0,-0.18513136770803285,0.0,0.3335850456047316,0.0,8.451594821788227,2.9382135899310664,62.75901304550506
0.911117072044704,0.0,-0.1853727260284903,0.0,0.3337592952967179,0.0,8.46443230371715,2.9378935899310665,62.87110495371759
0.9108348844575451,0.0,-0.1856162947162919,0.0,0.3339311105055073,0.0,8.477262721073371,2.937573589931066,62.98610148081758
0.910553820993644,0.0,-0.18586207276849617,0.0,0.3341004943142455,0.0,8.490085387846639,2.9372535899310668,63.104015195702324
0.9102738866099009,0.0,-0.18611005874571612,0.0,0.33426745019617826,0.0,8.5028996184237,2.936933589931067,63.22485835807629
0.9099950860600106,0.0,-0.18636025077202173,0.0,0.3344319820148014,0.0,8.515704727877342,2.9366135899310666,63.348642915238955
0.909717423892559,0.0,-0.1866126465351587,0.0,0.334594094023717,0.0,8.528500032255291,2.936293589931067,63.47538049901317
0.9094409044492453,0.0,-0.186867243287082,0.0,0.3347537908662253,0.0,8.541284848868786,2.9359735899310673,63.605082422734945
0.9091655318632601,0.0,-0.1871240378447983,0.0,0.3349110775746238,0.0,8.554058496580003,2.935653589931068,63.73775967841522
0.9088913100577957,0.0,-0.18738302659152747,0.0,0.3350659595692325,0.0,8.566820296088647,2.9353335899310675,63.873422934220606
0.9086182427447126,0.0,-0.18764420547816743,0.0,0.3352184426571382,0.0,8.579569570216876,2.9350135899310676,64.01208253170894
0.9083463334233455,0.0,-0.18790757002507422,0.0,0.3353685330306609,0.0,8.592305644192498,2.9346935899310673,64.15374848372792
0.9080755853794582,0.0,-0.18817311532415046,0.0,0.33551623726554264,0.0,8.605027845930252,2.934373589931068,64.29843047196718
0.9078060016843489,0.0,-0.18844083604123205,0.0,0.3356615623188671,0.0,8.617735506310442,2.9340535899310685,64.44613784503315
0.9075375851941049,0.0,-0.1887107264187843,0.0,0.33580451552670015,0.0,8.630427959455123,2.933733589931068,64.59687961655116
0.9072703385490062,0.0,-0.18898278027888948,0.0,0.33594510460146715,0.0,8.64310454300114,2.933413589931068,64.75066446324628
0.9070042641730751,0.0,-0.18925699102653384,0.0,0.33608333762906445,0.0,8.655764598370085,2.9330935899310684,64.90750072366427
0.9067393642737833,0.0,-0.18953335165318072,0.0,0.3362192230657064,0.0,8.668407471034564,2.932773589931069,65.06739639649189
0.9064756408419015,0.0,-0.1898118547406306,0.0,0.336352769734519,0.0,8.681032510780762,2.932453589931068,65.23035913942375
0.9062130956515007,0.0,-0.19009249246515456,0.0,0.3364839868218777,0.0,8.693639071966654,2.9321335899310688,65.39639626804174
0.9059517302601016,0.0,-0.19037525660191276,0.0,0.33661288387349786,0.0,8.706226513776329,2.9318135899310693,65.56551475492809
0.9056915460089706,0.0,-0.19066013852962807,0.0,0.3367394707902854,0.0,8.718794200469295,2.9314935899310695,65.73772122878286
0.9054325440235593,0.0,-0.19094712923552776,0.0,0.3368637578239465,0.0,8.731341501625108,2.9311735899310687,65.91302197403847
0.9051747252140951,0.0,-0.19123621932053547,0.0,0.33698575557236804,0.0,8.743867792382888,2.930853589931069,66.09142293022587
0.9049180902763083,0.0,-0.19152739900471114,0.0,0.3371054749747755,0.0,8.756372453675512,2.93053358993107,66.2729296918484
0.9046626396923001,0.0,-0.19182065813293364,0.0,0.33722292730666814,0.0,8.768854872458412,2.93021358993107,66.4575475082267
0.9044083737315554,0.0,-0.1921159861808058,0.0,0.3373381241745475,0.0,8.78131444193239,2.929893589931069,66.64528128362738
0.9041552924520894,0.0,-0.19241337226078983,0.0,0.3374510775104383,0.0,8.793750561760744,2.9295735899310693,66.83613557732153
0.9039033957017245,0.0,-0.19271280512855432,0.0,0.33756179956621457,0.0,8.806162638280096,2.9292535899310703,67.03011460432795
0.9036526831195036,0.0,-0.19301427318953102,0.0,0.3376703029077378,0.0,8.818550084705246,2.92893358993107,67.22722223557199
0.9034031541372389,0.0,-0.1933177645056583,0.0,0.33777660040880714,0.0,8.830912321327048,2.9286135899310706,67.42746199879485
0.9031548079811698,0.0,-0.19362326680232503,0.0,0.3378807052449474,0.0,8.8432487757043,2.9282935899310707,67.63083707948981
0.9029076436737601,0.0,-0.1939307674754839,0.0,0.33798263088702124,0.0,8.855558882848458,2.9279735899310704,67.83735032187803
0.9026616600356111,0.0,-0.194240253598937,0.0,0.33808239109469074,0.0,8.867842085401636,2.9276535899310714,68.04700422992356
0.9024168556874833,0.0,-0.19455171193178358,0.0,0.3381799999097294,0.0,8.880097833807834,2.927333589931071,68.25980096900483
0.9021732290524455,0.0,-0.19486512892600968,0.0,0.33827547164919314,0.0,8.892325586476662,2.9270135899310703,68.47574236711003
0.9019307783581217,0.0,-0.19518049073422344,0.0,0.33836882089846226,0.0,8.90452480994025,2.9266935899310713,68.69482991663556
0.9016895016390488,0.0,-0.19549778321752273,0.0,0.33846006250416083,0.0,8.916694979002878,2.926373589931071,68.9170647760668
0.9014493967391382,0.0,-0.19581699195347288,0.0,0.3385492115669606,0.0,8.928835576883092,2.926053589931072,69.14244777202052
0.9012104613142304,0.0,-0.1961381022442058,0.0,0.3386362834342856,0.0,8.940946095348725,2.925733589931071,69.37097940111701
0.9009726928347546,0.0,-0.1964610991246072,0.0,0.3387212936929144,0.0,8.953026034844184,2.925413589931071,69.60265983241104
0.9007360885884611,0.0,-0.1967859673706073,0.0,0.3388042581615025,0.0,8.965074904610773,2.9250935899310715,69.83748890950123
0.9005006456832602,0.0,-0.19711269150753719,0.0,0.33888519288302343,0.0,8.977092222799005,2.924773589931071,70.07546615314395
0.9002663610501285,0.0,-0.1974412558185666,0.0,0.33896411411714034,0.0,8.989077516573918,2.9244535899310717,70.31659076370016
0.9000332314460993,0.0,-0.19777164435319539,0.0,0.33904103833252225,0.0,9.001030322212706,2.924133589931072,70.56086162400584
0.8998012534573255,0.0,-0.19810384093579628,0.0,0.3391159821991048,0.0,9.012950185194873,2.9238135899310715,70.8082773019788
0.8995704235022141,0.0,-0.19843782917419853,0.0,0.3391889625803098,0.0,9.024836660285056,2.9234935899310726,71.05883605377163
0.8993407378346205,0.0,-0.19877359246830734,0.0,0.3392599965252325,0.0,9.03668931160858,2.9231735899310722,71.31253582671384
0.899112192547111,0.0,-0.1991111140187356,0.0,0.33932910126080185,0.0,9.048507712719315,2.9228535899310724,71.56937426228716
0.898884783574274,0.0,-0.19945037683545688,0.0,0.33939629418392503,0.0,9.060291446660695,2.922533589931072,71.82934869979584
0.89865850669609,0.0,-0.19979136374645687,0.0,0.3394615928536234,0.0,9.072040106019148,2.9222135899310717,72.09245617933915
0.8984333575413479,0.0,-0.20013405740637893,0.0,0.339525014983166,0.0,9.083753292970554,2.9218935899310723,72.358693445433
0.8982093315911027,0.0,-0.2004784403051607,0.0,0.3395865784322126,0.0,9.095430619319725,2.921573589931073,72.62805695045147
0.8979864241821731,0.0,-0.20082449477664144,0.0,0.33964630119897293,0.0,9.107071706532697,2.921253589931073,72.90054285844502
0.8977646305106813,0.0,-0.2011722030071415,0.0,0.3397042014123822,0.0,9.118676185762274,2.9209335899310735,73.17614704850918
0.8975439456356118,0.0,-0.2015215470440038,0.0,0.33976029732431573,0.0,9.130243697866945,2.9206135899310732,73.45486511890554
0.8973243644824099,0.0,-0.2018725088040832,0.0,0.33981460730183394,0.0,9.141773893422737,2.9202935899310734,73.7366923906915
0.8971058818465945,0.0,-0.2022250700821877,0.0,0.33986714981947513,0.0,9.153266432729012,2.9199735899310735,74.02162391172175
0.8968884923973919,0.0,-0.20257921255945666,0.0,0.3399179434515964,0.0,9.164720985807659,2.9196535899310736,74.30965446068151
0.8966721906813923,0.0,-0.20293491781166256,0.0,0.3399670068647735,0.0,9.176137232395838,2.9193335899310737,74.60077855099857
0.8964569711262041,0.0,-0.20329216731744926,0.0,0.3400143588102655,0.0,9.18751486193297,2.9190135899310743,74.89499043508772
0.8962428280441289,0.0,-0.2036509424664774,0.0,0.3400600181165467,0.0,9.198853573541397,2.918693589931074,75.19228410846159
0.8960297556358348,0.0,-0.20401122456748752,0.0,0.3401040036819151,0.0,9.210153076001395,2.9183735899310745,75.49265331377107
0.8958177479940245,0.0,-0.20437299485626723,0.0,0.34014633446718345,0.0,9.221413087720453,2.918053589931074,75.79609154549019
0.8956067991071165,0.0,-0.20473623450351605,0.0,0.34018702948845253,0.0,9.232633336696994,2.9177335899310743,76.10259205361281
0.8953969028629024,0.0,-0.20510092462260904,0.0,0.34022610780998036,0.0,9.243813560478777,2.917413589931075,76.41214784843169
0.8951880530522032,0.0,-0.20546704627724763,0.0,0.3402635885371439,0.0,9.25495350611607,2.917093589931074,76.72475170472777
0.894980243372516,0.0,-0.2058345804889914,0.0,0.3402994908095049,0.0,9.266052930109712,2.9167735899310747,77.04039616611887
0.894773467431636,0.0,-0.20620350824467754,0.0,0.34033383379397647,0.0,9.27711159835443,2.9164535899310753,77.35907354956177
0.8945677187512645,0.0,-0.20657381050371346,0.0,0.34036663667810246,0.0,9.288129286077455,2.916133589931075,77.68077594969785
0.8943629907705987,0.0,-0.20694546820523477,0.0,0.34039791866344676,0.0,9.29910577777239,2.915813589931075,78.00549524334681
0.8941592768498877,0.0,-0.20731846227514275,0.0,0.34042769895910097,0.0,9.310040867128988,2.915493589931075,78.33322309394612
0.8939565702739714,0.0,-0.2076927736329996,0.0,0.3404559967753082,0.0,9.32093435695869,2.9151735899310744,78.66395095601726
0.8937548642557842,0.0,-0.20806838319878276,0.0,0.3404828313172145,0.0,9.331786059115856,2.9148535899310755,78.99767007963845
0.8935541519398242,0.0,-0.20844527189951043,0.0,0.3405082217787415,0.0,9.34259579441569,2.914533589931076,79.33437151497148
0.8933544264055967,0.0,-0.20882342067571064,0.0,0.34053218733658563,0.0,9.353363392548092,2.9142135899310757,79.67404611665187
0.8931556806710133,0.0,-0.20920281048774947,0.0,0.34055474714435124,0.0,9.364088691988044,2.9138935899310763,80.01668454834878
0.8929579076957543,0.0,-0.20958342232201466,0.0,0.34057592032681505,0.0,9.374771539903007,2.9135735899310764,80.36227728718225
0.8927611003845931,0.0,-0.20996523719694432,0.0,0.34059572597432103,0.0,9.385411792056743,2.9132535899310765,80.71081462818525
0.8925652515906749,0.0,-0.21034823616890813,0.0,0.3406141831373147,0.0,9.396009312710493,2.912933589931076,81.06228668876334
0.8923703541187541,0.0,-0.21073240033793406,0.0,0.3406313108210107,0.0,9.406563974521209,2.9126135899310754,81.41668341314583
0.8921764007283837,0.0,-0.21111771085328207,0.0,0.34064712798020214,0.0,9.417075658437113,2.9122935899310765,81.77399457678544
0.8919833841370578,0.0,-0.21150414891886693,0.0,0.3406616535142058,0.0,9.42754425359099,2.911973589931077,82.13420979071046
0.8917912970233066,0.0,-0.21189169579851908,0.0,0.34067490626194774,0.0,9.437969657190838,2.9116535899310767,82.4973185059668
0.8916001320297404,0.0,-0.2122803328210989,0.0,0.3406869049971881,0.0,9.448351774408742,2.9113335899310764,82.8633100179422
0.8914098817660411,0.0,-0.21267004138544776,0.0,0.34069766842389076,0.0,9.458690518267455,2.9110135899310774,83.23217347065739
0.891220538811906,0.0,-0.21306080296518964,0.0,0.34070721517172536,0.0,9.468985809525387,2.9106935899310775,83.60389786104685
0.8910320957199318,0.0,-0.21345259911337322,0.0,0.3407155637917201,0.0,9.479237576559637,2.9103735899310776,83.97847204332821
0.8908445450184489,0.0,-0.21384541146696456,0.0,0.3407227327520458,0.0,9.48944575524787,2.910053589931077,84.35588473311132
0.8906578792143013,0.0,-0.2142392217511773,0.0,0.3407287404339452,0.0,9.49961028884838,2.909733589931077,84.73612451157352
0.8904720907955647,0.0,-0.21463401178366034,0.0,0.3407336051278019,0.0,9.509731127879295,2.909413589931078,85.11917982972975
0.8902871722342169,0.0,-0.21502976347852515,0.0,0.34073734502934433,0.0,9.519808229996485,2.9090935899310777,85.50503901242978
0.8901031159887435,0.0,-0.2154264588502218,0.0,0.34073997823599306,0.0,9.529841559870405,2.908773589931078,85.89369026255298
0.8899199145066917,0.0,-0.21582408001727085,0.0,0.34074152274334013,0.0,9.539831089062398,2.9084535899310784,86.28512166488994
0.8897375602271625,0.0,-0.2162226092058404,0.0,0.3407419964417688,0.0,9.54977679590005,2.9081335899310785,86.67932119028731
0.8895560455832486,0.0,-0.21662202875317982,0.0,0.34074141711320577,0.0,9.55967866535207,2.9078135899310777,87.07627669942893
0.889375363004412,0.0,-0.2170223211109016,0.0,0.34073980242800594,0.0,9.569536688902595,2.9074935899310783,87.47597594691449
0.8891955049188014,0.0,-0.2174234688481308,0.0,0.34073716994197395,0.0,9.579350864425427,2.907173589931079,87.8784065849021
0.8890164637555147,0.0,-0.21782545465450195,0.0,0.3407335370935099,0.0,9.58912119605778,2.9068535899310786,88.28355616709746
0.8888382319468028,0.0,-0.21822826134301296,0.0,0.3407289212008909,0.0,9.598847694073795,2.906533589931079,88.69141215244198
0.8886608019302114,0.0,-0.21863187185276026,0.0,0.34072333945967365,0.0,9.608530374758669,2.906213589931079,89.10196190877184
0.8884841661506693,0.0,-0.21903626925151215,0.0,0.3407168089402271,0.0,9.61816926028207,2.905893589931079,89.51519271649015
0.8883083170625153,0.0,-0.219441436738167,0.0,0.34070934658538665,0.0,9.627764378572328,2.905573589931079,89.93109177220485
0.8881332471314705,0.0,-0.21984735764507238,0.0,0.34070096920823,0.0,9.637315763190657,2.9052535899310787,90.34964619221319
0.8879589488365484,0.0,-0.22025401544021292,0.0,0.3406916934899746,0.0,9.646823453205755,2.904933589931079,90.77084301613165
0.8877854146719133,0.0,-0.2206613937292793,0.0,0.3406815359779891,0.0,9.656287493069005,2.9046135899310794,91.1946692101395
0.8876126371486792,0.0,-0.22106947625760426,0.0,0.3406705130839244,0.0,9.66570793249012,2.90429358993108,91.62111167046123
0.8874406087966512,0.0,-0.22147824691198087,0.0,0.3406586410819564,0.0,9.675084826313352,2.9039735899310797,92.05015722678797
0.8872693221660155,0.0,-0.22188768972235914,0.0,0.340645936107138,0.0,9.684418234394583,2.90365358993108,92.48179264538527
0.8870987698289708,0.0,-0.22229778886342982,0.0,0.340632414153862,0.0,9.693708221479,2.903333589931079,92.91600463242023
0.8869289443813027,0.0,-0.22270852865608512,0.0,0.3406180910744338,0.0,9.70295485707968,2.9030135899310805,93.3527798371999
0.8867598384439133,0.0,-0.22311989356878362,0.0,0.34060298257773797,0.0,9.712158215357276,2.9026935899310806,93.7921048550817
0.8865914446642862,0.0,-0.22353186821878485,0.0,0.3405871042280219,0.0,9.721318375000266,2.9023735899310807,94.23396623065952
0.8864237557179069,0.0,-0.223944437373296,0.0,0.34057047144376357,0.0,9.730435419106604,2.90205358993108,94.67835046082311
0.8862567643096281,0.0,-0.22435758595050304,0.0,0.34055309949664886,0.0,9.739509435066209,2.90173358993108,95.12524399755466
0.886090463174985,0.0,-0.22477129902050783,0.0,0.34053500351063604,0.0,9.748540514444786,2.901413589931081,95.57463325089365
0.8859248450814565,0.0,-0.22518556180616367,0.0,0.34051619846111647,0.0,9.757528752868659,2.9010935899310812,96.02650459179009
0.8857599028296815,0.0,-0.22560035968381556,0.0,0.34049669917416364,0.0,9.766474249910923,2.9007735899310805,96.48084435488234
0.8855956292546262,0.0,-0.22601567818394253,0.0,0.3404765203258716,0.0,9.775377108978759,2.90045358993108,96.93763884118698
0.8854320172266981,0.0,-0.22643150299172152,0.0,0.3404556764417764,0.0,9.784237437202263,2.9001335899310816,97.39687432077908
0.8852690596528175,0.0,-0.22684781994749217,0.0,0.340434181896363,0.0,9.793055345324417,2.899813589931081,97.85853703539233
0.8851067494774423,0.0,-0.22726461504713952,0.0,0.34041205091264914,0.0,9.801830947592496,2.899493589931081,98.32261320106036
0.8849450796835466,0.0,-0.22768187444239496,0.0,0.34038929756185266,0.0,9.810564361650904,2.8991735899310815,98.78908901045297
0.884784043293549,0.0,-0.2280995844410634,0.0,0.3403659357631297,0.0,9.819255708435545,2.8988535899310808,99.25795063556896
0.8846236333702129,0.0,-0.2285177315071549,0.0,0.340341979283387,0.0,9.827905112069352,2.8985335899310822,99.72918422987131
0.8844638430174809,0.0,-0.22893630226096612,0.0,0.3403174417371699,0.0,9.836512699759664,2.8982135899310824,100.20277593088497
0.8843046653812902,0.0,-0.22935528347906925,0.0,0.3402923365866131,0.0,9.845078601696928,2.897893589931082,100.67871186229381
0.8841460936503326,0.0,-0.22977466209423592,0.0,0.3402666771414638,0.0,9.853602950954782,2.897573589931082,101.15697813623957
0.8839881210567762,0.0,-0.2301944251953056,0.0,0.34024047655916245,0.0,9.86208588339204,2.8972535899310827,101.63756085558545
0.8838307408769508,0.0,-0.23061456002697325,0.0,0.3402137478449933,0.0,9.870527537555946,2.8969335899310824,102.12044611601272
0.8836739464319977,0.0,-0.231035053989521,0.0,0.3401865038522884,0.0,9.878928054587018,2.8966135899310825,102.60562000801835
0.883517731088473,0.0,-0.23145589463849123,0.0,0.3401587572826938,0.0,9.887287578125608,2.896293589931082,103.09306861912106
0.8833620882589244,0.0,-0.23187706968429583,0.0,0.3401305206864899,0.0,9.895606254219851,2.895973589931083,103.58277803568772
0.8832070114024219,0.0,-0.23229856699178247,0.0,0.34010180646296395,0.0,9.903884231235507,2.8956535899310825,104.07473434499036
0.8830524940250638,0.0,-0.23272037457972847,0.0,0.3400726268608382,0.0,9.912121659766944,2.895333589931083,104.56892363705083
0.8828985296804439,0.0,-0.233142480620301,0.0,0.34004299397874066,0.0,9.920318692550232,2.8950135899310827,105.06533200646552
0.8827451119700823,0.0,-0.23356487343845753,0.0,0.34001291976573206,0.0,9.928475484377378,2.8946935899310833,105.56394555430744
0.8825922345438343,0.0,-0.2339875415113034,0.0,0.3399824160218704,0.0,9.936592192012508,2.894373589931084,106.06475038968826
0.8824398911002549,0.0,-0.23441047346740324,0.0,0.33995149439882655,0.0,9.944668974109396,2.894053589931084,106.56773263165287
0.8822880753869443,0.0,-0.2348336580860513,0.0,0.33992016640053363,0.0,9.952705991130742,2.8937335899310836,107.07287841073585
0.8821367812008561,0.0,-0.2352570842964984,0.0,0.3398884433838841,0.0,9.960703405268983,2.893413589931084,107.58017387062141
0.8819860023885832,0.0,-0.2356807411771402,0.0,0.33985633655945935,0.0,9.96866138036866,2.8930935899310843,108.08960516971301
0.8818357328466078,0.0,-0.23610461795467103,0.0,0.339823856992301,0.0,9.976580081850429,2.892773589931084,108.60115848260554
0.8816859665215355,0.0,-0.23652870400319698,0.0,0.3397910156027085,0.0,9.984459676636511,2.892453589931084,109.11482000165384
0.8815366974102898,0.0,-0.2369529888433227,0.0,0.3397578231670814,0.0,9.992300333077912,2.8921335899310847,109.63057593840668
0.8813879195602943,0.0,-0.23737746214120156,0.0,0.3397242903187813,0.0,10.000102220883004,2.8918135899310844,110.14841252491183
0.8812396270696176,0.0,-0.23780211370755674,0.0,0.33969042754903334,0.0,10.007865511047687,2.8914935899310845,110.6683160152591
0.8810918140871085,0.0,-0.23822693349667182,0.0,0.3396562452078483,0.0,10.015590375787125,2.891173589931085,111.19027268673292
0.8809444748124933,0.0,-0.2386519116053617,0.0,0.3396217535049774,0.0,10.023276988468988,2.8908535899310843,111.71426884122775
0.8807976034964646,0.0,-0.23907703827190865,0.0,0.33958696251088744,0.0,10.030925523548119,2.890533589931085,112.2402908063701
0.8806511944407351,0.0,-0.23950230387498234,0.0,0.3395518821577637,0.0,10.038536156502765,2.890213589931085,112.76832493688929
0.8805052419980833,0.0,-0.23992769893253443,0.0,0.3395165222405336,0.0,10.046109063772274,2.8898935899310856,113.2983576156232
0.8803597405723684,0.0,-0.240353214100674,0.0,0.3394808924179084,0.0,10.053644422696198,2.8895735899310853,113.83037525480225
0.8802146846185352,0.0,-0.24077884017251872,0.0,0.3394450022134527,0.0,10.061142411454895,2.889253589931085,114.36436429703824
0.8800700686425933,0.0,-0.24120456807703372,0.0,0.3394088610166625,0.0,10.068603209011403,2.8889335899310855,114.90031121645525
0.8799258872015772,0.0,-0.24163038887785665,0.0,0.3393724780840672,0.0,10.07602699505504,2.8886135899310856,115.43820251972089
0.8797821349034993,0.0,-0.2420562937720942,0.0,0.33933586254034626,0.0,10.083413949946019,2.888293589931086,115.97802474702232
0.8796388064072724,0.0,-0.2424822740891191,0.0,0.3392990233794592,0.0,10.090764254661668,2.8879735899310863,116.51976447305337
0.8794958964226282,0.0,-0.24290832128934395,0.0,0.3392619694657893,0.0,10.098078090743922,2.887653589931086,117.06340830792891
0.8793533997100114,0.0,-0.24333442696299068,0.0,0.3392247095353021,0.0,10.105355640248193,2.887333589931086,117.60894289810945
0.8792113110804648,0.0,-0.24376058282884244,0.0,0.33918725219671175,0.0,10.11259708569345,2.887013589931087,118.15635492727277
0.8790696253954947,0.0,-0.24418678073299172,0.0,0.3391496059326643,0.0,10.119802610013767,2.886693589931086,118.70563111715374
0.8789283375669311,0.0,-0.24461301264757285,0.0,0.3391117791009202,0.0,10.126972396510954,2.8863735899310865,119.25675822833497
0.8787874425567632,0.0,-0.245039270669498,0.0,0.3390737799355566,0.0,10.134106628808574,2.8860535899310875,119.80972306107265
0.8786469353769726,0.0,-0.2454655470191766,0.0,0.3390356165481678,0.0,10.141205490807222,2.8857335899310868,120.36451245602134
0.8785068110893487,0.0,-0.24589183403922807,0.0,0.3389972969290803,0.0,10.148269166640826,2.8854135899310873,120.92111329498096
0.8783670648052944,0.0,-0.24631812419320046,0.0,0.33895882894856805,0.0,10.155297840634404,2.8850935899310874,121.47951250157578
0.8782276916856215,0.0,-0.24674441006427697,0.0,0.3389202203580716,0.0,10.162291697262813,2.884773589931087,122.03969704196973
0.878088686940332,0.0,-0.24717068435397513,0.0,0.33888147879143243,0.0,10.16925092111064,2.8844535899310872,122.60165392546918
0.8779500458283971,0.0,-0.24759693988085918,0.0,0.3388426117661124,0.0,10.176175696833507,2.884133589931088,123.16537020517065
0.8778117636575137,0.0,-0.24802316957923354,0.0,0.33880362668443503,0.0,10.183066209120065,2.883813589931088,123.73083297857364
0.8776738357838683,0.0,-0.24844936649784746,0.0,0.33876453083481356,0.0,10.189922642655489,2.8834935899310876,124.29802938812652
0.8775362576118774,0.0,-0.2488755237985927,0.0,0.3387253313929896,0.0,10.19674518208575,2.8831735899310873,124.86694662178758
0.8773990245939292,0.0,-0.2493016347552019,0.0,0.3386860354232703,0.0,10.20353401198306,2.8828535899310883,125.43757191357388
0.8772621322301118,0.0,-0.24972769275195913,0.0,0.33864664987976084,0.0,10.210289316812478,2.8825335899310884,126.00989254404553
0.8771255760679386,0.0,-0.2501536912823938,0.0,0.33860718160760334,0.0,10.217011280899305,2.882213589931088,126.58389584078822
0.8769893517020627,0.0,-0.25057962394799116,0.0,0.3385676373442106,0.0,10.22370008839759,2.881893589931088,127.15956917889608
0.8768534547739887,0.0,-0.2510054844569016,0.0,0.3385280237204955,0.0,10.230355923259646,2.8815735899310875,127.73689998139004
0.8767178809717748,0.0,-0.2514312666226519,0.0,0.3384883472621052,0.0,10.236978969206476,2.881253589931089,128.3158757196606
0.8765826260297278,0.0,-0.25185696436286276,0.0,0.3384486143906492,0.0,10.243569409699132,2.880933589931089,128.89648391385938
0.8764476857281005,0.0,-0.2522825716979672,0.0,0.33840883142491934,0.0,10.250127427910982,2.8806135899310887,129.4787121332809
0.876313055892775,0.0,-0.25270808274994155,0.0,0.3383690045821108,0.0,10.256653206701019,2.8802935899310893,130.06254799671822
0.8761787323949453,0.0,-0.25313349174103134,0.0,0.3383291399790427,0.0,10.26314692858776,2.8799735899310885,130.6479791728352
0.8760447111507952,0.0,-0.25355879299249046,0.0,0.3382892436333658,0.0,10.26960877572433,2.8796535899310887,131.23499338045892
0.8759109881211711,0.0,-0.2539839809233262,0.0,0.33824932146476916,0.0,10.276038929874165,2.8793335899310897,131.82357838891872
0.8757775593112523,0.0,-0.25440905004904624,0.0,0.33820937929618355,0.0,10.282437572387648,2.87901358993109,132.41372201831544
0.875644420770217,0.0,-0.25483399498041864,0.0,0.33816942285497387,0.0,10.28880488417953,2.8786935899310895,133.00541213982217
0.8755115685909028,0.0,-0.2552588104222328,0.0,0.33812945777413056,0.0,10.29514104570712,2.87837358993109,133.5986366759117
0.8753789989094674,0.0,-0.25568349117207645,0.0,0.33808948959345153,0.0,10.301446236949294,2.878053589931089,134.19338360063762
0.8752467079050479,0.0,-0.25610803211910455,0.0,0.3380495237607185,0.0,10.307720637386128,2.87773358993109,134.7896409398249
0.8751146917994092,0.0,-0.2565324282428432,0.0,0.33800956563286527,0.0,10.31396442597954,2.8774135899310895,135.38739677132367
0.8749829468566008,0.0,-0.25695667461197097,0.0,0.3379696204771399,0.0,10.320177781154307,2.8770935899310897,135.98663922517414
0.8748514693826056,0.0,-0.2573807663831335,0.0,0.337929693472258,0.0,10.326360880780078,2.87677358993109,136.58735648380835
0.8747202557249846,0.0,-0.2578046987997532,0.0,0.33788978970955164,0.0,10.332513902153908,2.8764535899310903,137.18953678222516
0.8745893022725258,0.0,-0.25822846719085196,0.0,0.3378499141941059,0.0,10.338637021983446,2.87613358993109,137.79316840813058
0.8744586054548924,0.0,-0.25865206696988874,0.0,0.33781007184588396,0.0,10.344730416371021,2.875813589931091,138.3982397021079
0.8743281617422571,0.0,-0.25907549363359633,0.0,0.3377702675008593,0.0,10.350794260798006,2.875493589931091,139.00473905772353
0.8741979676449556,0.0,-0.2594987427608357,0.0,0.33773050591211806,0.0,10.356828730110085,2.875173589931091,139.6126549216726
0.8740680197131213,0.0,-0.2599218100114542,0.0,0.3376907917509695,0.0,10.362833998502964,2.8748535899310914,140.22197579385906
0.8739383145363291,0.0,-0.26034469112516617,0.0,0.33765112960803656,0.0,10.368810239508864,2.8745335899310906,140.83269022752938
0.8738088487432372,0.0,-0.2607673819204216,0.0,0.33761152399434613,0.0,10.374757625983284,2.8742135899310917,141.4447868293268
0.8736796190012215,0.0,-0.261189878293312,0.0,0.33757197934240357,0.0,10.3806763300927,2.873893589931091,142.0582542593535
0.8735506220160276,0.0,-0.261612176216463,0.0,0.3375325000072565,0.0,10.386566523302504,2.873573589931091,142.67308123130707
0.873421854531398,0.0,-0.262034271737952,0.0,0.3374930902675595,0.0,10.392428376365638,2.873253589931092,143.28925651242437
0.8732933133287233,0.0,-0.2624561609802324,0.0,0.33745375432661523,0.0,10.398262059311744,2.872933589931092,143.9067689236312
0.873164995226675,0.0,-0.2628778401390664,0.0,0.33741449631341625,0.0,10.40406774143676,2.8726135899310923,144.52560733949053
0.8730368970808532,0.0,-0.26329930548246955,0.0,0.337375320283674,0.0,10.409845591293026,2.8722935899310924,145.14576068831101
0.8729090157834237,0.0,-0.26372055334967076,0.0,0.33733623022083403,0.0,10.415595776679949,2.871973589931092,145.7672179520668
0.8727813482627642,0.0,-0.26414158015007144,0.0,0.33729723003708867,0.0,10.421318464634957,2.8716535899310927,146.38996816648287
0.8726538914831038,0.0,-0.2645623823622341,0.0,0.33725832357437174,0.0,10.4270138214252,2.8713335899310928,147.0140004209948
0.8725266424441709,0.0,-0.26498295653286225,0.0,0.33721951460535,0.0,10.43268201253937,2.8710135899310925,147.6393038587492
0.8723995981808382,0.0,-0.2654032992758028,0.0,0.33718080683439866,0.0,10.438323202680166,2.870693589931093,148.26586767657653
0.8722727557627656,0.0,-0.26582340727106035,0.0,0.337142203898572,0.0,10.443937555757156,2.8703735899310927,148.8936811249709
0.872146112294052,0.0,-0.26624327726381464,0.0,0.3371037093685601,0.0,10.44952523487995,2.870053589931093,149.52273350805925
0.8720196649128829,0.0,-0.26666290606345366,0.0,0.33706532674963685,0.0,10.455086402351819,2.869733589931093,150.1530141835515
0.8718934107911789,0.0,-0.2670822905426211,0.0,0.3370270594825988,0.0,10.460621219663809,2.869413589931093,150.78451256269273
0.871767347134253,0.0,-0.2675014276362686,0.0,0.33698891094468736,0.0,10.466129847489054,2.869093589931093,151.4172181102169
0.8716414711804578,0.0,-0.26792031434072217,0.0,0.3369508844505123,0.0,10.471612445677524,2.868773589931093,152.0511203442676
0.8715157802008456,0.0,-0.2683389477127565,0.0,0.336912983252956,0.0,10.477069173251152,2.868453589931094,152.6862088363497
0.8713902714988223,0.0,-0.268757324868693,0.0,0.336875210544067,0.0,10.482500188399396,2.8681335899310936,153.3224732112543
0.8712649424098091,0.0,-0.26917544298348306,0.0,0.3368375694559505,0.0,10.487905648474797,2.8678135899310933,153.95990314695464
0.8711397903008995,0.0,-0.269593299289832,0.0,0.33680006306164356,0.0,10.493285709989346,2.8674935899310934,154.5984883745066
0.871014812570526,0.0,-0.2700108910773113,0.0,0.3367626943759781,0.0,10.498640528610713,2.867173589931094,155.23821867803983
0.8708900066481219,0.0,-0.2704282156914935,0.0,0.3367254663564395,0.0,10.503970259159077,2.8668535899310945,155.87908389455876
0.8707653699937892,0.0,-0.2708452705330955,0.0,0.33668838190401096,0.0,10.509275055604197,2.8665335899310938,156.5210739138963
0.870640900097966,0.0,-0.2712620530571279,0.0,0.33665144386401114,0.0,10.514555071062585,2.8662135899310943,157.16417867860102
0.8705165944810994,0.0,-0.27167856077206315,0.0,0.3366146550269148,0.0,10.51981045779526,2.865893589931095,157.80838818379902
0.870392450693318,0.0,-0.27209479123900737,0.0,0.3365780181291716,0.0,10.5250413672055,2.865573589931094,158.45369247711565
0.8702684663141061,0.0,-0.27251074207088405,0.0,0.3365415358540125,0.0,10.530247949836998,2.865253589931095,159.10008165848103
0.8701446389519826,0.0,-0.27292641093163666,0.0,0.3365052108322413,0.0,10.535430355372329,2.864933589931095,159.74754588011643
0.8700209662441799,0.0,-0.27334179553542387,0.0,0.3364690456430243,0.0,10.54058873263141,2.8646135899310954,160.39607534629937
0.8698974458563266,0.0,-0.2737568936458469,0.0,0.33643304281466346,0.0,10.54572322957053,2.864293589931094,161.04566031326036
0.8697740754821354,0.0,-0.27417170307516664,0.0,0.336397204825361,0.0,10.55083399328133,2.863973589931095,161.6962910891054
0.869650852843083,0.0,-0.27458622168354874,0.0,0.3363615341039799,0.0,10.555921169990178,2.8636535899310953,162.3479580335186
0.8695277756881052,0.0,-0.27500044737830565,0.0,0.33632603303078956,0.0,10.560984905057705,2.8633335899310945,163.00065155783062
0.86940484179329,0.0,-0.2754143781131545,0.0,0.3362907039381966,0.0,10.566025342978486,2.863013589931096,163.65436212469547
0.8692820489615658,0.0,-0.2758280118874881,0.0,0.3362555491114814,0.0,10.5710426273811,2.8626935899310952,164.30908024797878
0.8691593950224057,0.0,-0.27624134674564493,0.0,0.33622057078951045,0.0,10.576036901028125,2.862373589931096,164.96479649269287
0.8690368778315193,0.0,-0.2766543807762053,0.0,0.33618577116544734,0.0,10.581008305816594,2.862053589931096,165.6215014746354
0.8689144952705632,0.0,-0.27706711211128116,0.0,0.33615115238744814,0.0,10.585956982778422,2.8617335899310956,166.27918586048634
0.8687922452468388,0.0,-0.2774795389258223,0.0,0.3361167165593588,0.0,10.590883072081125,2.8614135899310957,166.937840367438
0.8686701256930023,0.0,-0.27789165943693933,0.0,0.3360824657413892,0.0,10.595786713028707,2.8610935899310963,167.59745576310303
0.8685481345667753,0.0,-0.27830347190322174,0.0,0.3360484019507883,0.0,10.600668044062608,2.8607735899310964,168.25802286538226
0.8684262698506546,0.0,-0.2787149746240775,0.0,0.3360145271625061,0.0,10.605527202762953,2.8604535899310974,168.91953254220365
0.868304529551628,0.0,-0.2791261659390753,0.0,0.33598084330984995,0.0,10.610364325849853,2.860133589931097,169.58197571136486
0.8681829117008953,0.0,-0.27953704422729864,0.0,0.33594735228512307,0.0,10.615179549184878,2.859813589931096,170.24534334048622
0.8680614143535824,0.0,-0.27994760790670536,0.0,0.33591405594027113,0.0,10.61997300777267,2.859493589931097,170.90962644659362
0.867940035588468,0.0,-0.2803578554335086,0.0,0.33588095608749974,0.0,10.62474483576278,2.859173589931097,171.574816096175
0.8678187735077092,0.0,-0.2807677853015472,0.0,0.3358480544998982,0.0,10.62949516645147,2.8588535899310963,172.24090340482488
0.8676976262365672,0.0,-0.28117739604167574,0.0,0.3358153529120541,0.0,10.634224132283713,2.858533589931098,172.90787953716912
0.8675765919231407,0.0,-0.2815866862211766,0.0,0.3357828530206432,0.0,10.6389318648555,2.8582135899310974,173.57573570659235
0.8674556687380945,0.0,-0.28199565444314556,0.0,0.3357505564850402,0.0,10.64361849491585,2.857893589931097,174.2444631750956
0.8673348548744017,0.0,-0.28240429934592454,0.0,0.33571846492788826,0.0,10.648284152369385,2.8575735899310972,174.9140532530827
0.8672141485470782,0.0,-0.282812619602517,0.0,0.3356865799356842,0.0,10.65292896627871,2.8572535899310973,175.58449729922813
0.8670935479929226,0.0,-0.283220613920024,0.0,0.33565490305935014,0.0,10.657553064867049,2.856933589931098,176.25578672021095
0.8669730514702627,0.0,-0.28362828103908366,0.0,0.3356234358147876,0.0,10.662156575520855,2.856613589931098,176.92791297047984
0.8668526572587018,0.0,-0.28403561973331903,0.0,0.3355921796834351,0.0,10.666739624792696,2.856293589931099,177.6008675521916
0.8667323636588642,0.0,-0.28444262880879645,0.0,0.33556113611281435,0.0,10.671302338404022,2.8559735899310983,178.27464201491634
0.8666121689921519,0.0,-0.2848493071034889,0.0,0.33553030651706434,0.0,10.675844841248194,2.855653589931098,178.94922795549337
0.8664920716004928,0.0,-0.2852556534867498,0.0,0.33549969227747606,0.0,10.680367257393483,2.8553335899310985,179.62461701774305
0.8663720698461017,0.0,-0.2856616668587951,0.0,0.3354692947430104,0.0,10.684869710086236,2.855013589931099,180.30080089236301
0.8662521621112361,0.0,-0.28606734615019086,0.0,0.33543911523081665,0.0,10.689352321754104,2.8546935899310992,180.9777713166274
0.8661323467979607,0.0,-0.28647269032134637,0.0,0.33540915502673824,0.0,10.69381521400922,2.8543735899310985,181.6555200742961
0.8660126223279103,0.0,-0.2868776983620218,0.0,0.3353794153858129,0.0,10.698258507651639,2.8540535899310986,182.33403899534275
0.8658929871420558,0.0,-0.28728236929083567,0.0,0.3353498975327676,0.0,10.702682322672725,2.8537335899310987,183.01331995572093
0.8657734397004747,0.0,-0.2876867021547861,0.0,0.3353206026625023,0.0,10.707086778258615,2.853413589931099,183.69335487726036
0.8656539784821218,0.0,-0.2880906960287745,0.0,0.33529153194056993,0.0,10.711471992793808,2.8530935899311,184.37413572737384
0.8655346019846032,0.0,-0.28849435001513984,0.0,0.3352626865036483,0.0,10.715838083864723,2.852773589931099,185.05565451881046
0.8654153087239551,0.0,-0.2888976632431954,0.0,0.3352340674600049,0.0,10.720185168263342,2.8524535899311,185.73790330964766
0.8652960972344185,0.0,-0.2893006348687795,0.0,0.33520567588995537,0.0,10.724513361990983,2.8521335899310998,186.4208742028432
0.8651769660682254,0.0,-0.28970326407380487,0.0,0.3351775128463139,0.0,10.72882278026199,2.8518135899311003,187.10455934611193
0.8650579137953789,0.0,-0.2901055500658254,0.0,0.3351495793548399,0.0,10.73311353750761,2.8514935899310996,187.78895093178824
0.8649389390034444,0.0,-0.29050749207759197,0.0,0.33512187641467517,0.0,10.737385747379728,2.8511735899311,188.47404119664353
0.8648200402973314,0.0,-0.2909090893666389,0.0,0.335094404998776,0.0,10.741639522754909,2.850853589931101,189.15982242139808
0.8647012162990888,0.0,-0.29131034121486,0.0,0.33506716605433806,0.0,10.745874975738255,2.8505335899311004,189.84628693086015
0.8645824656477002,0.0,-0.2917112469280871,0.0,0.3350401605032177,0.0,10.750092217667317,2.8502135899311005,190.53342709356204
0.8644637869988762,0.0,-0.29211180583569446,0.0,0.33501338924234125,0.0,10.754291359116221,2.849893589931101,191.22123532153796
0.8643451790248512,0.0,-0.2925120172901933,0.0,0.33498685314411547,0.0,10.758472509899635,2.8495735899311003,191.90970407010582
0.8642266404141887,0.0,-0.29291188066683504,0.0,0.33496055305682626,0.0,10.762635779076836,2.849253589931101,192.59882583764005
0.8641081698715801,0.0,-0.2933113953632256,0.0,0.33493448980503443,0.0,10.76678127495584,2.8489335899311015,193.28859316553758
0.8639897661176509,0.0,-0.29371056079894464,0.0,0.3349086641899625,0.0,10.770909105097546,2.8486135899311016,203.00473539064208
0.863871427888767,0.0,-0.29410937641516416,0.0,0.3348830769898814,0.0,10.775019376319806,2.8482935899311013,207.5972291519746
0.8637531539368458,0.0,-0.29450784167428073,0.0,0.33485772896048527,0.0,10.779112194701677,2.8479735899311014,211.33525549608208
0.8636349430291649,0.0,-0.2949059560595511,0.0,0.33483262083526305,0.0,10.783187665587594,2.8476535899311015,214.633595180162
0.8635167939481795,0.0,-0.2953037190747318,0.0,0.3348077533258648,0.0,10.787245893591583,2.847333589931101,217.65199286896885
0.8633987054913353,0.0,-0.2957011302437247,0.0,0.3347831271224633,0.0,10.79128698260148,2.8470135899311018,220.47206525308684
0.8632806764708872,0.0,-0.29609818911023206,0.0,0.3347587428941084,0.0,10.795311035783199,2.846693589931102,223.14213817179103
0.8631627057137216,0.0,-0.29649489523740863,0.0,0.33473460128907573,0.0,10.799318155585015,2.846373589931102,225.69359987759057
0.8630447920611747,0.0,-0.29689124820753054,0.0,0.3347107029352133,0.0,10.803308443741793,2.8460535899311012,228.14818358302006
0.8629269343688609,0.0,-0.29728724762165737,0.0,0.3346870484402788,0.0,10.807282001279319,2.845733589931102,230.52166098656446
0.862809131506498,0.0,-0.2976828930993086,0.0,0.3346636383922746,0.0,10.811238928518573,2.8454135899311024,232.82589715073223
0.8626913823577329,0.0,-0.2980781842781434,0.0,0.33464047335977676,0.0,10.815179325080058,2.8450935899311025,235.070076142832
0.8625736858199766,0.0,-0.2984731208136383,0.0,0.33461755389225867,0.0,10.819103289888101,2.8447735899311026,237.2614729812813
0.862456040804234,0.0,-0.2988677023787822,0.0,0.3345948805204102,0.0,10.8230109211752,2.8444535899311023,239.40596161915084
0.8623384462349398,0.0,-0.29926192866376267,0.0,0.334572453756453,0.0,10.826902316486276,2.8441335899311033,241.5083615129301
0.862220901049792,0.0,-0.29965579937567177,0.0,0.3345502740944478,0.0,10.830777572683102,2.8438135899311034,243.5726813349748
0.8621034041995962,0.0,-0.30004931423820375,0.0,0.33452834201059994,0.0,10.834636785948613,2.8434935899311027,245.60229482885805
0.8619859546481003,0.0,-0.3004424729913599,0.0,0.3345066579635607,0.0,10.83848005179114,2.8431735899311037,247.60007054875626
0.8618685513718388,0.0,-0.3008352753911719,0.0,0.33448522239472084,0.0,10.842307465048908,2.842853589931103,249.56846944763384
0.8617511933599791,0.0,-0.301227721209403,0.0,0.3344640357285033,0.0,10.84611911989422,2.842533589931104,251.50961953785585
0.8616338796141632,0.0,-0.3016198102332846,0.0,0.3344430983726471,0.0,10.849915109837893,2.842213589931104,253.4253738797587
0.8615166091483615,0.0,-0.3020115422652307,0.0,0.33442241071849166,0.0,10.853695527733544,2.8418935899311037,255.31735623006227
0.8613993809887162,0.0,-0.3024029171225723,0.0,0.3344019731412546,0.0,10.857460465781898,2.8415735899311034,257.1869974112617
0.8612821941733978,0.0,-0.30279393463729204,0.0,0.3343817860003023,0.0,10.86121001553512,2.841253589931104,259.03556460815867
0.8611650477524561,0.0,-0.30318459465576225,0.0,0.33436184963942367,0.0,10.86494426790118,2.840933589931104,260.86418519925155
0.861047940787677,0.0,-0.30357489703848767,0.0,0.3343421643870889,0.0,10.868663313148087,2.8406135899311042,262.6738663197304
0.8609308723524375,0.0,-0.3039648416598507,0.0,0.33432273055671763,0.0,10.872367240908245,2.8402935899311044,264.4655110518775
0.8608138415315646,0.0,-0.3043544284078646,0.0,0.3343035484469316,0.0,10.8760561401827,2.8399735899311045,266.2399319287565
0.8606968474211986,0.0,-0.3047436571839272,0.0,0.33428461834180606,0.0,10.879730099345451,2.839653589931105,267.9978622738097
0.8605798891286516,0.0,-0.30513252790258066,0.0,0.3342659405111233,0.0,10.883389206147761,2.8393335899311047,269.7399657860101
0.8604629657722737,0.0,-0.3055210404912722,0.0,0.3342475152106138,0.0,10.887033547722345,2.8390135899311053,271.4668446907336
0.8603460764813166,0.0,-0.3059091948901209,0.0,0.33422934268220245,0.0,10.890663210587668,2.838693589931105,273.1790467094026
0.8602292203958023,0.0,-0.30629699105168884,0.0,0.33421142315423996,0.0,10.894278280652184,2.838373589931105,274.87707105051527
0.8601123966663914,0.0,-0.30668442894075726,0.0,0.33419375684174085,0.0,10.897878843218596,2.8380535899311052,276.5613735845338
0.8599956044542539,0.0,-0.30707150853409587,0.0,0.3341763439466136,0.0,10.901464982987978,2.837733589931106,278.23237133354644
0.8598788429309376,0.0,-0.3074582298202547,0.0,0.3341591846578872,0.0,10.905036784064087,2.837413589931105,279.89044638413304
0.8597621112782492,0.0,-0.3078445927993412,0.0,0.3341422791519305,0.0,10.90859432995752,2.8370935899311056,281.5359493108402
0.8596454086881219,0.0,-0.3082305974828083,0.0,0.3341256275926789,0.0,10.912137703589844,2.8367735899311057,283.16920218246776
0.8595287343624938,0.0,-0.30861624389325276,0.0,0.3341092301318454,0.0,10.915666987297804,2.8364535899311063,284.7905012114236
0.8594120875131904,0.0,-0.3090015320642019,0.0,0.33409308690913475,0.0,10.919182262837468,2.8361335899311055,286.40011909784874
0.8592954673617996,0.0,-0.30938646203991366,0.0,0.33407719805245445,0.0,10.922683611388326,2.8358135899311065,287.99830710760733
0.8591788731395528,0.0,-0.3097710338751834,0.0,0.334061563678119,0.0,10.926171113557439,2.8354935899311067,289.58529692238574
0.8590623040872112,0.0,-0.31015524763514235,0.0,0.3340461838910541,0.0,10.929644849383527,2.8351735899311064,291.1613022913387
0.8589457594549463,0.0,-0.310539103395066,0.0,0.3340310587849978,0.0,10.933104898341009,2.834853589931106,292.72652050685497
0.858829238502228,0.0,-0.3109226012401881,0.0,0.3340161884426933,0.0,10.936551339344133,2.834533589931107,294.281133730986
0.858712740497708,0.0,-0.31130574126551275,0.0,0.33400157293608956,0.0,10.939984250750951,2.8342135899311067,295.8253101865714
0.858596264719113,0.0,-0.3116885235756315,0.0,0.33398721232652323,0.0,10.943403710367438,2.8338935899311064,297.35920523213684
0.8584798104531306,0.0,-0.31207094828454013,0.0,0.3339731066649142,0.0,10.946809795451353,2.833573589931107,298.882962331985
0.858363376995301,0.0,-0.31245301551546906,0.0,0.33395925599194537,0.0,10.950202582716397,2.8332535899311075,300.39671393507996
0.8582469636499115,0.0,-0.31283472540070073,0.0,0.33394566033824724,0.0,10.95358214833605,2.8329335899311077,301.90058227290467
0.8581305697298864,0.0,-0.3132160780814035,0.0,0.3339323197245764,0.0,10.956948567947608,2.832613589931108,303.3946800826505
0.8580141945566868,0.0,-0.3135970737074617,0.0,0.3339192341619893,0.0,10.960301916656068,2.8322935899311075,304.8791112686665
0.8578978374602043,0.0,-0.31397771243730543,0.0,0.33390640365201923,0.0,10.963642269038024,2.831973589931108,306.35397150328214
0.8577814977786579,0.0,-0.31435799443775475,0.0,0.3338938281868458,0.0,10.966969699145615,2.8316535899311073,307.81934877742736
0.8576651748584949,0.0,-0.31473791988385263,0.0,0.3338815077494611,0.0,10.970284280510352,2.831333589931108,309.27532390276326
0.8575488680542899,0.0,-0.3151174889587119,0.0,0.33386944231383786,0.0,10.973586086146971,2.831013589931108,310.72197097492915
0.8574325767286469,0.0,-0.3154967018533573,0.0,0.333857631845089,0.0,10.976875188557294,2.8306935899311076,312.15935779544117
0.8573163002521014,0.0,-0.31587555876656837,0.0,0.3338460762996344,0.0,10.980151659733995,2.8303735899311078,313.5875462612238
0.8572000380030259,0.0,-0.3162540599047378,0.0,0.3338347756253478,0.0,10.983415571164377,2.8300535899311083,315.0065927237306
0.8570837893675316,0.0,-0.31663220548171733,0.0,0.3338237297617238,0.0,10.98666699383422,2.8297335899311085,316.4165483178736
0.8569675537393789,0.0,-0.3170099957186733,0.0,0.3338129386400216,0.0,10.989905998231412,2.829413589931109,317.81745926737767
0.8568513305198812,0.0,-0.31738743084394605,0.0,0.3338024021834194,0.0,10.993132654349791,2.829093589931109,319.2093671656479
0.8567351191178152,0.0,-0.3177645110929046,0.0,0.3337921203071635,0.0,10.996347031692725,2.8287735899311093,320.5923092364996
0.8566189189493328,0.0,-0.31814123670780947,0.0,0.3337820929187093,0.0,10.99954919927687,2.8284535899311094,321.9663185743238
0.8565027294378662,0.0,-0.31851760793768225,0.0,0.3337723199178699,0.0,11.002739225635828,2.8281335899311086,323.33142436726797
0.8563865500140461,0.0,-0.3188936250381609,0.0,0.3337628011969537,0.0,11.005917178823696,2.827813589931109,324.6876521043109
0.8562703801156105,0.0,-0.3192692882713766,0.0,0.3337535366409048,0.0,11.009083126418801,2.8274935899311093,326.03502376677113
0.8561542191873209,0.0,-0.31964459790582167,0.0,0.33374452612743977,0.0,11.012237135527208,2.8271735899311086,327.3735580070287
0.8560380666808768,0.0,-0.32001955421621775,0.0,0.33373576952718076,0.0,11.015379272786275,2.826853589931109,328.703270313326
0.855921922054834,0.0,-0.3203941574833991,0.0,0.3337272667037869,0.0,11.018509604368308,2.82653358993111,330.02417316537515
0.8558057847745164,0.0,-0.32076840799418016,0.0,0.3337190175140908,0.0,11.021628195983935,2.82621358993111,331.33627617535393
0.8556896543119418,0.0,-0.3211423060412388,0.0,0.33371102180821854,0.0,11.02473511288571,2.8258935899311095,332.63958622342204
0.8555735301457355,0.0,-0.32151585192299564,0.0,0.33370327942972083,0.0,11.027830419871556,2.82557358993111,333.93410758054677
0.8554574117610543,0.0,-0.3218890459434983,0.0,0.33369579021569584,0.0,11.03091418128823,2.8252535899311098,335.21984202548646
0.8553412986495063,0.0,-0.3222618884123026,0.0,0.3336885539969114,0.0,11.03398646103472,2.8249335899311094,336.4967889513483
0.8552251903090717,0.0,-0.3226343796443612,0.0,0.3336815705979257,0.0,11.03704732256572,2.824613589931111,337.7649454665483
0.8551090862440291,0.0,-0.32300651995991375,0.0,0.3336748398372053,0.0,11.040096828894972,2.824293589931111,339.0243064887917
0.8549929859648785,0.0,-0.3233783096843725,0.0,0.33366836152724066,0.0,11.043135042598639,2.8239735899311107,340.2748648321627
0.8548768889882673,0.0,-0.3237497491482152,0.0,0.3336621354746627,0.0,11.046162025818617,2.8236535899311104,341.5166112888441
0.8547607948369139,0.0,-0.32412083868688263,0.0,0.333656161480354,0.0,11.049177840265928,2.8233335899311105,342.7495347038233
0.8546447030395388,0.0,-0.3244915786406684,0.0,0.33365043933956107,0.0,11.052182547223962,2.8230135899311106,343.9736220469862
0.8545286131307888,0.0,-0.32486196935462136,0.0,0.3336449688420015,0.0,11.055176207551753,2.822693589931111,345.18885847745344
0.8544125246511678,0.0,-0.32523201117843875,0.0,0.33363974977197547,0.0,11.058158881687225,2.8223735899311113,346.39522740569197
0.8542964371469689,0.0,-0.3256017044663744,0.0,0.3336347819084643,0.0,11.061130629650478,2.822053589931112,347.5927105507734
0.854180350170197,0.0,-0.3259710495771334,0.0,0.33363006502524506,0.0,11.064091511046929,2.8217335899311116,348.78128799087864
0.8540642632785119,0.0,-0.3263400468737776,0.0,0.33362559889098303,0.0,11.067041585070486,2.8214135899311117,349.96093821563113
0.8539481760351517,0.0,-0.32670869672363423,0.0,0.3336213832693368,0.0,11.069980910506795,2.8210935899311123,351.13163816836743
0.8538320880088681,0.0,-0.32707699949819985,0.0,0.3336174179190612,0.0,11.072909545736302,2.8207735899311124,352.2933632900376
0.8537159987738634,0.0,-0.32744495557305103,0.0,0.3336137025940951,0.0,11.075827548737383,2.8204535899311116,353.44608755691166
0.8535999079097226,0.0,-0.32781256532774966,0.0,0.3336102370436674,0.0,11.078734977089452,2.820133589931112,354.5897835165822
0.853483815001349,0.0,-0.3281798291457601,0.0,0.3336070210123878,0.0,11.081631887976057,2.8198135899311123,355.72442232060746
0.853367719638902,0.0,-0.32854674741435963,0.0,0.3336040542403373,0.0,11.084518338187861,2.8194935899311124,356.84997375384853
0.8532516214177346,0.0,-0.3289133205245516,0.0,0.33360133646316303,0.0,11.087394384125716,2.8191735899311126,357.96640626259057
0.8531355199383297,0.0,-0.32927954887098376,0.0,0.3335988674121674,0.0,11.090260081803686,2.818853589931113,359.0736869784296
0.85301941480624,0.0,-0.3296454328518619,0.0,0.33359664681439777,0.0,11.09311548685198,2.8185335899311124,360.1717817405363
0.8529033056320287,0.0,-0.3300109728688719,0.0,0.3335946743927309,0.0,11.095960654519937,2.818213589931113,361.2606551155775
0.8527871920312065,0.0,-0.33037616932709923,0.0,0.33359294986596055,0.0,11.098795639679004,2.8178935899311126,362.3402704150493
0.8526710736241772,0.0,-0.33074102263494765,0.0,0.33359147294888286,0.0,11.10162049682557,2.8175735899311123,363.41058971078144
0.8525549500361754,0.0,-0.3311055332040624,0.0,0.3335902433523782,0.0,11.10443528008392,2.817253589931113,364.47157384812465
0.8524388208972131,0.0,-0.33146970144925714,0.0,0.33358926078349127,0.0,11.107240043209115,2.816933589931114,365.52318245715577
0.8523226858420173,0.0,-0.33183352778843744,0.0,0.33358852494551594,0.0,11.110034839589831,2.816613589931113,366.56537396081796
0.8522065445099787,0.0,-0.332197012642523,0.0,0.33358803553807137,0.0,11.112819722251148,2.8162935899311137,367.59810558263257
0.8520903965450978,0.0,-0.3325601564353811,0.0,0.3335877922571783,0.0,11.115594743857422,2.8159735899311134,368.62133335336125
0.8519742415959219,0.0,-0.33292295959375245,0.0,0.33358779479534145,0.0,11.11835995671506,2.815653589931115,369.63501211101163
0.8518580793155023,0.0,-0.33328542254718324,0.0,0.3335880428416168,0.0,11.121115412775259,2.8153335899311145,370.63909550589756
0.8517419093613304,0.0,-0.33364754572795274,0.0,0.3335885360816945,0.0,11.123861163636779,2.815013589931114,371.63353599648724
0.851625731395293,0.0,-0.33400932957100754,0.0,0.3335892741979649,0.0,11.126597260548637,2.8146935899311143,372.61828485032663
0.8515095450836159,0.0,-0.33437077451389613,0.0,0.33359025686959476,0.0,11.12932375441287,2.814373589931114,373.59329213871644
0.8513933500968142,0.0,-0.3347318809967018,0.0,0.33359148377259445,0.0,11.132040695787147,2.814053589931115,374.5585067300141
0.851277146109641,0.0,-0.33509264946197953,0.0,0.3335929545798913,0.0,11.134748134887483,2.8137335899311147,375.51387628350903
0.8511609328010373,0.0,-0.3354530803546916,0.0,0.33359466896139506,0.0,11.137446121590866,2.8134135899311143,376.4593472389614
0.8510447098540825,0.0,-0.33581317412214495,0.0,0.33359662658406625,0.0,11.140134705437875,2.813093589931115,377.3948648055251
0.8509284769559465,0.0,-0.33617293121393116,0.0,0.3335988271119828,0.0,11.142813935635267,2.8127735899311146,378.3203729484962
0.8508122337978403,0.0,-0.3365323520818673,0.0,0.3336012702064033,0.0,11.145483861058603,2.8124535899311143,379.2358143759243
0.8506959800749678,0.0,-0.33689143717993286,0.0,0.3336039555258349,0.0,11.148144530254761,2.812133589931115,380.1411305191185
0.8505797154864813,0.0,-0.3372501869642167,0.0,0.3336068827260916,0.0,11.150795991444499,2.811813589931115,381.03626151620927
0.8504634397354308,0.0,-0.33760860189285563,0.0,0.33361005146036093,0.0,11.15343829252498,2.811493589931115,381.9211461903684
0.850347152528722,0.0,-0.3379666824259813,0.0,0.3336134613792609,0.0,11.156071481072269,2.811173589931115,382.79572202739536
0.8502308535770698,0.0,-0.33832442902566207,0.0,0.3336171121309026,0.0,11.158695604343793,2.810853589931115,383.65992515308346
0.8501145425949516,0.0,-0.3386818421558503,0.0,0.33362100336095046,0.0,11.161310709280837,2.8105335899311155,384.51369030328044
0.8499982193005663,0.0,-0.3390389222823294,0.0,0.33362513471267546,0.0,11.163916842510963,2.810213589931116,385.35695079858027
0.8498818834157862,0.0,-0.33939566987266234,0.0,0.3336295058270179,0.0,11.166514050350475,2.8098935899311157,386.18963850990764
0.8497655346661188,0.0,-0.33975208539613483,0.0,0.33363411634264,0.0,11.16910237880674,2.809573589931116,387.01168382936055
0.8496491727806612,0.0,-0.3401081693237103,0.0,0.3336389658959827,0.0,11.171681873580637,2.809253589931117,387.823015632506
0.8495327974920569,0.0,-0.3404639221279784,0.0,0.3336440541213211,0.0,11.174252580068936,2.8089335899311165,388.6235612405485
0.8494164085364578,0.0,-0.34081934428310523,0.0,0.3336493806508131,0.0,11.176814543366586,2.808613589931116,389.41324638058154
0.8493000056534799,0.0,-0.3411744362647828,0.0,0.3336549451145608,0.0,11.179367808269083,2.8082935899311163,390.1919951432359
0.8491835885861644,0.0,-0.34152919855018754,0.0,0.33366074714065325,0.0,11.18191241927478,2.8079735899311173,390.95972993645034
0.8490671570809366,0.0,-0.3418836316179303,0.0,0.3336667863552231,0.0,11.18444842058715,2.807653589931117,391.7163714384236
0.8489507108875661,0.0,-0.3422377359480075,0.0,0.3336730623824961,0.0,11.186975856117105,2.8073335899311167,392.46183854377784
0.8488342497591295,0.0,-0.3425915120217611,0.0,0.3336795748448381,0.0,11.189494769485174,2.8070135899311177,393.1960483121054
0.8487177734519693,0.0,-0.3429449603218343,0.0,0.3336863233628058,0.0,11.19200520402385,2.806693589931118,393.91891590975945
0.8486012817256583,0.0,-0.3432980813321237,0.0,0.3336933075551926,0.0,11.194507202779702,2.8063735899311175,394.6303545480318
0.8484847743429592,0.0,-0.3436508755377401,0.0,0.3337005270390779,0.0,11.19700080851564,2.806053589931118,395.33027541990214
0.8483682510697892,0.0,-0.3440033434249662,0.0,0.33370798142987124,0.0,11.199486063713065,2.805733589931118,396.01858763203313
0.8482517116746962,0.0,-0.3443554854806745,0.0,0.3337156703425737,0.0,11.20196301060454,2.8054135899310375,396.6951981064857
0.8480185836131597,0.0,-0.34505879405583,0.0,0.33373175017371276,0.0,11.206892146711196,2.8047735899311177,398.01293053083816
0.847785388370138,0.0,-0.3457608051819596,0.0,0.33374876341563653,0.0,11.211788549038179,2.804133589931117,399.2826820293484
0.8475521242069504,0.0,-0.3464615227955302,0.0,0.3337667069234364,0.0,11.216652545332405,2.803493589931117,400.50362216078395
0.8473187894309228,0.0,-0.3471609508468232,0.0,0.3337855775315523,0.0,11.221484459103856,2.802853589931116,401.6748774536038
0.8470853823947935,0.0,-0.3478590932993128,0.0,0.33380537205384453,0.0,11.226284609660185,2.8022135899311165,402.7955279227398
0.8468519014956686,0.0,-0.34855595412854623,0.0,0.33382608728483537,0.0,11.231053312170898,2.8015735899311167,403.86460315151714
0.8466183451739937,0.0,-0.34925153732106595,0.0,0.3338477200009117,0.0,11.235790877730382,2.800933589931117,404.88107788867376
0.8463847119125582,0.0,-0.34994584687336155,0.0,0.3338702669614838,0.0,11.240497613419913,2.8002935899311163,405.843867100461
0.846151000235519,0.0,-0.3506388867908622,0.0,0.333893724910112,0.0,11.245173822368727,2.7996535899311152,406.7518204007389
0.8459172087074445,0.0,-0.35133066108696615,0.0,0.3339180905755944,0.0,11.249819803813969,2.799013589931116,407.6037157598413
0.8456833359323901,0.0,-0.35202117378210135,0.0,0.33394336067301544,0.0,11.254435853159823,2.7983735899311157,408.3982523847625
0.8454493805529902,0.0,-0.3527104289028163,0.0,0.33396953190476164,0.0,11.259022262035485,2.797733589931116,409.13404263216745
0.8452153412495685,0.0,-0.35339843048091124,0.0,0.3339966009615066,0.0,11.263579318352342,2.7970935899311153,409.8096027951321
0.8449812167392788,0.0,-0.35408518255258936,0.0,0.3340245645231571,0.0,11.268107306360141,2.7964535899311147,410.4233425743829
0.844747005775258,0.0,-0.3547706891576445,0.0,0.3340534192597741,0.0,11.272606506702205,2.795813589931115,410.97355298753064
0.8445127071458007,0.0,-0.35545495433868046,0.0,0.33408316183245756,0.0,11.277077196469843,2.7951735899311143,411.4583924374798
0.8442783196735597,0.0,-0.35613798214034703,0.0,0.33411378889420507,0.0,11.281519649255738,2.7945335899311146,411.87587058637416
0.8440438422147539,0.0,-0.3568197766086162,0.0,0.3341452970907404,0.0,11.285934135206553,2.793893589931115,412.22382958514197
0.8438092736584079,0.0,-0.3575003417900758,0.0,0.3341776830613113,0.0,11.290320921074647,2.793253589931114,412.4999221355709
0.8435746129255979,0.0,-0.3581796817312494,0.0,0.33421094343946717,0.0,11.294680270268891,2.792613589931115,412.7015856744879
0.8433398589687223,0.0,-0.3588578004779485,0.0,0.3342450748538052,0.0,11.299012442904719,2.7919735899311133,412.82601183272936
0.8431050107707897,0.0,-0.35953470207463356,0.0,0.3342800739286881,0.0,11.30331769585327,2.7913335899311136,412.870110045993
0.8428700673447176,0.0,-0.3602103905638176,0.0,0.3343159372849447,0.0,11.307596282789845,2.790693589931113,412.83046389678816
0.842635027732656,0.0,-0.36088486998547,0.0,0.33435266154054444,0.0,11.311848454241396,2.7900535899311127,412.7032783184885
0.8423998910053165,0.0,-0.3615581443764642,0.0,0.33439024331124306,0.0,11.316074457633416,2.789413589931114,412.48431518188573
0.8421646562613301,0.0,-0.3622302177700304,0.0,0.33442867921121044,0.0,11.320274537335896,2.7887735899311132,412.1688140094685
0.841929322626605,0.0,-0.36290109419523037,0.0,0.3344679658536425,0.0,11.324448934708627,2.7881335899311126,411.751393307682
0.8416938892537147,0.0,-0.3635707776764625,0.0,0.33450809985133584,0.0,11.32859788814572,2.787493589931111,411.2259264329578
0.8414583553212871,0.0,-0.36423927223296954,0.0,0.33454907781725995,0.0,11.332721633119354,2.786853589931112,410.58538335886783
0.8412227200334152,0.0,-0.3649065818783817,0.0,0.334590896365099,0.0,11.336820402222896,2.7862135899311116,409.82162615801485
0.8409869826190811,0.0,-0.36557271062026586,0.0,0.3346335521097731,0.0,11.340894425213245,2.7855735899311123,408.9251403435766
0.8407511423315885,0.0,-0.36623766245969464,0.0,0.33467704166795154,0.0,11.344943929052477,2.784933589931112,407.88467556384217
0.8405151984480179,0.0,-0.366901441390833,0.0,0.3347213616585344,0.0,11.348969137948824,2.784293589931111,406.6867550047481
0.8402791502686804,0.0,-0.3675640514005408,0.0,0.33476650870312985,0.0,11.352970273396997,2.7836535899311112,405.31498933556327
0.840042997116598,0.0,-0.368225496467996,0.0,0.33481247942650016,0.0,11.3569475542178,2.7830135899311106,403.749090280064
0.8398067383369867,0.0,-0.36888578056431864,0.0,0.33485927045700775,0.0,11.36090119659713,2.782373589931111,401.9634047344673
0.8395703732967569,0.0,-0.3695449076522269,0.0,0.3349068784270302,0.0,11.364831414124339,2.7817335899311106,399.924648341368
0.8393339013840193,0.0,-0.3702028816856962,0.0,0.33495529997336937,0.0,11.368738417829915,2.781093589931111,397.58822663423086
0.8390973220076097,0.0,-0.3708597066096346,0.0,0.33500453173764305,0.0,11.37262241622266,2.7804535899311102,394.8918864870669
0.8388606345966179,0.0,-0.37151538635957365,0.0,0.33505457036665753,0.0,11.37648361532609,2.77981358993111,391.7438516602809
0.8386238385999323,0.0,-0.372169924861369,0.0,0.3351054125127752,0.0,11.380322218714408,2.7791735899311094,387.9981065321165
0.8383869334857902,0.0,-0.37282332603091317,0.0,0.3351570548342622,0.0,11.38413842754778,2.7785335899311097,383.3940607839256
0.8381499187413445,0.0,-0.37347559377386824,0.0,0.33520949399561906,0.0,11.387932440607111,2.7778935899311095,377.3654250966784
0.8379127938722322,0.0,-0.3741267319853977,0.0,0.3352627266679118,0.0,11.391704454328128,2.7772535899311093,367.97107552263134
0.8376755584021602,0.0,-0.37477674454991683,0.0,0.3353167495290768,0.0,11.395454662835096,2.7766135899311095,355.0083985966581
0.8374382118724976,0.0,-0.37542563534085643,0.0,0.3353715592642224,0.0,11.399183257973814,2.775973589931109,356.4223776732505
0.8372007538418754,0.0,-0.37607340822043145,0.0,0.33542715256591094,0.0,11.402890429344154,2.7753335899311082,357.83520470615764
0.8369631838857977,0.0,-0.3767200670394201,0.0,0.335483526134442,0.0,11.406576364332103,2.774693589931108,359.2468647908019
0.836725501596261,0.0,-0.37736561563695936,0.0,0.33554067667810994,0.0,11.410241248141157,2.774053589931108,360.6573432126844
0.8364877065813823,0.0,-0.37801005784034203,0.0,0.3355986009134618,0.0,11.413885263823389,2.7734135899311085,362.06662544387575
0.8362497984650328,0.0,-0.3786533974648303,0.0,0.33565729556554025,0.0,11.41750859230983,2.772773589931108,363.47469714224457
0.8360117768864865,0.0,-0.37929563831346846,0.0,0.3357167573681172,0.0,11.421111412440538,2.7721335899311077,364.88154414898156
0.8357736415000703,0.0,-0.3799367841769169,0.0,0.33577698306391796,0.0,11.42469390099396,2.7714935899311075,366.28715248683665
0.8355353919748222,0.0,-0.380576838833285,0.0,0.33583796940483573,0.0,11.428256232716087,2.7708535899311078,367.691508357226
0.8352970279941621,0.0,-0.3812158060479745,0.0,0.33589971315213946,0.0,11.431798580348902,2.770213589931107,369.09459813952515
0.8350585492555649,0.0,-0.3818536895735342,0.0,0.3359622110766682,0.0,11.435321114658526,2.769573589931107,370.49640838854583
0.8348199554702455,0.0,-0.3824904931495162,0.0,0.33602545995902033,0.0,11.438824004462802,2.7689335899311067,371.89692583283073
0.8345812463628437,0.0,-0.38312622050234596,0.0,0.3360894565897351,0.0,11.442307416658567,2.7682935899311065,373.2961373721725
0.8343424216711256,0.0,-0.38376087534519376,0.0,0.3361541977694646,0.0,11.445771516248325,2.7676535899311068,374.69403007684423
0.834103481145684,0.0,-0.38439446137785727,0.0,0.33621968030913535,0.0,11.449216466366622,2.767013589931106,376.0905911847882
0.833864424549647,0.0,-0.3850269822866483,0.0,0.33628590103011247,0.0,11.452642428305944,2.7663735899311064,377.4858081005648
0.8336252516583973,0.0,-0.3856584417442871,0.0,0.33635285676434074,0.0,11.456049561542258,2.7657335899311057,378.8796683924657
0.833385962259293,0.0,-0.3862888434098033,0.0,0.33642054435449337,0.0,11.459438023759999,2.7650935899311055,380.2721597924404
0.8331465561513954,0.0,-0.3869181909284402,0.0,0.33648896065410605,0.0,11.46280797087686,2.764453589931105,381.6632701924388
0.8329070331452041,0.0,-0.3875464879315697,0.0,0.3365581025277079,0.0,11.466159557068043,2.763813589931105,383.05298764420934
0.8326673930623999,0.0,-0.3881737380366082,0.0,0.33662796685093993,0.0,11.469492934790184,2.7631735899311045,384.44130035687704
0.8324276357355852,0.0,-0.3887999448469383,0.0,0.3366985505106801,0.0,11.47280825480487,2.762533589931105,385.8281966950882
0.832187761008042,0.0,-0.389425111951843,0.0,0.3367698504051449,0.0,11.476105666201814,2.7618935899311046,387.213665178381
0.8319477687334845,0.0,-0.39004924292643106,0.0,0.3368418634440024,0.0,11.479385316421672,2.7612535899311044,388.5976944775696
0.8317076587758253,0.0,-0.3906723413315835,0.0,0.33691458654846435,0.0,11.482647351278429,2.760613589931104,389.98027341551955
0.8314674310089377,0.0,-0.3912944107138911,0.0,0.3369880166513879,0.0,11.485891914981519,2.759973589931104,391.3613909632749
0.8312270853164355,0.0,-0.3919154546056052,0.0,0.3370621506973576,0.0,11.489119150157551,2.759333589931103,392.7410362407085
0.8309866215914445,0.0,-0.39253547652458803,0.0,0.33713698564277345,0.0,11.492329197871703,2.758693589931103,394.11919851242936
0.8307460397363889,0.0,-0.3931544799742727,0.0,0.3372125184559272,0.0,11.495522197648784,2.758053589931103,395.495867188585
0.830505339662777,0.0,-0.3937724684436183,0.0,0.3372887461170786,0.0,11.49869828749397,2.757413589931103,396.87103182191623
0.830264521290993,0.0,-0.3943894454070828,0.0,0.3373656656185208,0.0,11.501857603913185,2.756773589931102,398.2446821062001
0.8300235845500951,0.0,-0.39500541432458053,0.0,0.3374432739646503,0.0,11.50500028193322,2.7561335899311032,399.6168078759388
0.8297825293776139,0.0,-0.395620378641467,0.0,0.33752156817202306,0.0,11.508126455121493,2.7554935899311026,400.98739910336735
0.8295413557193604,0.0,-0.3962343417885048,0.0,0.33760054526941247,0.0,11.511236255605521,2.7548535899311024,402.3564458980632
0.8293000635292316,0.0,-0.3968473071818492,0.0,0.33768020229786366,0.0,11.514329814092068,2.754213589931102,403.72393850507603
0.8290586527690298,0.0,-0.397459278223027,0.0,0.33776053631073694,0.0,11.517407259886074,2.753573589931103,405.08986730345583
0.8288171234082732,0.0,-0.3980702582989259,0.0,0.33784154437375846,0.0,11.520468720909154,2.752933589931102,406.45422280473207
0.8285754754240234,0.0,-0.39868025078178077,0.0,0.33792322356505516,0.0,11.523514323717908,2.7522935899311016,407.8169956517653
0.8283337088007079,0.0,-0.3992892590291676,0.0,0.33800557097519635,0.0,11.526544193522016,2.7516535899311014,409.17817661730686
0.8280918235299488,0.0,-0.3998972863839992,0.0,0.33808858370722555,0.0,11.52955845420183,2.7510135899311017,410.53775660283657
0.8278498196103972,0.0,-0.40050433617452225,0.0,0.33817225887668995,0.0,11.532557228325956,2.7503735899311006,411.8957266362919
0.8276076970475683,0.0,-0.40111041171431655,0.0,0.33825659361167254,0.0,11.535540637168365,2.749733589931101,413.2520778718665
0.8273654558536828,0.0,-0.40171551630230096,0.0,0.33834158505280937,0.0,11.538508800725383,2.7490935899311006,414.60680158807236
0.8271230960475083,0.0,-0.40231965322273855,0.0,0.3384272303533165,0.0,11.541461837732296,2.748453589931101,415.9598891863747
0.826880617654208,0.0,-0.40292282574524274,0.0,0.3385135266790058,0.0,11.544399865679829,2.7478135899311003,417.31133219033626
0.8266380207051881,0.0,-0.4035250371247914,0.0,0.33860047120829984,0.0,11.547323000830293,2.7471735899311,418.6611222435793
0.8263953052379535,0.0,-0.4041262906017368,0.0,0.33868806113224686,0.0,11.550231358233484,2.7465335899311,420.0092511089926
0.8261524712959647,0.0,-0.404726589401822,0.0,0.3387762936545282,0.0,11.553125051742393,2.7458935899310997,421.3557106686781
0.8259095189284915,0.0,-0.4053259367361975,0.0,0.33886516599146954,0.0,11.556004194028617,2.7452535899311,422.7004929193079
0.8256664481904837,0.0,-0.40592433580144216,0.0,0.3389546753720403,0.0,11.558868896597616,2.7446135899310993,424.0435899746114
0.8254232591424304,0.0,-0.4065217897795808,0.0,0.3390448190378635,0.0,11.56171926980365,2.7439735899310986,425.38499406253004
0.8251799518502295,0.0,-0.40711830183811076,0.0,0.33913559424321027,0.0,11.564555422864546,2.7433335899310984,426.7246975231766
0.8249365263850604,0.0,-0.40771387513002466,0.0,0.33922699825500147,0.0,11.567377463876223,2.7426935899310987,428.06269280952574
0.8246929828232563,0.0,-0.4083085127938368,0.0,0.33931902835280364,0.0,11.570185499827046,2.742053589931098,429.3989724850764
0.8244493212461795,0.0,-0.4089022179536141,0.0,0.33941168182882037,0.0,11.57297963661188,2.7414135899310983,430.7335292220763
0.824205541740103,0.0,-0.40949499371900194,0.0,0.3395049559878883,0.0,11.57575997904599,2.7407735899310985,432.06635580209553
0.8239616443960903,0.0,-0.4100868431852594,0.0,0.3395988481474643,0.0,11.578526630878772,2.740133589931097,433.39744511347345
0.8237176293098804,0.0,-0.4106777694332868,0.0,0.3396933556376157,0.0,11.58127969480712,2.7394935899310977,434.72679015089676
0.8234734965817732,0.0,-0.41126777552966676,0.0,0.33978847580100624,0.0,11.584019272488844,2.738853589931097,436.05438401396606
0.82322924631652,0.0,-0.4118568645266952,0.0,0.33988420599287894,0.0,11.586745464555678,2.7382135899310973,437.38021990620933
0.8229848786232125,0.0,-0.4124450394624185,0.0,0.3399805435810446,0.0,11.589458370626133,2.7375735899310967,438.704291133711
0.8227403936151803,0.0,-0.413032303360673,0.0,0.3400774859458561,0.0,11.592158089318296,2.7369335899310974,440.0265911051473
0.8224957914098806,0.0,-0.4136186592311257,0.0,0.3401750304801959,0.0,11.59484471826224,2.7362935899310967,441.3471133286335
0.8222510721288034,0.0,-0.41420411006931096,0.0,0.3402731745894479,0.0,11.597518354112404,2.735653589931096,442.6658514126584
0.822006235897367,0.0,-0.4147886588566743,0.0,0.3403719156914785,0.0,11.600179092559745,2.7350135899310963,443.9827990647575
0.8217612828448193,0.0,-0.41537230856061763,0.0,0.3404712512166132,0.0,11.602827028343683,2.734373589931096,445.2979500884822
0.8215162131041474,0.0,-0.4159550621345366,0.0,0.340571178607608,0.0,11.605462255263896,2.733733589931096,446.6112983855279
0.8212710268119775,0.0,-0.4165369225178725,0.0,0.34067169531962405,0.0,11.608084866191948,2.7330935899310957,447.922837951793
0.8210257241084896,0.0,-0.41711789263615234,0.0,0.34077279882019923,0.0,11.610694953082739,2.732453589931096,449.2325628788732
0.820780305137322,0.0,-0.41769797540103915,0.0,0.3408744865892196,0.0,11.613292606985798,2.731813589931096,450.5404673509851
0.8205347700454854,0.0,-0.4182771737103759,0.0,0.34097675611889133,0.0,11.615877918056363,2.7311735899310947,451.8465456448452
0.8202891189832814,0.0,-0.41885549044823683,0.0,0.3410796049136999,0.0,11.618450975566398,2.730533589931094,453.1507921300307
0.8200433521042101,0.0,-0.41943292848497377,0.0,0.34118303049038984,0.0,11.621011867915355,2.729893589931095,454.45320126469477
0.8197974695648917,0.0,-0.4200094906772691,0.0,0.34128703037792524,0.0,11.623560682640854,2.7292535899310946,455.7537675983689
0.819551471524989,0.0,-0.4205851798681812,0.0,0.341391602117453,0.0,11.626097506429106,2.7286135899310944,457.0524857685428
0.8193053581471217,0.0,-0.4211599988872013,0.0,0.3414967432622719,0.0,11.628622425125346,2.727973589931094,458.3493505009587
0.8190591295967943,0.0,-0.42173395055029955,0.0,0.3416024513777939,0.0,11.63113552374395,2.7273335899310935,459.64435660765236
0.8188127860423169,0.0,-0.42230703765998007,0.0,0.341708724041509,0.0,11.633636886478527,2.7266935899310933,460.9374989868936
0.8185663276547339,0.0,-0.42287926300533535,0.0,0.3418155588429431,0.0,11.636126596711788,2.7260535899310936,462.22877262228866
0.8183197546077474,0.0,-0.42345062936209615,0.0,0.34192295338362544,0.0,11.63860473702535,2.7254135899310934,463.51817258115
0.8180730670776515,0.0,-0.42402113949268755,0.0,0.3420309052770432,0.0,11.641071389209301,2.7247735899310936,464.805694014881
0.8178262652432575,0.0,-0.42459079614628215,0.0,0.34213941214860466,0.0,11.643526634271753,2.724133589931093,466.0913321563848
0.8175793492858283,0.0,-0.42515960205885656,0.0,0.3422484716355978,0.0,11.645970552448132,2.7234935899310924,467.3750823209339
0.8173323193890103,0.0,-0.42572755995324324,0.0,0.3423580813871489,0.0,11.648403223210426,2.7228535899310926,468.6569399040651
0.8170851757387693,0.0,-0.42629467253919073,0.0,0.3424682390641802,0.0,11.650824725276287,2.722213589931092,469.93690038146855
0.8168379185233274,0.0,-0.426860942513416,0.0,0.34257894233936353,0.0,11.653235136617958,2.7215735899310927,471.2149593075685
0.8165905479330959,0.0,-0.42742637255966137,0.0,0.3426901888970863,0.0,11.655634534471144,2.7209335899310925,472.49111231623345
0.8163430641606184,0.0,-0.4279909653487542,0.0,0.3428019764333969,0.0,11.65802299534367,2.7202935899310923,473.76535511628157
0.8160954674005081,0.0,-0.42855472353865876,0.0,0.3429143026559683,0.0,11.66040059502414,2.7196535899310916,475.0376834956663
0.8158477578493912,0.0,-0.42911764977453704,0.0,0.3430271652840491,0.0,11.662767408590343,2.719013589931091,476.30809331683105
0.8155999357058478,0.0,-0.42967974668880593,0.0,0.34314056204841803,0.0,11.665123510417631,2.7183735899310912,477.5765805183003
0.8153520011703541,0.0,-0.4302410169011939,0.0,0.34325449069134173,0.0,11.667468974187152,2.7177335899310915,478.84314111165145
0.8151039544452288,0.0,-0.43080146301880035,0.0,0.34336894896652603,0.0,11.669803872893974,2.7170935899310904,480.10777118205607
0.8148557957345797,0.0,-0.431361087636153,0.0,0.3434839346390673,0.0,11.67212827885506,2.7164535899310898,481.3704668880718
0.81460752524425,0.0,-0.43191989333526426,0.0,0.34359944548541066,0.0,11.674442263717218,2.7158135899310905,482.6312244602806
0.8143591431817653,0.0,-0.4324778826856938,0.0,0.34371547929329904,0.0,11.676745898464818,2.71517358993109,483.8900401999645
0.8141106497562829,0.0,-0.4330350582446048,0.0,0.34383203386172706,0.0,11.679039253427533,2.7145335899310896,485.1469104787187
0.8138620451785444,0.0,-0.43359142255682354,0.0,0.3439491070008907,0.0,11.68132239828788,2.71389358993109,486.40183173848135
0.8136133296608242,0.0,-0.43414697815489733,0.0,0.344066696532144,0.0,11.6835954020887,2.7132535899310892,487.6548004899655
0.813364503416883,0.0,-0.43470172755915504,0.0,0.34418480028794507,0.0,11.685858333240514,2.712613589931089,488.9058133117112
0.8131155666619226,0.0,-0.4352556732777635,0.0,0.344303416111811,0.0,11.688111259528805,2.7119735899310893,490.15486685146925
0.8128665196125355,0.0,-0.4358088178067915,0.0,0.34442254185826815,0.0,11.69035424812116,2.7113335899310886,491.40195782088426
0.8126173624866658,0.0,-0.4363611636302646,0.0,0.34454217539280124,0.0,11.692587365574374,2.710693589931089,492.64708300078956
0.8123680955035619,0.0,-0.436912713220226,0.0,0.34466231459180696,0.0,11.69481067784138,2.7100535899310882,493.89023923625956
0.8121187188837335,0.0,-0.4374634690367963,0.0,0.34478295734254205,0.0,11.697024250278162,2.709413589931089,495.13142343657114
0.8118692328489121,0.0,-0.4380134335282331,0.0,0.3449041015430733,0.0,11.699228147650535,2.708773589931088,496.37063257653875
0.8116196376220054,0.0,-0.4385626091309889,0.0,0.3450257451022315,0.0,11.7014224341408,2.708133589931088,497.6078636927652
0.8113699334270636,0.0,-0.43911099826977257,0.0,0.34514788593955364,0.0,11.703607173354401,2.7074935899310884,498.84311388661865
0.8111201204892321,0.0,-0.4396586033576063,0.0,0.3452705219852434,0.0,11.705782428326414,2.7068535899310877,500.076380320003
0.8108701990347197,0.0,-0.440205426795887,0.0,0.3453936511801102,0.0,11.707948261527969,2.7062135899310875,501.30766021734
0.810620169290755,0.0,-0.44075147097444395,0.0,0.3455172714755279,0.0,11.710104734872571,2.705573589931087,502.536950863184
0.8103700314855553,0.0,-0.4412967382716008,0.0,0.3456413808333758,0.0,11.712251909722411,2.704933589931087,503.76424960288796
0.8101197858482849,0.0,-0.4418412310542314,0.0,0.3457659772259949,0.0,11.714389846894475,2.704293589931087,504.98955384098304
0.8098694326090222,0.0,-0.4423849516778201,0.0,0.3458910586361361,0.0,11.7165186066667,2.7036535899310863,506.21286104133236
0.8096189719987249,0.0,-0.4429279024865225,0.0,0.3460166230569048,0.0,11.718638248783886,2.703013589931087,507.43416872635254
0.8093684042491959,0.0,-0.44347008581322234,0.0,0.3461426684917157,0.0,11.720748832463729,2.702373589931087,508.6534744750978
0.8091177295930495,0.0,-0.4440115039795915,0.0,0.3462691929542383,0.0,11.722850416402622,2.7017335899310866,509.87077592563793
0.808866948263678,0.0,-0.44455215929614883,0.0,0.34639619446835007,0.0,11.724943058781385,2.7010935899310855,511.08607077137606
0.8086160604952218,0.0,-0.44509205406231606,0.0,0.3465236710680814,0.0,11.72702681727104,2.7004535899310858,512.2993567614332
0.8083650665225366,0.0,-0.44563119056648176,0.0,0.34665162079756756,0.0,11.72910174903839,2.699813589931086,513.5106317013731
0.8081139665811621,0.0,-0.44616957108605654,0.0,0.34678004171099647,0.0,11.731167910751566,2.6991735899310854,514.7198934507342
0.8078627609072954,0.0,-0.44670719788752855,0.0,0.34690893187255784,0.0,11.733225358585484,2.6985335899310847,515.9271399237501
0.8076114497377562,0.0,-0.4472440732265292,0.0,0.347038289356395,0.0,11.735274148227331,2.697893589931085,517.1323690880815
0.8073600333099644,0.0,-0.44778019934788266,0.0,0.34716811224655064,0.0,11.737314334881761,2.6972535899310843,518.3355789649634
0.8071085118619054,0.0,-0.44831557848567144,0.0,0.34729839863691836,0.0,11.739345973276281,2.696613589931084,519.5367676278107
0.806856885632109,0.0,-0.4488502128632866,0.0,0.34742914663119073,0.0,11.74136911766637,2.6959735899310844,520.7359332019734
0.8066051548596165,0.0,-0.44938410469349316,0.0,0.3475603543428103,0.0,11.743383821840638,2.695333589931084,521.9330738644052
0.8063533197839589,0.0,-0.44991725617848133,0.0,0.34769201989491755,0.0,11.745390139125867,2.6946935899310844,523.1281878430025
0.8061013806451285,0.0,-0.4504496695099268,0.0,0.3478241414203014,0.0,11.74738812239202,2.6940535899310833,524.3212734165267
0.8058493376835555,0.0,-0.450981346869047,0.0,0.34795671706134657,0.0,11.749377824057156,2.6934135899310836,525.5123289130821
0.8055971911400808,0.0,-0.45151229042665786,0.0,0.34808974496998774,0.0,11.751359296092335,2.692773589931083,526.7013527106898
0.8053449412559324,0.0,-0.4520425023432298,0.0,0.3482232233076574,0.0,11.75333259002634,2.692133589931083,527.888343234605
0.8050925882727042,0.0,-0.4525719847689478,0.0,0.3483571502452318,0.0,11.755297756950498,2.691493589931083,529.0732989601457
0.8048401324323312,0.0,-0.45310073984376303,0.0,0.34849152396298644,0.0,11.757254847523352,2.6908535899310824,530.2562184108278
0.8045875739770654,0.0,-0.45362876969745014,0.0,0.3486263426505434,0.0,11.759203911975204,2.6902135899310826,531.4371001564242
0.8043349131494539,0.0,-0.45415607644966743,0.0,0.34876160450682275,0.0,11.761145000112782,2.689573589931083,532.61594281262
0.8040821501923194,0.0,-0.4546826622100056,0.0,0.3488973077399924,0.0,11.76307816132367,2.6889335899310822,533.792745043023
0.8038292853487385,0.0,-0.4552085290780491,0.0,0.3490334505674165,0.0,11.765003444580797,2.688293589931082,534.9675055574468
0.8035763188620177,0.0,-0.45573367914342844,0.0,0.34917003121561085,0.0,11.766920898446788,2.687653589931082,536.1402231094921
0.8033232509756767,0.0,-0.45625811448587567,0.0,0.3493070479201888,0.0,11.768830571078329,2.6870135899310816,537.3108964992915
0.8030700819334249,0.0,-0.4567818371752805,0.0,0.34944449892581564,0.0,11.770732510230438,2.6863735899310814,538.4795245696033
0.8028168119791468,0.0,-0.4573048492717442,0.0,0.3495823824861547,0.0,11.772626763260691,2.685733589931081,539.6461062090322
0.8025634413568786,0.0,-0.4578271528256321,0.0,0.3497206968638248,0.0,11.774513377133383,2.6850935899310806,540.8106403479087
0.80230997031079,0.0,-0.4583487498776308,0.0,0.3498594403303494,0.0,11.776392398423665,2.684453589931081,541.9731259616404
0.8020563990851692,0.0,-0.45886964245880163,0.0,0.3499986111661026,0.0,11.778263873321595,2.683813589931081,543.1335620664104
0.8018027279243999,0.0,-0.45938983259063254,0.0,0.3501382076602701,0.0,11.78012784763616,2.683173589931081,544.2919477206963
0.8015489570729495,0.0,-0.4599093222850928,0.0,0.35027822811079284,0.0,11.781984366799255,2.6825335899310807,545.4482820264044
0.8012950867753471,0.0,-0.4604281135446864,0.0,0.35041867082432415,0.0,11.783833475869605,2.681893589931079,546.6025641249623
0.8010411172761688,0.0,-0.46094620836250483,0.0,0.35055953411617863,0.0,11.785675219536593,2.68125358993108,547.7547931988767
0.800787048820023,0.0,-0.4614636087222793,0.0,0.35070081631028616,0.0,11.787509642124112,2.6806135899310797,548.904968472283
0.8005328816515312,0.0,-0.46198031659843564,0.0,0.35084251573914244,0.0,11.789336787594344,2.679973589931079,550.0530892076778
0.8002786160153138,0.0,-0.4624963339561423,0.0,0.35098463074376585,0.0,11.791156699551468,2.6793335899310793,551.1991547077027
0.8000242521559761,0.0,-0.4630116627513676,0.0,0.35112715967364405,0.0,11.792969421245354,2.678693589931079,552.3431643154873
0.7997697903180901,0.0,-0.46352630493092634,0.0,0.3512701008866926,0.0,11.794774995575176,2.678053589931079,553.4851174106062
0.7995152307461827,0.0,-0.46404026243253554,0.0,0.35141345274920505,0.0,11.796573465093054,2.6774135899310787,554.6250134118616
0.7992605736847223,0.0,-0.46455353718486286,0.0,0.3515572136358054,0.0,11.79836487200752,2.6767735899310785,555.7628517771999
0.7990058193780993,0.0,-0.4650661311075819,0.0,0.351701381929404,0.0,11.800149258187098,2.676133589931078,556.898631999598
0.7987509680706192,0.0,-0.4655780461114156,0.0,0.3518459560211512,0.0,11.8019266651637,2.6754935899310786,558.0323536115336
0.7984960200064845,0.0,-0.46608928409819567,0.0,0.3519909343103897,0.0,11.803697134136113,2.674853589931077,559.1640161810878
0.7982409754297842,0.0,-0.46659984696090456,0.0,0.35213631520460814,0.0,11.805460705973315,2.6742135899310777,560.2936193133341
0.7979858345844788,0.0,-0.46710973658373234,0.0,0.35228209711939795,0.0,11.807217421217802,2.6735735899310775,561.4211626473813
0.7977305977143903,0.0,-0.4676189548421218,0.0,0.35242827847840674,0.0,11.80896732008897,2.6729335899310778,562.5466458600946
0.7974752650631872,0.0,-0.4681275036028224,0.0,0.3525748577132905,0.0,11.810710442486268,2.6722935899310776,563.6700686627415
0.797219836874376,0.0,-0.468635384723934,0.0,0.35272183326367185,0.0,11.812446827992469,2.671653589931077,564.7914308014285
0.7969643133912857,0.0,-0.4691426000549595,0.0,0.35286920357709506,0.0,11.814176515876833,2.671013589931077,565.9107320561031
0.7967086948570605,0.0,-0.46964915143685443,0.0,0.353016967108977,0.0,11.81589954509825,2.670373589931077,567.027972242523
0.7964529815146447,0.0,-0.4701550407020737,0.0,0.35316512232256747,0.0,11.817615954308312,2.6697335899310772,568.143151208282
0.7961971736067728,0.0,-0.47066026967461977,0.0,0.3533136676889042,0.0,11.81932578185444,2.669093589931076,569.2562688344161
0.7959412713759623,0.0,-0.47116484017009064,0.0,0.353462601686765,0.0,11.82102906578282,2.6684535899310764,570.3673250359664
0.795685275064498,0.0,-0.47166875399572933,0.0,0.35361192280262993,0.0,11.8227258438415,2.667813589931076,571.4763197608256
0.795429184914427,0.0,-0.47217201295047,0.0,0.3537616295306285,0.0,11.824416153483213,2.6671735899310756,572.5832529877296
0.7951730011675446,0.0,-0.47267461882498396,0.0,0.3539117203725082,0.0,11.826100031868458,2.666533589931075,573.6881247287328
0.7949167240653866,0.0,-0.4731765734017293,0.0,0.35406219383758003,0.0,11.827777515868217,2.6658935899310756,574.7909350263559
0.7946603538492197,0.0,-0.47367787845499737,0.0,0.3542130484426827,0.0,11.829448642066936,2.6652535899310745,575.8916839551646
0.7944038907600328,0.0,-0.47417853575095514,0.0,0.3543642827121364,0.0,11.831113446765274,2.6646135899310757,576.9903716207875
0.7941473350385269,0.0,-0.4746785470476983,0.0,0.35451589517770055,0.0,11.832771965982904,2.663973589931074,578.0869981595947
0.7938906869251051,0.0,-0.4751779140952915,0.0,0.3546678843785331,0.0,11.834424235461277,2.6633335899310735,579.1815637362303
0.7936339466598695,0.0,-0.47567663863581433,0.0,0.3548202488611449,0.0,11.836070290666292,2.6626935899310737,580.2740685483084
0.7933771144826057,0.0,-0.47617472240341285,0.0,0.35497298717936177,0.0,11.83771016679106,2.6620535899310735,581.3645128208768
0.7931201906327785,0.0,-0.47667216712433563,0.0,0.35512609789428046,0.0,11.83934389875848,2.6614135899310742,582.4528968084475
0.7928631753495248,0.0,-0.47716897451698803,0.0,0.35527957957422557,0.0,11.840971521223906,2.6607735899310736,583.5392207962386
0.7926060688716429,0.0,-0.477665146291968,0.0,0.35543343079471124,0.0,11.842593068577736,2.6601335899310734,584.6234850961567
0.7923488714375876,0.0,-0.478160684152118,0.0,0.35558765013839855,0.0,11.844208574947992,2.6594935899310728,585.7056900493031
0.7920915832854604,0.0,-0.4786555897925647,0.0,0.3557422361950544,0.0,11.845818074202786,2.658853589931073,586.7858360249376
0.7918342046530041,0.0,-0.4791498649007636,0.0,0.35589718756151123,0.0,11.847421599952899,2.6582135899310733,587.86392341956
0.7915767357775956,0.0,-0.47964351115654386,0.0,0.35605250284162593,0.0,11.84901918555422,2.657573589931073,588.9399526579905
0.7913191768962382,0.0,-0.48013653023215186,0.0,0.3562081806462395,0.0,11.850610864110184,2.6569335899310724,590.0139241912785
0.7910615282455542,0.0,-0.4806289237922932,0.0,0.3563642195931389,0.0,11.852196668474223,2.656293589931072,591.0858384976133
0.7908037900617817,0.0,-0.48112069349417436,0.0,0.3565206183070138,0.0,11.853776631252124,2.655653589931072,592.1556960820474
0.7905459625807643,0.0,-0.4816118409875495,0.0,0.35667737541941963,0.0,11.855350784804408,2.655013589931072,593.2234974757839
0.7902880460379471,0.0,-0.4821023679147592,0.0,0.35683448956873715,0.0,11.856919161248639,2.6543735899310708,594.2892432354819
0.7900300406683712,0.0,-0.48259227591077314,0.0,0.35699195940013234,0.0,11.858481792461776,2.653733589931072,595.3529339444901
0.7897719467066646,0.0,-0.4830815666032346,0.0,0.35714978356552,0.0,11.860038710082419,2.6530935899310713,596.414570210577
0.7895137643870411,0.0,-0.4835702416124986,0.0,0.35730796072352183,0.0,11.861589945513069,2.6524535899310706,597.4741526672238
0.7892554939432916,0.0,-0.48405830255167387,0.0,0.3574664895394297,0.0,11.863135529922404,2.6518135899310713,598.5316819724336
0.7889971356087776,0.0,-0.48454575102666936,0.0,0.35762536868516803,0.0,11.864675494247386,2.65117358993107,599.5871588096768
0.7887386896164311,0.0,-0.4850325886362258,0.0,0.35778459683925057,0.0,11.866209869195554,2.65053358993107,600.6405838852033
0.7884801561987433,0.0,-0.4855188169719637,0.0,0.3579441726867519,0.0,11.867738685247089,2.6498935899310707,601.6919579304289
0.7882215355877639,0.0,-0.4860044376184224,0.0,0.35810409491925943,0.0,11.869261972657,2.6492535899310705,602.7412817003398
0.7879628280150945,0.0,-0.486489452153098,0.0,0.35826436223484187,0.0,11.870779761457202,2.64861358993107,603.7885559734524
0.7877040337118837,0.0,-0.4869738621464847,0.0,0.3584249733380116,0.0,11.872292081458617,2.6479735899310692,604.833781551226
0.787445152908824,0.0,-0.4874576691621149,0.0,0.3585859269396855,0.0,11.873798962253206,2.6473335899310695,605.8769592587153
0.7871861858361442,0.0,-0.4879408747565987,0.0,0.35874722175714907,0.0,11.875300433216037,2.6466935899310693,606.9180899430006
0.7869271327236103,0.0,-0.4884234804796616,0.0,0.3589088565140197,0.0,11.876796523507275,2.6460535899310687,607.9571744746199
0.7866679938005149,0.0,-0.48890548787418486,0.0,0.3590708299402111,0.0,11.878287262074197,2.6454135899310693,608.994213744729
0.7864087692956794,0.0,-0.489386898476244,0.0,0.3592331407718943,0.0,11.879772677653127,2.6447735899310696,610.0292086685081
0.7861494594374436,0.0,-0.48986771381514915,0.0,0.3593957877514647,0.0,11.881252798771419,2.644133589931068,611.0621601810873
0.7858900644536689,0.0,-0.49034793541347754,0.0,0.35955876962750494,0.0,11.882727653749338,2.6434935899310683,612.0930692403155
0.7856305845717276,0.0,-0.4908275647871184,0.0,0.3597220851547499,0.0,11.884197270702021,2.642853589931068,613.1219368249926
0.7853710200185047,0.0,-0.4913066034453069,0.0,0.35988573309404837,0.0,11.885661677541295,2.6422135899310675,614.1487639340004
0.7851113710203922,0.0,-0.49178505289066327,0.0,0.36004971221233045,0.0,11.887120901977605,2.6415735899310673,615.1735515893942
0.7848516378032845,0.0,-0.4922629146192272,0.0,0.3602140212825746,0.0,11.888574971521782,2.6409335899310684,616.1963008306802
0.784591820592576,0.0,-0.4927401901205015,0.0,0.36037865908376804,0.0,11.89002391348693,2.6402935899310678,617.2170127189833
0.7843319196131598,0.0,-0.4932168808774807,0.0,0.360543624400876,0.0,11.891467754990208,2.639653589931067,618.2356883370511
0.7840719350894229,0.0,-0.493692988366694,0.0,0.360708916024803,0.0,11.892906522954577,2.6390135899310665,619.2523287857897
0.783811867245242,0.0,-0.49416851405823775,0.0,0.36087453275236464,0.0,11.894340244110587,2.6383735899310667,620.266935185659
0.7835517163039833,0.0,-0.49464345941581483,0.0,0.36104047338624734,0.0,11.89576894499814,2.6377335899310665,621.2795086777818
0.7832914824884968,0.0,-0.4951178258967698,0.0,0.36120673673497955,0.0,11.897192651968174,2.6370935899310664,622.2900504203246
0.7830311660211176,0.0,-0.4955916149521218,0.0,0.3613733216128945,0.0,11.8986113911844,2.636453589931066,623.2985615936758
0.7827707671236568,0.0,-0.4960648280266038,0.0,0.3615402268401004,0.0,11.900025188624952,2.635813589931066,624.3050433933436
0.7825102860174064,0.0,-0.496537466558696,0.0,0.36170745124244336,0.0,11.901434070084077,2.635173589931066,625.3094970360493
0.7822497229231323,0.0,-0.4970095319806619,0.0,0.36187499365147646,0.0,11.902838061173817,2.634533589931066,626.3119237558356
0.7819890780610721,0.0,-0.49748102571858227,0.0,0.3620428529044278,0.0,11.904237187325556,2.6338935899310654,627.3123248047817
0.781728351650936,0.0,-0.49795194919238933,0.0,0.3622110278441639,0.0,11.905631473791702,2.633253589931065,628.3107014529053
0.7814675439118995,0.0,-0.4984223038159039,0.0,0.36237951731916346,0.0,11.907020945647275,2.632613589931065,629.3070549881563
0.7812066550626069,0.0,-0.49889209099686566,0.0,0.3625483201834801,0.0,11.90840562779148,2.631973589931065,630.3013867161268
0.7809456853211644,0.0,-0.49936131213697055,0.0,0.3627174352967121,0.0,11.90978554494923,2.6313335899310646,631.2936979591703
0.7806846349051412,0.0,-0.49982996863190343,0.0,0.36288686152397004,0.0,11.911160721672763,2.6306935899310644,632.2839900570908
0.7804235040315668,0.0,-0.5002980618713707,0.0,0.36305659773584686,0.0,11.912531182343102,2.6300535899310633,633.2722643666399
0.7801622929169297,0.0,-0.5007655932391344,0.0,0.363226642808383,0.0,11.913896951171635,2.629413589931064,634.2585222608465
0.7799010017771729,0.0,-0.5012325641130464,0.0,0.36339699562303945,0.0,11.91525805220153,2.6287735899310642,635.2427651298361
0.7796396308276967,0.0,-0.5016989758650803,0.0,0.36356765506666266,0.0,11.916614509309314,2.6281335899310636,636.2249943790445
0.7793781802833544,0.0,-0.5021648298613625,0.0,0.3637386200314566,0.0,11.917966346206251,2.627493589931064,637.2052114314249
0.7791166503584503,0.0,-0.5026301274622097,0.0,0.3639098894149494,0.0,11.919313586439808,2.626853589931063,638.1834177252682
0.77885504126674,0.0,-0.5030948700221546,0.0,0.36408146211996656,0.0,11.920656253395153,2.626213589931063,639.1596147133829
0.7785933532214273,0.0,-0.5035590588899838,0.0,0.36425333705459695,0.0,11.921994370296494,2.625573589931063,640.1338038659545
0.7783315864351659,0.0,-0.504022695408767,0.0,0.36442551313216287,0.0,11.923327960208516,2.6249335899310626,641.105986667533
0.7780697411200542,0.0,-0.5044857809158886,0.0,0.36459798927119347,0.0,11.924657046037773,2.6242935899310624,642.0761646187561
0.7778078174876364,0.0,-0.5049483167430797,0.0,0.3647707643953917,0.0,11.925981650534059,2.6236535899310627,643.0443392334853
0.7775458157489007,0.0,-0.5054103042164508,0.0,0.36494383743360587,0.0,11.92730179629178,2.6230135899310625,644.010512042292
0.7772837361142799,0.0,-0.5058717446565197,0.0,0.3651172073198003,0.0,11.92861750575125,2.622373589931062,644.974684589616
0.7770215787936471,0.0,-0.5063326393782459,0.0,0.36529087299302593,0.0,11.929928801200079,2.6217335899310616,645.936858434122
0.7767593439963183,0.0,-0.506792989691059,0.0,0.36546483339739116,0.0,11.931235704774483,2.621093589931061,646.8970351487222
0.7764970319310487,0.0,-0.5072527968988905,0.0,0.3656390874820328,0.0,11.932538238460538,2.620453589931061,647.8552163213799
0.776234642806033,0.0,-0.507712062300203,0.0,0.36581363420108876,0.0,11.933836424095547,2.6198135899310606,648.8114035529809
0.7759721768289063,0.0,-0.5081707871880214,0.0,0.36598847251366706,0.0,11.935130283369249,2.619173589931061,649.7655984581695
0.7757096342067401,0.0,-0.5086289728499639,0.0,0.3661636013838181,0.0,11.936419837825108,2.6185335899310607,650.7178026661368
0.7754470151460436,0.0,-0.5090866205682673,0.0,0.36633901978051125,0.0,11.9377051088616,2.6178935899310605,651.6680178191245
0.7751843198527634,0.0,-0.5095437316198228,0.0,0.3665147266775978,0.0,11.938986117733371,2.61725358993106,652.6162455721014
0.7749215485322809,0.0,-0.5100003072761985,0.0,0.36669072105379286,0.0,11.940262885552526,2.616613589931061,653.5624875933968
0.774658701389415,0.0,-0.5104563488036779,0.0,0.36686700189263843,0.0,11.941535433289827,2.6159735899310603,654.5067455652619
0.7743957786284179,0.0,-0.5109118574632784,0.0,0.36704356818248407,0.0,11.942803781775861,2.6153335899310597,655.4490211810677
0.7741327804529787,0.0,-0.5113668345107866,0.0,0.367220418916454,0.0,11.944067951702298,2.61469358993106,656.3893161484431
0.7738697070662189,0.0,-0.5118212811967868,0.0,0.36739755309242283,0.0,11.94532796362299,2.6140535899310593,657.3276321865688
0.773606558670695,0.0,-0.5122751987666865,0.0,0.36757496971298764,0.0,11.946583837955146,2.613413589931059,658.2639710266911
0.7733433354683965,0.0,-0.5127285884607468,0.0,0.367752667785442,0.0,11.947835594980555,2.6127735899310593,659.1983344128663
0.7730800376607471,0.0,-0.5131814515141111,0.0,0.3679306463217478,0.0,11.949083254846643,2.6121335899310587,660.1307241006289
0.7728166654486047,0.0,-0.5136337891568302,0.0,0.3681089043385086,0.0,11.950326837567617,2.6114935899310585,661.0611418589109
0.7725532190322577,0.0,-0.5140856026138936,0.0,0.36828744085694615,0.0,11.951566363025616,2.6108535899310574,661.9895894659352
0.7722896986114309,0.0,-0.5145368931052531,0.0,0.36846625490287127,0.0,11.952801850971818,2.610213589931058,662.9160687134986
0.7720261043852789,0.0,-0.5149876618458554,0.0,0.36864534550666006,0.0,11.954033321027454,2.609573589931058,663.840581404293
0.7717624365523903,0.0,-0.5154379100456642,0.0,0.3688247117032262,0.0,11.955260792684983,2.6089335899310577,664.7631293510365
0.7714986953107879,0.0,-0.5158876389096893,0.0,0.3690043525319964,0.0,11.956484285309148,2.6082935899310584,665.6837143794413
0.7712348808579254,0.0,-0.5163368496380163,0.0,0.3691842670368833,0.0,11.95770381813799,2.607653589931058,666.6023383243562
0.7709709933906904,0.0,-0.5167855434258274,0.0,0.3693644542662644,0.0,11.958919410283908,2.607013589931057,667.5190030338573
0.7707070331054033,0.0,-0.517233721463432,0.0,0.3695449132729519,0.0,11.960131080734778,2.6063735899310574,668.4337103643329
0.7704430001978188,0.0,-0.5176813849362936,0.0,0.3697256431141693,0.0,11.961338848354865,2.6057335899310563,669.3464621840964
0.7701788948631232,0.0,-0.5181285350250534,0.0,0.3699066428515283,0.0,11.962542731885947,2.605093589931056,670.2572603715407
0.7699147172959377,0.0,-0.5185751729055577,0.0,0.37008791155100246,0.0,11.963742749948228,2.6044535899310564,671.166106815561
0.769650467690317,0.0,-0.5190212997488838,0.0,0.3702694482829018,0.0,11.964938921041409,2.603813589931056,672.0730034140668
0.7693861462397497,0.0,-0.5194669167213664,0.0,0.37045125212185087,0.0,11.966131263545675,2.6031735899310555,672.9779520775381
0.7691217531371589,0.0,-0.5199120249846214,0.0,0.3706333221467625,0.0,11.96731979572262,2.6025335899310553,673.8809547238653
0.7688572885749024,0.0,-0.5203566256955723,0.0,0.3708156574408146,0.0,11.96850453571627,2.6018935899310556,674.7820132811638
0.7685927527447737,0.0,-0.5208007200064756,0.0,0.3709982570914249,0.0,11.969685501554,2.601253589931056,675.6811296883905
0.7683281458379999,0.0,-0.5212443090649455,0.0,0.3711811201902314,0.0,11.970862711147536,2.6006135899310543,676.5783058930901
0.7680634680452468,0.0,-0.5216873940139787,0.0,0.3713642458330609,0.0,11.972036182293857,2.5999735899310545,677.4735438519617
0.7677987195566147,0.0,-0.5221299759919799,0.0,0.37154763311991357,0.0,11.97320593267611,2.599333589931055,678.3668455316963
0.7675339005616413,0.0,-0.5225720561327852,0.0,0.3717312811549348,0.0,11.974371979864587,2.598693589931055,679.2582129075931
0.7672690112493006,0.0,-0.5230136355656883,0.0,0.3719151890463945,0.0,11.975534341317626,2.598053589931055,680.1476479638229
0.7670040518080063,0.0,-0.5234547154154616,0.0,0.37209935590666116,0.0,11.976693034382446,2.5974135899310546,681.035152693559
0.7667390224256094,0.0,-0.5238952968023858,0.0,0.3722837808521815,0.0,11.977848076296151,2.596773589931054,681.9207290999739
0.7664739232894001,0.0,-0.5243353808422658,0.0,0.37246846300345793,0.0,11.978999484186527,2.596133589931054,682.8043791930203
0.7662087545861077,0.0,-0.5247749686464644,0.0,0.3726534014850229,0.0,11.980147275072989,2.5954935899310536,683.6861049914233
0.7659435165019036,0.0,-0.5252140613219155,0.0,0.3728385954254189,0.0,11.981291465867374,2.5948535899310543,684.5659085239192
0.765678209222397,0.0,-0.5256526599711578,0.0,0.373024043957177,0.0,11.982432073374877,2.594213589931054,685.4437918251307
0.7654128329326415,0.0,-0.5260907656923495,0.0,0.37320974621679165,0.0,11.98356911429488,2.593573589931053,686.3197569396926
0.765147387817132,0.0,-0.5265283795792974,0.0,0.3733957013447006,0.0,11.984702605221768,2.5929335899310533,687.1938059206195
0.764881874059806,0.0,-0.5269655027214775,0.0,0.37358190848526257,0.0,11.985832562645804,2.592293589931053,688.0659408267239
0.7646162918440451,0.0,-0.5274021362040573,0.0,0.3737683667867356,0.0,11.986959002953926,2.591653589931053,688.9361637262582
0.764350641352675,0.0,-0.52783828110792,0.0,0.37395507540125567,0.0,11.988081942430584,2.5910135899310522,689.8044766953678
0.7640849227679669,0.0,-0.5282739385096883,0.0,0.3741420334848136,0.0,11.98920139725858,2.5903735899310507,690.6708818163172
0.7638191362716386,0.0,-0.5287091094817419,0.0,0.3743292401972355,0.0,11.990317383519786,2.5897335899310514,691.5353811802403
0.7635532820448544,0.0,-0.5291437950922474,0.0,0.37451669470215965,0.0,11.991429917196065,2.589093589931051,692.3979768849114
0.7632873602682261,0.0,-0.5295779964051728,0.0,0.3747043961670188,0.0,11.992539014169926,2.588453589931052,693.2586710365941
0.7630213711218137,0.0,-0.5300117144803163,0.0,0.3748923437630156,0.0,11.993644690225453,2.587813589931051,694.1174657468653
0.7627553147851284,0.0,-0.530444950373321,0.0,0.37508053666510255,0.0,11.99474696104893,2.5871735899310515,694.9743631355899
0.76248919143713,0.0,-0.5308777051357058,0.0,0.37526897405196263,0.0,11.99584584222971,2.586533589931051,695.8293653293914
0.7622230012562298,0.0,-0.5313099798148786,0.0,0.37545765510598744,0.0,11.99694134926094,2.5858935899310502,696.6824744614594
0.7619567444202918,0.0,-0.5317417754541612,0.0,0.37564657901325826,0.0,11.998033497540321,2.5852535899310505,697.5336926713384
0.7616904211066338,0.0,-0.5321730930928134,0.0,0.3758357449635221,0.0,11.999122302370827,2.5846135899310507,698.3830221075825
0.7614240314920264,0.0,-0.5326039337660485,0.0,0.37602515215017696,0.0,12.000207778961498,2.5839735899310505,699.230464921857
0.7611575757526958,0.0,-0.5330342985050603,0.0,0.3762147997702468,0.0,12.001289942428103,2.58333358993105,700.0760232746887
0.7608910540643244,0.0,-0.5334641883370389,0.0,0.3764046870243643,0.0,12.002368807793944,2.58269358993105,700.9196993321848
0.7606244666020515,0.0,-0.5338936042851959,0.0,0.37659481311675064,0.0,12.003444389990497,2.5820535899310495,701.7614952662179
0.7603578135404749,0.0,-0.5343225473687822,0.0,0.3767851772551947,0.0,12.004516703858153,2.5814135899310497,702.6014132561734
0.7600910950536511,0.0,-0.5347510186031098,0.0,0.37697577865103443,0.0,12.005585764146955,2.580773589931049,703.4394554857548
0.7598243113150973,0.0,-0.5351790189995721,0.0,0.3771666165191368,0.0,12.006651585517211,2.5801335899310494,704.275624146468
0.7595574624977915,0.0,-0.535606549565664,0.0,0.37735769007788006,0.0,12.007714182540312,2.579493589931049,705.1099214342826
0.7592905487741738,0.0,-0.5360336113050035,0.0,0.3775489985491322,0.0,12.00877356969929,2.578853589931049,705.9423495514295
0.759023570316148,0.0,-0.536460205217349,0.0,0.3777405411582341,0.0,12.009829761389557,2.578213589931048,706.7729107056253
0.7587565272950827,0.0,-0.5368863322986205,0.0,0.3779323171339781,0.0,12.010882771919597,2.5775735899310486,707.6016071103762
0.7584894198818122,0.0,-0.5373119935409231,0.0,0.37812432570859,0.0,12.01193261551158,2.5769335899310475,708.4284409856701
0.7582222482466369,0.0,-0.5377371899325591,0.0,0.37831656611771325,0.0,12.012979306302057,2.5762935899310477,709.2534145546592
0.7579550125593256,0.0,-0.5381619224580548,0.0,0.37850903760038496,0.0,12.014022858342592,2.5756535899310475,710.0765300478809
0.7576877129891155,0.0,-0.5385861920981766,0.0,0.37870173939902263,0.0,12.01506328560044,2.575013589931047,710.8977896999953
0.7574203497047147,0.0,-0.5390099998299491,0.0,0.37889467075940203,0.0,12.016100601959149,2.574373589931047,711.7171957510074
0.7571529228743031,0.0,-0.5394333466266784,0.0,0.37908783093064014,0.0,12.017134821219221,2.573733589931047,712.5347504466924
0.7568854326655312,0.0,-0.5398562334579673,0.0,0.37928121916517804,0.0,12.018165957098743,2.5730935899310463,713.3504560363394
0.7566178792455254,0.0,-0.5402786612897363,0.0,0.37947483471876076,0.0,12.019194023233988,2.572453589931047,714.1643147756117
0.7563502627808859,0.0,-0.5407006310842419,0.0,0.37966867685042105,0.0,12.020219033180064,2.5718135899310464,714.9763289244728
0.7560825834376882,0.0,-0.5411221438000957,0.0,0.3798627448224626,0.0,12.021241000411504,2.571173589931046,715.786500747188
0.7558148413814882,0.0,-0.5415432003922819,0.0,0.38005703790043643,0.0,12.022259938322883,2.5705335899310464,716.5948325134971
0.7555470367773158,0.0,-0.5419638018121786,0.0,0.3802515553531326,0.0,12.023275860229392,2.5698935899310453,717.4013264964456
0.7552791697896848,0.0,-0.5423839490075711,0.0,0.3804462964525545,0.0,12.024288779367513,2.569253589931045,718.205984974708
0.7550112405825877,0.0,-0.5428036429226761,0.0,0.3806412604739059,0.0,12.025298708895482,2.5686135899310454,719.0088102309358
0.7547432493195004,0.0,-0.5432228844981566,0.0,0.38083644669557204,0.0,12.026305661894018,2.567973589931045,719.8098045527045
0.7544751961633817,0.0,-0.5436416746711396,0.0,0.3810318543991018,0.0,12.027309651366764,2.567333589931045,720.608970229839
0.7542070812766752,0.0,-0.5440600143752355,0.0,0.3812274828691939,0.0,12.028310690240978,2.5666935899310452,721.4063095597472
0.7539389048213108,0.0,-0.5444779045405557,0.0,0.38142333139367585,0.0,12.029308791368026,2.566053589931044,722.2018248400002
0.7536706669587052,0.0,-0.5448953460937299,0.0,0.3816193992634901,0.0,12.030303967523999,2.5654135899310444,722.9955183746689
0.7534023678497657,0.0,-0.5453123399579223,0.0,0.3818156857726749,0.0,12.031296231410195,2.5647735899310447,723.7873924719486
0.7531340076548861,0.0,-0.5457288870528532,0.0,0.38201219021835026,0.0,12.032285595653784,2.5641335899310436,724.5774494420679
0.7528655865339549,0.0,-0.5461449882948125,0.0,0.3822089119006981,0.0,12.033272072808243,2.5634935899310434,725.3656916014276
0.7525971046463511,0.0,-0.5465606445966774,0.0,0.38240585012294903,0.0,12.034255675353988,2.5628535899310445,726.1521212670435
0.7523285621509465,0.0,-0.5469758568679334,0.0,0.38260300419136706,0.0,12.035236415698872,2.5622135899310434,726.936740762949
0.7520599592061114,0.0,-0.5473906260146842,0.0,0.3828003734152261,0.0,12.036214306178719,2.561573589931044,727.7195524142593
0.7517912959697098,0.0,-0.5478049529396778,0.0,0.3829979571068014,0.0,12.037189359057873,2.560933589931043,728.5005585512181
0.7515225725991046,0.0,-0.5482188385423151,0.0,0.3831957545813505,0.0,12.038161586529684,2.5602935899310433,729.279761504969
0.7512537892511569,0.0,-0.5486322837186713,0.0,0.38339376515709916,0.0,12.039131000717065,2.5596535899310426,730.0571636148042
0.75098494608223,0.0,-0.5490452893615109,0.0,0.3835919881552209,0.0,12.04009761367304,2.559013589931043,730.8327672171139
0.7507160432481869,0.0,-0.5494578563603068,0.0,0.3837904228998268,0.0,12.041061437381147,2.558373589931042,731.6065746574781
0.750447080904394,0.0,-0.5498699856012508,0.0,0.3839890687179471,0.0,12.042022483756053,2.5577335899310416,732.3785882785053
0.750178059205725,0.0,-0.5502816779672784,0.0,0.38418792493951265,0.0,12.042980764643966,2.557093589931042,733.1488104318076
0.7499089783065555,0.0,-0.5506929343380763,0.0,0.38438699089734973,0.0,12.043936291823249,2.5564535899310408,733.9172434694382
0.7496398383607712,0.0,-0.5511037555901066,0.0,0.38458626592714934,0.0,12.044889077004791,2.5558135899310415,734.6838897445948
0.7493706395217642,0.0,-0.5515141425966165,0.0,0.38478574936746673,0.0,12.04583913183256,2.5551735899310417,735.4487516165906
0.7491013819424376,0.0,-0.5519240962276578,0.0,0.3849854405596973,0.0,12.046786467884077,2.5545335899310415,736.2118314449549
0.7488320657752061,0.0,-0.552333617350102,0.0,0.3851853388480642,0.0,12.047731096670896,2.553893589931041,736.9731315936666
0.7485626911719967,0.0,-0.552742706827655,0.0,0.3853854435796026,0.0,12.048673029639078,2.5532535899310407,737.7326544290441
0.7482932582842504,0.0,-0.5531513655208747,0.0,0.3855857541041458,0.0,12.049612278169667,2.552613589931041,738.4904023200595
0.7480237672629232,0.0,-0.5535595942871847,0.0,0.3857862697743104,0.0,12.05054885357914,2.551973589931041,739.2463776368534
0.7477542182584876,0.0,-0.5539673939808913,0.0,0.38598698994548275,0.0,12.05148276711991,2.55133358993104,740.0005827539289
0.7474846114209365,0.0,-0.5543747654531985,0.0,0.3861879139757972,0.0,12.052414029980739,2.55069358993104,740.7530200480838
0.747214946899779,0.0,-0.5547817095522214,0.0,0.3863890412261338,0.0,12.053342653287228,2.5500535899310397,741.5036918969295
0.7469452248440478,0.0,-0.5551882271230041,0.0,0.38659037106009375,0.0,12.05426864810225,2.549413589931039,742.2526006816956
0.7466754454022964,0.0,-0.5555943190075344,0.0,0.3867919028439881,0.0,12.055192025426397,2.5487735899310393,742.9997487853412
0.7464056087226031,0.0,-0.5559999860447572,0.0,0.38699363594682495,0.0,12.05611279619845,2.5481335899310387,743.7451385937047
0.7461357149525698,0.0,-0.5564052290705895,0.0,0.3871955697402953,0.0,12.057030971295774,2.5474935899310394,744.4887724927753
0.7458657642393266,0.0,-0.5568100489179401,0.0,0.3873977035987551,0.0,12.057946561534802,2.546853589931038,745.2306528750362
0.7455957567295308,0.0,-0.5572144464167147,0.0,0.38760003689921513,0.0,12.05885957767143,2.5462135899310385,745.9707821298578
0.7453256925693682,0.0,-0.5576184223938404,0.0,0.387802569021328,0.0,12.059770030401483,2.545573589931038,746.7091626510456
0.7450555719045565,0.0,-0.5580219776732748,0.0,0.38800529934736894,0.0,12.060677930361093,2.544933589931038,747.4457968349909
0.7447853948803456,0.0,-0.5584251130760212,0.0,0.3882082272622271,0.0,12.061583288127142,2.5442935899310384,748.18068707918
0.7445151616415158,0.0,-0.5588278294201457,0.0,0.38841135215339184,0.0,12.062486114217714,2.543653589931037,748.9138357810233
0.7442448723323872,0.0,-0.5592301275207859,0.0,0.38861467341093375,0.0,12.063386419092463,2.5430135899310375,749.6452453427015
0.7439745270968128,0.0,-0.5596320081901721,0.0,0.38881819042749766,0.0,12.064284213153016,2.5423735899310373,750.3749181674516
0.7437041260781843,0.0,-0.5600334722376363,0.0,0.3890219025982844,0.0,12.065179506743444,2.5417335899310376,751.1028566578863
0.7434336694194325,0.0,-0.5604345204696282,0.0,0.3892258093210423,0.0,12.06607231015061,2.541093589931037,751.8290632214572
0.7431631572630281,0.0,-0.5608351536897295,0.0,0.3894299099960482,0.0,12.066962633604545,2.5404535899310363,752.5535402639744
0.7428925897509849,0.0,-0.561235372698665,0.0,0.38963420402609916,0.0,12.067850487278958,2.539813589931037,753.2762901958228
0.7426219670248593,0.0,-0.5616351782943224,0.0,0.38983869081649597,0.0,12.068735881291493,2.5391735899310364,753.9973154263965
0.7423512892257517,0.0,-0.5620345712717587,0.0,0.39004336977503273,0.0,12.069618825704222,2.538533589931036,754.7166183672182
0.7420805564943106,0.0,-0.5624335524232185,0.0,0.39024824031198346,0.0,12.070499330523955,2.537893589931037,755.4342014325842
0.7418097689707291,0.0,-0.5628321225381482,0.0,0.3904533018400863,0.0,12.071377405702702,2.537253589931036,756.1500670346496
0.7415389267947532,0.0,-0.5632302824032052,0.0,0.39065855377453296,0.0,12.072253061137985,2.536613589931036,756.8642175903743
0.7412680301056757,0.0,-0.563628032802275,0.0,0.39086399553295925,0.0,12.073126306673224,2.5359735899310354,757.5766555162634
0.7409970790423427,0.0,-0.5640253745164828,0.0,0.3910696265354256,0.0,12.073997152098167,2.535333589931035,758.2873832292005
0.7407260737431532,0.0,-0.5644223083242081,0.0,0.39127544620441096,0.0,12.074865607149215,2.5346935899310346,758.9964031496356
0.7404550143460613,0.0,-0.5648188350010961,0.0,0.3914814539647958,0.0,12.07573168150979,2.534053589931035,759.7037176969047
0.740183900988576,0.0,-0.5652149553200736,0.0,0.39168764924385113,0.0,12.076595384810698,2.5334135899310337,760.4093292911672
0.7399127338077651,0.0,-0.5656106700513569,0.0,0.3918940314712277,0.0,12.077456726630508,2.5327735899310335,761.1132403548224
0.739641512940254,0.0,-0.5660059799624698,0.0,0.3921006000789419,0.0,12.07831571649592,2.5321335899310338,761.8154533113643
0.7393702385222287,0.0,-0.5664008858182555,0.0,0.3923073545013646,0.0,12.079172363882064,2.5314935899310336,762.5159705828027
0.7390989106894369,0.0,-0.5667953883808876,0.0,0.392514294175208,0.0,12.08002667821292,2.5308535899310334,763.2147945957803
0.7388275295771892,0.0,-0.5671894884098825,0.0,0.39272141853951487,0.0,12.080878668861645,2.5302135899310336,763.9119277734845
0.7385560953203602,0.0,-0.5675831866621153,0.0,0.39292872703564546,0.0,12.081728345150905,2.5295735899310334,764.6073725419091
0.738284608053391,0.0,-0.5679764838918289,0.0,0.3931362191072671,0.0,12.082575716353201,2.5289335899310323,765.301131329194
0.7380130679102902,0.0,-0.5683693808506479,0.0,0.3933438942003388,0.0,12.083420791691292,2.5282935899310326,765.9932065610226
0.7377414750246334,0.0,-0.5687618782875916,0.0,0.39355175176310614,0.0,12.08426358033844,2.5276535899310324,766.6836006662137
0.7374698295295683,0.0,-0.5691539769490847,0.0,0.39375979124608224,0.0,12.085104091418781,2.527013589931032,767.3723160727981
0.7371981315578121,0.0,-0.5695456775789717,0.0,0.39396801210204113,0.0,12.085942334007687,2.526373589931032,768.0593552096806
0.7369263812416555,0.0,-0.569936980918527,0.0,0.3941764137860038,0.0,12.086778317132058,2.525733589931032,768.7447205052629
0.7366545787129641,0.0,-0.5703278877064679,0.0,0.39438499575522845,0.0,12.087612049770657,2.525093589931032,769.4284143903385
0.7363827241031782,0.0,-0.5707183986789678,0.0,0.3945937574691964,0.0,12.088443540854431,2.5244535899310314,770.1104392948538
0.7361108175433144,0.0,-0.5711085145696649,0.0,0.39480269838960624,0.0,12.089272799266869,2.5238135899310317,770.7907976490872
0.73583885916397,0.0,-0.5714982361096789,0.0,0.3950118179803532,0.0,12.090099833844269,2.523173589931032,771.4694918835908
0.7355668490953196,0.0,-0.5718875640276181,0.0,0.39522111570752855,0.0,12.09092465337608,2.5225335899310313,772.1465244296077
0.73529478746712,0.0,-0.5722764990495941,0.0,0.3954305910394016,0.0,12.091747266605235,2.521893589931031,772.821897717725
0.7350226744087109,0.0,-0.5726650418992324,0.0,0.39564024344641036,0.0,12.09256768222842,2.5212535899310304,773.4956141808675
0.7347505100490148,0.0,-0.5730531932976842,0.0,0.39585007240115094,0.0,12.093385908896417,2.5206135899310307,774.1676762485564
0.73447829451654,0.0,-0.5734409539636391,0.0,0.39606007737836707,0.0,12.09420195521439,2.51997358993103,774.8380863534263
0.7342060279393819,0.0,-0.5738283246133332,0.0,0.39627025785493813,0.0,12.095015829742223,2.5193335899310307,775.5068469275552
0.7339337104452235,0.0,-0.5742153059605646,0.0,0.39648061330986867,0.0,12.095827540994769,2.51869358993103,776.1739604017836
0.7336613421613364,0.0,-0.5746018987167039,0.0,0.39669114322427806,0.0,12.096637097442185,2.5180535899310295,776.8394292083418
0.7333889232145843,0.0,-0.5749881035907018,0.0,0.39690184708138915,0.0,12.097444507510229,2.51741358993103,777.5032557787345
0.7331164537314222,0.0,-0.5753739212891054,0.0,0.39711272436652023,0.0,12.09824977958055,2.516773589931029,778.1654425449209
0.7328439338378995,0.0,-0.5757593525160661,0.0,0.3973237745670685,0.0,12.099052921990946,2.516133589931029,778.8259919382658
0.7325713636596582,0.0,-0.5761443979733518,0.0,0.3975349971725073,0.0,12.099853943035718,2.5154935899310287,779.4849063886576
0.7322987433219399,0.0,-0.576529058360358,0.0,0.39774639167436926,0.0,12.100652850965915,2.514853589931029,780.1421883290252
0.7320260729495809,0.0,-0.5769133343741184,0.0,0.3979579575662402,0.0,12.101449653989624,2.5142135899310283,780.7978401897949
0.7317533526670177,0.0,-0.5772972267093165,0.0,0.39816969434374566,0.0,12.102244360272245,2.513573589931028,781.4518644011657
0.7314805825982874,0.0,-0.5776807360582954,0.0,0.3983816015045428,0.0,12.103036977936787,2.5129335899310283,782.1042633937064
0.731207762867027,0.0,-0.578063863111069,0.0,0.3985936785483109,0.0,12.103827515064172,2.512293589931028,782.7550395966557
0.7309348935964789,0.0,-0.5784466085553335,0.0,0.3988059249767376,0.0,12.104615979693445,2.5116535899310284,783.404195440953
0.7306619749094879,0.0,-0.578828973076477,0.0,0.3990183402935135,0.0,12.105402379822094,2.5110135899310273,784.0517333556711
0.7303890069285055,0.0,-0.5792109573575899,0.0,0.3992309240043177,0.0,12.106186723406307,2.510373589931028,784.6976557686095
0.73011598977559,0.0,-0.5795925620794772,0.0,0.39944367561681127,0.0,12.106969018361257,2.509733589931028,785.3419651083373
0.7298429235724081,0.0,-0.5799737879206674,0.0,0.39965659464062553,0.0,12.107749272561366,2.5090935899310267,785.9846638036234
0.7295698084402357,0.0,-0.5803546355574227,0.0,0.39986968058735417,0.0,12.108527493840528,2.508453589931027,786.6257542813596
0.7292966444999602,0.0,-0.5807351056637509,0.0,0.4000829329705393,0.0,12.109303689992437,2.5078135899310268,787.2652389672832
0.729023431872082,0.0,-0.5811151989114146,0.0,0.4002963513056674,0.0,12.11007786877082,2.507173589931026,787.9031202899137
0.7287501706767139,0.0,-0.5814949159699403,0.0,0.40050993511015576,0.0,12.110850037889668,2.506533589931026,788.5394006722291
0.7284768610335843,0.0,-0.5818742575066322,0.0,0.400723683903343,0.0,12.11162020502354,2.505893589931026,789.1740825405763
0.7282035030620378,0.0,-0.5822532241865777,0.0,0.40093759720648287,0.0,12.112388377807793,2.505253589931026,789.8071683197162
0.7279300968810368,0.0,-0.5826318166726621,0.0,0.40115167454272954,0.0,12.113154563838837,2.504613589931026,790.4386604314203
0.7276566426091635,0.0,-0.5830100356255743,0.0,0.4013659154371326,0.0,12.113918770674363,2.5039735899310256,791.0685613006466
0.7273831403646188,0.0,-0.5833878817038198,0.0,0.4015803194166263,0.0,12.114681005833676,2.503333589931026,791.6968733477631
0.7271095902652254,0.0,-0.5837653555637292,0.0,0.40179488601001995,0.0,12.115441276797839,2.5026935899310256,792.3235989941826
0.7268359924284304,0.0,-0.5841424578594687,0.0,0.40200961474798774,0.0,12.116199591009956,2.502053589931025,792.9487406607707
0.7265623469713041,0.0,-0.5845191892430487,0.0,0.40222450516306163,0.0,12.11695595587545,2.501413589931025,793.5723007671255
0.7262886540105418,0.0,-0.5848955503643358,0.0,0.4024395567896205,0.0,12.117710378762256,2.500773589931024,794.1942817317666
0.7260149136624657,0.0,-0.5852715418710596,0.0,0.402654769163883,0.0,12.118462867001089,2.500133589931024,794.8146859724694
0.7257411260430289,0.0,-0.5856471644088252,0.0,0.4028701418238931,0.0,12.119213427885667,2.4994935899310247,795.4335159065386
0.7254672912678092,0.0,-0.58602241862112,0.0,0.4030856743095209,0.0,12.119962068672963,2.4988535899310245,796.0507739487286
0.7251934094520188,0.0,-0.5863973051493254,0.0,0.4033013661624438,0.0,12.12070879658341,2.498213589931024,796.666462514485
0.7249194807104998,0.0,-0.586771824632725,0.0,0.403517216926144,0.0,12.121453618801175,2.497573589931023,797.2805840189448
0.7246455051577287,0.0,-0.5871459777085142,0.0,0.4037332261458955,0.0,12.122196542474333,2.496933589931024,797.8931408725158
0.7243714829078156,0.0,-0.5875197650118118,0.0,0.40394939336875835,0.0,12.122937574715174,2.496293589931023,798.5041354882209
0.724097414074508,0.0,-0.5878931871756634,0.0,0.4041657181435691,0.0,12.123676722600358,2.4956535899310226,799.1135702776882
0.7238232987711889,0.0,-0.5882662448310578,0.0,0.40438220002093095,0.0,12.124413993171148,2.4950135899310224,799.7214476495847
0.7235491371108793,0.0,-0.5886389386069318,0.0,0.4045988385532062,0.0,12.125149393433693,2.494373589931023,800.3277700110572
0.7232749292062424,0.0,-0.5890112691301801,0.0,0.4048156332945072,0.0,12.125882930359174,2.493733589931023,800.9325397712093
0.7230006751695787,0.0,-0.5893832370256654,0.0,0.4050325838006898,0.0,12.12661461088409,2.493093589931022,801.5357593350964
0.7227263751128341,0.0,-0.5897548429162263,0.0,0.40524968962933994,0.0,12.127344441910404,2.4924535899310225,802.137431107884
0.7224520291475954,0.0,-0.5901260874226869,0.0,0.4054669503397708,0.0,12.128072430305847,2.4918135899310223,802.7375574917835
0.7221776373850959,0.0,-0.5904969711638652,0.0,0.405684365493012,0.0,12.12879858290405,2.4911735899310217,803.3361408916304
0.7219031999362141,0.0,-0.5908674947565834,0.0,0.4059019346517992,0.0,12.129522906504821,2.490533589931021,803.9331837067708
0.7216287169114759,0.0,-0.5912376588156744,0.0,0.4061196573805685,0.0,12.130245407874293,2.4898935899310213,804.5286883371757
0.7213541884210548,0.0,-0.5916074639539926,0.0,0.4063375332454499,0.0,12.130966093745219,2.4892535899310215,805.1226571813913
0.7210796145747739,0.0,-0.5919769107824225,0.0,0.4065555618142543,0.0,12.131684970817089,2.488613589931021,805.7150926356953
0.7208049954821085,0.0,-0.5923459999098863,0.0,0.4067737426564672,0.0,12.132402045756406,2.4879735899310207,806.3059970966209
0.7205303312521845,0.0,-0.5927147319433527,0.0,0.40699207534324466,0.0,12.133117325196846,2.48733358993102,806.8953729577081
0.7202556219937823,0.0,-0.5930831074878461,0.0,0.40721055944739754,0.0,12.133830815739508,2.4866935899310203,807.4832226114567
0.7199808678153371,0.0,-0.5934511271464556,0.0,0.4074291945433895,0.0,12.134542523953055,2.4860535899310205,808.0695484508782
0.7197060688249377,0.0,-0.5938187915203428,0.0,0.4076479802073281,0.0,12.135252456373978,2.48541358993102,808.6543528642695
0.719431225130332,0.0,-0.5941861012087485,0.0,0.4078669160169554,0.0,12.135960619506765,2.48477358993102,809.2376382399734
0.7191563368389249,0.0,-0.5945530568090059,0.0,0.40808600155164004,0.0,12.136667019824078,2.4841335899310195,809.8194069655382
0.7188814040577823,0.0,-0.5949196589165434,0.0,0.4083052363923701,0.0,12.137371663766984,2.48349358993102,810.3996614259215
0.7186064268936284,0.0,-0.5952859081248966,0.0,0.40852462012174645,0.0,12.138074557745146,2.4828535899310196,810.9784040049499
0.7183314054528517,0.0,-0.5956518050257157,0.0,0.40874415232397227,0.0,12.138775708137002,2.482213589931019,811.5556370850829
0.718056339841501,0.0,-0.5960173502087724,0.0,0.4089638325848486,0.0,12.139475121289937,2.481573589931019,812.1313630458048
0.7177812301652922,0.0,-0.5963825442619713,0.0,0.4091836604917625,0.0,12.140172803520546,2.4809335899310185,812.7055842668177
0.7175060765296049,0.0,-0.5967473877713522,0.0,0.4094036356336854,0.0,12.140868761114755,2.4802935899310183,813.2783031256808
0.717230879039485,0.0,-0.5971118813211065,0.0,0.4096237576011583,0.0,12.141563000328016,2.4796535899310177,813.8495219971329
0.7169556377996479,0.0,-0.5974760254935773,0.0,0.4098440259862902,0.0,12.142255527385508,2.4790135899310175,814.4192432562762
0.7166803529144766,0.0,-0.5978398208692715,0.0,0.4100644403827485,0.0,12.142946348482349,2.4783735899310178,814.987469275124
0.7164050244880245,0.0,-0.5982032680268676,0.0,0.4102850003857503,0.0,12.143635469783717,2.4777335899310176,815.5542024242578
0.7161296526240158,0.0,-0.5985663675432226,0.0,0.41050570559205796,0.0,12.14432289742508,2.4770935899310182,816.1194450717394
0.7158542374258493,0.0,-0.5989291199933805,0.0,0.4107265555999673,0.0,12.145008637512392,2.4764535899310176,816.6831995863168
0.7155787789965945,0.0,-0.5992915259505796,0.0,0.4109475500093063,0.0,12.1456926961222,2.475813589931017,817.2454683315428
0.715303277438998,0.0,-0.5996535859862608,0.0,0.41116868842142107,0.0,12.146375079301862,2.475173589931017,817.8062536714128
0.7150277328554814,0.0,-0.600015300670076,0.0,0.4113899704391742,0.0,12.147055793069795,2.474533589931016,818.3655579680174
0.7147521453481444,0.0,-0.6003766705698927,0.0,0.4116113956669342,0.0,12.147734843415497,2.473893589931017,818.92338358105
0.7144765150187643,0.0,-0.6007376962518064,0.0,0.4118329637105702,0.0,12.148412236299857,2.473253589931016,819.4797328697267
0.7142008419687966,0.0,-0.6010983782801441,0.0,0.41205467417744496,0.0,12.149087977655284,2.4726135899310155,820.0346081884915
0.7139251262993799,0.0,-0.6014587172174745,0.0,0.41227652667640485,0.0,12.149762073385824,2.471973589931016,820.5880118921278
0.7136493681113331,0.0,-0.6018187136246131,0.0,0.4124985208177772,0.0,12.15043452936746,2.4713335899310156,821.1399463337841
0.7133735675051577,0.0,-0.6021783680606335,0.0,0.4127206562133598,0.0,12.151105351448122,2.4706935899310154,821.6904138637746
0.7130977245810406,0.0,-0.6025376810828705,0.0,0.4129429324764148,0.0,12.151774545447951,2.470053589931015,822.2394168297023
0.7128218394388528,0.0,-0.6028966532469302,0.0,0.41316534922166326,0.0,12.1524421171595,2.469413589931015,822.7869575793183
0.7125459121781519,0.0,-0.6032552851066965,0.0,0.4133879060652776,0.0,12.153108072347795,2.468773589931015,823.3330384580585
0.7122699428981817,0.0,-0.603613577214339,0.0,0.41361060262487337,0.0,12.153772416750565,2.468133589931015,823.8776618065195
0.7119939316978778,0.0,-0.6039715301203192,0.0,0.4138334385195033,0.0,12.154435156078387,2.467493589931015,824.4208299677437
0.7117178786758613,0.0,-0.6043291443734004,0.0,0.4140564133696514,0.0,12.155096296014888,2.4668535899310142,824.9625452778671
0.7114417839304472,0.0,-0.6046864205206501,0.0,0.4142795267972255,0.0,12.155755842216823,2.466213589931014,825.5028100757072
0.7111656475596415,0.0,-0.6050433591074521,0.0,0.4145027784255502,0.0,12.156413800314311,2.465573589931014,826.0416266953983
0.7108894696611425,0.0,-0.605399960677511,0.0,0.41472616787936173,0.0,12.157070175910953,2.4649335899310136,826.5789974700219
0.7106132503323429,0.0,-0.6057562257728605,0.0,0.41494969478479854,0.0,12.157724974584013,2.464293589931013,827.114924729219
0.7103369896703311,0.0,-0.6061121549338686,0.0,0.4151733587693977,0.0,12.158378201884567,2.4636535899310137,827.6494108021951
0.7100606877718912,0.0,-0.6064677486992475,0.0,0.41539715946208694,0.0,12.15902986333763,2.463013589931013,828.1824580147393
0.7097843447335045,0.0,-0.606823007606058,0.0,0.41562109649317813,0.0,12.159679964442349,2.462373589931012,828.7140686913273
0.7095079606513525,0.0,-0.6071779321897163,0.0,0.4158451694943604,0.0,12.160328510672135,2.461733589931013,829.2442451548236
0.7092315356213134,0.0,-0.6075325229840057,0.0,0.4160693780986953,0.0,12.160975507474841,2.4610935899310125,829.7729897246063
0.7089550697389682,0.0,-0.6078867805210764,0.0,0.41629372194060904,0.0,12.161620960272858,2.460453589931012,830.300304718427
0.7086785630995989,0.0,-0.6082407053314568,0.0,0.41651820065588635,0.0,12.162264874463338,2.459813589931012,830.826192452313
0.7084020157981905,0.0,-0.6085942979440601,0.0,0.4167428138816643,0.0,12.162907255418265,2.459173589931012,831.3506552405271
0.7081254279294312,0.0,-0.6089475588861891,0.0,0.41696756125642626,0.0,12.163548108484655,2.4585335899310117,831.8736953925145
0.7078487995877156,0.0,-0.6093004886835451,0.0,0.4171924424199947,0.0,12.164187438984685,2.457893589931011,832.3953152201217
0.7075721308671421,0.0,-0.6096530878602326,0.0,0.4174174570135274,0.0,12.164825252215872,2.4572535899310113,832.9155170272886
0.7072954218615178,0.0,-0.6100053569387686,0.0,0.41764260467950676,0.0,12.16546155345114,2.4566135899310115,833.4343031203805
0.7070186726643578,0.0,-0.6103572964400856,0.0,0.41786788506173894,0.0,12.166096347939035,2.455973589931011,833.9516758026476
0.7067418833688852,0.0,-0.6107089068835415,0.0,0.41809329780534504,0.0,12.166729640903839,2.4553335899310103,834.4676373737389
0.7064650540680341,0.0,-0.6110601887869238,0.0,0.41831884255675367,0.0,12.16736143754573,2.45469358993101,834.9821901294061
0.7061881848544509,0.0,-0.6114111426664587,0.0,0.418544518963696,0.0,12.167991743040874,2.4540535899310103,835.4953363675905
0.7059112758204921,0.0,-0.6117617690368148,0.0,0.4187703266752034,0.0,12.168620562541612,2.4534135899310097,836.0070783823456
0.7056343270582293,0.0,-0.6121120684111109,0.0,0.41899626534159495,0.0,12.169247901176606,2.4527735899310104,836.5174184628183
0.7053573386594469,0.0,-0.6124620413009233,0.0,0.4192223346144769,0.0,12.169873764050916,2.45213358993101,837.0263588987382
0.705080310715646,0.0,-0.6128116882162897,0.0,0.41944853414673394,0.0,12.170498156246197,2.451493589931009,837.5339019760742
0.7048032433180441,0.0,-0.6131610096657185,0.0,0.4196748635925228,0.0,12.171121082820823,2.4508535899310093,838.0400499797701
0.7045261365575752,0.0,-0.6135100061561932,0.0,0.4199013226072692,0.0,12.171742548809968,2.450213589931009,838.5448051909171
0.7042489905248926,0.0,-0.6138586781931785,0.0,0.4201279108476599,0.0,12.172362559225837,2.4495735899310094,839.0481698892961
0.703971805310368,0.0,-0.6142070262806286,0.0,0.4203546279716377,0.0,12.172981119057702,2.4489335899310087,839.5501463509099
0.7036945810040945,0.0,-0.6145550509209906,0.0,0.4205814736383957,0.0,12.173598233272092,2.448293589931008,840.0507368516189
0.703417317695888,0.0,-0.6149027526152131,0.0,0.42080844750836843,0.0,12.174213906812893,2.447653589931008,840.5499436637151
0.7031400154752836,0.0,-0.6152501318627511,0.0,0.4210355492432328,0.0,12.174828144601513,2.447013589931008,841.0477690559882
0.7028626744315425,0.0,-0.6155971891615726,0.0,0.4212627785058983,0.0,12.175440951536991,2.4463735899310075,841.5442152974605
0.7025852946536487,0.0,-0.6159439250081644,0.0,0.42149013496049914,0.0,12.176052332496095,2.4457335899310073,842.0392846515142
0.7023078762303139,0.0,-0.6162903398975381,0.0,0.4217176182723925,0.0,12.176662292333502,2.4450935899310076,842.5329793802821
0.7020304192499743,0.0,-0.616636434323236,0.0,0.4219452281081528,0.0,12.177270835881886,2.444453589931008,843.0253017463862
0.7017529238007942,0.0,-0.6169822087773393,0.0,0.42217296413556293,0.0,12.17787796795208,2.443813589931007,843.5162540061616
0.7014753899706669,0.0,-0.6173276637504697,0.0,0.42240082602361323,0.0,12.178483693333156,2.443173589931008,844.0058384144231
0.7011978178472138,0.0,-0.6176727997317998,0.0,0.42262881344249165,0.0,12.179088016792585,2.4425335899310063,844.4940572244143
0.7009202075177884,0.0,-0.6180176172090552,0.0,0.42285692606358133,0.0,12.17969094307633,2.441893589931006,844.9809126867902
0.7006425590694745,0.0,-0.6183621166685236,0.0,0.4230851635594532,0.0,12.180292476908999,2.441253589931007,845.4664070483467
0.7003648725890884,0.0,-0.6187062985950591,0.0,0.423313525603863,0.0,12.180892622993946,2.4406135899310066,845.9505425554457
0.7000871481631801,0.0,-0.6190501634720876,0.0,0.42354201187174273,0.0,12.181491386013395,2.4399735899310064,846.433321450729
0.699809385878033,0.0,-0.6193937117816138,0.0,0.4237706220391981,0.0,12.182088770628559,2.4393335899310062,846.9147459726779
0.6995315858196668,0.0,-0.6197369440042257,0.0,0.423999355783502,0.0,12.182684781479773,2.4386935899310056,847.3948183610414
0.6992537480738376,0.0,-0.6200798606191009,0.0,0.4242282127830891,0.0,12.183279423186585,2.4380535899310054,847.8735408508372
0.6989758727260368,0.0,-0.6204224621040132,0.0,0.424457192717551,0.0,12.183872700347884,2.4374135899310048,848.3509156743107
0.6986979598614965,0.0,-0.6207647489353365,0.0,0.42468629526763013,0.0,12.184464617542028,2.436773589931005,848.8269450617145
0.6984200095651849,0.0,-0.6211067215880516,0.0,0.4249155201152177,0.0,12.185055179326966,2.4361335899310044,849.3016312396932
0.698142021921813,0.0,-0.6214483805357521,0.0,0.42514486694334197,0.0,12.18564439024031,2.4354935899310046,849.774976433882
0.6978639970158318,0.0,-0.6217897262506487,0.0,0.4253743354361708,0.0,12.186232254799496,2.434853589931005,850.2469828677291
0.6975859349314331,0.0,-0.6221307592035756,0.0,0.42560392527900187,0.0,12.18681877750185,2.4342135899310042,850.7176527602136
0.6973078357525524,0.0,-0.6224714798639966,0.0,0.4258336361582588,0.0,12.187403962824783,2.433573589931004,851.1869883278833
0.6970296995628696,0.0,-0.6228118887000089,0.0,0.42606346776148496,0.0,12.187987815225787,2.432933589931004,851.6549917870034
0.6967515264458077,0.0,-0.6231519861783502,0.0,0.4262934197773416,0.0,12.188570339142645,2.4322935899310036,852.121665347247
0.6964733164845363,0.0,-0.6234917727644033,0.0,0.4265234918955996,0.0,12.189151538993487,2.4316535899310034,852.5870112204467
0.6961950697619717,0.0,-0.6238312489222019,0.0,0.4267536838071344,0.0,12.189731419176917,2.4310135899310032,853.0510316121862
0.6959167863607765,0.0,-0.6241704151144363,0.0,0.42698399520392427,0.0,12.190309984072137,2.430373589931003,853.5137287266602
0.6956384663633624,0.0,-0.624509271802457,0.0,0.4272144257790427,0.0,12.190887238039005,2.4297335899310033,853.9751047654144
0.6953601098518906,0.0,-0.6248478194462813,0.0,0.427444975226655,0.0,12.1914631854182,2.429093589931003,854.435161926933
0.6950817169082726,0.0,-0.625186058504601,0.0,0.4276756432420104,0.0,12.192037830531289,2.4284535899310025,854.8939024098769
0.6948032876141687,0.0,-0.6255239894347826,0.0,0.4279064295214415,0.0,12.192611177680863,2.4278135899310023,855.3513284033711
0.694524822050995,0.0,-0.6258616126928764,0.0,0.4281373337623564,0.0,12.193183231150604,2.4271735899310016,855.8074421022433
0.6942463202999167,0.0,-0.6261989287336206,0.0,0.42836835566323644,0.0,12.193753995205446,2.4265335899310014,856.2622456941241
0.6939677824418556,0.0,-0.6265359380104457,0.0,0.4285994949236274,0.0,12.19432347409158,2.4258935899310017,856.7157413631935
0.6936892085574858,0.0,-0.6268726409754821,0.0,0.4288307512441388,0.0,12.1948916720367,2.4252535899310015,857.1679312928158
0.6934105987272384,0.0,-0.627209038079561,0.0,0.42906212432643825,0.0,12.195458593249956,2.4246135899310017,857.618817663369
0.6931319530313,0.0,-0.6275451297722249,0.0,0.42929361387324516,0.0,12.196024241922176,2.4239735899310006,858.0684026523201
0.6928532715496151,0.0,-0.6278809165017281,0.0,0.42952521958832646,0.0,12.196588622225901,2.4233335899310013,858.5166884343773
0.6925745543618869,0.0,-0.6282163987150435,0.0,0.42975694117649454,0.0,12.197151738315494,2.4226935899310007,858.9636771828314
0.6922958015475755,0.0,-0.628551576857869,0.0,0.42998877834359844,0.0,12.197713594327231,2.4220535899310014,859.4093710641956
0.6920170131859028,0.0,-0.6288864513746304,0.0,0.43022073079652373,0.0,12.198274194379437,2.421413589931,859.8537722482597
0.6917381893558515,0.0,-0.6292210227084872,0.0,0.4304527982431829,0.0,12.198833542572565,2.4207735899309997,860.2968828986154
0.6914593301361643,0.0,-0.6295552913013369,0.0,0.43068498039251535,0.0,12.199391642989292,2.4201335899310004,860.7387051731034
0.691180435605348,0.0,-0.6298892575938225,0.0,0.4309172769544817,0.0,12.19994849969458,2.4194935899309997,861.1792412343264
0.6909015058416711,0.0,-0.6302229220253336,0.0,0.4311496876400586,0.0,12.200504116735859,2.418853589930999,861.6184932362861
0.6906225409231679,0.0,-0.6305562850340143,0.0,0.4313822121612323,0.0,12.201058498143018,2.4182135899309998,862.0564633313737
0.6903435409276368,0.0,-0.6308893470567677,0.0,0.43161485023099794,0.0,12.201611647928601,2.4175735899309987,862.4931536712724
0.6900645059326423,0.0,-0.6312221085292572,0.0,0.4318476015633538,0.0,12.202163570087816,2.4169335899309994,862.9285664023631
0.6897854360155155,0.0,-0.6315545698859178,0.0,0.43208046587329535,0.0,12.202714268598696,2.4162935899309987,863.3627036696518
0.689506331253355,0.0,-0.6318867315599547,0.0,0.4323134428768134,0.0,12.20326374742212,2.4156535899309985,863.7955676151371
0.6892271917230288,0.0,-0.6322185939833522,0.0,0.4325465322908853,0.0,12.20381201050199,2.415013589930999,864.2271603783096
0.6889480175011717,0.0,-0.6325501575868757,0.0,0.43277973383347873,0.0,12.204359061765256,2.4143735899309977,864.6574840946179
0.6886688086641916,0.0,-0.632881422800078,0.0,0.43301304722353834,0.0,12.204904905122051,2.4137335899309975,865.0865408995951
0.6883895652882647,0.0,-0.6332123900513041,0.0,0.4332464721809875,0.0,12.205449544465734,2.4130935899309973,865.5143329225051
0.6881102874493408,0.0,-0.633543059767695,0.0,0.43348000842671985,0.0,12.205992983673053,2.4124535899309976,865.9408622913118
0.6878309752231404,0.0,-0.6338734323751928,0.0,0.43371365568260056,0.0,12.206535226604123,2.4118135899309974,866.3661311320112
0.6875516286851585,0.0,-0.6342035082985452,0.0,0.4339474136714563,0.0,12.207076277102647,2.4111735899309967,866.7901415669284
0.6872722479106653,0.0,-0.6345332879613105,0.0,0.43418128211707296,0.0,12.2076161389959,2.410533589930997,867.2128957159724
0.6869928329747033,0.0,-0.6348627717858621,0.0,0.43441526074419484,0.0,12.208154816094897,2.4098935899309963,867.6343956963113
0.6867133839520924,0.0,-0.6351919601933915,0.0,0.4346493492785155,0.0,12.20869231219438,2.409253589930996,868.0546436201981
0.6864339009174292,0.0,-0.6355208536039157,0.0,0.4348835474466759,0.0,12.209228631073014,2.4086135899309964,868.4736416004538
0.6861543839450871,0.0,-0.6358494524362802,0.0,0.43511785497626043,0.0,12.209763776493409,2.407973589930996,868.8913917439609
0.685874833109219,0.0,-0.6361777571081627,0.0,0.4353522715957931,0.0,12.210297752202198,2.407333589930996,869.3078961596149
0.6855952484837544,0.0,-0.6365057680360785,0.0,0.43558679703473263,0.0,12.210830561930182,2.4066935899309954,869.7231569472692
0.6853156301424043,0.0,-0.6368334856353854,0.0,0.43582143102346854,0.0,12.211362209392348,2.406053589930996,870.137176208109
0.6850359781586592,0.0,-0.6371609103202873,0.0,0.4360561732933177,0.0,12.211892698287999,2.4054135899309954,870.549956037653
0.6847562926057934,0.0,-0.6374880425038386,0.0,0.43629102357651844,0.0,12.212422032300804,2.404773589930995,870.9614985324972
0.6844765735568596,0.0,-0.6378148825979495,0.0,0.43652598160623096,0.0,12.212950215098912,2.404133589930995,871.3718057829365
0.6841968210846958,0.0,-0.6381414310133895,0.0,0.4367610471165276,0.0,12.213477250334995,2.4034935899309944,871.7808798769327
0.6839170352619237,0.0,-0.6384676881597919,0.0,0.43699621984239273,0.0,12.214003141646387,2.402853589930994,872.1887229009951
0.6836372161609486,0.0,-0.638793654445658,0.0,0.43723149951971824,0.0,12.214527892655118,2.402213589930994,872.5953369379436
0.6833573638539621,0.0,-0.6391193302783622,0.0,0.4374668858852982,0.0,12.21505150696798,2.401573589930994,873.0007240689005
0.6830774784129403,0.0,-0.6394447160641558,0.0,0.4377023786768266,0.0,12.215573988176688,2.4009335899309936,873.4048863694674
0.6827975599096469,0.0,-0.6397698122081696,0.0,0.4379379776328947,0.0,12.216095339857874,2.4002935899309934,873.8078259145033
0.6825176084156332,0.0,-0.6400946191144229,0.0,0.4381736824929814,0.0,12.2166155655732,2.3996535899309928,874.2095447756416
0.682237624002239,0.0,-0.6404191371858206,0.0,0.43840949299745674,0.0,12.217134668869448,2.399013589930993,874.6100450203622
0.6819576067405932,0.0,-0.6407433668241649,0.0,0.43864540888757225,0.0,12.217652653278588,2.3983735899309937,875.0093287179038
0.6816775567016131,0.0,-0.6410673084301538,0.0,0.43888142990546225,0.0,12.218169522317833,2.397733589930993,875.4073979268535
0.6813974739560082,0.0,-0.6413909624033884,0.0,0.4391175557941351,0.0,12.218685279489785,2.397093589930993,875.8042547092425
0.681117358574279,0.0,-0.6417143291423753,0.0,0.4393537862974735,0.0,12.219199928282388,2.3964535899309936,876.1999011225477
0.6808372106267174,0.0,-0.6420374090445322,0.0,0.4395901211602276,0.0,12.219713472169165,2.3958135899309934,876.5943392215682
0.6805570301834081,0.0,-0.6423602025061906,0.0,0.43982656012801435,0.0,12.220225914609156,2.395173589930992,876.9875710551969
0.6802768173142307,0.0,-0.6426827099226007,0.0,0.440063102947311,0.0,12.220737259047059,2.3945335899309925,877.3795986740282
0.6799965720888576,0.0,-0.6430049316879358,0.0,0.44029974936545246,0.0,12.221247508913287,2.3938935899309928,877.7704241234035
0.6797162945767566,0.0,-0.6433268681952959,0.0,0.44053649913062903,0.0,12.221756667624069,2.3932535899309917,878.1600494454095
0.6794359848471914,0.0,-0.6436485198367102,0.0,0.44077335199188106,0.0,12.222264738581487,2.392613589930992,878.5484766806181
0.6791556429692218,0.0,-0.6439698870031448,0.0,0.44101030769909505,0.0,12.222771725173553,2.3919735899309917,878.9357078657794
0.6788752690117056,0.0,-0.644290970084503,0.0,0.4412473660030021,0.0,12.223277630774335,2.3913335899309915,879.3217450342688
0.6785948630432977,0.0,-0.6446117694696306,0.0,0.44148452665517224,0.0,12.223782458743935,2.390693589930991,879.7065902186463
0.6783144251324519,0.0,-0.6449322855463209,0.0,0.4417217894080122,0.0,12.224286212428655,2.3900535899309903,880.0902454458259
0.6780339553474218,0.0,-0.6452525187013172,0.0,0.4419591540147597,0.0,12.224788895160998,2.389413589930991,880.472712741788
0.6777534537562605,0.0,-0.6455724693203178,0.0,0.4421966202294844,0.0,12.225290510259809,2.3887735899309908,880.853994129864
0.677472920426822,0.0,-0.6458921377879779,0.0,0.44243418780707994,0.0,12.225791061030282,2.3881335899309897,881.2340916290227
0.677192355426761,0.0,-0.6462115244879159,0.0,0.44267185650326213,0.0,12.226290550764018,2.38749358993099,881.6130072541849
0.6769117588235369,0.0,-0.6465306298027166,0.0,0.44290962607456524,0.0,12.226788982739219,2.3868535899309897,881.9907430227511
0.6766311306844092,0.0,-0.6468494541139342,0.0,0.44314749627833916,0.0,12.227286360220578,2.386213589930989,882.3673009430738
0.6763504710764423,0.0,-0.6471679978020957,0.0,0.4433854668727461,0.0,12.227782686459483,2.3855735899309893,882.7426830229463
0.6760697800665042,0.0,-0.6474862612467083,0.0,0.44362353761675505,0.0,12.228277964694058,2.384933589930989,883.1168912683775
0.67578905772127,0.0,-0.6478042448262569,0.0,0.44386170827014093,0.0,12.228772198149176,2.384293589930989,883.4899276818106
0.6755083041072177,0.0,-0.6481219489182136,0.0,0.4440999785934805,0.0,12.2292653900366,2.383653589930989,883.8617942624314
0.6752275192906326,0.0,-0.6484393738990393,0.0,0.4443383483481483,0.0,12.229757543554975,2.383013589930989,884.2324930056602
0.6749467033376081,0.0,-0.6487565201441868,0.0,0.444576817296314,0.0,12.23024866188999,2.3823735899309884,884.6020259058722
0.674665856314044,0.0,-0.6490733880281054,0.0,0.44481538520093766,0.0,12.230738748214328,2.381733589930988,884.9703949524798
0.6743849782856497,0.0,-0.6493899779242441,0.0,0.4450540518257685,0.0,12.231227805687867,2.381093589930988,885.3376021335927
0.6741040693179425,0.0,-0.6497062902050559,0.0,0.44529281693534084,0.0,12.231715837457592,2.3804535899309873,885.7036494343606
0.6738231294762517,0.0,-0.6500223252420002,0.0,0.4455316802949691,0.0,12.232202846657788,2.379813589930987,886.0685388371759
0.6735421588257131,0.0,-0.6503380834055479,0.0,0.445770641670749,0.0,12.232688836410073,2.379173589930987,886.4322723196988
0.6732611574312781,0.0,-0.6506535650651852,0.0,0.4460097008295466,0.0,12.233173809823402,2.3785335899309867,886.7948518583817
0.6729801253577061,0.0,-0.6509687705894144,0.0,0.446248857539006,0.0,12.233657769994206,2.377893589930987,887.1562794250199
0.6726990626695718,0.0,-0.6512837003457618,0.0,0.44648811156753365,0.0,12.234140720006419,2.3772535899309872,887.516556992137
0.6724179694312621,0.0,-0.6515983547007773,0.0,0.4467274626843047,0.0,12.234622662931528,2.3766135899309866,887.8756865248973
0.6721368457069771,0.0,-0.6519127340200409,0.0,0.44696691065925676,0.0,12.235103601828701,2.3759735899309864,888.2336699887675
0.6718556915607314,0.0,-0.6522268386681639,0.0,0.447206455263085,0.0,12.235583539744757,2.375333589930986,888.5905093445067
0.671574507056355,0.0,-0.6525406690087932,0.0,0.44744609626724247,0.0,12.236062479714294,2.3746935899309864,888.9462065495435
0.6712932922574947,0.0,-0.6528542254046172,0.0,0.44768583344393237,0.0,12.236540424759747,2.374053589930986,889.3007635629687
0.6710120472276117,0.0,-0.6531675082173651,0.0,0.44792566656610966,0.0,12.23701737789141,2.373413589930985,889.6541823321738
0.6707307720299864,0.0,-0.6534805178078136,0.0,0.4481655954074733,0.0,12.237493342107525,2.372773589930986,890.0064648106247
0.6704494667277149,0.0,-0.6537932545357886,0.0,0.4484056197424697,0.0,12.237968320394355,2.3721335899309848,890.3576129440949
0.6701681313837128,0.0,-0.6541057187601703,0.0,0.44864573934628127,0.0,12.238442315726209,2.371493589930985,890.7076286763415
0.6698867660607144,0.0,-0.6544179108388936,0.0,0.44888595399483117,0.0,12.238915331065511,2.3708535899309853,891.0565139478854
0.6696053708212737,0.0,-0.654729831128956,0.0,0.44912626346477463,0.0,12.239387369362928,2.3702135899309846,891.4042706969906
0.669323945727766,0.0,-0.6550414799864172,0.0,0.4493666675334975,0.0,12.239858433557288,2.3695735899309844,891.7509008604119
0.6690424908423839,0.0,-0.6553528577664034,0.0,0.44960716597911754,0.0,12.240328526575778,2.3689335899309842,892.0964063657641
0.6687610062271463,0.0,-0.6556639648231123,0.0,0.44984775858047255,0.0,12.240797651333935,2.3682935899309836,892.4407891465393
0.6684794919438916,0.0,-0.6559748015098141,0.0,0.4500884451171258,0.0,12.241265810735692,2.367653589930984,892.7840511270978
0.668197948054281,0.0,-0.6562853681788563,0.0,0.4503292253693603,0.0,12.241733007673485,2.367013589930983,893.1261942324128
0.6679163746197997,0.0,-0.6565956651816672,0.0,0.45057009911817203,0.0,12.242199245028262,2.3663735899309835,893.4672203806941
0.6676347717017569,0.0,-0.6569056928687577,0.0,0.45081106614527333,0.0,12.242664525669577,2.3657335899309833,893.8071314905796
0.6673531393612856,0.0,-0.6572154515897265,0.0,0.4510521262330861,0.0,12.243128852455627,2.365093589930983,894.1459294768691
0.6670714776593453,0.0,-0.6575249416932617,0.0,0.45129327916473877,0.0,12.243592228233302,2.3644535899309824,894.4836162502734
0.666789786656721,0.0,-0.6578341635271452,0.0,0.4515345247240652,0.0,12.244054655838273,2.363813589930982,894.8201937213809
0.6665080664140238,0.0,-0.658143117438255,0.0,0.45177586269560027,0.0,12.244516138095,2.3631735899309825,895.1556637942707
0.6662263169916921,0.0,-0.6584518037725701,0.0,0.4520172928645784,0.0,12.244976677816833,2.3625335899309823,895.4900283726436
0.6659445384499919,0.0,-0.6587602228751707,0.0,0.4522588150169297,0.0,12.245436277806036,2.361893589930982,895.8232893560178
0.6656627308490175,0.0,-0.6590683750902457,0.0,0.45250042893927683,0.0,12.245894940853862,2.3612535899309814,896.1554486416695
0.6653808942486925,0.0,-0.6593762607610912,0.0,0.4527421344189333,0.0,12.246352669740592,2.3606135899309817,896.4865081237592
0.6650990287087698,0.0,-0.659683880230117,0.0,0.45298393124389946,0.0,12.246809467235577,2.3599735899309815,896.8164696938785
0.6648171342888319,0.0,-0.6599912338388485,0.0,0.45322581920286126,0.0,12.247265336097357,2.3593335899309813,897.1453352394695
0.6645352110482933,0.0,-0.6602983219279298,0.0,0.4534677980851859,0.0,12.247720279073627,2.358693589930981,897.4731066472903
0.6642532590463976,0.0,-0.6606051448371276,0.0,0.45370986768091914,0.0,12.248174298901347,2.358053589930981,897.799785797568
0.6639712783422231,0.0,-0.6609117029053333,0.0,0.4539520277807834,0.0,12.24862739830676,2.3574135899309807,898.1253745726395
0.6636892689946776,0.0,-0.6612179964705663,0.0,0.4541942781761761,0.0,12.249079580005498,2.35677358993098,898.4498748472204
0.6634072310625047,0.0,-0.6615240258699777,0.0,0.45443661865916263,0.0,12.249530846702562,2.3561335899309808,898.7732884954329
0.6631251646042797,0.0,-0.6618297914398532,0.0,0.4546790490224788,0.0,12.249981201092417,2.35549358993098,899.0956173879896
0.6628430696784131,0.0,-0.6621352935156156,0.0,0.4549215690595245,0.0,12.250430645859074,2.3548535899309795,899.4168633943432
0.6625609463431499,0.0,-0.6624405324318279,0.0,0.4551641785643632,0.0,12.250879183676048,2.3542135899309797,899.737028376766
0.6622787946565699,0.0,-0.6627455085221977,0.0,0.45540687733171786,0.0,12.2513268172065,2.353573589930979,900.0561141993941
0.6619966146765899,0.0,-0.6630502221195774,0.0,0.4556496651569694,0.0,12.25177354910324,2.352933589930979,900.3741227199218
0.6617144064609631,0.0,-0.6633546735559704,0.0,0.4558925418361518,0.0,12.252219382008809,2.3522935899309796,900.691055795119
0.6614321700672786,0.0,-0.6636588631625329,0.0,0.45613550716595347,0.0,12.252664318555475,2.3516535899309785,901.0069152799255
0.6611499055529649,0.0,-0.6639627912695744,0.0,0.45637856094370993,0.0,12.253108361365358,2.351013589930979,901.3217030223104
0.6608676129752871,0.0,-0.6642664582065657,0.0,0.45662170296740534,0.0,12.2535515130504,2.350373589930978,901.6354208722793
0.66058529239135,0.0,-0.6645698643021365,0.0,0.4568649330356669,0.0,12.253993776212479,2.349733589930979,901.9480706717295
0.660302943858098,0.0,-0.6648730098840825,0.0,0.45710825094776314,0.0,12.254435153443422,2.3490935899309786,902.259654264652
0.6600205674323143,0.0,-0.6651758952793658,0.0,0.45735165650360315,0.0,12.254875647325058,2.3484535899309784,902.5701734887203
0.6597381631706238,0.0,-0.6654785208141197,0.0,0.45759514950373015,0.0,12.255315260429308,2.3478135899309773,902.879630180414
0.6594557311294916,0.0,-0.665780886813649,0.0,0.45783872974932294,0.0,12.255753995318134,2.347173589930978,903.1880261714065
0.6591732713652243,0.0,-0.666082993602435,0.0,0.45808239704219283,0.0,12.256191854543687,2.3465335899309783,903.4953632935627
0.6588907839339716,0.0,-0.6663848415041391,0.0,0.4583261511847763,0.0,12.256628840648332,2.345893589930977,903.8016433738034
0.6586082688917244,0.0,-0.6666864308416023,0.0,0.45856999198013926,0.0,12.257064956164648,2.345253589930977,904.1068682350615
0.6583257262943188,0.0,-0.6669877619368515,0.0,0.4588139192319695,0.0,12.257500203615514,2.344613589930977,904.411039700925
0.6580431561974321,0.0,-0.6672888351111003,0.0,0.459057932744578,0.0,12.257934585514171,2.3439735899309775,904.7141595874922
0.6577605586565884,0.0,-0.6675896506847528,0.0,0.4593020323228927,0.0,12.258368104364228,2.343333589930977,905.0162297118015
0.6574779337271551,0.0,-0.6678902089774067,0.0,0.45954621777245813,0.0,12.2588007626597,2.342693589930976,905.3172518875039
0.6571952814643456,0.0,-0.6681905103078531,0.0,0.4597904888994341,0.0,12.259232562885131,2.3420535899309765,905.6172279224558
0.6569126019232183,0.0,-0.668490554994085,0.0,0.46003484551059015,0.0,12.259663507515555,2.3414135899309754,905.9161596253829
0.6566298951586792,0.0,-0.6687903433532938,0.0,0.4602792874133061,0.0,12.26009359901658,2.340773589930976,906.214048798978
0.6563471612254812,0.0,-0.6690898757018761,0.0,0.4605238144155675,0.0,12.260522839844429,2.340133589930975,906.5108972456102
0.656064400178224,0.0,-0.669389152355435,0.0,0.46076842632596415,0.0,12.260951232445995,2.3394935899309757,906.806706762201
0.6557816120713555,0.0,-0.6696881736287843,0.0,0.46101312295368785,0.0,12.261378779258843,2.3388535899309755,907.1014791460161
0.655498796959173,0.0,-0.6699869398359481,0.0,0.4612579041085299,0.0,12.26180548271132,2.338213589930975,907.3952161883092
0.6552159548958212,0.0,-0.6702854512901674,0.0,0.4615027696008786,0.0,12.262231345222546,2.3375735899309746,907.687919679238
0.654933085935296,0.0,-0.6705837083038994,0.0,0.4617477192417152,0.0,12.262656369202476,2.3369335899309744,907.9795914051833
0.6546501901314423,0.0,-0.6708817111888222,0.0,0.4619927528426167,0.0,12.263080557051948,2.3362935899309742,908.2702331503027
0.6543672675379564,0.0,-0.6711794602558363,0.0,0.46223787021574664,0.0,12.2635039111627,2.335653589930974,908.559846695932
0.6540843182083869,0.0,-0.6714769558150697,0.0,0.4624830711738561,0.0,12.263926433917481,2.3350135899309743,908.8484338207808
0.6538013421961304,0.0,-0.6717741981758767,0.0,0.4627283555302853,0.0,12.264348127689997,2.3343735899309737,909.1359962993454
0.6535183395544388,0.0,-0.6720711876468426,0.0,0.46297372309895357,0.0,12.264768994845024,2.3337335899309735,909.422535902877
0.6532353103364157,0.0,-0.6723679245357882,0.0,0.4632191736943622,0.0,12.265189037738443,2.3330935899309733,909.7080544033589
0.6529522545950192,0.0,-0.6726644091497685,0.0,0.4634647071315898,0.0,12.26560825871725,2.3324535899309726,909.9925535673333
0.6526691723830583,0.0,-0.6729606417950776,0.0,0.4637103232262937,0.0,12.266026660119639,2.3318135899309724,910.276035156761
0.6523860637531986,0.0,-0.6732566227772523,0.0,0.4639560217947018,0.0,12.266444244274973,2.3311735899309727,910.5585009346178
0.6521029287579593,0.0,-0.6735523524010718,0.0,0.4642018026536163,0.0,12.266861013503922,2.3305335899309725,910.8399526574798
0.6518197674497146,0.0,-0.6738478309705629,0.0,0.4644476656204069,0.0,12.267276970118434,2.329893589930972,911.1203920819705
0.651536579880696,0.0,-0.6741430587890007,0.0,0.46469361051301067,0.0,12.26769211642181,2.3292535899309716,911.3998209603161
0.6512533661029888,0.0,-0.6744380361589124,0.0,0.4649396371499298,0.0,12.268106454708729,2.3286135899309715,911.6782410404782
0.6509701261685378,0.0,-0.6747327633820789,0.0,0.46518574535022944,0.0,12.268519987265275,2.3279735899309713,911.9556540722234
0.6506868601291419,0.0,-0.6750272407595386,0.0,0.4654319349335349,0.0,12.268932716368996,2.327333589930971,912.2320617967157
0.6504035680364593,0.0,-0.6753214685915883,0.0,0.4656782057200296,0.0,12.269344644288973,2.3266935899309713,912.507465955868
0.6501202499420069,0.0,-0.6756154471777863,0.0,0.4659245575304524,0.0,12.269755773285782,2.3260535899309716,912.7818682876442
0.6498369058971599,0.0,-0.6759091768169567,0.0,0.46617099018609615,0.0,12.2701661056116,2.325413589930971,913.0552705292623
0.6495535359531505,0.0,-0.6762026578071886,0.0,0.46641750350880756,0.0,12.270575643510249,2.324773589930971,913.3276744113684
0.6492701401610739,0.0,-0.6764958904458407,0.0,0.46666409732097985,0.0,12.270984389217164,2.3241335899309705,913.5990816641931
0.648986718571882,0.0,-0.6767888750295434,0.0,0.46691077144555626,0.0,12.271392344959503,2.3234935899309703,913.8694940135225
0.6487032712363917,0.0,-0.6770816118542011,0.0,0.46715752570602187,0.0,12.271799512956166,2.32285358993097,914.1389131862084
0.6484197982052756,0.0,-0.6773741012149948,0.0,0.4674043599264092,0.0,12.272205895417818,2.32221358993097,914.4073409018463
0.6481362995290716,0.0,-0.6776663434063841,0.0,0.4676512739312889,0.0,12.272611494546924,2.3215735899309697,914.6747788776376
0.6478527752581777,0.0,-0.6779583387221099,0.0,0.46789826754577146,0.0,12.273016312537823,2.32093358993097,914.9412288315433
0.6475692254428559,0.0,-0.6782500874551983,0.0,0.46814534059550283,0.0,12.273420351576728,2.320293589930969,915.2066924736253
0.6472856501332304,0.0,-0.6785415898979583,0.0,0.4683924929066668,0.0,12.273823613841776,2.3196535899309687,915.4711715174553
0.6470020493792873,0.0,-0.678832846341991,0.0,0.46863972430597695,0.0,12.274226101503077,2.3190135899309694,915.7346676665181
0.6467184232308779,0.0,-0.6791238570781861,0.0,0.46888703462067927,0.0,12.274627816722747,2.3183735899309688,915.9971826258942
0.6464347717377189,0.0,-0.6794146223967276,0.0,0.4691344236785462,0.0,12.275028761654907,2.3177335899309686,916.2587180986494
0.6461510949493906,0.0,-0.6797051425870944,0.0,0.4693818913078789,0.0,12.275428938445781,2.317093589930968,916.5192757827065
0.6458673929153385,0.0,-0.679995417938063,0.0,0.46962943733750184,0.0,12.27582834923369,2.3164535899309686,916.7788573747181
0.6455836656848725,0.0,-0.6802854487377122,0.0,0.4698770615967628,0.0,12.276226996149122,2.3158135899309684,917.0374645652798
0.6452999133071711,0.0,-0.6805752352734211,0.0,0.47012476391552943,0.0,12.276624881314728,2.3151735899309682,917.295099046989
0.6450161358312788,0.0,-0.6808647778318752,0.0,0.4703725441241868,0.0,12.277022006845367,2.3145335899309676,917.5517625065813
0.6447323333061055,0.0,-0.681154076699066,0.0,0.4706204020536387,0.0,12.277418374848192,2.3138935899309674,917.807456628952
0.6444485057804307,0.0,-0.6814431321602957,0.0,0.4708683375353006,0.0,12.277813987422588,2.313253589930967,918.0621830957713
0.6441646533029003,0.0,-0.6817319445001782,0.0,0.4711163504011031,0.0,12.278208846660329,2.3126135899309666,918.3159435859452
0.6438807759220292,0.0,-0.6820205140026404,0.0,0.4713644404834858,0.0,12.278602954645496,2.3119735899309664,918.5687397763041
0.6435968736862019,0.0,-0.6823088409509258,0.0,0.4716126076153969,0.0,12.278996313454599,2.311333589930967,918.8205733403616
0.6433129466436701,0.0,-0.6825969256275983,0.0,0.4718608516302919,0.0,12.27938892515655,2.3106935899309664,919.0714459482051
0.643028994842558,0.0,-0.6828847683145399,0.0,0.4721091723621296,0.0,12.279780791812744,2.310053589930966,919.321359268607
0.6427450183308571,0.0,-0.683172369292958,0.0,0.47235756964537273,0.0,12.280171915477084,2.3094135899309665,919.570314965991
0.6424610171564323,0.0,-0.6834597288433846,0.0,0.47260604331498396,0.0,12.280562298195987,2.308773589930966,919.818314703409
0.6421769913670174,0.0,-0.6837468472456779,0.0,0.47285459320642576,0.0,12.28095194200843,2.3081335899309656,920.0653601395755
0.6418929410102184,0.0,-0.684033724779028,0.0,0.4731032191556565,0.0,12.281340848946005,2.3074935899309654,920.3114529328509
0.6416088661335139,0.0,-0.6843203617219545,0.0,0.4733519209991311,0.0,12.281729021032946,2.3068535899309652,920.5565947363636
0.6413247667842531,0.0,-0.6846067583523141,0.0,0.4736006985737953,0.0,12.28211646028613,2.306213589930965,920.8007872016233
0.64104064300966,0.0,-0.6848929149472972,0.0,0.47384955171708837,0.0,12.282503168715161,2.305573589930965,921.0440319765986
0.6407564948568306,0.0,-0.6851788317834343,0.0,0.47409848026693696,0.0,12.282889148322349,2.3049335899309646,921.2863307083733
0.640472322372735,0.0,-0.685464509136595,0.0,0.47434748406175764,0.0,12.283274401102794,2.304293589930965,921.5276850387258
0.6401881256042168,0.0,-0.6857499472819936,0.0,0.47459656294045044,0.0,12.28365892904437,2.3036535899309643,921.7680966095917
0.6399039045979948,0.0,-0.686035146494188,0.0,0.47484571674240006,0.0,12.284042734127816,2.3030135899309645,922.0075670567842
0.6396196594006618,0.0,-0.6863201070470831,0.0,0.475094945307474,0.0,12.284425818326701,2.3023735899309634,922.24609801633
0.6393353900586872,0.0,-0.6866048292139336,0.0,0.4753442484760187,0.0,12.284808183607524,2.3017335899309637,922.4836911202724
0.6390510966184149,0.0,-0.6868893132673459,0.0,0.47559362608885897,0.0,12.285189831929669,2.301093589930963,922.720347996106
0.6387667791260654,0.0,-0.6871735594792786,0.0,0.4758430779872973,0.0,12.285570765245527,2.3004535899309633,922.9560702727156
0.6384824376277367,0.0,-0.6874575681210467,0.0,0.47609260401310954,0.0,12.285950985500438,2.299813589930963,923.1908595736962
0.6381980721694019,0.0,-0.6877413394633225,0.0,0.4763422040085455,0.0,12.286330494632809,2.2991735899309633,923.4247175188001
0.6379136827969126,0.0,-0.6880248737761387,0.0,0.47659187781632534,0.0,12.286709294574047,2.2985335899309627,923.6576457276283
0.6376292695559989,0.0,-0.688308171328888,0.0,0.4768416252796392,0.0,12.287087387248699,2.2978935899309625,923.8896458153612
0.637344832492267,0.0,-0.6885912323903289,0.0,0.4770914462421448,0.0,12.287464774574374,2.2972535899309623,924.1207193939127
0.6370603716512049,0.0,-0.6888740572285851,0.0,0.47734134054796434,0.0,12.287841458461887,2.296613589930962,924.3508680769888
0.6367758870781763,0.0,-0.6891566461111476,0.0,0.4775913080416859,0.0,12.288217440815188,2.295973589930961,924.5800934686513
0.6364913788184267,0.0,-0.6894389993048781,0.0,0.47784134856835864,0.0,12.288592723531433,2.2953335899309617,924.808397175269
0.6362068469170798,0.0,-0.68972111707601,0.0,0.4780914619734926,0.0,12.288967308501057,2.294693589930962,925.0357807975017
0.635922291419141,0.0,-0.6900029996901503,0.0,0.47834164810305824,0.0,12.28934119760773,2.2940535899309613,925.2622459371942
0.6356377123694953,0.0,-0.6902846474122839,0.0,0.47859190680347957,0.0,12.289714392728389,2.293413589930961,925.4877941889097
0.6353531098129085,0.0,-0.6905660605067715,0.0,0.47884223792163944,0.0,12.290086895733383,2.292773589930961,925.7124271468632
0.63506848379403,0.0,-0.6908472392373548,0.0,0.47909264130487134,0.0,12.290458708486364,2.292133589930961,925.9361464039235
0.6347838343573877,0.0,-0.6911281838671575,0.0,0.47934311680096475,0.0,12.29082983284436,2.2914935899309605,926.1589535465959
0.6344991615473943,0.0,-0.6914088946586873,0.0,0.479593664258155,0.0,12.29120027065785,2.2908535899309603,926.3808501617158
0.6342144654083445,0.0,-0.691689371873838,0.0,0.4798442835251286,0.0,12.291570023770745,2.2902135899309597,926.6018378336647
0.6339297459844151,0.0,-0.691969615773891,0.0,0.4800949744510185,0.0,12.291939094020426,2.28957358993096,926.8219181403583
0.6336450033196676,0.0,-0.6922496266195184,0.0,0.4803457368854025,0.0,12.292307483237764,2.2889335899309593,927.0410926614509
0.6333602374580468,0.0,-0.6925294046707822,0.0,0.4805965706783031,0.0,12.292675193247222,2.2882935899309595,927.2593629730468
0.6330754484433799,0.0,-0.692808950187141,0.0,0.48084747568018366,0.0,12.293042225866753,2.28765358993096,927.4767306448662
0.6327906363193819,0.0,-0.6930882634274473,0.0,0.4810984517419469,0.0,12.29340858290792,2.2870135899309587,927.6931972477993
0.6325058011296515,0.0,-0.6933673446499515,0.0,0.481349498714935,0.0,12.29377426617592,2.2863735899309594,927.9087643510055
0.6322209429176712,0.0,-0.6936461941123031,0.0,0.48160061645092955,0.0,12.294139277469602,2.285733589930959,928.1234335163263
0.63193606172681,0.0,-0.693924812071555,0.0,0.4818518048021444,0.0,12.294503618581448,2.285093589930958,928.3372063067292
0.6316511576003241,0.0,-0.6942031987841614,0.0,0.48210306362122707,0.0,12.294867291297676,2.2844535899309575,928.550084281606
0.6313662305813555,0.0,-0.6944813545059819,0.0,0.48235439276125874,0.0,12.295230297398218,2.2838135899309586,928.7620689965124
0.6310812807129323,0.0,-0.6947592794922844,0.0,0.4826057920757512,0.0,12.295592638656784,2.283173589930958,928.9731620064658
0.63079630803797,0.0,-0.6950369739977462,0.0,0.4828572614186442,0.0,12.295954316840835,2.282533589930958,929.1833648608647
0.6305113125992737,0.0,-0.6953144382764531,0.0,0.48310880064430445,0.0,12.296315333711663,2.2818935899309576,929.3926791111593
0.6302262944395326,0.0,-0.6955916725819057,0.0,0.4833604096075268,0.0,12.2966756910244,2.281253589930958,929.6011062995846
0.6299412536013278,0.0,-0.6958686771670192,0.0,0.4836120881635266,0.0,12.297035390528043,2.280613589930957,929.8086479718112
0.6296561901271277,0.0,-0.6961454522841234,0.0,0.483863836167945,0.0,12.297394433965442,2.279973589930958,930.0153056683755
0.629371104059289,0.0,-0.696421998184969,0.0,0.4841156534768427,0.0,12.297752823073445,2.2793335899309572,930.2210809266484
0.6290859954400592,0.0,-0.6966983151207249,0.0,0.48436753994669995,0.0,12.298110559582755,2.2786935899309575,930.4259752815811
0.6288008643115743,0.0,-0.6969744033419827,0.0,0.484619495434416,0.0,12.29846764521812,2.2780535899309564,930.6299902675257
0.6285157107158615,0.0,-0.6972502630987577,0.0,0.484871519797304,0.0,12.298824081698237,2.2774135899309567,930.833127412704
0.6282305346948388,0.0,-0.6975258946404906,0.0,0.48512361289309486,0.0,12.299179870735857,2.276773589930956,931.0353882453803
0.6279453362903128,0.0,-0.6978012982160496,0.0,0.4853757745799313,0.0,12.299535014037755,2.2761335899309563,931.2367742911347
0.6276601155439837,0.0,-0.6980764740737326,0.0,0.4856280047163675,0.0,12.299889513304798,2.2754935899309547,931.437287071337
0.627374872497443,0.0,-0.6983514224612672,0.0,0.4858803031613686,0.0,12.300243370231971,2.2748535899309554,931.6369281051747
0.6270896071921729,0.0,-0.6986261436258149,0.0,0.48613266977430886,0.0,12.300596586508322,2.2742135899309552,931.8356989118042
0.626804319669548,0.0,-0.6989006378139709,0.0,0.4863851044149697,0.0,12.30094916381714,2.273573589930955,932.0336010016244
0.6265190099708384,0.0,-0.6991749052717675,0.0,0.48663760694353625,0.0,12.301301103835812,2.272933589930955,932.2306358914394
0.6262336781372025,0.0,-0.6994489462446747,0.0,0.48689017722060174,0.0,12.301652408235986,2.2722935899309546,932.4268050875833
0.6259483242096956,0.0,-0.6997227609776019,0.0,0.48714281510715873,0.0,12.302003078683486,2.2716535899309545,932.6221100957794
0.6256629482292655,0.0,-0.6999963497149003,0.0,0.48739552046460305,0.0,12.30235311683844,2.271013589930955,932.8165524227478
0.625377550236754,0.0,-0.7002697127003655,0.0,0.48764829315472946,0.0,12.302702524355205,2.270373589930954,933.0101335680421
0.6250921302728973,0.0,-0.7005428501772352,0.0,0.487901133039732,0.0,12.303051302882476,2.2697335899309543,933.2028550308821
0.6248066883783269,0.0,-0.7008157623881975,0.0,0.48815403998220086,0.0,12.303399454063252,2.2690935899309532,933.3947183080123
0.624521224593569,0.0,-0.7010884495753859,0.0,0.48840701384512153,0.0,12.303746979534896,2.268453589930954,933.5857248926543
0.6242357389590448,0.0,-0.7013609119803856,0.0,0.4886600544918752,0.0,12.304093880929145,2.2678135899309533,933.7758762770907
0.6239502315150722,0.0,-0.7016331498442332,0.0,0.4889131617862333,0.0,12.30444015987213,2.2671735899309535,933.9651739485984
0.6236647023018638,0.0,-0.7019051634074197,0.0,0.48916633559236056,0.0,12.30478581798439,2.266533589930953,934.1536193938712
0.62337915135953,0.0,-0.7021769529098897,0.0,0.48941957577481005,0.0,12.305130856880936,2.265893589930953,934.341214095722
0.623093578728077,0.0,-0.7024485185910464,0.0,0.48967288219852456,0.0,12.305475278171254,2.265253589930952,934.5279595346487
0.62280798444741,0.0,-0.7027198606897503,0.0,0.4899262547288312,0.0,12.305819083459296,2.264613589930952,934.7138571905014
0.622522368557329,0.0,-0.7029909794443227,0.0,0.4901796932314459,0.0,12.306162274343546,2.2639735899309525,934.8989085378447
0.6222367310975339,0.0,-0.7032618750925476,0.0,0.49043319757246634,0.0,12.306504852417023,2.2633335899309515,935.0831150512016
0.6219510721076215,0.0,-0.7035325478716711,0.0,0.49068676761837376,0.0,12.306846819267328,2.2626935899309513,935.2664781996369
0.6216653916270868,0.0,-0.7038029980184056,0.0,0.4909404032360312,0.0,12.307188176476636,2.2620535899309515,935.4489994512236
0.6213796896953251,0.0,-0.7040732257689299,0.0,0.4911941042926813,0.0,12.30752892562174,2.2614135899309513,935.6306802737532
0.62109396635163,0.0,-0.7043432313588917,0.0,0.49144787065594453,0.0,12.30786906827404,2.260773589930951,935.8115221277325
0.6208082216351938,0.0,-0.7046130150234086,0.0,0.4917017021938195,0.0,12.30820860599963,2.260133589930951,935.9915264758705
0.6205224555851097,0.0,-0.7048825769970706,0.0,0.4919555987746803,0.0,12.308547540359283,2.2594935899309507,936.1706947747864
0.6202366682403704,0.0,-0.7051519175139394,0.0,0.4922095602672755,0.0,12.308885872908418,2.2588535899309505,936.3490284798941
0.6199508596398698,0.0,-0.7054210368075533,0.0,0.49246358654072725,0.0,12.30922360519724,2.25821358993095,936.5265290456764
0.6196650298224006,0.0,-0.7056899351109267,0.0,0.49271767746452905,0.0,12.309560738770672,2.2575735899309497,936.7031979202444
0.6193791788266593,0.0,-0.7059586126565526,0.0,0.4929718329085442,0.0,12.309897275168414,2.2569335899309495,936.8790365535376
0.619093306691241,0.0,-0.7062270696764028,0.0,0.49322605274300674,0.0,12.310233215924963,2.25629358993095,937.054046388993
0.6188074134546446,0.0,-0.7064953064019314,0.0,0.493480336838518,0.0,12.310568562569586,2.255653589930949,937.2282288720307
0.6185214991552699,0.0,-0.7067633230640749,0.0,0.4937346850660447,0.0,12.310903316626447,2.25501358993095,937.4015854401501
0.6182355638314203,0.0,-0.7070311198932551,0.0,0.49398909729691887,0.0,12.31123747961453,2.254373589930949,937.5741175344926
0.6179496075212996,0.0,-0.7072986971193786,0.0,0.4942435734028385,0.0,12.3115710530477,2.2537335899309494,937.7458265876069
0.6176636302630167,0.0,-0.7075660549718417,0.0,0.4944981132558609,0.0,12.31190403843472,2.2530935899309483,937.9167140340778
0.6173776320945832,0.0,-0.7078331936795266,0.0,0.4947527167284076,0.0,12.312236437279276,2.252453589930949,938.0867813040568
0.6170916130539131,0.0,-0.7081001134708103,0.0,0.4950073836932579,0.0,12.312568251080018,2.2518135899309484,938.2560298246431
0.6168055731788259,0.0,-0.7083668145735591,0.0,0.4952621140235513,0.0,12.31289948133053,2.2511735899309477,938.4244610211576
0.6165195125070455,0.0,-0.7086332972151346,0.0,0.4955169075927824,0.0,12.313230129519392,2.250533589930948,938.5920763193598
0.6162334310761971,0.0,-0.7088995616223921,0.0,0.49577176427480646,0.0,12.313560197130187,2.249893589930948,938.7588771357554
0.6159473289238157,0.0,-0.7091656080216865,0.0,0.4960266839438272,0.0,12.313889685641525,2.249253589930948,938.924864891602
0.6156612060873371,0.0,-0.709431436638869,0.0,0.49628166647440725,0.0,12.314218596527066,2.2486135899309474,939.0900410002301
0.6153750626041053,0.0,-0.7096970476992912,0.0,0.4965367117414591,0.0,12.314546931255528,2.2479735899309476,939.2544068766864
0.6150888985113682,0.0,-0.7099624414278062,0.0,0.49679181962024754,0.0,12.314874691290745,2.247333589930947,939.4179639300904
0.6148027138462812,0.0,-0.7102276180487702,0.0,0.49704698998638425,0.0,12.315201878091608,2.2466935899309473,939.5807135685606
0.6145165086459049,0.0,-0.7104925777860442,0.0,0.4973022227158334,0.0,12.315528493112218,2.246053589930946,939.7426572002122
0.614230282947207,0.0,-0.7107573208629936,0.0,0.4975575176849039,0.0,12.31585453780175,2.245413589930946,939.9037962243052
0.6139440367870633,0.0,-0.7110218475024926,0.0,0.497812874770251,0.0,12.316180013604566,2.2447735899309462,940.0641320455119
0.6136577702022551,0.0,-0.7112861579269243,0.0,0.4980682938488753,0.0,12.316504921960236,2.244133589930946,940.2236660611029
0.6133714832294703,0.0,-0.7115502523581811,0.0,0.4983237747981222,0.0,12.316829264303552,2.2434935899309463,940.382399664202
0.6130851759053085,0.0,-0.7118141310176684,0.0,0.4985793174956765,0.0,12.3171530420645,2.242853589930945,940.5403342530116
0.6127988482662731,0.0,-0.7120777941263038,0.0,0.4988349218195671,0.0,12.317476256668334,2.2422135899309454,940.6974712146917
0.6125125003487794,0.0,-0.7123412419045203,0.0,0.49909058764816083,0.0,12.317798909535583,2.2415735899309452,940.8538119398315
0.6122261321891496,0.0,-0.7126044745722665,0.0,0.49934631486016495,0.0,12.318121002082055,2.2409335899309455,941.0093578142098
0.6119397438236147,0.0,-0.7128674923490098,0.0,0.4996021033346228,0.0,12.318442535718855,2.2402935899309444,941.1641102221051
0.611653335288316,0.0,-0.7131302954537353,0.0,0.49985795295091456,0.0,12.318763511852453,2.2396535899309447,941.3180705442979
0.6113669066193037,0.0,-0.7133928841049489,0.0,0.5001138635887568,0.0,12.319083931884633,2.239013589930945,941.471240160057
0.6110804578525383,0.0,-0.7136552585206789,0.0,0.5003698351281981,0.0,12.319403797212537,2.2383735899309447,941.6236204454907
0.6107939890238899,0.0,-0.7139174189184774,0.0,0.5006258674496213,0.0,12.319723109228741,2.237733589930944,941.7752127751779
0.6105075001691398,0.0,-0.7141793655154192,0.0,0.5008819604337408,0.0,12.320041869321171,2.2370935899309434,941.9260185216708
0.6102209913239796,0.0,-0.7144410985281071,0.0,0.5011381139616004,0.0,12.32036007887321,2.2364535899309437,942.07603905271
0.6099344625240112,0.0,-0.7147026181726714,0.0,0.5013943279145742,0.0,12.32067773926368,2.235813589930943,942.2252757356985
0.6096479138047499,0.0,-0.7149639246647697,0.0,0.5016506021743647,0.0,12.320994851866846,2.2351735899309437,942.3737299361795
0.6093613452016201,0.0,-0.7152250182195926,0.0,0.5019069366230005,0.0,12.321311418052463,2.2345335899309426,942.5214030158536
0.6090747567499593,0.0,-0.7154858990518606,0.0,0.502163331142837,0.0,12.32162743918579,2.233893589930942,942.6682963349989
0.6087881484850177,0.0,-0.7157465673758265,0.0,0.5024197856165532,0.0,12.321942916627588,2.233253589930942,942.8144112498597
0.6085015204419563,0.0,-0.71600702340528,0.0,0.5026762999271531,0.0,12.322257851734177,2.2326135899309425,942.9597491158135
0.6082148726558508,0.0,-0.7162672673535453,0.0,0.5029328739579612,0.0,12.322572245857398,2.2319735899309423,943.1043112870972
0.6079282051616872,0.0,-0.7165272994334836,0.0,0.5031895075926263,0.0,12.322886100344702,2.2313335899309426,943.2480991106852
0.6076415179943675,0.0,-0.7167871198574957,0.0,0.5034462007151146,0.0,12.323199416539076,2.230693589930942,943.3911139371509
0.6073548111887058,0.0,-0.7170467288375215,0.0,0.5037029532097125,0.0,12.323512195779175,2.2300535899309413,943.533357112358
0.6070680847794304,0.0,-0.7173061265850423,0.0,0.5039597649610238,0.0,12.323824439399225,2.2294135899309415,943.6748299769155
0.6067813388011835,0.0,-0.7175653133110825,0.0,0.5042166358539701,0.0,12.324136148729133,2.2287735899309418,943.8155338744043
0.6064945732885219,0.0,-0.7178242892262103,0.0,0.5044735657737883,0.0,12.324447325094452,2.2281335899309416,943.9554701432728
0.6062077882759154,0.0,-0.7180830545405393,0.0,0.5047305546060308,0.0,12.32475796981642,2.2274935899309405,944.0946401175569
0.6059209837977517,0.0,-0.7183416094637287,0.0,0.5049876022365611,0.0,12.325068084211946,2.2268535899309407,944.233045132123
0.6056341598883308,0.0,-0.7185999542049885,0.0,0.5052447085515572,0.0,12.325377669593697,2.226213589930941,944.3706865185895
0.6053473165818707,0.0,-0.7188580889730746,0.0,0.5055018734375083,0.0,12.32568672727004,2.2255735899309403,944.5075656071772
0.6050604539125016,0.0,-0.7191160139762957,0.0,0.5057590967812142,0.0,12.325995258545086,2.2249335899309397,944.643683721853
0.6047735719142742,0.0,-0.7193737294225118,0.0,0.5060163784697818,0.0,12.326303264718725,2.224293589930939,944.779042189834
0.6044866706211509,0.0,-0.7196312355191362,0.0,0.5062737183906288,0.0,12.326610747086633,2.2236535899309398,944.9136423317474
