x,y,z,xdot,ydot,zdot,Period,JC,Stability
0.9922012915269703,0.0,1.690117382751261e-16,0.0,-0.009170865099052702,0.0,3.063983855185321,3.0007173541858916,1751.1199080695308
0.9922277265440309,0.0,0.0007372996581562485,0.0,-0.009180865099052702,0.0,3.0609150620873895,3.000714688636124,1717.4389076161558
0.9922321108413176,0.0,0.0007618528552272348,0.0,-0.009195865099052701,0.0,3.0608648157200893,3.0007143306074404,1714.3508911360022
0.9922335728717581,0.0,0.00076986393778919,0.0,-0.0092008650990527,0.0,3.060848038790003,3.0007142111877196,1713.321849163423
0.9922350352010597,0.0,0.0007777928441121699,0.0,-0.0092058650990527,0.0,3.060831247772526,3.0007140917296287,1712.292956483349
0.9922364978291364,0.0,0.0007856420592955702,0.0,-0.0092108650990527,0.0,3.060814442657573,3.0007139722331924,1711.2642136142026
0.9922379607558999,0.0,0.000793413945557676,0.0,-0.0092158650990527,0.0,3.060797623435078,3.0007138526984374,1710.23562106809
0.992239423981265,0.0,0.0008011107506183266,0.0,-0.0092208650990527,0.0,3.0607807900949666,3.0007137331253873,1709.2071793809528
0.9922408875051429,0.0,0.0008087346152685575,0.0,-0.0092258650990527,0.0,3.060763942627076,3.00071361351407,1708.1788890534162
0.9922423513274479,0.0,0.0008162875804105871,0.0,-0.0092308650990527,0.0,3.0607470810213546,3.0007134938645095,1707.1507506114247
0.9922438154480923,0.0,0.0008237715934119683,0.0,-0.0092358650990527,0.0,3.060730205267619,3.000713374176731,1706.1227645721135
0.9922452798669885,0.0,0.0008311885140230002,0.0,-0.0092408650990527,0.0,3.0607133153557475,3.000713254450762,1705.0949314464185
0.9922467445840504,0.0,0.0008385401197949221,0.0,-0.009245865099052699,0.0,3.0606964112755763,3.0007131346866256,1704.0672517583605
0.9922482095991904,0.0,0.0008458281110689369,0.0,-0.009250865099052699,0.0,3.06067949301698,3.0007130148843495,1703.0397260164184
0.9922496749123205,0.0,0.0008530541155824511,0.0,-0.009255865099052699,0.0,3.0606625605697557,3.000712895043958,1702.0123547387823
0.9922511405233546,0.0,0.0008602196927543715,0.0,-0.009260865099052698,0.0,3.0606456139237586,3.000712775165477,1700.9851384389497
0.9922526064322047,0.0,0.0008673263376132283,0.0,-0.009265865099052698,0.0,3.0606286530687905,3.000712655248932,1699.9580776302362
0.9922540726441446,0.0,0.0008743755529803051,0.0,-0.009270865099052698,0.0,3.0606116774923557,3.0007125352937853,1698.9311654028859
0.9922570059447784,0.0,0.0008883067378765089,0.0,-0.009280865099052698,0.0,3.0605776851481314,3.00071229527117,1696.8778332838815
0.992259940440639,0.0,0.0009020238361477738,0.0,-0.009290865099052697,0.0,3.06054363530243,3.000712055096146,1694.8251239088377
0.9922628761256651,0.0,0.0009155363849160941,0.0,-0.009300865099052697,0.0,3.06050952837571,3.000711814769479,1692.7730487882545
0.9922658129991558,0.0,0.0009288532914025359,0.0,-0.009310865099052696,0.0,3.060475364285959,3.0007115742913757,1690.7216120039434
0.9922687510604097,0.0,0.0009419828334607319,0.0,-0.009320865099052696,0.0,3.0604411429510616,3.0007113336620415,1688.6708176291575
0.9922716903087242,0.0,0.0009549327200812576,0.0,-0.009330865099052696,0.0,3.060406864288719,3.00071109288168,1686.6206697247965
0.9922746307433962,0.0,0.000967710144627276,0.0,-0.009340865099052695,0.0,3.0603725282164844,3.0007108519504975,1684.5711723462343
0.9922775723637227,0.0,0.0009803218318408372,0.0,-0.009350865099052695,0.0,3.0603381346518446,3.0007106108686976,1682.5223295427722
0.9922805151689994,0.0,0.0009927740794452966,0.0,-0.009360865099052694,0.0,3.060303683512048,3.0007103696364865,1680.4741453539907
0.9922834591585205,0.0,0.0010050727951518277,0.0,-0.009370865099052694,0.0,3.0602691747142194,3.0007101282540702,1678.4266238098478
0.9922864043315817,0.0,0.0010172235296458025,0.0,-0.009380865099052694,0.0,3.0602346081754357,3.000709886721652,1676.3797689340329
0.9922893506874757,0.0,0.001029231506020663,0.0,-0.009390865099052693,0.0,3.060199983812481,3.000709645039439,1674.3335847414523
0.992292298225496,0.0,0.001041101646229846,0.0,-0.009400865099052693,0.0,3.060165301542102,3.0007094032076362,1672.2880752410344
0.9922952469449349,0.0,0.0010528385948109932,0.0,-0.009410865099052692,0.0,3.06013056128087,3.0007091612264483,1670.2432444237334
0.9922981968450848,0.0,0.0010644467402774658,0.0,-0.009420865099052692,0.0,3.060095762945228,3.000708919096082,1668.1990962896382
0.9923011479252356,0.0,0.0010759302344171724,0.0,-0.009430865099052691,0.0,3.0600609064514166,3.000708676816742,1666.1556348159083
0.9923041001846782,0.0,0.0010872930097958707,0.0,-0.009440865099052691,0.0,3.06002599171561,3.0007084343886348,1664.1128639736057
0.9923070536227027,0.0,0.0010985387955984405,0.0,-0.00945086509905269,0.0,3.059991018653807,3.0007081918119654,1662.0707877315795
0.9923100082385974,0.0,0.001109671132031949,0.0,-0.00946086509905269,0.0,3.0599559871818367,3.0007079490869404,1660.0294100488775
0.9923129640316517,0.0,0.0011206933834709103,0.0,-0.00947086509905269,0.0,3.0599208972154472,3.000707706213766,1657.9887348722061
0.9923159210011521,0.0,0.0011316087504045411,0.0,-0.00948086509905269,0.0,3.0598857486701405,3.0007074631926467,1655.9487661414503
0.9923188791463861,0.0,0.0011424202804089264,0.0,-0.009490865099052689,0.0,3.0598505414613775,3.0007072200237896,1653.9095077910933
0.9923218384666396,0.0,0.0011531308781564035,0.0,-0.009500865099052689,0.0,3.0598152755044072,3.0007069767074013,1651.8709637460395
0.9923247989611987,0.0,0.0011637433146204589,0.0,-0.009510865099052688,0.0,3.059779950714371,3.000706733243687,1649.8331379201095
0.9923277606293484,0.0,0.0011742602355138897,0.0,-0.009520865099052688,0.0,3.059744567006245,3.0007064896328535,1647.796034224958
0.9923307234703719,0.0,0.0011846841690650268,0.0,-0.009530865099052687,0.0,3.0597091242948653,3.000706245875106,1645.7596565556205
0.992333687483554,0.0,0.0011950175331966453,0.0,-0.009540865099052687,0.0,3.0596736224949246,3.0007060019706526,1643.724008808994
0.9923366526681769,0.0,0.001205262642117808,0.0,-0.009550865099052687,0.0,3.059638061520978,3.000705757919699,1641.6890948663224
0.9923396190235219,0.0,0.001215421712441867,0.0,-0.009560865099052686,0.0,3.0596024412873666,3.0007055137224516,1639.6549185953243
0.9923425865488714,0.0,0.0012254968688613023,0.0,-0.009570865099052686,0.0,3.0595667617083975,3.0007052693791163,1637.6214838722058
0.9923455552435065,0.0,0.0012354901493682468,0.0,-0.009580865099052685,0.0,3.0595310226981964,3.000705024889902,1635.5887945553686
0.9923485251067052,0.0,0.0012454035101122697,0.0,-0.009590865099052685,0.0,3.059495224170643,3.0007047802550133,1633.5568544854361
0.9923514961377491,0.0,0.0012552388299555443,0.0,-0.009600865099052685,0.0,3.059459366039613,3.0007045354746573,1631.5256675172216
0.9923544683359149,0.0,0.001264997914630484,0.0,-0.009610865099052684,0.0,3.0594234482187352,3.000704290549042,1629.4952374721547
0.9923574417004815,0.0,0.001274682500691149,0.0,-0.009620865099052684,0.0,3.059387470621566,3.0007040454783724,1627.4655681806894
0.9923604162307252,0.0,0.0012842942591340006,0.0,-0.009630865099052683,0.0,3.0593514331614413,3.000703800262858,1625.4366634563505
0.9923633919259235,0.0,0.001293834798823016,0.0,-0.009640865099052683,0.0,3.059315335751602,3.0007035549027044,1623.4085271148938
0.9923663687935765,0.0,0.0013033057379939201,0.0,-0.009650865099052683,0.0,3.0592791779113724,3.000703309397279,1621.381155052632
0.9923723259939932,0.0,0.0013220443272133743,0.0,-0.009670865099052682,0.0,3.059206682953725,3.0007028179564794,1617.3287663206504
0.992378287850844,0.0,0.0013405215602120208,0.0,-0.009690865099052681,0.0,3.0591339464089677,3.000702325939601,1613.2795038043923
0.9923842543500817,0.0,0.0013587479255238073,0.0,-0.00971086509905268,0.0,3.059060967970123,3.000701833349142,1609.2334055004244
0.9923902254858737,0.0,0.0013767332799467828,0.0,-0.00973086509905268,0.0,3.05898774693405,3.0007013401867635,1605.1905013815704
0.992396201252376,0.0,0.0013944868433616044,0.0,-0.009750865099052678,0.0,3.058914282595295,3.0007008464541265,1601.1508212836607
0.9924021816437306,0.0,0.001412017254739123,0.0,-0.009770865099052678,0.0,3.0588405742459392,3.000700352152895,1597.1143949048576
0.9924081666540707,0.0,0.0014293326220099836,0.0,-0.009790865099052677,0.0,3.0587666211757765,3.0006998572847325,1593.08125181812
0.9924141562775146,0.0,0.0014464405665085872,0.0,-0.009810865099052676,0.0,3.058692422672047,3.0006993618513045,1589.0514214585887
0.9924201505081702,0.0,0.0014633482628061362,0.0,-0.009830865099052675,0.0,3.058617978019765,3.000698865854277,1585.0249331273262
0.9924261493401326,0.0,0.0014800624744020381,0.0,-0.009850865099052674,0.0,3.0585432865014037,3.0006983692953173,1581.0018159914907
0.9924321527674848,0.0,0.0014965895858609479,0.0,-0.009870865099052674,0.0,3.058468347397087,3.0006978721760946,1576.9820990818753
0.9924381607842974,0.0,0.0015129356317798205,0.0,-0.009890865099052673,0.0,3.058393159984502,3.0006973744982783,1572.9658113036407
0.9924441733846288,0.0,0.0015291063229729458,0.0,-0.009910865099052672,0.0,3.058317723538916,3.000696876263539,1568.9529814155871
0.9924501905625243,0.0,0.0015451070701852651,0.0,-0.009930865099052671,0.0,3.0582420373331307,3.00069637747355,1564.943638049929
0.9924562123120171,0.0,0.0015609430056370247,0.0,-0.00995086509905267,0.0,3.058166100637547,3.0006958781299815,1560.9378097045555
0.9924622386271288,0.0,0.0015766190026084762,0.0,-0.00997086509905267,0.0,3.0580899127201735,3.0006953782345103,1556.935524738436
0.9924682695018655,0.0,0.0015921396932723944,0.0,-0.009990865099052669,0.0,3.058013472846421,3.000694877788811,1552.936811378463
0.9924743049302243,0.0,0.0016075094850296532,0.0,-0.010010865099052668,0.0,3.0579367802794297,3.0006943767945597,1548.9416977206072
0.9924803449061865,0.0,0.0016227325753861278,0.0,-0.010030865099052667,0.0,3.0578598342797614,3.0006938752534347,1544.950211717375
0.9924863894237217,0.0,0.001637812965639271,0.0,-0.010050865099052666,0.0,3.057782634105552,3.000693373167114,1540.9623811945903
0.9924924384767868,0.0,0.0016527544734126678,0.0,-0.010070865099052665,0.0,3.057705179012487,3.0006928705372786,1536.9782338381722
0.9924984920593249,0.0,0.0016675607441854383,0.0,-0.010090865099052665,0.0,3.0576274682537474,3.0006923673656085,1532.9977972005772
0.9925045501652672,0.0,0.0016822352619139894,0.0,-0.010110865099052664,0.0,3.057549501080074,3.0006918636537865,1529.0210987016635
0.9925106127885298,0.0,0.0016967813588122875,0.0,-0.010130865099052663,0.0,3.0574712767396655,3.0006913594034956,1525.0481656221482
0.9925166799230176,0.0,0.0017112022244083868,0.0,-0.010150865099052662,0.0,3.0573927944783037,3.000690854616421,1521.0790251077142
0.9925227515626207,0.0,0.0017255009138879241,0.0,-0.010170865099052661,0.0,3.057314053539218,3.0006903492942474,1517.1137041711677
0.992528827701217,0.0,0.0017396803558495924,0.0,-0.01019086509905266,0.0,3.057235053163165,3.0006898434386624,1513.1522296915305
0.9925349083326701,0.0,0.0017537433594735276,0.0,-0.01021086509905266,0.0,3.057155792588392,3.000689337051354,1509.1946284067144
0.9925409934508304,0.0,0.001767692621188747,0.0,-0.010230865099052659,0.0,3.0570762710506463,3.0006888301340107,1505.2409269263478
0.9925470830495348,0.0,0.0017815307308660662,0.0,-0.010250865099052658,0.0,3.0569964877831572,3.0006883226883234,1501.2911517164744
0.9925531771226059,0.0,0.0017952601775774685,0.0,-0.010270865099052657,0.0,3.0569164420165933,3.0006878147159832,1497.3453291129108
0.9925592756638537,0.0,0.0018088833549698997,0.0,-0.010290865099052656,0.0,3.0568361329791496,3.000687306218683,1493.4034853199075
0.9925653786670733,0.0,0.0018224025662696827,0.0,-0.010310865099052656,0.0,3.0567555598964757,3.000686797198117,1489.465646392876
0.9925714861260465,0.0,0.001835820028956247,0.0,-0.010330865099052655,0.0,3.056674721991675,3.0006862876559794,1485.531838262746
0.9925775980345415,0.0,0.001849137879132701,0.0,-0.010350865099052654,0.0,3.0565936184853166,3.000685777593967,1481.6020867259729
0.9925837143863109,0.0,0.0018623581756073975,0.0,-0.010370865099052653,0.0,3.0565122485954035,3.0006852670137767,1477.676417431429
0.9925898351750955,0.0,0.0018754829037312887,0.0,-0.010390865099052652,0.0,3.0564306115374107,3.000684755917107,1473.7548559082065
0.9925959603946201,0.0,0.0018885139789733588,0.0,-0.010410865099052652,0.0,3.056348706524249,3.0006842443056576,1469.8374275357123
0.9926020900385963,0.0,0.0019014532502939759,0.0,-0.01043086509905265,0.0,3.056266532766265,3.0006837321811304,1465.9241575643796
0.9926082241007209,0.0,0.0019143025032999754,0.0,-0.01045086509905265,0.0,3.0561840894712193,3.000683219545225,1462.0150711090791
0.9926143625746762,0.0,0.0019270634632161559,0.0,-0.010470865099052649,0.0,3.0561013758443396,3.000682706399647,1458.1101931430858
0.9926205054541303,0.0,0.0019397377976781546,0.0,-0.010490865099052648,0.0,3.056018391088211,3.0006821927461,1454.2095485140203
0.9926266527327369,0.0,0.0019523271193654824,0.0,-0.010510865099052647,0.0,3.055935134402918,3.0006816785862895,1450.3131619213596
0.9926328044041353,0.0,0.0019648329884721077,0.0,-0.010530865099052647,0.0,3.0558516049858775,3.000681163921922,1446.4210579413993
0.9926389604619493,0.0,0.001977256915047413,0.0,-0.010550865099052646,0.0,3.055767802031968,3.000680648754705,1442.5332610027417
0.9926451208997882,0.0,0.0019896003611960793,0.0,-0.010570865099052645,0.0,3.055683724733409,3.0006801330863504,1438.6497954035008
0.9926512857112473,0.0,0.002001864743165603,0.0,-0.010590865099052644,0.0,3.0555993722798833,3.0006796169185646,1434.7706853081374
0.9926574548899066,0.0,0.0020140514333073147,0.0,-0.010610865099052643,0.0,3.0555147438584216,3.0006791002530613,1430.8959547460104
0.9926636284293306,0.0,0.0020261617619361976,0.0,-0.010630865099052643,0.0,3.055429838653442,3.000678583091553,1427.0256276005757
0.9926698063230691,0.0,0.0020381970190924276,0.0,-0.010650865099052642,0.0,3.055344655846724,3.000678065435753,1423.1597276295495
0.9926759885646572,0.0,0.002050158456210276,0.0,-0.010670865099052641,0.0,3.055259194617501,3.000677547287378,1419.2982784475266
0.9926821751476144,0.0,0.002062047287688583,0.0,-0.01069086509905264,0.0,3.0551734541422584,3.0006770286481426,1415.4413035453745
0.9926883660654447,0.0,0.002073864692396345,0.0,-0.01071086509905264,0.0,3.0550874335949256,3.000676509519765,1411.5888262630428
0.9926945613116375,0.0,0.0020856118150881743,0.0,-0.010730865099052639,0.0,3.055001132146767,3.000675989903963,1407.7408698125591
0.9927007608796663,0.0,0.0020972897677543254,0.0,-0.010750865099052638,0.0,3.054914548966408,3.0006754698024576,1403.8974572699567
0.9927069647629887,0.0,0.0021088996308961192,0.0,-0.010770865099052637,0.0,3.05482768321978,3.0006749492169695,1400.0586115729868
0.9927131729550486,0.0,0.0021204424547557814,0.0,-0.010790865099052636,0.0,3.0547405340702496,3.0006744281492215,1396.2243555253658
0.9927193854492712,0.0,0.002131919260452706,0.0,-0.010810865099052635,0.0,3.0546531006783986,3.0006739066009365,1392.394711792691
0.9927256022390695,0.0,0.002143331041107292,0.0,-0.010830865099052634,0.0,3.0545653822022314,3.0006733845738394,1388.5697029104078
0.9927318233178383,0.0,0.002154678762873981,0.0,-0.010850865099052634,0.0,3.0544773777970633,3.0006728620696554,1384.749351271339
0.9927380486789571,0.0,0.0021659633659420465,0.0,-0.010870865099052633,0.0,3.0543890866154904,3.000672339090112,1380.9336791363849
0.9927442783157904,0.0,0.0021771857654934515,0.0,-0.010890865099052632,0.0,3.054300507807484,3.0006718156369385,1377.1227086312797
0.992750512221685,0.0,0.002188346852599895,0.0,-0.010910865099052631,0.0,3.0542116405202533,3.0006712917118636,1373.3164617429156
0.9927567503899735,0.0,0.0021994474950999586,0.0,-0.01093086509905263,0.0,3.054122483898409,3.0006707673166177,1369.5149603252084
0.9927629928139714,0.0,0.0022104885384146697,0.0,-0.01095086509905263,0.0,3.054033037083767,3.0006702424529337,1365.7182260989202
0.9927692394869774,0.0,0.0022214708063399875,0.0,-0.010970865099052629,0.0,3.0539432992154896,3.000669717122544,1361.9262806411846
0.9927754904022756,0.0,0.002232395101804852,0.0,-0.010990865099052628,0.0,3.053853269430049,3.0006691913271832,1358.1391454007749
0.992781745553132,0.0,0.0022432622075809943,0.0,-0.011010865099052627,0.0,3.053762946861139,3.000668665068587,1354.356841689028
0.9927880049327981,0.0,0.0022540728869835237,0.0,-0.011030865099052626,0.0,3.0536723306398197,3.0006681383484923,1350.579390681944
0.9927942685345064,0.0,0.002264827884515183,0.0,-0.011050865099052625,0.0,3.0535814198943183,3.0006676111686357,1346.806813421414
0.992800536351475,0.0,0.00227552792651187,0.0,-0.011070865099052625,0.0,3.0534902137502518,3.0006670835307587,1343.039130810711
0.9928068083769042,0.0,0.0022861737217343167,0.0,-0.011090865099052624,0.0,3.053398711330392,3.0006665554366005,1339.2763636202576
0.9928130846039779,0.0,0.0022967659619532324,0.0,-0.011110865099052623,0.0,3.0533069117548512,3.0006660268879033,1335.5185324845002
0.9928193650258635,0.0,0.0023073053224990595,0.0,-0.011130865099052622,0.0,3.053214814140965,3.0006654978864096,1331.7656579053391
0.9928256496357113,0.0,0.00231779246279403,0.0,-0.011150865099052621,0.0,3.053122417603321,3.0006649684338633,1328.0177602475833
0.9928319384266545,0.0,0.0023282280268625112,0.0,-0.01117086509905262,0.0,3.053029721253751,3.00066443853201,1324.2748597417967
0.9928382313918093,0.0,0.0023386126438160156,0.0,-0.01119086509905262,0.0,3.052936724201324,3.000663908182597,1320.5369764791626
0.9928445285242742,0.0,0.002348946928324405,0.0,-0.011210865099052619,0.0,3.052843425552329,3.0006633773873705,1316.8041304214953
0.9928508298171325,0.0,0.002359231481069549,0.0,-0.011230865099052618,0.0,3.052749824410351,3.000662846148081,1313.0763413982036
0.9928571352634484,0.0,0.0023694668891701427,0.0,-0.011250865099052617,0.0,3.0526559198761425,3.0006623144664784,1309.3536290939614
0.9928634448562692,0.0,0.0023796537265981187,0.0,-0.011270865099052617,0.0,3.0525617110476606,3.000661782344313,1305.6360130711419
0.9928697585886251,0.0,0.002389792554584229,0.0,-0.011290865099052616,0.0,3.0524671970201442,3.0006612497833385,1301.9235127474822
0.9928760764535288,0.0,0.0023998839219941956,0.0,-0.011310865099052615,0.0,3.0523723768859683,3.0006607167853088,1298.2161474134728
0.9928823984439751,0.0,0.0024099283657010658,0.0,-0.011330865099052614,0.0,3.052277249734765,3.0006601833519793,1294.5139362194136
0.9928887245529417,0.0,0.002419926410941178,0.0,-0.011350865099052613,0.0,3.0521818146533537,3.000659649485106,1290.8168981867525
0.9928950547733882,0.0,0.0024298785716524514,0.0,-0.011370865099052612,0.0,3.052086070725748,3.0006591151864455,1287.1250521989618
0.9929013890982562,0.0,0.0024397853508047475,0.0,-0.011390865099052612,0.0,3.0519900170331313,3.0006585804577584,1283.4384170070864
0.9929077275204703,0.0,0.0024496472407191027,0.0,-0.01141086509905261,0.0,3.051893652653916,3.000658045300803,1279.7570112278745
0.9929140700329364,0.0,0.0024594647233685267,0.0,-0.01143086509905261,0.0,3.0517969766636703,3.0006575097173425,1276.0808533454592
0.9929204166285434,0.0,0.0024692382706763107,0.0,-0.01145086509905261,0.0,3.051699988135152,3.000656973709138,1272.409961708821
0.9929267673001606,0.0,0.002478968344792988,0.0,-0.011470865099052608,0.0,3.0516026861382564,3.000656437277953,1268.7443545324916
0.9929331220406403,0.0,0.0024886553983757514,0.0,-0.011490865099052608,0.0,3.0515050697400694,3.000655900425554,1265.084049901129
0.9929394808428159,0.0,0.002498299874849058,0.0,-0.011510865099052607,0.0,3.0514071380048495,3.000655363153706,1261.429065759921
0.9929458436995034,0.0,0.0025079022086614126,0.0,-0.011530865099052606,0.0,3.051308889994014,3.0006548254641756,1257.779419926972
0.9929522106034996,0.0,0.0025174628255245114,0.0,-0.011550865099052605,0.0,3.051210324766091,3.0006542873587336,1254.135130084622
0.9929585815475831,0.0,0.0025269821426573817,0.0,-0.011570865099052604,0.0,3.0511114413768152,3.0006537488391483,1250.4962137813673
0.9929649565245144,0.0,0.0025364605690107065,0.0,-0.011590865099052603,0.0,3.0510122388790215,3.0006532099071914,1246.8626884342234
0.9929713355270342,0.0,0.0025458985054861733,0.0,-0.011610865099052603,0.0,3.0509127163226912,3.000652670564636,1243.2345713251946
0.9929777185478662,0.0,0.00255529634515557,0.0,-0.011630865099052602,0.0,3.0508128727549515,3.000652130813253,1239.6118796073183
0.9929841055797138,0.0,0.0025646544734612806,0.0,-0.011650865099052601,0.0,3.0507127072200726,3.000651590654821,1235.994630294871
0.9929904966152627,0.0,0.0025739732684172045,0.0,-0.0116708650990526,0.0,3.0506122187594036,3.0006510500911125,1232.3828402767394
0.9929968916471795,0.0,0.0025832531008031763,0.0,-0.0116908650990526,0.0,3.0505114064114585,3.0006505091239073,1228.7765263099136
0.9930032906681108,0.0,0.002592494334346855,0.0,-0.011710865099052599,0.0,3.050410269211833,3.0006499677549825,1225.1757050077827
0.9930096936706855,0.0,0.0026016973259100516,0.0,-0.011730865099052598,0.0,3.0503088061932595,3.000649425986118,1221.5803928641621
0.9930161006475122,0.0,0.002610862425655947,0.0,-0.011750865099052597,0.0,3.0502070163855612,3.000648883819096,1217.9906062348264
0.9930225115911815,0.0,0.002619989977224621,0.0,-0.011770865099052596,0.0,3.050104898815678,3.0006483412556966,1214.4063613464846
0.9930289264942638,0.0,0.0026290803178904733,0.0,-0.011790865099052595,0.0,3.0500024525076324,3.0006477982977056,1210.8276742918652
0.9930353453493104,0.0,0.0026381337787241446,0.0,-0.011810865099052595,0.0,3.0498996764825432,3.000647254946905,1207.2545610347809
0.993041768148853,0.0,0.0026471506847434755,0.0,-0.011830865099052594,0.0,3.0497965697586067,3.000646711205083,1203.6870374045352
0.9930481948854047,0.0,0.002656131355064558,0.0,-0.011850865099052593,0.0,3.049693131351163,3.0006461670740263,1200.1251191013562
0.9930546255514571,0.0,0.0026650761030387994,0.0,-0.011870865099052592,0.0,3.049589360272527,3.0006456225555223,1196.5688216932933
0.9930610601394845,0.0,0.0026739852364023745,0.0,-0.011890865099052591,0.0,3.0494852555321956,3.000645077651361,1193.018160619782
0.9930674986419393,0.0,0.0026828590574006442,0.0,-0.01191086509905259,0.0,3.049380816136661,3.0006445323633337,1189.4731511856542
0.9930739410512559,0.0,0.002691697862927267,0.0,-0.01193086509905259,0.0,3.0492760410895245,3.0006439866932317,1185.9338085698516
0.9930803873598476,0.0,0.002700501944645603,0.0,-0.011950865099052589,0.0,3.049170929391432,3.000643440642849,1182.4001478174628
0.9930868375601077,0.0,0.0027092715891132097,0.0,-0.011970865099052588,0.0,3.049065480040096,3.0006428942139802,1178.8721838433507
0.9930932916444105,0.0,0.0027180070779034525,0.0,-0.011990865099052587,0.0,3.0489596920302664,3.00064234740842,1175.3499314331652
0.9930997496051088,0.0,0.0027267086877170096,0.0,-0.012010865099052586,0.0,3.048853564353763,3.0006418002279664,1171.8334052430841
0.9931062114345365,0.0,0.0027353766904996985,0.0,-0.012030865099052586,0.0,3.048747095999437,3.000641252674417,1168.322619799928
0.9931126771250061,0.0,0.002744011353546055,0.0,-0.012050865099052585,0.0,3.0486402859532022,3.0006407047495713,1164.817589497356
0.9931191466688107,0.0,0.002752612939609428,0.0,-0.012070865099052584,0.0,3.0485331331979837,3.000640156455231,1161.3183286030016
0.9931256200582226,0.0,0.0027611817070022884,0.0,-0.012090865099052583,0.0,3.048425636713767,3.0006396077931967,1157.8248512558753
0.9931320972854927,0.0,0.0027697179096946947,0.0,-0.012110865099052582,0.0,3.0483177954774914,3.0006390587652723,1154.3371714646262
0.9931385783428534,0.0,0.002778221797419576,0.0,-0.012130865099052581,0.0,3.048209608463269,3.0006385093732613,1150.8553031060537
0.993145063222514,0.0,0.0027866936157540834,0.0,-0.01215086509905258,0.0,3.0481010746420822,3.0006379596189703,1147.379259932823
0.9931515519166644,0.0,0.002795133606221764,0.0,-0.01217086509905258,0.0,3.047992192982,3.000637409504205,1143.909055565659
0.9931580444174747,0.0,0.0028035420063795956,0.0,-0.012190865099052579,0.0,3.0478829624481385,3.000636859030775,1140.444703500882
0.9931645407170911,0.0,0.002811919049896736,0.0,-0.012210865099052578,0.0,3.047773382002526,3.0006363082004883,1136.9862171014145
0.9931710408076418,0.0,0.002820264966651019,0.0,-0.012230865099052577,0.0,3.0476634506042855,3.0006357570151554,1133.5336096049502
0.9931775446812328,0.0,0.0028285799828018368,0.0,-0.012250865099052577,0.0,3.0475531672095086,3.000635205476588,1130.0868941225074
0.9931840523299486,0.0,0.002836864320871788,0.0,-0.012270865099052576,0.0,3.0474425307712707,3.0006346535865998,1126.6460836357958
0.9931905637458527,0.0,0.0028451181998252525,0.0,-0.012290865099052575,0.0,3.047331540239655,3.0006341013470044,1123.2111909991747
0.9931970789209884,0.0,0.0028533418351454373,0.0,-0.012310865099052574,0.0,3.0472201945617545,3.000633548759617,1119.7822289408866
0.9932035978473757,0.0,0.0028615354389010103,0.0,-0.012330865099052573,0.0,3.047108492681603,3.000632995826255,1116.359210059377
0.9932101205170144,0.0,0.002869699219824567,0.0,-0.012350865099052573,0.0,3.046996433540247,3.000632442548736,1112.94214682981
0.9932166469218826,0.0,0.002877833383379298,0.0,-0.012370865099052572,0.0,3.0468840160757082,3.000631888928878,1109.5310515989513
0.993223177053937,0.0,0.0028859381318266856,0.0,-0.012390865099052571,0.0,3.046771239222992,3.000631334968501,1106.1259365860365
0.9932297109051129,0.0,0.002894013664293051,0.0,-0.01241086509905257,0.0,3.0466581019140686,3.000630780669429,1102.7268138871136
0.9932362484673227,0.0,0.0029020601768305196,0.0,-0.01243086509905257,0.0,3.046544603077857,3.000630226033482,1099.3336954690512
0.9932427897324576,0.0,0.002910077862483316,0.0,-0.012450865099052568,0.0,3.046430741640266,3.0006296710624856,1095.946593172925
0.9932493346923871,0.0,0.002918066911347085,0.0,-0.012470865099052568,0.0,3.046316516524156,3.000629115758264,1092.5655187174161
0.9932558833389584,0.0,0.0029260275106283446,0.0,-0.012490865099052567,0.0,3.0462019266493345,3.0006285601226437,1089.1904836924841
0.9932624356639976,0.0,0.0029339598447033206,0.0,-0.012510865099052566,0.0,3.0460869709326093,3.000628004157452,1085.8214995655862
0.993268991659307,0.0,0.002941864095170101,0.0,-0.012530865099052565,0.0,3.0459716482876655,3.0006274478645185,1082.4585776771562
0.9932755513166676,0.0,0.002949740440908474,0.0,-0.012550865099052564,0.0,3.045855957625188,3.0006268912456724,1079.1017292413428
0.9932821146278396,0.0,0.002957589058134132,0.0,-0.012570865099052564,0.0,3.0457398978528043,3.000626334302745,1075.7509653546988
0.9932886815845575,0.0,0.002965410120441893,0.0,-0.012590865099052563,0.0,3.045623467875068,3.0006257770375693,1072.4062969800848
0.9932952521785363,0.0,0.002973203798867965,0.0,-0.012610865099052562,0.0,3.0455066665934662,3.0006252194519782,1069.0677349633565
0.9933018264014664,0.0,0.0029809702619306502,0.0,-0.012630865099052561,0.0,3.0453894929064136,3.0006246615478065,1065.7352900229598
0.993308404245018,0.0,0.0029887096756875406,0.0,-0.01265086509905256,0.0,3.0452719457093007,3.0006241033268903,1062.4089727569424
0.9933149857008364,0.0,0.0029964222037734112,0.0,-0.01267086509905256,0.0,3.045154023894413,3.0006235447910665,1059.088793634805
0.9933215707605451,0.0,0.00300410800745175,0.0,-0.012690865099052559,0.0,3.0450357263509487,3.0006229859421745,1055.7747630063814
0.9933281594157448,0.0,0.00301176724565865,0.0,-0.012710865099052558,0.0,3.0449170519650495,3.0006224267820527,1052.4668911007946
0.9933347516580122,0.0,0.0030194000750452376,0.0,-0.012730865099052557,0.0,3.044797999619751,3.000621867312542,1049.1651880168806
0.9933413474789041,0.0,0.0030270066500273527,0.0,-0.012750865099052556,0.0,3.044678568195085,3.0006213075354853,1045.8696637409143
0.99334794686995,0.0,0.0030345871228130493,0.0,-0.012770865099052555,0.0,3.0445587565678656,3.000620747452725,1042.5803281279166
0.9933545498226596,0.0,0.003042141643459531,0.0,-0.012790865099052555,0.0,3.0444385636119335,3.0006201870661053,1039.2971909167845
0.9933611563285176,0.0,0.003049670359901922,0.0,-0.012810865099052554,0.0,3.0443179881979674,3.0006196263774734,1036.020261721005
0.9933677663789862,0.0,0.003057173417997357,0.0,-0.012830865099052553,0.0,3.0441970291935907,3.0006190653886735,1032.7495500354012
0.9933743799655045,0.0,0.0030646509615618687,0.0,-0.012850865099052552,0.0,3.0440756854633113,3.000618504101556,1029.4850652337464
0.993380997079487,0.0,0.003072103132405864,0.0,-0.012870865099052551,0.0,3.043953955868541,3.0006179425179673,1026.226816564268
0.9933876177123261,0.0,0.003079530070373495,0.0,-0.01289086509905255,0.0,3.0438318392675807,3.0006173806397602,1022.9748131604932
0.9933942418553887,0.0,0.0030869319133731265,0.0,-0.01291086509905255,0.0,3.0437093345156203,3.000616818468786,1019.7290640293758
0.9934008695000207,0.0,0.003094308797420465,0.0,-0.012930865099052549,0.0,3.0435864404647837,3.0006162560068956,1016.4895780630033
0.9934075006375412,0.0,0.0031016608566614193,0.0,-0.012950865099052548,0.0,3.043463155964004,3.000615693255944,1013.256364030047
0.9934141352592483,0.0,0.0031089882234165652,0.0,-0.012970865099052547,0.0,3.0433394798591906,3.0006151302177866,1010.0294305791718
0.993420773356414,0.0,0.003116291028202903,0.0,-0.012990865099052546,0.0,3.043215410993074,3.0006145668942787,1006.8087862439822
0.993427414920288,0.0,0.0031235693997741613,0.0,-0.013010865099052546,0.0,3.0430909482053057,3.0006140032872786,1003.5944394332098
0.9934340599420951,0.0,0.0031308234651470177,0.0,-0.013030865099052545,0.0,3.042966090332399,3.000613439398644,1000.3863984409754
0.9934407084130352,0.0,0.003138053349629928,0.0,-0.013050865099052544,0.0,3.0428408362077297,3.0006128752302352,997.1846714376994
0.9934473603242857,0.0,0.003145259176858846,0.0,-0.013070865099052543,0.0,3.0427151846615748,3.0006123107839135,993.9892664809573
0.9934540156669989,0.0,0.0031524410688203285,0.0,-0.013090865099052542,0.0,3.0425891345210863,3.0006117460615394,990.8001915077999
0.9934606744323017,0.0,0.0031595991458811265,0.0,-0.013110865099052542,0.0,3.042462684610258,3.0006111810649774,987.6174543342885
0.9934673366112982,0.0,0.003166733526818578,0.0,-0.01313086509905254,0.0,3.04233583374996,3.000610615796092,984.441062663225
0.9934740021950675,0.0,0.0031738443288453003,0.0,-0.01315086509905254,0.0,3.0422085807579706,3.000610050256748,981.2710240786344
0.9934806711746637,0.0,0.0031809316676352016,0.0,-0.013170865099052539,0.0,3.0420809244488813,3.0006094844488125,978.1073460469686
0.9934873435411169,0.0,0.0031879956573521323,0.0,-0.013190865099052538,0.0,3.0419528636341915,3.0006089183741533,974.9500359187546
0.9934940192854309,0.0,0.0031950364106697287,0.0,-0.013210865099052537,0.0,3.041824397122209,3.0006083520346394,971.7991009253692
0.9935006983985865,0.0,0.003202054038803818,0.0,-0.013230865099052537,0.0,3.0416955237181433,3.0006077854321407,968.6545481846761
0.9935073808715387,0.0,0.003209048651531539,0.0,-0.013250865099052536,0.0,3.041566242224032,3.00060721856853,965.5163846975408
0.9935140666952175,0.0,0.0032160203572160397,0.0,-0.013270865099052535,0.0,3.0414365514387898,3.000606651445677,962.38461734804
0.9935207558605287,0.0,0.0032229692628320335,0.0,-0.013290865099052534,0.0,3.0413064501582223,3.0006060840654576,959.2592529080202
0.9935274483583516,0.0,0.0032298954739840937,0.0,-0.013310865099052533,0.0,3.0411759371748937,3.000605516429746,956.14029803027
0.9935341441795409,0.0,0.003236799094933384,0.0,-0.013330865099052533,0.0,3.0410450112782943,3.0006049485404174,953.0277592541693
0.9935408433149269,0.0,0.0032436802286183774,0.0,-0.013350865099052532,0.0,3.040913671254751,3.0006043803993494,949.9216430058617
0.9935475457553131,0.0,0.0032505389766751573,0.0,-0.013370865099052531,0.0,3.0407819158874223,3.0006038120084204,946.8219555955328
0.9935542514914782,0.0,0.0032573754394585553,0.0,-0.01339086509905253,0.0,3.040649743956331,3.00060324336951,943.7287032184681
0.9935609605141753,0.0,0.003264189716063381,0.0,-0.01341086509905253,0.0,3.0405171542383136,3.000602674484496,940.6418919580365
0.993567672814133,0.0,0.003270981904346933,0.0,-0.013430865099052528,0.0,3.04038414550711,3.0006021053552634,937.5615277860239
0.9935743883820517,0.0,0.003277752100942075,0.0,-0.013450865099052528,0.0,3.0402507165332504,3.0006015359836935,934.4876165535918
0.9935811072086081,0.0,0.0032845004012833482,0.0,-0.013470865099052527,0.0,3.0401168660841162,3.0006009663716693,931.4201640083834
0.9935878292844534,0.0,0.003291226899624595,0.0,-0.013490865099052526,0.0,3.03998259292398,3.0006003965210764,928.3591757791464
0.9935945546002113,0.0,0.003297931689053216,0.0,-0.013510865099052525,0.0,3.039847895813876,3.0005998264338007,925.3046573841368
0.9936012831464802,0.0,0.003304614861513842,0.0,-0.013530865099052524,0.0,3.0397127735117357,3.00059925611173,922.2566142305968
0.9936080149138329,0.0,0.003311276507822696,0.0,-0.013550865099052524,0.0,3.0395772247723136,3.0005986855567515,919.2150516130803
0.9936147498928153,0.0,0.0033179167176869877,0.0,-0.013570865099052523,0.0,3.039441248347193,3.0005981147707548,916.179974713312
0.9936214880739478,0.0,0.0033245355797207016,0.0,-0.013590865099052522,0.0,3.0393048429847958,3.000597543755631,913.1513886053698
0.9936282294477243,0.0,0.0033311331814638613,0.0,-0.013610865099052521,0.0,3.039168007430424,3.0005969725132706,910.1292982494522
0.9936349740046128,0.0,0.003337709609395504,0.0,-0.01363086509905252,0.0,3.039030740426138,3.000596401045567,907.113708498588
0.9936417217350532,0.0,0.0033442649489514344,0.0,-0.01365086509905252,0.0,3.0388930407108794,3.000595829354414,904.1046240904557
0.993648472629461,0.0,0.0033507992845428426,0.0,-0.013670865099052519,0.0,3.0387549070204547,3.000595257441706,901.1020496575624
0.9936552266782239,0.0,0.0033573126995664554,0.0,-0.013690865099052518,0.0,3.038616338087435,3.000594685309339,898.1059897215684
0.9936619838717031,0.0,0.0033638052764243848,0.0,-0.013710865099052517,0.0,3.038477332641266,3.0005941129592104,895.1164486935884
0.9936687442002341,0.0,0.0033702770965384865,0.0,-0.013730865099052516,0.0,3.0383378894082416,3.0005935403932176,892.1334308787532
0.9936755076541233,0.0,0.003376728240361193,0.0,-0.013750865099052515,0.0,3.0381980071114665,3.0005929676132603,889.1569404685972
0.9936822742236533,0.0,0.00338315878739646,0.0,-0.013770865099052515,0.0,3.0380576844708767,3.0005923946212385,886.1869815520406
0.9936890438990765,0.0,0.0033895688162067896,0.0,-0.013790865099052514,0.0,3.0379169202032577,3.000591821419054,883.2235581054767
0.9936958166706211,0.0,0.003395958404433788,0.0,-0.013810865099052513,0.0,3.0377757130222287,3.0005912480086088,880.2666739994287
0.9937025925284864,0.0,0.003402327628806438,0.0,-0.013830865099052512,0.0,3.0376340616382183,3.0005906743918054,877.3163329974639
0.9937093714628451,0.0,0.0034086765651578114,0.0,-0.013850865099052511,0.0,3.0374919647585163,3.00059010057055,874.3725387564966
0.9937161534638429,0.0,0.003415005288437728,0.0,-0.01387086509905251,0.0,3.0373494210872494,3.0005895265467473,871.4352948239627
0.993722938521598,0.0,0.00342131387272403,0.0,-0.01389086509905251,0.0,3.037206429325348,3.0005889523223046,868.5046046451675
0.9937297266262008,0.0,0.0034276023912367423,0.0,-0.013910865099052509,0.0,3.0370629881706197,3.000588377899128,865.5804715551267
0.9937365177677152,0.0,0.0034338709163505097,0.0,-0.013930865099052508,0.0,3.0369190963176678,3.000587803279128,862.6628987860506
0.9937433119361764,0.0,0.0034401195196061825,0.0,-0.013950865099052507,0.0,3.036774752457972,3.0005872284642128,859.7518894623465
0.9937501091215927,0.0,0.003446348271722557,0.0,-0.013970865099052506,0.0,3.036629955279806,3.000586653456294,856.8474466064129
0.9937569093139446,0.0,0.0034525572426095485,0.0,-0.013990865099052506,0.0,3.0364847034683202,3.000586078257284,853.9495731320583
0.9937637125031851,0.0,0.003458746501378972,0.0,-0.014010865099052505,0.0,3.0363389957054907,3.000585502869095,851.0582718525889
0.993770518679238,0.0,0.0034649161163538647,0.0,-0.014030865099052504,0.0,3.0361928306701107,3.000584927293641,848.1735454726893
0.9937773278320015,0.0,0.003471066155084274,0.0,-0.014050865099052503,0.0,3.0360462070378462,3.0005843515328365,845.295396598611
0.9937841399513436,0.0,0.00347719668435386,0.0,-0.014070865099052502,0.0,3.0358991234811836,3.0005837755885985,842.423827728315
0.9937909550271053,0.0,0.0034833077701923593,0.0,-0.014090865099052502,0.0,3.035751578669457,3.0005831994628425,839.5588412592351
0.9937977730491001,0.0,0.0034893994778882487,0.0,-0.0141108650990525,0.0,3.035603571268866,3.0005826231574875,836.7004394851957
0.9938045940071116,0.0,0.0034954718719943313,0.0,-0.0141308650990525,0.0,3.0354550999424146,3.0005820466744524,833.8486245978268
0.993811417890897,0.0,0.0035015250163427415,0.0,-0.0141508650990525,0.0,3.0353061633499956,3.000581470015657,831.0033986867443
0.9938182446901835,0.0,0.003507558974051704,0.0,-0.014170865099052498,0.0,3.0351567601483103,3.0005808931830225,828.1647637396426
0.9938250743946706,0.0,0.0035135738075367812,0.0,-0.014190865099052498,0.0,3.0350068889909236,3.000580316178471,825.3327216416242
0.9938319069940298,0.0,0.003519569578521845,0.0,-0.014210865099052497,0.0,3.034856548528275,3.0005797390039253,822.5072741786274
0.9938387424779033,0.0,0.0035255463480461315,0.0,-0.014230865099052496,0.0,3.0347057374076294,3.000579161661309,819.6884230347503
0.9938455808359057,0.0,0.0035315041764754753,0.0,-0.014250865099052495,0.0,3.034554454273124,3.0005785841525476,816.8761697954136
0.9938524220576206,0.0,0.0035374431235085735,0.0,-0.014270865099052494,0.0,3.0344026977657177,3.000578006479566,814.0705159415429
0.9938592661326052,0.0,0.0035433632481910605,0.0,-0.014290865099052493,0.0,3.0342504665232597,3.0005774286442923,811.2714628586385
0.993866113050387,0.0,0.003549264608920763,0.0,-0.014310865099052493,0.0,3.034097759180475,3.000576850648654,808.4790118309606
0.9938729628004642,0.0,0.003555147263456292,0.0,-0.014330865099052492,0.0,3.033944574368897,3.000576272494581,805.6931640441815
0.993879815372307,0.0,0.0035610112689289353,0.0,-0.014350865099052491,0.0,3.0337909107169927,3.000575694184,802.9139205856511
0.9938866707551308,0.0,0.0035668566809968437,0.0,-0.01437086509905249,0.0,3.0336367672041695,3.0005751157188825,800.1412835039636
0.9939003899126854,0.0,0.0035784919529957557,0.0,-0.01441086509905249,0.0,3.033327032956462,3.0005739583325375,794.6158255704081
0.9939141201873944,0.0,0.003590053516867864,0.0,-0.01445086509905249,0.0,3.033015361628036,3.0005728003511223,789.1167993794984
0.9939278614939534,0.0,0.003601541804007042,0.0,-0.01449086509905249,0.0,3.032701741754578,3.0005716417900796,783.6442082739856
0.9939416137463603,0.0,0.0036129572357875275,0.0,-0.01453086509905249,0.0,3.0323861621760613,3.0005704826649047,778.198055113507
0.99395537685814,0.0,0.003624300224653011,0.0,-0.01457086509905249,0.0,3.0320686116826354,3.000569322991108,772.7783412328938
0.9939691507423408,0.0,0.0036355711743500624,0.0,-0.01461086509905249,0.0,3.0317490790148387,3.000568162784212,767.3850664452965
0.9939829353115337,0.0,0.0036467704801515623,0.0,-0.014650865099052491,0.0,3.0314275528635988,3.000567002059757,762.0182290622442
0.9939967304778066,0.0,0.003657898529073003,0.0,-0.014690865099052491,0.0,3.0311040218703944,3.0005658408332967,756.6778258965642
0.9940105361527668,0.0,0.0036689557000881964,0.0,-0.014730865099052491,0.0,3.030778474627374,3.000564679120397,751.3638522793333
0.9940243522475355,0.0,0.0036799423643281075,0.0,-0.014770865099052491,0.0,3.0304508996774553,3.000563516936639,746.0763020713514
0.994038178672747,0.0,0.0036908588852842448,0.0,-0.014810865099052491,0.0,3.030121285514539,3.0005623542976183,740.8151676716293
0.994052015338547,0.0,0.0037017056189978972,0.0,-0.014850865099052491,0.0,3.029789620583545,3.000561191218943,735.5804400327604
0.9940658621545885,0.0,0.0037124829142467703,0.0,-0.014890865099052492,0.0,3.0294558932806357,3.000560027716235,730.3721086689538
0.994079719030031,0.0,0.003723191112726326,0.0,-0.014930865099052492,0.0,3.029120091953301,3.00055886380513,725.1901616690743
0.9940935858735404,0.0,0.003733830549227569,0.0,-0.014970865099052492,0.0,3.0287822049006423,3.000557699501275,720.0345857131302
0.9941074625932826,0.0,0.0037444015518033197,0.0,-0.015010865099052492,0.0,3.028442220373389,3.0005565348203307,714.9053660751788
0.9941213490969247,0.0,0.003754904441935746,0.0,-0.015050865099052492,0.0,3.0281001265741705,3.0005553697779725,709.8024866431533
0.9941352452916324,0.0,0.0037653395346983628,0.0,-0.015090865099052492,0.0,3.0277559116576858,3.0005542043898856,704.7259299262583
0.9941491510840669,0.0,0.0037757071389090823,0.0,-0.015130865099052492,0.0,3.0274095637308713,3.0005530386717694,699.6756770686852
0.9941630663803832,0.0,0.0037860075572831563,0.0,-0.015170865099052492,0.0,3.027061070853104,3.000551872639333,694.6517078612692
0.9941769910862295,0.0,0.003796241086581611,0.0,-0.015210865099052492,0.0,3.0267104210364253,3.000550706308299,689.6540007536237
0.9941909251067432,0.0,0.003806408017752075,0.0,-0.015250865099052493,0.0,3.026357602245735,3.000549539694403,684.6825328651012
0.9942048683465506,0.0,0.0038165086360695297,0.0,-0.015290865099052493,0.0,3.026002602399024,3.000548372813389,679.7372799999359
0.9942188207097639,0.0,0.003826543221270356,0.0,-0.015330865099052493,0.0,3.025645409367572,3.000547205681015,674.818216655979
0.9942327820999795,0.0,0.003836512047685433,0.0,-0.015370865099052493,0.0,3.0252860109762385,3.000546038313049,669.9253160373737
0.9942467524202766,0.0,0.003846415384366129,0.0,-0.015410865099052493,0.0,3.0249243950036493,3.0005448707252693,665.0585500698548
0.9942607315732146,0.0,0.0038562534952101915,0.0,-0.015450865099052493,0.0,3.0245605491824974,3.0005437029334656,660.2178894083706
0.9942747194608322,0.0,0.003866026639083453,0.0,-0.015490865099052493,0.0,3.024194461199785,3.0005425349534387,655.4033034526833
0.9942887159846443,0.0,0.0038757350699346604,0.0,-0.015530865099052493,0.0,3.023826118697051,3.0005413668009977,650.6147603591419
0.9943027210456407,0.0,0.003885379036913664,0.0,-0.015570865099052493,0.0,3.0234555092707223,3.0005401984919637,645.8522270510239
0.9943167345442847,0.0,0.003894958784481042,0.0,-0.015610865099052493,0.0,3.023082620472343,3.000539030042167,641.1156692325565
0.9943307563805115,0.0,0.0039044745525187016,0.0,-0.015650865099052492,0.0,3.022707439808906,3.0005378614674454,636.4050514019805
0.9943447864537253,0.0,0.0039139265764341,0.0,-0.01569086509905249,0.0,3.0223299547431144,3.0005366927836494,631.720336861031
0.9943588246627982,0.0,0.003923315087264072,0.0,-0.01573086509905249,0.0,3.0219501526937464,3.000535524006636,627.0614877302723
0.9943728709060695,0.0,0.003932640311776448,0.0,-0.015770865099052487,0.0,3.0215680210359137,3.0005343551522725,622.4284649602953
0.9943869250813425,0.0,0.003941902472567564,0.0,-0.015810865099052485,0.0,3.0211835471014705,3.0005331862364337,617.8212283432338
0.9944009870858825,0.0,0.003951101788156422,0.0,-0.015850865099052484,0.0,3.0207967181792403,3.0005320172750034,613.2397365264762
0.9944150568164174,0.0,0.003960238473080546,0.0,-0.015890865099052482,0.0,3.020407521515475,3.0005308482838737,608.6839470239366
0.9944291341691344,0.0,0.003969312737985483,0.0,-0.01593086509905248,0.0,3.0200159443141623,3.000529679278943,604.1538162303448
0.9944432190396783,0.0,0.003978324789713642,0.0,-0.01597086509905248,0.0,3.019621973737381,3.0005285102761197,599.6492994313169
0.9944573113231507,0.0,0.00398727483139063,0.0,-0.016010865099052477,0.0,3.0192255969056947,3.0005273412913165,595.1703508169255
0.994471410914109,0.0,0.003996163062510978,0.0,-0.016050865099052476,0.0,3.018826800898541,3.0005261723404573,590.7169234956584
0.9944855177065627,0.0,0.004004989679018611,0.0,-0.016090865099052474,0.0,3.0184255727546017,3.0005250034394693,586.2889695031308
0.9944996315939745,0.0,0.004013754873389512,0.0,-0.016130865099052472,0.0,3.018021899472258,3.000523834604287,581.8864398181054
0.994513752469256,0.0,0.004022458834707003,0.0,-0.01617086509905247,0.0,3.0176157680099296,3.000522665850852,577.5092843731577
0.9945278802247707,0.0,0.004031101748744253,0.0,-0.01621086509905247,0.0,3.017207165286581,3.0005214971951104,573.1574520679849
0.9945420147523271,0.0,0.004039683798031911,0.0,-0.016250865099052467,0.0,3.01679607818209,3.0005203286530167,568.8308907805547
0.9945561559431816,0.0,0.004048205161937438,0.0,-0.016290865099052466,0.0,3.016382493537722,3.000519160240528,564.5295473813374
0.9945703036880359,0.0,0.00405666601673365,0.0,-0.016330865099052464,0.0,3.0159663981566,3.0005179919736085,560.2533677448612
0.9945844578770346,0.0,0.004065066535669399,0.0,-0.016370865099052462,0.0,3.0155477788041503,3.000516823868226,556.0022967612085
0.9945986183997654,0.0,0.004073406889037435,0.0,-0.01641086509905246,0.0,3.0151266222085535,3.000515655940353,551.7762783506541
0.9946127851452568,0.0,0.004081687244241556,0.0,-0.01645086509905246,0.0,3.0147029150612736,3.0005144882059684,547.5752554739367
0.9946269580019778,0.0,0.0040899077658627155,0.0,-0.016490865099052458,0.0,3.014276644017547,3.0005133206810513,543.3991701457139
0.9946411368578365,0.0,0.004098068615721907,0.0,-0.016530865099052456,0.0,3.0138477956968677,3.000512153381588,539.2479634473195
0.9946553216001791,0.0,0.004106169952943522,0.0,-0.016570865099052454,0.0,3.0134163566835475,3.000510986323566,535.1215755384605
0.9946695121157869,0.0,0.004114211934014539,0.0,-0.016610865099052453,0.0,3.0129823135271665,3.000509819522977,531.0199456696689
0.9946837082908787,0.0,0.004122194712847312,0.0,-0.01665086509905245,0.0,3.0125456527432006,3.000508652995815,526.9430121959015
0.9946979100111067,0.0,0.004130118440836175,0.0,-0.01669086509905245,0.0,3.012106360813533,3.0005074867580777,522.890712586011
0.9947121171615584,0.0,0.004137983266915965,0.0,-0.016730865099052448,0.0,3.0116644241870207,3.0005063208257634,518.8629834394601
0.9947263296267517,0.0,0.00414578933761641,0.0,-0.016770865099052446,0.0,3.011219829280043,3.000505155214872,514.8597604940685
0.9947405472906375,0.0,0.004153536797118737,0.0,-0.016810865099052445,0.0,3.010772562477134,3.0005039899414063,510.8809786414597
0.9947547700365981,0.0,0.004161225787309345,0.0,-0.016850865099052443,0.0,3.0103226101315586,3.0005028250213703,506.92657193838807
0.9947689977474445,0.0,0.004168856447831688,0.0,-0.01689086509905244,0.0,3.0098699585658872,3.0005016604707677,502.9964736188632
0.9947832303054188,0.0,0.004176428916139531,0.0,-0.01693086509905244,0.0,3.00941459407267,3.000500496305603,499.09061610717595
0.9947974675921897,0.0,0.004183943327545005,0.0,-0.016970865099052438,0.0,3.00895650291505,3.0004993325418834,495.20893102837647
0.9948117094888541,0.0,0.004191399815270634,0.0,-0.017010865099052436,0.0,3.008495671327362,3.0004981691956107,491.3513492221813
0.9948259558759373,0.0,0.004198798510497772,0.0,-0.017050865099052435,0.0,3.0080320855158553,3.000497006282793,487.5178007551716
0.9948402066333899,0.0,0.004206139542413064,0.0,-0.017090865099052433,0.0,3.0075657316593167,3.0004958438194325,483.70821493212304
0.9948544616405884,0.0,0.004213423038255757,0.0,-0.01713086509905243,0.0,3.007096595909763,3.000494681821531,479.92252030809686
0.9948687207763348,0.0,0.00422064912336411,0.0,-0.01717086509905243,0.0,3.0066246643931205,3.000493520305091,476.16064470106164
0.9948829839188563,0.0,0.004227817921220179,0.0,-0.017210865099052428,0.0,3.0061499232099442,3.0004923592861115,472.422515204245
0.9948972509458041,0.0,0.004234929553493425,0.0,-0.017250865099052427,0.0,3.005672358436134,3.0004911987805896,468.70805819768634
0.9949115217342526,0.0,0.004241984140084426,0.0,-0.017290865099052425,0.0,3.005191956123627,3.00049003880452,465.0171993599689
0.9949257961607011,0.0,0.004248981799168177,0.0,-0.017330865099052423,0.0,3.0047087023011847,3.000488879373895,461.3498636810482
0.9949400741010712,0.0,0.004255922647234479,0.0,-0.017370865099052422,0.0,3.0042225829751104,3.0004877205047022,457.7059754735112
0.9949543554307075,0.0,0.00426280679912976,0.0,-0.01741086509905242,0.0,3.003733584130034,3.000486562212928,454.0854583847854
0.9949686400243778,0.0,0.004269634368097194,0.0,-0.01745086509905242,0.0,3.0032416917296705,3.0004854045145524,450.4882354093795
0.9949829277562716,0.0,0.004276405465816336,0.0,-0.017490865099052417,0.0,3.002746891717633,3.0004842474255518,446.9142288997674
0.9949972185000021,0.0,0.004283120202442043,0.0,-0.017530865099052415,0.0,3.002249170018217,3.0004830909618985,443.36336057942924
0.9950115121286025,0.0,0.004289778686641412,0.0,-0.017570865099052414,0.0,3.001748512537205,3.0004819351395593,439.83555155348574
0.9950258085145307,0.0,0.004296381025633754,0.0,-0.017610865099052412,0.0,3.001244905162741,3.000480779974495,436.33072232145946
0.9950401075296655,0.0,0.004302927325225113,0.0,-0.01765086509905241,0.0,3.0007383337661118,3.000479625482661,432.84879278801316
0.9950544090453082,0.0,0.004309417689845261,0.0,-0.01769086509905241,0.0,3.000228784202644,3.0004784716800077,429.38968227553323
0.9950687129321822,0.0,0.004315852222583771,0.0,-0.017730865099052407,0.0,2.9997162423125623,3.000477318582476,425.95330953475695
0.9950830190604347,0.0,0.004322231025224706,0.0,-0.017770865099052405,0.0,2.9992006939218396,3.000476166206001,422.5395927578022
0.9950973272996336,0.0,0.004328554198280276,0.0,-0.017810865099052404,0.0,2.998682124843132,3.0004750145665127,419.1484495874088
0.9951116375187721,0.0,0.004334821841026693,0.0,-0.017850865099052402,0.0,2.9981605208766817,3.0004738636799297,415.7797971310489
0.9951259495862649,0.0,0.0043410340515348455,0.0,-0.0178908650990524,0.0,2.9976358678111814,3.000472713562164,412.43355197024266
0.9951402633699522,0.0,0.00434719092670571,0.0,-0.0179308650990524,0.0,2.9971081514247797,3.0004715642291186,409.1096301732532
0.9951545787370967,0.0,0.0043532925622998386,0.0,-0.017970865099052397,0.0,2.9965773574859784,3.0004704156966895,405.8079473060667
0.9951688955543868,0.0,0.004359339052972052,0.0,-0.018010865099052396,0.0,2.9960434717546196,3.000469267980758,402.52841844310854
0.9951832136879358,0.0,0.004365330492300417,0.0,-0.018050865099052394,0.0,2.9955064799828484,3.000468121097202,399.2709581790522
0.9951975330032831,0.0,0.00437126697281775,0.0,-0.018090865099052392,0.0,2.9949663679160716,3.0004669750618853,396.03548064058236
0.9952118533653946,0.0,0.004377148586042654,0.0,-0.01813086509905239,0.0,2.994423121294011,3.0004658298906604,392.82189949637086
0.9952261746386631,0.0,0.004382975422507951,0.0,-0.01817086509905239,0.0,2.9938767258516896,3.000464685599371,389.63012796844896
0.9952404966869092,0.0,0.004388747571790589,0.0,-0.018210865099052388,0.0,2.993327167320436,3.0004635422038484,386.46007884372466
0.995254819373383,0.0,0.004394465122541507,0.0,-0.018250865099052386,0.0,2.9927744314289706,3.0004623997199102,383.3116644848541
0.9952691425607644,0.0,0.004400128162513232,0.0,-0.018290865099052384,0.0,2.9922185039044136,3.0004612581633654,380.18479684067245
0.9952834661111633,0.0,0.004405736778587476,0.0,-0.018330865099052383,0.0,2.9916593704733887,3.000460117550005,377.0793874578187
0.9952977898861216,0.0,0.00441129105680369,0.0,-0.01837086509905238,0.0,2.991097016863093,3.0004589778956117,373.99534749071904
0.9953121137466143,0.0,0.004416791082386611,0.0,-0.01841086509905238,0.0,2.9905314288023694,3.000457839215951,370.9325877126952
0.9953264375530505,0.0,0.004422236939772232,0.0,-0.018450865099052378,0.0,2.989962592022858,3.0004567015267747,367.8910185271435
0.9953407611652738,0.0,0.004427628712634512,0.0,-0.018490865099052376,0.0,2.9893904922600787,3.0004555648438216,364.8705499773215
0.9953550844425652,0.0,0.004432966483912354,0.0,-0.018530865099052374,0.0,2.9888151152545963,3.000454429182814,361.87109175764704
0.9953694072436428,0.0,0.004438250335834471,0.0,-0.018570865099052373,0.0,2.988236446753147,3.00045329455946,358.89255322369263
0.9953837294266643,0.0,0.004443480349945011,0.0,-0.01861086509905237,0.0,2.987654472509815,3.00045216098945,355.93484340269697
0.995398050849228,0.0,0.004448656607128989,0.0,-0.01865086509905237,0.0,2.9870691782872116,3.0004510284884587,352.9978710044136
0.995412371368375,0.0,0.004453779187636733,0.0,-0.018690865099052368,0.0,2.9864805498576583,3.000449897072144,350.0815444310771
0.99542669084059,0.0,0.004458848171108613,0.0,-0.018730865099052366,0.0,2.9858885730043894,3.0004487667561457,347.1857717876658
0.9954410091218028,0.0,0.00446386363659857,0.0,-0.018770865099052365,0.0,2.9852932335227824,3.0004476375560865,344.3104608918037
0.9954553260673913,0.0,0.004468825662598397,0.0,-0.018810865099052363,0.0,2.9846945172215813,3.000446509487572,341.45551928492307
0.9954696415321822,0.0,0.00447373432706115,0.0,-0.01885086509905236,0.0,2.984092409924153,3.000445382566185,338.62085424096244
0.9954839553704535,0.0,0.00447858970742424,0.0,-0.01889086509905236,0.0,2.9834868974697164,3.000444256807494,335.80637277751237
0.9954982674359366,0.0,0.004483391880632463,0.0,-0.018930865099052358,0.0,2.9828779657146494,3.0004431322270437,333.01198166519316
0.9955125775818169,0.0,0.004488140923159862,0.0,-0.018970865099052357,0.0,2.982265600533779,3.0004420088403605,330.23758743735016
0.9955268856607382,0.0,0.0044928369110334865,0.0,-0.019010865099052355,0.0,2.9816497878216395,3.000440886662951,327.48309640042385
0.9955411915248038,0.0,0.004497479919854163,0.0,-0.019050865099052353,0.0,2.981030513493819,3.000439765710297,324.748414643458
0.9955554950255775,0.0,0.004502070024818483,0.0,-0.01909086509905235,0.0,2.980407763488291,3.000438645997863,322.03344804731887
0.9955697960140888,0.0,0.004506607300741225,0.0,-0.01913086509905235,0.0,2.9797815237667473,3.0004375275410884,319.338102294839
0.9955840943408317,0.0,0.004511091822074582,0.0,-0.01917086509905235,0.0,2.9791517803159326,3.00043641035539,316.6622828801509
0.9955983898557714,0.0,0.004515523662932146,0.0,-0.019210865099052347,0.0,2.9785185191490373,3.0004352944561643,314.0058951181495
0.9956126824083431,0.0,0.004519902897106775,0.0,-0.019250865099052345,0.0,2.977881726307088,3.0004341798587792,311.3688441538317
0.9956269718474569,0.0,0.004524229598092785,0.0,-0.019290865099052344,0.0,2.977241387860297,3.000433066578584,308.75103497152463
0.9956412580214995,0.0,0.0045285038391055,0.0,-0.019330865099052342,0.0,2.976597489909527,3.000431954630898,306.15237240445504
0.9956555407783375,0.0,0.004532725693101622,0.0,-0.01937086509905234,0.0,2.975950018587665,3.000430844031019,303.5727611432801
0.9956698199653204,0.0,0.004536895232799037,0.0,-0.01941086509905234,0.0,2.97529896006107,3.000429734794217,301.0121057458481
0.9956840954292828,0.0,0.00454101253069575,0.0,-0.019450865099052337,0.0,2.974644300531055,3.000428626935738,298.47031064592807
0.9956983670165489,0.0,0.004545077659090765,0.0,-0.019490865099052335,0.0,2.973986026235287,3.0004275204707977,295.9472801619495
0.9957126345729337,0.0,0.004549090690101366,0.0,-0.019530865099052334,0.0,2.973324123449316,3.0004264154145877,293.4429185061765
0.9957268979437482,0.0,0.004553051695683298,0.0,-0.019570865099052332,0.0,2.972658578488011,3.0004253117822715,290.9571297934791
0.9957411569738003,0.0,0.004556960747648434,0.0,-0.01961086509905233,0.0,2.9719893777071134,3.000424209588982,288.4898180495135
0.9957554115074022,0.0,0.004560817917685627,0.0,-0.01965086509905233,0.0,2.9713165075046977,3.000423108849826,286.0408872202662
0.9957696613883688,0.0,0.00456462327737555,0.0,-0.019690865099052327,0.0,2.97063995432272,3.000422009579879,283.6102411797905
0.9957839064600245,0.0,0.004568376898211111,0.0,-0.019730865099052326,0.0,2.9699597046485695,3.000420911794188,281.1977837391935
0.9957981465652074,0.0,0.004572078851615672,0.0,-0.019770865099052324,0.0,2.9692757450165774,3.0004198155077675,278.8034186547941
0.9958123815462703,0.0,0.00457572920895927,0.0,-0.019810865099052322,0.0,2.968588062009623,3.000418720735603,276.4270496364327
0.9958266112450863,0.0,0.0045793280415770184,0.0,-0.01985086509905232,0.0,2.9678966422606714,3.0004176274926486,274.06858035583423
0.9958408355030532,0.0,0.004582875420786546,0.0,-0.01989086509905232,0.0,2.9672014724543763,3.000416535793824,271.72791445491214
0.9958550541610957,0.0,0.004586371417904636,0.0,-0.019930865099052317,0.0,2.966502539328686,3.0004154456540197,269.40495555337884
0.9958692670596708,0.0,0.004589816104264843,0.0,-0.019970865099052316,0.0,2.9657998296764148,3.00041435708809,267.0996072572159
0.995883474038772,0.0,0.0045932095512339335,0.0,-0.020010865099052314,0.0,2.965093330346926,3.0004132701108555,264.8117731664895
0.9958976749379332,0.0,0.004596551830228887,0.0,-0.020050865099052313,0.0,2.9643830282477093,3.000412184737106,262.54135688321094
0.9959118695962328,0.0,0.004599843012732777,0.0,-0.02009086509905231,0.0,2.963668910346047,3.0004111009815935,260.2882620187347
0.9959260578522989,0.0,0.0046030831703117265,0.0,-0.02013086509905231,0.0,2.962950963670658,3.000410018859035,258.05239220220926
0.995940239544313,0.0,0.004606272374630622,0.0,-0.020170865099052308,0.0,2.9622291753134022,3.0004089383841115,255.83365108740998
0.9959544145100145,0.0,0.004609410697469011,0.0,-0.020210865099052306,0.0,2.961503532430914,3.000407859571469,253.63194236070495
0.9959685825867072,0.0,0.004612498210737589,0.0,-0.020250865099052304,0.0,2.9607740222462966,3.000406782435715,251.4471697484089
0.9959827436112624,0.0,0.004615534986493431,0.0,-0.020290865099052303,0.0,2.9600406320508523,3.0004057069914203,249.27923702424783
0.9959968974201239,0.0,0.004618521096954946,0.0,-0.0203308650990523,0.0,2.959303349205756,3.000404633253115,247.12804801641443
0.9960110438493138,0.0,0.004621456614518367,0.0,-0.0203708650990523,0.0,2.9585621611437976,3.000403561235295,244.99350661493918
0.9960251827344375,0.0,0.0046243416117721274,0.0,-0.020410865099052298,0.0,2.9578170553710996,3.000402490952414,242.87551677884727
0.9960393139106875,0.0,0.004627176161511718,0.0,-0.020450865099052296,0.0,2.9570680194688816,3.000401422418884,240.77398254292376
0.9960534372128512,0.0,0.004629960336755724,0.0,-0.020490865099052295,0.0,2.956315041095163,3.0004003556490813,238.68880802524865
0.9960675524753146,0.0,0.004632694210759471,0.0,-0.020530865099052293,0.0,2.9555581079865716,3.000399290657337,236.61989743337466
0.9960816595320673,0.0,0.0046353778570295615,0.0,-0.02057086509905229,0.0,2.9547972079600813,3.0003982274579437,234.5671550716351
0.9960957582167099,0.0,0.004638011349339379,0.0,-0.02061086509905229,0.0,2.9540323289148107,3.0003971660651496,232.53048534768516
0.9961098483624583,0.0,0.004640594761742388,0.0,-0.020650865099052288,0.0,2.9532634588337956,3.00039610649316,230.5097927790461
0.9961239298021499,0.0,0.004643128168586796,0.0,-0.020690865099052286,0.0,2.9524905857857955,3.000395048756139,228.50498199985043
0.9961380023682495,0.0,0.004645611644529152,0.0,-0.020730865099052285,0.0,2.951713697927075,3.000393992868204,226.5159577671413
0.9961520658928554,0.0,0.004648045264548915,0.0,-0.020770865099052283,0.0,2.9509327835032577,3.0003929388434307,224.5426249673751
0.9961661202077049,0.0,0.0046504291039611715,0.0,-0.02081086509905228,0.0,2.9501478308511153,3.000391886695848,222.5848886226209
0.9961801651441823,0.0,0.004652763238431675,0.0,-0.02085086509905228,0.0,2.9493588284004044,3.0003908364394385,220.64265389695151
0.9961942005333224,0.0,0.004655047743988777,0.0,-0.02089086509905228,0.0,2.9485657646756964,3.00038978808814,218.7158261023551
0.9962082262058191,0.0,0.004657282697037654,0.0,-0.020930865099052277,0.0,2.9477686282982556,3.000388741655843,216.8043107049994
0.9962222419920301,0.0,0.004659468174372968,0.0,-0.020970865099052275,0.0,2.9469674079878394,3.0003876971563894,214.90801333099802
0.9962362477219869,0.0,0.004661604253193126,0.0,-0.021010865099052273,0.0,2.9461620925645895,3.0003866546035747,213.02683977265724
0.9962502432253966,0.0,0.004663691011111263,0.0,-0.021050865099052272,0.0,2.945352670950898,3.000385614011145,211.16069599383724
0.9962642283316525,0.0,0.004665728526169637,0.0,-0.02109086509905227,0.0,2.944539132173261,3.0003845753927973,209.30948813600867
0.9962782028698397,0.0,0.004667716876851731,0.0,-0.02113086509905227,0.0,2.943721465364158,3.0003835387621773,207.47312252378873
0.9962921666687418,0.0,0.004669656142094347,0.0,-0.021170865099052267,0.0,2.9428996597639614,3.0003825041328818,205.65150567051649
0.9963061195568488,0.0,0.004671546401300815,0.0,-0.021210865099052265,0.0,2.9420737047227936,3.000381471518456,203.84454428377023
0.9963200613623633,0.0,0.004673387734352581,0.0,-0.021250865099052264,0.0,2.9412435897024403,3.000380440932394,202.0521452706874
0.9963339919132094,0.0,0.004675180221621884,0.0,-0.021290865099052262,0.0,2.940409304278233,3.000379412388136,200.2742157433521
0.9963479110370377,0.0,0.004676923943982977,0.0,-0.02133086509905226,0.0,2.9395708381409813,3.000378385899071,198.51066302405502
0.9963618185612355,0.0,0.004678618982824934,0.0,-0.02137086509905226,0.0,2.938728181098846,3.000377361478534,196.76139465041626
0.9963757143129327,0.0,0.004680265420062527,0.0,-0.021410865099052257,0.0,2.9378813230792793,3.0003763391398057,195.02631838048143
0.9963895981190095,0.0,0.004681863338148264,0.0,-0.021450865099052255,0.0,2.9370302541309297,3.000375318896111,193.30534219769413
0.9964034698061057,0.0,0.004683412820084085,0.0,-0.021490865099052254,0.0,2.936174964425562,3.0003743007606203,191.59837431583657
0.9964173292006274,0.0,0.0046849139494323025,0.0,-0.021530865099052252,0.0,2.935315444259982,3.0003732847464493,189.90532318388404
0.996431176128755,0.0,0.00468636681032671,0.0,-0.02157086509905225,0.0,2.9344516840579624,3.000372270866656,188.22609749072183
0.9964450104164518,0.0,0.004687771487484086,0.0,-0.02161086509905225,0.0,2.9335836743721715,3.00037125913424,186.5606061698689
0.9964588318894722,0.0,0.0046891280662147835,0.0,-0.021650865099052247,0.0,2.932711405886104,3.0003702495621454,184.90875840400156
0.9964726403733702,0.0,0.004690436632434111,0.0,-0.021690865099052246,0.0,2.931834869416005,3.000369242163255,183.2704636295885
0.9964864356935076,0.0,0.004691697272672156,0.0,-0.021730865099052244,0.0,2.9309540559128218,3.0003682369503952,181.6456315412289
0.9965002176750622,0.0,0.004692910074085065,0.0,-0.021770865099052242,0.0,2.930068956464129,3.0003672339363323,180.03417209603418
0.996513986143038,0.0,0.004694075124465374,0.0,-0.02181086509905224,0.0,2.92917956229605,3.000366233133772,178.43599551796348
0.9965277409222723,0.0,0.004695192512251976,0.0,-0.02185086509905224,0.0,2.9282858647752152,3.000365234555357,176.85101230196886
0.9965414818374445,0.0,0.004696262326540342,0.0,-0.021890865099052238,0.0,2.927387855410703,3.0003642382136713,175.27913321815623
0.9965552087130867,0.0,0.004697284657093055,0.0,-0.021930865099052236,0.0,2.926485525855948,3.0003632441212353,173.72026931576374
0.9965689213735922,0.0,0.004698259594349283,0.0,-0.021970865099052234,0.0,2.925578867910684,3.000362252290508,172.17433192728936
0.9965826196432235,0.0,0.0046991872294345725,0.0,-0.022010865099052233,0.0,2.924667873522912,3.000361262733884,170.64123267218173
0.9965963033461225,0.0,0.004700067654170346,0.0,-0.02205086509905223,0.0,2.923752534790783,3.000360275463692,169.1208834608218
0.9966099723063211,0.0,0.004700900961084277,0.0,-0.02209086509905223,0.0,2.922832843964568,3.0003592904922005,167.61319649818415
0.9966236263477479,0.0,0.004701687243418314,0.0,-0.022130865099052228,0.0,2.9219087934485652,3.000358307831607,166.11808428752238
0.9966372652942407,0.0,0.004702426595139215,0.0,-0.022170865099052226,0.0,2.92098037580303,3.0003573274940503,164.63545963391755
0.9966508889695541,0.0,0.004703119110946708,0.0,-0.022210865099052225,0.0,2.920047583746105,3.0003563494915952,163.1652356478748
0.9966644971973714,0.0,0.004703764886283257,0.0,-0.022250865099052223,0.0,2.919110410155729,3.0003553738362445,161.70732574872113
0.9966780898013116,0.0,0.004704364017342021,0.0,-0.02229086509905222,0.0,2.918168848071563,3.000354400539931,160.26164366792716
0.9966916666049418,0.0,0.004704916601076258,0.0,-0.02233086509905222,0.0,2.9172228906969138,3.0003534296145196,158.82810345244025
0.9967052274317878,0.0,0.004705422735207928,0.0,-0.022370865099052218,0.0,2.916272531400584,3.000352461071806,157.4066194679164
0.9967187721053415,0.0,0.0047058825182356,0.0,-0.022410865099052216,0.0,2.915317763718855,3.0003514949235175,155.99710640182593
0.9967323004490739,0.0,0.004706296049443013,0.0,-0.022450865099052215,0.0,2.9143585813573187,3.0003505311813092,154.59947926654297
0.9967458122864437,0.0,0.004706663428907366,0.0,-0.022490865099052213,0.0,2.9133949781928052,3.000349569856767,153.21365340232586
0.9967593074409096,0.0,0.004706984757507211,0.0,-0.02253086509905221,0.0,2.9124269482752396,3.000348610961403,151.8395444802777
0.9967727857359394,0.0,0.004707260136930346,0.0,-0.02257086509905221,0.0,2.911454485829535,3.00034765450666,150.4770685051745
0.9967862469950215,0.0,0.004707489669681526,0.0,-0.022610865099052208,0.0,2.91047758525746,3.0003467005039073,149.12614181823093
0.9967996910416752,0.0,0.004707673459089929,0.0,-0.022650865099052207,0.0,2.9094962411395056,3.000345748964439,147.78668109986842
0.9968131176994622,0.0,0.00470781160931701,0.0,-0.022690865099052205,0.0,2.9085104482367297,3.0003447998994766,146.45860337228603
0.9968265267919975,0.0,0.004707904225363391,0.0,-0.022730865099052203,0.0,2.9075202014925834,3.0003438533201683,145.14182600211436
0.99683991814296,0.0,0.004707951413076331,0.0,-0.0227708650990522,0.0,2.906525496034794,3.0003429092375837,143.83626670282283
0.9968532915761038,0.0,0.004707953279156219,0.0,-0.0228108650990522,0.0,2.905526327177169,3.00034196766272,142.54184353725162
0.9968666469152713,0.0,0.004707909931164679,0.0,-0.0228508650990522,0.0,2.9045226904213566,3.000341028606496,141.25847491988935
0.9968799839844006,0.0,0.0047078214775294214,0.0,-0.022890865099052197,0.0,2.9035145814587686,3.000340092079754,139.98607961924628
0.9968933026075414,0.0,0.004707688027552552,0.0,-0.022930865099052195,0.0,2.9025019961722647,3.000339158093258,138.72457676003384
0.9969066026088638,0.0,0.004707509691416042,0.0,-0.022970865099052194,0.0,2.901484930638,3.0003382266576946,137.4738858253577
0.9969198838126706,0.0,0.004707286580188344,0.0,-0.023010865099052192,0.0,2.9004633811271567,3.0003372977836715,136.23392665879527
0.9969331460434098,0.0,0.00470701880583039,0.0,-0.02305086509905219,0.0,2.899437344107734,3.0003363714817164,135.00461946645225
0.9969463891256858,0.0,0.004706706481201812,0.0,-0.02309086509905219,0.0,2.898406816246273,3.0003354477622763,133.7858848188967
0.9969596128842702,0.0,0.004706349720066148,0.0,-0.023130865099052187,0.0,2.8973717944096085,3.000334526635719,132.57764365308722
0.9969728171441163,0.0,0.00470594863709735,0.0,-0.023170865099052185,0.0,2.896332275666563,3.000333608112329,131.37981727421726
0.9969860017303697,0.0,0.0047055033478847095,0.0,-0.023210865099052184,0.0,2.8952882572896614,3.000332692202311,130.19232735746792
0.9969991664683798,0.0,0.004705013968938423,0.0,-0.023250865099052182,0.0,2.8942397367568327,3.0003317789157853,129.01509594972362
0.9970123111837145,0.0,0.004704480617694877,0.0,-0.02329086509905218,0.0,2.893186711753048,3.00033086826279,127.84804547123201
0.9970254357021687,0.0,0.004703903412521172,0.0,-0.02333086509905218,0.0,2.8921291801720477,3.0003299602532802,126.6910987171963
0.9970385398497811,0.0,0.004703282472720935,0.0,-0.023370865099052177,0.0,2.8910671401178862,3.0003290548971253,125.5441788592696
0.997051623452844,0.0,0.004702617918538308,0.0,-0.023410865099052176,0.0,2.890000589906624,3.000328152204109,124.40720944705254
0.9970646863379152,0.0,0.004701909871162437,0.0,-0.023450865099052174,0.0,2.8889295280679472,3.0003272521839324,123.28011440949012
0.997077728331834,0.0,0.004701158452732599,0.0,-0.023490865099052172,0.0,2.88785395334668,3.0003263548462082,122.16281805622754
0.9970907492617306,0.0,0.004700363786341818,0.0,-0.02353086509905217,0.0,2.886773864704427,3.0003254602004623,121.05524507884738
0.9971037489550398,0.0,0.004699525996040852,0.0,-0.02357086509905217,0.0,2.8856892613211125,3.0003245682561346,119.95732055216297
0.9971167272385636,0.0,0.00469864520599846,0.0,-0.023610865099052167,0.0,2.8846001431785484,3.0003236790226366,118.86897011045815
0.9971426188946446,0.0,0.00469675513663796,0.0,-0.023690865099052168,0.0,2.882408357830525,3.000321908724733,116.72069419655199
0.9971684228559932,0.0,0.004694694595205719,0.0,-0.023770865099052168,0.0,2.8801985100583587,3.0003201493799616,114.60982926415048
0.997194137758358,0.0,0.004692464617636423,0.0,-0.023850865099052168,0.0,2.8779706025438148,3.0003184010598547,112.53579275515332
0.9972197622428781,0.0,0.004690066254726815,0.0,-0.02393086509905217,0.0,2.875724642208187,3.00031666383454,110.4980085294811
0.9972452949574646,0.0,0.004687500573064564,0.0,-0.02401086509905217,0.0,2.87346063967401,3.000314937772667,108.49590671411968
0.99727073455723,0.0,0.004684768655100772,0.0,-0.02409086509905217,0.0,2.8711786093074103,3.0003132229413922,106.52892372388683
0.997296079704923,0.0,0.004681871599211281,0.0,-0.02417086509905217,0.0,2.8688785692588414,3.000311519406354,104.59650227898891
0.9973213290713655,0.0,0.004678810519746589,0.0,-0.02425086509905217,0.0,2.866560541502127,3.0003098272316646,102.69809141924915
0.9973464813358915,0.0,0.004675586547069685,0.0,-0.02433086509905217,0.0,2.864224551871887,3.000308146479885,100.83314651538439
0.9973715351867916,0.0,0.004672200827582971,0.0,-0.02441086509905217,0.0,2.861870630098985,3.000306477212015,99.00112927703722
0.997396489321755,0.0,0.004668654523742298,0.0,-0.02449086509905217,0.0,2.8594988098443554,3.000304819487472,97.20150775797063
0.9974213424483167,0.0,0.004664948814059724,0.0,-0.02457086509905217,0.0,2.8571091287307584,3.0003031733640775,95.43375635834357
0.9974460932843081,0.0,0.004661084893094247,0.0,-0.02465086509905217,0.0,2.854701628372608,3.000301538898042,93.6973558240818
0.9974707405583019,0.0,0.004657063971429451,0.0,-0.02473086509905217,0.0,2.8522763544038305,3.000299916143948,91.99179324366602
0.9974952830100653,0.0,0.004652887275639904,0.0,-0.02481086509905217,0.0,2.849833356503589,3.0002983051547347,90.31656204214161
0.9975197193910097,0.0,0.0046485560482444795,0.0,-0.02489086509905217,0.0,2.847372688419868,3.000296705981688,88.671161972584
0.9975440484646414,0.0,0.004644071547647579,0.0,-0.02497086509905217,0.0,2.8448944079908673,3.000295118674419,87.05509910508036
0.9975682690070136,0.0,0.004639435048067642,0.0,-0.02505086509905217,0.0,2.842398577164173,3.0002935432808573,85.46788581324415
0.9975923798071756,0.0,0.0046346478394531905,0.0,-0.02513086509905217,0.0,2.839885262013582,3.0002919798472316,83.90904075844352
0.9976163796676224,0.0,0.0046297112273859485,0.0,-0.02521086509905217,0.0,2.83735453275365,3.000290428418063,82.37808887168379
0.9976402674047432,0.0,0.004624626532971625,0.0,-0.025290865099052172,0.0,2.8348064637517485,3.000288889036148,80.87456133333109
0.9976640418492688,0.0,0.004619395092717898,0.0,-0.025370865099052172,0.0,2.832241133537736,3.000287361742547,79.39799555076308
0.9976877018467144,0.0,0.004614018258399265,0.0,-0.025450865099052172,0.0,2.829658624811181,3.0002858465765754,77.9479351338448
0.9977112462578227,0.0,0.004608497396909662,0.0,-0.025530865099052173,0.0,2.827059024445958,3.00028434357579,76.52392986857345
0.9977346739590036,0.0,0.004602833890102123,0.0,-0.025610865099052173,0.0,2.824442423492317,3.0002828527759804,75.12553568869518
0.9977579838427696,0.0,0.004597029134615545,0.0,-0.025690865099052173,0.0,2.8218089171764182,3.000281374211157,73.75231464563427
0.9977811748181682,0.0,0.004591084541688966,0.0,-0.025770865099052173,0.0,2.8191586048971113,3.0002799079135447,72.40383487649851
0.9978042458112099,0.0,0.004585001536962948,0.0,-0.025850865099052173,0.0,2.8164915902201564,3.000278453913571,71.0796705705653
0.9978271957652927,0.0,0.004578781560268635,0.0,-0.025930865099052174,0.0,2.8138079808696532,3.0002770122398594,69.77940193400866
0.9978500236416207,0.0,0.004572426065404011,0.0,-0.026010865099052174,0.0,2.8111078887167715,3.000275582919224,68.50261515317013
0.9978727284196168,0.0,0.0045659365198977096,0.0,-0.026090865099052174,0.0,2.8083914297658263,3.000274165976655,67.24890235632665
0.9978953090973308,0.0,0.004559314404760506,0.0,-0.026170865099052174,0.0,2.8056587241374764,3.0002727614353217,66.01786157401321
0.9979177646918413,0.0,0.004552561214224706,0.0,-0.026250865099052174,0.0,2.8029098960491403,3.000271369316561,64.80909669802713
0.9979400942396491,0.0,0.004545678455470886,0.0,-0.026330865099052175,0.0,2.800145073792757,3.000269989639874,63.6222174391671
0.997962296797066,0.0,0.0045386676483432885,0.0,-0.026410865099052175,0.0,2.7973643897095473,3.000268622422921,62.45683928366644
0.9979843714405948,0.0,0.0045315303250529565,0.0,-0.026490865099052175,0.0,2.794567980162111,3.000267267681518,61.31258344853542
0.9980063172673006,0.0,0.004524268029869138,0.0,-0.026570865099052175,0.0,2.791755985503694,3.000265925429634,60.18907683588719
0.9980281333951752,0.0,0.004516882318799626,0.0,-0.026650865099052175,0.0,2.788928550044583,3.0002645956793903,59.08595198594318
0.9980498189634917,0.0,0.004509374759259272,0.0,-0.026730865099052176,0.0,2.7860858220157567,3.0002632784410537,58.00284702945743
0.9980713731331509,0.0,0.004501746929727994,0.0,-0.026810865099052176,0.0,2.7832279535296838,3.0002619737230405,56.93940563883139
0.9980927950870169,0.0,0.004494000419397455,0.0,-0.026890865099052176,0.0,2.7803551005384257,3.0002606815319166,55.895276978637895
0.9981140840302432,0.0,0.004486136827807446,0.0,-0.026970865099052176,0.0,2.777467422788886,3.000259401872392,54.8701156551851
0.9981352391905882,0.0,0.004478157764471911,0.0,-0.027050865099052177,0.0,2.7745650837753555,3.00025813474733,53.863581665388224
0.998156259818721,0.0,0.004470064848494924,0.0,-0.027130865099052177,0.0,2.7716482506893096,3.0002568801577447,52.87534034486117
0.9981771451885139,0.0,0.004461859708176785,0.0,-0.027210865099052177,0.0,2.768717094366568,3.000255638102804,51.9050623155474
0.9981978945973254,0.0,0.0044535439806110575,0.0,-0.027290865099052177,0.0,2.765771789231713,3.0002544085798344,50.952423432416595
0.9982185073662709,0.0,0.004445119311272031,0.0,-0.027370865099052177,0.0,2.7628125132398966,3.000253191584326,50.01710472990092
0.9982389828404784,0.0,0.004436587353593699,0.0,-0.027450865099052178,0.0,2.759839447816179,3.000251987109936,49.09879236772346
0.9982593203893374,0.0,0.0044279497685404245,0.0,-0.027530865099052178,0.0,2.756852777792106,3.0002507951484954,48.19717757620285
0.9982795194067279,0.0,0.004419208224169175,0.0,-0.027610865099052178,0.0,2.7538526913399766,3.0002496156900156,47.31195660120862
0.9982995793112426,0.0,0.0044103643951845,0.0,-0.027690865099052178,0.0,2.750839379904556,3.0002484487226972,46.44283064873555
0.9983194995463913,0.0,0.004401419962486048,0.0,-0.02777086509905218,0.0,2.7478130381324575,3.0002472942329357,45.58950582910212
0.9983392795807927,0.0,0.004392376612709155,0.0,-0.02785086509905218,0.0,2.744773863799148,3.0002461522053343,44.751693100924996
0.9983589189083526,0.0,0.00438323603775907,0.0,-0.02793086509905218,0.0,2.741722057733723,3.000245022622712,43.92910821478284
0.9983784170484287,0.0,0.004373999934339297,0.0,-0.02801086509905218,0.0,2.73865782374138,3.000243905466114,43.12147165669815
0.9983977735459786,0.0,0.004364670003473988,0.0,-0.02809086509905218,0.0,2.7355813685238743,3.000242800714822,42.328508591410966
0.9984169879716939,0.0,0.004355247950025589,0.0,-0.02817086509905218,0.0,2.732492901597862,3.0002417083463704,41.54994880555739
0.9984360599221219,0.0,0.004345735482207541,0.0,-0.02825086509905218,0.0,2.729392635211132,3.0002406283365572,40.78552665073222
0.9984549890197669,0.0,0.004336134311092845,0.0,-0.02833086509905218,0.0,2.7262807842572045,3.0002395606594567,40.03498098646989
0.9984737749131831,0.0,0.004326446150118996,0.0,-0.02841086509905218,0.0,2.7231575661876897,3.0002385052874367,39.29805512311535
0.998492417277045,0.0,0.004316672714589372,0.0,-0.02849086509905218,0.0,2.720023200923367,3.0002374621911727,38.574496764915565
0.9985109158122083,0.0,0.004306815721172189,0.0,-0.02857086509905218,0.0,2.716877910763138,3.000236431339664,37.864057952805425
0.9985292702457518,0.0,0.004296876887396907,0.0,-0.02865086509905218,0.0,2.7137219202917477,3.0002354127002526,37.16649500756131
0.9985474803310045,0.0,0.0042868579311489356,0.0,-0.02873086509905218,0.0,2.710555456285856,3.000234406238636,36.48156847282267
0.998565545847558,0.0,0.004276760570163031,0.0,-0.02881086509905218,0.0,2.707378747618723,3.0002334119188925,35.80904305830806
0.9985834666012607,0.0,0.004266586521515853,0.0,-0.02889086509905218,0.0,2.7041920251636764,3.0002324297034964,35.148687583190295
0.9986012424241993,0.0,0.004256337501118332,0.0,-0.02897086509905218,0.0,2.7009955216963064,3.000231459553337,34.500274919559445
0.9986188731746635,0.0,0.0042460152232080715,0.0,-0.029050865099052182,0.0,2.6977894717955513,3.0002305014277417,33.86358193609598
0.9986363587370926,0.0,0.0042356213998426305,0.0,-0.029130865099052182,0.0,2.694574111743885,3.0002295552844975,33.23838944201658
0.9986536990220107,0.0,0.004225157740393837,0.0,-0.029210865099052182,0.0,2.6913496794264833,3.00022862107987,32.62448213112441
0.9986708939659437,0.0,0.004214625951043954,0.0,-0.029290865099052182,0.0,2.6881164142296523,3.000227698768628,32.02164852622785
0.9986879435313214,0.0,0.004204027734283897,0.0,-0.029370865099052183,0.0,2.6848745569385453,3.000226788304068,31.429680923750766
0.9987048477063634,0.0,0.00419336478841435,0.0,-0.029450865099052183,0.0,2.681624349634372,3.000225889638035,30.848375338660674
0.9987216065049525,0.0,0.004182638807049748,0.0,-0.029530865099052183,0.0,2.6783660355909706,3.00022500272095,30.27753144970749
0.9987382199664897,0.0,0.004171851478626177,0.0,-0.029610865099052183,0.0,2.6750998591711506,3.0002241275018315,29.716952544984274
0.9987546881557371,0.0,0.00416100448591327,0.0,-0.029690865099052183,0.0,2.6718260657226707,3.000223263928326,29.166445467818434
0.9987710111626453,0.0,0.0041500995055307795,0.0,-0.029770865099052184,0.0,2.668544901474097,3.0002224119467273,28.62582056300772
0.9987871891021651,0.0,0.00413913820746997,0.0,-0.029850865099052184,0.0,2.665256613430543,3.000221571502012,28.09489162348001
0.9988032221140473,0.0,0.004128122254620931,0.0,-0.029930865099052184,0.0,2.6619614492695542,3.0002207425378566,27.57347583727612
0.9988191103626262,0.0,0.004117053302305371,0.0,-0.030010865099052184,0.0,2.658659657237055,3.0002199249966734,27.061393734965122
0.9988348540365926,0.0,0.004105932997816047,0.0,-0.030090865099052184,0.0,2.6553514860435254,3.000219118819634,26.55846913746548
0.9988504533487499,0.0,0.004094762979962906,0.0,-0.030170865099052185,0.0,2.6520371847606183,3.000218323946699,26.064529104281128
0.9988659085357605,0.0,0.004083544878626342,0.0,-0.030250865099052185,0.0,2.648717002718156,3.000217540316646,25.57940388219592
0.9988812198578763,0.0,0.004072280314318161,0.0,-0.030330865099052185,0.0,2.64539118940172,3.000216767867101,25.102926854329937
0.9988963875986593,0.0,0.004060970897750352,0.0,-0.030410865099052185,0.0,2.642059994350879,3.0002160065345653,24.634934489793558
0.9989114120646913,0.0,0.004049618229412251,0.0,-0.030490865099052186,0.0,2.6387236670580845,3.000215256254446,24.175266293643958
0.9989262935852664,0.0,0.004038223899156361,0.0,-0.030570865099052186,0.0,2.635382456868598,3.000214516961087,23.723764757439277
0.9989410325120789,0.0,0.0040267894857930996,0.0,-0.030650865099052186,0.0,2.632036612881141,3.0002137885877995,23.280275310172897
0.998955629218897,0.0,0.004015316556695007,0.0,-0.030730865099052186,0.0,2.628686383849669,3.0002130710668906,22.844646269787013
0.9989700841012258,0.0,0.004003806667410452,0.0,-0.030810865099052186,0.0,2.6253320180862856,3.0002123643296983,22.416728795066362
0.9989843975759612,0.0,0.003992261361287107,0.0,-0.030890865099052187,0.0,2.6219737633652502,3.000211668306617,21.99637683812427
0.9989985700810357,0.0,0.003980682169105986,0.0,-0.030970865099052187,0.0,2.6186118668283354,3.0002109829271313,21.583447097338052
0.9990126020750507,0.0,0.003969070608725458,0.0,-0.031050865099052187,0.0,2.6152465748915428,3.0002103081198497,21.17779897080839
0.9990264940369056,0.0,0.0039574281847361914,0.0,-0.031130865099052187,0.0,2.611878133153202,3.0002096438125334,20.77929451032631
0.9990402464654144,0.0,0.003945756388126901,0.0,-0.031210865099052187,0.0,2.6085067863035873,3.0002089899321267,20.3877983758359
0.9990538598789157,0.0,0.003934056695961185,0.0,-0.031290865099052184,0.0,2.605132778036232,3.0002083464047913,20.0031777904435
0.9990673348148771,0.0,0.0039223305710654665,0.0,-0.03137086509905218,0.0,2.601756350960636,3.000207713155936,19.625302495888448
0.9990806718294897,0.0,0.0039105794617285425,0.0,-0.03145086509905218,0.0,2.598377746516928,3.0002070901102496,19.254044708649886
0.9990938714972596,0.0,0.003898804801412602,0.0,-0.031530865099052174,0.0,2.594997204892163,3.0002064771917327,18.889279076398743
0.9991069344105902,0.0,0.003887008008475871,0.0,-0.03161086509905217,0.0,2.591614964938452,3.000205874323726,18.530882635146618
0.9991198611793609,0.0,0.003875190485907205,0.0,-0.03169086509905217,0.0,2.588231264093088,3.0002052814289457,18.178734766796744
0.9991326524305004,0.0,0.003863353621072476,0.0,-0.031770865099052165,0.0,2.5848463383004385,3.000204698429514,17.832717157272576
0.9991453088075558,0.0,0.003851498785472765,0.0,-0.03185086509905216,0.0,2.5814604219359105,3.0002041252469867,17.492713755155314
0.9991578309702569,0.0,0.003839627334515006,0.0,-0.03193086509905216,0.0,2.578073747731964,3.00020356180239,17.158610730838184
0.9991702195940776,0.0,0.0038277406072940623,0.0,-0.032010865099052155,0.0,2.5746865467060736,3.0002030080162485,16.830296436191
0.9991824753697931,0.0,0.003815839926387568,0.0,-0.03209086509905215,0.0,2.5712990480909492,3.0002024638086144,16.50766136476117
0.9991945990030365,0.0,0.00380392659766232,0.0,-0.03217086509905215,0.0,2.5679114792667423,3.0002019290991004,16.19059811248129
0.9992065912138504,0.0,0.003792001910092954,0.0,-0.032250865099052145,0.0,2.564524065695511,3.0002014038069102,15.879001338874119
0.9992184527362393,0.0,0.0037800671355926953,0.0,-0.03233086509905214,0.0,2.5611370308577923,3.000200887850867,15.572767728776583
0.999230184317719,0.0,0.0037681235288560436,0.0,-0.03241086509905214,0.0,2.557750596191494,3.0002003811494435,15.27179595455869
0.9992417867188653,0.0,0.003756172327213557,0.0,-0.032490865099052135,0.0,2.554364981032932,3.000199883620792,14.975986638877078
0.9992532607128637,0.0,0.003744214750498196,0.0,-0.03257086509905213,0.0,2.55098040256007,3.0001993951827743,14.685242317853742
0.9992646070850558,0.0,0.003732252000923869,0.0,-0.03265086509905213,0.0,2.547597075738226,3.0001989157529874,14.399467404802298
0.9992758266324908,0.0,0.0037202852629753154,0.0,-0.032730865099052125,0.0,2.5442152132677505,3.000198445248797,14.118568154420892
0.999286920163473,0.0,0.0037083157033097626,0.0,-0.03281086509905212,0.0,2.5408350255342307,3.0001979835873613,13.84245262745399
0.9992978884971133,0.0,0.0036963444706700583,0.0,-0.03289086509905212,0.0,2.5374567205608396,3.0001975306856603,13.571030655822533
0.9993087324628815,0.0,0.003684372695808943,0.0,-0.032970865099052116,0.0,2.5340805039630037,3.000197086460524,13.304213808220542
0.9993194529001604,0.0,0.0036724014914247256,0.0,-0.03305086509905211,0.0,2.5307065789053214,3.000196650828657,13.041915356168612
0.9993300506578023,0.0,0.003660431952107745,0.0,-0.03313086509905211,0.0,2.5273351460607834,3.000196223706669,12.784050240505024
0.9993405265936877,0.0,0.0036484651542976823,0.0,-0.033210865099052106,0.0,2.5239664035721887,3.0001958050110975,12.530535038320213
0.9993508815742873,0.0,0.0036365021562519604,0.0,-0.0332908650990521,0.0,2.5206005470159214,3.0001953946584328,12.28128793029213
0.9993611164742287,0.0,0.0036245439980237427,0.0,-0.0333708650990521,0.0,2.5172377693677763,3.0001949925651474,12.036228668470105
0.9993712321758621,0.0,0.0036125917014511273,0.0,-0.033450865099052096,0.0,2.5138782609712225,3.000194598647717,11.795278544436599
0.9993812295688369,0.0,0.0036006462701558065,0.0,-0.03353086509905209,0.0,2.510522209507678,3.0001942128226475,11.558360357857332
0.9993911095496751,0.0,0.003588708689551735,0.0,-0.03361086509905209,0.0,2.507169799969035,3.0001938350064945,11.325398385405528
0.9994008730213555,0.0,0.003576779926863425,0.0,-0.033690865099052086,0.0,2.5038212146323366,3.0001934651158937,11.096318350079155
0.9994105208928976,0.0,0.00356486093115374,0.0,-0.03377086509905208,0.0,2.500476633036603,3.0001931030675757,10.871047390792175
0.9994200540789544,0.0,0.0035529526333604937,0.0,-0.03385086509905208,0.0,2.4971362319616177,3.000192748778394,10.649514032369794
0.9994294734994071,0.0,0.0035410559463425833,0.0,-0.03393086509905208,0.0,2.493800185409029,3.0001924021653457,10.431648155778603
0.9994387800789686,0.0,0.0035291717649339675,0.0,-0.03401086509905207,0.0,2.490468664585163,3.0001920631455894,10.217380968711439
0.9994479747467884,0.0,0.0035173009660070184,0.0,-0.03409086509905207,0.0,2.4871418378861896,3.0001917316364706,10.006644976357393
0.9994570584360689,0.0,0.003505444408543059,0.0,-0.03417086509905207,0.0,2.483819870884891,3.00019140755554,9.799373952507565
0.9994660320836819,0.0,0.003493602933711814,0.0,-0.034250865099052064,0.0,2.4805029263197187,3.000191090820572,9.595502910748632
0.9994748966297958,0.0,0.003481777364957507,0.0,-0.03433086509905206,0.0,2.47719116408539,3.0001907813495854,9.394968075990612
0.999483653017506,0.0,0.003469968508093315,0.0,-0.03441086509905206,0.0,2.473884741225638,3.0001904790608633,9.197706855975383
0.9994923021924752,0.0,0.0034581771514022824,0.0,-0.034490865099052054,0.0,2.4705838119276,3.000190183872967,9.003657813068386
0.9995008451025759,0.0,0.0034464040657453824,0.0,-0.03457086509905205,0.0,2.4672885275179763,3.0001898957047572,8.812760635984397
0.9995092826975446,0.0,0.003434650004676218,0.0,-0.03465086509905205,0.0,2.463999036461015,3.000189614475411,8.624956111638415
0.9995176159286389,0.0,0.003422915704562039,0.0,-0.034730865099052044,0.0,2.460715484358086,3.0001893401044364,8.44018609693418
0.9995258457483037,0.0,0.003411201884710661,0.0,-0.03481086509905204,0.0,2.4574380139489445,3.00018907251169,8.258393490520813
0.9995339731098439,0.0,0.0033995092475035786,0.0,-0.03489086509905204,0.0,2.454166765114564,3.000188811617391,8.07952220436929
0.9995419989671049,0.0,0.003387838478534357,0.0,-0.034970865099052034,0.0,2.450901874881541,3.000188557342138,7.903517135220813
0.9995499242741586,0.0,0.003376190246752467,0.0,-0.03505086509905203,0.0,2.4476434774279823,3.000188309606922,7.730324135700377
0.9995577499849984,0.0,0.0033645652046119636,0.0,-0.03513086509905203,0.0,2.444391704090861,3.0001880683331397,7.5598899851388985
0.9995654770532422,0.0,0.0033529639882253714,0.0,-0.035210865099052024,0.0,2.441146683374782,3.00018783344261,7.392162359921439
0.9995731064318392,0.0,0.0033413872175216725,0.0,-0.03529086509905202,0.0,2.4379085409621495,3.000187604857583,7.227089803262663
0.999580639072789,0.0,0.003329835496408757,0.0,-0.03537086509905202,0.0,2.4346773997245257,3.000187382500755,7.064621694386664
0.9995880759268636,0.0,0.0033183094129401055,0.0,-0.035450865099052015,0.0,2.4314533797354754,3.0001871662952784,6.904708216804254
0.9995954179433402,0.0,0.0033068095394849697,0.0,-0.03553086509905201,0.0,2.4282365982844203,3.000186956164777,6.747300325701028
0.999602666069739,0.0,0.0032953364329021753,0.0,-0.03561086509905201,0.0,2.425027169891804,3.00018675203335,6.592349714180408
0.9996098212515705,0.0,0.0032838906347175617,0.0,-0.035690865099052005,0.0,2.4218252063253614,3.000186553825589,6.439808778109128
0.9996168844320886,0.0,0.003272472671304057,0.0,-0.035770865099052,0.0,2.418630816617447,3.000186361466586,6.289630579466468
0.9996238565520527,0.0,0.003261083054064829,0.0,-0.035850865099052,0.0,2.4154441070834105,3.000186174881939,6.1417688078267005
0.9996307385494938,0.0,0.0032497222796193286,0.0,-0.035930865099051995,0.0,2.412265181341026,3.0001859939977678,5.99617773961123
0.9996375313594928,0.0,0.0032383908299911954,0.0,-0.03601086509905199,0.0,2.409094140330779,3.000185818740717,5.852812194970905
0.9996442359139631,0.0,0.00322708917279894,0.0,-0.03609086509905199,0.0,2.405931082337135,3.000185649037965,5.711627491617001
0.9996508531414391,0.0,0.0032158177614482206,0.0,-0.036170865099051985,0.0,2.402776103010619,3.000185484817236,5.572579395255644
0.9996573839668753,0.0,0.0032045770353262477,0.0,-0.03625086509905198,0.0,2.3996292953907643,3.0001853260067985,5.4356240660182245
0.9996638293114507,0.0,0.0031933674199974287,0.0,-0.03633086509905198,0.0,2.396490749929784,3.000185172535483,5.30071800026005
0.9996701900923793,0.0,0.0031821893274007933,0.0,-0.036410865099051976,0.0,2.39336055451703,3.000185024332679,5.167817966758031
0.9996764672227304,0.0,0.003171043156048224,0.0,-0.03649086509905197,0.0,2.3902387945040555,3.0001848813283454,5.036880936595793
0.9996826616112513,0.0,0.0031599292912242284,0.0,-0.03657086509905197,0.0,2.3871255527304767,3.0001847434530156,4.907864005295208
0.9996887741622023,0.0,0.0031488481051860613,0.0,-0.036650865099051966,0.0,2.384020909550283,3.0001846106378025,4.780724306174449
0.9996948057751934,0.0,0.0031377999573649535,0.0,-0.03673086509905196,0.0,2.380924942858841,3.0001844828144013,4.655418912961871
0.9997007573450308,0.0,0.0031267851945674685,0.0,-0.03681086509905196,0.0,2.377837728120356,3.0001843599150986,4.531904729843561
0.9997066297615691,0.0,0.003115804151177607,0.0,-0.036890865099051956,0.0,2.3747593383958825,3.0001842418727698,4.410138366491545
0.9997124239095684,0.0,0.003104857149358863,0.0,-0.03697086509905195,0.0,2.3716898443717676,3.00018412862089,4.290075994983782
0.9997181406685606,0.0,0.003093944499256276,0.0,-0.03705086509905195,0.0,2.3686293143885027,3.0001840200935295,4.171673185135651
0.9997237809127194,0.0,0.003083066499198678,0.0,-0.037130865099051946,0.0,2.36557781447,3.000183916225365,4.054884713402224
0.9997293455107368,0.0,0.003072223435900587,0.0,-0.03721086509905194,0.0,2.3625354083532337,3.0001838169516755,3.9396643397720075
0.999734835325708,0.0,0.003061415584663413,0.0,-0.03729086509905194,0.0,2.359502157518098,3.000183722208349,3.8259645456362987
0.9997402512150178,0.0,0.0030506432095768125,0.0,-0.037370865099051936,0.0,2.3564781212177266,3.0001836319318786,3.713736222909266
0.9997455940302368,0.0,0.0030399065637188236,0.0,-0.03745086509905193,0.0,2.353463356508904,3.0001835460593727,3.602928303281338
0.9997508646170219,0.0,0.0030292058893555936,0.0,-0.03753086509905193,0.0,2.3504579182828103,3.0001834645285514,3.4934873119744525
0.9997560638150212,0.0,0.0030185414181401935,0.0,-0.03761086509905193,0.0,2.3474618592959113,3.0001833872777453,3.3853568261508284
0.9997611924577859,0.0,0.003007913371310353,0.0,-0.03769086509905192,0.0,2.344475230201036,3.0001833142459007,3.27847681178951
0.9997662513726864,0.0,0.002997321959885508,0.0,-0.03777086509905192,0.0,2.3414980795786198,3.0001832453725803,3.1727828033413186
0.9997712413808343,0.0,0.002986767384862153,0.0,-0.03785086509905192,0.0,2.3385304539680014,3.0001831805979573,3.0682048786064744
0.9997761632970089,0.0,0.0029762498374083933,0.0,-0.037930865099051914,0.0,2.3355723978988387,3.000183119862824,2.96466636238567
0.9997810179295897,0.0,0.002965769499056966,0.0,-0.03801086509905191,0.0,2.332623953922635,3.0001830631085857,2.862082166287089
0.9997858060804925,0.0,0.0029553265418968445,0.0,-0.03809086509905191,0.0,2.3296851626442234,3.0001830102772615,2.7603566322674986
0.9997905285451097,0.0,0.0029449211287634605,0.0,-0.038170865099051904,0.0,2.32675606275332,3.0001829613114834,2.6593806866959477
0.9997951861122584,0.0,0.002934553413427162,0.0,-0.0382508650990519,0.0,2.323836691056064,3.0001829161544986,2.5590280178678997
0.9997997795641281,0.0,0.0029242235407802987,0.0,-0.0383308650990519,0.0,2.3209270825064983,3.0001828747501613,2.4591498350501917
0.9998043096762376,0.0,0.002913931647022254,0.0,-0.038410865099051894,0.0,2.3180272702380464,3.0001828370429413,2.359567514687482
0.9998087772173928,0.0,0.002903677859843009,0.0,-0.03849086509905189,0.0,2.3151372855949077,3.0001828029779123,2.2600619969724454
0.9998131829496494,0.0,0.002893462298604811,0.0,-0.03857086509905189,0.0,2.3122571581633555,3.000182772500756,2.1603579987452317
0.9998175276282802,0.0,0.00288328507452189,0.0,-0.038650865099051884,0.0,2.3093869158029223,3.0001827455577597,2.060099589475401
0.9998218120017474,0.0,0.002873146290838136,0.0,-0.03873086509905188,0.0,2.306526584677488,3.000182722095813,1.9588105891915264
0.999826036811674,0.0,0.00286304604300323,0.0,-0.03881086509905188,0.0,2.3036761892862203,3.0001827020624057,1.8558264664048245
0.9998302027928254,0.0,0.0028529844188462327,0.0,-0.038890865099051874,0.0,2.300835752494365,3.0001826854056257,1.7501679849494436
0.9998343106730896,0.0,0.0028429614987474116,0.0,-0.03897086509905187,0.0,2.2980052955638457,3.0001826720741556,1.6402814451521563
0.9998383611734621,0.0,0.0028329773558080852,0.0,-0.03905086509905187,0.0,2.2951848381837014,3.000182662017273,1.5234197509044305
0.9998423550080356,0.0,0.002823032056017969,0.0,-0.039130865099051865,0.0,2.292374398500339,3.0001826551848425,1.3937749326162403
0.9998462928839907,0.0,0.0028131256584207026,0.0,-0.03921086509905186,0.0,2.289573993147546,3.000182651527317,1.2334042938733065
0.9998501755015915,0.0,0.002803258215277026,0.0,-0.03929086509905186,0.0,2.2867836372762995,3.000182650995732,1.0000000000920655
0.9998540035541834,0.0,0.0027934297722258146,0.0,-0.039370865099051855,0.0,2.284003344584335,3.0001826535417058,1.0000080149606718
0.9998577777281927,0.0,0.0027836403684430113,0.0,-0.03945086509905185,0.0,2.2812331273455015,3.0001826591174297,1.0000000000169267
0.9998614987031322,0.0,0.0027738900367979785,0.0,-0.03953086509905185,0.0,2.2784729964388077,3.000182667675671,1.000000000011411
0.9998651671516057,0.0,0.002764178804008014,0.0,-0.039610865099051845,0.0,2.275722961377276,3.000182679169767,1.0000057068591894
0.9998687837393169,0.0,0.002754506690790208,0.0,-0.03969086509905184,0.0,2.272983030336435,3.0001826935536204,1.0000000000124607
0.9998723491250824,0.0,0.002744873712011407,0.0,-0.03977086509905184,0.0,2.2702532101826502,3.000182710781696,1.0000000000069484
0.999875863960843,0.0,0.00273527987683561,0.0,-0.039850865099051835,0.0,2.267533506501052,3.0001827308090174,1.0000000000092224
0.9998793288916821,0.0,0.0027257251888691187,0.0,-0.03993086509905183,0.0,2.264823923623235,3.000182753591163,1.0000035757466832
0.999882744555841,0.0,0.0027162096463035678,0.0,-0.04001086509905183,0.0,2.262124464654655,3.0001827790842603,1.0000045438821432
0.9998861115847428,0.0,0.002706733242056493,0.0,-0.040090865099051826,0.0,2.259435131501711,3.0001828072449856,1.0000000000012825
0.999889430603012,0.0,0.0026972959639095712,0.0,-0.04017086509905182,0.0,2.2567559248984694,3.000182838030554,1.0000000000056957
0.9998927022284999,0.0,0.0026878977946447366,0.0,-0.04025086509905182,0.0,2.2540868444331714,3.0001828713987218,1.000000000000827
0.999895927072311,0.0,0.0026785387121780013,0.0,-0.040330865099051816,0.0,2.251427888574323,3.0001829073077753,1.000005203373026
0.9998991057388297,0.0,0.002669218689690778,0.0,-0.04041086509905181,0.0,2.2487790546964987,3.0001829457165328,1.0000000000006424
0.9999022388257527,0.0,0.002659937695759122,0.0,-0.04049086509905181,0.0,2.246140339105852,3.0001829865843357,1.000003676928234
0.9999053269241167,0.0,0.0026506956944807297,0.0,-0.040570865099051806,0.0,2.24351173706521,3.000183029871047,1.0000000000014486
0.999908370618335,0.0,0.0026414926455995574,0.0,-0.0406508650990518,0.0,2.2408932428188995,3.000183075537044,1.0000000000037756
0.9999113704862289,0.0,0.0026323285046283115,0.0,-0.0407308650990518,0.0,2.2382848496172274,3.0001831235432146,1.0000000000006835
0.999914327099065,0.0,0.0026232032229685917,0.0,-0.040810865099051796,0.0,2.235686549740582,3.000183173850956,1.0000023286475381
0.9999172410215914,0.0,0.002614116748028941,0.0,-0.04089086509905179,0.0,2.23309833452327,3.0001832264221653,1.0000044592476345
0.9999201128120774,0.0,0.0026050690233407193,0.0,-0.04097086509905179,0.0,2.2305201943768718,3.0001832812192357,1.0000011000771458
0.9999229430223519,0.0,0.0025960599886715565,0.0,-0.041050865099051786,0.0,2.2279521188134694,3.0001833382050562,1.0000029887822115
0.9999257321978441,0.0,0.002587089580137029,0.0,-0.04113086509905178,0.0,2.2253940964682593,3.000183397343,1.000002975942351
0.9999284808776264,0.0,0.002578157730309683,0.0,-0.04121086509905178,0.0,2.2228461151221017,3.000183458596926,1.0000000000007123
0.9999311895944559,0.0,0.00256926436832658,0.0,-0.04129086509905178,0.0,2.220308161723489,3.0001835219311723,1.0000000000011364
0.9999338588748191,0.0,0.002560409419994052,0.0,-0.04137086509905177,0.0,2.2177802224103154,3.000183587310548,1.0000030120929855
0.9999364892389752,0.0,0.0025515928078909773,0.0,-0.04145086509905177,0.0,2.2152622825312376,3.000183654700331,1.0000013664787375
0.9999390812010036,0.0,0.0025428144514694673,0.0,-0.04153086509905177,0.0,2.212754326666715,3.000183724066266,1.00000173526536
0.9999416352688484,0.0,0.002534074267153959,0.0,-0.041610865099051764,0.0,2.210256338649695,3.000183795374555,1.0000000000001512
0.9999441519443666,0.0,0.0025253721684379295,0.0,-0.04169086509905176,0.0,2.2077683015859613,3.0001838685918556,1.0000000000003841
0.9999466317233744,0.0,0.002516708065978893,0.0,-0.04177086509905176,0.0,2.205290197874175,3.0001839436852737,0.9999999999998104
0.9999490750956973,0.0,0.002508081867691328,0.0,-0.041850865099051754,0.0,2.202822009225481,3.000184020622361,1.00000000000119
0.999951482545217,0.0,0.002499493478837445,0.0,-0.04193086509905175,0.0,2.200363716682886,3.000184099371111,1.0000000000023423
0.9999538545499231,0.0,0.0024909428021164318,0.0,-0.04201086509905175,0.0,2.197915300640256,3.00018417989995,1.0000006988642585
0.999956191581961,0.0,0.002482429737751501,0.0,-0.042090865099051744,0.0,2.195476740860949,3.0001842621777364,1.0000000000003277
0.999958494107683,0.0,0.0024739541835751507,0.0,-0.04217086509905174,0.0,2.1930480164961774,3.000184346173754,1.0000015533579674
0.9999607625876994,0.0,0.002465516035112618,0.0,-0.04225086509905174,0.0,2.19062910610299,3.0001844318577087,1.0000000000028781
0.9999629974769297,0.0,0.002457115185663407,0.0,-0.042330865099051734,0.0,2.188219987661974,3.000184519199722,1.000003910928502
0.999965199224653,0.0,0.0024487515263812015,0.0,-0.04241086509905173,0.0,2.18582063859458,3.000184608170327,1.0000000000008293
0.9999673682745612,0.0,0.002440424946351729,0.0,-0.04249086509905173,0.0,2.1834310357801536,3.0001846987404654,1.0000000000012845
0.9999695050648104,0.0,0.0024321353326692656,0.0,-0.042570865099051725,0.0,2.181051155572668,3.000184790881479,0.9999999999995899
0.9999716100280732,0.0,0.002423882570510897,0.0,-0.04265086509905172,0.0,2.1786809738171407,3.0001848845651082,1.0000000000015248
0.9999736835915903,0.0,0.002415666543209765,0.0,-0.04273086509905172,0.0,2.176320465865657,3.000184979763488,1.000000000001188
0.9999757261772251,0.0,0.0024074871323259872,0.0,-0.042810865099051715,0.0,2.1739696065932015,3.0001850764491405,1.0000008772967217
0.999977738201514,0.0,0.0023993442177163106,0.0,-0.04289086509905171,0.0,2.171628370413117,3.000185174594971,1.0000000000010303
0.9999797200757213,0.0,0.002391237677602145,0.0,-0.04297086509905171,0.0,2.1692967312922558,3.000185274174266,1.00000129783298
0.999981672205891,0.0,0.0023831673886358677,0.0,-0.043050865099051705,0.0,2.1669746627658673,3.0001853751606857,1.0000000000001261
0.9999835949928998,0.0,0.0023751332259656223,0.0,-0.0431308650990517,0.0,2.164662137952159,3.000185477528261,1.0000000000021596
0.9999854888325099,0.0,0.0023671350632986496,0.0,-0.0432108650990517,0.0,2.1623591295666276,3.000185581251388,1.0000000000006972
0.9999873541154228,0.0,0.0023591727729630773,0.0,-0.043290865099051695,0.0,2.160065609935948,3.000185686304824,0.9999999999998381
0.9999891912273311,0.0,0.002351246225968168,0.0,-0.04337086509905169,0.0,2.157781551011761,3.0001857926636855,1.0000000000018046
0.999991000548972,0.0,0.002343355292063121,0.0,-0.04345086509905169,0.0,2.1555069243841176,3.000185900303438,0.9999999999995026
0.9999927824561802,0.0,0.002335499839794577,0.0,-0.043530865099051685,0.0,2.15324170129457,3.0001860091998993,1.0000000000001923
0.9999945373199394,0.0,0.002327679736562628,0.0,-0.04361086509905168,0.0,2.1509858526490397,3.0001861193292276,1.0000000000014677
0.9999962655064359,0.0,0.002319894848675287,0.0,-0.04369086509905168,0.0,2.1487393490304942,3.000186230667922,1.000001549935998
0.999997967377111,0.0,0.002312145041401946,0.0,-0.043770865099051676,0.0,2.146502160711241,3.0001863431928175,1.0000000000009388
0.999999643288713,0.0,0.0023044301790252583,0.0,-0.04385086509905167,0.0,2.1442742576649554,3.000186456881079,1.0000000000003633
1.0000012935933484,0.0,0.0022967501248917495,0.0,-0.04393086509905167,0.0,2.142055609578586,3.0001865717102,1.0000033249056404
1.000002918638535,0.0,0.002289104741461242,0.0,-0.044010865099051666,0.0,2.139846185863851,3.0001866876579952,1.0000015478720277
1.0000045187672526,0.0,0.0022814938903549125,0.0,-0.04409086509905166,0.0,2.137645955668567,3.000186804702598,1.0000038870524193
1.0000060943179958,0.0,0.00227391743240219,0.0,-0.04417086509905166,0.0,2.13545488788773,3.0001869228224574,1.0000027920566887
1.0000076456248221,0.0,0.002266375227686492,0.0,-0.044250865099051656,0.0,2.1332729511742596,3.000187041996333,1.0000025973670434
1.0000091730174079,0.0,0.002258867135589602,0.0,-0.04433086509905165,0.0,2.131100113949703,3.000187162203289,1.0000000000005438
1.0000106768210935,0.0,0.0022513930148350954,0.0,-0.04441086509905165,0.0,2.1289363444144542,3.000187283422694,1.0083019647389275
1.0000121573569372,0.0,0.0022439527235305692,0.0,-0.044490865099051646,0.0,2.126781610557881,3.0001874056342155,1.1645386532835773
1.0000136149417636,0.0,0.002236546119208603,0.0,-0.04457086509905164,0.0,2.1246358801682783,3.000187528817813,1.239537136240173
1.0000150498882154,0.0,0.0022291730588668646,0.0,-0.04465086509905164,0.0,2.122499120842442,3.00018765295374,1.299894923933512
1.0000164625048,0.0,0.0022218333990069706,0.0,-0.04473086509905164,0.0,2.1203712999951656,3.0001877780225352,1.352641288283127
1.0000178530959407,0.0,0.002214526995672447,0.0,-0.04481086509905163,0.0,2.118252384868352,3.000187904005022,1.4004933331884482
1.0000192219620248,0.0,0.002207253704485471,0.0,-0.04489086509905163,0.0,2.1161423425401575,3.0001880308823003,1.444840274629144
1.0000205693994515,0.0,0.002200013380682877,0.0,-0.04497086509905163,0.0,2.114041139933638,3.0001881586357495,1.486504406352615
1.0000218957006823,0.0,0.0021928058791508445,0.0,-0.045050865099051624,0.0,2.111948743825457,3.0001882872470182,1.526019407033596
1.000023201154287,0.0,0.0021856310544590006,0.0,-0.04513086509905162,0.0,2.10986512085414,3.000188416698026,1.5637544633435554
1.0000244860449876,0.0,0.0021784887608932357,0.0,-0.04521086509905162,0.0,2.1077902375283832,3.0001885469709544,1.5999772737489535
1.0000257506537145,0.0,0.0021713788524878475,0.0,-0.045290865099051614,0.0,2.1057240602349188,3.0001886780482496,1.6348891133292047
1.0000269952576433,0.0,0.0021643011830566627,0.0,-0.04537086509905161,0.0,2.1036665552463854,3.000188809912612,1.6686457487604145
1.0000282201302477,0.0,0.00215725560622325,0.0,-0.04545086509905161,0.0,2.101617688728911,3.000188942547001,1.7013706078288586
1.0000294255413416,0.0,0.0021502419754504233,0.0,-0.045530865099051604,0.0,2.099577426749512,3.0001890759346215,1.733163440976035
1.0000306117571283,0.0,0.0021432601440686946,0.0,-0.0456108650990516,0.0,2.097545735283355,3.00018921005893,1.7641062261287777
1.0000317790402402,0.0,0.0021363099653041577,0.0,-0.0456908650990516,0.0,2.0955225802207473,3.0001893449036254,1.7942673165929253
1.0000329276497895,0.0,0.002129391292305221,0.0,-0.045770865099051594,0.0,2.093507927374141,3.000189480452648,1.8237044304716097
1.0000340578414078,0.0,0.0021225039781689685,0.0,-0.04585086509905159,0.0,2.0915017424846893,3.0001896166901747,1.8524668526363477
1.0000351698672938,0.0,0.0021156478759663685,0.0,-0.04593086509905159,0.0,2.0895039912288773,3.000189753600618,1.8805970882745546
1.0000362639762523,0.0,0.0021088228387669103,0.0,-0.046010865099051584,0.0,2.0875146392249415,3.000189891168621,1.9081321253067531
1.000037340413742,0.0,0.002102028719662626,0.0,-0.04609086509905158,0.0,2.085533652038917,3.0001900293790547,1.9351044128420187
1.0000383994219157,0.0,0.0020952653717910383,0.0,-0.04617086509905158,0.0,2.0835609951908407,3.0001901682170145,1.9615426294537466
1.0000394412396618,0.0,0.002088532648357821,0.0,-0.046250865099051575,0.0,2.0815966341605923,3.000190307667817,1.987472293646265
1.000040466102648,0.0,0.0020818304026584585,0.0,-0.04633086509905157,0.0,2.079640534393637,3.0001904477170007,2.01291625424583
1.0000414742433634,0.0,0.002075158488099343,0.0,-0.04641086509905157,0.0,2.077692661306598,3.0001905883503133,2.0378950880104814
1.000042465891155,0.0,0.0020685167582183287,0.0,-0.046490865099051565,0.0,2.075752980292703,3.000190729553723,2.062427424933759
1.0000434412722732,0.0,0.0020619050667044533,0.0,-0.04657086509905156,0.0,2.07382145672713,3.0001908713134022,2.086530216581089
1.000044400609911,0.0,0.0020553232674170685,0.0,-0.04665086509905156,0.0,2.0718980559721456,3.0001910136157313,2.1102189590690044
1.0000453441242403,0.0,0.0020487712144046186,0.0,-0.046730865099051555,0.0,2.069982743382053,3.0001911564472947,2.1335078794946103
1.0000462720324557,0.0,0.002042248761922347,0.0,-0.04681086509905155,0.0,2.0680754843082143,3.000191299794879,2.156410093034737
1.0000471845488126,0.0,0.002035755764449908,0.0,-0.04689086509905155,0.0,2.066176244103657,3.0001914436454675,2.1789377359046798
1.0000480818846613,0.0,0.0020292920767081574,0.0,-0.046970865099051545,0.0,2.0642849881277954,3.00019158798624,2.2011020785107487
1.0000489642484913,0.0,0.0020228575536753025,0.0,-0.04705086509905154,0.0,2.0624016817508863,3.0001917328045673,2.2229136224465194
1.000049831845964,0.0,0.0020164520506028016,0.0,-0.04713086509905154,0.0,2.060526290358425,3.0001918780880135,2.2443821837354494
1.0000506848799544,0.0,0.0020100754230304705,0.0,-0.047210865099051535,0.0,2.058658779355331,3.000192023824327,2.265516964881795
1.000051523550583,0.0,0.002003727526801198,0.0,-0.04729086509905153,0.0,2.056799114170133,3.0001921700014416,2.286326617225006
1.000052348055256,0.0,0.001997408218075195,0.0,-0.04737086509905153,0.0,2.0549472602589782,3.0001923166074747,2.3068192953614326
1.000053158588701,0.0,0.0019911173533435473,0.0,-0.047450865099051526,0.0,2.053103183109484,3.000192463630722,2.3270027046949417
1.0000539553429995,0.0,0.001984854789441665,0.0,-0.04753086509905152,0.0,2.051266848244582,3.0001926110596564,2.3468841430753375
1.000054738507625,0.0,0.001978620383561871,0.0,-0.04761086509905152,0.0,2.0494382212261106,3.000192758882926,2.3664705375580537
1.0000555082694778,0.0,0.0019724139932657614,0.0,-0.047690865099051516,0.0,2.0476172676584574,3.000192907089349,2.385768476837238
1.0000562648129179,0.0,0.0019662354764959805,0.0,-0.04777086509905151,0.0,2.045803953192037,3.0001930556679164,2.4047842399331634
1.0000570083197995,0.0,0.001960084691587893,0.0,-0.04785086509905151,0.0,2.0439982435264943,3.000193204607784,2.4235238217484563
1.0000577389695045,0.0,0.0019539614972803117,0.0,-0.047930865099051506,0.0,2.0422001044141687,3.0001933538982737,2.441992955783289
1.0000584569389759,0.0,0.0019478657527262863,0.0,-0.0480108650990515,0.0,2.0404095016631327,3.000193503528869,2.4601971344704157
1.0000591624027517,0.0,0.0019417973175031606,0.0,-0.0480908650990515,0.0,2.0386264011403092,3.000193653489215,2.478141627403391
1.0000598555329947,0.0,0.0019357560516226062,0.0,-0.048170865099051496,0.0,2.0368507687743036,3.0001938037691134,2.4958314976259492
1.0000605364995259,0.0,0.0019297418155397664,0.0,-0.04825086509905149,0.0,2.0350825705585516,3.000193954358522,2.51327161640312
1.0000612054698566,0.0,0.0019237544701625577,0.0,-0.04833086509905149,0.0,2.033321772553814,3.0001941052475525,2.5304666764801134
1.0000618626092188,0.0,0.0019177938768602128,0.0,-0.04841086509905149,0.0,2.031568340891107,3.0001942564264676,2.5474212041022115
1.0000625080805956,0.0,0.0019118598974718075,0.0,-0.04849086509905148,0.0,2.0298222417741263,3.000194407885679,2.5641395698847416
1.0000631420447545,0.0,0.0019059523943140062,0.0,-0.04857086509905148,0.0,2.02808344148198,3.000194559615747,2.580625998754564
1.0000637646602726,0.0,0.0019000712301890435,0.0,-0.04865086509905148,0.0,2.026351906371399,3.000194711607374,2.596884578871471
1.000064376083569,0.0,0.0018942162683918383,0.0,-0.048730865099051474,0.0,2.024627602879342,3.000194863851408,2.6129192699022497
1.0000649764689367,0.0,0.00188838737271713,0.0,-0.04881086509905147,0.0,2.022910497525126,3.0001950163388362,2.6287339105298115
1.0000655659685669,0.0,0.0018825844074662123,0.0,-0.04889086509905147,0.0,2.021200556912714,3.0001951690607855,2.644332225280441
1.0000661447325798,0.0,0.0018768072374533709,0.0,-0.048970865099051464,0.0,2.0194977477327845,3.0001953220085182,2.6597178308470424
1.0000667129090526,0.0,0.001871055728011949,0.0,-0.04905086509905146,0.0,2.017802036764906,3.000195475173433,2.674894241883985
1.0000672706440477,0.0,0.0018653297450003069,0.0,-0.04913086509905146,0.0,2.016113390879423,3.000195628547062,2.6898648763401938
1.0000678180816391,0.0,0.0018596291548073378,0.0,-0.049210865099051454,0.0,2.014431777039434,3.000195782121067,2.704633060364961
1.000068355363943,0.0,0.001853953824357737,0.0,-0.04929086509905145,0.0,2.0127571623026768,3.0001959358872385,2.7192020328874933
1.0000688826311364,0.0,0.0018483036211172565,0.0,-0.04937086509905145,0.0,2.0110895138231837,3.000196089837496,2.7335749497272146
1.000069400021495,0.0,0.001842678413097198,0.0,-0.049450865099051444,0.0,2.0094287988532353,3.000196243963884,2.7477548876103173
1.0000699076714101,0.0,0.0018370780688592052,0.0,-0.04953086509905144,0.0,2.007774984744812,3.00019639825857,2.7617448477050397
1.0000704057154182,0.0,0.001831502457519528,0.0,-0.04961086509905144,0.0,2.0061280389512492,3.000196552713844,2.775547759001343
1.0000708942862262,0.0,0.001825951448752963,0.0,-0.049690865099051434,0.0,2.004487929028889,3.0001967073221154,2.7891664814246737
1.000071373514736,0.0,0.0018204249127969272,0.0,-0.04977086509905143,0.0,2.002854622638377,3.0001968620759136,2.8026038088036875
1.0000718435300704,0.0,0.001814922720454854,0.0,-0.04985086509905143,0.0,2.0012280875462767,3.000197016967883,2.815862471545884
1.0000723044595938,0.0,0.0018094447430998097,0.0,-0.049930865099051425,0.0,1.9996082916262845,3.0001971719907843,2.82894513918365
1.0000727564289418,0.0,0.0018039908526775855,0.0,-0.05001086509905142,0.0,1.9979952028606132,3.000197327137491,2.8418544228000395
1.0000731995620427,0.0,0.0017985609217096832,0.0,-0.05009086509905142,0.0,1.996388789341224,3.0001974824009885,2.8545928772502527
1.0000736339811387,0.0,0.0017931548232962193,0.0,-0.050170865099051415,0.0,1.9947890192711162,3.000197637774373,2.8671630032226427
1.0000740598068112,0.0,0.001787772431118494,0.0,-0.05025086509905141,0.0,1.9931958609653273,3.000197793250848,2.8795672492811875
1.000074477158004,0.0,0.0017824136194414149,0.0,-0.05033086509905141,0.0,1.9916092828521796,3.000197948823725,2.891808013651871
1.0000748861520465,0.0,0.0017770782631157057,0.0,-0.050410865099051405,0.0,1.9900292534742734,3.00019810448642,2.903887646030415
1.0000752869046723,0.0,0.0017717662375800625,0.0,-0.0504908650990514,0.0,1.9884557414895276,3.000198260232455,2.9158084492381025
1.000075679530045,0.0,0.0017664774188630398,0.0,-0.0505708650990514,0.0,1.9868887156721236,3.0001984160554525,2.9275726806979145
1.0000760641407787,0.0,0.0017612116835846912,0.0,-0.050650865099051395,0.0,1.9853281449134401,3.000198571949136,2.939182554061289
1.0000764408479603,0.0,0.0017559689089582699,0.0,-0.05073086509905139,0.0,1.9837739982229265,3.000198727907329,2.950640240479446
1.0000768097611659,0.0,0.0017507489727916277,0.0,-0.05081086509905139,0.0,1.9822262447289483,3.0001988839239546,2.9619478699465267
1.0000771709884888,0.0,0.0017455517534884718,0.0,-0.050890865099051386,0.0,1.980684853679501,3.000199039993031,2.9731075326322793
1.000077524636554,0.0,0.001740377130049439,0.0,-0.05097086509905138,0.0,1.9791497944430938,3.0001991961086705,2.9841212800068626
1.0000778708105424,0.0,0.0017352249820731132,0.0,-0.05105086509905138,0.0,1.9776210365094524,3.000199352265082,2.9949911260195785
1.000078209614209,0.0,0.0017300951897569739,0.0,-0.051130865099051376,0.0,1.9760985494899688,3.0001995084565647,3.005719048147521
1.0000785411499007,0.0,0.0017249876338979193,0.0,-0.05121086509905137,0.0,1.974582303118694,3.000199664677512,3.016306988448061
1.000078865518579,0.0,0.0017199021958930506,0.0,-0.05129086509905137,0.0,1.973072267252622,3.000199820922403,3.02675685454708
1.0000791828198408,0.0,0.0017148387577398663,0.0,-0.051370865099051366,0.0,1.9715684118724777,3.000199977185808,3.0370705205853454
1.0000794931519303,0.0,0.0017097972020368606,0.0,-0.05145086509905136,0.0,1.9700707070831251,3.000200133462385,3.0472498280914975
1.000079796611763,0.0,0.0017047774119836674,0.0,-0.05153086509905136,0.0,1.9685791231140926,3.0002002897468776,3.0572965868456903
1.000080093294944,0.0,0.0016997792713810491,0.0,-0.051610865099051356,0.0,1.9670936303200375,3.0002004460341136,3.067212575722896
1.000080383295783,0.0,0.0016948026646309848,0.0,-0.05169086509905135,0.0,1.9656141991812166,3.000200602319004,3.0769995434777795
1.0000806667073168,0.0,0.001689847476736555,0.0,-0.05177086509905135,0.0,1.964140800303838,3.000200758596544,3.0866592094892074
1.0000809436213216,0.0,0.0016849135933016872,0.0,-0.051850865099051346,0.0,1.9626734044204528,3.0002009148618085,3.0961932644724808
1.0000812141283357,0.0,0.0016800009005308316,0.0,-0.05193086509905134,0.0,1.9612119823903091,3.0002010711099527,3.1056033712250364
1.0000814783176708,0.0,0.0016751092852286403,0.0,-0.05201086509905134,0.0,1.9597565051995955,3.000201227336211,3.11489116524546
1.0000817362774341,0.0,0.0016702386347992968,0.0,-0.05209086509905134,0.0,1.9583069439618894,3.0002013835358965,3.1240582553788516
1.0000819880945433,0.0,0.0016653888372460217,0.0,-0.05217086509905133,0.0,1.9568632699182142,3.000201539704397,3.133106224506589
1.0000822338547413,0.0,0.001660559781170395,0.0,-0.05225086509905133,0.0,1.9554254544373906,3.0002016958371764,3.142036630049197
1.0000824736426155,0.0,0.0016557513557714347,0.0,-0.05233086509905133,0.0,1.9539934690162701,3.0002018519297735,3.1508510046081075
1.0000827075416114,0.0,0.001650963450844972,0.0,-0.052410865099051324,0.0,1.9525672852797777,3.0002020079778,3.159550856493945
1.0000829356340475,0.0,0.001646195956782502,0.0,-0.05249086509905132,0.0,1.9511468749812537,3.000202163976942,3.168137670256052
1.0000831580011353,0.0,0.0016414487645702866,0.0,-0.05257086509905132,0.0,1.9497322100023895,3.0002023199229524,3.1766129072642983
1.0000833747229894,0.0,0.0016367217657882159,0.0,-0.052650865099051314,0.0,1.9483232623535518,3.0002024758116583,3.1849780060719475
1.000083585878645,0.0,0.0016320148526086933,0.0,-0.05273086509905131,0.0,1.9469200041736663,3.0002026316389547,3.1932343830555854
1.0000837915460763,0.0,0.0016273279177953185,0.0,-0.05281086509905131,0.0,1.945522407730399,3.0002027874008035,3.2013834328290196
1.000083991802202,0.0,0.0016226608547017145,0.0,-0.052890865099051304,0.0,1.9441304454202206,3.000202943093237,3.2094265285716332
1.0000841867229102,0.0,0.001618013557270061,0.0,-0.0529708650990513,0.0,1.9427440897683643,3.0002030987123507,3.2173650227220083
1.000084376383066,0.0,0.001613385920029692,0.0,-0.0530508650990513,0.0,1.9413633134288453,3.000203254254306,3.225200247181755
1.0000845608565272,0.0,0.001608777838095701,0.0,-0.053130865099051294,0.0,1.9399880891844783,3.0002034097153296,3.2329335137769877
1.0000847402161597,0.0,0.001604189207167256,0.0,-0.05321086509905129,0.0,1.938618389946875,3.0002035650917107,3.240566114757098
1.0000849145338475,0.0,0.001599619923526172,0.0,-0.05329086509905129,0.0,1.9372541887562165,3.000203720379803,3.2480993230731765
1.0000850838805135,0.0,0.0015950698840350719,0.0,-0.053370865099051285,0.0,1.9358954587814554,3.000203875576018,3.255534392806753
1.0000852483261236,0.0,0.0015905389861357911,0.0,-0.05345086509905128,0.0,1.9345421733200459,3.0002040306768314,3.2628725594944505
1.000085407939705,0.0,0.0015860271278477299,0.0,-0.05353086509905128,0.0,1.9331943057978744,3.0002041856787782,3.2701150405521067
1.00008556278936,0.0,0.0015815342077658493,0.0,-0.053610865099051275,0.0,1.9318518297690883,3.00020434057845,3.2772630355834216
1.0000857129422756,0.0,0.0015770601250589562,0.0,-0.05369086509905127,0.0,1.930514718916163,3.000204495372499,3.284317726673679
1.0000858584647396,0.0,0.0015726047794677581,0.0,-0.05377086509905127,0.0,1.9291829470495185,3.000204650057634,3.291280278786686
1.0000859994221487,0.0,0.0015681680713030134,0.0,-0.053850865099051265,0.0,1.9278564881075098,3.000204804630619,3.29815184007861
1.0000861358790247,0.0,0.0015637499014434439,0.0,-0.05393086509905126,0.0,1.9265353161561993,3.000204959088276,3.3049335421082704
1.0000862678990237,0.0,0.001559350171333894,0.0,-0.05401086509905126,0.0,1.925219405389041,3.00020511342748,3.3116265002865006
1.0000863955449508,0.0,0.0015549687829830244,0.0,-0.054090865099051255,0.0,1.9239087301269946,3.0002052676451605,3.3182318140677802
1.0000865188787684,0.0,0.00155060563896153,0.0,-0.05417086509905125,0.0,1.9226032648180218,3.000205421738301,3.324750567296293
1.000086637961611,0.0,0.0015462606423998569,0.0,-0.05425086509905125,0.0,1.9213029840368683,3.0002055757039354,3.331183828395292
1.000086752853795,0.0,0.0015419336969860497,0.0,-0.054330865099051245,0.0,1.9200078624849855,3.000205729539153,3.337532650772077
1.0000868636148295,0.0,0.0015376247069635793,0.0,-0.05441086509905124,0.0,1.9187178749902227,3.0002058832410894,3.3437980729734433
1.0000869703034276,0.0,0.001533333577129262,0.0,-0.05449086509905124,0.0,1.9174329965064079,3.0002060368069343,3.3499811189617654
1.0000870729775189,0.0,0.001529060212830848,0.0,-0.054570865099051236,0.0,1.9161532021132772,3.0002061902339254,3.3560827984725123
1.0000871716942592,0.0,0.0015248045199648128,0.0,-0.05465086509905123,0.0,1.9148784670161338,3.0002063435193485,3.362104107121619
1.0000872665100402,0.0,0.0015205664049741557,0.0,-0.05473086509905123,0.0,1.9136087665453863,3.0002064966605397,3.368046026700589
1.000087357480501,0.0,0.001516345774845923,0.0,-0.054810865099051226,0.0,1.912344076156584,3.00020664965488,3.373909525420198
1.0000874446605357,0.0,0.0015121425371091338,0.0,-0.05489086509905122,0.0,1.9110843714296784,3.000206802499798,3.3796955581866284
1.0000875281043116,0.0,0.0015079565998320221,0.0,-0.05497086509905122,0.0,1.9098296280690443,3.00020695519277,3.3854050667193576
1.0000876078652683,0.0,0.0015037878716200812,0.0,-0.055050865099051216,0.0,1.9085798219029866,3.000207107731315,3.3910389798394065
1.0000876839961357,0.0,0.0014996362616133817,0.0,-0.05513086509905121,0.0,1.9073349288833839,3.0002072601129988,3.396598213694063
1.0000877565489403,0.0,0.0014955016794842375,0.0,-0.05521086509905121,0.0,1.9060949250854275,3.000207412335429,3.4020836719799457
1.0000878255750159,0.0,0.0014913840354348214,0.0,-0.055290865099051206,0.0,1.9048597867071801,3.000207564396259,3.4074962460486025
1.000087891125011,0.0,0.0014872832401946407,0.0,-0.0553708650990512,0.0,1.9036294900692436,3.0002077162931853,3.4128368152305644
1.0000879532489018,0.0,0.001483199205018051,0.0,-0.0554508650990512,0.0,1.902404011614429,3.0002078680239435,3.4181062469612624
1.0000880119959978,0.0,0.0014791318416819332,0.0,-0.055530865099051196,0.0,1.9011833279071713,3.000208019586315,3.4233053969546883
1.0000880674149553,0.0,0.0014750810624829308,0.0,-0.05561086509905119,0.0,1.8999674156334962,3.0002081709781168,3.4284351094993735
1.0000881195537785,0.0,0.0014710467802352392,0.0,-0.05569086509905119,0.0,1.8987562516003198,3.000208322197212,3.433496217556329
1.0000881684598384,0.0,0.0014670289082678264,0.0,-0.05577086509905119,0.0,1.8975498127351338,3.0002084732414986,3.4384895429079494
1.0000882141798737,0.0,0.0014630273604220444,0.0,-0.05585086509905118,0.0,1.8963480760856446,3.0002086241089185,3.4434158964076635
1.000088256760002,0.0,0.0014590420510491033,0.0,-0.05593086509905118,0.0,1.895151018819332,3.0002087747974486,3.448276078177489
1.0000882962457305,0.0,0.0014550728950074086,0.0,-0.05601086509905118,0.0,1.8939586182229993,3.0002089253051047,3.453070877701665
1.000088332681959,0.0,0.0014511198076600828,0.0,-0.056090865099051174,0.0,1.8927708517024537,3.0002090756299418,3.4578010739962455
1.0000883661129947,0.0,0.0014471827048724176,0.0,-0.05617086509905117,0.0,1.891587696781905,3.0002092257700506,3.462467435819911
1.0000883965825538,0.0,0.0014432615030091922,0.0,-0.05625086509905117,0.0,1.8904091311036677,3.000209375723557,3.4670707218032266
1.0000884241337746,0.0,0.0014393561189322197,0.0,-0.056330865099051164,0.0,1.8892351324277035,3.000209525488626,3.471611680660973
1.0000884488092237,0.0,0.0014354664699976682,0.0,-0.05641086509905116,0.0,1.8880656786310939,3.0002096750634557,3.4760910512832344
1.0000884706509003,0.0,0.0014315924740535616,0.0,-0.05649086509905116,0.0,1.886900747707667,3.0002098244462787,3.480509562820644
1.0000884897002518,0.0,0.0014277340494370087,0.0,-0.056570865099051154,0.0,1.8857403177675836,3.0002099736353656,3.48486793507266
1.000088505998173,0.0,0.0014238911149718324,0.0,-0.05665086509905115,0.0,1.8845843670367877,3.0002101226290154,3.4891668783484713
1.0000885195850162,0.0,0.0014200635899658171,0.0,-0.05673086509905115,0.0,1.8834328738565402,3.0002102714255656,3.493407093818445
1.0000885305006035,0.0,0.0014162513942081337,0.0,-0.056810865099051144,0.0,1.8822858166830663,3.000210420023383,3.497589273492405
1.000088538784226,0.0,0.001412454447966733,0.0,-0.05689086509905114,0.0,1.8811431740869788,3.00021056842087,3.5017141005506485
1.0000885444746588,0.0,0.0014086726719857118,0.0,-0.05697086509905114,0.0,1.8800049247528858,3.0002107166164578,3.5057822492521833
1.0000885476101584,0.0,0.0014049059874828664,0.0,-0.057050865099051135,0.0,1.8788710474788564,3.000210864608611,3.5097943852607205
1.0000885482284816,0.0,0.0014011543161467847,0.0,-0.05713086509905113,0.0,1.877741521175946,3.0002110123958254,3.513751165642106
1.0000885463668823,0.0,0.0013974175801345237,0.0,-0.05721086509905113,0.0,1.8766163248677705,3.0002111599766272,3.5176532391563162
1.0000885420621213,0.0,0.0013936957020688453,0.0,-0.057290865099051125,0.0,1.875495437689999,3.000211307349572,3.5215012460771615
1.000088535350477,0.0,0.0013899886050355705,0.0,-0.05737086509905112,0.0,1.874378838889873,3.0002114545132463,3.5252958186551746
1.0000885262677457,0.0,0.001386296212581193,0.0,-0.05745086509905112,0.0,1.873266507825699,3.000211601466265,3.5290375810977843
1.000088514849253,0.0,0.0013826184487099838,0.0,-0.057530865099051115,0.0,1.872158423966321,3.0002117482072723,3.532727149582695
1.0000885011298555,0.0,0.0013789552378816628,0.0,-0.05761086509905111,0.0,1.8710545668907723,3.0002118947349405,3.5363651325915364
1.0000884851439535,0.0,0.001375306505008579,0.0,-0.05769086509905111,0.0,1.8699549162875997,3.00021204104797,3.539952130822913
1.000088466925489,0.0,0.0013716721754532426,0.0,-0.057770865099051105,0.0,1.8688594519545845,3.000212187145089,3.5434887374055273
1.00008844650796,0.0,0.0013680521750257092,0.0,-0.0578508650990511,0.0,1.8677681537979878,3.0002123330250545,3.5469755380025236
1.000088423924419,0.0,0.001364446429981028,0.0,-0.0579308650990511,0.0,1.8666810018322573,3.0002124786866466,3.550413110926381
1.0000883992074863,0.0,0.0013608548670165103,0.0,-0.058010865099051095,0.0,1.865597976179457,3.000212624128676,3.5538020271487856
1.0000883723893508,0.0,0.001357277413269256,0.0,-0.05809086509905109,0.0,1.864519057068863,3.0002127693499774,3.557142850615198
1.000088343501774,0.0,0.0013537139963138002,0.0,-0.05817086509905109,0.0,1.8634442248361414,3.0002129143494107,3.5604361381095675
1.000088312576106,0.0,0.0013501645441589885,0.0,-0.058250865099051086,0.0,1.8623734599233095,3.000213059125861,3.563682439519797
1.0000882796432768,0.0,0.0013466289852460303,0.0,-0.05833086509905108,0.0,1.8613067428778813,3.0002132036782414,3.566882297808716
1.0000882447338113,0.0,0.001343107248445566,0.0,-0.05841086509905108,0.0,1.8602440543525034,3.000213348005485,3.5700362492766065
1.0000882078778348,0.0,0.0013395992630551678,0.0,-0.058490865099051076,0.0,1.859185375104413,3.0002134921065537,3.573144823524992
1.0000881691050727,0.0,0.0013361049587969358,0.0,-0.05857086509905107,0.0,1.858130685994998,3.0002136359804292,3.576208543544349
1.0000881284448622,0.0,0.0013326242658147913,0.0,-0.05865086509905107,0.0,1.8570799679892125,3.00021377962612,3.5792279259424724
1.0000880859261503,0.0,0.0013291571146721232,0.0,-0.058730865099051066,0.0,1.8560332021551498,3.000213923042656,3.582203480850711
1.0000880415775077,0.0,0.001325703436349076,0.0,-0.05881086509905106,0.0,1.854990369663349,3.000214066229089,3.5851357121836775
1.0000879954271251,0.0,0.0013222631622402292,0.0,-0.05889086509905106,0.0,1.853951451786603,3.0002142091844974,3.588025117596241
1.000087947502826,0.0,0.0013188362241519013,0.0,-0.058970865099051056,0.0,1.8529164298992062,3.000214351907976,3.5908721886675283
1.0000878978320662,0.0,0.0013154225542997941,0.0,-0.05905086509905105,0.0,1.8518852854764596,3.0002144943986466,3.5936774109603564
1.00008784644194,0.0,0.0013120220853064838,0.0,-0.05913086509905105,0.0,1.85085800009431,3.0002146366556497,3.5964412640359398
1.0000877933591863,0.0,0.0013086347501988834,0.0,-0.05921086509905105,0.0,1.8498345554287692,3.000214778678148,3.5991642216190933
1.0000877386101923,0.0,0.0013052604824057928,0.0,-0.05929086509905104,0.0,1.8488149332552735,3.000214920465325,3.6018467516176327
1.0000876822209985,0.0,0.0013018992157554706,0.0,-0.05937086509905104,0.0,1.8477991154484104,3.000215062016384,3.6044893163462532
1.0000876242173038,0.0,0.0012985508844730834,0.0,-0.05945086509905104,0.0,1.846787083981317,3.000215203330551,3.6070923723231405
1.000087564624469,0.0,0.0012952154231784167,0.0,-0.059530865099051034,0.0,1.8457788209250612,3.000215344407068,3.6096563706870097
1.0000875034675198,0.0,0.0012918927668833346,0.0,-0.05961086509905103,0.0,1.8447743084483903,3.000215485245202,3.6121817569827273
1.0000874407711577,0.0,0.0012885828509892662,0.0,-0.05969086509905103,0.0,1.8437735288168897,3.0002156258442345,3.614668971434376
1.0000873765597547,0.0,0.0012852856112850865,0.0,-0.059770865099051024,0.0,1.8427764643928186,3.000215766203468,3.617118448888974
1.0000873108573656,0.0,0.0012820009839443613,0.0,-0.05985086509905102,0.0,1.8417830976343879,3.000215906322226,3.619530619006297
1.0000872436877306,0.0,0.0012787289055231925,0.0,-0.05993086509905102,0.0,1.840793411095201,3.0002160461998466,3.6219059062293333
1.0000871750742737,0.0,0.0012754693129576756,0.0,-0.060010865099051014,0.0,1.8398073874241772,3.000216185835689,3.6242447298553677
1.0000871050401168,0.0,0.0012722221435616302,0.0,-0.06009086509905101,0.0,1.8388250093645155,3.00021632522913,3.6265475042735127
1.0000870336080745,0.0,0.00126898733502422,0.0,-0.06017086509905101,0.0,1.8378462597534195,3.0002164643795632,3.6288146386928344
1.0000869608006624,0.0,0.001265764825407604,0.0,-0.060250865099051004,0.0,1.836871121521671,3.0002166032864013,3.6310465376722765
1.0000868866401025,0.0,0.001262554553144459,0.0,-0.060330865099051,0.0,1.8358995776932292,3.0002167419490733,3.6332436006994278
1.0000868111483245,0.0,0.0012593564570358333,0.0,-0.060410865099051,0.0,1.834931611384199,3.0002168803670246,3.635406222608764
1.0000867343469673,0.0,0.0012561704762487653,0.0,-0.060490865099050994,0.0,1.8339672058030123,3.000217018539719,3.6375347935222924
1.00008665625739,0.0,0.0012529965503138858,0.0,-0.06057086509905099,0.0,1.8330063442495697,3.000217156466634,3.639629698897993
1.0000865769006702,0.0,0.0012498346191231698,0.0,-0.06065086509905099,0.0,1.8320490101147333,3.0002172941472676,3.641691319581211
1.000086496297606,0.0,0.001246684622927775,0.0,-0.060730865099050985,0.0,1.8310951868799963,3.000217431581131,3.6437200320286216
1.000086414468729,0.0,0.001243546502335435,0.0,-0.06081086509905098,0.0,1.8301448581168271,3.0002175687677504,3.6457162080129404
1.0000863314342952,0.0,0.0012404201983086261,0.0,-0.06089086509905098,0.0,1.8291980074862757,3.0002177057066697,3.6476802151103076
1.0000862472142962,0.0,0.0012373056521619746,0.0,-0.060970865099050975,0.0,1.8282546187385618,3.000217842397447,3.6496124164456445
1.000086161828466,0.0,0.0012342028055600846,0.0,-0.06105086509905097,0.0,1.827314675712337,3.0002179788396557,3.651513170866467
1.0000860752962724,0.0,0.001231111600515435,0.0,-0.06113086509905097,0.0,1.8263781623344681,3.0002181150328853,3.653382832979338
1.000085987636932,0.0,0.0012280319793859975,0.0,-0.061210865099050965,0.0,1.8254450626194658,3.000218250976737,3.6552217532761606
1.000085898869409,0.0,0.0012249638848731467,0.0,-0.06129086509905096,0.0,1.824515360668849,3.0002183866708294,3.6570302780748545
1.00008580901242,0.0,0.0012219072600193122,0.0,-0.06137086509905096,0.0,1.8235890406708963,3.000218522114793,3.658808749620143
1.0000857180844336,0.0,0.0012188620482059679,0.0,-0.061450865099050955,0.0,1.8226660869000932,3.000218657308275,3.660557506207262
1.0000856261036755,0.0,0.0012158281931514093,0.0,-0.06153086509905095,0.0,1.8217464837164903,3.0002187922509345,3.6622768820984666
1.0000855330881349,0.0,0.001212805638908436,0.0,-0.06161086509905095,0.0,1.8208302155654483,3.0002189269424435,3.6639672076566123
1.0000854390555642,0.0,0.0012097943298623715,0.0,-0.061690865099050946,0.0,1.81991726697711,3.000219061382489,3.6656288094312344
1.000085344023481,0.0,0.0012067942107288935,0.0,-0.06177086509905094,0.0,1.8190076225658107,3.000219195570771,3.667262010171088
1.0000852480091764,0.0,0.0012038052265517958,0.0,-0.06185086509905094,0.0,1.8181012670297847,3.000219329507002,3.6688671288714776
1.0000851510297104,0.0,0.0012008273227010907,0.0,-0.061930865099050936,0.0,1.8171981851504613,3.000219463190907,3.670444480683882
1.0000850531019223,0.0,0.0011978604448706243,0.0,-0.06201086509905093,0.0,1.8162983617922885,3.000219596622225,3.6719943771690287
1.00008495424243,0.0,0.0011949045390761807,0.0,-0.06209086509905093,0.0,1.8154017819020107,3.0002197298007056,3.6735171264173245
1.0000848544676304,0.0,0.001191959551653339,0.0,-0.062170865099050926,0.0,1.8145084305084014,3.0002198627261114,3.675013032764209
1.0000847537937099,0.0,0.001189025429255369,0.0,-0.06225086509905092,0.0,1.8136182927216087,3.000219995398218,3.676482397106475
1.0000846522366371,0.0,0.0011861021188513243,0.0,-0.06233086509905092,0.0,1.8127313537328016,3.0002201278168106,3.6779255168608618
1.000084549812175,0.0,0.001183189567723715,0.0,-0.062410865099050916,0.0,1.811847598813788,3.000220259981689,3.679342686070731
1.0000844465358771,0.0,0.0011802877234667777,0.0,-0.06249086509905091,0.0,1.8109670133164055,3.0002203918926624,3.6807341951776893
1.0000843424230936,0.0,0.0011773965339841896,0.0,-0.06257086509905091,0.0,1.8100895826721952,3.0002205235495527,3.6821003314654868
1.0000842374889733,0.0,0.0011745159474872652,0.0,-0.0626508650990509,0.0,1.8092152923917728,3.0002206549521904,3.683441378981211
1.0000841317484652,0.0,0.0011716459124928235,0.0,-0.0627308650990509,0.0,1.808344128064589,3.000220786100421,3.6847576182983257
1.0000840252163217,0.0,0.0011687863778213218,0.0,-0.0628108650990509,0.0,1.8074760753583536,3.0002209169940968,3.686049326861471
1.000083917907103,0.0,0.0011659372925946706,0.0,-0.0628908650990509,0.0,1.8066111200186517,3.0002210476330835,3.6873167790300325
1.0000838098351748,0.0,0.001163098606234541,0.0,-0.0629708650990509,0.0,1.8057492478683632,3.000221178017257,3.6885602458552302
1.0000837010147154,0.0,0.0011602702684602154,0.0,-0.06305086509905089,0.0,1.8048904448074425,3.000221308146502,3.6897799954762016
1.0000835914597195,0.0,0.0011574522292866142,0.0,-0.06313086509905089,0.0,1.8040346968122152,3.0002214380207137,3.690976292882898
1.0000834811839914,0.0,0.0011546444390226995,0.0,-0.06321086509905088,0.0,1.8031819899351853,3.0002215676398,3.692149399915605
1.000083370201159,0.0,0.0011518468482690479,0.0,-0.06329086509905088,0.0,1.8023323103045008,3.0002216970036755,3.6932995756218916
1.000083258524669,0.0,0.001149059407916367,0.0,-0.06337086509905088,0.0,1.8014856441234208,3.0002218261122646,3.694427076129012
1.0000831461677904,0.0,0.0011462820691434275,0.0,-0.06345086509905087,0.0,1.8006419776699638,3.0002219549655047,3.695532154444546
1.0000830331436197,0.0,0.001143514783415137,0.0,-0.06353086509905087,0.0,1.7998012972965827,3.0002220835633393,3.6966150608685515
1.0000829194650782,0.0,0.0011407575024808417,0.0,-0.06361086509905087,0.0,1.7989635894295053,3.0002222119057214,3.69767604275634
1.0000828051449173,0.0,0.0011380101783722686,0.0,-0.06369086509905086,0.0,1.798128840568578,3.0002223399926145,3.6987153448960264
1.0000826901957218,0.0,0.001135272763401843,0.0,-0.06377086509905086,0.0,1.7972970372864956,3.00022246782399,3.6997332090315758
1.0000825746299102,0.0,0.001132545210160682,0.0,-0.06385086509905086,0.0,1.7964681662287456,3.0002225953998303,3.7007298742373256
1.0000824584597379,0.0,0.001129827471516955,0.0,-0.06393086509905085,0.0,1.7956422141128618,3.000222722720122,3.70170557701814
1.0000823416972942,0.0,0.0011271195006139316,0.0,-0.06401086509905085,0.0,1.7948191677284806,3.000222849784866,3.7026605511060926
1.000082224354514,0.0,0.0011244212508682986,0.0,-0.06409086509905085,0.0,1.793999013936083,3.000222976594067,3.703595027635174
1.000082106443172,0.0,0.0011217326759682474,0.0,-0.06417086509905084,0.0,1.7931817396675669,3.0002231031477415,3.7045092351139237
1.0000819879748906,0.0,0.00111905372987167,0.0,-0.06425086509905084,0.0,1.792367331925141,3.0002232294459104,3.705403399541365
1.0000818689611315,0.0,0.0011163843668047094,0.0,-0.06433086509905084,0.0,1.7915557777811837,3.0002233554886075,3.7062777443220796
1.000081749413214,0.0,0.001113724541259506,0.0,-0.06441086509905083,0.0,1.7907470643777448,3.000223481275869,3.7071324904394674
1.000081629342301,0.0,0.0011110742079928947,0.0,-0.06449086509905083,0.0,1.7899411789261859,3.0002236068077424,3.707967856291523
1.0000815087594097,0.0,0.0011084333220243818,0.0,-0.06457086509905083,0.0,1.7891381087068947,3.0002237320842844,3.708784057876594
1.0000813876754127,0.0,0.0011058018386346123,0.0,-0.06465086509905082,0.0,1.7883378410686077,3.0002238571055546,3.709581308890464
1.0000812661010368,0.0,0.0011031797133634965,0.0,-0.06473086509905082,0.0,1.7875403634282485,3.000223981871625,3.7103598204196206
1.0000811440468675,0.0,0.0011005669020086961,0.0,-0.06481086509905082,0.0,1.7867456632703453,3.0002241063825688,3.7111198014161704
1.000081021523351,0.0,0.0010979633606237383,0.0,-0.06489086509905082,0.0,1.785953728146801,3.000224230638474,3.71186145839372
1.0000808985407939,0.0,0.0010953690455164525,0.0,-0.06497086509905081,0.0,1.7851645456763312,3.0002243546394296,3.7125849955750865
1.000080775109366,0.0,0.0010927839132472996,0.0,-0.06505086509905081,0.0,1.7843781035444144,3.0002244783855345,3.713290614906355
1.0000806512391014,0.0,0.0010902079206276914,0.0,-0.0651308650990508,0.0,1.7835943895023485,3.0002246018768925,3.713978516264191
1.000080526939903,0.0,0.0010876410247183757,0.0,-0.0652108650990508,0.0,1.7828133913672741,3.000224725113617,3.7146488970465
1.0000804022215406,0.0,0.0010850831828277399,0.0,-0.0652908650990508,0.0,1.7820350970217136,3.000224848095826,3.7153019524776
1.0000802770936534,0.0,0.001082534352510235,0.0,-0.0653708650990508,0.0,1.7812594944131717,3.000224970823645,3.7159378759223722
1.0000801515657567,0.0,0.0010799944915647686,0.0,-0.06545086509905079,0.0,1.780486571553628,3.0002250932972037,3.7165568583035555
1.000080025647234,0.0,0.001077463558033028,0.0,-0.06553086509905079,0.0,1.779716316519405,3.0002252155166422,3.7171590886343235
1.000079899347344,0.0,0.0010749415101981216,0.0,-0.06561086509905079,0.0,1.7789487174504965,3.000225337482103,3.717744753650444
1.0000797726752266,0.0,0.0010724283065825819,0.0,-0.06569086509905078,0.0,1.7781837625504497,3.000225459193737,3.7183140381637165
1.000079645639897,0.0,0.001069923905947187,0.0,-0.06577086509905078,0.0,1.7774214400858213,3.0002255806517,3.7188671249280376
1.0000795182502484,0.0,0.001067428267289287,0.0,-0.06585086509905078,0.0,1.776661738385805,3.000225701856155,3.719404194742866
1.00007939051506,0.0,0.001064941349841077,0.0,-0.06593086509905077,0.0,1.7759046458421552,3.0002258228072685,3.719925426250468
1.0000792624429877,0.0,0.0010624631130683267,0.0,-0.06601086509905077,0.0,1.775150150908395,3.000225943505215,3.7204309963214524
1.0000791340425774,0.0,0.0010599935166686744,0.0,-0.06609086509905077,0.0,1.774398242099594,3.000226063950174,3.7209210797564634
1.0000790053222561,0.0,0.001057532520570188,0.0,-0.06617086509905076,0.0,1.773648907992248,3.000226184142331,3.7213958495330086
1.0000788762903414,0.0,0.001055080084929794,0.0,-0.06625086509905076,0.0,1.77290213722355,3.0002263040818757,3.7218554766903282
1.0000787469550387,0.0,0.0010526361701318277,0.0,-0.06633086509905076,0.0,1.7721579184912999,3.0002264237690026,3.7223001303756953
1.000078617324442,0.0,0.0010502007367864967,0.0,-0.06641086509905075,0.0,1.7714162405533773,3.000226543203916,3.7227299779431693
1.000078487406537,0.0,0.001047773745728551,0.0,-0.06649086509905075,0.0,1.770677092227591,3.0002266623868197,3.723145184847288
1.0000783572092042,0.0,0.0010453551580156177,0.0,-0.06657086509905075,0.0,1.769940462390913,3.000226781317925,3.72354591492868
1.0000782267402168,0.0,0.0010429449349267815,0.0,-0.06665086509905074,0.0,1.7692063399797047,3.00022689999745,3.723932329888665
1.0000780960072426,0.0,0.001040543037961331,0.0,-0.06673086509905074,0.0,1.768474713988921,3.0002270184256146,3.7243045900413794
1.0000779650178475,0.0,0.001038149428837042,0.0,-0.06681086509905074,0.0,1.7677455734719578,3.0002271366026454,3.7246628536773265
1.0000778337794958,0.0,0.0010357640694889246,0.0,-0.06689086509905073,0.0,1.7670189075401144,3.000227254528773,3.725007277582216
1.00007770229955,0.0,0.0010333869220678013,0.0,-0.06697086509905073,0.0,1.7662947053627311,3.0002273722042334,3.725338016673307
1.0000775705852742,0.0,0.0010310179489387784,0.0,-0.06705086509905073,0.0,1.76557295616608,3.0002274896292676,3.7256552244145764
1.0000774386438334,0.0,0.0010286571126799987,0.0,-0.06713086509905072,0.0,1.764853649233733,3.0002276068041196,3.7259590523063193
1.0000773064822985,0.0,0.001026304376081151,0.0,-0.06721086509905072,0.0,1.7641367739058755,3.0002277237290382,3.7262496503164426
1.0000771741076406,0.0,0.0010239597021421429,0.0,-0.06729086509905072,0.0,1.7634223195789909,3.0002278404042775,3.7265271670356652
1.0000770415267402,0.0,0.001021623054071656,0.0,-0.06737086509905071,0.0,1.762710275705697,3.000227956830096,3.7267917489913436
1.000076908746381,0.0,0.0010192943952859294,0.0,-0.06745086509905071,0.0,1.762000631794148,3.0002280730067548,3.7270435414465037
1.0000767757732594,0.0,0.0010169736894071694,0.0,-0.06753086509905071,0.0,1.7612933774078838,3.0002281889345213,3.727282688393834
1.0000766426139758,0.0,0.0010146609002625044,0.0,-0.0676108650990507,0.0,1.7605885021656096,3.0002283046136657,3.727509331424531
1.000076509275044,0.0,0.0010123559918823986,0.0,-0.0676908650990507,0.0,1.7598859957405057,3.0002284200444618,3.727723611324349
1.0000763757628899,0.0,0.0010100589284994749,0.0,-0.0677708650990507,0.0,1.7591858478602926,3.000228535227188,3.7279256670635315
1.0000762420838483,0.0,0.0010077696745471717,0.0,-0.0678508650990507,0.0,1.7584880483066285,3.0002286501621263,3.728115636325305
1.0000761082441711,0.0,0.0010054881946583534,0.0,-0.06793086509905069,0.0,1.7577925869150597,3.000228764849564,3.7282936551489296
1.000075974250023,0.0,0.0010032144536641697,0.0,-0.06801086509905069,0.0,1.7570994535742763,3.0002288792897898,3.728459857946694
1.0000758401074856,0.0,0.0010009484165926094,0.0,-0.06809086509905068,0.0,1.7564086382262625,3.000228993483096,3.7286143781186607
1.000075705822557,0.0,0.0009986900486672536,0.0,-0.06817086509905068,0.0,1.755720130865896,3.000229107429783,3.7287573472652236
1.0000755714011522,0.0,0.0009964393153062232,0.0,-0.06825086509905068,0.0,1.75503392154015,3.000229221130148,3.728888895879719
1.0000754368491072,0.0,0.0009941961821205193,0.0,-0.06833086509905067,0.0,1.7543500003484969,3.0002293345844966,3.7290091528162925
1.000075302172175,0.0,0.0009919606149131515,0.0,-0.06841086509905067,0.0,1.7536683574420535,3.000229447793136,3.7291182456392367
1.0000751673760335,0.0,0.0009897325796776014,0.0,-0.06849086509905067,0.0,1.7529889830235732,3.0002295607563765,3.729216300473305
1.0000750324662775,0.0,0.0009875120425968784,0.0,-0.06857086509905067,0.0,1.7523118673471525,3.000229673474533,3.729303442319584
1.0000748974484304,0.0,0.0009852989700419557,0.0,-0.06865086509905066,0.0,1.7516370007174298,3.0002297859479214,3.7293797945643155
1.0000747623279338,0.0,0.0009830933285709096,0.0,-0.06873086509905066,0.0,1.750964373490086,3.000229898176863,3.7294454794986076
1.0000746271101588,0.0,0.000980895084927364,0.0,-0.06881086509905066,0.0,1.7502939760709508,3.000230010161683,3.7295006180957944
1.0000744918004005,0.0,0.0009787042060395836,0.0,-0.06889086509905065,0.0,1.749625798915836,3.0002301219027045,3.729545329812784
1.0000743564038794,0.0,0.0009765206590190418,0.0,-0.06897086509905065,0.0,1.7489598325304336,3.0002302334002593,3.7295797331831464
1.0000742209257454,0.0,0.0009743444111594907,0.0,-0.06905086509905065,0.0,1.7482960674698147,3.0002303446546805,3.729603945136312
1.0000740853710766,0.0,0.0009721754299355392,0.0,-0.06913086509905064,0.0,1.7476344943380997,3.0002304556663013,3.7296180815880224
1.0000739497448803,0.0,0.0009700136830015809,0.0,-0.06921086509905064,0.0,1.7469751037883205,3.000230566435461,3.7296222571987414
1.0000738140520942,0.0,0.0009678591381907312,0.0,-0.06929086509905064,0.0,1.7463178865221582,3.0002306769625005,3.7296165854168346
1.0000736782975868,0.0,0.000965711763513515,0.0,-0.06937086509905063,0.0,1.7456628332895787,3.000230787247763,3.729601178346113
1.000073542486158,0.0,0.0009635715271567645,0.0,-0.06945086509905063,0.0,1.7450099348884283,3.0002308972915963,3.729576147002695
1.0000734066225432,0.0,0.0009614383974826946,0.0,-0.06953086509905063,0.0,1.744359182164253,3.000231007094348,3.729541601383591
1.000073270711409,0.0,0.0009593123430273902,0.0,-0.06961086509905062,0.0,1.7437105660100949,3.00023111665637,3.7294976500386245
1.0000731347573582,0.0,0.0009571933324999957,0.0,-0.06969086509905062,0.0,1.7430640773661015,3.000231225978016,3.72944440065587
1.0000729987649273,0.0,0.0009550813347814856,0.0,-0.06977086509905062,0.0,1.7424197072194243,3.0002313350596426,3.7293819594952367
1.0000728627385913,0.0,0.0009529763189235374,0.0,-0.06985086509905061,0.0,1.7417774466037164,3.0002314439016087,3.7293104318725083
1.0000727266827587,0.0,0.0009508782541475652,0.0,-0.06993086509905061,0.0,1.7411372865988601,3.0002315525042755,3.72922992207519
1.0000725906017807,0.0,0.0009487871098434368,0.0,-0.0700108650990506,0.0,1.7404992183308412,3.000231660868006,3.7291405330638407
1.0000724544999424,0.0,0.0009467028555685655,0.0,-0.0700908650990506,0.0,1.7398632329714419,3.0002317689931663,3.729042366928258
1.0000723183814701,0.0,0.000944625461046771,0.0,-0.0701708650990506,0.0,1.7392293217379586,3.000231876880125,3.728935524586396
1.000072182250531,0.0,0.0009425548961671796,0.0,-0.0702508650990506,0.0,1.7385974758929124,3.0002319845292518,3.728820105866523
1.000072046111233,0.0,0.0009404911309831415,0.0,-0.0703308650990506,0.0,1.73796768674371,3.000232091940918,3.728696209610364
1.0000719099676227,0.0,0.0009384341357113329,0.0,-0.07041086509905059,0.0,1.7373399456425793,3.000232199115499,3.728563933547762
1.0000717738236926,0.0,0.0009363838807306056,0.0,-0.07049086509905059,0.0,1.7367142439860734,3.0002323060533707,3.7284233744677593
1.0000716376833767,0.0,0.0009343403365809027,0.0,-0.07057086509905058,0.0,1.7360905732151,3.0002324127549134,3.728274628185954
1.0000715015505532,0.0,0.0009323034739623107,0.0,-0.07065086509905058,0.0,1.735468924814182,3.000232519220504,3.7281177893967556
1.000071365429043,0.0,0.0009302732637340646,0.0,-0.07073086509905058,0.0,1.734849290311831,3.000232625450527,3.7279529517895464
1.000071229322616,0.0,0.0009282496769133862,0.0,-0.07081086509905057,0.0,1.7342316612796296,3.000232731445366,3.7277802083124545
1.000071093234984,0.0,0.0009262326846745895,0.0,-0.07089086509905057,0.0,1.733616029332565,3.0002328372054063,3.727599650651202
1.0000709571698059,0.0,0.0009242222583482182,0.0,-0.07097086509905057,0.0,1.7330023861285366,3.000232942731036,3.727411369545673
1.0000708211306892,0.0,0.0009222183694196743,0.0,-0.07105086509905056,0.0,1.7323907233678206,3.0002330480226447,3.7272154551310774
1.0000706851211907,0.0,0.0009202209895286104,0.0,-0.07113086509905056,0.0,1.731781032793184,3.0002331530806226,3.727011996224101
1.0000705491448099,0.0,0.000918230090467744,0.0,-0.07121086509905056,0.0,1.731173306189757,3.000233257905364,3.726801080863292
1.0000704132050007,0.0,0.000916245644181956,0.0,-0.07129086509905055,0.0,1.7305675353842147,3.0002333624972626,3.7265827962232168
1.0000702773051657,0.0,0.0009142676227672729,0.0,-0.07137086509905055,0.0,1.7299637122451248,3.000233466856714,3.7263572284667834
1.000070141448657,0.0,0.0009122959984699133,0.0,-0.07145086509905055,0.0,1.729361828682361,3.000233570984116,3.7261244629647354
1.0000700056387783,0.0,0.0009103307436854928,0.0,-0.07153086509905054,0.0,1.7287618766468724,3.0002336748798673,3.725884584134853
1.0000698698787824,0.0,0.0009083718309578451,0.0,-0.07161086509905054,0.0,1.7281638481308195,3.0002337785443696,3.7256376753852316
1.0000697341718798,0.0,0.0009064192329781788,0.0,-0.07169086509905054,0.0,1.7275677351664707,3.0002338819780223,3.7253838196035756
1.0000695985212276,0.0,0.0009044729225842091,0.0,-0.07177086509905053,0.0,1.7269735298273001,3.000233985181232,3.725123098453881
1.0000694629299403,0.0,0.0009025328727591627,0.0,-0.07185086509905053,0.0,1.7263812242264214,3.000234088154401,3.7248555931048895
1.000069327401086,0.0,0.0009005990566308121,0.0,-0.07193086509905053,0.0,1.7257908105169613,3.000234190897937,3.7245813835294403
1.0000691919376852,0.0,0.0008986714474707194,0.0,-0.07201086509905053,0.0,1.7252022808919645,3.000234293412245,3.7243005490375003
1.0000690565427153,0.0,0.0008967500186932132,0.0,-0.07209086509905052,0.0,1.7246156275838902,3.0002343956977358,3.7240131682105777
1.0000689212191092,0.0,0.0008948347438544589,0.0,-0.07217086509905052,0.0,1.7240308428644284,3.0002344977548194,3.7237193187469937
1.000068785969756,0.0,0.000892925596651606,0.0,-0.07225086509905052,0.0,1.7234479190443766,3.000234599583906,3.7234190774012945
1.0000686507974996,0.0,0.0008910225509220308,0.0,-0.07233086509905051,0.0,1.7228668484733685,3.0002347011854065,3.7231125204081246
1.0000685157051448,0.0,0.00088912558064219,0.0,-0.07241086509905051,0.0,1.7222876235394369,3.000234802559736,3.722799722910694
1.0000683806954527,0.0,0.0008872346599269828,0.0,-0.0724908650990505,0.0,1.7217102366691543,3.0002349037073075,3.72248075954779
1.0000682457711392,0.0,0.0008853497630287612,0.0,-0.0725708650990505,0.0,1.7211346803272412,3.0002350046285406,3.7221557038852597
1.0000681109348843,0.0,0.0008834708643365416,0.0,-0.0726508650990505,0.0,1.7205609470161223,3.000235105323847,3.721824629115642
1.0000679761893274,0.0,0.0008815979383749417,0.0,-0.0727308650990505,0.0,1.7199890292762166,3.0002352057936457,3.7214876075203094
1.0000678415370632,0.0,0.0008797309598036906,0.0,-0.07281086509905049,0.0,1.719418919685056,3.000235306038356,3.721144710188259
1.00006770698065,0.0,0.0008778699034164982,0.0,-0.07289086509905049,0.0,1.7188506108576747,3.000235406058397,3.720796008322386
1.000067572522604,0.0,0.0008760147441403645,0.0,-0.07297086509905049,0.0,1.7182840954462615,3.00023550585419,3.7204415717121675
1.0000674381654089,0.0,0.0008741654570345259,0.0,-0.07305086509905048,0.0,1.7177193661394716,3.000235605426155,3.7200814699612494
1.0000673039115047,0.0,0.0008723220172899235,0.0,-0.07313086509905048,0.0,1.7171564156627135,3.000235704774716,3.71971577120409
1.0000671697632957,0.0,0.0008704844002282471,0.0,-0.07321086509905048,0.0,1.7165952367778916,3.000235803900294,3.7193445436147994
1.0000670357231478,0.0,0.0008686525813010813,0.0,-0.07329086509905047,0.0,1.716035822283056,3.000235902803313,3.7189678544435325
1.0000669017933925,0.0,0.0008668265360890975,0.0,-0.07337086509905047,0.0,1.7154781650121154,3.0002360014842,3.7185857700545593
1.0000667679763227,0.0,0.0008650062403013455,0.0,-0.07345086509905047,0.0,1.7149222578349514,3.0002360999433786,3.7181983561555723
1.0000666342741973,0.0,0.000863191669774369,0.0,-0.07353086509905046,0.0,1.714368093656562,3.000236198181276,3.7178056782546074
1.0000665006892369,0.0,0.0008613828004714563,0.0,-0.07361086509905046,0.0,1.7138156654179906,3.000236296198318,3.717407800566454
1.0000663672236327,0.0,0.0008595796084818004,0.0,-0.07369086509905046,0.0,1.7132649660948327,3.000236393994932,3.717004786923278
1.0000662338795343,0.0,0.000857782070019767,0.0,-0.07377086509905045,0.0,1.7127159886978385,3.000236491571548,3.7165967005987244
1.0000661006590637,0.0,0.0008559901614241187,0.0,-0.07385086509905045,0.0,1.7121687262724294,3.0002365889285936,3.716183603995289
1.0000659675643044,0.0,0.0008542038591571899,0.0,-0.07393086509905045,0.0,1.7116231718988055,3.000236686066498,3.7157655591156855
1.0000658345973097,0.0,0.0008524231398042285,0.0,-0.07401086509905044,0.0,1.71107931869111,3.000236782985692,3.7153426271582344
1.0000657017600991,0.0,0.0008506479800724527,0.0,-0.07409086509905044,0.0,1.7105371597980383,3.0002368796866064,3.7149148686189704
1.000065569054657,0.0,0.0008488783567905862,0.0,-0.07417086509905044,0.0,1.709996688402037,3.0002369761696728,3.714482343653159
1.000065436482941,0.0,0.0008471142469077569,0.0,-0.07425086509905043,0.0,1.7094578977190409,3.000237072435321,3.714045111666882
1.0000653040468745,0.0,0.000845355627492921,0.0,-0.07433086509905043,0.0,1.7089207809990157,3.000237168483986,3.713603231215048
1.0000651717483489,0.0,0.0008436024757343093,0.0,-0.07441086509905043,0.0,1.7083853315250754,3.000237264316098,3.7131567608196514
1.0000650395892259,0.0,0.0008418547689383907,0.0,-0.07449086509905042,0.0,1.7078515426133285,3.000237359932092,3.712705757895544
1.0000649075713377,0.0,0.0008401124845292108,0.0,-0.07457086509905042,0.0,1.707319407613112,3.0002374553323996,3.7122502794578063
1.0000647756964818,0.0,0.0008383756000478799,0.0,-0.07465086509905042,0.0,1.7067889199064978,3.0002375505174568,3.7117903818124027
1.0000646439664322,0.0,0.0008366440931515711,0.0,-0.07473086509905041,0.0,1.7062600729079254,3.000237645487697,3.7113261208889203
1.0000645123829297,0.0,0.0008349179416129308,0.0,-0.07481086509905041,0.0,1.7057328600647603,3.000237740243555,3.7108575520565052
1.0000643809476883,0.0,0.000833197123319481,0.0,-0.07489086509905041,0.0,1.7052072748559162,3.000237834785466,3.7103847299492307
1.0000642496623902,0.0,0.0008314816162726808,0.0,-0.0749708650990504,0.0,1.70468331079294,3.0002379291138657,3.7099077087799897
1.000064118528695,0.0,0.0008297713985874251,0.0,-0.0750508650990504,0.0,1.7041609614189324,3.000238023229189,3.7094265420807404
1.0000639875482262,0.0,0.0008280664484913167,0.0,-0.0751308650990504,0.0,1.703640220308721,3.0002381171318744,3.708941282881671
1.0000638567225886,0.0,0.0008263667443237501,0.0,-0.0752108650990504,0.0,1.7031210810685342,3.0002382108223555,3.7084519838425676
1.0000637260533554,0.0,0.0008246722645356428,0.0,-0.07529086509905039,0.0,1.7026035373359116,3.000238304301069,3.7079586968804703
1.0000635955420711,0.0,0.0008229829876884218,0.0,-0.07537086509905039,0.0,1.702087582779918,3.000238397568453,3.7074614734200386
1.0000634651902558,0.0,0.0008212988924534133,0.0,-0.07545086509905038,0.0,1.7015732111001884,3.0002384906249446,3.7069603643244786
1.0000633349994061,0.0,0.0008196199576112916,0.0,-0.07553086509905038,0.0,1.7010604160269405,3.0002385834709804,3.7064554203960727
1.000063204970988,0.0,0.0008179461620512748,0.0,-0.07561086509905038,0.0,1.7005491913216972,3.000238676106998,3.705946691036572
1.000063075106447,0.0,0.0008162774847705217,0.0,-0.07569086509905038,0.0,1.7000395307755891,3.0002387685334337,3.705434226007297
1.0000629454071959,0.0,0.0008146139048735546,0.0,-0.07577086509905037,0.0,1.699531428210632,3.0002388607507284,3.7049180741096124
1.0000628158746314,0.0,0.0008129554015714149,0.0,-0.07585086509905037,0.0,1.6990248774785603,3.0002389527593163,3.704398283568761
1.0000626865101205,0.0,0.0008113019541812008,0.0,-0.07593086509905037,0.0,1.6985198724610993,3.0002390445596374,3.703874902559405
1.000062557315005,0.0,0.0008096535421253431,0.0,-0.07601086509905036,0.0,1.6980164070699186,3.0002391361521306,3.703347978337636
1.0000624282906074,0.0,0.0008080101449309433,0.0,-0.07609086509905036,0.0,1.6975144752459927,3.0002392275372314,3.7028175579172955
1.000062299438222,0.0,0.0008063717422292261,0.0,-0.07617086509905036,0.0,1.6970140709597272,3.0002393187153795,3.7022836879465157
1.000062170759121,0.0,0.0008047383137548249,0.0,-0.07625086509905035,0.0,1.6965151882108411,3.000239409687014,3.7017464140525753
1.0000620422545563,0.0,0.0008031098393451024,0.0,-0.07633086509905035,0.0,1.6960178210281223,3.000239500452572,3.7012057821218964
1.0000619139257532,0.0,0.0008014862989397372,0.0,-0.07641086509905035,0.0,1.6955219634692829,3.0002395910124924,3.700661836946109
1.0000617857739167,0.0,0.000799867672579945,0.0,-0.07649086509905034,0.0,1.6950276096206651,3.0002396813672125,3.7001146234794664
1.0000616578002295,0.0,0.0007982539404078449,0.0,-0.07657086509905034,0.0,1.6945347535972224,3.0002397715171716,3.6995641855263783
1.0000615300058506,0.0,0.0007966450826660029,0.0,-0.07665086509905034,0.0,1.6940433895424114,3.000239861462807,3.69901056704679
1.0000614023919192,0.0,0.0007950410796966557,0.0,-0.07673086509905033,0.0,1.693553511627856,3.0002399512045583,3.698453811449775
1.0000612749595517,0.0,0.0007934419119411971,0.0,-0.07681086509905033,0.0,1.69306511405331,3.0002400407428627,3.697893961197361
1.0000611477098462,0.0,0.0007918475599395611,0.0,-0.07689086509905033,0.0,1.6925781910464426,3.0002401300781583,3.69733105885017
1.0000610206438765,0.0,0.0007902580043297549,0.0,-0.07697086509905032,0.0,1.6920927368626824,3.0002402192108835,3.696765146382708
1.0000608937626965,0.0,0.0007886732258469863,0.0,-0.07705086509905032,0.0,1.6916087457851792,3.000240308141476,3.6961962656772176
1.0000607670673427,0.0,0.0007870932053233449,0.0,-0.07713086509905032,0.0,1.6911262121243285,3.0002403968703737,3.695624457202977
1.000060640558829,0.0,0.0007855179236871171,0.0,-0.07721086509905031,0.0,1.690645130217973,3.000240485398013,3.6950497624579155
1.0000605142381471,0.0,0.0007839473619622353,0.0,-0.07729086509905031,0.0,1.6901654944312519,3.0002405737248345,3.6944722210909595
1.000060388106275,0.0,0.0007823815012676091,0.0,-0.0773708650990503,0.0,1.6896872991560306,3.0002406618512727,3.6938918733058337
1.0000602621641665,0.0,0.0007808203228167774,0.0,-0.0774508650990503,0.0,1.6892105388112981,3.0002407497777663,3.6933087587269893
1.0000601364127601,0.0,0.0007792638079170067,0.0,-0.0775308650990503,0.0,1.6887352078424456,3.000240837504751,3.6927229162083313
1.00006001085297,0.0,0.0007777119379691916,0.0,-0.0776108650990503,0.0,1.6882613007216334,3.0002409250326663,3.692134384460199
1.0000598854856995,0.0,0.0007761646944667723,0.0,-0.0776908650990503,0.0,1.6877888119472324,3.0002410123619456,3.691543202009581
1.0000597603118258,0.0,0.0007746220589956083,0.0,-0.07777086509905029,0.0,1.6873177360442462,3.0002410994930275,3.6909494067272037
1.0000596353322133,0.0,0.0007730840132332347,0.0,-0.07785086509905029,0.0,1.6868480675632236,3.000241186426347,3.6903530360828785
1.0000595105477068,0.0,0.0007715505389482833,0.0,-0.07793086509905028,0.0,1.6863798010809667,3.0002412731623416,3.68975412729426
1.000059385959132,0.0,0.0007700216180000726,0.0,-0.07801086509905028,0.0,1.6859129312003576,3.0002413597014455,3.6891527169446814
1.0000592615673,0.0,0.000768497232337982,0.0,-0.07809086509905028,0.0,1.6854474525495977,3.0002414460440954,3.6885488419934287
1.0000591373730021,0.0,0.000766977364000947,0.0,-0.07817086509905027,0.0,1.6849833597823023,3.0002415321907265,3.6879425378229014
1.0000590133770142,0.0,0.0007654619951169465,0.0,-0.07825086509905027,0.0,1.6845206475777967,3.000241618141772,3.687333840576115
1.000058889580094,0.0,0.0007639511079023915,0.0,-0.07833086509905027,0.0,1.6840593106404171,3.000241703897668,3.686722785611697
1.0000587659829843,0.0,0.000762444684661664,0.0,-0.07841086509905026,0.0,1.683599343699868,3.0002417894588502,3.686109407590046
1.0000586425864115,0.0,0.0007609427077865522,0.0,-0.07849086509905026,0.0,1.6831407415103785,3.0002418748257504,3.685493741394186
1.0000585193910831,0.0,0.0007594451597559608,0.0,-0.07857086509905026,0.0,1.6826834988514414,3.000241959998802,3.6848758212270707
1.0000583963976934,0.0,0.0007579520231350211,0.0,-0.07865086509905025,0.0,1.6822276105269915,3.0002420449784415,3.6842556809431266
1.0000582736069217,0.0,0.0007564632805748052,0.0,-0.07873086509905025,0.0,1.6817730713654164,3.0002421297650983,3.6836333540994373
1.000058151019428,0.0,0.0007549789148118659,0.0,-0.07881086509905025,0.0,1.681319876219782,3.0002422143592082,3.683008874269384
1.00005802863586,0.0,0.0007534989086675826,0.0,-0.07889086509905024,0.0,1.680868019967287,3.000242298761201,3.6823822742215793
1.0000579064568496,0.0,0.0007520232450477445,0.0,-0.07897086509905024,0.0,1.6804174975092232,3.000242382971511,3.6817535862164568
1.000057784483014,0.0,0.0007505519069420684,0.0,-0.07905086509905024,0.0,1.6799683037709403,3.0002424669905676,3.681122842825365
1.0000576627149553,0.0,0.0007490848774236315,0.0,-0.07913086509905023,0.0,1.679520433701508,3.000242550818804,3.6804900760608605
1.0000575411532586,0.0,0.0007476221396485595,0.0,-0.07921086509905023,0.0,1.6790738822743612,3.000242634456651,3.6798553174035282
1.000057419798501,0.0,0.0007461636768552324,0.0,-0.07929086509905023,0.0,1.6786286444853549,3.000242717904537,3.679218597920619
1.0000572986512384,0.0,0.0007447094723640835,0.0,-0.07937086509905023,0.0,1.6781847153548748,3.000242801162894,3.678579948874756
1.0000571777120157,0.0,0.0007432595095771051,0.0,-0.07945086509905022,0.0,1.6777420899264002,3.0002428842321507,3.677939400963721
1.0000570569813658,0.0,0.0007418137719771027,0.0,-0.07953086509905022,0.0,1.6773007632661987,3.000242967112736,3.677296984392868
1.0000569364598035,0.0,0.0007403722431275673,0.0,-0.07961086509905022,0.0,1.6768607304642897,3.0002430498050803,3.6766527292324396
1.0000568161478347,0.0,0.0007389349066719416,0.0,-0.07969086509905021,0.0,1.6764219866330536,3.0002431323096106,3.676006665296805
1.0000566960459505,0.0,0.0007375017463332683,0.0,-0.07977086509905021,0.0,1.6759845269079543,3.0002432146267544,3.6753588218836537
1.0000565761546263,0.0,0.000736072745913795,0.0,-0.0798508650990502,0.0,1.6755483464473377,3.0002432967569392,3.6747092285512104
1.0000564564743242,0.0,0.0007346478892944193,0.0,-0.0799308650990502,0.0,1.6751134404319636,3.0002433787005947,3.6740579134567986
1.0000563370055044,0.0,0.0007332271604340375,0.0,-0.0800108650990502,0.0,1.6746798040646487,3.000243460458142,3.673404905698108
1.0000562177485968,0.0,0.0007318105433696741,0.0,-0.0800908650990502,0.0,1.6742474325714751,3.0002435420300126,3.672750233576807
1.0000560987040332,0.0,0.0007303980222153518,0.0,-0.08017086509905019,0.0,1.6738163211997825,3.0002436234166274,3.6720939248763735
1.000055979872226,0.0,0.0007289895811620267,0.0,-0.08025086509905019,0.0,1.6733864652196793,3.000243704618416,3.6714360074127765
1.000055861253577,0.0,0.000727585204477137,0.0,-0.08033086509905019,0.0,1.6729578599228554,3.0002437856357993,3.670776508276311
1.0000557428484769,0.0,0.0007261848765040672,0.0,-0.08041086509905018,0.0,1.6725305006231268,3.0002438664692015,3.670115455192756
1.000055624657305,0.0,0.0007247885816616199,0.0,-0.08049086509905018,0.0,1.672104382655581,3.000243947119048,3.6694528747739907
1.0000555066804253,0.0,0.0007233963044438366,0.0,-0.08057086509905018,0.0,1.6716795013775758,3.0002440275857607,3.6687887936266566
1.000055388918197,0.0,0.0007220080294192643,0.0,-0.08065086509905017,0.0,1.6712558521671683,3.00024410786976,3.6681232380402804
1.000055271370958,0.0,0.0007206237412308403,0.0,-0.08073086509905017,0.0,1.670833430424792,3.0002441879714734,3.667456234218497
1.0000551540390457,0.0,0.0007192434245952161,0.0,-0.08081086509905017,0.0,1.6704122315710903,3.0002442678913157,3.666787807927949
1.0000550369227803,0.0,0.0007178670643023633,0.0,-0.08089086509905016,0.0,1.6699922510484353,3.0002443476297107,3.666117984668049
1.00005492002247,0.0,0.0007164946452153678,0.0,-0.08097086509905016,0.0,1.6695734843202534,3.00024442718708,3.6654467898024117
1.0000548033384165,0.0,0.000715126152269654,0.0,-0.08105086509905016,0.0,1.6691559268707183,3.0002445065638415,3.6647742483167236
1.0000546868709093,0.0,0.0007137615704729095,0.0,-0.08113086509905015,0.0,1.6687395742047544,3.0002445857604134,3.66410038494631
1.000054570620225,0.0,0.0007124008849044798,0.0,-0.08121086509905015,0.0,1.668324421848046,3.000244664777216,3.6634252244501218
1.0000544545866334,0.0,0.0007110440807149719,0.0,-0.08129086509905015,0.0,1.6679104653467955,3.0002447436146666,3.6627487906917953
1.0000543387703906,0.0,0.0007096911431259462,0.0,-0.08137086509905014,0.0,1.6674977002678744,3.0002448222731823,3.662071108462596
1.000054223171745,0.0,0.0007083420574293971,0.0,-0.08145086509905014,0.0,1.667086122198147,3.0002449007531817,3.6613922009253326
1.0000541077909366,0.0,0.000706996808987304,0.0,-0.08153086509905014,0.0,1.6666757267449739,3.000244979055078,3.6607120916946627
1.0000539926281904,0.0,0.00070565538323152,0.0,-0.08161086509905013,0.0,1.6662665095358722,3.0002450571792894,3.660030804265933
1.000053877683725,0.0,0.0007043177656630674,0.0,-0.08169086509905013,0.0,1.6658584662181706,3.0002451351262294,3.6593483618325604
1.0000537629577513,0.0,0.0007029839418518139,0.0,-0.08177086509905013,0.0,1.665451592459284,3.000245212896312,3.6586647872307814
1.000053648450467,0.0,0.0007016538974361664,0.0,-0.08185086509905012,0.0,1.6650458839462192,3.000245290489952,3.6579801026629917
1.0000535341620618,0.0,0.0007003276181226332,0.0,-0.08193086509905012,0.0,1.6646413363859738,3.0002453679075622,3.6572943310949784
1.0000534200927151,0.0,0.0006990050896854862,0.0,-0.08201086509905012,0.0,1.6642379455052134,3.000245445149556,3.656607494121068
1.0000533062426027,0.0,0.0006976862979661658,0.0,-0.08209086509905011,0.0,1.6638357070492666,3.0002455222163436,3.6559196143284582
1.0000531926118843,0.0,0.0006963712288732516,0.0,-0.08217086509905011,0.0,1.6634346167838403,3.0002455991083368,3.655230712871475
1.0000530792007143,0.0,0.0006950598683817836,0.0,-0.08225086509905011,0.0,1.6630346704933916,3.000245675825947,3.6545408116932605
1.0000529660092359,0.0,0.0006937522025330308,0.0,-0.0823308650990501,0.0,1.6626358639818926,3.000245752369584,3.653849931608007
1.0000528530375898,0.0,0.0006924482174340237,0.0,-0.0824108650990501,0.0,1.6622381930716315,3.0002458287396556,3.6531580941433592
1.0000527402859012,0.0,0.0006911478992572975,0.0,-0.0824908650990501,0.0,1.6618416536049414,3.0002459049365724,3.6524653200090977
1.0000526277542894,0.0,0.0006898512342404506,0.0,-0.0825708650990501,0.0,1.6614462414421942,3.000245980960742,3.6517716296688625
1.000052515442868,0.0,0.0006885582086857294,0.0,-0.08265086509905009,0.0,1.6610519524626925,3.0002460568125713,3.6510770440305955
1.0000524033517384,0.0,0.0006872688089598395,0.0,-0.08273086509905009,0.0,1.660658782564637,3.000246132492467,3.650381582578242
1.000052291480998,0.0,0.0006859830214933433,0.0,-0.08281086509905008,0.0,1.6602667276646825,3.0002462080008345,3.6496852660056978
1.0000521798307307,0.0,0.0006847008327805152,0.0,-0.08289086509905008,0.0,1.6598757836978717,3.0002462833380816,3.648988113508185
1.000052068401019,0.0,0.0006834222293787872,0.0,-0.08297086509905008,0.0,1.659485946617351,3.00024635850461,3.648290145520249
1.0000519571919326,0.0,0.0006821471979086627,0.0,-0.08305086509905008,0.0,1.6590972123953647,3.0002464335008265,3.6475913807871216
1.0000518462035382,0.0,0.0006808757250530089,0.0,-0.08313086509905007,0.0,1.658709577021243,3.0002465083271317,3.646891838901601
1.0000517354358918,0.0,0.0006796077975569653,0.0,-0.08321086509905007,0.0,1.6583230365031554,3.0002465829839298,3.6461915387765886
1.000051624889041,0.0,0.0006783434022275869,0.0,-0.08329086509905007,0.0,1.6579375868670387,3.000246657471623,3.645490499104373
1.000051514563029,0.0,0.0006770825259334073,0.0,-0.08337086509905006,0.0,1.6575532241566946,3.000246731790611,3.6447887387454285
1.000051404457891,0.0,0.0006758251556040546,0.0,-0.08345086509905006,0.0,1.6571699444334722,3.0002468059412957,3.6440862760212833
1.0000512945736528,0.0,0.0006745712782300988,0.0,-0.08353086509905006,0.0,1.6567877437768481,3.0002468799240773,3.6433831291558447
1.0000511849103375,0.0,0.0006733208808624062,0.0,-0.08361086509905005,0.0,1.6564066182834525,3.0002469537393535,3.6426793163716367
1.0000510754679572,0.0,0.000672073950612214,0.0,-0.08369086509905005,0.0,1.6560265640680043,3.000247027387524,3.64197485544864
1.0000509662465198,0.0,0.000670830474650346,0.0,-0.08377086509905005,0.0,1.6556475772617287,3.000247100868987,3.641269764446804
1.0000508572460267,0.0,0.0006695904402072527,0.0,-0.08385086509905004,0.0,1.655269654013962,3.0002471741841377,3.6405640600457443
1.0000507484664671,0.0,0.0006683538345725777,0.0,-0.08393086509905004,0.0,1.6548927904912145,3.000247247333374,3.6398577605533635
1.0000506399078333,0.0,0.0006671206450945124,0.0,-0.08401086509905004,0.0,1.6545169828764668,3.0002473203170905,3.6391508825426944
1.0000505315701027,0.0,0.0006658908591800503,0.0,-0.08409086509905003,0.0,1.6541422273702775,3.0002473931356834,3.6384434433419166
1.0000504234532528,0.0,0.0006646644642940825,0.0,-0.08417086509905003,0.0,1.6537685201899888,3.0002474657895446,3.637735459604126
1.0000503155572473,0.0,0.0006634414479595843,0.0,-0.08425086509905003,0.0,1.6533958575701264,3.000247538279071,3.637026948086774
1.0000502078820521,0.0,0.0006622217977568923,0.0,-0.08433086509905002,0.0,1.6530242357615905,3.000247610604651,3.6363179250532807
1.000050100427619,0.0,0.0006610055013235993,0.0,-0.08441086509905002,0.0,1.6526536510320535,3.000247682766682,3.6356084070002863
1.0000499931939033,0.0,0.000659792546354071,0.0,-0.08449086509905002,0.0,1.6522840996655193,3.00024775476555,3.634898410167867
1.000049886180844,0.0,0.0006585829205994727,0.0,-0.08457086509905001,0.0,1.6519155779633836,3.0002478266016483,3.634187950330803
1.000049779388381,0.0,0.0006573766118670948,0.0,-0.08465086509905001,0.0,1.6515480822423763,3.0002478982753664,3.6334770435156103
1.000049672816446,0.0,0.000656173608020107,0.0,-0.08473086509905,0.0,1.6511816088363065,3.0002479697870936,3.6327657050308955
1.000049566464968,0.0,0.0006549738969774101,0.0,-0.08481086509905,0.0,1.6508161540947106,3.0002480411372168,3.6320539510412444
1.000049460333865,0.0,0.0006537774667133052,0.0,-0.08489086509905,0.0,1.6504517143838855,3.0002481123261244,3.631341795929278
1.0000493544230549,0.0,0.0006525843052569711,0.0,-0.08497086509905,0.0,1.6500882860856174,3.000248183354204,3.630629255664752
1.0000492487324453,0.0,0.0006513944006924278,0.0,-0.08505086509905,0.0,1.6497258655981601,3.000248254221841,3.6299163448216887
1.0000491432619427,0.0,0.0006502077411580554,0.0,-0.08513086509904999,0.0,1.649364449335209,3.000248324929421,3.62920307886927
1.0000490380114475,0.0,0.0006490243148463887,0.0,-0.08521086509904999,0.0,1.6490040337266045,3.000248395477328,3.628489471828529
1.000048932980852,0.0,0.0006478441100038271,0.0,-0.08529086509904998,0.0,1.6486446152178036,3.0002484658659467,3.6277755384518926
1.0000488281700473,0.0,0.0006466671149302346,0.0,-0.08537086509904998,0.0,1.6482861902701436,3.000248536095659,3.6270612932877264
1.0000487235789166,0.0,0.0006454933179787565,0.0,-0.08545086509904998,0.0,1.6479287553602788,3.000248606166848,3.626346750617401
1.0000486192073375,0.0,0.0006443227075555383,0.0,-0.08553086509904997,0.0,1.6475723069802901,3.000248676079896,3.6256319244596775
1.0000485150551883,0.0,0.0006431552721192593,0.0,-0.08561086509904997,0.0,1.6472168416378008,3.000248745835182,3.6249168287096745
1.0000484111223336,0.0,0.0006419910001811982,0.0,-0.08569086509904997,0.0,1.6468623558561666,3.000248815433088,3.6242014773282074
1.0000483074086426,0.0,0.0006408298803044888,0.0,-0.08577086509904996,0.0,1.6465088461731483,3.000248884873991,3.623485884190491
1.0000482039139706,0.0,0.0006396719011042034,0.0,-0.08585086509904996,0.0,1.646156309142621,3.000248954158273,3.622770062364092
1.0000481006381778,0.0,0.0006385170512468833,0.0,-0.08593086509904996,0.0,1.6458047413327304,3.0002490232863073,3.62205402550722
1.0000479975811114,0.0,0.000637365319450376,0.0,-0.08601086509904995,0.0,1.6454541393272417,3.000249092258475,3.62133778695423
1.000047894742621,0.0,0.0006362166944833837,0.0,-0.08609086509904995,0.0,1.6451044997242115,3.0002491610751485,3.620621359949001
1.0000477921225435,0.0,0.0006350711651654494,0.0,-0.08617086509904995,0.0,1.644755819137601,3.000249229736708,3.6199047570385834
1.0000476897207213,0.0,0.0006339287203664195,0.0,-0.08625086509904994,0.0,1.6444080941948844,3.000249298243525,3.619187991490223
1.0000475875369856,0.0,0.0006327893490062929,0.0,-0.08633086509904994,0.0,1.644061321539309,3.0002493665959737,3.618471075604229
1.000047485571167,0.0,0.0006316530400550036,0.0,-0.08641086509904994,0.0,1.6437154978280917,3.0002494347944264,3.617754022417651
1.000047383823088,0.0,0.0006305197825320413,0.0,-0.08649086509904994,0.0,1.6433706197332405,3.000249502839257,3.6170368442852734
1.0000472822925712,0.0,0.0006293895655061806,0.0,-0.08657086509904993,0.0,1.6430266839412122,3.000249570730838,3.6163195530489634
1.0000471809794333,0.0,0.0006282623780953692,0.0,-0.08665086509904993,0.0,1.6426836871531287,3.0002496384695365,3.6156021617517795
1.0000470798834864,0.0,0.0006271382094662795,0.0,-0.08673086509904993,0.0,1.6423416260839592,3.000249706055726,3.61488468173707
1.0000469790045388,0.0,0.0006260170488341434,0.0,-0.08681086509904992,0.0,1.6420004974633793,3.000249773489776,3.614167125207432
1.0000468783423966,0.0,0.0006248988854624578,0.0,-0.08689086509904992,0.0,1.641660298034894,3.000249840772052,3.613449503871253
1.0000467778968616,0.0,0.0006237837086627722,0.0,-0.08697086509904992,0.0,1.6413210245562526,3.0002499079029232,3.6127318298486246
1.0000466776677286,0.0,0.0006226715077943482,0.0,-0.08705086509904991,0.0,1.6409826737994688,3.000249974882759,3.6120141141489155
1.0000465776547955,0.0,0.000621562272263974,0.0,-0.08713086509904991,0.0,1.6406452425499671,3.0002500417119204,3.611296368770812
1.00004647785785,0.0,0.000620455991525658,0.0,-0.0872108650990499,0.0,1.640308727607821,3.0002501083907775,3.6105786045451467
1.000046378276679,0.0,0.0006193526550804769,0.0,-0.0872908650990499,0.0,1.6399731257860335,3.0002501749196915,3.609860832952858
1.0000462789110651,0.0,0.0006182522524761828,0.0,-0.0873708650990499,0.0,1.6396384339122725,3.000250241299028,3.609143065005063
1.0000461797607905,0.0,0.0006171547733070157,0.0,-0.0874508650990499,0.0,1.639304648827181,3.0002503075291496,3.608425311768119
1.0000460808256262,0.0,0.0006160602072135653,0.0,-0.08753086509904989,0.0,1.638971767385635,3.0002503736104207,3.6077075837637733
1.0000459821053516,0.0,0.0006149685438822346,0.0,-0.08761086509904989,0.0,1.6386397864552924,3.0002504395431977,3.6069898924315953
1.000045883599733,0.0,0.0006138797730453219,0.0,-0.08769086509904989,0.0,1.6383087029179115,3.000250505327845,3.606272247319428
1.0000457853085363,0.0,0.0006127938844805942,0.0,-0.08777086509904988,0.0,1.6379785136683382,3.0002505709647216,3.6055546601752586
1.0000456872315264,0.0,0.000611710868011058,0.0,-0.08785086509904988,0.0,1.637649215614974,3.000250636454187,3.604837140701631
1.0000455893684623,0.0,0.0006106307135047733,0.0,-0.08793086509904988,0.0,1.6373208056792021,3.0002507017965985,3.604119699267314
1.0000454917191002,0.0,0.0006095534108746217,0.0,-0.08801086509904987,0.0,1.6369932807960579,3.0002507669923157,3.6034023460019786
1.0000453942831964,0.0,0.0006084789500779008,0.0,-0.08809086509904987,0.0,1.6366666379128099,3.0002508320416927,3.6026850911110304
1.000045297060499,0.0,0.0006074073211164002,0.0,-0.08817086509904987,0.0,1.6363408739912608,3.0002508969450874,3.601967944477714
1.000045200050759,0.0,0.0006063385140357965,0.0,-0.08825086509904986,0.0,1.636015986004654,3.0002509617028537,3.601250916598689
1.0000451032537196,0.0,0.0006052725189257444,0.0,-0.08833086509904986,0.0,1.635691970940125,3.0002510263153463,3.6005340160076815
1.0000450066691238,0.0,0.0006042093259194406,0.0,-0.08841086509904986,0.0,1.635368825797346,3.000251090782919,3.5998172535163873
1.0000449102967106,0.0,0.0006031489251935025,0.0,-0.08849086509904985,0.0,1.635046547588797,3.0002511551059245,3.5991006377376054
1.000044814136219,0.0,0.0006020913069676259,0.0,-0.08857086509904985,0.0,1.6347251333397081,3.0002512192847135,3.598384178821846
1.00004471818738,0.0,0.0006010364615045429,0.0,-0.08865086509904985,0.0,1.6344045800883398,3.0002512833196393,3.597667885876861
1.0000446224499253,0.0,0.0005999843791095811,0.0,-0.08873086509904984,0.0,1.6340848848850191,3.000251347211052,3.596951768400913
1.000044526923585,0.0,0.000598935050130579,0.0,-0.08881086509904984,0.0,1.6337660447927886,3.0002514109593,3.596235834903127
1.0000444316080845,0.0,0.0005978884649575519,0.0,-0.08889086509904984,0.0,1.6334480568870875,3.0002514745647337,3.595520094812785
1.0000443365031504,0.0,0.0005968446140226561,0.0,-0.08897086509904983,0.0,1.6331309182559002,3.0002515380276975,3.594804557131315
1.0000442416084976,0.0,0.0005958034877998326,0.0,-0.08905086509904983,0.0,1.6328146260001866,3.000251601348545,3.5940892305952397
1.0000441469238512,0.0,0.0005947650768044614,0.0,-0.08913086509904983,0.0,1.6324991772317183,3.0002516645276165,3.593374124385357
1.0000440524489251,0.0,0.000593729371593455,0.0,-0.08921086509904982,0.0,1.6321845690759393,3.00025172756526,3.5926592465720564
1.0000439581834328,0.0,0.0005926963627647679,0.0,-0.08929086509904982,0.0,1.631870798669372,3.0002517904618213,3.591944605938892
1.0000438641270852,0.0,0.0005916660409573892,0.0,-0.08937086509904982,0.0,1.6315578631616439,3.0002518532176445,3.591230211088795
1.0000437702795948,0.0,0.0005906383968508931,0.0,-0.08945086509904981,0.0,1.6312457597136332,3.0002519158330703,3.590516070295876
1.0000436766406666,0.0,0.0005896134211654425,0.0,-0.08953086509904981,0.0,1.630934485498488,3.000251978308443,3.5898021920363767
1.0000435832100045,0.0,0.000588591104661524,0.0,-0.08961086509904981,0.0,1.6306240377016126,3.0002520406441064,3.5890885841160407
1.0000434899873132,0.0,0.0005875714381396283,0.0,-0.0896908650990498,0.0,1.6303144135196141,3.000252102840399,3.588375255024284
1.0000433969722946,0.0,0.0005865544124401193,0.0,-0.0897708650990498,0.0,1.6300056101611287,3.0002521648976597,3.587662212461023
1.0000433041646437,0.0,0.0005855400184431381,0.0,-0.0898508650990498,0.0,1.6296976248470878,3.000252226816231,3.5869494647929647
1.0000432115640607,0.0,0.0005845282470680998,0.0,-0.0899308650990498,0.0,1.629390454809119,3.0002522885964487,3.5862370195229545
1.0000431191702372,0.0,0.0005835190892738675,0.0,-0.09001086509904979,0.0,1.62908409729183,3.0002523502386524,3.5855248844765812
1.0000430269828684,0.0,0.0005825125360582274,0.0,-0.09009086509904979,0.0,1.6287785495497937,3.000252411743178,3.5848130675068095
1.0000429350016438,0.0,0.0005815085784578363,0.0,-0.09017086509904979,0.0,1.6284738088503001,3.000252473110362,3.584101575896274
1.0000428432262516,0.0,0.0005805072075480406,0.0,-0.09025086509904978,0.0,1.6281698724717262,3.0002525343405413,3.5833904174524087
1.00004275165638,0.0,0.0005795084144425502,0.0,-0.09033086509904978,0.0,1.6278667377035079,3.0002525954340493,3.5826795995896803
1.000042660291713,0.0,0.0005785121902934628,0.0,-0.09041086509904978,0.0,1.627564401847231,3.000252656391219,3.5819691293969695
1.0000425691319363,0.0,0.0005775185262906767,0.0,-0.09049086509904977,0.0,1.627262862214516,3.000252717212382,3.581259014174458
1.0000424781767265,0.0,0.0005765274136622564,0.0,-0.09057086509904977,0.0,1.626962116129868,3.0002527778978774,3.580549261441766
1.0000423874257687,0.0,0.0005755388436736804,0.0,-0.09065086509904977,0.0,1.626662160927309,3.0002528384480285,3.579839878366914
1.0000422968787397,0.0,0.0005745528076279264,0.0,-0.09073086509904976,0.0,1.6263629939530044,3.00025289886317,3.5791308711896663
1.0000422065353147,0.0,0.0005735692968653144,0.0,-0.09081086509904976,0.0,1.6260646125639622,3.000252959143632,3.57842224733258
1.0000421163951678,0.0,0.0005725883027632369,0.0,-0.09089086509904976,0.0,1.6257670141282703,3.000253019289744,3.5777140139573858
1.000042026457976,0.0,0.0005716098167358942,0.0,-0.09097086509904975,0.0,1.6254701960244333,3.0002530793018307,3.5770061777475433
1.0000419367234072,0.0,0.0005706338302341966,0.0,-0.09105086509904975,0.0,1.6251741556425676,3.000253139180225,3.576298745038614
1.000041847191135,0.0,0.0005696603347456185,0.0,-0.09113086509904975,0.0,1.6248788903831035,3.000253198925249,3.5755917226750995
1.000041757860825,0.0,0.0005686893217939617,0.0,-0.09121086509904974,0.0,1.6245843976576233,3.000253258537231,3.5748851171997678
1.0000416687321456,0.0,0.0005677207829390604,0.0,-0.09129086509904974,0.0,1.6242906748882384,3.000253318016497,3.574178935340718
1.0000415798047642,0.0,0.0005667547097767485,0.0,-0.09137086509904974,0.0,1.6239977195080126,3.0002533773633693,3.5734731831172564
1.0000414910783422,0.0,0.0005657910939386426,0.0,-0.09145086509904973,0.0,1.6237055289601467,3.0002534365781734,3.5727678669141296
1.000041402552545,0.0,0.0005648299270919328,0.0,-0.09153086509904973,0.0,1.6234141006987386,3.000253495661232,3.5720629935705857
1.0000413142270337,0.0,0.0005638712009391839,0.0,-0.09161086509904973,0.0,1.6231234321885781,3.0002535546128657,3.571358568534095
1.0000412261014684,0.0,0.0005629149072181844,0.0,-0.09169086509904972,0.0,1.6228335209044658,3.0002536134333972,3.570654598441492
1.000041138175509,0.0,0.0005619610377017497,0.0,-0.09177086509904972,0.0,1.622544364332011,3.0002536721231463,3.5699510889376103
1.0000410504488115,0.0,0.0005610095841976331,0.0,-0.09185086509904972,0.0,1.6222559599672322,3.0002537306824326,3.5692480467243177
1.0000409629210356,0.0,0.0005600605385480719,0.0,-0.09193086509904971,0.0,1.621968305316024,3.000253789111576,3.5685454766707907
1.0000408755918329,0.0,0.0005591138926300368,0.0,-0.09201086509904971,0.0,1.6216813978951923,3.0002538474108955,3.5678433857102054
1.0000407884608624,0.0,0.0005581696383546469,0.0,-0.0920908650990497,0.0,1.6213952352307888,3.0002539055807045,3.56714177883349
1.0000407015277706,0.0,0.0005572277676673816,0.0,-0.0921708650990497,0.0,1.6211098148606202,3.000253963621326,3.5664406620193296
1.0000406147922154,0.0,0.0005562882725474164,0.0,-0.0922508650990497,0.0,1.6208251343304718,3.0002540215330713,3.5657400408381807
1.0000405282538454,0.0,0.000555351145007977,0.0,-0.0923308650990497,0.0,1.6205411911982877,3.000254079316256,3.565039921243932
1.00004044191231,0.0,0.0005544163770958375,0.0,-0.0924108650990497,0.0,1.6202579830307673,3.000254136971196,3.5643403086219694
1.0000403557672588,0.0,0.0005534839608912114,0.0,-0.09249086509904969,0.0,1.6199755074048197,3.0002541944982024,3.563641208314912
1.0000402698183375,0.0,0.0005525538885076171,0.0,-0.09257086509904969,0.0,1.619693761907902,3.000254251897592,3.562942625241799
1.0000401840651958,0.0,0.0005516261520917276,0.0,-0.09265086509904968,0.0,1.6194127441362274,3.0002543091696734,3.5622445656237645
1.0000400985074767,0.0,0.0005507007438231667,0.0,-0.09273086509904968,0.0,1.6191324516966037,3.00025436631476,3.561547034482297
1.0000400131448277,0.0,0.000549777655914342,0.0,-0.09281086509904968,0.0,1.6188528822056372,3.0002544233331596,3.56085003629351
1.000039927976892,0.0,0.0005488568806102831,0.0,-0.09289086509904967,0.0,1.6185740332890663,3.0002544802251836,3.560153577135975
1.0000398430033068,0.0,0.0005479384101885936,0.0,-0.09297086509904967,0.0,1.6182959025835648,3.0002545369911453,3.5594576612039117
1.000039758223724,0.0,0.0005470222369588708,0.0,-0.09305086509904967,0.0,1.6180184877335935,3.000254593631346,3.558762294859672
1.0000396736377775,0.0,0.0005461083532633177,0.0,-0.09313086509904966,0.0,1.6177417863951118,3.000254650146095,3.558067481440288
1.0000395892451113,0.0,0.0005451967514756035,0.0,-0.09321086509904966,0.0,1.617465796231884,3.0002547065357015,3.557373227303515
1.0000395050453632,0.0,0.0005442874240016572,0.0,-0.09329086509904966,0.0,1.6171905149187076,3.0002547628004694,3.556679535881756
1.0000394210381716,0.0,0.0005433803632787508,0.0,-0.09337086509904965,0.0,1.6169159401388227,3.0002548189407063,3.5559864132898227
1.0000393372231764,0.0,0.0005424755617758165,0.0,-0.09345086509904965,0.0,1.6166420695850952,3.0002548749567137,3.555293863368702
1.0000392536000142,0.0,0.0005415730119930803,0.0,-0.09353086509904965,0.0,1.6163689009598794,3.000254930848795,3.5546018914490256
1.0000391701683207,0.0,0.0005406727064619361,0.0,-0.09361086509904964,0.0,1.6160964319750668,3.0002549866172563,3.553910501750791
1.0000390869277314,0.0,0.0005397746377448542,0.0,-0.09369086509904964,0.0,1.6158246603515163,3.0002550422623986,3.5532196983860524
1.0000390038778826,0.0,0.0005388787984350867,0.0,-0.09377086509904964,0.0,1.6155535838190467,3.000255097784523,3.5525294867776434
1.00003892101841,0.0,0.0005379851811566479,0.0,-0.09385086509904964,0.0,1.615283200117021,3.0002551531839274,3.551839870924522
1.0000388383489451,0.0,0.0005370937785641854,0.0,-0.09393086509904963,0.0,1.6150135069942722,3.0002552084609158,3.55115085535898
1.0000387558691226,0.0,0.0005362045833426429,0.0,-0.09401086509904963,0.0,1.6147445022076985,3.0002552636157844,3.5504624441552135
1.0000386735785736,0.0,0.0005353175882073117,0.0,-0.09409086509904963,0.0,1.614476183524358,3.000255318648835,3.5497746417434626
1.0000385914769323,0.0,0.0005344327859035295,0.0,-0.09417086509904962,0.0,1.6142085487197126,3.0002553735603623,3.549087452556475
1.000038509563828,0.0,0.0005335501692066357,0.0,-0.09425086509904962,0.0,1.6139415955780034,3.0002554283506644,3.548400880063892
1.0000384278388919,0.0,0.0005326697309217815,0.0,-0.09433086509904962,0.0,1.6136753218935609,3.0002554830200387,3.5477149294423076
1.000038346301756,0.0,0.0005317914638837122,0.0,-0.09441086509904961,0.0,1.6134097254676674,3.0002555375687785,3.5470296040862337
1.0000382649520483,0.0,0.0005309153609567987,0.0,-0.09449086509904961,0.0,1.6131448041123229,3.0002555919971803,3.546344908213503
1.000038183789402,0.0,0.0005300414150346419,0.0,-0.0945708650990496,0.0,1.612880555646825,3.0002556463055345,3.5456608458021983
1.0000381028134409,0.0,0.000529169619040226,0.0,-0.0946508650990496,0.0,1.6126169779001458,3.000255700494139,3.544977420838468
1.0000380220237963,0.0,0.0005282999659254826,0.0,-0.0947308650990496,0.0,1.6123540687098612,3.0002557545632835,3.544294636849564
1.0000379414200973,0.0,0.0005274324486713682,0.0,-0.0948108650990496,0.0,1.6120918259218373,3.0002558085132587,3.5436124983709387
1.0000378610019676,0.0,0.0005265670602875965,0.0,-0.09489086509904959,0.0,1.6118302473910724,3.0002558623443605,3.5429310085898478
1.0000377807690384,0.0,0.0005257037938124628,0.0,-0.09497086509904959,0.0,1.6115693309804395,3.000255916056874,3.542250170978126
1.0000377007209353,0.0,0.0005248426423129075,0.0,-0.09505086509904959,0.0,1.6113090745619985,3.00025596965109,3.541569990248739
1.0000376208572843,0.0,0.0005239835988841233,0.0,-0.09513086509904958,0.0,1.6110494760159992,3.0002560231272994,3.5408904693149665
1.0000375411777123,0.0,0.0005231266566496013,0.0,-0.09521086509904958,0.0,1.6107905332311785,3.0002560764857877,3.5402116115770634
1.0000374616818444,0.0,0.0005222718087608759,0.0,-0.09529086509904958,0.0,1.6105322441048462,3.0002561297268433,3.539533421135972
1.000037382369306,0.0,0.0005214190483974681,0.0,-0.09537086509904957,0.0,1.6102746065425,3.0002561828507535,3.5388559012746486
1.000037303239723,0.0,0.0005205683687666922,0.0,-0.09545086509904957,0.0,1.6100176184583652,3.000256235857803,3.538179055330437
1.0000372242927216,0.0,0.0005197197631035481,0.0,-0.09553086509904957,0.0,1.60976127777395,3.000256288748275,3.537502886816739
1.0000371455279244,0.0,0.0005188732246705542,0.0,-0.09561086509904956,0.0,1.6095055824203648,3.0002563415224572,3.536827398703844
1.0000370669449525,0.0,0.0005180287467577567,0.0,-0.09569086509904956,0.0,1.6092505303365539,3.000256394180636,3.536152595108144
1.0000369885434364,0.0,0.0005171863226822605,0.0,-0.09577086509904956,0.0,1.608996119468628,3.000256446723088,3.5354784787951314
1.0000369103229976,0.0,0.0005163459457884326,0.0,-0.09585086509904955,0.0,1.6087423477718534,3.0002564991500984,3.5348050532599293
1.0000368322832598,0.0,0.0005155076094477173,0.0,-0.09593086509904955,0.0,1.6084892132096362,3.0002565514619475,3.5341323212119815
1.0000367544238469,0.0,0.0005146713070582762,0.0,-0.09601086509904955,0.0,1.6082367137525901,3.000256603658916,3.533460286506833
1.0000366767443796,0.0,0.0005138370320451461,0.0,-0.09609086509904954,0.0,1.6079848473808316,3.0002566557412877,3.5327889511602293
1.000036599244484,0.0,0.0005130047778599179,0.0,-0.09617086509904954,0.0,1.6077336120810612,3.000256707709339,3.53211831962696
1.0000365219237801,0.0,0.0005121745379807279,0.0,-0.09625086509904954,0.0,1.607483005848651,3.000256759563349,3.531448394180834
1.000036444781894,0.0,0.0005113463059119392,0.0,-0.09633086509904953,0.0,1.6072330266862513,3.0002568113035952,3.530779177417242
1.0000363678184483,0.0,0.0005105200751841744,0.0,-0.09641086509904953,0.0,1.6069836726052458,3.000256862930353,3.530110672529307
1.0000362910330642,0.0,0.0005096958393542923,0.0,-0.09649086509904953,0.0,1.6067349416242553,3.0002569144439017,3.5294428832781666
1.0000362144253654,0.0,0.0005088735920049991,0.0,-0.09657086509904952,0.0,1.6064868317699357,3.000256965844516,3.528775811602693
1.0000361379949707,0.0,0.0005080533267449454,0.0,-0.09665086509904952,0.0,1.6062393410769495,3.000257017132473,3.528109460127077
1.0000360617415063,0.0,0.0005072350372083413,0.0,-0.09673086509904952,0.0,1.6059924675869701,3.000257068308044,3.527443832600557
1.0000359856645946,0.0,0.0005064187170551237,0.0,-0.09681086509904951,0.0,1.6057462093497483,3.0002571193715033,3.5267789310241984
1.000035909763856,0.0,0.0005056043599706556,0.0,-0.09689086509904951,0.0,1.6055005644232574,3.0002571703231258,3.526114758224741
1.0000358340389117,0.0,0.0005047919596656888,0.0,-0.09697086509904951,0.0,1.6052555308724215,3.000257221163183,3.5254513173184523
1.0000357584893875,0.0,0.0005039815098761756,0.0,-0.0970508650990495,0.0,1.605011106769695,3.000257271891945,3.524788609815027
1.0000356831149033,0.0,0.0005031730043631485,0.0,-0.0971308650990495,0.0,1.6047672901950725,3.0002573225096825,3.524126639813828
1.0000356079150816,0.0,0.0005023664369127044,0.0,-0.0972108650990495,0.0,1.6045240792368776,3.000257373016667,3.523465408912978
1.000035532889542,0.0,0.0005015618013357394,0.0,-0.0972908650990495,0.0,1.6042814719904135,3.00025742341317,3.52280491940864
1.0000354580379112,0.0,0.0005007590914678646,0.0,-0.09737086509904949,0.0,1.604039466557787,3.0002574736994556,3.522145174948141
1.000035383359809,0.0,0.0004999583011693776,0.0,-0.09745086509904949,0.0,1.6037980610491243,3.000257523875795,3.521486176398086
1.0000353088548577,0.0,0.0004991594243251097,0.0,-0.09753086509904949,0.0,1.6035572535824532,3.0002575739424535,3.520827927823722
1.0000352345226802,0.0,0.0004983624548441434,0.0,-0.09761086509904948,0.0,1.6033170422818286,3.0002576238997007,3.5201704302032315
1.0000351603628999,0.0,0.0004975673866599597,0.0,-0.09769086509904948,0.0,1.6030774252797266,3.000257673747799,3.5195136862298892
1.0000350863751355,0.0,0.0004967742137302535,0.0,-0.09777086509904948,0.0,1.602838400715767,3.0002577234870174,3.5188576989876577
1.0000350125590134,0.0,0.0004959829300365743,0.0,-0.09785086509904947,0.0,1.602599966736313,3.0002577731176174,3.5182024699003156
1.0000349389141547,0.0,0.0004951935295844878,0.0,-0.09793086509904947,0.0,1.6023621214951143,3.000257822639864,3.517548001383453
1.0000348654401818,0.0,0.0004944060064034412,0.0,-0.09801086509904947,0.0,1.6021248631533234,3.0002578720540214,3.516894295944459
1.0000347921367176,0.0,0.0004936203545464605,0.0,-0.09809086509904946,0.0,1.6018881898791013,3.000257921360351,3.516241355351486
1.0000347190033865,0.0,0.0004928365680902015,0.0,-0.09817086509904946,0.0,1.6016520998477832,3.000257970559115,3.515589182399761
1.0000346460398102,0.0,0.0004920546411348164,0.0,-0.09825086509904946,0.0,1.6014165912412566,3.000258019650574,3.5149377780538607
1.0000345732456117,0.0,0.0004912745678038105,0.0,-0.09833086509904945,0.0,1.6011816622493729,3.0002580686349902,3.5142871451449977
1.0000345006204159,0.0,0.0004904963422438906,0.0,-0.09841086509904945,0.0,1.600947311068324,3.0002581175126206,3.51363728616759
1.0000344281638467,0.0,0.0004897199586249351,0.0,-0.09849086509904945,0.0,1.6007135359011868,3.0002581662837247,3.5129882022299155
1.0000343558755256,0.0,0.0004889454111398154,0.0,-0.09857086509904944,0.0,1.6004803349586523,3.000258214948564,3.512339895475009
1.0000342837550769,0.0,0.000488172694004516,0.0,-0.09865086509904944,0.0,1.6002477064583398,3.0002582635073938,3.511692368840219
1.0000342118021255,0.0,0.0004874018014574554,0.0,-0.09873086509904944,0.0,1.6000156486234915,3.000258311960474,3.5110456229373965
1.0000341400162978,0.0,0.00048663272776006204,0.0,-0.09881086509904943,0.0,1.599784159685285,3.0002583603080555,3.5103996595924434
1.000034068397215,0.0,0.0004858654671962774,0.0,-0.09889086509904943,0.0,1.5995532378816963,3.000258408550399,3.5097544816992867
1.0000339969445038,0.0,0.0004851000140724538,0.0,-0.09897086509904943,0.0,1.5993228814569151,3.000258456687758,3.509110090481084
1.0000339256577895,0.0,0.00048433636271741625,0.0,-0.09905086509904942,0.0,1.5990930886627672,3.000258504720385,3.508466488060502
1.000033854536695,0.0,0.0004835745074822377,0.0,-0.09913086509904942,0.0,1.598863857756809,3.0002585526485386,3.5078236756723324
1.000033783580848,0.0,0.00048281444274011223,0.0,-0.09921086509904942,0.0,1.5986351870039484,3.000258600472467,3.5071816557231794
1.0000337127898726,0.0,0.0004820561628863928,0.0,-0.09929086509904941,0.0,1.5984070746757637,3.0002586481924265,3.5065404292066464
1.000033642163399,0.0,0.0004812996623382311,0.0,-0.09937086509904941,0.0,1.5981795190495387,3.0002586958086632,3.505899998188688
1.000033571701047,0.0,0.000480544935534879,0.0,-0.09945086509904941,0.0,1.5979525184107253,3.0002587433214356,3.5052603640641258
1.0000335014024475,0.0,0.00047979197693706567,0.0,-0.0995308650990494,0.0,1.597726071050057,3.0002587907309892,3.5046215292520344
1.0000334312672274,0.0,0.00047904078102742234,0.0,-0.0996108650990494,0.0,1.5975001752654125,3.0002588380375736,3.5039834944447303
1.0000333612950105,0.0,0.0004782913423099661,0.0,-0.0996908650990494,0.0,1.597274829361014,3.0002588852414425,3.503346261803544
1.0000332914854275,0.0,0.0004775436553101775,0.0,-0.0997708650990494,0.0,1.5970500316476666,3.000258932342839,3.502709832157925
1.0000332218381043,0.0,0.0004767977145749732,0.0,-0.09985086509904939,0.0,1.5968257804422061,3.0002589793420142,3.502074207269533
1.000033152352671,0.0,0.00047605351467239193,0.0,-0.09993086509904939,0.0,1.5966020740682865,3.0002590262392137,3.5014393892433846
1.000033083028753,0.0,0.00047531105019173224,0.0,-0.10001086509904938,0.0,1.596378910856189,3.0002590730346865,3.5008053786135163
1.000033013865983,0.0,0.0004745703157432766,0.0,-0.10009086509904938,0.0,1.5961562891419694,3.000259119728673,3.500172177915003
1.0000329448639862,0.0,0.0004738313059583061,0.0,-0.10017086509904938,0.0,1.595934207268546,3.0002591663214244,3.4995397878439096
1.000032876022395,0.0,0.000473094015488868,0.0,-0.10025086509904937,0.0,1.5957126635845202,3.0002592128131806,3.49890820954205
1.000032807340836,0.0,0.00047235843900788054,0.0,-0.10033086509904937,0.0,1.59549165644554,3.0002592592041903,3.4982774446977367
1.0000327388189416,0.0,0.0004716245712088438,0.0,-0.10041086509904937,0.0,1.595271184213173,3.0002593054946924,3.49764749457163
1.0000326704563411,0.0,0.000470892406805841,0.0,-0.10049086509904936,0.0,1.595051245254775,3.000259351684933,3.497018360342185
1.0000326022526667,0.0,0.00047016194053335424,0.0,-0.10057086509904936,0.0,1.5948318379445807,3.0002593977751517,3.4963900439529314
1.0000325342075482,0.0,0.0004694331671463417,0.0,-0.10065086509904936,0.0,1.5946129606624928,3.0002594437655903,3.495762545798315
1.0000324663206162,0.0,0.00046870608142004046,0.0,-0.10073086509904935,0.0,1.594394611795026,3.000259489656492,3.4951358679980866
1.0000323985915076,0.0,0.0004679806781496989,0.0,-0.10081086509904935,0.0,1.5941767897336918,3.0002595354480897,3.494510010012908
1.0000323310198491,0.0,0.00046725695215085034,0.0,-0.10089086509904935,0.0,1.59395949287802,3.000259581140632,3.4938849751851864
1.0000322636052756,0.0,0.00046653489825891896,0.0,-0.10097086509904935,0.0,1.5937427196318539,3.000259626734353,3.4932607639391042
1.0000321963474201,0.0,0.0004658145113292603,0.0,-0.10105086509904934,0.0,1.593526468405792,3.000259672229492,3.4926373765853302
1.000032129245917,0.0,0.00046509578623704835,0.0,-0.10113086509904934,0.0,1.593310737616713,3.0002597176262853,3.4920148147438903
1.0000320623004006,0.0,0.0004643787178770701,0.0,-0.10121086509904934,0.0,1.5930955256861925,3.0002597629249697,3.491393080112774
1.0000319955105008,0.0,0.0004636633011639823,0.0,-0.10129086509904933,0.0,1.5928808310434253,3.000259808125787,3.490772172546605
1.0000319288758586,0.0,0.0004629495310316635,0.0,-0.10137086509904933,0.0,1.5926666521228245,3.000259853228965,3.4901520947788987
1.0000318623961082,0.0,0.0004622374024336385,0.0,-0.10145086509904933,0.0,1.5924529873634437,3.00025989823474,3.4895328459827137
1.0000317960708827,0.0,0.00046152691034275303,0.0,-0.10153086509904932,0.0,1.592239835212373,3.0002599431433508,3.488914428358073
1.0000317298998171,0.0,0.000460818049751141,0.0,-0.10161086509904932,0.0,1.5920271941218886,3.000259987955032,3.488296842189451
1.000031663882553,0.0,0.0004601108156700293,0.0,-0.10169086509904932,0.0,1.5918150625489205,3.0002600326700084,3.487680089268075
1.0000315980187238,0.0,0.00045940520312977816,0.0,-0.10177086509904931,0.0,1.5916034389573537,3.0002600772885213,3.4870641701240572
1.0000315323079674,0.0,0.00045870120717982386,0.0,-0.10185086509904931,0.0,1.591392321816226,3.0002601218107974,3.4864490850642182
1.0000314667499233,0.0,0.0004579988228883367,0.0,-0.1019308650990493,0.0,1.5911817096008576,3.000260166237071,3.4858348358814295
1.0000314013442277,0.0,0.0004572980453424995,0.0,-0.1020108650990493,0.0,1.5909716007921906,3.000260210567572,3.485221422608201
1.0000313360905226,0.0,0.0004565988696481166,0.0,-0.1020908650990493,0.0,1.5907619938757755,3.0002602548025283,3.4846088467810192
1.0000312709884434,0.0,0.0004559012909296698,0.0,-0.1021708650990493,0.0,1.5905528873445431,3.0002602989421754,3.4839971085156467
1.0000312060376333,0.0,0.00045520530433026496,0.0,-0.10225086509904929,0.0,1.5903442796958331,3.0002603429867363,3.483386209618352
1.0000311412377323,0.0,0.0004545109050114212,0.0,-0.10233086509904929,0.0,1.5901361694327103,3.0002603869364397,3.48277615040673
1.0000310765883784,0.0,0.0004538180881531051,0.0,-0.10241086509904929,0.0,1.5899285550648645,3.0002604307915184,3.4821669311508416
1.0000310120892173,0.0,0.0004531268489535615,0.0,-0.10249086509904928,0.0,1.58972143510597,3.0002604745521912,3.481558553324417
1.0000309477398874,0.0,0.00045243718262925816,0.0,-0.10257086509904928,0.0,1.5895148080764896,3.0002605182186923,3.4809510175187257
1.000030883540032,0.0,0.0004517490844148563,0.0,-0.10265086509904928,0.0,1.58930867250151,3.000260561791246,3.4803443237974143
1.0000308194892944,0.0,0.00045106254956309974,0.0,-0.10273086509904927,0.0,1.5891030269128168,3.000260605270074,3.479738473086845
1.0000307555873205,0.0,0.0004503775733445817,0.0,-0.10281086509904927,0.0,1.588897869845272,3.000260648655401,3.4791334676691643
1.0000306918337496,0.0,0.00044969415104793506,0.0,-0.10289086509904927,0.0,1.5886931998424485,3.000260691947455,3.478529305702655
1.0000306282282267,0.0,0.0004490122779796084,0.0,-0.10297086509904926,0.0,1.5884890154510896,3.0002607351464596,3.477925988587362
1.000030564770399,0.0,0.0004483319494636727,0.0,-0.10305086509904926,0.0,1.5882853152234808,3.0002607782526343,3.477323517917273
1.0000305014599122,0.0,0.0004476531608419035,0.0,-0.10313086509904926,0.0,1.5880820977180314,3.0002608212662025,3.4767218941199567
1.0000304382964103,0.0,0.0004469759074737422,0.0,-0.10321086509904925,0.0,1.5878793614979907,3.000260864187387,3.476121116870517
1.000030375279542,0.0,0.0004463001847360498,0.0,-0.10329086509904925,0.0,1.587677105131736,3.000260907016405,3.4755211871848015
1.000030312408952,0.0,0.0004456259880230844,0.0,-0.10337086509904925,0.0,1.5874753271942745,3.0002609497534833,3.4749221058452733
1.000030249684288,0.0,0.00044495331274650485,0.0,-0.10345086509904924,0.0,1.587274026263918,3.00026099239884,3.4743238725652468
1.000030187105202,0.0,0.0004442821543351449,0.0,-0.10353086509904924,0.0,1.5870732009250375,3.00026103495269,3.4737264883779195
1.000030124671338,0.0,0.00044361250823509796,0.0,-0.10361086509904924,0.0,1.5868728497683986,3.0002610774152583,3.473129953934688
1.0000300623823488,0.0,0.00044294436990957256,0.0,-0.10369086509904923,0.0,1.586672971388028,3.0002611197867566,3.4725342703990685
1.0000300002378804,0.0,0.00044227773483875737,0.0,-0.10377086509904923,0.0,1.5864735643843937,3.00026116206741,3.471939436671536
1.000029938237588,0.0,0.000441612598519745,0.0,-0.10385086509904923,0.0,1.5862746273626114,3.0002612042574275,3.471345453651869
1.0000298763811193,0.0,0.00044094895646660045,0.0,-0.10393086509904922,0.0,1.5860761589329817,3.0002612463570313,3.470752322839541
1.000029814668126,0.0,0.0004402868042101623,0.0,-0.10401086509904922,0.0,1.5858781577113947,3.0002612883664352,3.470160043353365
1.000029753098262,0.0,0.00043962613729793873,0.0,-0.10409086509904922,0.0,1.5856806223181794,3.000261330285854,3.4695686163549317
1.0000296916711782,0.0,0.0004389669512941559,0.0,-0.10417086509904921,0.0,1.5854835513790502,3.000261372115503,3.468978041944856
1.0000296303865268,0.0,0.0004383092417795316,0.0,-0.10425086509904921,0.0,1.5852869435247663,3.0002614138556005,3.4683883209873776
1.000029569243965,0.0,0.0004376530043513471,0.0,-0.10433086509904921,0.0,1.5850907973910426,3.000261455506353,3.467799452334727
1.000029508243145,0.0,0.0004369982346232848,0.0,-0.1044108650990492,0.0,1.5848951116182424,3.0002614970679766,3.4672114371485754
1.0000294473837232,0.0,0.00043634492822536687,0.0,-0.1044908650990492,0.0,1.5846998848524023,3.000261538540682,3.4666242766464834
1.0000293866653531,0.0,0.000435693080803951,0.0,-0.1045708650990492,0.0,1.5845051157440777,3.0002615799246843,3.4660379707174176
1.0000293260876905,0.0,0.0004350426880215209,0.0,-0.1046508650990492,0.0,1.5843108029492663,3.0002616212201962,3.465452517643213
1.000029265650394,0.0,0.000434393745556665,0.0,-0.10473086509904919,0.0,1.5841169451279133,3.000261662427425,3.4648679208408377
1.0000292053531232,0.0,0.00043374624910407677,0.0,-0.10481086509904919,0.0,1.5839235409448837,3.000261703546578,3.4642841790988506
1.0000291451955314,0.0,0.0004331001943745861,0.0,-0.10489086509904919,0.0,1.5837305890719018,3.0002617445778696,3.4637012923407844
1.0000290851772793,0.0,0.0004324555770946778,0.0,-0.10497086509904918,0.0,1.5835380881829293,3.000261785521507,3.463119260480438
1.0000290252980257,0.0,0.0004318123930067788,0.0,-0.10505086509904918,0.0,1.5833460369579484,3.0002618263777006,3.4625380851402636
1.0000289655574313,0.0,0.0004311706378691593,0.0,-0.10513086509904918,0.0,1.5831544340822175,3.000261867146656,3.461957765466593
1.0000289059551546,0.0,0.00043053030745577095,0.0,-0.10521086509904917,0.0,1.5829632782448364,3.000261907828582,3.4613783016576285
1.0000288464908582,0.0,0.0004298913975561549,0.0,-0.10529086509904917,0.0,1.5827725681403413,3.000261948423683,3.4607996944036863
1.000028787164203,0.0,0.00042925390397537317,0.0,-0.10537086509904917,0.0,1.5825823024674452,3.0002619889321696,3.4602219432715486
1.0000287279748488,0.0,0.0004286178225341543,0.0,-0.10545086509904916,0.0,1.5823924799305495,3.0002620293542472,3.4596450487191777
1.0000286689224636,0.0,0.0004279831490684167,0.0,-0.10553086509904916,0.0,1.5822030992372582,3.000262069690116,3.459069010955465
1.0000286100067084,0.0,0.00042734987942963235,0.0,-0.10561086509904916,0.0,1.5820141591010957,3.0002621099399818,3.4584938290305263
1.0000285512272453,0.0,0.000426718009484504,0.0,-0.10569086509904915,0.0,1.5818256582396506,3.0002621501040525,3.457919505194333
1.0000284925837424,0.0,0.00042608753511489273,0.0,-0.10577086509904915,0.0,1.5816375953757436,3.000262190182527,3.457346037692814
1.0000284340758612,0.0,0.00042545845221788307,0.0,-0.10585086509904915,0.0,1.5814499692359245,3.0002622301756148,3.4567734271827817
1.0000283757032702,0.0,0.00042483075670564883,0.0,-0.10593086509904914,0.0,1.5812627785517785,3.0002622700835127,3.4562016743321227
1.0000283174656337,0.0,0.0004242044445053929,0.0,-0.10601086509904914,0.0,1.5810760220605495,3.000262309906425,3.455630778589598
1.0000282593626217,0.0,0.0004235795115591643,0.0,-0.10609086509904914,0.0,1.5808896985019452,3.0002623496445517,3.4550607393805803
1.0000282013939013,0.0,0.00042295595382397903,0.0,-0.10617086509904913,0.0,1.5807038066218528,3.000262389298093,3.4544915577413935
1.0000281435591387,0.0,0.0004223337672717548,0.0,-0.10625086509904913,0.0,1.5805183451697953,3.0002624288672526,3.4539232324768454
1.0000280858580046,0.0,0.0004217129478890633,0.0,-0.10633086509904913,0.0,1.580333312900452,3.0002624683522265,3.4533557655847438
1.0000280282901692,0.0,0.0004210934916771295,0.0,-0.10641086509904912,0.0,1.5801487085720534,3.000262507753216,3.4527891553822823
1.0000279708553026,0.0,0.0004204753946518869,0.0,-0.10649086509904912,0.0,1.579964530948394,3.000262547070419,3.452223402044555
1.0000279135530734,0.0,0.0004198586528438819,0.0,-0.10657086509904912,0.0,1.5797807787975098,3.0002625863040358,3.4516585062513148
1.0000278563831553,0.0,0.0004192432622980424,0.0,-0.10665086509904911,0.0,1.579597450891289,3.0002626254542615,3.4510944673109996
1.000027799345222,0.0,0.00041862921907371696,0.0,-0.10673086509904911,0.0,1.5794145460058462,3.0002626645212924,3.450531285580142
1.0000277424389419,0.0,0.00041801651924479744,0.0,-0.10681086509904911,0.0,1.5792320629229684,3.0002627035053306,3.449968960612841
1.0000276856639925,0.0,0.0004174051588993389,0.0,-0.1068908650990491,0.0,1.5790500004274461,3.000262742406565,3.449407492268075
1.0000276290200458,0.0,0.00041679513413965167,0.0,-0.1069708650990491,0.0,1.5788683573093691,3.0002627812251963,3.448846881273356
1.000027572506779,0.0,0.0004161864410822579,0.0,-0.1070508650990491,0.0,1.578687132361935,3.0002628199614154,3.448287126037819
1.000027516123867,0.0,0.0004155790758577858,0.0,-0.1071308650990491,0.0,1.578506324384094,3.0002628586154168,3.4477282275789705
1.000027459870982,0.0,0.0004149730346110347,0.0,-0.10721086509904909,0.0,1.578325932178599,3.0002628971874006,3.447170185603586
1.0000274037478045,0.0,0.00041436831350059693,0.0,-0.10729086509904909,0.0,1.5781459545522025,3.000262935677556,3.44661299967035
1.0000273477540107,0.0,0.0004137649086991328,0.0,-0.10737086509904908,0.0,1.5779663903156147,3.000262974086076,3.446056669739535
1.0000272918892816,0.0,0.0004131628163931476,0.0,-0.10745086509904908,0.0,1.5777872382847,3.0002630124131495,3.445501196286696
1.0000272361532894,0.0,0.000412562032783123,0.0,-0.10753086509904908,0.0,1.5776084972797326,3.0002630506589756,3.444946578129034
1.0000271805457186,0.0,0.0004119625540829155,0.0,-0.10761086509904907,0.0,1.5774301661234131,3.000263088823742,3.4443928156263306
1.0000271250662487,0.0,0.0004113643765204431,0.0,-0.10769086509904907,0.0,1.57725224364409,3.0002631269076376,3.443839909188343
1.000027069714559,0.0,0.00041076749633707445,0.0,-0.10777086509904907,0.0,1.5770747286737326,3.0002631649108564,3.4432878570913545
1.0000270144903318,0.0,0.0004101719097878412,0.0,-0.10785086509904906,0.0,1.5768976200492355,3.0002632028335854,3.442736659964466
1.0000269593932478,0.0,0.00040957761314126053,0.0,-0.10793086509904906,0.0,1.576720916610855,3.000263240676016,3.442186317637798
1.0000269044229906,0.0,0.0004089846026792509,0.0,-0.10801086509904906,0.0,1.576544617203076,3.0002632784383367,3.4416368296982536
1.0000268495792421,0.0,0.0004083928746972627,0.0,-0.10809086509904905,0.0,1.5763687206750514,3.0002633161207366,3.4410881963404694
1.0000267948616912,0.0,0.000407802425503908,0.0,-0.10817086509904905,0.0,1.5761932258779838,3.0002633537233963,3.440540417134622
1.000026740270016,0.0,0.0004072132514212785,0.0,-0.10825086509904905,0.0,1.576018131670413,3.0002633912465146,3.4399934910494814
1.000026685803904,0.0,0.00040662534878461174,0.0,-0.10833086509904905,0.0,1.5758434369126326,3.0002634286902725,3.439447418059094
1.000026631463043,0.0,0.0004060387139422542,0.0,-0.10841086509904904,0.0,1.5756691404693546,3.0002634660548537,3.438902199510474
1.0000265772471164,0.0,0.0004054533432557482,0.0,-0.10849086509904904,0.0,1.5754952412100736,3.0002635033404514,3.4383578326670308
1.000026523155815,0.0,0.00040486923309963283,0.0,-0.10857086509904904,0.0,1.5753217380067586,3.0002635405472438,3.437814319357054
1.0000264691888245,0.0,0.00040428637986153666,0.0,-0.10865086509904903,0.0,1.5751486297368371,3.0002635776754176,3.4372716576557036
1.0000264153458345,0.0,0.00040370477994192204,0.0,-0.10873086509904903,0.0,1.5749759152810827,3.0002636147251573,3.436729848375553
1.0000263616265332,0.0,0.0004031244297541938,0.0,-0.10881086509904903,0.0,1.5748035935244296,3.00026365169665,3.4361888900190247
1.000026308030611,0.0,0.00040254532572465653,0.0,-0.10889086509904902,0.0,1.5746316633554096,3.000263688590074,3.435648783849813
1.0000262545577585,0.0,0.00040196746429228635,0.0,-0.10897086509904902,0.0,1.5744601236663789,3.0002637254056155,3.4351095271410137
1.0000262012076666,0.0,0.0004013908419087949,0.0,-0.10905086509904902,0.0,1.5742889733548187,3.0002637621434567,3.434571122705096
1.0000261479800263,0.0,0.0004008154550386176,0.0,-0.10913086509904901,0.0,1.5741182113202554,3.000263798803782,3.4340335671483353
1.0000260948745348,0.0,0.0004002413001587611,0.0,-0.10921086509904901,0.0,1.5739478364669974,3.0002638353867614,3.433496862481331
1.0000260418908804,0.0,0.0003996683737588167,0.0,-0.109290865099049,0.0,1.5737778477032192,3.0002638718925883,3.4329610062765306
1.0000259890287586,0.0,0.0003990966723408824,0.0,-0.109370865099049,0.0,1.5736082439411316,3.0002639083214375,3.4324260001965636
1.0000259362878634,0.0,0.0003985261924194745,0.0,-0.109450865099049,0.0,1.573439024096252,3.0002639446734922,3.4318918416268294
1.0000258836678904,0.0,0.00039795693052156446,0.0,-0.109530865099049,0.0,1.573270187088329,3.00026398094893,3.431358533491557
1.0000258311685366,0.0,0.00039738888318643364,0.0,-0.10961086509904899,0.0,1.5731017318406424,3.000264017147927,3.4308260710384433
1.0000257787894966,0.0,0.0003968220469656418,0.0,-0.10969086509904899,0.0,1.5729336572802992,3.0002640532706675,3.4302944572591993
1.0000257265304688,0.0,0.0003962564184230151,0.0,-0.10977086509904899,0.0,1.5727659623379144,3.0002640893173247,3.4297636895107035
1.0000256743911518,0.0,0.00039569199413454274,0.0,-0.10985086509904898,0.0,1.572598645947913,3.0002641252880786,3.4292337697636337
1.0000256223712434,0.0,0.00039512877068840265,0.0,-0.10993086509904898,0.0,1.572431707049153,3.000264161183105,3.4287046944710604
1.0000255704704428,0.0,0.0003945667446848489,0.0,-0.11001086509904898,0.0,1.5722651445839952,3.0002641970025805,3.428176465942729
1.0000255186884497,0.0,0.00039400591273609597,0.0,-0.11009086509904897,0.0,1.5720989574969668,3.000264232746683,3.42764908161893
1.000025467024966,0.0,0.00039344627146638744,0.0,-0.11017086509904897,0.0,1.5719331447381575,3.0002642684155854,3.4271225440181197
1.0000254154796913,0.0,0.00039288781751194054,0.0,-0.11025086509904897,0.0,1.571767705260303,3.000264304009465,3.4265968493269505
1.0000253640523284,0.0,0.0003923305475207617,0.0,-0.11033086509904896,0.0,1.5716026380199355,3.0002643395284974,3.4260719984198174
1.0000253127425787,0.0,0.0003917744581527999,0.0,-0.11041086509904896,0.0,1.5714379419782067,3.0002643749728573,3.425547991365165
1.0000252615501477,0.0,0.0003912195460797183,0.0,-0.11049086509904896,0.0,1.571273616098453,3.0002644103427123,3.425024826916215
1.0000252104747382,0.0,0.00039066580798488354,0.0,-0.11057086509904895,0.0,1.5711096593481246,3.000264445638241,3.4245025048786717
1.000025159516053,0.0,0.00039011324056339585,0.0,-0.11065086509904895,0.0,1.5709460706982705,3.0002644808596193,3.4239810249295983
1.0000251086738008,0.0,0.0003895618405219178,0.0,-0.11073086509904895,0.0,1.5707828491237714,3.000264516007013,3.4234603862326254
1.0000250579476881,0.0,0.0003890116045788189,0.0,-0.11081086509904894,0.0,1.5706199936023257,3.000264551080591,3.4229405876839945
1.0000250073374162,0.0,0.00038846252946382435,0.0,-0.11089086509904894,0.0,1.570457503115894,3.0002645860805393,3.422421629711885
1.0000249568426975,0.0,0.00038791461191836055,0.0,-0.11097086509904894,0.0,1.5702953766503385,3.0002646210070147,3.4219035122113204
1.000024906463236,0.0,0.0003873678486951613,0.0,-0.11105086509904893,0.0,1.5701336131940866,3.000264655860196,3.421386232171816
1.0000248561987441,0.0,0.00038682223655824255,0.0,-0.11113086509904893,0.0,1.5699722117394062,3.0002646906402495,3.420869792333654
1.000024806048929,0.0,0.000386277772283177,0.0,-0.11121086509904893,0.0,1.5698111712817167,3.0002647253473462,3.420354190788233
1.0000247560135014,0.0,0.0003857344526567043,0.0,-0.11129086509904892,0.0,1.5696504908206057,3.0002647599816537,3.4198394250531368
1.0000247060921716,0.0,0.0003851922744768031,0.0,-0.11137086509904892,0.0,1.5694901693584453,3.0002647945433423,3.419325498286134
1.000024656284651,0.0,0.0003846512345527318,0.0,-0.11145086509904892,0.0,1.5693302059017042,3.0002648290325795,3.418812406941083
1.0000246065906528,0.0,0.00038411132970478097,0.0,-0.11153086509904891,0.0,1.5691705994594776,3.0002648634495324,3.418300151561621
1.0000245570098856,0.0,0.0003835725567644696,0.0,-0.11161086509904891,0.0,1.5690113490453879,3.0002648977943753,3.4177887304808183
1.0000245075420688,0.0,0.00038303491257428494,0.0,-0.11169086509904891,0.0,1.5688524536749267,3.000264932067261,3.417278144902543
1.000024458186909,0.0,0.0003824983939877701,0.0,-0.1117708650990489,0.0,1.568693912369176,3.000264966268374,3.4167683934195505
1.0000244089441304,0.0,0.0003819629978692718,0.0,-0.1118508650990489,0.0,1.5685357241488027,3.000265000397863,3.4162594750902113
1.0000243598134402,0.0,0.000381428721094396,0.0,-0.1119308650990489,0.0,1.56837788804222,3.0002650344559036,3.4157513901736607
1.0000243107945561,0.0,0.0003808955605493635,0.0,-0.1120108650990489,0.0,1.5682204030794467,3.000265068442661,3.4152441368462996
1.000024261887197,0.0,0.0003803635131311899,0.0,-0.11209086509904889,0.0,1.5680632682920157,3.000265102358297,3.4147377152668925
1.0000242130910795,0.0,0.00037983257574781583,0.0,-0.11217086509904889,0.0,1.5679064827173403,3.000265136202976,3.4142321241634184
1.0000241644059205,0.0,0.00037930274531788324,0.0,-0.11225086509904889,0.0,1.567750045394873,3.000265169976863,3.413727364381977
1.000024115831439,0.0,0.000378774018770672,0.0,-0.11233086509904888,0.0,1.5675939553674052,3.000265203680123,3.4132234341017904
1.0000240673673568,0.0,0.00037824639304614847,0.0,-0.11241086509904888,0.0,1.5674382116815817,3.000265237312911,3.412720332988279
1.00002401901339,0.0,0.0003777198650948798,0.0,-0.11249086509904888,0.0,1.5672828133871617,3.0002652708754,3.4122180592025324
1.0000239707692602,0.0,0.0003771944318779934,0.0,-0.11257086509904887,0.0,1.5671277595362143,3.000265304367749,3.411716614447568
1.0000239226346896,0.0,0.0003766700903671382,0.0,-0.11265086509904887,0.0,1.5669730491854228,3.000265337790118,3.411215996827073
1.0000238746094028,0.0,0.0003761468375443401,0.0,-0.11273086509904887,0.0,1.5668186813931277,3.000265371142664,3.4107162049188573
1.0000238266931183,0.0,0.00037562467040223575,0.0,-0.11281086509904886,0.0,1.5666646552225105,3.000265404425554,3.4102172386709824
1.0000237788855613,0.0,0.00037510358594366875,0.0,-0.11289086509904886,0.0,1.5665109697385726,3.0002654376389475,3.4097190980225003
1.0000237311864535,0.0,0.00037458358118195657,0.0,-0.11297086509904886,0.0,1.5663576240113608,3.000265470783006,3.4092217809056655
1.0000236835955212,0.0,0.0003740646531406068,0.0,-0.11305086509904885,0.0,1.5662046171116262,3.000265503857889,3.4087252891191064
1.0000236361124932,0.0,0.0003735467988533999,0.0,-0.11313086509904885,0.0,1.5660519481145574,3.0002655368637465,3.4082296194551303
1.0000235887370885,0.0,0.0003730300153644556,0.0,-0.11321086509904885,0.0,1.5658996160986158,3.000265569800752,3.4077347711258787
1.0000235414690404,0.0,0.0003725142997278751,0.0,-0.11329086509904884,0.0,1.565747620145046,3.0002656026690486,3.4072407453862557
1.0000234943080717,0.0,0.00037199964900804503,0.0,-0.11337086509904884,0.0,1.5655959593389415,3.0002656354688053,3.406747540540895
1.0000234472539125,0.0,0.0003714860602793209,0.0,-0.11345086509904884,0.0,1.5654446327672835,3.0002656682001754,3.4062551569065986
1.000023400306288,0.0,0.0003709735306262671,0.0,-0.11353086509904883,0.0,1.565293639521638,3.000265700863319,3.405763592111631
1.0000233534649328,0.0,0.0003704620571432096,0.0,-0.11361086509904883,0.0,1.5651429786944397,3.0002657334583853,3.4052728451846255
1.0000233067295738,0.0,0.0003699516369346012,0.0,-0.11369086509904883,0.0,1.5649926493830424,3.0002657659855374,3.4047829174958792
1.000023260099941,0.0,0.00036944226711482314,0.0,-0.11377086509904882,0.0,1.5648426506878756,3.000265798444931,3.4042938059523937
1.000023213575767,0.0,0.0003689339448080935,0.0,-0.11385086509904882,0.0,1.5646929817111825,3.000265830836716,3.403805512856776
1.0000231671567834,0.0,0.0003684266671484328,0.0,-0.11393086509904882,0.0,1.5645436415594638,3.000265863161052,3.4033180345622065
1.000023120842723,0.0,0.00036792043127973793,0.0,-0.11401086509904881,0.0,1.564394629341306,3.00026589541809,3.4028313725402004
1.0000230746333179,0.0,0.0003674152343556183,0.0,-0.11409086509904881,0.0,1.5642459441684904,3.000265927607989,3.4023455237802875
1.0000230285283016,0.0,0.00036691107353943586,0.0,-0.11417086509904881,0.0,1.5640975851570709,3.0002659597309,3.401860488544646
1.0000229825274105,0.0,0.0003664079460041506,0.0,-0.1142508650990488,0.0,1.5639495514235309,3.000265991786976,3.401376267091908
1.0000229366303783,0.0,0.0003659058489325031,0.0,-0.1143308650990488,0.0,1.5638018420896633,3.0002660237763688,3.400892857298653
1.000022890836942,0.0,0.0003654047795166252,0.0,-0.1144108650990488,0.0,1.5636544562790677,3.000266055699234,3.400410258954829
1.0000228451468354,0.0,0.000364904734958494,0.0,-0.1144908650990488,0.0,1.5635073931190737,3.000266087555724,3.3999284714475646
1.0000227995598,0.0,0.00036440571246930213,0.0,-0.11457086509904879,0.0,1.563360651738262,3.000266119345983,3.399447494067424
1.0000227540755708,0.0,0.0003639077092699527,0.0,-0.11465086509904879,0.0,1.5632142312701693,3.000266151070169,3.3989673257384494
1.0000227086938835,0.0,0.00036341072259073176,0.0,-0.11473086509904878,0.0,1.5630681308508796,3.0002661827284367,3.3984879655460203
1.0000226634144826,0.0,0.0003629147496712449,0.0,-0.11481086509904878,0.0,1.5629223496175746,3.000266214320926,3.398009412982408
1.0000226182371024,0.0,0.0003624197877605566,0.0,-0.11489086509904878,0.0,1.5627768867129783,3.0002662458478,3.397531666532284
1.0000225731614905,0.0,0.0003619258341170367,0.0,-0.11497086509904877,0.0,1.5626317412794972,3.0002662773091893,3.39705472707162
1.0000225281873791,0.0,0.0003614328860083473,0.0,-0.11505086509904877,0.0,1.5624869124658363,3.0002663087052657,3.3965785921670726
1.0000224833145148,0.0,0.0003609409407114157,0.0,-0.11513086509904877,0.0,1.5623423994215355,3.0002663400361635,3.3961032627240173
1.0000224385426406,0.0,0.0003604499955123242,0.0,-0.11521086509904876,0.0,1.5621982012987958,3.0002663713020326,3.395628736529126
1.0000223938714992,0.0,0.0003599600477062989,0.0,-0.11529086509904876,0.0,1.5620543172531862,3.000266402503023,3.395155012947784
1.0000223493008302,0.0,0.0003594710945979766,0.0,-0.11537086509904876,0.0,1.5619107464449502,3.0002664336392852,3.3946820911992623
1.000022304830379,0.0,0.0003589831335008105,0.0,-0.11545086509904876,0.0,1.5617674880336028,3.0002664647109683,3.3942099708027578
1.000022260459896,0.0,0.0003584961617373524,0.0,-0.11553086509904875,0.0,1.5616245411829213,3.000266495718205,3.39373865258981
1.0000222161891201,0.0,0.0003580101766393497,0.0,-0.11561086509904875,0.0,1.561481905061306,3.0002665266611577,3.3932681306281456
1.0000221720177997,0.0,0.00035752517554738205,0.0,-0.11569086509904875,0.0,1.561339578836586,3.000266557539965,3.3927984093626047
1.000022127945682,0.0,0.0003570411558109988,0.0,-0.11577086509904874,0.0,1.5611975616819234,3.0002665883547763,3.3923294858445736
1.000022083972513,0.0,0.00035655811478879217,0.0,-0.11585086509904874,0.0,1.561055852772898,3.000266619105736,3.3918613601676726
1.0000220400980417,0.0,0.0003560760498481449,0.0,-0.11593086509904874,0.0,1.5609144512868385,3.0002666497929864,3.391394029976233
1.0000219963220183,0.0,0.00035559495836521746,0.0,-0.11601086509904873,0.0,1.560773356403283,3.000266680416672,3.39092749575083
1.0000219526441896,0.0,0.0003551148377251537,0.0,-0.11609086509904873,0.0,1.5606325673071295,3.000266710976941,3.390461755996652
1.0000219090643059,0.0,0.00035463568532175037,0.0,-0.11617086509904873,0.0,1.5604920831839242,3.000266741473936,3.3899968102159423
1.0000218655821171,0.0,0.00035415749855769303,0.0,-0.11625086509904872,0.0,1.5603519032224626,3.0002667719077984,3.3895326576373814
1.000021822197379,0.0,0.0003536802748440169,0.0,-0.11633086509904872,0.0,1.560212026612585,3.0002668022786687,3.389069297780227
1.0000217789098382,0.0,0.00035320401160091074,0.0,-0.11641086509904872,0.0,1.5600724525504481,3.0002668325866937,3.388606727869072
1.0000217357192467,0.0,0.0003527287062568744,0.0,-0.11649086509904871,0.0,1.5599331802319887,3.000266862832021,3.3881449496623612
1.0000216926253616,0.0,0.00035225435624908284,0.0,-0.11657086509904871,0.0,1.5597942088559007,3.0002668930147824,3.3876839598908903
1.0000216496279355,0.0,0.00035178095902328076,0.0,-0.1166508650990487,0.0,1.5596555376244086,3.0002669231351224,3.387223759796027
1.0000216067267191,0.0,0.00035130851203384045,0.0,-0.1167308650990487,0.0,1.5595171657433473,3.0002669531931887,3.3867643483718073
1.0000215639214707,0.0,0.00035083701274348146,0.0,-0.1168108650990487,0.0,1.5593790924189894,3.0002669831891158,3.3863057226736224
1.0000215212119457,0.0,0.000350366458623482,0.0,-0.1168908650990487,0.0,1.5592413168607546,3.0002670131230436,3.385847883118606
1.0000214785978985,0.0,0.00034989684715355,0.0,-0.1169708650990487,0.0,1.559103838282428,3.0002670429951164,3.3853908291457233
1.0000214360790887,0.0,0.00034942817582170874,0.0,-0.11705086509904869,0.0,1.5589666558971969,3.0002670728054683,3.384934560637163
1.000021393655271,0.0,0.00034896044212442745,0.0,-0.11713086509904869,0.0,1.5588297689244135,3.0002671025542442,3.384479074120897
1.0000213513262053,0.0,0.0003484936435664807,0.0,-0.11721086509904868,0.0,1.5586931765835166,3.00026713224158,3.3840243721411287
1.000021309091648,0.0,0.00034802777766098297,0.0,-0.11729086509904868,0.0,1.5585568780978452,3.000267161867616,3.3835704508680196
1.0000212669513595,0.0,0.00034756284192922137,0.0,-0.11737086509904868,0.0,1.5584208726925817,3.0002671914324917,3.3831173119389866
1.000021224905102,0.0,0.000347098833900738,0.0,-0.11745086509904867,0.0,1.5582851595942908,3.000267220936338,3.3826649520669996
1.0000211829526324,0.0,0.0003466357511133567,0.0,-0.11753086509904867,0.0,1.5581497380350102,3.0002672503793,3.382213370766412
1.0000211410937139,0.0,0.0003461735911129357,0.0,-0.11761086509904867,0.0,1.5580146072468122,3.0002672797615118,3.381762569814513
1.0000210993281078,0.0,0.0003457123514535821,0.0,-0.11769086509904866,0.0,1.557879766465228,3.0002673090831085,3.3813125449741914
1.0000210576555748,0.0,0.0003452520296974533,0.0,-0.11777086509904866,0.0,1.5577452149290023,3.000267338344233,3.3808632971265222
1.0000210160758818,0.0,0.0003447926234146814,0.0,-0.11785086509904866,0.0,1.5576109518772285,3.000267367545013,3.3804148254840016
1.000020974588789,0.0,0.0003443341301837033,0.0,-0.11793086509904865,0.0,1.5574769765536052,3.0002673966855866,3.3799671293259266
1.00002093319406,0.0,0.00034387654759061886,0.0,-0.11801086509904865,0.0,1.5573432882036098,3.000267425766097,3.379520205686292
1.0000208918914621,0.0,0.000343419873229767,0.0,-0.11809086509904865,0.0,1.5572098860746393,3.000267454786668,3.3790740556038474
1.0000208506807604,0.0,0.0003429641047032833,0.0,-0.11817086509904864,0.0,1.557076769417318,3.0002674837474372,3.378628677958802
1.0000208095617185,0.0,0.0003425092396212205,0.0,-0.11825086509904864,0.0,1.5569439374843714,3.0002675126485467,3.378184070678621
1.0000207685341047,0.0,0.0003420552756016067,0.0,-0.11833086509904864,0.0,1.5568113895304903,3.0002675414901225,3.3777402340027893
1.0000207275976878,0.0,0.0003416022102701912,0.0,-0.11841086509904863,0.0,1.5566791248137712,3.0002675702722965,3.377297167704567
1.0000206867522325,0.0,0.00034115004126062596,0.0,-0.11849086509904863,0.0,1.556547142593868,3.0002675989952086,3.3768548698482586
1.0000206459975074,0.0,0.00034069876621437093,0.0,-0.11857086509904863,0.0,1.5564154421339658,3.0002676276589906,3.376413339026695
1.0000206053332854,0.0,0.0003402483827804953,0.0,-0.11865086509904862,0.0,1.5562840226977828,3.0002676562637665,3.375972575417674
1.0000205647593297,0.0,0.00033979888861593625,0.0,-0.11873086509904862,0.0,1.5561528835535636,3.0002676848096854,3.375532578207091
1.0000205242754165,0.0,0.0003393502813852169,0.0,-0.11881086509904862,0.0,1.5560220239699376,3.0002677132968625,3.375093345897777
1.0000204838813145,0.0,0.0003389025587606476,0.0,-0.11889086509904861,0.0,1.5558914432191884,3.000267741725434,3.3746548773435485
1.0000204435767959,0.0,0.0003384557184220514,0.0,-0.11897086509904861,0.0,1.555761140575603,3.000267770095531,3.3742171711297533
1.0000204033616285,0.0,0.00033800975805692583,0.0,-0.11905086509904861,0.0,1.5556311153167817,3.000267798407293,3.373780228185259
1.00002036323559,0.0,0.00033756467536027914,0.0,-0.1191308650990486,0.0,1.555501366719865,3.000267826660839,3.3733440456998838
1.0000203231984515,0.0,0.00033712046803473515,0.0,-0.1192108650990486,0.0,1.5553718940673578,3.0002678548563027,3.37290862308291
1.0000202832499852,0.0,0.00033667713379034975,0.0,-0.1192908650990486,0.0,1.555242696642959,3.00026788299382,3.3724739630640745
1.000020243389967,0.0,0.00033623467034482385,0.0,-0.1193708650990486,0.0,1.5551137737330645,3.0002679110735118,3.3720400586676313
1.0000202036181733,0.0,0.00033579307542299226,0.0,-0.11945086509904859,0.0,1.5549851246240518,3.0002679390955103,3.371606913962944
1.0000201639343786,0.0,0.00033535234675745925,0.0,-0.11953086509904859,0.0,1.5548567486080944,3.0002679670599415,3.3711745242306623
1.000020124338355,0.0,0.0003349124820881258,0.0,-0.11961086509904859,0.0,1.5547286449788986,3.000267994966943,3.3707428903753502
1.0000200848298872,0.0,0.00033447347916199167,0.0,-0.11969086509904858,0.0,1.5546008130286324,3.0002680228166305,3.3703120115633385
1.0000200454087471,0.0,0.00033403533573380035,0.0,-0.11977086509904858,0.0,1.5544732520568239,3.0002680506091384,3.3698818870260525
1.0000200060747113,0.0,0.00033359804956542696,0.0,-0.11985086509904858,0.0,1.554345961363571,3.000268078344597,3.369452515391498
1.0000199668275622,0.0,0.00033316161842586505,0.0,-0.11993086509904857,0.0,1.5542189402489675,3.000268106023129,3.3690238960281493
1.0000199276670751,0.0,0.0003327260400917185,0.0,-0.12001086509904857,0.0,1.5540921880189644,3.000268133644863,3.368596028058604
1.0000198885930338,0.0,0.00033229131234647103,0.0,-0.12009086509904857,0.0,1.5539657039786474,3.0002681612099193,3.3681689101954233
1.0000198496052168,0.0,0.00033185743298088884,0.0,-0.12017086509904856,0.0,1.553839487436755,3.0002681887184313,3.3677425410408452
1.0000198107034006,0.0,0.00033142439979314074,0.0,-0.12025086509904856,0.0,1.5537135377054283,3.0002682161705287,3.367316921336602
1.0000197718873742,0.0,0.0003309922105881706,0.0,-0.12033086509904856,0.0,1.5535878540959178,3.000268243566323,3.366892047926558
1.0000197331569132,0.0,0.00033056086317831396,0.0,-0.12041086509904855,0.0,1.5534624359249054,3.0002682709059516,3.366467920440699
1.000019694511804,0.0,0.00033013035538287795,0.0,-0.12049086509904855,0.0,1.5533372825091316,3.00026829818953,3.366044540559183
1.000019655951827,0.0,0.0003297006850281669,0.0,-0.12057086509904855,0.0,1.5532123931678097,3.0002683254171933,3.365621903409849
1.0000196174767686,0.0,0.00032927184994767324,0.0,-0.12065086509904854,0.0,1.5530877672237442,3.000268352589054,3.365200010091708
1.0000195790864084,0.0,0.0003288438479818089,0.0,-0.12073086509904854,0.0,1.5529634040008178,3.0002683797052474,3.364778859562962
1.0000195407805372,0.0,0.00032841667697783376,0.0,-0.12081086509904854,0.0,1.5528393028231493,3.000268406765886,3.364358452353768
1.0000195025589342,0.0,0.0003279903347902616,0.0,-0.12089086509904853,0.0,1.5527154630226114,3.000268433771102,3.3639387855439127
1.0000194644213891,0.0,0.00032756481928018766,0.0,-0.12097086509904853,0.0,1.5525918839270745,3.0002684607210144,3.363519855982062
1.0000194263676891,0.0,0.00032714012831575674,0.0,-0.12105086509904853,0.0,1.5524685648690792,3.000268487615742,3.3631016672695226
1.0000193883976174,0.0,0.0003267162597720935,0.0,-0.12113086509904852,0.0,1.5523455051845678,3.0002685144554153,3.362684217415571
1.0000193505109671,0.0,0.0003262932115308599,0.0,-0.12121086509904852,0.0,1.5522227042086858,3.000268541240146,3.3622675027570104
1.0000193127075205,0.0,0.00032587098148094195,0.0,-0.12129086509904852,0.0,1.5521001612820293,3.0002685679700645,3.36185152552125
1.0000192749870727,0.0,0.00032544956751755596,0.0,-0.12137086509904851,0.0,1.5519778757440994,3.000268594645282,3.361436282823339
1.0000192373494052,0.0,0.0003250289675430828,0.0,-0.12145086509904851,0.0,1.5518558469397705,3.0002686212659366,3.3610217747136346
1.0000191997943149,0.0,0.0003246091794663986,0.0,-0.12153086509904851,0.0,1.551734074212009,3.0002686478321285,3.3606079994221054
1.0000191623215866,0.0,0.00032419020120316174,0.0,-0.1216108650990485,0.0,1.5516125569104156,3.0002686743439977,3.360194955394304
1.0000191249310162,0.0,0.0003237720306757601,0.0,-0.1216908650990485,0.0,1.5514912943827053,3.0002687008016444,3.359782644691799
1.0000190876223927,0.0,0.0003233546658130783,0.0,-0.1217708650990485,0.0,1.5513702859805059,3.0002687272052024,3.3593710630640308
1.0000190503955062,0.0,0.00032293810455088335,0.0,-0.1218508650990485,0.0,1.5512495310585914,3.0002687535547894,3.3589602108688426
1.000019013250151,0.0,0.0003225223448313351,0.0,-0.12193086509904849,0.0,1.551129028971105,3.0002687798505243,3.3585500873389114
1.0000189761861233,0.0,0.0003221073846032245,0.0,-0.12201086509904849,0.0,1.5510087790755236,3.0002688060925156,3.3581406907989013
1.000018939203213,0.0,0.00032169322182193735,0.0,-0.12209086509904848,0.0,1.55088878073213,3.000268832280894,3.357732022820917
1.0000189023012154,0.0,0.00032127985444941384,0.0,-0.12217086509904848,0.0,1.5507690333021509,3.000268858415773,3.357324078219386
1.0000188654799276,0.0,0.00032086728045403545,0.0,-0.12225086509904848,0.0,1.550649536149054,3.000268884497264,3.356916858983662
1.0000188287391385,0.0,0.0003204554978107217,0.0,-0.12233086509904847,0.0,1.5505302886393972,3.0002689105255023,3.3565103632869553
1.000018792078653,0.0,0.0003200445045007007,0.0,-0.12241086509904847,0.0,1.5504112901384162,3.0002689365005835,3.3561045908127296
1.0000187554982602,0.0,0.0003196342985119124,0.0,-0.12249086509904847,0.0,1.5502925400186838,3.000268962422639,3.355699538901894
1.0000187189977612,0.0,0.0003192248778384045,0.0,-0.12257086509904846,0.0,1.5501740376502373,3.0002689882917797,3.355295209030339
1.0000186825769506,0.0,0.00031881624048082165,0.0,-0.12265086509904846,0.0,1.5500557824070405,3.0002690141081256,3.354891598889423
1.00001864623563,0.0,0.00031840838444605453,0.0,-0.12273086509904846,0.0,1.5499377736645366,3.0002690398717853,3.3544887065539717
1.0000186099735946,0.0,0.0003180013077473537,0.0,-0.12281086509904846,0.0,1.5498200107998432,3.000269065582883,3.35408653338587
1.0000185737906442,0.0,0.00031759500840429023,0.0,-0.12289086509904845,0.0,1.5497024931931465,3.000269091241533,3.3536850750373794
1.0000185376865813,0.0,0.00031718948444271804,0.0,-0.12297086509904845,0.0,1.5495852202252844,3.000269116847842,3.3532843345721695
1.000018501661204,0.0,0.00031678473389472187,0.0,-0.12305086509904845,0.0,1.5494681912797534,3.0002691424019305,3.3528843089402316
1.0000184657143105,0.0,0.0003163807547987185,0.0,-0.12313086509904844,0.0,1.5493514057428845,3.00026916790392,3.3524849970514983
1.000018429845706,0.0,0.00031597754519915644,0.0,-0.12321086509904844,0.0,1.5492348630001131,3.000269193353917,3.3520863981771485
1.000018394055191,0.0,0.0003155751031469218,0.0,-0.12329086509904844,0.0,1.5491185624418469,3.0002692187520315,3.351688511172322
1.0000183583425686,0.0,0.00031517342669878825,0.0,-0.12337086509904843,0.0,1.5490025034580666,3.000269244098384,3.351291334911093
1.0000183227076398,0.0,0.0003147725139179407,0.0,-0.12345086509904843,0.0,1.5488866854434338,3.0002692693930855,3.3508948694192773
1.0000182871502086,0.0,0.00031437236287350673,0.0,-0.12353086509904843,0.0,1.5487711077911854,3.0002692946362517,3.350499112586143
1.00001825167008,0.0,0.00031397297164076327,0.0,-0.12361086509904842,0.0,1.548655769898979,3.00026931982799,3.350104064348404
1.0000182162670597,0.0,0.0003135743383010497,0.0,-0.12369086509904842,0.0,1.5485406711648282,3.0002693449684115,3.3497097242622473
1.0000181809409494,0.0,0.0003131764609418042,0.0,-0.12377086509904842,0.0,1.5484258109899343,3.000269370057635,3.3493160899747108
1.0000181456915553,0.0,0.0003127793376564132,0.0,-0.12385086509904841,0.0,1.548311188776306,3.0002693950957737,3.3489231594786997
1.0000181105186852,0.0,0.0003123829665443282,0.0,-0.12393086509904841,0.0,1.5481968039278937,3.000269420082932,3.3485309353618113
1.0000180754221422,0.0,0.0003119873457110153,0.0,-0.1240108650990484,0.0,1.5480826558520702,3.0002694450192298,3.348139415253791
1.000018040401738,0.0,0.0003115924732677667,0.0,-0.1240908650990484,0.0,1.5479687439546657,3.0002694699047656,3.347748594441154
1.0000180054572791,0.0,0.00031119834733188775,0.0,-0.1241708650990484,0.0,1.54785506764671,3.000269494739656,3.34735847757915
1.0000179705885692,0.0,0.0003108049660267098,0.0,-0.1242508650990484,0.0,1.54774162634108,3.0002695195240205,3.346969061920076
1.000017935795423,0.0,0.0003104123274812138,0.0,-0.1243308650990484,0.0,1.5476284194482808,3.0002695442579546,3.3465803422403058
1.0000179010776464,0.0,0.00031002042983046104,0.0,-0.12441086509904839,0.0,1.5475154463861338,3.0002695689415764,3.3461923227390327
1.0000178664350479,0.0,0.0003096292712153491,0.0,-0.12449086509904839,0.0,1.5474027065703733,3.000269593574996,3.345805001112882
1.0000178318674415,0.0,0.0003092388497824268,0.0,-0.12457086509904838,0.0,1.5472901994203123,3.0002696181583133,3.3454183772178805
1.0000177973746345,0.0,0.00030884916368420864,0.0,-0.12465086509904838,0.0,1.5471779243571797,3.0002696426916495,3.3450324484133103
1.0000177629564377,0.0,0.0003084602110789579,0.0,-0.12473086509904838,0.0,1.54706588080274,3.0002696671751115,3.3446472134486234
1.000017728612665,0.0,0.00030807199013068636,0.0,-0.12481086509904837,0.0,1.5469540681820766,3.0002696916088003,3.34426267273728
1.0000176943431274,0.0,0.00030768449900905816,0.0,-0.12489086509904837,0.0,1.5468424859204648,3.0002697159928338,3.343878824275433
1.0000176601476414,0.0,0.00030729773588961687,0.0,-0.12497086509904837,0.0,1.5467311334452427,3.000269740327301,3.3434956674982663
1.0000176260260127,0.0,0.00030691169895355204,0.0,-0.12505086509904836,0.0,1.5466200101876622,3.000269764612334,3.3431132016733933
1.0000175919780623,0.0,0.0003065263863875864,0.0,-0.12513086509904836,0.0,1.5465091155776787,3.000269788848022,3.342731424850356
1.000017558003597,0.0,0.00030614179638434465,0.0,-0.12521086509904836,0.0,1.54639844905014,3.0002698130344885,3.3423503382868374
1.0000175241024403,0.0,0.0003057579271417739,0.0,-0.12529086509904835,0.0,1.5462880100372591,3.00026983717182,3.341969939760877
1.0000174902744026,0.0,0.0003053747768637205,0.0,-0.12537086509904835,0.0,1.5461777979776745,3.000269861260134,3.341590227683702
1.000017456519294,0.0,0.0003049923437595374,0.0,-0.12545086509904835,0.0,1.546067812310569,3.0002698852995526,3.3412111988062247
1.0000174228369432,0.0,0.0003046106260440502,0.0,-0.12553086509904834,0.0,1.5459580524727279,3.0002699092901435,3.340832858929904
1.0000173892271569,0.0,0.0003042296219377167,0.0,-0.12561086509904834,0.0,1.5458485179092682,3.000269933232045,3.340455201240678
1.0000173556897571,0.0,0.0003038493296664358,0.0,-0.12569086509904834,0.0,1.5457392080615304,3.00026995712535,3.3400782278586627
1.000017322224559,0.0,0.0003034697474617827,0.0,-0.12577086509904833,0.0,1.5456301223765345,3.0002699809701663,3.339701936147492
1.0000172888313827,0.0,0.0003030908735606188,0.0,-0.12585086509904833,0.0,1.5455212602997614,3.0002700047665964,3.3393263227215138
1.0000172555100442,0.0,0.00030271270620545307,0.0,-0.12593086509904833,0.0,1.5454126212809662,3.000270028514752,3.338951391396464
1.0000172222603656,0.0,0.00030233524364410124,0.0,-0.12601086509904832,0.0,1.5453042047693162,3.000270052214727,3.338577138975823
1.000017189082166,0.0,0.0003019584841298927,0.0,-0.12609086509904832,0.0,1.5451960102173528,3.000270075866628,3.3382035652766846
1.0000171559752633,0.0,0.00030158242592150726,0.0,-0.12617086509904832,0.0,1.5450880370799784,3.0002700994705673,3.3378306683264887
1.0000171229394825,0.0,0.00030120706728297764,0.0,-0.12625086509904831,0.0,1.544980284809893,3.0002701230266346,3.3374584480842286
1.0000170899746421,0.0,0.0003008324064838593,0.0,-0.1263308650990483,0.0,1.544872752866669,3.000270146534938,3.3370869021741387
1.0000170570805609,0.0,0.0003004584417988925,0.0,-0.1264108650990483,0.0,1.54476544070799,3.0002701699955923,3.3367160312112008
1.0000170242570654,0.0,0.00030008517150819725,0.0,-0.1264908650990483,0.0,1.5446583477941842,3.0002701934086855,3.3363458342912367
1.0000169915039752,0.0,0.00029971259389722,0.0,-0.1265708650990483,0.0,1.544551473587827,3.0002702167743296,3.3359763085935707
1.000016958821115,0.0,0.000299340707256648,0.0,-0.1266508650990483,0.0,1.5444448175518606,3.0002702400926204,3.335607454138448
1.000016926208308,0.0,0.0002989695098825015,0.0,-0.1267308650990483,0.0,1.5443383791520071,3.000270263363661,3.3352392705554217
1.0000168936653797,0.0,0.00029859900007590394,0.0,-0.1268108650990483,0.0,1.5442321578541862,3.000270286587553,3.334871756513493
1.0000168611921512,0.0,0.00029822917614345405,0.0,-0.1268908650990483,0.0,1.5441261531283161,3.0002703097644012,3.3345049110404568
1.0000168287884494,0.0,0.00029786003639671664,0.0,-0.12697086509904829,0.0,1.544020364444744,3.000270332894305,3.334138732589015
1.000016796454101,0.0,0.00029749157915253473,0.0,-0.12705086509904828,0.0,1.5439147912729239,3.0002703559773622,3.3337732217023
1.00001676418893,0.0,0.0002971238027330049,0.0,-0.12713086509904828,0.0,1.5438094330890175,3.000270379013674,3.333408375403948
1.000016731992762,0.0,0.0002967567054652761,0.0,-0.12721086509904828,0.0,1.5437042893662625,3.000270402003348,3.333044192519976
1.0000166998654247,0.0,0.00029639028568159616,0.0,-0.12729086509904827,0.0,1.5435993595824051,3.0002704249464816,3.3326806751561198
1.0000166678067461,0.0,0.0002960245417194858,0.0,-0.12737086509904827,0.0,1.5434946432156664,3.0002704478431674,3.3323178218829903
1.000016635816554,0.0,0.0002956594719213232,0.0,-0.12745086509904827,0.0,1.5433901397440493,3.000270470693512,3.331955626858239
1.0000166038946776,0.0,0.00029529507463472326,0.0,-0.12753086509904826,0.0,1.5432858486488423,3.000270493497611,3.3315940943567277
1.0000165720409433,0.0,0.0002949313482124612,0.0,-0.12761086509904826,0.0,1.5431817694164234,3.0002705162555636,3.3312332212476754
1.0000165402551828,0.0,0.0002945682910120553,0.0,-0.12769086509904826,0.0,1.543077901527699,3.0002705389674684,3.3308730072059993
1.0000165085372223,0.0,0.00029420590139631536,0.0,-0.12777086509904825,0.0,1.5429742444704488,3.000270561633431,3.3305134516136663
1.000016476886894,0.0,0.00029384417773290774,0.0,-0.12785086509904825,0.0,1.5428707977317553,3.000270584253543,3.3301545508777792
1.000016445304027,0.0,0.0002934831183945109,0.0,-0.12793086509904825,0.0,1.542767560801585,3.0002706068279092,3.329796308774215
1.0000164137884562,0.0,0.0002931227217587693,0.0,-0.12801086509904824,0.0,1.542664533168523,3.0002706293566135,3.3294387196646973
1.0000163823400101,0.0,0.0002927629862083089,0.0,-0.12809086509904824,0.0,1.5425617143270451,3.000270651839762,3.329081785031772
1.0000163509585225,0.0,0.00029240391013055236,0.0,-0.12817086509904824,0.0,1.542459103768739,3.0002706742774534,3.328725503121492
1.0000163196438214,0.0,0.00029204549191812705,0.0,-0.12825086509904823,0.0,1.5423567009913046,3.0002706966697863,3.3283698751350697
1.0000162883957444,0.0,0.000291687729968197,0.0,-0.12833086509904823,0.0,1.5422545054905956,3.0002707190168527,3.328014895913777
1.0000162572141236,0.0,0.0002913306226829946,0.0,-0.12841086509904823,0.0,1.5421525167635721,3.0002707413187513,3.327660568284308
1.0000162260987906,0.0,0.00029097416846966026,0.0,-0.12849086509904822,0.0,1.5420507343121816,3.00027076357558,3.3273068880548875
1.000016195049582,0.0,0.00029061836573999816,0.0,-0.12857086509904822,0.0,1.5419491576368738,3.0002707857874333,3.3269538589263057
1.0000161640663305,0.0,0.00029026321291078907,0.0,-0.12865086509904822,0.0,1.541847786240524,3.0002708079544105,3.326601474605299
1.0000161331488755,0.0,0.00028990870840345706,0.0,-0.12873086509904821,0.0,1.5417466196261955,3.000270830076597,3.3262497370693866
1.000016102297047,0.0,0.00028955485064449205,0.0,-0.1288108650990482,0.0,1.5416456573024755,3.000270852154097,3.3258986461986266
1.0000160715106832,0.0,0.0002892016380648192,0.0,-0.1288908650990482,0.0,1.5415448987743003,3.000270874187009,3.3255481973853573
1.0000160407896224,0.0,0.00028884906910031915,0.0,-0.1289708650990482,0.0,1.541444343551561,3.0002708961754165,3.3251983945521477
1.000016010133701,0.0,0.00028849714219151884,0.0,-0.1290508650990482,0.0,1.5413439911439213,3.000270918119418,3.3248492329289037
1.0000159795427503,0.0,0.0002881458557837989,0.0,-0.1291308650990482,0.0,1.5412438410652396,3.0002709400191248,3.324500710882214
1.0000159490166198,0.0,0.00028779520832698926,0.0,-0.1292108650990482,0.0,1.5411438928241161,3.0002709618745977,3.3241528332116586
1.0000159185551358,0.0,0.0002874451982759346,0.0,-0.1292908650990482,0.0,1.541044145939685,3.000270983685963,3.3238055937862154
1.0000158881581451,0.0,0.000287095824089824,0.0,-0.1293708650990482,0.0,1.5409445999259377,3.000271005453293,3.3234589922396918
1.0000158578254827,0.0,0.0002867470842326696,0.0,-0.12945086509904818,0.0,1.5408452543009081,3.000271027176695,3.3231130283292734
1.0000158275569928,0.0,0.0002863989771731057,0.0,-0.12953086509904818,0.0,1.5407461085829557,3.0002710488562423,3.322767700755396
1.0000157973525052,0.0,0.00028605150138438074,0.0,-0.12961086509904818,0.0,1.5406471622955404,3.0002710704920657,3.3224230104432637
1.0000157672118732,0.0,0.0002857046553442479,0.0,-0.12969086509904817,0.0,1.540548414955606,3.0002710920842137,3.3220789555372936
1.0000157371349292,0.0,0.000285358437535205,0.0,-0.12977086509904817,0.0,1.5404498660903434,3.000271113632806,3.3217355327906026
1.0000157071215174,0.0,0.0002850128464441906,0.0,-0.12985086509904817,0.0,1.5403515152234768,3.000271135137925,3.321392743267515
1.0000156771714799,0.0,0.00028466788056259615,0.0,-0.12993086509904817,0.0,1.5402533618784555,3.0002711565996694,3.3210505873385476
1.0000156472846573,0.0,0.0002843235383866905,0.0,-0.13001086509904816,0.0,1.5401554055867315,3.0002711780181235,3.320709059758781
1.0000156174608918,0.0,0.0002839798184169457,0.0,-0.13009086509904816,0.0,1.5400576458755533,3.0002711993933877,3.320368162782165
1.0000155877000292,0.0,0.0002836367191584506,0.0,-0.13017086509904816,0.0,1.5399600822757207,3.0002712207255415,3.3200278939350207
1.0000155580019092,0.0,0.00028329423912075305,0.0,-0.13025086509904815,0.0,1.5398627143188248,3.0002712420146898,3.319688258160553
1.000015528366378,0.0,0.0002829523768178086,0.0,-0.13033086509904815,0.0,1.539765541537448,3.000271263260919,3.319349246091272
1.0000154987932799,0.0,0.0002826111307682225,0.0,-0.13041086509904815,0.0,1.5396685634671732,3.0002712844643122,3.319010862318714
1.0000154692824617,0.0,0.00028227049949479334,0.0,-0.13049086509904814,0.0,1.5395717796418635,3.000271305624959,3.318673101856555
1.0000154398337617,0.0,0.00028193048152494677,0.0,-0.13057086509904814,0.0,1.5394751896017251,3.000271326742969,3.318335966462436
1.0000154104470333,0.0,0.00028159107539030054,0.0,-0.13065086509904814,0.0,1.5393787928832239,3.0002713478184093,3.3179994520756475
1.0000153811221195,0.0,0.00028125227962704354,0.0,-0.13073086509904813,0.0,1.5392825890264024,3.000271368851378,3.317663564424203
1.0000153518588657,0.0,0.00028091409277571967,0.0,-0.13081086509904813,0.0,1.5391865775740692,3.000271389841964,3.3173282961477004
1.0000153226571171,0.0,0.0002805765133810791,0.0,-0.13089086509904813,0.0,1.5390907580681354,3.000271410790271,3.3169936486499894
1.0000152935167255,0.0,0.00028023953999237357,0.0,-0.13097086509904812,0.0,1.538995130053098,3.000271431696365,3.316659621645733
1.0000152644375344,0.0,0.00027990317116314515,0.0,-0.13105086509904812,0.0,1.5388996930742478,3.00027145256035,3.316326213077411
1.0000152354193934,0.0,0.00027956740545117653,0.0,-0.13113086509904812,0.0,1.5388044466784772,3.0002714733823126,3.315993420705781
1.0000152064621524,0.0,0.00027923224141856187,0.0,-0.1312108650990481,0.0,1.5387093904127946,3.0002714941623356,3.315661248517996
1.0000151775656598,0.0,0.000278897677631751,0.0,-0.1312908650990481,0.0,1.5386145238278133,3.000271514900506,3.3153296899128857
1.0000151487297628,0.0,0.0002785637126614145,0.0,-0.1313708650990481,0.0,1.5385198464752523,3.000271535596922,3.314998745445571
1.0000151199543152,0.0,0.0002782303450823789,0.0,-0.1314508650990481,0.0,1.5384253579039493,3.000271556251658,3.3146684171584946
1.0000150912391614,0.0,0.0002778975734739334,0.0,-0.1315308650990481,0.0,1.5383310576711642,3.0002715768648174,3.314338699742472
1.0000150625841597,0.0,0.000277565396419308,0.0,-0.1316108650990481,0.0,1.538236945328767,3.000271597436464,3.3140095972782544
1.0000150339891531,0.0,0.00027723381250615344,0.0,-0.1316908650990481,0.0,1.5381430204342046,3.000271617966712,3.313681105106893
1.0000150054539958,0.0,0.0002769028203262366,0.0,-0.1317708650990481,0.0,1.5380492825456364,3.0002716384556356,3.3133532242559522
1.0000149769785402,0.0,0.0002765724184754225,0.0,-0.1318508650990481,0.0,1.5379557312204546,3.0002716589033236,3.3130259515515674
1.000014948562639,0.0,0.0002762426055538319,0.0,-0.13193086509904808,0.0,1.5378623660182833,3.0002716793098583,3.3126992856809467
1.000014920206145,0.0,0.0002759133801656796,0.0,-0.13201086509904808,0.0,1.5377691865010505,3.0002716996753267,3.3123732287169183
1.0000148919089096,0.0,0.0002755847409194019,0.0,-0.13209086509904808,0.0,1.5376761922317055,3.0002717199998155,3.312047778740935
1.0000148636707873,0.0,0.00027525668642742524,0.0,-0.13217086509904807,0.0,1.5375833827742746,3.0002717402834094,3.3117229343966876
1.0000148354916345,0.0,0.00027492921530625127,0.0,-0.13225086509904807,0.0,1.5374907576908312,3.000271760526189,3.3113986943069063
1.0000148073712973,0.0,0.0002746023261766915,0.0,-0.13233086509904807,0.0,1.537398316552476,3.0002717807282613,3.3110750591510802
1.0000147793096377,0.0,0.0002742760176634081,0.0,-0.13241086509904806,0.0,1.5373060589236405,3.000271800889687,3.310752025963189
1.000014751306507,0.0,0.000273950288395168,0.0,-0.13249086509904806,0.0,1.537213984374656,3.000271821010568,3.3104295936234376
1.0000147233617613,0.0,0.0002736251370048495,0.0,-0.13257086509904806,0.0,1.5371220924758096,3.000271841090982,3.310107766309629
1.0000146954752593,0.0,0.0002733005621292324,0.0,-0.13265086509904805,0.0,1.5370303827962584,3.000271861131006,3.3097865356549083
1.0000146676468513,0.0,0.0002729765624093071,0.0,-0.13273086509904805,0.0,1.5369388549122913,3.0002718811307427,3.3094659047733286
1.0000146398764018,0.0,0.00027265313648982696,0.0,-0.13281086509904805,0.0,1.53684750839418,3.00027190109025,3.309145873052556
1.0000146121637588,0.0,0.00027233028301976945,0.0,-0.13289086509904804,0.0,1.5367563428203206,3.0002719210096416,3.308826435386147
1.0000145845087896,0.0,0.0002720080006518388,0.0,-0.13297086509904804,0.0,1.5366653577635103,3.0002719408889678,3.3085075974692364
1.00001455691134,0.0,0.00027168628804294875,0.0,-0.13305086509904804,0.0,1.5365745528061288,3.000271960728352,3.3081893556118143
1.0000145293712774,0.0,0.00027136514385374085,0.0,-0.13313086509904803,0.0,1.5364839275234705,3.000271980527846,3.307871706907693
1.0000145018884594,0.0,0.00027104456674890764,0.0,-0.13321086509904803,0.0,1.536393481496163,3.0002720002875347,3.3075546522144474
1.0000144744627402,0.0,0.0002707245553970193,0.0,-0.13329086509904803,0.0,1.5363032143062123,3.00027202000752,3.307238189439761
1.0000144470939822,0.0,0.0002704051084705735,0.0,-0.13337086509904802,0.0,1.5362131255361908,3.0002720396878697,3.3069223187530397
1.0000144197820466,0.0,0.0002700862246458792,0.0,-0.13345086509904802,0.0,1.5361232147692876,3.000272059328665,3.306607038831838
1.00001439252679,0.0,0.00026976790260321956,0.0,-0.13353086509904802,0.0,1.5360334815911012,3.000272078929999,3.306292350852651
1.0000143653280738,0.0,0.00026945014102675344,0.0,-0.13361086509904802,0.0,1.535943925587354,3.000272098491944,3.305978249750704
1.0000143381857578,0.0,0.00026913293860432355,0.0,-0.133690865099048,0.0,1.5358545463464064,3.000272118014595,3.305664739707115
1.0000143110997082,0.0,0.00026881629402773544,0.0,-0.133770865099048,0.0,1.5357653434553944,3.0002721374980097,3.305351812711354
1.0000142840697792,0.0,0.00026850020599265243,0.0,-0.133850865099048,0.0,1.5356763165051737,3.0002721569422977,3.305039474767903
1.0000142570958401,0.0,0.00026818467319836444,0.0,-0.133930865099048,0.0,1.5355874650851242,3.000272176347516,3.30472771985756
1.0000142301777466,0.0,0.0002678696943482551,0.0,-0.134010865099048,0.0,1.535498788790069,3.000272195713762,3.304416552259437
1.0000142033153663,0.0,0.00026755526814912134,0.0,-0.134090865099048,0.0,1.5354102872107078,3.0002722150411074,3.304105966273955
1.000014176508557,0.0,0.000267241393311874,0.0,-0.134170865099048,0.0,1.5353219599442756,3.000272234329644,3.303795964820794
1.000014149757189,0.0,0.0002669280685508924,0.0,-0.134250865099048,0.0,1.53523380658298,3.000272253579433,3.303486544974825
1.0000141230611226,0.0,0.000266615292584437,0.0,-0.13433086509904799,0.0,1.535145826725162,3.0002722727905673,3.3031777052296927
1.0000140964202215,0.0,0.0002663030641345145,0.0,-0.13441086509904798,0.0,1.535058019970007,3.000272291963126,3.3028694457475116
1.0000140698343483,0.0,0.000265991381926863,0.0,-0.13449086509904798,0.0,1.5349703859159882,3.0002723110971963,3.3025617647275345
1.0000140433033726,0.0,0.00026568024469078214,0.0,-0.13457086509904798,0.0,1.5348829241623612,3.000272330192841,3.3022546623103075
1.0000140168271592,0.0,0.0002653696511593723,0.0,-0.13465086509904797,0.0,1.5347956343114666,3.0002723492501424,3.301948137956044
1.000013990405567,0.0,0.00026505960006941137,0.0,-0.13473086509904797,0.0,1.5347085159665261,3.000272368269204,3.301642188009595
1.0000139640384682,0.0,0.00026475009016140814,0.0,-0.13481086509904797,0.0,1.5346215687310518,3.000272387250075,3.3013368160053034
1.000013937725732,0.0,0.0002644411201791852,0.0,-0.13489086509904796,0.0,1.5345347922081285,3.0002724061928374,3.301032018219287
1.0000139114672186,0.0,0.000264132688870654,0.0,-0.13497086509904796,0.0,1.5344481860060297,3.0002724250975845,3.300727791791608
1.0000138852627987,0.0,0.0002638247949870741,0.0,-0.13505086509904796,0.0,1.5343617497302666,3.000272443964384,3.3004241411419915
1.0000138591123353,0.0,0.00026351743728341743,0.0,-0.13513086509904795,0.0,1.5342754829911263,3.0002724627933315,3.300121061237828
1.000013833015701,0.0,0.0002632106145182289,0.0,-0.13521086509904795,0.0,1.5341893853968456,3.000272481584484,3.299818548907604
1.000013806972763,0.0,0.00026290432545360146,0.0,-0.13529086509904795,0.0,1.5341034565572875,3.0002725003379256,3.299516611979189
1.0000137809833898,0.0,0.0002625985688552705,0.0,-0.13537086509904794,0.0,1.5340176960852707,3.0002725190537345,3.2992152427946944
1.0000137550474508,0.0,0.00026229334349246156,0.0,-0.13545086509904794,0.0,1.5339321035921762,3.000272537731987,3.2989144410226268
1.0000137291648143,0.0,0.000261988648138062,0.0,-0.13553086509904794,0.0,1.5338466786935419,3.0002725563727606,3.2986142067099733
1.0000137033353478,0.0,0.00026168448156837934,0.0,-0.13561086509904793,0.0,1.5337614210029629,3.000272574976145,3.2983145386502946
1.000013677558925,0.0,0.00026138084256334556,0.0,-0.13569086509904793,0.0,1.5336763301382852,3.000272593542198,3.298015439284496
1.0000136518354155,0.0,0.0002610777299062532,0.0,-0.13577086509904793,0.0,1.5335914057137643,3.000272612071006,3.297716899329967
1.0000136261646873,0.0,0.0002607751423841969,0.0,-0.13585086509904792,0.0,1.5335066473507575,3.0002726305626446,3.297418928506109
1.0000136005466151,0.0,0.00026047307878738287,0.0,-0.13593086509904792,0.0,1.5334220546670625,3.0002726490171847,3.297121517759031
1.0000135749810677,0.0,0.00026017153790970914,0.0,-0.13601086509904792,0.0,1.5333376272832562,3.0002726674347144,3.2968246712750484
1.0000135494679152,0.0,0.00025987051854860303,0.0,-0.13609086509904791,0.0,1.5332533648223867,3.0002726858153084,3.296528381596294
1.0000135240070365,0.0,0.00025957001950471803,0.0,-0.1361708650990479,0.0,1.5331692669037387,3.000272704159022,3.2962326542353035
1.0000134985982991,0.0,0.00025927003958236725,0.0,-0.1362508650990479,0.0,1.5330853331528136,3.000272722465946,3.295937487537961
1.0000134732415764,0.0,0.000258970577589205,0.0,-0.1363308650990479,0.0,1.533001563195707,3.0002727407361536,3.2956428803052287
1.0000134479367409,0.0,0.0002586716323362634,0.0,-0.1364108650990479,0.0,1.5329179566561968,3.0002727589697264,3.2953488275394363
1.000013422683666,0.0,0.000258373202638091,0.0,-0.1364908650990479,0.0,1.5328345131628762,3.0002727771667335,3.2950553342449593
1.0000133974822272,0.0,0.0002580752873124347,0.0,-0.1365708650990479,0.0,1.5327512323423147,3.000272795327253,3.2947623966245896
1.0000133723322968,0.0,0.0002577778851806847,0.0,-0.1366508650990479,0.0,1.5326681138240932,3.000272813451357,3.2944700125034134
1.0000133472337498,0.0,0.00025748099506740454,0.0,-0.1367308650990479,0.0,1.5325851572389424,3.0002728315391236,3.294178186545231
1.0000133221864644,0.0,0.0002571846158006053,0.0,-0.13681086509904788,0.0,1.5325023622162899,3.0002728495906092,3.293886910348391
1.0000132971903122,0.0,0.000256888746211632,0.0,-0.13689086509904788,0.0,1.532419728389025,3.0002728676059043,3.293596188420707
1.0000132722451682,0.0,0.0002565933851350924,0.0,-0.13697086509904788,0.0,1.532337255391284,3.0002728855850895,3.293306015634297
1.0000132473509094,0.0,0.0002562985314090773,0.0,-0.13705086509904787,0.0,1.5322549428566679,3.0002729035282276,3.293016394221148
1.0000132225074134,0.0,0.0002560041838748113,0.0,-0.13713086509904787,0.0,1.532172790419284,3.0002729214353905,3.292727325289918
1.0000131977145554,0.0,0.000255710341376985,0.0,-0.13721086509904787,0.0,1.5320907977178255,3.000272939306653,3.2924388047413595
1.00001317297221,0.0,0.0002554170027634927,0.0,-0.13729086509904787,0.0,1.5320089643887929,3.0002729571421014,3.292150827242865
1.0000131482802586,0.0,0.00025512416688545486,0.0,-0.13737086509904786,0.0,1.5319272900688912,3.0002729749417916,3.291863402311979
1.000013123638579,0.0,0.0002548318325973788,0.0,-0.13745086509904786,0.0,1.5318457743982468,3.000272992705792,3.291576522387546
1.0000130990470437,0.0,0.00025453999875701223,0.0,-0.13753086509904786,0.0,1.5317644170192743,3.0002730104341984,3.291290188588173
1.000013074505534,0.0,0.00025424866422522706,0.0,-0.13761086509904785,0.0,1.5316832175720834,3.000273028127074,3.291004396548267
1.0000130500139324,0.0,0.00025395782786625533,0.0,-0.13769086509904785,0.0,1.5316021756976603,3.0002730457844726,3.2907191497601755
1.0000130255721105,0.0,0.0002536674885475573,0.0,-0.13777086509904785,0.0,1.531521291041574,3.000273063406494,3.290434446582465
1.0000130011799535,0.0,0.00025337764513971985,0.0,-0.13785086509904784,0.0,1.5314405632465093,3.000273080993187,3.2901502866510413
1.000012976837338,0.0,0.00025308829651655816,0.0,-0.13793086509904784,0.0,1.531359991959399,3.0002730985446386,3.2898666660951252
1.000012952544142,0.0,0.00025279944155515746,0.0,-0.13801086509904784,0.0,1.5312795768262315,3.000273116060925,3.2895835839058174
1.000012928300252,0.0,0.00025251107913565216,0.0,-0.13809086509904783,0.0,1.5311993174938203,3.0002731335420925,3.2893010436198193
1.000012904105543,0.0,0.0002522232081414836,0.0,-0.13817086509904783,0.0,1.5311192136102898,3.000273150988234,3.2890190431682225
1.0000128799598977,0.0,0.0002519358274591761,0.0,-0.13825086509904783,0.0,1.5310392648269255,3.000273168399411,3.288737579138818
1.0000128558631953,0.0,0.00025164893597840295,0.0,-0.13833086509904782,0.0,1.5309594707940481,3.0002731857757072,3.2884566534049484
1.000012831815321,0.0,0.0002513625325919636,0.0,-0.13841086509904782,0.0,1.5308798311596223,3.0002732031171764,3.2881762605664435
1.0000128078161545,0.0,0.0002510766161958384,0.0,-0.13849086509904782,0.0,1.5308003455799397,3.000273220423896,3.287896404572992
1.000012783865576,0.0,0.000250791185689086,0.0,-0.1385708650990478,0.0,1.530721013707576,3.000273237695948,3.2876170857651825
1.0000127599634727,0.0,0.00025050623997385367,0.0,-0.1386508650990478,0.0,1.530641835194207,3.0002732549333793,3.287338296977523
1.000012736109725,0.0,0.0002502217779554234,0.0,-0.1387308650990478,0.0,1.5305628096970116,3.0002732721362717,3.2870600422463307
1.0000127123042128,0.0,0.00024993779854222577,0.0,-0.1388108650990478,0.0,1.530483936873918,3.0002732893047037,3.2867823197890655
1.0000126885468232,0.0,0.00024965430064556083,0.0,-0.1388908650990478,0.0,1.530405216379537,3.000273306438738,3.28650512515129
1.00001266483744,0.0,0.0002493712831799978,0.0,-0.1389708650990478,0.0,1.5303266478730317,3.0002733235384373,3.2862284632618657
1.0000126411759465,0.0,0.00024908874506303314,0.0,-0.1390508650990478,0.0,1.530248231013165,3.000273340603877,3.2859523289794583
1.0000126175622268,0.0,0.0002488066852153091,0.0,-0.1391308650990478,0.0,1.5301699654605765,3.0002733576351246,3.285676724200627
1.0000125939961655,0.0,0.0002485251025603697,0.0,-0.1392108650990478,0.0,1.5300918508744854,3.0002733746322554,3.285401648905172
1.0000125704776477,0.0,0.0002482439960249859,0.0,-0.13929086509904778,0.0,1.5300138869204687,3.0002733915953277,3.2851270997598063
1.0000125470065577,0.0,0.0002479633645386723,0.0,-0.13937086509904778,0.0,1.529936073258377,3.0002734085244254,3.2848530734156256
1.0000125235827841,0.0,0.0002476832070342058,0.0,-0.13945086509904778,0.0,1.5298584095529755,3.0002734254195946,3.2845795750581064
1.0000125002062092,0.0,0.00024740352244714847,0.0,-0.13953086509904777,0.0,1.529780895469301,3.000273442280927,3.2843065971166086
1.000012476876722,0.0,0.0002471243097162065,0.0,-0.13961086509904777,0.0,1.5297035306728812,3.0002734591084734,3.284034146166853
1.000012453594209,0.0,0.00024684556778292336,0.0,-0.13969086509904777,0.0,1.5296263148292968,3.0002734759023055,3.28376222028705
1.0000124303585511,0.0,0.0002465672955919479,0.0,-0.13977086509904776,0.0,1.5295492476090529,3.0002734926625148,3.283490811035955
1.000012407169648,0.0,0.00024628949209069216,0.0,-0.13985086509904776,0.0,1.5294723286757146,3.000273509389117,3.2832199263024835
1.0000123840273738,0.0,0.000246012156229768,0.0,-0.13993086509904776,0.0,1.529395557703673,3.000273526082231,3.2829495612063004
1.0000123609316252,0.0,0.00024573528696242075,0.0,-0.14001086509904775,0.0,1.5293189343604217,3.000273542741895,3.282679712498348
1.000012337882286,0.0,0.0002454588832450927,0.0,-0.14009086509904775,0.0,1.5292424583189714,3.0002735593681864,3.282410386064647
1.0000123148792468,0.0,0.00024518294403694485,0.0,-0.14017086509904775,0.0,1.5291661292497707,3.000273575961167,3.2821415732376127
1.000012291922391,0.0,0.0002449074683001927,0.0,-0.14025086509904774,0.0,1.5290899468284733,3.000273592520924,3.2818732771605372
1.0000122690116144,0.0,0.0002446324549998024,0.0,-0.14033086509904774,0.0,1.529013910725986,3.0002736090474955,3.281605499090671
1.0000122461468042,0.0,0.0002443579031036651,0.0,-0.14041086509904774,0.0,1.5289380206175125,3.0002736255409603,3.281338236257324
1.0000122233278463,0.0,0.00024408381158265275,0.0,-0.14049086509904773,0.0,1.528862276181831,3.000273642001396,3.281071488505483
1.0000122005546357,0.0,0.00024381017941037483,0.0,-0.14057086509904773,0.0,1.528786677093258,3.000273658428848,3.2808052497313955
1.0000121778270599,0.0,0.00024353700556334736,0.0,-0.14065086509904773,0.0,1.5287112230290136,3.0002736748233936,3.2805395295562785
1.0000121551450118,0.0,0.0002432642890208603,0.0,-0.14073086509904773,0.0,1.5286359136675018,3.0002736911850936,3.280274317043201
1.0000121325083795,0.0,0.00024299202876526248,0.0,-0.14081086509904772,0.0,1.5285607486902266,3.0002737075140136,3.2800096189659493
1.000012109917054,0.0,0.00024272022378144466,0.0,-0.14089086509904772,0.0,1.5284857277753916,3.000273723810231,3.2797454281904344
1.000012087370928,0.0,0.0002424488730572981,0.0,-0.14097086509904772,0.0,1.5284108506057181,3.0002737400737978,3.279481749926428
1.0000120648698918,0.0,0.00024217797558344825,0.0,-0.1410508650990477,0.0,1.5283361168615348,3.0002737563047885,3.279218577051425
1.0000120424138372,0.0,0.00024190753035332788,0.0,-0.1411308650990477,0.0,1.5282615262266508,3.0002737725032715,3.278955912360617
1.0000120200026592,0.0,0.00024163753636318136,0.0,-0.1412108650990477,0.0,1.5281870783842664,3.0002737886692947,3.278693756688021
1.0000119976362487,0.0,0.0002413679926120732,0.0,-0.1412908650990477,0.0,1.528112773019755,3.0002738048029287,3.2784321063716235
1.0000119753144998,0.0,0.00024109889810167384,0.0,-0.1413708650990477,0.0,1.5280386098170702,3.0002738209042383,3.2781709589610837
1.0000119530373006,0.0,0.0002408302518366199,0.0,-0.1414508650990477,0.0,1.5279645884651145,3.0002738369733084,3.277910316598532
1.000011930804551,0.0,0.00024056205282417593,0.0,-0.1415308650990477,0.0,1.527890708648644,3.0002738530101722,3.27765017930983
1.0000119086161412,0.0,0.00024029430007435013,0.0,-0.1416108650990477,0.0,1.5278169700558837,3.0002738690149138,3.2773905460842125
1.0000118864719652,0.0,0.00024002699260002318,0.0,-0.14169086509904769,0.0,1.5277433723787195,3.0002738849875885,3.277131411482619
1.000011864371917,0.0,0.0002397601294165951,0.0,-0.14177086509904768,0.0,1.5276699153041589,3.0002739009282706,3.276872779174629
1.000011842315897,0.0,0.00023949370954227898,0.0,-0.14185086509904768,0.0,1.5275965985212387,3.0002739168369925,3.276614647826184
1.0000118203037887,0.0,0.00023922773199810306,0.0,-0.14193086509904768,0.0,1.5275234217268272,3.0002739327138688,3.276357017721424
1.0000117983354941,0.0,0.00023896219580759104,0.0,-0.14201086509904767,0.0,1.5274503846092178,3.0002739485589345,3.2760998870314157
1.0000117764109102,0.0,0.0002386970999971067,0.0,-0.14209086509904767,0.0,1.527377486862158,3.000273964372242,3.275843250714922
1.0000117545299296,0.0,0.00023843244359557315,0.0,-0.14217086509904767,0.0,1.5273047281796377,3.000273980153874,3.2755871159180527
1.0000117326924518,0.0,0.00023816822563471873,0.0,-0.14225086509904766,0.0,1.5272321082562634,3.000273995903871,3.2753314726446607
1.000011710898365,0.0,0.00023790444514891135,0.0,-0.14233086509904766,0.0,1.5271596267917855,3.000274011622332,3.275076328046171
1.0000116891475739,0.0,0.0002376411011749918,0.0,-0.14241086509904766,0.0,1.5270872834754692,3.0002740273092927,3.2748216794381584
1.000011667439975,0.0,0.00023737819275270993,0.0,-0.14249086509904765,0.0,1.5270150780095075,3.0002740429648025,3.274567522153828
1.0000116457754593,0.0,0.00023711571892429128,0.0,-0.14257086509904765,0.0,1.5269430100919184,3.0002740585889613,3.274313858336884
1.0000116241539296,0.0,0.000236853678734567,0.0,-0.14265086509904765,0.0,1.526871079419035,3.000274074181807,3.274060689707786
1.0000116025752808,0.0,0.00023659207123111713,0.0,-0.14273086509904764,0.0,1.5267992856933497,3.0002740897434093,3.2738080108562846
1.0000115810394135,0.0,0.00023633089546404036,0.0,-0.14281086509904764,0.0,1.526727628613783,3.0002741052738187,3.273555821079079
1.0000115595462211,0.0,0.00023607015048607917,0.0,-0.14289086509904764,0.0,1.5266561078836085,3.0002741207731196,3.27330412417139
1.0000115380956063,0.0,0.0002358098353525157,0.0,-0.14297086509904763,0.0,1.5265847232036196,3.000274136241354,3.2730529160059634
1.0000115166874661,0.0,0.00023554994912125462,0.0,-0.14305086509904763,0.0,1.5265134742774038,3.000274151678593,3.272802196194709
1.0000114953217016,0.0,0.00023529049085276664,0.0,-0.14313086509904763,0.0,1.526442360807643,3.0002741670848865,3.272551964547402
1.0000114739982093,0.0,0.00023503145961012176,0.0,-0.14321086509904762,0.0,1.5263713825005383,3.000274182460308,3.2723022201398426
1.0000114527168908,0.0,0.00023477285445893311,0.0,-0.14329086509904762,0.0,1.5263005390615794,3.0002741978049077,3.2720529622824155
1.0000114314776445,0.0,0.00023451467446730155,0.0,-0.14337086509904762,0.0,1.5262298301956545,3.0002742131187583,3.271804187664041
1.0000114102803683,0.0,0.00023425691870600178,0.0,-0.14345086509904761,0.0,1.5261592556126726,3.000274228401925,3.2715558974952947
1.000011389124971,0.0,0.00023399958624815214,0.0,-0.1435308650990476,0.0,1.526088815015453,3.000274243654435,3.2713080914264303
1.0000113680113436,0.0,0.00023374267616964233,0.0,-0.1436108650990476,0.0,1.5260185081169868,3.000274258876386,3.271060770119116
1.0000113469393928,0.0,0.00023348618754863353,0.0,-0.1436908650990476,0.0,1.5259483346256,3.0002742740678205,3.2708139326225645
1.0000113259090155,0.0,0.0002332301194660297,0.0,-0.1437708650990476,0.0,1.525878294252244,3.000274289228808,3.2705675742075457
1.0000113049201198,0.0,0.0002329744710049891,0.0,-0.1438508650990476,0.0,1.5258083867050511,3.000274304359387,3.2703216980428857
1.0000112839725988,0.0,0.00023271924125139207,0.0,-0.1439308650990476,0.0,1.5257386116991865,3.000274319459654,3.2700762993435477
1.0000112630663611,0.0,0.00023246442929348522,0.0,-0.1440108650990476,0.0,1.5256689689455694,3.0002743345296325,3.2698313808176054
1.000011242201306,0.0,0.0002322100342219938,0.0,-0.1440908650990476,0.0,1.5255994581580798,3.0002743495694015,3.269586943626701
1.0000112213773344,0.0,0.0002319560551301619,0.0,-0.14417086509904758,0.0,1.525530079051959,3.0002743645790266,3.269342978659484
1.0000112005943536,0.0,0.00023170249111361362,0.0,-0.14425086509904758,0.0,1.5254608313391398,3.000274379558547,3.2690994955475707
1.0000111798522655,0.0,0.00023144934127051825,0.0,-0.14433086509904758,0.0,1.5253917147372487,3.000274394508023,3.268856485679322
1.000011159150968,0.0,0.0002311966047014421,0.0,-0.14441086509904758,0.0,1.5253227289638382,3.0002744094275435,3.2686139515027284
1.000011138490373,0.0,0.00023094428050931634,0.0,-0.14449086509904757,0.0,1.525253873731985,3.000274424317128,3.268371892729599
1.0000111178703788,0.0,0.00023069236779970552,0.0,-0.14457086509904757,0.0,1.5251851487638852,3.0002744391768568,3.2681303065405607
1.0000110972908909,0.0,0.00023044086568040968,0.0,-0.14465086509904757,0.0,1.5251165537764106,3.000274454006782,3.2678891916627677
1.0000110767518113,0.0,0.00023018977326166946,0.0,-0.14473086509904756,0.0,1.5250480884900823,3.00027446880698,3.267648555677434
1.0000110562530455,0.0,0.00022993908965626345,0.0,-0.14481086509904756,0.0,1.5249797526250572,3.000274483577494,3.2674083889108236
1.0000110357945025,0.0,0.0002296888139791482,0.0,-0.14489086509904756,0.0,1.5249115459006009,3.0002744983183725,3.2671686889375904
1.0000110153760848,0.0,0.00022943894534784029,0.0,-0.14497086509904755,0.0,1.524843468038928,3.0002745130296797,3.2669294601237464
1.0000109949976965,0.0,0.00022918948288223382,0.0,-0.14505086509904755,0.0,1.5247755187640855,3.000274527711478,3.266690702841047
1.0000109746592438,0.0,0.00022894042570446394,0.0,-0.14513086509904755,0.0,1.5247076977985183,3.00027454236383,3.2664524137169453
1.00001095436063,0.0,0.00022869177293923193,0.0,-0.14521086509904754,0.0,1.524640004866037,3.000274556986797,3.2662145903711375
1.0000109341017671,0.0,0.00022844352371336548,0.0,-0.14529086509904754,0.0,1.5245724396907079,3.000274571580413,3.2659772332166837
1.0000109138825584,0.0,0.00022819567715626007,0.0,-0.14537086509904754,0.0,1.5245050019990303,3.000274586144747,3.2657403441377717
1.0000108937029113,0.0,0.00022794823239951023,0.0,-0.14545086509904753,0.0,1.5244376915161475,3.0002746006798544,3.265503923403819
1.0000108735627278,0.0,0.00022770118857715652,0.0,-0.14553086509904753,0.0,1.5243705079706078,3.000274615185813,3.2652679646763967
1.0000108534619232,0.0,0.00022745454482541206,0.0,-0.14561086509904753,0.0,1.5243034510880187,3.0002746296626444,3.265032468695356
1.0000108334003992,0.0,0.00022720830028297043,0.0,-0.14569086509904752,0.0,1.5242365205974433,3.0002746441104318,3.2647974365392134
1.0000108133780636,0.0,0.0002269624540907755,0.0,-0.14577086509904752,0.0,1.5241697162287884,3.0002746585292295,3.264562869018876
1.0000107933948252,0.0,0.00022671700539213328,0.0,-0.14585086509904752,0.0,1.5241030377126008,3.0002746729190837,3.2643287610702756
1.00001077345059,0.0,0.00022647195333251892,0.0,-0.1459308650990475,0.0,1.5240364847781722,3.0002746872800707,3.2640951139274517
1.0000107535452734,0.0,0.0002262272970597561,0.0,-0.1460108650990475,0.0,1.5239700571549188,3.0002747016122093,3.263861927699617
1.0000107336787747,0.0,0.00022598303572407438,0.0,-0.1460908650990475,0.0,1.5239037545788883,3.000274715915596,3.2636292037768992
1.0000107138510101,0.0,0.0002257391684777648,0.0,-0.1461708650990475,0.0,1.5238375767786974,3.0002747301902573,3.263396937844753
1.0000106940618858,0.0,0.0002254956944755771,0.0,-0.1462508650990475,0.0,1.5237715234904445,3.0002747444362585,3.263165126366028
1.000010674311308,0.0,0.00022525261287441683,0.0,-0.1463308650990475,0.0,1.5237055944483315,3.000274758653675,3.2629337702751426
1.0000106545991903,0.0,0.00022500992283352674,0.0,-0.1464108650990475,0.0,1.5236397893864186,3.0002747728425363,3.2627028743747597
1.000010634925443,0.0,0.00022476762351425494,0.0,-0.1464908650990475,0.0,1.5235741080385128,3.000274787002901,3.262472435551087
1.000010615289974,0.0,0.000224525714080354,0.0,-0.1465708650990475,0.0,1.5235085501434955,3.0002748011348324,3.262242452501104
1.0000105956926946,0.0,0.00022428419369772132,0.0,-0.14665086509904748,0.0,1.5234431154368953,3.0002748152383787,3.2620129206512773
1.000010576133512,0.0,0.00022404306153450085,0.0,-0.14673086509904748,0.0,1.5233778036582426,3.0002748293136148,3.261783843256937
1.000010556612343,0.0,0.0002238023167610073,0.0,-0.14681086509904748,0.0,1.5233126145421967,3.0002748433605677,3.2615552192469104
1.0000105371290948,0.0,0.00022356195854986505,0.0,-0.14689086509904747,0.0,1.523247547830441,3.0002748573793054,3.2613270456013193
1.0000105176836795,0.0,0.00022332198607581265,0.0,-0.14697086509904747,0.0,1.5231826032615574,3.0002748713698826,3.261099326036713
1.0000104982760054,0.0,0.00022308239851589158,0.0,-0.14705086509904747,0.0,1.5231177805783611,3.0002748853323657,3.260872055421878
1.0000104789059894,0.0,0.00022284319504919817,0.0,-0.14713086509904746,0.0,1.5230530795193917,3.0002748992667865,3.2606452333677316
1.0000104595735417,0.0,0.00022260437485708257,0.0,-0.14721086509904746,0.0,1.5229884998259062,3.000274913173207,3.2604188660889055
1.000010440278573,0.0,0.00022236593712311693,0.0,-0.14729086509904746,0.0,1.522924041242526,3.0002749270516884,3.2601929436384305
1.0000104210209984,0.0,0.00022212788103294993,0.0,-0.14737086509904745,0.0,1.5228597035114706,3.000274940902272,3.2599674671871806
1.0000104018007288,0.0,0.00022189020577446952,0.0,-0.14745086509904745,0.0,1.522795486375697,3.00027495472502,3.25974244223219
1.0000103826176745,0.0,0.00022165291053773597,0.0,-0.14753086509904745,0.0,1.522731389582439,3.0002749685199954,3.2595178582612836
1.0000103634717523,0.0,0.00022141599451481125,0.0,-0.14761086509904744,0.0,1.5226674128734234,3.0002749822872414,3.2592937246716347
1.0000103443628752,0.0,0.00022117945690009673,0.0,-0.14769086509904744,0.0,1.522603555997156,3.0002749960268056,3.259070036050075
1.0000103252909525,0.0,0.0002209432968900058,0.0,-0.14777086509904744,0.0,1.5225398186989416,3.0002750097387665,3.258846790039712
1.0000103062559036,0.0,0.000220707513683052,0.0,-0.14785086509904743,0.0,1.5224762007262242,3.000275023423152,3.258623982217001
1.0000102872576433,0.0,0.00022047210647999874,0.0,-0.14793086509904743,0.0,1.5224127018247706,3.0002750370800046,3.2584016259635047
1.000010268296079,0.0,0.00022023707448369487,0.0,-0.14801086509904743,0.0,1.5223493217474535,3.000275050709413,3.2581797064542295
1.000010249371131,0.0,0.0002200024168989399,0.0,-0.14809086509904743,0.0,1.522286060240067,3.000275064311409,3.2579582313023807
1.0000102304827116,0.0,0.00021976813293285116,0.0,-0.14817086509904742,0.0,1.5222229170525776,3.0002750778860467,3.2577371920158504
1.000010211630735,0.0,0.00021953422179451268,0.0,-0.14825086509904742,0.0,1.5221598919384796,3.0002750914333904,3.257516599448581
1.0000101928151202,0.0,0.00021930068269508473,0.0,-0.14833086509904742,0.0,1.5220969846438521,3.000275104953473,3.2572964386665415
1.0000101740357752,0.0,0.00021906751484796548,0.0,-0.1484108650990474,0.0,1.522034194926032,3.0002751184463774,3.2570767202561988
1.0000101552926273,0.0,0.00021883471746837955,0.0,-0.1484908650990474,0.0,1.5219715225325752,3.000275131912104,3.2568574418445637
1.0000101365855816,0.0,0.00021860228977390139,0.0,-0.1485708650990474,0.0,1.5219089672192427,3.000275145350753,3.256638596701565
1.00001011791456,0.0,0.00021837023098390796,0.0,-0.1486508650990474,0.0,1.5218465287397407,3.0002751587623524,3.256420192619981
1.0000100992794736,0.0,0.0002181385403200247,0.0,-0.1487308650990474,0.0,1.5217842068490037,3.000275172146979,3.256202216794483
1.0000100806802448,0.0,0.000217907217005765,0.0,-0.1488108650990474,0.0,1.5217220013001136,3.0002751855046577,3.255984679534643
1.000010062116787,0.0,0.00021767626026694212,0.0,-0.1488908650990474,0.0,1.5216599118503538,3.0002751988354435,3.2557675778539803
1.0000100435890174,0.0,0.00021744566933103111,0.0,-0.1489708650990474,0.0,1.5215979382551568,3.0002752121394054,3.2555509073416635
1.0000100250968542,0.0,0.00021721544342784478,0.0,-0.14905086509904739,0.0,1.5215360802715991,3.000275225416579,3.2553346735715403
1.0000100066402142,0.0,0.00021698558178909747,0.0,-0.14913086509904738,0.0,1.5214743376568416,3.0002752386670224,3.2551188729953493
1.0000099882190128,0.0,0.00021675608364858922,0.0,-0.14921086509904738,0.0,1.5214127101712982,3.0002752518907934,3.2549034980558997
1.000009969833172,0.0,0.00021652694824203045,0.0,-0.14929086509904738,0.0,1.5213511975721963,3.000275265087925,3.2546885555617084
1.0000099514826097,0.0,0.00021629817480717817,0.0,-0.14937086509904737,0.0,1.5212897996177137,3.0002752782584676,3.254474041665207
1.0000099331672376,0.0,0.00021606976258379892,0.0,-0.14945086509904737,0.0,1.52122851607056,3.000275291402513,3.2542599580908758
1.0000099148869817,0.0,0.0002158417108136994,0.0,-0.14953086509904737,0.0,1.5211673466895559,3.0002753045200614,3.254046307976518
1.000009896641758,0.0,0.00021561401874059248,0.0,-0.14961086509904736,0.0,1.5211062912378577,3.0002753176111816,3.2538330820086756
1.0000098784314877,0.0,0.0002153866856100996,0.0,-0.14969086509904736,0.0,1.5210453494738783,3.0002753306759233,3.253620286416642
1.0000098602560845,0.0,0.00021515971067007542,0.0,-0.14977086509904736,0.0,1.520984521163803,3.0002753437143497,3.2534079120249113
1.000009842115472,0.0,0.0002149330931701107,0.0,-0.14985086509904735,0.0,1.5209238060701165,3.0002753567264957,3.253195966814248
1.0000098240095672,0.0,0.00021470683236185072,0.0,-0.14993086509904735,0.0,1.520863203956123,3.0002753697124223,3.2529844419672154
1.0000098059382916,0.0,0.0002144809274988167,0.0,-0.15001086509904735,0.0,1.5208027145863197,3.000275382672177,3.252773347575048
1.0000097879015675,0.0,0.00021425537783658982,0.0,-0.15009086509904734,0.0,1.5207423377255929,3.0002753956057884,3.252562675911606
1.0000097698993098,0.0,0.00021403018263265236,0.0,-0.15017086509904734,0.0,1.520682073141031,3.000275408513338,3.2523524275856373
1.0000097519314424,0.0,0.0002138053411463645,0.0,-0.15025086509904734,0.0,1.5206219205974727,3.0002754213948584,3.252142599997026
1.0000097339978868,0.0,0.00021358085263905986,0.0,-0.15033086509904733,0.0,1.5205618798599803,3.000275434250394,3.2519331958382476
1.0000097160985602,0.0,0.0002133567163740323,0.0,-0.15041086509904733,0.0,1.5205019507001334,3.000275447080015,3.2517242115536265
1.0000096982333848,0.0,0.00021313293161647254,0.0,-0.15049086509904733,0.0,1.520442132883801,3.0002754598837598,3.2515156487479695
1.0000096804022836,0.0,0.00021290949763341796,0.0,-0.15057086509904732,0.0,1.5203824261797139,3.000275472661675,3.251307504124912
1.0000096626051769,0.0,0.00021268641369387664,0.0,-0.15065086509904732,0.0,1.5203228303576835,3.0002754854138134,3.2510997823374055
1.0000096448419866,0.0,0.00021246367906882483,0.0,-0.15073086509904732,0.0,1.5202633451872487,3.0002754981402155,3.250892473091773
1.0000096271126342,0.0,0.00021224129303098473,0.0,-0.15081086509904731,0.0,1.5202039704388892,3.00027551084094,3.2506855846571066
1.00000960941704,0.0,0.00021201925485502126,0.0,-0.1508908650990473,0.0,1.520144705883998,3.000275523516048,3.2504791137842215
1.0000095917551322,0.0,0.00021179756381754436,0.0,-0.1509708650990473,0.0,1.5200855512926479,3.0002755361655495,3.2502730631011687
1.0000095741268282,0.0,0.00021157621919696212,0.0,-0.1510508650990473,0.0,1.5200265064392688,3.000275548789524,3.250067419002895
1.0000095565320504,0.0,0.00021135522027366043,0.0,-0.1511308650990473,0.0,1.519967571096602,3.0002755613880168,3.249862195334861
1.000009538970726,0.0,0.00021113456632973205,0.0,-0.1512108650990473,0.0,1.5199087450363724,3.0002755739610563,3.2496573890154816
1.000009521442773,0.0,0.00021091425664925944,0.0,-0.1512908650990473,0.0,1.5198500280347067,3.0002755865087196,3.249452984396323
1.000009503948117,0.0,0.00021069429051812086,0.0,-0.1513708650990473,0.0,1.5197914198641511,3.0002755990310437,3.2492490065954978
1.000009486486684,0.0,0.00021047466722403141,0.0,-0.1514508650990473,0.0,1.5197329203001297,3.0002756115280595,3.249045436710498
1.0000094690583898,0.0,0.00021025538605667292,0.0,-0.15153086509904728,0.0,1.5196745291213065,3.0002756239998556,3.2488422736339295
1.0000094516631692,0.0,0.00021003644630734246,0.0,-0.15161086509904728,0.0,1.5196162460997398,3.0002756364464247,3.248639528855571
1.0000094343009418,0.0,0.00020981784726930748,0.0,-0.15169086509904728,0.0,1.5195580710145675,3.000275648867842,3.2484371907827114
1.0000094169716283,0.0,0.00020959958823771002,0.0,-0.15177086509904728,0.0,1.5195000036439725,3.0002756612641686,3.2482352629476363
1.000009399675153,0.0,0.00020938166850943958,0.0,-0.15185086509904727,0.0,1.5194420437658331,3.0002756736354543,3.248033744558521
1.0000093824114475,0.0,0.00020916408738315466,0.0,-0.15193086509904727,0.0,1.5193841911570996,3.000275685981707,3.247832632631369
1.000009365180434,0.0,0.00020894684415934535,0.0,-0.15201086509904727,0.0,1.5193264455967874,3.0002756983029966,3.2476319336825274
1.0000093479820318,0.0,0.00020872993814044068,0.0,-0.15209086509904726,0.0,1.5192688068678517,3.000275710599394,3.2474316352979335
1.000009330816173,0.0,0.0002085133686304569,0.0,-0.15217086509904726,0.0,1.519211274747903,3.0002757228709123,3.2472317447195387
1.0000093136827806,0.0,0.00020829713493535922,0.0,-0.15225086509904726,0.0,1.519153849018825,3.0002757351176106,3.2470322609517934
1.0000092965817802,0.0,0.00020808123636277323,0.0,-0.15233086509904725,0.0,1.519096529460973,3.0002757473395425,3.2468331855910586
1.0000092795130973,0.0,0.0002078656722222889,0.0,-0.15241086509904725,0.0,1.5190393158590185,3.000275759536744,3.2466345126453424
1.0000092624766588,0.0,0.00020765044182502744,0.0,-0.15249086509904725,0.0,1.5189822079912003,3.000275771709271,3.246436238390077
1.0000092454723903,0.0,0.00020743554448411132,0.0,-0.15257086509904724,0.0,1.518925205645095,3.000275783857163,3.24623837471954
1.0000092285002185,0.0,0.0002072209795142625,0.0,-0.15265086509904724,0.0,1.51886830860244,3.0002757959804724,3.2460409102419265
1.0000092115600727,0.0,0.0002070067462320043,0.0,-0.15273086509904724,0.0,1.518811516645478,3.0002758080792287,3.2458438450771463
1.000009194651876,0.0,0.00020679284395568598,0.0,-0.15281086509904723,0.0,1.518754829561694,3.0002758201534987,3.2456471826686464
1.000009177775557,0.0,0.00020657927200536826,0.0,-0.15289086509904723,0.0,1.5186982471371873,3.000275832203315,3.245450920923419
1.0000091609310424,0.0,0.00020636602970281089,0.0,-0.15297086509904723,0.0,1.5186417691562009,3.00027584422873,3.2452550637972193
1.0000091441182617,0.0,0.0002061531163714931,0.0,-0.15305086509904722,0.0,1.5185853954041602,3.0002758562297815,3.245059601112329
1.000009127337139,0.0,0.00020594053133672014,0.0,-0.15313086509904722,0.0,1.51852912566977,3.0002758682065322,3.244864539192119
1.000009110587604,0.0,0.00020572827392542704,0.0,-0.15321086509904722,0.0,1.5184729597392173,3.0002758801590197,3.2446698730152574
1.000009093869587,0.0,0.00020551634346639916,0.0,-0.1532908650990472,0.0,1.5184168974019996,3.000275892087267,3.2444756060868274
1.0000090771830101,0.0,0.00020530473929000585,0.0,-0.1533708650990472,0.0,1.5183609384470507,3.000275903991364,3.244281735324281
1.000009060527806,0.0,0.00020509346072833528,0.0,-0.1534508650990472,0.0,1.5183050826608742,3.000275915871332,3.2440882611833275
1.0000090439039022,0.0,0.0002048825071152809,0.0,-0.1535308650990472,0.0,1.518249329835827,3.0002759277272166,3.2438951789582875
1.0000090273112319,0.0,0.0002046718777863455,0.0,-0.1536108650990472,0.0,1.5181936797598323,3.000275939559039,3.2437024914372117
1.0000090107497148,0.0,0.00020446157207886935,0.0,-0.1536908650990472,0.0,1.5181381322272849,3.000275951366889,3.2435102052898053
1.0000089942192898,0.0,0.00020425158933149722,0.0,-0.1537708650990472,0.0,1.518082687022998,3.0002759631507825,3.2433183069536438
1.000008977719879,0.0,0.0002040419288851254,0.0,-0.1538508650990472,0.0,1.5180273439453926,3.000275974910776,3.2431268013469223
1.000008961251418,0.0,0.00020383259008187945,0.0,-0.1539308650990472,0.0,1.5179721027823745,3.000275986646893,3.242935687748553
1.0000089448138292,0.0,0.0002036235722658235,0.0,-0.15401086509904718,0.0,1.517916963331552,3.000275998359214,3.2427449735528517
1.0000089284070484,0.0,0.00020341487478244723,0.0,-0.15409086509904718,0.0,1.5178619253802446,3.000276010047759,3.242554639901775
1.0000089120310036,0.0,0.0002032064969791623,0.0,-0.15417086509904718,0.0,1.5178069887263346,3.000276021712574,3.2423647035330543
1.0000088956856215,0.0,0.00020299843820494244,0.0,-0.15425086509904717,0.0,1.517752153166484,3.0002760333537224,3.242175150021205
1.0000088793708413,0.0,0.00020279069781021274,0.0,-0.15433086509904717,0.0,1.5176974184879657,3.0002760449712125,3.241985994445784
1.0000088630865844,0.0,0.00020258327514743703,0.0,-0.15441086509904717,0.0,1.5176427844942926,3.000276056565123,3.24179722203726
1.0000088468327857,0.0,0.0002023761695704025,0.0,-0.15449086509904716,0.0,1.51758825097707,3.0002760681354865,3.2416088365503324
1.0000088306093746,0.0,0.00020216938043466878,0.0,-0.15457086509904716,0.0,1.5175338177345281,3.0002760796823527,3.2414208384505727
1.0000088144162886,0.0,0.0002019629070973779,0.0,-0.15465086509904716,0.0,1.517479484559514,3.0002760912057265,3.24123323214677
1.0000087982534513,0.0,0.00020175674891733894,0.0,-0.15473086509904715,0.0,1.517425251254098,3.000276102705702,3.24104600569772
1.000008782120798,0.0,0.00020155090525499276,0.0,-0.15481086509904715,0.0,1.5173711176152938,3.000276114182297,3.240859165879531
1.0000087660182566,0.0,0.00020134537547245222,0.0,-0.15489086509904715,0.0,1.517317083443065,3.000276125635569,3.2406727132811626
1.0000087499457628,0.0,0.00020114015893326817,0.0,-0.15497086509904714,0.0,1.5172631485329258,3.0002761370655526,3.2404866394985405
1.000008733903248,0.0,0.0002009352550027234,0.0,-0.15505086509904714,0.0,1.5172093126868684,3.0002761484722895,3.2403009549577186
1.0000087178906452,0.0,0.0002007306630477717,0.0,-0.15513086509904714,0.0,1.5171555757046669,3.0002761598558108,3.2401156537304603
1.0000087019078816,0.0,0.00020052638243680596,0.0,-0.15521086509904714,0.0,1.5171019373861134,3.000276171216202,3.239930732632642
1.0000086859548953,0.0,0.0002003224125399525,0.0,-0.15529086509904713,0.0,1.517048397534415,3.000276182553462,3.2397461941068433
1.0000086700316166,0.0,0.00020011875272881447,0.0,-0.15537086509904713,0.0,1.5169949559485176,3.0002761938676574,3.23956203259144
1.0000086541379782,0.0,0.0001999154023766124,0.0,-0.15545086509904713,0.0,1.516941612430683,3.0002762051588343,3.2393782569705722
1.0000086382739195,0.0,0.00019971236085819877,0.0,-0.15553086509904712,0.0,1.516888366783317,3.0002762164269896,3.23919485695527
1.0000086224393654,0.0,0.00019950962755000854,0.0,-0.15561086509904712,0.0,1.5168352188111258,3.000276227672218,3.239011840045307
1.00000860663425,0.0,0.00019930720182998856,0.0,-0.15569086509904712,0.0,1.5167821683194749,3.000276238894559,3.238829200355483
1.00000859085851,0.0,0.0001991050830776853,0.0,-0.1557708650990471,0.0,1.5167292151079856,3.0002762500940343,3.238646937620112
1.0000085751120786,0.0,0.0001989032706741548,0.0,-0.1558508650990471,0.0,1.5166763589835723,3.0002762612706926,3.2384650538266415
1.000008559394889,0.0,0.0001987017640020986,0.0,-0.1559308650990471,0.0,1.5166235997509026,3.0002762724245775,3.238283541264576
1.0000085437068766,0.0,0.0001985005624456365,0.0,-0.1560108650990471,0.0,1.516570937214034,3.0002762835557326,3.2381024165473056
1.000008528047974,0.0,0.00019829966539063846,0.0,-0.1560908650990471,0.0,1.5165183711823906,3.0002762946641965,3.237921654572485
1.0000085124181206,0.0,0.0001980990722242743,0.0,-0.1561708650990471,0.0,1.5164659014571154,3.0002763057499937,3.2377412715639773
1.000008496817243,0.0,0.00019789878233549503,0.0,-0.1562508650990471,0.0,1.5164135278511184,3.000276316813204,3.237561265293255
1.0000084812452834,0.0,0.00019769879511455,0.0,-0.1563308650990471,0.0,1.5163612501662176,3.000276327853835,3.237381632617769
1.0000084657021688,0.0,0.0001974991099534864,0.0,-0.1564108650990471,0.0,1.5163090682167066,3.0002763388719638,3.237202372049138
1.000008450187842,0.0,0.0001972997262455718,0.0,-0.15649086509904708,0.0,1.5162569818056262,3.000276349867599,3.237023489149661
1.0000084347022318,0.0,0.00019710064338586877,0.0,-0.15657086509904708,0.0,1.5162049907468154,3.0002763608408087,3.236844971149773
1.0000084192452825,0.0,0.00019690186077068306,0.0,-0.15665086509904708,0.0,1.5161530948417816,3.0002763717915952,3.2366668252186215
1.0000084038169226,0.0,0.00019670337779811457,0.0,-0.15673086509904707,0.0,1.516101293907038,3.00027638272003,3.236489050123057
1.0000083884170878,0.0,0.00019650519386759326,0.0,-0.15681086509904707,0.0,1.5160495877526023,3.0002763936261605,3.236311651962697
1.0000083730457154,0.0,0.00019630730838003435,0.0,-0.15689086509904707,0.0,1.515997976186481,3.000276404510026,3.236134615720953
1.0000083577027463,0.0,0.0001961097207379664,0.0,-0.15697086509904706,0.0,1.5159464590205376,3.0002764153716273,3.235957950711327
1.0000083423881092,0.0,0.00019591243034538651,0.0,-0.15705086509904706,0.0,1.5158950360690044,3.000276426211053,3.2357816556459564
1.000008327101744,0.0,0.00019571543660766837,0.0,-0.15713086509904706,0.0,1.5158437071413808,3.00027643702833,3.235605726416069
1.0000083118435903,0.0,0.00019551873893170125,0.0,-0.15721086509904705,0.0,1.5157924720482705,3.000276447823482,3.2354301656428994
1.0000082966135786,0.0,0.00019532233672604,0.0,-0.15729086509904705,0.0,1.5157413306094436,3.000276458596578,3.2352549713975254
1.0000082814116493,0.0,0.0001951262294005081,0.0,-0.15737086509904705,0.0,1.51569028263498,3.000276469347641,3.235080137877688
1.0000082662377392,0.0,0.00019493041636640588,0.0,-0.15745086509904704,0.0,1.515639327938053,3.000276480076722,3.2349056760393435
1.00000825109179,0.0,0.00019473489703659332,0.0,-0.15753086509904704,0.0,1.5155884663315202,3.0002764907838246,3.2347315813511677
1.0000082359737303,0.0,0.00019453967082540572,0.0,-0.15761086509904704,0.0,1.5155376976355215,3.000276501469045,3.234557846247635
1.0000082208835048,0.0,0.0001943447371484808,0.0,-0.15769086509904703,0.0,1.515487021659617,3.000276512132386,3.2343844773589945
1.0000082058210469,0.0,0.00019415009542311443,0.0,-0.15777086509904703,0.0,1.5154364382257763,3.0002765227739077,3.2342114644493405
1.000008190786299,0.0,0.00019395574506785956,0.0,-0.15785086509904703,0.0,1.515385947144894,3.0002765333936274,3.2340388226841474
1.0000081757791939,0.0,0.00019376168550289558,0.0,-0.15793086509904702,0.0,1.5153355482392923,3.0002765439916117,3.233866538783245
1.0000081607996736,0.0,0.00019356791614963826,0.0,-0.15801086509904702,0.0,1.5152852413198472,3.0002765545678876,3.233694617124536
1.0000081458476784,0.0,0.00019337443643112557,0.0,-0.15809086509904702,0.0,1.5152350262085454,3.0002765651224723,3.233523058363108
1.0000081309231426,0.0,0.00019318124577172508,0.0,-0.15817086509904701,0.0,1.515184902721719,3.000276575655439,3.2333518543872146
1.0000081160260044,0.0,0.00019298834359727666,0.0,-0.158250865099047,0.0,1.5151348706801078,3.0002765861668275,3.23318101617993
1.0000081011562056,0.0,0.00019279572933500908,0.0,-0.158330865099047,0.0,1.515084929900682,3.0002765966566587,3.23301053290759
1.000008086313683,0.0,0.00019260340241358733,0.0,-0.158410865099047,0.0,1.515035080204884,3.000276607124988,3.23284041148351
1.0000080714983814,0.0,0.00019241136226307888,0.0,-0.158490865099047,0.0,1.5149853214098488,3.000276617571816,3.2326706480070277
1.0000080567102314,0.0,0.00019221960831497192,0.0,-0.158570865099047,0.0,1.5149356533385099,3.000276627997244,3.232501239669358
1.0000080419491801,0.0,0.00019202814000218325,0.0,-0.158650865099047,0.0,1.5148860758097742,3.0002766384012527,3.2323321886239382
1.0000080272151635,0.0,0.00019183695675895271,0.0,-0.158730865099047,0.0,1.514836588646917,3.0002766487839163,3.2321634922957925
1.0000080125081217,0.0,0.00019164605802098674,0.0,-0.158810865099047,0.0,1.5147871916701625,3.000276659145268,3.231995151887009
1.0000079978279928,0.0,0.00019145544322541258,0.0,-0.15889086509904699,0.0,1.5147378847032602,3.000276669485355,3.231827170197375
1.0000079831747237,0.0,0.00019126511181065305,0.0,-0.15897086509904698,0.0,1.514688667564645,3.0002766798041747,3.2316595355321356
1.0000079685482455,0.0,0.00019107506321659678,0.0,-0.15905086509904698,0.0,1.5146395400834527,3.0002766901018276,3.231492264941481
1.0000079539485083,0.0,0.00019088529688447307,0.0,-0.15913086509904698,0.0,1.5145905020780956,3.000276700378285,3.2313253439607275
1.0000079393754433,0.0,0.00019069581225695866,0.0,-0.15921086509904697,0.0,1.5145415533759,3.0002767106336434,3.2311587701055897
1.0000079248289957,0.0,0.00019050660877795384,0.0,-0.15929086509904697,0.0,1.5144926938004033,3.0002767208679244,3.230992551092367
1.0000079103091097,0.0,0.0001903176858928292,0.0,-0.15937086509904697,0.0,1.514443923173415,3.0002767310811382,3.230826687751319
1.000007895815721,0.0,0.00019012904304834007,0.0,-0.15945086509904696,0.0,1.5143952413235153,3.000276741273358,3.2306611716380234
1.0000078813487725,0.0,0.00018994067969255524,0.0,-0.15953086509904696,0.0,1.5143466480751484,3.0002767514446136,3.2304960087735632
1.000007866908206,0.0,0.0001897525952749569,0.0,-0.15961086509904696,0.0,1.5142981432546412,3.0002767615949333,3.2303311931416268
1.0000078524939633,0.0,0.00018956478924627267,0.0,-0.15969086509904695,0.0,1.514249726687454,3.0002767717243617,3.230166727472702
1.0000078381059865,0.0,0.00018937726105869497,0.0,-0.15977086509904695,0.0,1.5142013982020759,3.0002767818329286,3.23000261383183
1.0000078237442154,0.0,0.00018919001016575249,0.0,-0.15985086509904695,0.0,1.5141531576255685,3.000276791920679,3.229838842082328
1.000007809408593,0.0,0.0001890030360221769,0.0,-0.15993086509904694,0.0,1.5141050047844353,3.0002768019876584,3.229675429087976
1.0000077950990605,0.0,0.00018881633808418406,0.0,-0.16001086509904694,0.0,1.5140569395081962,3.000276812033903,3.2295123540917694
1.0000077808155625,0.0,0.00018862991580923747,0.0,-0.16009086509904694,0.0,1.5140089616232033,3.0002768220594382,3.2293496295256188
1.0000077665580405,0.0,0.00018844376865626618,0.0,-0.16017086509904693,0.0,1.513961070960756,3.000276832064296,3.2291872506021027
1.0000077523264357,0.0,0.00018825789608533416,0.0,-0.16025086509904693,0.0,1.5139132673508522,3.000276842048535,3.229025219702024
1.0000077381206915,0.0,0.00018807229755794867,0.0,-0.16033086509904693,0.0,1.5138655506215897,3.0002768520121825,3.2288635256737246
1.0000077239407512,0.0,0.00018788697253688865,0.0,-0.16041086509904692,0.0,1.513817920604038,3.0002768619552764,3.22870218454242
1.00000770978656,0.0,0.00018770192048621034,0.0,-0.16049086509904692,0.0,1.5137703771251143,3.0002768718778423,3.2285411776922444
1.0000076956580568,0.0,0.00018751714087148093,0.0,-0.16057086509904692,0.0,1.5137229200219238,3.00027688177993,3.2283805280440783
1.0000076815551857,0.0,0.0001873326331592506,0.0,-0.1606508650990469,0.0,1.51367554912225,3.0002768916615925,3.2282202070553945
1.0000076674778944,0.0,0.00018714839681766916,0.0,-0.1607308650990469,0.0,1.5136282642585186,3.000276901522819,3.2280602361496586
1.0000076534261197,0.0,0.0001869644313160185,0.0,-0.1608108650990469,0.0,1.51358106526543,3.000276911363702,3.227900603062631
1.0000076393998123,0.0,0.00018678073612488343,0.0,-0.1608908650990469,0.0,1.5135339519708912,3.0002769211842306,3.2277413183071273
1.0000076253989072,0.0,0.00018659731071627973,0.0,-0.1609708650990469,0.0,1.5134869242153783,3.000276930984494,3.22758236501704
1.0000076114233563,0.0,0.0001864141545632851,0.0,-0.1610508650990469,0.0,1.513439981826524,3.0002769407644845,3.2274237557125502
1.000007597473106,0.0,0.000186231267140385,0.0,-0.1611308650990469,0.0,1.5133931246364065,3.000276950524221,3.2272654895756676
1.0000075835480913,0.0,0.0001860486479233627,0.0,-0.1612108650990469,0.0,1.5133463524843531,3.000276960263808,3.2271075594404306
1.0000075696482642,0.0,0.00018586629638931535,0.0,-0.1612908650990469,0.0,1.5132996652038067,3.0002769699832137,3.2269499673611977
1.0000075557735622,0.0,0.00018568421201647619,0.0,-0.16137086509904688,0.0,1.5132530626296685,3.0002769796825395,3.226792714493081
1.0000075419239325,0.0,0.0001855023942844727,0.0,-0.16145086509904688,0.0,1.5132065445984153,3.0002769893617955,3.226635795148574
1.0000075280993248,0.0,0.00018532084267408228,0.0,-0.16153086509904688,0.0,1.513160110943505,3.000276999020989,3.226479217994009
1.0000075142996807,0.0,0.00018513955666746114,0.0,-0.16161086509904687,0.0,1.5131137615031494,3.0002770086601744,3.226322973762911
1.0000075005249476,0.0,0.00018495853574787192,0.0,-0.16169086509904687,0.0,1.5130674961109396,3.0002770182793843,3.2261670646326834
1.000007486775065,0.0,0.00018477777940010143,0.0,-0.16177086509904687,0.0,1.5130213146100953,3.0002770278786732,3.226011496602311
1.0000074730499828,0.0,0.000184597287109797,0.0,-0.16185086509904686,0.0,1.5129752168330317,3.000277037458072,3.2258562577993857
1.0000074593496482,0.0,0.00018441705836419635,0.0,-0.16193086509904686,0.0,1.512929202618087,3.000277047017587,3.225701353826438
1.000007445674002,0.0,0.0001842370926516641,0.0,-0.16201086509904686,0.0,1.5128832718074583,3.000277056557287,3.225546786393484
1.0000074320229928,0.0,0.00018405738946169936,0.0,-0.16209086509904685,0.0,1.5128374242352167,3.000277066077202,3.2253925446131486
1.0000074183965662,0.0,0.0001838779482852172,0.0,-0.16217086509904685,0.0,1.5127916597432227,3.0002770755773565,3.2252386363465715
1.0000074047946699,0.0,0.00018369876861422537,0.0,-0.16225086509904685,0.0,1.5127459781682744,3.0002770850577796,3.225085066546293
1.000007391217245,0.0,0.0001835198499420162,0.0,-0.16233086509904684,0.0,1.5127003793537024,3.000277094518546,3.224931829827104
1.0000073776642424,0.0,0.00018334119176306642,0.0,-0.16241086509904684,0.0,1.5126548631376395,3.0002771039596596,3.2247789154651145
1.0000073641356138,0.0,0.0001831627935731392,0.0,-0.16249086509904684,0.0,1.5126094293583086,3.000277113381113,3.2246263387248026
1.00000735063129,0.0,0.00018298465486927295,0.0,-0.16257086509904684,0.0,1.512564077864764,3.000277122783049,3.224474091629426
1.0000073371512344,0.0,0.00018280677514942575,0.0,-0.16265086509904683,0.0,1.5125188084881316,3.000277132165406,3.2243221752354616
1.0000073236953817,0.0,0.00018262915391317424,0.0,-0.16273086509904683,0.0,1.5124736210799379,3.0002771415282816,3.2241705759973587
1.000007310263688,0.0,0.00018245179066099295,0.0,-0.16281086509904683,0.0,1.5124285154748214,3.0002771508716584,3.224019315129981
1.0000072968560954,0.0,0.00018227468489467064,0.0,-0.16289086509904682,0.0,1.5123834915194718,3.000277160195608,3.2238683765075242
1.0000072834725569,0.0,0.0001820978361172173,0.0,-0.16297086509904682,0.0,1.5123385490533745,3.000277169500117,3.223717771554867
1.0000072701130092,0.0,0.00018192124383280327,0.0,-0.16305086509904682,0.0,1.5122936879239097,3.0002771787853075,3.2235674953804865
1.0000072567774103,0.0,0.0001817449075468018,0.0,-0.1631308650990468,0.0,1.512248907970994,3.0002771880511316,3.223417538045173
1.0000072434657017,0.0,0.0001815688267657647,0.0,-0.1632108650990468,0.0,1.5122042090399463,3.0002771972976756,3.2232679134946007
1.0000072301778364,0.0,0.00018139300099748594,0.0,-0.1632908650990468,0.0,1.5121595909774683,3.000277206524926,3.2231186112443106
1.0000072169137577,0.0,0.0001812174297508469,0.0,-0.1633708650990468,0.0,1.5121150536256103,3.0002772157329636,3.2229696287700618
1.000007203673414,0.0,0.00018104211253602436,0.0,-0.1634508650990468,0.0,1.5120705968320425,3.000277224921808,3.2228209739333997
1.0000071904567556,0.0,0.0001808670488642217,0.0,-0.1635308650990468,0.0,1.5120262204379968,3.000277234091493,3.2226726460854644
1.0000071772637318,0.0,0.0001806922382479643,0.0,-0.1636108650990468,0.0,1.5119819242935293,3.000277243242034,3.222524636543138
1.0000071640942942,0.0,0.00018051768020080228,0.0,-0.1636908650990468,0.0,1.5119377082388512,3.0002772523734538,3.222376955768331
1.0000071509483779,0.0,0.00018034337423772684,0.0,-0.1637708650990468,0.0,1.5118935721326217,3.000277261485866,3.222229594575839
1.0000071378259463,0.0,0.00018016931987447079,0.0,-0.16385086509904678,0.0,1.5118495158083907,3.0002772705792204,3.2220825543801315
1.0000071247269438,0.0,0.0001799955166282582,0.0,-0.16393086509904678,0.0,1.5118055391211087,3.000277279653573,3.2219358360633583
1.0000071116513127,0.0,0.00017982196401740197,0.0,-0.16401086509904678,0.0,1.5117616419180153,3.0002772887090026,3.2217894384245778
1.0000070985990135,0.0,0.00017964866156126798,0.0,-0.16409086509904677,0.0,1.5117178240441633,3.0002772977454653,3.2216433550284576
1.0000070855699887,0.0,0.00017947560878046052,0.0,-0.16417086509904677,0.0,1.5116740853516277,3.000277306763043,3.2214975999454625
1.000007072564185,0.0,0.0001793028051967024,0.0,-0.16425086509904677,0.0,1.51163042568738,3.000277315761793,3.2213521547796753
1.0000070595815618,0.0,0.0001791302503328337,0.0,-0.16433086509904676,0.0,1.511586844899158,3.000277324741672,3.2212070337971
1.0000070466220585,0.0,0.00017895794371290344,0.0,-0.16441086509904676,0.0,1.5115433428390652,3.00027733370279,3.221062231299992
1.0000070336856297,0.0,0.0001787858848620696,0.0,-0.16449086509904676,0.0,1.5114999193561949,3.0002773426451395,3.2209177493603773
1.000007020772226,0.0,0.00017861407330654192,0.0,-0.16457086509904675,0.0,1.5114565743006654,3.000277351568759,3.2207735776933997
1.0000070078817958,0.0,0.0001784425085737297,0.0,-0.16465086509904675,0.0,1.5114133075210445,3.0002773604736954,3.220629728422763
1.000006995014289,0.0,0.00017827119019224428,0.0,-0.16473086509904675,0.0,1.5113701188724518,3.00027736935997,3.220486186648667
1.0000069821696576,0.0,0.0001781001176916788,0.0,-0.16481086509904674,0.0,1.5113270082034282,3.000277378227612,3.2203429721334764
1.0000069693478508,0.0,0.00017792929060282564,0.0,-0.16489086509904674,0.0,1.5112839753656244,3.0002773870766624,3.220200064271224
1.0000069565488199,0.0,0.0001777587084575503,0.0,-0.16497086509904674,0.0,1.5112410202115538,3.0002773959071525,3.2200574799364263
1.0000069437725105,0.0,0.00017758837078894472,0.0,-0.16505086509904673,0.0,1.5111981425954226,3.000277404719143,3.2199152063190732
1.0000069310188837,0.0,0.00017741827713102764,0.0,-0.16513086509904673,0.0,1.5111553423665216,3.0002774135126,3.219773231816978
1.0000069182878846,0.0,0.00017724842701901704,0.0,-0.16521086509904673,0.0,1.5111126193779785,3.000277422287601,3.2196315929044945
1.0000069055794636,0.0,0.00017707881998935685,0.0,-0.16529086509904672,0.0,1.5110699734870607,3.0002774310441693,3.2194902478877574
1.0000068928935721,0.0,0.000176909455579394,0.0,-0.16537086509904672,0.0,1.5110274045456535,3.0002774397823453,3.2193492275134052
1.0000068802301603,0.0,0.00017674033332768348,0.0,-0.16545086509904672,0.0,1.510984912407982,3.0002774485021706,3.2192085182300145
1.0000068675891844,0.0,0.00017657145277377424,0.0,-0.16553086509904671,0.0,1.5109424969235692,3.0002774572036466,3.2190681129947647
1.0000068549705912,0.0,0.0001764028134584937,0.0,-0.1656108650990467,0.0,1.5109001579553407,3.000277465886829,3.218928018928535
1.0000068423743336,0.0,0.000176234414923595,0.0,-0.1656908650990467,0.0,1.5108578953548366,3.000277474551747,3.218788246056669
1.000006829800362,0.0,0.00017606625671198232,0.0,-0.1657708650990467,0.0,1.510815708977364,3.0002774831984422,3.218648772811945
1.0000068172486354,0.0,0.0001758983383675842,0.0,-0.1658508650990467,0.0,1.5107735986778075,3.0002774918268935,3.2185096130317943
1.0000068047190969,0.0,0.00017573065943551926,0.0,-0.1659308650990467,0.0,1.5107315643130466,3.000277500437199,3.218370758611994
1.0000067922117037,0.0,0.00017556321946183786,0.0,-0.1660108650990467,0.0,1.510689605741047,3.000277509029357,3.218232214695238
1.000006779726407,0.0,0.00017539601799378506,0.0,-0.1660908650990467,0.0,1.5106477228159492,3.000277517603406,3.2180939810440083
1.0000067672631565,0.0,0.00017522905457961,0.0,-0.1661708650990467,0.0,1.5106059153973996,3.0002775261593992,3.217956045704017
1.000006754821908,0.0,0.0001750623287687314,0.0,-0.16625086509904669,0.0,1.5105641833429784,3.000277534697331,3.2178184199935482
1.0000067424026156,0.0,0.0001748958401114221,0.0,-0.16633086509904668,0.0,1.510522526506999,3.0002775432172424,3.2176811092991944
1.0000067300052264,0.0,0.00017472958815927377,0.0,-0.16641086509904668,0.0,1.5104809447534366,3.0002775517191878,3.2175440938577076
1.0000067176296954,0.0,0.00017456357246471975,0.0,-0.16649086509904668,0.0,1.5104394379364203,3.0002775602031995,3.217407394601207
1.0000067052759802,0.0,0.0001743977925813755,0.0,-0.16657086509904667,0.0,1.5103980059167574,3.00027756866926,3.217270991120901
1.0000066929440292,0.0,0.00017423224806385217,0.0,-0.16665086509904667,0.0,1.5103566485520008,3.0002775771174472,3.217134883830191
1.0000066806337957,0.0,0.00017406693846781305,0.0,-0.16673086509904667,0.0,1.5103153657020063,3.0002775855477917,3.2169991017634043
1.0000066683452367,0.0,0.00017390186335002771,0.0,-0.16681086509904666,0.0,1.5102741572253768,3.0002775939602886,3.216863613641152
1.0000066560783043,0.0,0.00017373702226822444,0.0,-0.16689086509904666,0.0,1.510233022985354,3.0002776023549838,3.216728427633523
1.000006643832944,0.0,0.00017357241478129455,0.0,-0.16697086509904666,0.0,1.5101919628446512,3.0002776107319655,3.216593537709252
1.0000066316091198,0.0,0.00017340804044898228,0.0,-0.16705086509904665,0.0,1.5101509766574976,3.000277619091194,3.2164589609036174
1.0000066194067807,0.0,0.00017324389883226148,0.0,-0.16713086509904665,0.0,1.5101100642913623,3.0002776274327263,3.21632468083656
1.00000660722588,0.0,0.00017307998949294835,0.0,-0.16721086509904665,0.0,1.510069225602464,3.0002776357566137,3.216190699055242
1.000006595066384,0.0,0.00017291631199396661,0.0,-0.16729086509904664,0.0,1.5100284604503107,3.0002776440627854,3.216057028349154
1.0000065829282263,0.0,0.00017275286589941006,0.0,-0.16737086509904664,0.0,1.5099877687068641,3.000277652351425,3.2159236452725404
1.0000065708113761,0.0,0.00017258965077417498,0.0,-0.16745086509904664,0.0,1.5099471502265898,3.000277660622454,3.2157905635564035
1.0000065587157834,0.0,0.0001724266661843294,0.0,-0.16753086509904663,0.0,1.5099066048746772,3.00027766887593,3.215657788596526
1.0000065466413983,0.0,0.00017226391169687183,0.0,-0.16761086509904663,0.0,1.5098661325159146,3.000277677111924,3.2155253052642907
1.0000065345881797,0.0,0.0001721013868798444,0.0,-0.16769086509904663,0.0,1.5098257330130638,3.0002776853304325,3.2153931279106027
1.000006522556087,0.0,0.00017193909130226902,0.0,-0.16777086509904662,0.0,1.5097854062250398,3.0002776935314492,3.215261245105515
1.0000065105450666,0.0,0.00017177702453421235,0.0,-0.16785086509904662,0.0,1.5097451520212353,3.000277701715076,3.2151296534028853
1.0000064985550774,0.0,0.00017161518614681605,0.0,-0.16793086509904662,0.0,1.50970497026621,3.0002777098812983,3.2149983597238485
1.0000064865860736,0.0,0.00017145357571211092,0.0,-0.1680108650990466,0.0,1.5096648608222194,3.000277718030159,3.2148673761068802
1.000006474638011,0.0,0.0001712921928031106,0.0,-0.1680908650990466,0.0,1.509624823554717,3.000277726161692,3.2147366701960722
1.0000064627108411,0.0,0.0001711310369940113,0.0,-0.1681708650990466,0.0,1.5095848583321496,3.000277734275941,3.2146062673368814
1.0000064508045297,0.0,0.00017097010785973224,0.0,-0.1682508650990466,0.0,1.5095449650126609,3.0002777423728686,3.2144761568516897
1.000006438919022,0.0,0.00017080940497641255,0.0,-0.1683308650990466,0.0,1.5095051434690456,3.000277750452579,3.214346347626573
1.000006427054275,0.0,0.0001706489279210736,0.0,-0.1684108650990466,0.0,1.509465393566385,3.0002777585150944,3.2142168191996547
1.0000064152102497,0.0,0.00017048867627175246,0.0,-0.1684908650990466,0.0,1.509425715168084,3.000277766560399,3.2140875966727944
1.0000064033868925,0.0,0.00017032864960747098,0.0,-0.1685708650990466,0.0,1.5093861081478008,3.0002777745886013,3.2139586655903027
1.0000063915841728,0.0,0.0001701688475081759,0.0,-0.1686508650990466,0.0,1.5093465723630928,3.000277782599623,3.2138300273316944
1.000006379802035,0.0,0.00017000926955489004,0.0,-0.16873086509904658,0.0,1.5093071076881304,3.000277790593586,3.2137016812164143
1.0000063680404403,0.0,0.00016984991532956054,0.0,-0.16881086509904658,0.0,1.5092677139899395,3.0002777985704783,3.21357362318535
1.0000063562993429,0.0,0.0001696907844151151,0.0,-0.16889086509904658,0.0,1.5092283911364572,3.000277806530343,3.2134458629708242
1.0000063445787042,0.0,0.00016953187639536662,0.0,-0.16897086509904657,0.0,1.5091891389925405,3.0002778144731805,3.2133183895391193
1.0000063328784745,0.0,0.000169373190855211,0.0,-0.16905086509904657,0.0,1.5091499574316778,3.0002778223990676,3.2131912083908727
1.0000063211986157,0.0,0.0001692147273805338,0.0,-0.16913086509904657,0.0,1.5091108463204395,3.0002778303079776,3.213064301237607
1.0000063095390739,0.0,0.00016905648555806611,0.0,-0.16921086509904656,0.0,1.5090718055311567,3.0002778382000397,3.2129376992916345
1.0000062978998212,0.0,0.00016889846497552071,0.0,-0.16929086509904656,0.0,1.5090328349260884,3.000277846075155,3.212811388979227
1.000006286280802,0.0,0.00016874066522172041,0.0,-0.16937086509904656,0.0,1.5089939343861658,3.0002778539334414,3.212685364182181
1.0000062746819827,0.0,0.00016858308588613542,0.0,-0.16945086509904655,0.0,1.5089551037693059,3.0002778617748764,3.2125596266631753
1.000006263103314,0.0,0.000168425726559516,0.0,-0.16953086509904655,0.0,1.508916342955967,3.000277869599521,3.2124341750852174
1.0000062515447572,0.0,0.00016826858683334763,0.0,-0.16961086509904655,0.0,1.5088776518102553,3.0002778774073797,3.2123090091810456
1.0000062400062646,0.0,0.0001681116663001403,0.0,-0.16969086509904655,0.0,1.5088390302100556,3.0002778851985252,3.2121841292087554
1.0000062284877973,0.0,0.00016795496455335686,0.0,-0.16977086509904654,0.0,1.5088004780222994,3.0002778929729486,3.2120595448559692
1.0000062169893142,0.0,0.0001677984811873061,0.0,-0.16985086509904654,0.0,1.5087619951182472,3.0002779007306795,3.211935235847608
1.0000062055107664,0.0,0.00016764221579744452,0.0,-0.16993086509904654,0.0,1.5087235813733444,3.000277908471784,3.2118112268895063
1.0000061940521208,0.0,0.00016748616797990988,0.0,-0.17001086509904653,0.0,1.5086852366540495,3.0002779161962274,3.2116874854761326
1.0000061826133262,0.0,0.00016733033733194356,0.0,-0.17009086509904653,0.0,1.508646960840189,3.00027792390411,3.2115640304095296
1.0000061711943475,0.0,0.00016717472345167625,0.0,-0.17017086509904653,0.0,1.508608753801025,3.0002779315953974,3.2114408668478815
1.00000615979514,0.0,0.00016701932593808072,0.0,-0.17025086509904652,0.0,1.5085706154069523,3.000277939270156,3.211317988517911
1.000006148415662,0.0,0.00016686414439117856,0.0,-0.17033086509904652,0.0,1.5085325455358651,3.0002779469284047,3.211195388658714
1.0000061370558733,0.0,0.00016670917841192005,0.0,-0.17041086509904652,0.0,1.5084945440608633,3.000277954570146,3.211073072894451
1.0000061257157278,0.0,0.00016655442760205318,0.0,-0.1704908650990465,0.0,1.508456610855176,3.0002779621954625,3.210951045269915
1.0000061143951875,0.0,0.00016639989156429122,0.0,-0.1705708650990465,0.0,1.5084187457943774,3.0002779698043525,3.2108292904369606
1.000006103094215,0.0,0.00016624556990228327,0.0,-0.1706508650990465,0.0,1.5083809487473372,3.0002779773968102,3.210707818045291
1.0000060918127585,0.0,0.00016609146222068124,0.0,-0.1707308650990465,0.0,1.5083432195991713,3.0002779849729393,3.210586628208754
1.0000060805507869,0.0,0.00016593756812485178,0.0,-0.1708108650990465,0.0,1.5083055582151674,3.0002779925326952,3.210465716955364
1.0000060693082495,0.0,0.00016578388722124877,0.0,-0.1708908650990465,0.0,1.5082679644796484,3.0002780000761797,3.2103450957975075
1.0000060580851198,0.0,0.00016563041911699325,0.0,-0.1709708650990465,0.0,1.5082304382566547,3.0002780076033186,3.21022474508155
1.0000060468813412,0.0,0.00016547716342050556,0.0,-0.1710508650990465,0.0,1.5081929794374043,3.0002780151142376,3.2101046730672294
1.0000060356968807,0.0,0.00016532411974069734,0.0,-0.1711308650990465,0.0,1.508155587885577,3.0002780226089265,3.209984883994068
1.0000060245316973,0.0,0.0001651712876876421,0.0,-0.17121086509904648,0.0,1.5081182634844705,3.000278030087399,3.209865382208834
1.0000060133857462,0.0,0.00016501866687216395,0.0,-0.17129086509904648,0.0,1.5080810061110583,3.000278037549729,3.20974613801967
1.000006002258996,0.0,0.0001648662569060313,0.0,-0.17137086509904648,0.0,1.5080438156380729,3.0002780449958624,3.209627191174992
1.000005991151397,0.0,0.00016471405740191614,0.0,-0.17145086509904647,0.0,1.5080066919459512,3.0002780524259096,3.20950850783449
1.0000059800629146,0.0,0.0001645620679733671,0.0,-0.17153086509904647,0.0,1.5079696349107388,3.000278059839843,3.209390101703394
1.0000059689935001,0.0,0.00016441028823483095,0.0,-0.17161086509904647,0.0,1.5079326444157561,3.000278067237769,3.2092719693164424
1.0000059579431262,0.0,0.00016425871780163088,0.0,-0.17169086509904646,0.0,1.5078957203346288,3.000278074619593,3.2091541239502384
1.0000059469117433,0.0,0.00016410735628986592,0.0,-0.17177086509904646,0.0,1.5078588625439595,3.000278081985449,3.209036551756344
1.0000059358993163,0.0,0.00016395620331670469,0.0,-0.17185086509904646,0.0,1.5078220709270083,3.0002780893353007,3.2089192430088733
1.000005924905803,0.0,0.00016380525850008692,0.0,-0.17193086509904645,0.0,1.5077853453613683,3.0002780966692,3.2088022234225226
1.0000059139311646,0.0,0.00016365452145879233,0.0,-0.17201086509904645,0.0,1.5077486857266136,3.000278103987175,3.2086854665064166
1.00000590297536,0.0,0.00016350399181255907,0.0,-0.17209086509904645,0.0,1.5077120919038962,3.0002781112892545,3.2085689981745147
1.000005892038351,0.0,0.00016335366918189228,0.0,-0.17217086509904644,0.0,1.507675563769141,3.000278118575466,3.208452789937382
1.0000058811201,0.0,0.0001632035531882558,0.0,-0.17225086509904644,0.0,1.5076391012053805,3.0002781258458127,3.2083368581585034
1.0000058702205625,0.0,0.0001630536434539529,0.0,-0.17233086509904644,0.0,1.5076027040970643,3.0002781331003656,3.2082211967119107
1.0000058593397034,0.0,0.0001629039396020891,0.0,-0.17241086509904643,0.0,1.507566372316003,3.000278140339122,3.208105813001164
1.0000058484774887,0.0,0.00016275444125669414,0.0,-0.17249086509904643,0.0,1.5075301057481612,3.0002781475620566,3.207990696024897
1.0000058376338676,0.0,0.0001626051480426032,0.0,-0.17257086509904643,0.0,1.507493904274756,3.000278154769313,3.207875856189682
1.0000058268088052,0.0,0.00016245605958562672,0.0,-0.17265086509904642,0.0,1.507457767780725,3.0002781619608623,3.2077612733252625
1.0000058160022656,0.0,0.0001623071755122545,0.0,-0.17273086509904642,0.0,1.5074216961442517,3.00027816913672,3.207646971734582
1.000005805214212,0.0,0.00016215849544992086,0.0,-0.17281086509904642,0.0,1.5073856892454178,3.0002781762968898,3.207532938759132
1.0000057944445966,0.0,0.00016201001902693064,0.0,-0.17289086509904641,0.0,1.5073497469713448,3.00027818344148,3.2074191759186457
1.0000057836933935,0.0,0.00016186174587236408,0.0,-0.1729708650990464,0.0,1.5073138691999952,3.0002781905704015,3.2073056785868403
1.0000057729605496,0.0,0.00016171367561621593,0.0,-0.1730508650990464,0.0,1.5072780558204284,3.000278197683815,3.2071924569381216
1.0000057622460399,0.0,0.00016156580788924329,0.0,-0.1731308650990464,0.0,1.5072423067105531,3.0002782047816248,3.207079494884033
1.000005751549818,0.0,0.00016141814232301373,0.0,-0.1732108650990464,0.0,1.5072066217545612,3.000278211863949,3.20696680688541
1.000005740871849,0.0,0.00016127067855018068,0.0,-0.1732908650990464,0.0,1.5071710008400034,3.0002782189307453,3.20685438438459
1.0000057302120973,0.0,0.00016112341620386732,0.0,-0.1733708650990464,0.0,1.5071354438447344,3.000278225982052,3.2067422303351787
1.0000057195705154,0.0,0.00016097635491832467,0.0,-0.1734508650990464,0.0,1.507099950658993,3.0002782330179643,3.2066303409090566
1.000005708947078,0.0,0.00016082949432848028,0.0,-0.1735308650990464,0.0,1.5070645211623805,3.000278240038395,3.2065187171770786
1.0000056983417358,0.0,0.00016068283407012803,0.0,-0.17361086509904639,0.0,1.5070291552455954,3.000278247043477,3.206407353000043
1.000005687754462,0.0,0.00016053637377975874,0.0,-0.17369086509904638,0.0,1.5069938527843754,3.0002782540331574,3.206296264951347
1.0000056771852046,0.0,0.00016039011309503028,0.0,-0.17377086509904638,0.0,1.5069586136765074,3.0002782610075585,3.20618544371236
1.0000056666339403,0.0,0.00016024405165411326,0.0,-0.17385086509904638,0.0,1.5069234377969651,3.0002782679665834,3.2060748791995484
1.0000056561006263,0.0,0.0001600981890959957,0.0,-0.17393086509904637,0.0,1.5068883250356677,3.0002782749103285,3.20596458142451
1.0000056455852224,0.0,0.00015995252506069397,0.0,-0.17401086509904637,0.0,1.5068532752792076,3.000278281838822,3.2058545521411794
1.0000056350876947,0.0,0.00015980705918882128,0.0,-0.17409086509904637,0.0,1.5068182884141201,3.0002782887520736,3.2057447713299303
1.0000056246080051,0.0,0.0001596617911219435,0.0,-0.17417086509904636,0.0,1.5067833643257436,3.000278295650109,3.205635265796217
1.0000056141461182,0.0,0.00015951672050231578,0.0,-0.17425086509904636,0.0,1.5067485028990024,3.000278302532951,3.2055260159467984
1.000005603701993,0.0,0.00015937184697313686,0.0,-0.17433086509904636,0.0,1.5067137040230694,3.0002783094006493,3.2054170342601647
1.0000055932755945,0.0,0.00015922717017835642,0.0,-0.17441086509904635,0.0,1.5066789675888346,3.000278316253212,3.2053083072781807
1.0000055828668883,0.0,0.00015908268976266076,0.0,-0.17449086509904635,0.0,1.5066442934790791,3.0002783230906456,3.205199853842967
1.000005572475837,0.0,0.000158938405371586,0.0,-0.17457086509904635,0.0,1.5066096815811194,3.000278329912987,3.2050916506365477
1.0000055621024,0.0,0.00015879431665153052,0.0,-0.17465086509904634,0.0,1.5065751317888747,3.000278336720285,3.204983722151775
1.0000055517465378,0.0,0.00015865042324959567,0.0,-0.17473086509904634,0.0,1.506540643989144,3.0002783435126013,3.2048760294031573
1.0000055414082283,0.0,0.00015850672481365245,0.0,-0.17481086509904634,0.0,1.5065062180631792,3.000278350289831,3.204768620108403
1.000005531087425,0.0,0.0001583632209924442,0.0,-0.17489086509904633,0.0,1.5064718539039141,3.0002783570520943,3.204661458455639
1.0000055207840903,0.0,0.00015821991143551105,0.0,-0.17497086509904633,0.0,1.5064375514032022,3.00027836379942,3.204554557566763
1.0000055104981924,0.0,0.00015807679579314055,0.0,-0.17505086509904633,0.0,1.5064033104491978,3.000278370531794,3.204447913144353
1.0000055002296886,0.0,0.00015793387371646451,0.0,-0.17513086509904632,0.0,1.506369130936302,3.0002783772492956,3.204341523322264
1.0000054899785542,0.0,0.0001577911448572144,0.0,-0.17521086509904632,0.0,1.5063350127446837,3.000278383951863,3.204235405072168
1.0000054797447409,0.0,0.00015764860886814574,0.0,-0.17529086509904632,0.0,1.506300955769475,3.000278390639622,3.204129530578669
1.0000054695282214,0.0,0.00015750626540260535,0.0,-0.1753708650990463,0.0,1.5062669599011598,3.0002783973125267,3.204023917993401
1.0000054593289591,0.0,0.00015736411411480716,0.0,-0.1754508650990463,0.0,1.5062330250284908,3.000278403970609,3.2039185571000552
1.0000054491469137,0.0,0.00015722215465977668,0.0,-0.1755308650990463,0.0,1.5061991510447452,3.000278410613928,3.203813463057673
1.0000054389820532,0.0,0.00015708038669320784,0.0,-0.1756108650990463,0.0,1.5061653378398414,3.000278417242485,3.203708614337292
1.000005428834342,0.0,0.0001569388098716349,0.0,-0.1756908650990463,0.0,1.5061315853040975,3.0002784238563,3.2036040304821407
1.0000054187037453,0.0,0.0001567974238523662,0.0,-0.1757708650990463,0.0,1.5060978933298137,3.0002784304553893,3.203499694530976
1.0000054085902244,0.0,0.00015665622829344616,0.0,-0.1758508650990463,0.0,1.5060642618113567,3.000278437039812,3.203395614726274
1.0000053984937445,0.0,0.0001565152228536679,0.0,-0.1759308650990463,0.0,1.50603069063857,3.0002784436095915,3.2032917923418673
1.000005388414273,0.0,0.00015637440719261253,0.0,-0.1760108650990463,0.0,1.5059971797019682,3.0002784501647284,3.2031882168044126
1.0000053783517762,0.0,0.00015623378097061945,0.0,-0.17609086509904628,0.0,1.50596372889613,3.000278456705232,3.203084902210433
1.0000053683062133,0.0,0.0001560933438488408,0.0,-0.17617086509904628,0.0,1.5059303381153748,3.000278463231175,3.2029818370650203
1.0000053582775559,0.0,0.00015595309548900265,0.0,-0.17625086509904628,0.0,1.5058970072471314,3.0002784697425415,3.2028790202769493
1.0000053482657631,0.0,0.00015581303555387626,0.0,-0.17633086509904627,0.0,1.5058637361932181,3.000278476239384,3.2027764532261624
1.0000053382708038,0.0,0.00015567316370671108,0.0,-0.17641086509904627,0.0,1.5058305248401909,3.0002784827217135,3.202674152619773
1.0000053282926418,0.0,0.00015553347961169196,0.0,-0.17649086509904627,0.0,1.5057973730837753,3.000278489189555,3.2025720954421475
1.000005318331243,0.0,0.0001553939829336035,0.0,-0.17657086509904626,0.0,1.5057642808212202,3.000278495642941,3.202470297159015
1.0000053083865743,0.0,0.00015525467333811084,0.0,-0.17665086509904626,0.0,1.5057312479409513,3.0002785020818705,3.202368737444932
1.0000052984586012,0.0,0.0001551155504915062,0.0,-0.17673086509904626,0.0,1.505698274340549,3.0002785085063812,3.202267427396303
1.0000052885472923,0.0,0.0001549766140608866,0.0,-0.17681086509904625,0.0,1.5056653599098075,3.0002785149164644,3.2021663767067636
1.0000052786526057,0.0,0.0001548378637141349,0.0,-0.17689086509904625,0.0,1.5056325045533652,3.000278521312214,3.2020655692404545
1.0000052687745076,0.0,0.00015469929911984004,0.0,-0.17697086509904625,0.0,1.5055997081611745,3.0002785276936446,3.2019650118683813
1.0000052589129709,0.0,0.00015456091994719574,0.0,-0.17705086509904625,0.0,1.5055669706268362,3.0002785340607314,3.201864702136772
1.0000052490679578,0.0,0.00015442272586630346,0.0,-0.17713086509904624,0.0,1.5055342918470127,3.000278540413526,3.2017646424018515
1.0000052392394347,0.0,0.00015428471654803185,0.0,-0.17721086509904624,0.0,1.5055016717210912,3.00027854675203,3.201664834983655
1.000005229427369,0.0,0.00015414689166372603,0.0,-0.17729086509904624,0.0,1.5054691101381148,3.0002785530762877,3.2015652700930097
1.0000052196317164,0.0,0.0001540092508857883,0.0,-0.17737086509904623,0.0,1.505436607006973,3.000278559386392,3.2014659574216746
1.000005209852462,0.0,0.0001538717938869733,0.0,-0.17745086509904623,0.0,1.5054041622074097,3.000278565682219,3.201366885580026
1.000005200089563,0.0,0.00015373452034108637,0.0,-0.17753086509904623,0.0,1.5053717756463005,3.0002785719638645,3.201268065932112
1.0000051903429796,0.0,0.00015359742992255323,0.0,-0.17761086509904622,0.0,1.5053394472206907,3.000278578231407,3.2011694841100553
1.0000051806126924,0.0,0.0001534605223064257,0.0,-0.17769086509904622,0.0,1.5053071768223738,3.0002785844847457,3.2010711577972293
1.000005170898653,0.0,0.00015332379716862605,0.0,-0.17777086509904622,0.0,1.5052749643557901,3.00027859072404,3.2009730590953573
1.0000051612008383,0.0,0.0001531872541856608,0.0,-0.1778508650990462,0.0,1.5052428097133865,3.0002785969492236,3.200875231756103
1.0000051515192097,0.0,0.00015305089303490097,0.0,-0.1779308650990462,0.0,1.5052107127982792,3.000278603160354,3.2007776313852694
1.0000051418537412,0.0,0.00015291471339415382,0.0,-0.1780108650990462,0.0,1.5051786734994188,3.0002786093574194,3.2006802877752714
1.0000051322043901,0.0,0.00015277871494230906,0.0,-0.1780908650990462,0.0,1.5051466917249068,3.000278615540506,3.2005831745752453
1.000005122571128,0.0,0.00015264289735870571,0.0,-0.1781708650990462,0.0,1.5051147673701988,3.0002786217096036,3.200486312364846
1.0000051129539245,0.0,0.00015250726032345647,0.0,-0.1782508650990462,0.0,1.505082900331653,3.0002786278647116,3.2003896811227923
1.0000051033527446,0.0,0.00015237180351738432,0.0,-0.1783308650990462,0.0,1.5050510905098162,3.000278634005876,3.200293312388951
1.0000050937675533,0.0,0.00015223652662200592,0.0,-0.1784108650990462,0.0,1.5050193378024677,3.0002786401331467,3.2001971761627073
1.0000050841983246,0.0,0.00015210142931959382,0.0,-0.1784908650990462,0.0,1.5049876421104837,3.0002786462464703,3.2001012757804226
1.0000050746450175,0.0,0.00015196651129307788,0.0,-0.17857086509904618,0.0,1.5049560033366507,3.0002786523459553,3.2000056294357613
1.000005065107602,0.0,0.00015183177222606681,0.0,-0.17865086509904618,0.0,1.5049244213766273,3.000278658431605,3.199910215480123
1.0000050555860491,0.0,0.00015169721180288034,0.0,-0.17873086509904618,0.0,1.5048928961327857,3.0002786645034094,3.199815045368304
1.0000050460803287,0.0,0.0001515628297085475,0.0,-0.17881086509904617,0.0,1.5048614275018937,3.000278670561364,3.1997201206752357
1.0000050365903994,0.0,0.00015142862562880953,0.0,-0.17889086509904617,0.0,1.5048300153907483,3.000278676605581,3.1996254303114555
1.0000050271162362,0.0,0.0001512945992500053,0.0,-0.17897086509904617,0.0,1.5047986596927494,3.0002786826360244,3.199530978646811
1.0000050176578048,0.0,0.00015116075025925323,0.0,-0.17905086509904616,0.0,1.5047673603106297,3.000278688652732,3.1994367700718453
1.0000050082150744,0.0,0.00015102707834440098,0.0,-0.17913086509904616,0.0,1.5047361171519402,3.0002786946557016,3.199342792453223
1.0000049987880097,0.0,0.0001508935831938498,0.0,-0.17921086509904616,0.0,1.5047049301137712,3.0002787006450036,3.1992490581308597
1.0000049893765803,0.0,0.00015076026449673324,0.0,-0.17929086509904615,0.0,1.5046737990967995,3.00027870662065,3.199155577647703
1.0000049799807593,0.0,0.00015062712194292277,0.0,-0.17937086509904615,0.0,1.5046427240020497,3.0002787125826016,3.199062317745497
1.000004970600509,0.0,0.0001504941552229351,0.0,-0.17945086509904615,0.0,1.504611704734258,3.0002787185309447,3.198969299504444
1.0000049612357989,0.0,0.00015036136402789675,0.0,-0.17953086509904614,0.0,1.5045807411932062,3.0002787244657023,3.1988765205088523
1.0000049518866,0.0,0.00015022874804976484,0.0,-0.17961086509904614,0.0,1.504549833284536,3.000278730386848,3.1987839731054284
1.0000049425528739,0.0,0.00015009630698105904,0.0,-0.17969086509904614,0.0,1.5045189809125474,3.0002787362944874,3.198691670717786
1.000004933234602,0.0,0.00014996404051484995,0.0,-0.17977086509904613,0.0,1.5044881839680309,3.0002787421885335,3.1985995993396403
1.0000049239317366,0.0,0.00014983194834532703,0.0,-0.17985086509904613,0.0,1.504457442374113,3.000278748069118,3.1985077615200694
1.0000049146442613,0.0,0.000149700030166725,0.0,-0.17993086509904613,0.0,1.5044267560163451,3.000278753936174,3.198416168400803
1.0000049053721385,0.0,0.0001495682856744633,0.0,-0.18001086509904612,0.0,1.5043961248043418,3.0002787597897504,3.1983247955668066
1.000004896115332,0.0,0.00014943671456438897,0.0,-0.18009086509904612,0.0,1.5043655486484688,3.000278765629931,3.198233664670956
1.000004886873821,0.0,0.00014930531653297788,0.0,-0.18017086509904612,0.0,1.5043350274407195,3.000278771456648,3.198142769629382
1.0000048776475674,0.0,0.00014917409127755056,0.0,-0.18025086509904611,0.0,1.5043045610947154,3.0002787772699717,3.1980521174574363
1.0000048684365452,0.0,0.00014904303849595568,0.0,-0.1803308650990461,0.0,1.5042741495111938,3.0002787830698825,3.1979616852518884
1.0000048592407198,0.0,0.00014891215788667795,0.0,-0.1804108650990461,0.0,1.5042437925954473,3.0002787888564515,3.1978714948693314
1.0000048500600573,0.0,0.00014878144914891534,0.0,-0.1804908650990461,0.0,1.5042134902506716,3.0002787946297347,3.1977815293280885
1.000004840894534,0.0,0.00014865091198264466,0.0,-0.1805708650990461,0.0,1.5041832423866088,3.0002788003896503,3.1976918082355885
1.0000048317441173,0.0,0.00014852054608819058,0.0,-0.1806508650990461,0.0,1.5041530489020503,3.0002788061362775,3.1976023096398056
1.000004822608776,0.0,0.00014839035116676966,0.0,-0.1807308650990461,0.0,1.50412290970453,3.0002788118696335,3.1975130445804636
1.0000048134884774,0.0,0.00014826032692028543,0.0,-0.1808108650990461,0.0,1.5040928247042626,3.000278817589747,3.1974240071982005
1.0000048043831962,0.0,0.00014813047305102468,0.0,-0.1808908650990461,0.0,1.504062793799563,3.000278823296614,3.1973352177374696
1.0000047952928977,0.0,0.00014800078926215308,0.0,-0.18097086509904609,0.0,1.5040328168996735,3.0002788289902935,3.1972466472729053
1.0000047862175563,0.0,0.0001478712752574652,0.0,-0.18105086509904608,0.0,1.5040028939142815,3.0002788346707434,3.1971583096384903
1.0000047771571334,0.0,0.00014774193074134582,0.0,-0.18113086509904608,0.0,1.5039730247479628,3.00027884033808,3.197070187278544
1.0000047681116082,0.0,0.00014761275541871934,0.0,-0.18121086509904608,0.0,1.503943209301818,3.0002788459922467,3.1969823164747955
1.0000047590809429,0.0,0.00014748374899540892,0.0,-0.18129086509904607,0.0,1.503913447493612,3.000278851633315,3.196894668159047
1.000004750065109,0.0,0.00014735491117763937,0.0,-0.18137086509904607,0.0,1.503883739222924,3.0002788572613106,3.1968072428665364
1.0000047410640827,0.0,0.00014722624167237138,0.0,-0.18145086509904607,0.0,1.5038540843958266,3.0002788628761867,3.1967200598002345
1.0000047320778336,0.0,0.00014709774018715536,0.0,-0.18153086509904606,0.0,1.5038244829208685,3.0002788684779738,3.1966330966597774
1.0000047231063225,0.0,0.00014696940643028905,0.0,-0.18161086509904606,0.0,1.5037949347137387,3.0002788740667823,3.1965463537954255
1.000004714149529,0.0,0.00014684124011052647,0.0,-0.18169086509904606,0.0,1.5037654396708338,3.0002788796425515,3.196459863500376
1.0000047052074212,0.0,0.00014671324093735828,0.0,-0.18177086509904605,0.0,1.503735997701996,3.0002788852053253,3.1963735644283964
1.0000046962799667,0.0,0.00014658540862099852,0.0,-0.18185086509904605,0.0,1.5037066087251056,3.0002788907551334,3.1962875222083125
1.0000046873671407,0.0,0.00014645774287202758,0.0,-0.18193086509904605,0.0,1.5036772726365621,3.000278896291978,3.1962016920899097
1.0000046784689074,0.0,0.00014633024340198717,0.0,-0.18201086509904604,0.0,1.5036479893558314,3.000278901815913,3.196116094998468
1.0000046695852416,0.0,0.00014620290992273534,0.0,-0.18209086509904604,0.0,1.5036187587853627,3.00027890732694,3.1960307188779575
1.000004660716118,0.0,0.00014607574214683158,0.0,-0.18217086509904604,0.0,1.5035895808309563,3.000278912825048,3.195945564600721
1.0000046518614993,0.0,0.00014594873978763007,0.0,-0.18225086509904603,0.0,1.503560455410399,3.000278918310318,3.195860651686654
1.0000046430213605,0.0,0.00014582190255892183,0.0,-0.18233086509904603,0.0,1.50353138242782,3.000278923782738,3.1957759577289813
1.0000046341956725,0.0,0.0001456952301751616,0.0,-0.18241086509904603,0.0,1.50350236179499,3.0002789292423326,3.195691489177576
1.0000046253844064,0.0,0.00014556872235143358,0.0,-0.18249086509904602,0.0,1.5034733934198528,3.0002789346891205,3.195607243602691
1.0000046165875336,0.0,0.00014544237880343116,0.0,-0.18257086509904602,0.0,1.5034444772135043,3.0002789401231182,3.195523204176682
1.0000046078050224,0.0,0.00014531619924752445,0.0,-0.18265086509904602,0.0,1.503415613087579,3.000278945544363,3.1954394095006973
1.0000045990368498,0.0,0.00014519018340045182,0.0,-0.182730865099046,0.0,1.5033868009459956,3.000278950952854,3.195355836304417
1.0000045902829764,0.0,0.00014506433098000394,0.0,-0.182810865099046,0.0,1.503358040712426,3.000278956348671,3.195272479065029
1.0000045815433871,0.0,0.00014493864170408698,0.0,-0.182890865099046,0.0,1.5033293322833219,3.0002789617317345,3.1951893576340527
1.0000045728180462,0.0,0.00014481311529157488,0.0,-0.182970865099046,0.0,1.5033006755793343,3.0002789671021133,3.195106447600684
1.0000045641069262,0.0,0.00014468775146174353,0.0,-0.183050865099046,0.0,1.503272070504565,3.000278972459836,3.1950237585991506
1.0000045554099979,0.0,0.00014456254993452762,0.0,-0.183130865099046,0.0,1.5032435169732805,3.0002789778049332,3.1949413023908906
1.0000045467272334,0.0,0.00014443751043060224,0.0,-0.183210865099046,0.0,1.503215014901803,3.0002789831373926,3.194859055900324
1.0000045380586018,0.0,0.00014431263267099446,0.0,-0.183290865099046,0.0,1.50318656419837,3.0002789884572905,3.194777033619233
1.0000045294040782,0.0,0.00014418791637747615,0.0,-0.183370865099046,0.0,1.5031581647717591,3.000278993764606,3.194695236937312
1.0000045207636359,0.0,0.00014406336127248843,0.0,-0.18345086509904598,0.0,1.5031298165390383,3.0002789990593213,3.1946136523403923
1.0000045121372434,0.0,0.0001439389670788408,0.0,-0.18353086509904598,0.0,1.503101519408662,3.0002790043415257,3.194532298553948
1.0000045035248726,0.0,0.00014381473352013954,0.0,-0.18361086509904598,0.0,1.5030732732936276,3.0002790096112246,3.1944511470780723
1.0000044949264983,0.0,0.00014369066032050593,0.0,-0.18369086509904597,0.0,1.5030450781096614,3.000279014868407,3.1943702221120978
1.0000044863420887,0.0,0.00014356674720469796,0.0,-0.18377086509904597,0.0,1.5030169337705923,3.000279020113131,3.1942895219057346
1.0000044777716202,0.0,0.00014344299389796325,0.0,-0.18385086509904597,0.0,1.5029888401832492,3.0002790253453804,3.194209041571755
1.0000044692150618,0.0,0.00014331940012624725,0.0,-0.18393086509904596,0.0,1.5029607972659158,3.0002790305652023,3.1941287821885984
1.00000446067239,0.0,0.00014319596561595665,0.0,-0.18401086509904596,0.0,1.5029328049280266,3.0002790357725884,3.1940487273076914
1.0000044521435694,0.0,0.00014307269009428952,0.0,-0.18409086509904596,0.0,1.5029048630893742,3.0002790409676114,3.1939688996435502
1.0000044436285827,0.0,0.0001429495732887595,0.0,-0.18417086509904596,0.0,1.5028769716556711,3.0002790461502125,3.193889294018442
1.0000044351273916,0.0,0.00014282661492771176,0.0,-0.18425086509904595,0.0,1.502849130548395,3.000279051320505,3.193809891521038
1.000004426639979,0.0,0.00014270381473990067,0.0,-0.18433086509904595,0.0,1.5028213396761758,3.0002790564784063,3.193730725941023
1.000004418166305,0.0,0.0001425811724547674,0.0,-0.18441086509904595,0.0,1.5027935989585963,3.000279061624069,3.1936517553165134
1.000004409706357,0.0,0.00014245868780220504,0.0,-0.18449086509904594,0.0,1.5027659083055622,3.0002790667573622,3.193573012121407
1.0000044012600993,0.0,0.0001423363605128321,0.0,-0.18457086509904594,0.0,1.50273826763324,3.0002790718783845,3.19349448610492
1.0000043928274978,0.0,0.00014221419031777645,0.0,-0.18465086509904594,0.0,1.5027106768622618,3.0002790769872347,3.193416178286969
1.0000043844085424,0.0,0.000142092176948663,0.0,-0.18473086509904593,0.0,1.5026831358962829,3.0002790820837513,3.1933380797201334
1.0000043760031934,0.0,0.0001419703201378436,0.0,-0.18481086509904593,0.0,1.5026556446590322,3.000279087168083,3.1932601793761743
1.0000043676114285,0.0,0.00014184861961806457,0.0,-0.18489086509904593,0.0,1.5026282030603673,3.0002790922402123,3.1931825192170344
1.0000043592332208,0.0,0.0001417270751228193,0.0,-0.18497086509904592,0.0,1.5026008110238724,3.00027909730014,3.1931050582591705
1.0000043508685412,0.0,0.00014160568638602072,0.0,-0.18505086509904592,0.0,1.5025734684561716,3.0002791023479243,3.1930278283845106
1.0000043425173606,0.0,0.00014148445314224838,0.0,-0.18513086509904592,0.0,1.5025461752821396,3.0002791073836033,3.1929507944532105
1.00000433417966,0.0,0.00014136337512661774,0.0,-0.1852108650990459,0.0,1.5025189314120417,3.0002791124071,3.1928739893900673
1.0000043258554059,0.0,0.00014124245207471975,0.0,-0.1852908650990459,0.0,1.5024917367636463,3.0002791174185357,3.1927973864165575
1.0000043175445774,0.0,0.00014112168372279875,0.0,-0.1853708650990459,0.0,1.5024645912487995,3.000279122417854,3.1927210095399605
1.0000043092471391,0.0,0.00014100106980773365,0.0,-0.1854508650990459,0.0,1.5024374947972117,3.0002791274051583,3.192644825098294
1.0000043009630717,0.0,0.0001408806100668063,0.0,-0.1855308650990459,0.0,1.5024104473149595,3.000279132380399,3.1925688666119
1.0000042926923485,0.0,0.00014076030423786475,0.0,-0.1856108650990459,0.0,1.5023834487189272,3.0002791373436097,3.1924931065214097
1.0000042844349393,0.0,0.0001406401520594673,0.0,-0.1856908650990459,0.0,1.5023564989308553,3.0002791422948327,3.1924175696162815
1.0000042761908223,0.0,0.0001405201532705639,0.0,-0.1857708650990459,0.0,1.5023295978648887,3.0002791472340475,3.192342234950526
1.0000042679599668,0.0,0.0001404003076107648,0.0,-0.1858508650990459,0.0,1.5023027454442581,3.000279152161317,3.192267113694637
1.0000042597423489,0.0,0.00014028061482019346,0.0,-0.18593086509904588,0.0,1.5022759415792073,3.0002791570766294,3.1921922015534454
1.0000042515379457,0.0,0.00014016107463944654,0.0,-0.18601086509904588,0.0,1.5022491861903726,3.0002791619799836,3.192117504420557
1.0000042433467211,0.0,0.00014004168680980056,0.0,-0.18609086509904588,0.0,1.5022224792005534,3.000279166871503,3.192043023329763
1.0000042351686655,0.0,0.00013992245107301404,0.0,-0.18617086509904587,0.0,1.5021958205175197,3.000279171751014,3.191968743318581
1.0000042270037386,0.0,0.00013980336717132324,0.0,-0.18625086509904587,0.0,1.5021692100661352,3.000279176618724,3.1918946789487603
1.000004218851917,0.0,0.0001396844348477046,0.0,-0.18633086509904587,0.0,1.5021426477695061,3.0002791814745926,3.191820818910536
1.0000042107131781,0.0,0.00013956565384549803,0.0,-0.18641086509904586,0.0,1.5021161335400646,3.000279186318611,3.191747162271543
1.0000042025874922,0.0,0.0001394470239086942,0.0,-0.18649086509904586,0.0,1.5020896673006128,3.000279191150837,3.19167371995062
1.0000041944748412,0.0,0.00013932854478165477,0.0,-0.18657086509904586,0.0,1.5020632489660966,3.0002791959712254,3.1916004860096794
1.0000041863751874,0.0,0.00013921021620956177,0.0,-0.18665086509904585,0.0,1.5020368784617022,3.0002792007798997,3.1915274558353417
1.0000041782885174,0.0,0.0001390920379378242,0.0,-0.18673086509904585,0.0,1.502010555700353,3.000279205576769,3.191454635100829
1.0000041702147997,0.0,0.0001389740097126161,0.0,-0.18681086509904585,0.0,1.5019842806057881,3.000279210361903,3.1913820169255933
1.0000041621540117,0.0,0.00013885613128049448,0.0,-0.18689086509904584,0.0,1.5019580530930954,3.0002792151353046,3.1913096188099797
1.0000041541061233,0.0,0.000138738402388751,0.0,-0.18697086509904584,0.0,1.5019318730899553,3.0002792198970147,3.191237411782011
1.0000041460711124,0.0,0.00013862082278497337,0.0,-0.18705086509904584,0.0,1.5019057405097598,3.0002792246470413,3.1911654221768995
1.000004138048951,0.0,0.0001385033922174259,0.0,-0.18713086509904583,0.0,1.5018796552791855,3.000279229385426,3.1910936413828224
1.0000041300396232,0.0,0.00013838611043480065,0.0,-0.18721086509904583,0.0,1.5018536173054142,3.00027923411209,3.191022046254854
1.0000041220430873,0.0,0.00013826897718650623,0.0,-0.18729086509904583,0.0,1.5018276265292336,3.0002792388272184,3.1909506863778363
1.0000041140593376,0.0,0.00013815199222222041,0.0,-0.18737086509904582,0.0,1.5018016828480683,3.0002792435306294,3.1908795143439086
1.0000041060883271,0.0,0.00013803515529244804,0.0,-0.18745086509904582,0.0,1.5017757862112036,3.0002792482225655,3.19080853484056
1.0000040981300475,0.0,0.00013791846614793205,0.0,-0.18753086509904582,0.0,1.501749936519165,3.0002792529028706,3.1907377729905684
1.0000040901844667,0.0,0.00013780192454002966,0.0,-0.18761086509904581,0.0,1.5017241336962186,3.0002792575716586,3.1906672182770572
1.0000040822515688,0.0,0.0001376855302206678,0.0,-0.1876908650990458,0.0,1.5016983776622195,3.0002792622288306,3.1905968602241512
1.0000040743313154,0.0,0.00013756928294235014,0.0,-0.1877708650990458,0.0,1.5016726683482646,3.0002792668745504,3.190526705767864
1.0000040664236909,0.0,0.0001374531824579459,0.0,-0.1878508650990458,0.0,1.5016470056684417,3.0002792715087465,3.190456752857532
1.0000040585286647,0.0,0.00013733722852097733,0.0,-0.1879308650990458,0.0,1.5016213895480814,3.0002792761314905,3.190387008475658
1.0000040506462191,0.0,0.0001372214208852856,0.0,-0.1880108650990458,0.0,1.5015958199041526,3.000279280742752,3.190317462574028
1.0000040427763266,0.0,0.00013710575930556636,0.0,-0.1880908650990458,0.0,1.5015702966651092,3.000279285342534,3.19024810991446
1.000004034918961,0.0,0.0001369902435367021,0.0,-0.1881708650990458,0.0,1.501544819749325,3.0002792899309063,3.1901789821310707
1.0000040270740984,0.0,0.00013687487333424004,0.0,-0.1882508650990458,0.0,1.5015193890835872,3.000279294507871,3.1901100391137103
1.0000040192417123,0.0,0.00013675964845425863,0.0,-0.18833086509904579,0.0,1.501494004589239,3.0002792990734615,3.1900413119259587
1.0000040114217816,0.0,0.00013664456865322046,0.0,-0.18841086509904578,0.0,1.5014686661871137,3.0002793036276763,3.1899727647603275
1.0000040036142832,0.0,0.00013652963368822687,0.0,-0.18849086509904578,0.0,1.50144337379992,3.0002793081705055,3.1899044430810806
1.0000039958191858,0.0,0.0001364148433168154,0.0,-0.18857086509904578,0.0,1.501418127355675,3.000279312702059,3.1898362990630598
1.0000039880364733,0.0,0.0001363001972970684,0.0,-0.18865086509904577,0.0,1.501392926771389,3.000279317222248,3.1897683586812224
1.0000039802661183,0.0,0.00013618569538752427,0.0,-0.18873086509904577,0.0,1.5013677719743501,3.000279321731141,3.1897006319515757
1.0000039725080951,0.0,0.0001360713373473903,0.0,-0.18881086509904577,0.0,1.5013426628913484,3.0002793262287377,3.189633097336332
1.000003964762381,0.0,0.00013595712293604784,0.0,-0.18889086509904576,0.0,1.501317599440143,3.000279330715094,3.1895657554207966
1.0000039570289554,0.0,0.0001358430519136569,0.0,-0.18897086509904576,0.0,1.5012925815439173,3.0002793351901618,3.1894986159317886
1.0000039493077886,0.0,0.0001357291240408087,0.0,-0.18905086509904576,0.0,1.5012676091339907,3.0002793396540266,3.18943168086609
1.0000039415988575,0.0,0.00013561533907860453,0.0,-0.18913086509904575,0.0,1.5012426821315559,3.0002793441066897,3.189364942674879
1.0000039339021423,0.0,0.00013550169678856015,0.0,-0.18921086509904575,0.0,1.501217800460855,3.000279348548135,3.1892984040373507
1.0000039262176175,0.0,0.00013538819693276224,0.0,-0.18929086509904575,0.0,1.5011929640447792,3.0002793529783953,3.1892320735210937
1.000003918545255,0.0,0.0001352748392738242,0.0,-0.18937086509904574,0.0,1.5011681728112218,3.0002793573975315,3.1891659275307025
1.0000039108850383,0.0,0.00013516162357472627,0.0,-0.18945086509904574,0.0,1.5011434266809716,3.0002793618054895,3.18909996173028
1.0000039032369394,0.0,0.0001350485495990687,0.0,-0.18953086509904574,0.0,1.5011187255846543,3.00027936620233,3.18903422404335
1.000003895600933,0.0,0.0001349356171109199,0.0,-0.18961086509904573,0.0,1.5010940694460955,3.000279370588088,3.188968664625328
1.0000038879770026,0.0,0.00013482282587471382,0.0,-0.18969086509904573,0.0,1.501069458184949,3.000279374962716,3.1889033022205813
1.0000038803651183,0.0,0.00013471017565559076,0.0,-0.18977086509904573,0.0,1.501044891736274,3.000279379326281,3.188838136010969
1.0000038727652605,0.0,0.00013459766621896137,0.0,-0.18985086509904572,0.0,1.5010203700166183,3.00027938367878,3.1887731622316577
1.0000038651774,0.0,0.00013448529733090908,0.0,-0.18993086509904572,0.0,1.5009958929598164,3.0002793880202803,3.1887084041784517
1.0000038576015178,0.0,0.00013437306875787336,0.0,-0.19001086509904572,0.0,1.500971460490908,3.0002793923507536,3.1886438249612468
1.0000038500375936,0.0,0.00013426098026679222,0.0,-0.1900908650990457,0.0,1.5009470725297962,3.0002793966701895,3.1885794604908493
1.0000038424856006,0.0,0.00013414903162511368,0.0,-0.1901708650990457,0.0,1.5009227290051168,3.00027940097865,3.1885152570675372
1.0000038349455176,0.0,0.00013403722260080508,0.0,-0.1902508650990457,0.0,1.5008984298452812,3.0002794052761175,3.1884512669901537
1.000003827417317,0.0,0.00013392555296229159,0.0,-0.1903308650990457,0.0,1.5008741749810688,3.0002794095626606,3.1883874600478688
1.000003819900976,0.0,0.00013381402247842003,0.0,-0.1904108650990457,0.0,1.5008499643339308,3.000279413838309,3.188323851428941
1.0000038123964805,0.0,0.00013370263091853308,0.0,-0.1904908650990457,0.0,1.5008257978296542,3.000279418102968,3.1882604481989687
1.0000038049037985,0.0,0.00013359137805252675,0.0,-0.1905708650990457,0.0,1.500801675399686,3.0002794223567597,3.1881972311234734
1.0000037974229121,0.0,0.0001334802636506904,0.0,-0.1906508650990457,0.0,1.5007775969691781,3.000279426599643,3.188134201772521
1.000003789953793,0.0,0.00013336928748387464,0.0,-0.1907308650990457,0.0,1.5007535624660517,3.000279430831691,3.1880713720026095
1.000003782496423,0.0,0.00013325844932325406,0.0,-0.19081086509904568,0.0,1.5007295718162965,3.0002794350528883,3.188008727352133
1.0000037750507764,0.0,0.00013314774894065625,0.0,-0.19089086509904568,0.0,1.5007056249525772,3.0002794392632635,3.1879462900409923
1.0000037676168365,0.0,0.0001330371861082534,0.0,-0.19097086509904568,0.0,1.5006817217981392,3.0002794434627678,3.1878840348132664
1.0000037601945713,0.0,0.00013292676059869447,0.0,-0.19105086509904567,0.0,1.5006578622812847,3.000279447651548,3.1878219737265527
1.0000037527839665,0.0,0.00013281647218516096,0.0,-0.19113086509904567,0.0,1.5006340463315966,3.000279451829505,3.1877600895452245
1.0000037453849966,0.0,0.0001327063206412581,0.0,-0.19121086509904567,0.0,1.5006102738768616,3.000279455996696,3.187698395927254
1.0000037379976408,0.0,0.00013259630574105643,0.0,-0.19129086509904566,0.0,1.5005865448409268,3.0002794601531204,3.187636923407569
1.0000037306218756,0.0,0.00013248642725917101,0.0,-0.19137086509904566,0.0,1.5005628591633031,3.0002794642987896,3.1875756206018107
1.0000037232576715,0.0,0.00013237668497052425,0.0,-0.19145086509904566,0.0,1.5005392167674563,3.000279468433838,3.187514508619326
1.00000371590502,0.0,0.00013226707865057435,0.0,-0.19153086509904566,0.0,1.5005156175738374,3.0002794725581095,3.1874535892817564
1.0000037085638893,0.0,0.00013215760807538948,0.0,-0.19161086509904565,0.0,1.5004920615233477,3.0002794766717025,3.187392856930528
1.0000037012342584,0.0,0.00013204827302128468,0.0,-0.19169086509904565,0.0,1.5004685485440472,3.0002794807746453,3.1873323092541357
1.0000036939161063,0.0,0.00013193907326504933,0.0,-0.19177086509904565,0.0,1.5004450785545222,3.0002794848669567,3.1872719629974204
1.000003686609408,0.0,0.0001318300085841743,0.0,-0.19185086509904564,0.0,1.500421651502656,3.000279488948642,3.1872118013972335
1.0000036793141511,0.0,0.00013172107875623443,0.0,-0.19193086509904564,0.0,1.5003982672988696,3.000279493019644,3.1871518291043848
1.0000036720303,0.0,0.00013161228355963785,0.0,-0.19201086509904564,0.0,1.5003749258885941,3.00027949708011,3.187092037598422
1.0000036647578405,0.0,0.0001315036227729026,0.0,-0.19209086509904563,0.0,1.5003516271907296,3.000279501129999,3.187032438970161
1.0000036574967537,0.0,0.00013139509617527897,0.0,-0.19217086509904563,0.0,1.500328371138436,3.0002795051692575,3.1869730285599456
1.0000036502470142,0.0,0.00013128670354629047,0.0,-0.19225086509904563,0.0,1.5003051576638315,3.000279509197964,3.1869138075300354
1.0000036430085937,0.0,0.00013117844466599383,0.0,-0.19233086509904562,0.0,1.500281986695743,3.000279513216218,3.1868547621608334
1.0000036357814786,0.0,0.00013107031931489153,0.0,-0.19241086509904562,0.0,1.5002588581638052,3.000279517223924,3.18679591695441
1.000003628565646,0.0,0.0001309623272739697,0.0,-0.19249086509904562,0.0,1.5002357720065098,3.0002795212211018,3.186737251871388
1.000003621361076,0.0,0.00013085446832453534,0.0,-0.1925708650990456,0.0,1.5002127281432216,3.0002795252077683,3.1866787785657626
1.000003614167738,0.0,0.0001307467422484511,0.0,-0.1926508650990456,0.0,1.5001897265102804,3.0002795291840485,3.1866204764311026
1.0000036069856202,0.0,0.00013063914882803946,0.0,-0.1927308650990456,0.0,1.500166767039984,3.0002795331498198,3.1865623781846124
1.000003599814698,0.0,0.0001305316878459768,0.0,-0.1928108650990456,0.0,1.5001438496626338,3.0002795371051527,3.1865044715414204
1.0000035926549449,0.0,0.00013042435908551073,0.0,-0.1928908650990456,0.0,1.5001209743110573,3.0002795410501117,3.186446712467713
1.0000035855063505,0.0,0.0001303171623301026,0.0,-0.1929708650990456,0.0,1.5000981409085192,3.0002795449846063,3.1863891627366465
1.0000035783688832,0.0,0.0001302100973639617,0.0,-0.1930508650990456,0.0,1.5000753493975827,3.0002795489087455,3.1863318063453434
1.000003571242527,0.0,0.00013010316397148717,0.0,-0.1931308650990456,0.0,1.5000525997011003,3.0002795528225024,3.186274623040486
1.0000035641272575,0.0,0.00012999636193769475,0.0,-0.1932108650990456,0.0,1.5000298917572392,3.0002795567259124,3.1862176248011616
1.0000035570230548,0.0,0.00012988969104794681,0.0,-0.19329086509904558,0.0,1.5000072254998027,3.000279560618978,3.186160816352568
1.0000035499299,0.0,0.00012978315108797092,0.0,-0.19337086509904558,0.0,1.4999846008526307,3.000279564501706,3.186104196774494
1.0000035428477696,0.0,0.00012967674184412723,0.0,-0.19345086509904558,0.0,1.4999620177571586,3.0002795683741157,3.186047737488844
1.000003535776641,0.0,0.0001295704631029838,0.0,-0.19353086509904557,0.0,1.4999394761354694,3.0002795722362743,3.185991476207989
1.0000035287164963,0.0,0.00012946431465180272,0.0,-0.19361086509904557,0.0,1.4999169759338606,3.000279576088114,3.1859353978247014
1.0000035216673133,0.0,0.00012935829627794924,0.0,-0.19369086509904557,0.0,1.4998945170695914,3.000279579929722,3.1858795065731864
1.0000035146290693,0.0,0.00012925240776957554,0.0,-0.19377086509904556,0.0,1.4998720994866146,3.0002795837610874,3.185823793005423
1.0000035076017475,0.0,0.00012914664891503156,0.0,-0.19385086509904556,0.0,1.4998497231155772,3.0002795875821904,3.1857682590555307
1.0000035005853227,0.0,0.00012904101950315177,0.0,-0.19393086509904556,0.0,1.4998273878878547,3.000279591393108,3.1857129011734022
1.000003493579775,0.0,0.000128935519323235,0.0,-0.19401086509904555,0.0,1.4998050937385234,3.0002795951938364,3.185657730801065
1.0000034865850846,0.0,0.00012883014816497042,0.0,-0.19409086509904555,0.0,1.499782840601052,3.000279598984382,3.185602742554423
1.000003479601236,0.0,0.0001287249058184181,0.0,-0.19417086509904555,0.0,1.4997606284011955,3.0002796027647096,3.185547937145908
1.0000034726281988,0.0,0.00012861979207424488,0.0,-0.19425086509904554,0.0,1.499738457085582,3.000279606534935,3.1854933216567227
1.0000034656659575,0.0,0.0001285148067234154,0.0,-0.19433086509904554,0.0,1.4997163265840885,3.000279610295006,3.1854388779421434
1.0000034587144917,0.0,0.00012840994955726413,0.0,-0.19441086509904554,0.0,1.4996942368237105,3.0002796140449592,3.185384606647978
1.0000034517737806,0.0,0.00012830522036761714,0.0,-0.19449086509904553,0.0,1.4996721877433257,3.0002796177848112,3.185330512601298
1.000003444843802,0.0,0.00012820061894678597,0.0,-0.19457086509904553,0.0,1.4996501792794488,3.0002796215145833,3.1852766076769834
1.0000034379245395,0.0,0.00012809614508742364,0.0,-0.19465086509904553,0.0,1.4996282113627435,3.00027962523424,3.185222896594441
1.0000034310159658,0.0,0.00012799179858261598,0.0,-0.19473086509904552,0.0,1.4996062839314825,3.000279628943892,3.185169349647675
1.000003424118065,0.0,0.00012788757922585112,0.0,-0.19481086509904552,0.0,1.4995843969204787,3.0002796326434975,3.1851159682929175
1.0000034172308219,0.0,0.00012778348681099152,0.0,-0.19489086509904552,0.0,1.4995625502552972,3.0002796363330253,3.185062778579208
1.0000034103542053,0.0,0.00012767952113253633,0.0,-0.19497086509904551,0.0,1.4995407438843193,3.0002796400125886,3.185009767861308
1.0000034034882024,0.0,0.00012757568198507616,0.0,-0.1950508650990455,0.0,1.499518977729392,3.000279643682153,3.184956943532843
1.000003396632794,0.0,0.00012747196916388956,0.0,-0.1951308650990455,0.0,1.4994972517344776,3.0002796473416886,3.184904285216732
1.0000033897879503,0.0,0.00012736838246455313,0.0,-0.1952108650990455,0.0,1.4994755658358223,3.000279650991343,3.1848518015806486
1.000003382953663,0.0,0.00012726492168304107,0.0,-0.1952908650990455,0.0,1.4994539199650816,3.0002796546309827,3.184799504033175
1.0000033761299083,0.0,0.00012716158661570768,0.0,-0.1953708650990455,0.0,1.4994323140535042,3.0002796582606854,3.184747377915628
1.0000033693166626,0.0,0.0001270583770594509,0.0,-0.1954508650990455,0.0,1.4994107480458059,3.0002796618804966,3.1846954351918275
1.0000033625139106,0.0,0.00012695529281145907,0.0,-0.1955308650990455,0.0,1.4993892218706661,3.000279665490376,3.184643656271518
1.00000335572163,0.0,0.0001268523336694092,0.0,-0.1956108650990455,0.0,1.4993677354696784,3.0002796690903653,3.184592077537624
1.0000033489398028,0.0,0.00012674949943131187,0.0,-0.19569086509904549,0.0,1.4993462887735496,3.000279672680459,3.1845406672028784
1.0000033421684038,0.0,0.0001266467898956503,0.0,-0.19577086509904548,0.0,1.4993248817246516,3.000279676260741,3.1844894158966377
1.0000033354074167,0.0,0.00012654420486124865,0.0,-0.19585086509904548,0.0,1.4993035142539761,3.000279679831188,3.1844383589029865
1.0000033286568226,0.0,0.00012644174412740139,0.0,-0.19593086509904548,0.0,1.4992821863010892,3.0002796833917946,3.184387459161235
1.0000033219166031,0.0,0.00012633940749372116,0.0,-0.19601086509904547,0.0,1.4992608978008803,3.000279686942573,3.184336740570715
1.0000033151867378,0.0,0.0001262371947603452,0.0,-0.19609086509904547,0.0,1.499239648691289,3.0002796904835303,3.1842862103800087
1.0000033084672058,0.0,0.00012613510572766605,0.0,-0.19617086509904547,0.0,1.4992184389048695,3.0002796940147216,3.1842358423897736
1.0000033017579872,0.0,0.00012603314019666114,0.0,-0.19625086509904546,0.0,1.4991972683845831,3.0002796975361345,3.184185639742386
1.0000032950590623,0.0,0.0001259312979684682,0.0,-0.19633086509904546,0.0,1.4991761370630088,3.0002797010478304,3.1841356213222705
1.0000032883704177,0.0,0.00012582957884484802,0.0,-0.19641086509904546,0.0,1.4991550448780495,3.000279704549708,3.1840857893273875
1.0000032816920235,0.0,0.00012572798262788714,0.0,-0.19649086509904545,0.0,1.4991339917724826,3.0002797080419286,3.1840361329027154
1.000003275023868,0.0,0.0001256265091200199,0.0,-0.19657086509904545,0.0,1.4991129776783683,3.000279711524403,3.183986614686745
1.00000326836593,0.0,0.00012552515812408468,0.0,-0.19665086509904545,0.0,1.4990920025340957,3.0002797149971863,3.1839372951064684
1.0000032617181862,0.0,0.0001254239294433891,0.0,-0.19673086509904544,0.0,1.49907106628143,3.000279718460327,3.1838881447346323
1.000003255080624,0.0,0.00012532282288155107,0.0,-0.19681086509904544,0.0,1.4990501688534121,3.000279721913763,3.183839174018812
1.0000032484532249,0.0,0.00012522183824254042,0.0,-0.19689086509904544,0.0,1.4990293101826273,3.000279725357517,3.183790363453199
1.0000032418359603,0.0,0.00012512097533096212,0.0,-0.19697086509904543,0.0,1.4990084902216008,3.000279728791686,3.183741732845607
1.0000032352288188,0.0,0.0001250202339515042,0.0,-0.19705086509904543,0.0,1.4989877088992487,3.0002797322162214,3.1836932837021044
1.000003228631781,0.0,0.00012491961390943953,0.0,-0.19713086509904543,0.0,1.4989669661530782,3.0002797356311244,3.183644990894898
1.0000032220448274,0.0,0.00012481911501032616,0.0,-0.19721086509904542,0.0,1.4989462619203069,3.0002797390364315,3.1835968763545774
1.0000032154679352,0.0,0.00012471873706029133,0.0,-0.19729086509904542,0.0,1.4989255961503145,3.0002797424321686,3.1835489323748387
1.0000032089010864,0.0,0.00012461847986557965,0.0,-0.19737086509904542,0.0,1.4989049687748532,3.0002797458183834,3.183501158609272
1.0000032023442682,0.0,0.00012451834323296598,0.0,-0.19745086509904541,0.0,1.498884379722316,3.0002797491949997,3.1834535461650555
1.0000031957974544,0.0,0.00012441832696972303,0.0,-0.1975308650990454,0.0,1.4988638289541707,3.000279752562101,3.1834061055341563
1.0000031892606314,0.0,0.000124318430883284,0.0,-0.1976108650990454,0.0,1.4988433163933992,3.0002797559196623,3.1833588380608813
1.0000031827337756,0.0,0.00012421865478162583,0.0,-0.1976908650990454,0.0,1.4988228419826009,3.0002797592677473,3.183311758799485
1.000003176216873,0.0,0.00012411899847303268,0.0,-0.1977708650990454,0.0,1.4988024056602518,3.0002797626063127,3.1832648303299838
1.0000031697099,0.0,0.00012401946176622317,0.0,-0.1978508650990454,0.0,1.498782007370771,3.000279765935433,3.1832180494082882
1.000003163212846,0.0,0.00012392004447016395,0.0,-0.1979308650990454,0.0,1.4987616470448797,3.0002797692550414,3.1831714902171218
1.0000031567256855,0.0,0.00012382074639444003,0.0,-0.1980108650990454,0.0,1.4987413246272636,3.000279772565208,3.1831250622873544
1.0000031502484,0.0,0.0001237215673488208,0.0,-0.1980908650990454,0.0,1.49872104006221,3.0002797758659656,3.1830788261574017
1.0000031437809702,0.0,0.00012362250714352551,0.0,-0.19817086509904538,0.0,1.4987007932845624,3.000279779157334,3.1830327469947806
1.000003137323388,0.0,0.00012352356558915166,0.0,-0.19825086509904538,0.0,1.4986805842319013,3.000279782439177,3.182986819405988
1.0000031308756223,0.0,0.00012342474249660783,0.0,-0.19833086509904538,0.0,1.4986604128489942,3.0002797857117067,3.182941065545563
1.0000031244376546,0.0,0.0001233260376773022,0.0,-0.19841086509904537,0.0,1.4986402790787439,3.0002797889749186,3.182895497943729
1.0000031180094802,0.0,0.000123227450942904,0.0,-0.19849086509904537,0.0,1.4986201828505952,3.0002797922286417,3.182850094782169
1.000003111591067,0.0,0.00012312898210551103,0.0,-0.19857086509904537,0.0,1.498600124116946,3.0002797954730855,3.182804869290539
1.0000031051824017,0.0,0.00012303063097763106,0.0,-0.19865086509904537,0.0,1.4985801028141683,3.0002797987081795,3.182759773963025
1.0000030987834698,0.0,0.0001229323973719819,0.0,-0.19873086509904536,0.0,1.4985601188768862,3.0002798019339174,3.182714880750459
1.0000030923942451,0.0,0.0001228342811018521,0.0,-0.19881086509904536,0.0,1.4985401722535951,3.000279805150404,3.1826701284980397
1.0000030860147155,0.0,0.00012273628198081638,0.0,-0.19889086509904536,0.0,1.4985202628850929,3.000279808357564,3.1826255553634777
1.0000030796448585,0.0,0.0001226383998228188,0.0,-0.19897086509904535,0.0,1.4985003907112748,3.0002798115554783,3.1825811527826273
1.0000030732846594,0.0,0.00012254063444213118,0.0,-0.19905086509904535,0.0,1.4984805556702285,3.0002798147441183,3.1825368973395074
1.0000030669341047,0.0,0.00012244298565345935,0.0,-0.19913086509904535,0.0,1.4984607577050242,3.000279817923429,3.182492840913872
1.0000030605931653,0.0,0.00012234545327187391,0.0,-0.19921086509904534,0.0,1.498440996760122,3.000279821093575,3.1824489169972283
1.0000030542618292,0.0,0.00012224803711274288,0.0,-0.19929086509904534,0.0,1.4984212727744104,3.0002798242545,3.182405185661815
1.0000030479400832,0.0,0.0001221507369918022,0.0,-0.19937086509904534,0.0,1.4984015856851745,3.0002798274061617,3.1823615965319716
1.0000030416279002,0.0,0.00012205355272534204,0.0,-0.19945086509904533,0.0,1.4983819354451293,3.0002798305486613,3.182318185310966
1.000003035325269,0.0,0.00012195648412975036,0.0,-0.19953086509904533,0.0,1.4983623219856423,3.000279833681954,3.1822749310643066
1.000003029032165,0.0,0.00012185953102194621,0.0,-0.19961086509904533,0.0,1.498342745258169,3.0002798368061327,3.1822318405460956
1.0000030227485825,0.0,0.00012176269321911987,0.0,-0.19969086509904532,0.0,1.4983232051930948,3.0002798399210513,3.18218891897645
1.0000030164744889,0.0,0.00012166597053884503,0.0,-0.19977086509904532,0.0,1.4983037017422347,3.0002798430269495,3.1821461757415186
1.0000030102098767,0.0,0.0001215693627991555,0.0,-0.19985086509904532,0.0,1.4982842348461196,3.0002798461236577,3.1821035663152624
1.0000030039547247,0.0,0.00012147286981831707,0.0,-0.1999308650990453,0.0,1.4982648044460425,3.0002798492112603,3.1820611282844835
1.0000029977090124,0.0,0.00012137649141499943,0.0,-0.2000108650990453,0.0,1.4982454104876728,3.0002798522898146,3.182018876782518
1.0000029914727335,0.0,0.00012128022740819616,0.0,-0.2000908650990453,0.0,1.4982260529066933,3.0002798553591727,3.1819767539449506
1.0000029852458623,0.0,0.00012118407761728635,0.0,-0.2001708650990453,0.0,1.4982067316458145,3.0002798584194768,3.1819347988257864
1.0000029790283753,0.0,0.0001210880418620923,0.0,-0.2002508650990453,0.0,1.4981874466581997,3.0002798614707964,3.181893021727019
1.0000029728202684,0.0,0.0001209921199626067,0.0,-0.2003308650990453,0.0,1.49816819787582,3.0002798645129825,3.181851409422863
1.0000029666215116,0.0,0.00012089631173936725,0.0,-0.2004108650990453,0.0,1.4981489852517145,3.0002798675462063,3.1818099497202743
1.000002960432096,0.0,0.00012080061701315869,0.0,-0.2004908650990453,0.0,1.4981298087279724,3.0002798705703584,3.181768651970521
1.0000029542520004,0.0,0.000120705035605038,0.0,-0.2005708650990453,0.0,1.4981106682372998,3.0002798735855416,3.1817275365884994
1.0000029480812105,0.0,0.00012060956733658958,0.0,-0.20065086509904528,0.0,1.4980915637329917,3.000279876591699,3.1816865582520437
1.0000029419197043,0.0,0.00012051421202968787,0.0,-0.20073086509904528,0.0,1.4980724951569064,3.0002798795889074,3.1816457430009493
1.0000029357674722,0.0,0.00012041896950644523,0.0,-0.20081086509904528,0.0,1.498053462447063,3.000279882577098,3.181605080580631
1.000002929624486,0.0,0.00012032383958953032,0.0,-0.20089086509904527,0.0,1.498034465556991,3.000279885556412,3.1815645909434984
1.0000029234907362,0.0,0.0001202288221017684,0.0,-0.20097086509904527,0.0,1.4980155044254553,3.00027988852677,3.1815242730664504
1.0000029173662022,0.0,0.00012013391686647124,0.0,-0.20105086509904527,0.0,1.4979965789992291,3.000279891488219,3.1814840861353355
1.0000029112508746,0.0,0.00012003912370718445,0.0,-0.20113086509904526,0.0,1.4979776892173535,3.0002798944406743,3.1814440721577824
1.00000290514473,0.0,0.00011994444244779917,0.0,-0.20121086509904526,0.0,1.4979588350220778,3.0002798973842624,3.1814042296451324
1.0000028990477523,0.0,0.00011984987291268454,0.0,-0.20129086509904526,0.0,1.497940016362007,3.0002799003189526,3.181364535567648
1.0000028929599243,0.0,0.00011975541492644816,0.0,-0.20137086509904525,0.0,1.497921233186519,3.0002799032447736,3.1813250205879116
1.0000028868812267,0.0,0.00011966106831408428,0.0,-0.20145086509904525,0.0,1.4979024854360303,3.0002799061617638,3.1812856237394023
1.0000028808116441,0.0,0.00011956683290088018,0.0,-0.20153086509904525,0.0,1.4978837730526162,3.000279909069929,3.181246410384831
1.0000028747511642,0.0,0.00011947270851253508,0.0,-0.20161086509904524,0.0,1.4978650959853232,3.0002799119691956,3.181207353498905
1.0000028686997666,0.0,0.00011937869497500928,0.0,-0.20169086509904524,0.0,1.4978464541765764,3.0002799148596466,3.181168477023662
1.0000028626574295,0.0,0.00011928479211461036,0.0,-0.20177086509904524,0.0,1.4978278475689493,3.0002799177413824,3.181129739988731
1.0000028566241494,0.0,0.00011919099975813063,0.0,-0.20185086509904523,0.0,1.4978092761145212,3.0002799206141755,3.181091139992874
1.0000028505998952,0.0,0.00011909731773247373,0.0,-0.20193086509904523,0.0,1.4977907397542785,3.000279923478298,3.1810527378868727
1.0000028445846558,0.0,0.00011900374586508882,0.0,-0.20201086509904523,0.0,1.4977722384344792,3.000279926333647,3.181014460955156
1.000002838578421,0.0,0.00011891028398358851,0.0,-0.20209086509904522,0.0,1.4977537720959888,3.0002799291801634,3.180976357701545
1.0000028325811634,0.0,0.0001188169319160418,0.0,-0.20217086509904522,0.0,1.497735340693469,3.000279932018011,3.180938401938445
1.0000028265928764,0.0,0.0001187236894908346,0.0,-0.20225086509904522,0.0,1.497716944163389,3.0002799348470446,3.1809005906618135
1.0000028206135323,0.0,0.00011863055653663105,0.0,-0.20233086509904522,0.0,1.4976985824595104,3.000279937667462,3.1808629638856267
1.0000028146431246,0.0,0.00011853753288244183,0.0,-0.2024108650990452,0.0,1.4976802555191189,3.0002799404791274,3.18082547932481
1.000002808681633,0.0,0.00011844461835766963,0.0,-0.2024908650990452,0.0,1.4976619632938548,3.000279943282101,3.18078814374876
1.0000028027290384,0.0,0.00011835181279205315,0.0,-0.2025708650990452,0.0,1.497643705733143,3.000279946076425,3.180751001799855
1.0000027967853296,0.0,0.00011825911601553951,0.0,-0.2026508650990452,0.0,1.4976254827764752,3.0002799488620613,3.1807139726570814
1.0000027908504903,0.0,0.00011816652785851924,0.0,-0.2027308650990452,0.0,1.497607294369479,3.00027995163901,3.1806771020166025
1.0000027849244988,0.0,0.00011807404815171851,0.0,-0.2028108650990452,0.0,1.4975891404645882,3.000279954407355,3.180640416933474
1.0000027790073402,0.0,0.00011798167672611507,0.0,-0.2028908650990452,0.0,1.4975710210036002,3.0002799571671024,3.1806038486635853
1.0000027730990024,0.0,0.00011788941341311046,0.0,-0.2029708650990452,0.0,1.4975529359397812,3.0002799599181835,3.1805674695988833
1.0000027671994667,0.0,0.00011779725804433198,0.0,-0.20305086509904519,0.0,1.4975348852127324,3.0002799626606684,3.1805312354363093
1.0000027613087166,0.0,0.00011770521045177361,0.0,-0.20313086509904518,0.0,1.4975168687675406,3.0002799653945758,3.180495143707851
1.0000027554267341,0.0,0.00011761327046780698,0.0,-0.20321086509904518,0.0,1.4974988865596957,3.0002799681199326,3.18045921051141
1.000002749553507,0.0,0.00011752143792507479,0.0,-0.20329086509904518,0.0,1.4974809385301877,3.0002799708366945,3.1804234291063516
1.0000027436890198,0.0,0.00011742971265650552,0.0,-0.20337086509904517,0.0,1.4974630246263154,3.0002799735448886,3.180387825652377
1.0000027378332488,0.0,0.00011733809449546804,0.0,-0.20345086509904517,0.0,1.4974451447984245,3.0002799762446184,3.1803523548356427
1.0000027319861864,0.0,0.00011724658327558367,0.0,-0.20353086509904517,0.0,1.4974272989921813,3.0002799789357693,3.1803170174752116
1.0000027261478137,0.0,0.00011715517883078854,0.0,-0.20361086509904516,0.0,1.4974094871542534,3.000279981618403,3.1802818472818313
1.0000027203181148,0.0,0.00011706388099537844,0.0,-0.20369086509904516,0.0,1.4973917092361568,3.0002799842925256,3.18024683769576
1.0000027144970722,0.0,0.0001169726896038135,0.0,-0.20377086509904516,0.0,1.4973739651734945,3.0002799869582186,3.1802119859136226
1.0000027086846757,0.0,0.00011688160449118678,0.0,-0.20385086509904515,0.0,1.4973562549282626,3.000279989615345,3.180177302398775
1.0000027028808984,0.0,0.00011679062549266615,0.0,-0.20393086509904515,0.0,1.4973385784455195,3.0002799922641086,3.1801427528019417
1.0000026970857363,0.0,0.00011669975244374352,0.0,-0.20401086509904515,0.0,1.4973209356644581,3.000279994904362,3.18010834590057
1.0000026912991695,0.0,0.00011660898518033783,0.0,-0.20409086509904514,0.0,1.4973033265437155,3.000279997536162,3.1800740969923096
1.0000026855211785,0.0,0.00011651832353862494,0.0,-0.20417086509904514,0.0,1.4972857510256625,3.000280000159584,3.180039993415693
1.000002679751753,0.0,0.00011642776735511366,0.0,-0.20425086509904514,0.0,1.4972682090570828,3.0002800027745558,3.180006057547607
1.0000026739908732,0.0,0.00011633731646664353,0.0,-0.20433086509904513,0.0,1.49725070059539,3.000280005381143,3.179972259975941
1.0000026682385286,0.0,0.00011624697071026367,0.0,-0.20441086509904513,0.0,1.4972332255727505,3.0002800079793093,3.1799386108778975
1.0000026624946943,0.0,0.00011615672992353454,0.0,-0.20449086509904513,0.0,1.4972157839582059,3.0002800105691736,3.179905124107097
1.0000026567593652,0.0,0.00011606659394412589,0.0,-0.20457086509904512,0.0,1.4971983756851888,3.000280013150613,3.1798717774040712
1.0000026510325257,0.0,0.00011597656261010526,0.0,-0.20465086509904512,0.0,1.4971810007005555,3.0002800157236447,3.1798385856538447
1.0000026453141473,0.0,0.00011588663575995034,0.0,-0.20473086509904512,0.0,1.4971636589672122,3.000280018288455,3.1798055511692898
1.0000026396042276,0.0,0.00011579681323229474,0.0,-0.20481086509904511,0.0,1.4971463504234528,3.000280020844869,3.1797726470075767
1.0000026339027477,0.0,0.0001157070948661353,0.0,-0.2048908650990451,0.0,1.4971290750246644,3.0002800233929614,3.179739904811289
1.0000026282096877,0.0,0.00011561748050081833,0.0,-0.2049708650990451,0.0,1.497111832715051,3.0002800259328026,3.1797073173169212
1.0000026225250385,0.0,0.00011552796997596102,0.0,-0.2050508650990451,0.0,1.4970946234444447,3.0002800284643096,3.1796748842891653
1.0000026168487817,0.0,0.00011543856313147579,0.0,-0.2051308650990451,0.0,1.4970774471636417,3.0002800309875517,3.1796425718656476
1.0000026111809013,0.0,0.00011534925980763413,0.0,-0.2052108650990451,0.0,1.4970603038234798,3.0002800335025417,3.1796104403556797
1.0000026055213855,0.0,0.00011526005984493031,0.0,-0.2052908650990451,0.0,1.497043193364216,3.000280036009257,3.179578432311081
1.0000025998702171,0.0,0.00011517096308433297,0.0,-0.2053708650990451,0.0,1.4970261157496407,3.0002800385077006,3.1795465946946395
1.0000025942273776,0.0,0.00011508196936689664,0.0,-0.2054508650990451,0.0,1.4970090709222983,3.0002800409979775,3.1795148906320074
1.0000025885928587,0.0,0.0001149930785341726,0.0,-0.20553086509904508,0.0,1.4969920588318135,3.000280043479956,3.179483358209405
1.0000025829666346,0.0,0.00011490429042787563,0.0,-0.20561086509904508,0.0,1.4969750794293573,3.0002800459538443,3.179451946487375
1.0000025773487065,0.0,0.00011481560489004688,0.0,-0.20569086509904508,0.0,1.4969581326606733,3.0002800484194014,3.1794206921108983
1.0000025717390422,0.0,0.00011472702176317807,0.0,-0.20577086509904507,0.0,1.4969412184867925,3.0002800508768743,3.179389571835257
1.000002566137645,0.0,0.00011463854088978496,0.0,-0.20585086509904507,0.0,1.496924336837343,3.0002800533260383,3.179358618660933
1.0000025605444747,0.0,0.00011455016211304432,0.0,-0.20593086509904507,0.0,1.4969074876915678,3.000280055767245,3.1793277933106094
1.0000025549595395,0.0,0.00011446188527607844,0.0,-0.20601086509904507,0.0,1.4968906709749357,3.0002800582001865,3.179297141188773
1.0000025493828146,0.0,0.00011437371022254868,0.0,-0.20609086509904506,0.0,1.4968738866470015,3.000280060625005,3.1792666306322896
1.0000025438142843,0.0,0.00011428563679632016,0.0,-0.20617086509904506,0.0,1.4968571346646709,3.0002800630417346,3.179236226784545
1.000002538253939,0.0,0.00011419766484152879,0.0,-0.20625086509904506,0.0,1.4968404149653205,3.000280065450316,3.1792060100711406
1.0000025327017594,0.0,0.00011410979420276632,0.0,-0.20633086509904505,0.0,1.4968237275153662,3.0002800678507917,3.179175918998675
1.000002527157738,0.0,0.00011402202472466715,0.0,-0.20641086509904505,0.0,1.4968070722450304,3.0002800702431087,3.1791459924754655
1.0000025216218429,0.0,0.00011393435625240966,0.0,-0.20649086509904505,0.0,1.4967904491289097,3.000280072627515,3.179116218199378
1.000002516094077,0.0,0.00011384678863131191,0.0,-0.20657086509904504,0.0,1.496773858100205,3.0002800750037553,3.179086561091979
1.0000025105744201,0.0,0.00011375932170701764,0.0,-0.20665086509904504,0.0,1.4967572991148914,3.0002800773719414,3.1790570553483843
1.000002505062854,0.0,0.00011367195532556829,0.0,-0.20673086509904504,0.0,1.4967407721331099,3.0002800797321076,3.1790277236879465
1.0000024995593675,0.0,0.00011358468933317278,0.0,-0.20681086509904503,0.0,1.4967242770936788,3.0002800820842284,3.1789984926873935
1.0000024940639427,0.0,0.00011349752357635129,0.0,-0.20689086509904503,0.0,1.496707813957364,3.0002800844283755,3.1789694197548846
1.0000024885765733,0.0,0.00011341045790195716,0.0,-0.20697086509904503,0.0,1.4966913826658503,3.0002800867644215,3.1789405176601653
1.0000024830972323,0.0,0.00011332349215710965,0.0,-0.20705086509904502,0.0,1.4966749831798045,3.0002800890925863,3.1789117293054496
1.0000024776259198,0.0,0.00011323662618925287,0.0,-0.20713086509904502,0.0,1.4966586154445307,3.000280091412632,3.178883110619147
1.0000024721626057,0.0,0.00011314985984608696,0.0,-0.20721086509904502,0.0,1.4966422794170104,3.000280093724831,3.178854625713413
1.000002466707288,0.0,0.00011306319297561457,0.0,-0.207290865099045,0.0,1.496625975044671,3.0002800960289933,3.1788262695662692
1.0000024612599425,0.0,0.00011297662542615933,0.0,-0.207370865099045,0.0,1.4966097022889098,3.0002800983252746,3.1787980735349004
1.000002455820561,0.0,0.00011289015704626724,0.0,-0.207450865099045,0.0,1.4965934610899148,3.0002801006136024,3.1787700189629655
1.0000024503891287,0.0,0.00011280378768477008,0.0,-0.207530865099045,0.0,1.4965772514027174,3.0002801028940027,3.178742090896452
1.0000024449656326,0.0,0.00011271751719090341,0.0,-0.207610865099045,0.0,1.4965610731817425,3.0002801051664387,3.1787143471669124
1.0000024395500573,0.0,0.00011263134541405048,0.0,-0.207690865099045,0.0,1.4965449263802837,3.000280107430962,3.1786866999780647
1.0000024341423825,0.0,0.00011254527220396992,0.0,-0.207770865099045,0.0,1.496528810950497,3.0002801096876714,3.1786592146431922
1.0000024287426008,0.0,0.000112459297410662,0.0,-0.207850865099045,0.0,1.496512726841657,3.000280111936472,3.1786318647091805
1.000002423350694,0.0,0.00011237342088444067,0.0,-0.207930865099045,0.0,1.4964966740117798,3.0002801141774356,3.178604680715279
1.000002417966655,0.0,0.0001122876424758809,0.0,-0.20801086509904498,0.0,1.4964806524111915,3.0002801164104542,3.1785775911075094
1.0000024125904627,0.0,0.00011220196203581865,0.0,-0.20809086509904498,0.0,1.4964646619875397,3.000280118635667,3.178550674431913
1.0000024072221072,0.0,0.00011211637941540565,0.0,-0.20817086509904498,0.0,1.4964487026934132,3.0002801208530183,3.1785239205636553
1.000002401861569,0.0,0.0001120308944661235,0.0,-0.20825086509904497,0.0,1.4964327744960846,3.0002801230625877,3.178497280363128
1.0000023965088345,0.0,0.00011194550703966363,0.0,-0.20833086509904497,0.0,1.4964168773366726,3.000280125264388,3.1784707778020027
1.0000023911638958,0.0,0.00011186021698801225,0.0,-0.20841086509904497,0.0,1.4964010111709678,3.0002801274583284,3.1784444256490882
1.0000023858267366,0.0,0.00011177502416340468,0.0,-0.20849086509904496,0.0,1.4963851759475415,3.0002801296444734,3.1784182032161405
1.000002380497341,0.0,0.00011168992841846508,0.0,-0.20857086509904496,0.0,1.4963693716257738,3.0002801318228407,3.1783921288069976
1.0000023751756952,0.0,0.00011160492960597873,0.0,-0.20865086509904496,0.0,1.4963535981604945,3.0002801339934573,3.178366201512806
1.0000023698617873,0.0,0.00011152002757906928,0.0,-0.20873086509904495,0.0,1.496337855499798,3.0002801361562947,3.1783404296987046
1.0000023645555982,0.0,0.00011143522219114201,0.0,-0.20881086509904495,0.0,1.496322143602623,3.0002801383114437,3.178314763821634
1.0000023592571212,0.0,0.00011135051329582786,0.0,-0.20889086509904495,0.0,1.4963064624166014,3.0002801404588113,3.1782892566559626
1.0000023539663403,0.0,0.00011126590074709075,0.0,-0.20897086509904494,0.0,1.4962908118991005,3.0002801425984336,3.1782638685208884
1.000002348683246,0.0,0.00011118138439906265,0.0,-0.20905086509904494,0.0,1.496275191993326,3.0002801447302856,3.178238662289429
1.0000023434078047,0.0,0.00011109696410642192,0.0,-0.20913086509904494,0.0,1.4962596026797794,3.000280146854636,3.1782135521758645
1.0000023381400274,0.0,0.00011101263972378275,0.0,-0.20921086509904493,0.0,1.4962440438900135,3.0002801489711426,3.1781885926635196
1.0000023328798897,0.0,0.00011092841110623376,0.0,-0.20929086509904493,0.0,1.4962285155794615,3.000280151079975,3.178163774339726
1.0000023276273677,0.0,0.00011084427810910169,0.0,-0.20937086509904493,0.0,1.496213017716127,3.000280153181316,3.178139097804925
1.0000023223824732,0.0,0.0001107602405879532,0.0,-0.20945086509904492,0.0,1.4961975502390594,3.0002801552747504,3.178114577339205
1.0000023171451742,0.0,0.0001106762983985702,0.0,-0.20953086509904492,0.0,1.496182113102104,3.0002801573606344,3.1780901601120473
1.000002311915457,0.0,0.00011059245139726305,0.0,-0.20961086509904492,0.0,1.4961667062767383,3.0002801594389044,3.178065910846257
1.0000023066933144,0.0,0.00011050869944033144,0.0,-0.20969086509904492,0.0,1.4961513297031823,3.000280161509511,3.1780417728789487
1.000002301478728,0.0,0.00011042504238441617,0.0,-0.2097708650990449,0.0,1.4961359833389956,3.000280163572553,3.178017780342135
1.000002296271689,0.0,0.00011034148008650937,0.0,-0.2098508650990449,0.0,1.4961206671394818,3.000280165627946,3.1779939339281373
1.0000022910721746,0.0,0.00011025801240383284,0.0,-0.2099308650990449,0.0,1.4961053810663636,3.0002801676758537,3.177970239699726
1.0000022858801825,0.0,0.00011017463919382274,0.0,-0.2100108650990449,0.0,1.4960901250662868,3.000280169716115,3.1779466328386095
1.0000022806956992,0.0,0.00011009136031419082,0.0,-0.2100908650990449,0.0,1.4960748990884596,3.0002801717487535,3.1779232185958484
1.000002275518702,0.0,0.00011000817562310126,0.0,-0.2101708650990449,0.0,1.496059703102988,3.000280173773882,3.177899917679361
1.0000022703491847,0.0,0.00010992508497864505,0.0,-0.2102508650990449,0.0,1.4960445370549795,3.00028017579146,3.177876741903938
1.000002265187133,0.0,0.00010984208823948767,0.0,-0.2103308650990449,0.0,1.4960294008975021,3.0002801778014723,3.1778537226036905
1.0000022600325278,0.0,0.0001097591852644534,0.0,-0.21041086509904489,0.0,1.4960142945980315,3.000280179804022,3.1778308136145417
1.000002254885363,0.0,0.00010967637591254211,0.0,-0.21049086509904488,0.0,1.495999218102669,3.0002801817990266,3.1778080641850757
1.0000022497456256,0.0,0.00010959366004311579,0.0,-0.21057086509904488,0.0,1.4959841713636164,3.0002801837864883,3.177785447722289
1.000002244613299,0.0,0.00010951103751582808,0.0,-0.21065086509904488,0.0,1.4959691543453546,3.0002801857664507,3.177762960367862
1.0000022394883705,0.0,0.00010942850819050077,0.0,-0.21073086509904487,0.0,1.4959541670001795,3.000280187738938,3.177740607346716
1.0000022343708197,0.0,0.0001093460719273058,0.0,-0.21081086509904487,0.0,1.4959392092854262,3.0002801897040685,3.177718392968463
1.0000022292606496,0.0,0.00010926372858652232,0.0,-0.21089086509904487,0.0,1.4959242811466904,3.000280191661618,3.17769632522141
1.0000022241578348,0.0,0.00010918147802896466,0.0,-0.21097086509904486,0.0,1.495909382552933,3.0002801936117485,3.1776743791504716
1.0000022190623648,0.0,0.0001090993201154903,0.0,-0.21105086509904486,0.0,1.495894513459103,3.0002801955544447,3.1776525637637216
1.0000022139742306,0.0,0.00010901725470718997,0.0,-0.21113086509904486,0.0,1.4958796738133229,3.0002801974896807,3.177630893949859
1.0000022088934113,0.0,0.00010893528166561585,0.0,-0.21121086509904485,0.0,1.495864863577058,3.00028019941756,3.1776093558224443
1.000002203819903,0.0,0.00010885340085235833,0.0,-0.21129086509904485,0.0,1.4958500827010728,3.0002802013379726,3.177587935769352
1.0000021987536873,0.0,0.00010877161212939344,0.0,-0.21137086509904485,0.0,1.495835331147169,3.0002802032510143,3.177566675782647
1.0000021936947543,0.0,0.00010868991535899367,0.0,-0.21145086509904484,0.0,1.4958206088698336,3.000280205156618,3.1775455337722436
1.0000021886430843,0.0,0.00010860831040362186,0.0,-0.21153086509904484,0.0,1.4958059158318926,3.0002802070549115,3.1775245081490078
1.0000021835986748,0.0,0.00010852679712591046,0.0,-0.21161086509904484,0.0,1.495791251976202,3.000280208945764,3.177503657644825
1.0000021785615043,0.0,0.00010844537538891635,0.0,-0.21169086509904483,0.0,1.4957766172718858,3.0002802108293007,3.1774829168475933
1.0000021735315665,0.0,0.00010836404505582475,0.0,-0.21177086509904483,0.0,1.4957620116679917,3.0002802127054395,3.177462323787963
1.000002168508842,0.0,0.00010828280599016075,0.0,-0.21185086509904483,0.0,1.4957474351236988,3.0002802145742935,3.17744185564988
1.0000021634933176,0.0,0.00010820165805568154,0.0,-0.21193086509904482,0.0,1.4957328876021256,3.0002802164358746,3.177421508292447
1.0000021584849887,0.0,0.00010812060111634012,0.0,-0.21201086509904482,0.0,1.4957183690529423,3.000280218290065,3.1774013078598773
1.0000021534838368,0.0,0.00010803963503642987,0.0,-0.21209086509904482,0.0,1.4957038794342419,3.0002802201369625,3.177381212521986
1.0000021484898516,0.0,0.00010795875968040322,0.0,-0.21217086509904481,0.0,1.4956894187013907,3.0002802219765554,3.1773612795258823
1.0000021435030146,0.0,0.00010787797491305387,0.0,-0.2122508650990448,0.0,1.4956749868179589,3.0002802238089377,3.177341479440664
1.0000021385233213,0.0,0.00010779728059937986,0.0,-0.2123308650990448,0.0,1.4956605837380257,3.000280225633984,3.177321769568504
1.000002133550758,0.0,0.00010771667660458374,0.0,-0.2124108650990448,0.0,1.4956462094066831,3.0002802274517424,3.1773022297764535
1.000002128585306,0.0,0.0001076361627943054,0.0,-0.2124908650990448,0.0,1.495631863804255,3.0002802292622808,3.1772828321208895
1.0000021236269605,0.0,0.00010755573903415139,0.0,-0.2125708650990448,0.0,1.4956175468687898,3.000280231065531,3.1772635261213242
1.0000021186757009,0.0,0.00010747540519024546,0.0,-0.2126508650990448,0.0,1.4956032585723928,3.0002802328616007,3.177244396456734
1.0000021137315172,0.0,0.00010739516112880927,0.0,-0.2127308650990448,0.0,1.4955889988644109,3.0002802346504684,3.1772253513123667
1.0000021087943975,0.0,0.00010731500671634376,0.0,-0.2128108650990448,0.0,1.495574767704991,3.000280236432134,3.177206481238947
1.0000021038643365,0.0,0.00010723494181955016,0.0,-0.21289086509904478,0.0,1.495560565045481,3.000280238206503,3.177187705552477
1.0000020989413092,0.0,0.00010715496630553682,0.0,-0.21297086509904478,0.0,1.4955463908575204,3.0002802399737645,3.17716909013408
1.0000020940253163,0.0,0.00010707508004140039,0.0,-0.21305086509904478,0.0,1.4955322450827275,3.0002802417337553,3.17715058081237
1.0000020891163286,0.0,0.00010699528289486617,0.0,-0.21313086509904478,0.0,1.49551812770338,3.0002802434866878,3.1771322393745853
1.0000020842143538,0.0,0.00010691557473337218,0.0,-0.21321086509904477,0.0,1.4955040386431875,3.0002802452323394,3.1771139620812043
1.0000020793193636,0.0,0.00010683595542508962,0.0,-0.21329086509904477,0.0,1.4954899778865753,3.0002802469709273,3.177095876333856
1.0000020744313514,0.0,0.00010675642483824838,0.0,-0.21337086509904477,0.0,1.4954759453885473,3.0002802487023565,3.1770778794387793
1.0000020695503071,0.0,0.00010667698284126364,0.0,-0.21345086509904476,0.0,1.4954619411003027,3.000280250426621,3.177060018697501
1.0000020646762153,0.0,0.00010659762930286177,0.0,-0.21353086509904476,0.0,1.4954479649809231,3.0002802521437832,3.1770422988016023
1.0000020598090642,0.0,0.00010651836409197117,0.0,-0.21361086509904476,0.0,1.4954340169918858,3.0002802538538575,3.177024734022543
1.0000020549488415,0.0,0.0001064391870778949,0.0,-0.21369086509904475,0.0,1.4954200970961282,3.0002802555568078,3.177007260295337
1.0000020500955393,0.0,0.00010636009812987214,0.0,-0.21377086509904475,0.0,1.4954062052406927,3.0002802572526557,3.1769899116549616
1.0000020452491376,0.0,0.00010628109711781784,0.0,-0.21385086509904475,0.0,1.4953923413932502,3.000280258941451,3.1769727184549725
1.0000020404096315,0.0,0.0001062021839115089,0.0,-0.21393086509904474,0.0,1.495378505510403,3.000280260623137,3.1769556317064485
1.0000020355770007,0.0,0.0001061233583811378,0.0,-0.21401086509904474,0.0,1.4953646975523986,3.000280262297856,3.176938702567274
1.0000020307512425,0.0,0.00010604462039714555,0.0,-0.21409086509904474,0.0,1.4953509174782524,3.000280263965433,3.1769218506276147
1.000002025932342,0.0,0.00010596596983010383,0.0,-0.21417086509904473,0.0,1.4953371652423826,3.0002802656259555,3.176905186615848
1.0000020211202867,0.0,0.00010588740655092801,0.0,-0.21425086509904473,0.0,1.4953234408076426,3.0002802672794333,3.1768885823307333
1.0000020163150594,0.0,0.00010580893043072425,0.0,-0.21433086509904473,0.0,1.4953097441317351,3.00028026892597,3.1768721598722114
1.0000020115166557,0.0,0.00010573054134086388,0.0,-0.21441086509904472,0.0,1.495296075174447,3.0002802705654292,3.1768558427246427
1.0000020067250592,0.0,0.00010565223915293125,0.0,-0.21449086509904472,0.0,1.495282433899087,3.000280272197906,3.1768396699143544
1.0000020019402578,0.0,0.00010557402373876784,0.0,-0.21457086509904472,0.0,1.4952688202605213,3.0002802738234102,3.1768236119309163
1.0000019971622398,0.0,0.00010549589497043034,0.0,-0.2146508650990447,0.0,1.4952552342201084,3.0002802754419458,3.1768076769686266
1.0000019923910017,0.0,0.00010541785272017705,0.0,-0.2147308650990447,0.0,1.4952416757306517,3.0002802770533887,3.1767918723129793
1.000001987626519,0.0,0.00010533989686056359,0.0,-0.2148108650990447,0.0,1.4952281447635956,3.0002802786579736,3.176776195852893
1.000001982868786,0.0,0.00010526202726438074,0.0,-0.2148908650990447,0.0,1.4952146412699134,3.000280280255581,3.1767606293660178
1.0000019781177836,0.0,0.00010518424380465321,0.0,-0.2149708650990447,0.0,1.495201165220367,3.0002802818463534,3.1767452164990404
1.0000019733735175,0.0,0.0001051065463545013,0.0,-0.2150508650990447,0.0,1.4951877165533847,3.000280283430021,3.17672992249328
1.000001968635961,0.0,0.00010502893478752939,0.0,-0.2151308650990447,0.0,1.495174295252631,3.000280285006813,3.1767147461719367
1.0000019639051059,0.0,0.0001049514089773482,0.0,-0.2152108650990447,0.0,1.4951609012611207,3.0002802865767104,3.176699699709188
1.000001959180938,0.0,0.00010487396879797743,0.0,-0.2152908650990447,0.0,1.49514753455508,3.000280288139734,3.1766847647636745
1.0000019544634466,0.0,0.00010479661412348257,0.0,-0.21537086509904468,0.0,1.4951341950827945,3.0002802896959113,3.1766699591212086
1.0000019497526331,0.0,0.0001047193448282589,0.0,-0.21545086509904468,0.0,1.4951208827954716,3.0002802912450166,3.1766552772851564
1.0000019450484632,0.0,0.00010464216078703988,0.0,-0.21553086509904468,0.0,1.4951075976798014,3.000280292787428,3.176640765621477
1.0000019403509426,0.0,0.0001045650618745683,0.0,-0.21561086509904467,0.0,1.4950943396743344,3.000280294322882,3.176626339692441
1.0000019356600536,0.0,0.0001044880479659666,0.0,-0.21569086509904467,0.0,1.4950811087498048,3.0002802958514847,3.176612028656824
1.0000019309757864,0.0,0.00010441111893651813,0.0,-0.21577086509904467,0.0,1.4950679048566162,3.0002802973732243,3.1765978508965427
1.0000019262981286,0.0,0.00010433427466183114,0.0,-0.21585086509904466,0.0,1.4950547279648039,3.0002802988880988,3.1765837955168044
1.0000019216270608,0.0,0.00010425751501764308,0.0,-0.21593086509904466,0.0,1.495041578038167,3.0002803003962732,3.1765698840572796
1.0000019169625838,0.0,0.000104180839879916,0.0,-0.21601086509904466,0.0,1.495028455029924,3.000280301897546,3.1765560909303683
1.0000019123046804,0.0,0.00010410424912487682,0.0,-0.21609086509904465,0.0,1.495015358901881,3.0002803033920293,3.176542405953005
1.0000019076533462,0.0,0.00010402774262898272,0.0,-0.21617086509904465,0.0,1.4950022896108441,3.000280304879595,3.1765288613556657
1.0000019030085558,0.0,0.00010395132026891699,0.0,-0.21625086509904465,0.0,1.4949892471278956,3.0002803063605117,3.1765154127491333
1.000001898370305,0.0,0.0001038749819216001,0.0,-0.21633086509904464,0.0,1.4949762314111616,3.0002803078346463,3.176502106522302
1.0000018937385828,0.0,0.00010379872746411977,0.0,-0.21641086509904464,0.0,1.4949632424173207,3.0002803093020107,3.1764889382344084
1.000001889113384,0.0,0.0001037225567737878,0.0,-0.21649086509904464,0.0,1.494950280106432,3.0002803107625198,3.176475877500628
1.0000018844946865,0.0,0.00010364646972825438,0.0,-0.21657086509904463,0.0,1.4949373444447793,3.000280312216346,3.176462933697041
1.0000018798824861,0.0,0.00010357046620528834,0.0,-0.21665086509904463,0.0,1.4949244353936613,3.000280313663378,3.176450116028097
1.00000187527677,0.0,0.00010349454608283223,0.0,-0.21673086509904463,0.0,1.4949115529075472,3.0002803151036868,3.1764374238511404
1.0000018706775227,0.0,0.00010341870923924319,0.0,-0.21681086509904463,0.0,1.4948986969587963,3.000280316537313,3.176424852499509
1.0000018660847336,0.0,0.00010334295555290561,0.0,-0.21689086509904462,0.0,1.4948858675033367,3.0002803179642816,3.176412400612281
1.0000018614984043,0.0,0.00010326728490252754,0.0,-0.21697086509904462,0.0,1.4948730645000636,3.0002803193843506,3.176400062683989
1.000001856918507,0.0,0.00010319169716699728,0.0,-0.21705086509904462,0.0,1.4948602879156787,3.0002803207978515,3.1763878835884567
1.0000018523450376,0.0,0.00010311619222548631,0.0,-0.2171308650990446,0.0,1.4948475377095607,3.000280322204636,3.1763757726119928
1.0000018477779824,0.0,0.00010304076995724755,0.0,-0.2172108650990446,0.0,1.4948348138421887,3.0002803236048043,3.1763638231198947
1.0000018432173317,0.0,0.00010296543024194952,0.0,-0.2172908650990446,0.0,1.4948221162759525,3.0002803249982906,3.1763519904864026
1.0000018386630807,0.0,0.00010289017295927962,0.0,-0.2173708650990446,0.0,1.4948094449750187,3.0002803263850235,3.176340258396474
1.0000018341152086,0.0,0.0001028149979892801,0.0,-0.2174508650990446,0.0,1.4947967999006146,3.0002803277651835,3.176328664610322
1.0000018295737085,0.0,0.0001027399052121634,0.0,-0.2175308650990446,0.0,1.4947841810113673,3.0002803291386995,3.176317192268243
1.0000018250385692,0.0,0.00010266489450840649,0.0,-0.2176108650990446,0.0,1.4947715882779136,3.0002803305055687,3.176305831650477
1.0000018205097836,0.0,0.00010258996575858609,0.0,-0.2176908650990446,0.0,1.4947590216484241,3.000280331865754,3.1762945956842534
1.0000018159873294,0.0,0.00010251511884364231,0.0,-0.21777086509904459,0.0,1.4947464811048072,3.000280333219454,3.176283476078993
1.0000018114712104,0.0,0.00010244035364459302,0.0,-0.21785086509904458,0.0,1.4947339665839996,3.0002803345664226,3.176272466331092
1.0000018069613992,0.0,0.00010236567004284223,0.0,-0.21793086509904458,0.0,1.494721478081558,3.0002803359069388,3.1762616143626197
1.0000018024579043,0.0,0.00010229106791969931,0.0,-0.21801086509904458,0.0,1.4947090155204625,3.000280337240733,3.1762508640900453
1.000001797960702,0.0,0.00010221654715715983,0.0,-0.21809086509904457,0.0,1.494696578896786,3.0002803385679346,3.1762402289613743
1.0000017934697818,0.0,0.00010214210763699164,0.0,-0.21817086509904457,0.0,1.4946841681577243,3.0002803398886355,3.176229698070606
1.0000017889851345,0.0,0.00010206774924140352,0.0,-0.21825086509904457,0.0,1.4946717832689937,3.0002803412027834,3.176219317067263
1.0000017845067493,0.0,0.00010199347185277977,0.0,-0.21833086509904456,0.0,1.4946594241935725,3.0002803425103823,3.176209014232136
1.0000017800346188,0.0,0.00010191927535365716,0.0,-0.21841086509904456,0.0,1.4946470908916052,3.0002803438113954,3.176198870275091
1.0000017755687272,0.0,0.00010184515962686648,0.0,-0.21849086509904456,0.0,1.4946347833245937,3.0002803451059172,3.1761888390831663
1.0000017711090683,0.0,0.00010177112455543725,0.0,-0.21857086509904455,0.0,1.4946225014622225,3.000280346393853,3.17617893281763
1.000001766655625,0.0,0.00010169717002257519,0.0,-0.21865086509904455,0.0,1.4946102452694117,3.000280347675348,3.176169120466189
1.0000017622083932,0.0,0.00010162329591166536,0.0,-0.21873086509904455,0.0,1.4945980146993842,3.0002803489502976,3.1761594189956646
1.000001757767354,0.0,0.00010154950210639052,0.0,-0.21881086509904454,0.0,1.49458580971731,3.0002803502188584,3.1761498692986505
1.0000017533325058,0.0,0.00010147578849063154,0.0,-0.21889086509904454,0.0,1.4945736302967783,3.0002803514808387,3.176140416960229
1.0000017489038373,0.0,0.00010140215494840181,0.0,-0.21897086509904454,0.0,1.494561476388807,3.000280352736292,3.176131076793777
1.0000017444813332,0.0,0.00010132860136398357,0.0,-0.21905086509904453,0.0,1.494549347962483,3.000280353985308,3.176121856395255
1.0000017400649805,0.0,0.00010125512762186528,0.0,-0.21913086509904453,0.0,1.494537244979408,3.0002803552279373,3.176112789573698
1.0000017356547763,0.0,0.00010118173360670896,0.0,-0.21921086509904453,0.0,1.49452516740491,3.000280356464052,3.1761038071511947
1.0000017312507055,0.0,0.00010110841920344738,0.0,-0.21929086509904452,0.0,1.4945131152045066,3.000280357693734,3.1760949569882952
1.0000017268527595,0.0,0.00010103518429714528,0.0,-0.21937086509904452,0.0,1.4945010883332235,3.0002803589169664,3.1760862193792687
1.000001722460925,0.0,0.00010096202877312853,0.0,-0.21945086509904452,0.0,1.4944890867614753,3.0002803601338064,3.176077590840231
1.000001718075201,0.0,0.00010088895251690152,0.0,-0.21953086509904451,0.0,1.4944771104484074,3.0002803613440827,3.176069081451349
1.0000017136955608,0.0,0.00010081595541423528,0.0,-0.2196108650990445,0.0,1.494465159367063,3.0002803625480987,3.1760607008328336
1.0000017093220017,0.0,0.00010074303735098081,0.0,-0.2196908650990445,0.0,1.4944532334759237,3.0002803637457474,3.176052415218071
1.0000017049545193,0.0,0.00010067019821333166,0.0,-0.2197708650990445,0.0,1.4944413327356294,3.000280364936888,3.1760442689366446
1.0000017005930868,0.0,0.00010059743788763995,0.0,-0.2198508650990445,0.0,1.4944294571236572,3.000280366121848,3.176036211902141
1.0000016962377178,0.0,0.0001005247562603484,0.0,-0.2199308650990445,0.0,1.4944176065833488,3.000280367300204,3.1760283055831895
1.0000016918883858,0.0,0.00010045215321827796,0.0,-0.2200108650990445,0.0,1.4944057810882865,3.000280368472252,3.176020475998111
1.0000016875450763,0.0,0.00010037962864840026,0.0,-0.2200908650990445,0.0,1.4943939806152233,3.00028036963807,3.1760128036081783
1.0000016832077918,0.0,0.00010030718243777875,0.0,-0.2201708650990445,0.0,1.494382205106571,3.0002803707974555,3.1760052372681686
1.0000016788765247,0.0,0.00010023481447375285,0.0,-0.22025086509904448,0.0,1.4943704545284582,3.000280371950368,3.1759977710899614
1.0000016745512423,0.0,0.00010016252464410261,0.0,-0.22033086509904448,0.0,1.4943587288747961,3.0002803730971537,3.1759904051484584
1.0000016702319543,0.0,0.00010009031283631942,0.0,-0.22041086509904448,0.0,1.4943470280774969,3.000280374237554,3.175983174043801
1.000001665918644,0.0,0.000100018178938484,0.0,-0.22049086509904448,0.0,1.49433535211501,3.0002803753716467,3.1759760829556054
1.0000016616113028,0.0,9.994612283873125e-5,0.0,-0.22057086509904447,0.0,1.494323700945423,3.0002803764994166,3.175969046522754
1.0000016573099184,0.0,9.987414442542695e-5,0.0,-0.22065086509904447,0.0,1.494312074544111,3.0002803776209137,3.1759621858179123
1.0000016530144848,0.0,9.980224358712881e-5,0.0,-0.22073086509904447,0.0,1.494300472862135,3.0002803787360626,3.1759554158668655
1.000001648724981,0.0,9.97304202126657e-5,0.0,-0.22081086509904446,0.0,1.494288895884275,3.000280379845059,3.175948740739197
1.0000016444414115,0.0,9.96586741908461e-5,0.0,-0.22089086509904446,0.0,1.4942773435496561,3.000280380947685,3.175942214423107
1.000001640163758,0.0,9.958700541093386e-5,0.0,-0.22097086509904446,0.0,1.4942658158412359,3.000280382044064,3.175935793205414
1.000001635892013,0.0,9.951541376227429e-5,0.0,-0.22105086509904445,0.0,1.4942543127164634,3.0002803831341534,3.1759294522982193
1.0000016316261646,0.0,9.944389913437236e-5,0.0,-0.22113086509904445,0.0,1.4942428341439595,3.000280384218024,3.1759232701308884
1.000001627366202,0.0,9.937246141702552e-5,0.0,-0.22121086509904445,0.0,1.4942313800897498,3.0002803852956763,3.1759171977148415
1.0000016231121125,0.0,9.930110050020987e-5,0.0,-0.22129086509904444,0.0,1.4942199505213698,3.000280386367158,3.1759112097151423
1.000001618863896,0.0,9.922981627392436e-5,0.0,-0.22137086509904444,0.0,1.4942085453866867,3.000280387432346,3.175905343888701
1.0000016146215314,0.0,9.915860862868617e-5,0.0,-0.22145086509904444,0.0,1.4941971646774663,3.000280388491388,3.1758996283093883
1.0000016103850202,0.0,9.908747745491166e-5,0.0,-0.22153086509904443,0.0,1.4941858083383415,3.000280389544115,3.1758939746704824
1.0000016061543426,0.0,9.901642264340163e-5,0.0,-0.22161086509904443,0.0,1.4941744763399996,3.0002803905907025,3.175888462401106
1.0000016019294886,0.0,9.894544408504548e-5,0.0,-0.22169086509904443,0.0,1.4941631686571586,3.000280391631178,3.1758830483902556
1.0000015977104595,0.0,9.887454167090965e-5,0.0,-0.22177086509904442,0.0,1.4941518852353517,3.000280392665347,3.1758777634481508
