x,y,z,xdot,ydot,zdot,Period,JC,Stability
0.9305999000575143,0.0,0.0,0.0,-0.6039679164636859,1.990824645276586e-13,3.9499959221346366,3.0213923035301913,400.6927223725634
0.9305898781910731,0.0,0.0,0.0,-0.6037494223426293,0.014255186936893049,3.950034577914411,3.021382303530191,400.7256975633547
0.9305795962384471,0.0,0.0,0.0,-0.6035264721085011,0.020245931716452704,3.95007111380872,3.021372303530191,400.7603198990156
0.9305693121162563,0.0,0.0,0.0,-0.6033035569824352,0.024828535056847546,3.950107651268552,3.0213623035301915,400.7949428410443
0.9305590258233928,0.0,0.0,0.0,-0.6030806769458619,0.028685983079183325,3.9501441902938943,3.021352303530182,400.829566390218
0.9305487373587654,0.0,0.0,0.0,-0.6028578319805131,0.032080932527078436,3.9501807308848873,3.021342303530192,400.8641905468812
0.9305384467212706,0.0,0.0,0.0,-0.6026350220679442,0.03514766048076264,3.950217273041522,3.0213323035301918,400.89881531200194
0.9305281539095954,0.0,0.0,0.0,-0.6024122471860894,0.037965788664867155,3.950253816762099,3.0213223035301167,400.9334406880753
0.930517858923248,0.0,0.0,0.0,-0.6021895073271342,0.0405871346914284,3.950290362051721,3.0213123035301788,400.96806667018177
0.9305075617605676,0.0,0.0,0.0,-0.6019668024629927,0.043047663002945956,3.950326908905856,3.02130230353019,401.00269326401144
0.9304972624205994,0.0,0.0,0.0,-0.6017441325778935,0.04537354442484538,3.950363457325711,3.021292303530191,401.037320469026
0.9304869609022455,0.0,0.0,0.0,-0.6015214976535379,0.04758452792180823,3.950400007311456,3.0212823035301906,401.0719482856533
0.9304766572044085,0.0,0.0,0.0,-0.601298897671688,0.049695952004447624,3.9504365588631907,3.021272303530191,401.10657671454305
0.9304663513259802,0.0,0.0,0.0,-0.6010763326139165,0.05172001200758515,3.9504731119809726,3.0212623035301904,401.14120575630955
0.9304560432658587,0.0,0.0,0.0,-0.6008538024619594,0.053666594365554855,3.9505096666648525,3.0212523035301904,401.1758354116354
0.9304457330229293,0.0,0.0,0.0,-0.6006313071972942,0.055543846067402855,3.950546222914869,3.021242303530191,401.21046568118186
0.9304354205960876,0.0,0.0,0.0,-0.6004088468016312,0.057358575308739695,3.9505827807311094,3.021232303530191,401.24509656561986
0.9304251059842225,0.0,0.0,0.0,-0.6001864212565733,0.05911654075812794,3.9506193401136076,3.0212223035301906,401.2797280655699
0.930414789186223,0.0,0.0,0.0,-0.5999640305437439,0.060822665093916144,3.9506559010624187,3.0212123035301905,401.3143601816432
0.93040447020098,0.0,0.0,0.0,-0.599741674644815,0.06248119572332247,3.9506924635776044,3.0212023035301914,401.34899291457896
0.9303941490273748,0.0,0.0,0.0,-0.5995193535412857,0.0640958278267475,3.950729027659218,3.021192303530191,401.3836262649279
0.9303838256642992,0.0,0.0,0.0,-0.5992970672149006,0.06566979998547644,3.9507655933073154,3.0211823035301903,401.41826023344777
0.930373500110638,0.0,0.0,0.0,-0.5990748156472719,0.0672059695173685,3.9508021605219428,3.0211723035301903,401.4528948207259
0.930363172365272,0.0,0.0,0.0,-0.5988525988199398,0.06870687254180759,3.9508387293031744,3.0211623035301907,401.4875300274085
0.9303528424270883,0.0,0.0,0.0,-0.5986304167146277,0.0701747723958973,3.9508752996510337,3.0211523035301897,401.5221658541409
0.9303425102949666,0.0,0.0,0.0,-0.5984082693128846,0.07161169905452142,3.950911871565601,3.02114230353019,401.5568023016099
0.9303321759677928,0.0,0.0,0.0,-0.5981861565964358,0.07301948150968719,3.9509484450469308,3.02113230353019,401.59143937047577
0.9303218394443552,0.0,0.0,0.0,-0.5979640785452994,0.07439977460680183,3.950985020094306,3.0211223035296815,401.6260770656237
0.930311500723735,0.0,0.0,0.0,-0.5977420351445965,0.07575408138094308,3.9510215967095,3.0211123035297938,401.660715378194
0.9303011598046921,0.0,0.0,0.0,-0.5975200263739032,0.07708377195399112,3.951058174891539,3.02110230352988,401.6953543143468
0.9302908166861099,0.0,0.0,0.0,-0.597298052214952,0.07839009939543826,3.951094754640535,3.021092303529944,401.7299938746411
0.9302804713668645,0.0,0.0,0.0,-0.5970761126493515,0.07967421328746196,3.9511313359565396,3.0210823035299947,401.7646340597016
0.9302701238458293,0.0,0.0,0.0,-0.5968542076586879,0.08093717131994646,3.9511679188396047,3.021072303530032,401.79927487010605
0.9302597741218864,0.0,0.0,0.0,-0.5966323372247377,0.08217994926558359,3.9512045032898,3.0210623035300626,401.83391630653966
0.9302494221939069,0.0,0.0,0.0,-0.5964105013290728,0.08340344960698434,3.9512410893071817,3.0210523035300865,401.8685583696142
0.9302390680607633,0.0,0.0,0.0,-0.5961886999533159,0.08460850902630036,3.951277676891811,3.0210423035301046,401.9032010599293
0.9302287117213298,0.0,0.0,0.0,-0.5959669330791493,0.08579590493932375,3.9513142660437315,3.02103230353012,401.93784437819147
0.9302183531744734,0.0,0.0,0.0,-0.5957452006881232,0.08696636121896491,3.9513508567630016,3.0210223035301316,401.9724883249593
0.9302079924190712,0.0,0.0,0.0,-0.5955235027620152,0.0881205532243358,3.9513874490496823,3.0210123035301413,402.0071329009829
0.9301976294539882,0.0,0.0,0.0,-0.5953018392823788,0.08925911224169959,3.9514240429038323,3.0210023035301483,402.0417781068252
0.9301872642780914,0.0,0.0,0.0,-0.5950802102308261,0.09038262941267036,3.9514606383254884,3.0209923035301554,402.07642394319294
0.9301768968902504,0.0,0.0,0.0,-0.594858615589036,0.09149165922438332,3.9514972353147377,3.0209823035301597,402.1110704106719
0.9301665272893315,0.0,0.0,0.0,-0.5946370553386532,0.0925867226191616,3.9515338338716135,3.020972303530165,402.1457175099281
0.9301561554742023,0.0,0.0,0.0,-0.5944155294613627,0.09366830977227798,3.9515704339961806,3.0209623035301685,402.18036524163404
0.9301457814437244,0.0,0.0,0.0,-0.5941940379387565,0.09473688258142639,3.951607035688477,3.020952303530171,402.2150136064678
0.9301354051967637,0.0,0.0,0.0,-0.5939725807525116,0.0957928769017334,3.951643638948582,3.0209423035301737,402.24966260498206
0.9301250267321753,0.0,0.0,0.0,-0.5937511578841344,0.09683670456021558,3.9516802437765226,3.0209323035301754,402.2843122379277
0.9301146460488304,0.0,0.0,0.0,-0.5935297693154554,0.09786875517115749,3.951716850172375,3.020922303530177,402.3189625059092
0.9301042631455835,0.0,0.0,0.0,-0.5933084150279933,0.09888939778324728,3.951753458136196,3.0209123035301784,402.353613409541
0.9300938780212933,0.0,0.0,0.0,-0.5930870950033935,0.09989898236862452,3.9517900676680107,3.0209023035301796,402.38826494955526
0.9300834906748264,0.0,0.0,0.0,-0.5928658092234381,0.1008978411777603,3.951826678767917,3.0208923035301813,402.4229171265072
0.9300731011050323,0.0,0.0,0.0,-0.5926445576696265,0.10188628997454509,3.9518632914359304,3.020882303530182,402.45756994114527
0.9300627093107704,0.0,0.0,0.0,-0.5924233403236562,0.10286462915954182,3.9518999056721262,3.020872303530182,402.4922233940548
0.9300523152908985,0.0,0.0,0.0,-0.5922021571672004,0.10383314479916238,3.9519365214765734,3.0208623035301834,402.5268774858913
0.9300419190442645,0.0,0.0,0.0,-0.5919810081817997,0.10479210956743004,3.951973138849281,3.0208523035301833,402.56153221731927
0.93003152056973,0.0,0.0,0.0,-0.591759893349238,0.1057417836078971,3.952009757790346,3.020842303530184,402.59618758897545
0.9300211198661431,0.0,0.0,0.0,-0.5915388126510727,0.10668241532846579,3.9520463782998076,3.020832303530185,402.6308436015429
0.9300107169323537,0.0,0.0,0.0,-0.5913177660689187,0.10761424212985532,3.9520830003777196,3.0208223035301853,402.6655002556131
0.9300003117672182,0.0,0.0,0.0,-0.5910967535845446,0.10853749107749328,3.9521196240241294,3.020812303530186,402.700157551909
0.929989904369584,0.0,0.0,0.0,-0.5908757751795392,0.10945237952319706,3.952156249239117,3.020802303530185,402.73481549102087
0.9299794947382966,0.0,0.0,0.0,-0.590654830835493,0.11035911567762488,3.9521928760227114,3.0207923035301856,402.7694740735981
0.9299690828722101,0.0,0.0,0.0,-0.5904339205341884,0.11125789914005063,3.9522295043749724,3.0207823035301864,402.804133300338
0.9299586687701649,0.0,0.0,0.0,-0.5902130442571348,0.11214892139162333,3.952266134295968,3.0207723035301854,402.8387931718662
0.9299482524310149,0.0,0.0,0.0,-0.5899922019861523,0.11303236624907656,3.952302765785741,3.0207623035301867,402.8734536888263
0.9299378338535915,0.0,0.0,0.0,-0.5897713937026282,0.11390841029110486,3.9523393988443396,3.0207523035301858,402.9081148518534
0.9299274130367488,0.0,0.0,0.0,-0.5895506193884098,0.11477722324890698,3.9523760334718285,3.0207423035301852,402.9427766615913
0.9299169899793293,0.0,0.0,0.0,-0.5893298790251417,0.11563896837540848,3.9524126696682758,3.0207323035301856,402.97743911876125
0.9299065646801703,0.0,0.0,0.0,-0.5891091725944008,0.11649380278654231,3.9524493074336964,3.0207223035301864,403.0121022239276
0.9298961371381157,0.0,0.0,0.0,-0.5888885000778858,0.11734187777962775,3.952485946768183,3.020712303530187,403.04676597781645
0.9298857073520087,0.0,0.0,0.0,-0.5886678614573202,0.11818333913161366,3.952522587671786,3.0207023035301863,403.0814303810282
0.9298752753206796,0.0,0.0,0.0,-0.5884472567141872,0.11901832737863978,3.952559230144545,3.020692303530186,403.11609543420855
0.9298648410429718,0.0,0.0,0.0,-0.5882266858302594,0.11984697807493498,3.9525958741865104,3.0206823035301866,403.15076113800114
0.9298544045177205,0.0,0.0,0.0,-0.5880061487871491,0.12066942203875053,3.9526325197977488,3.0206723035301866,403.1854274931204
0.9298439657437619,0.0,0.0,0.0,-0.5877856455665244,0.12148578558065483,3.9526691669783127,3.020662303530186,403.22009450015764
0.9298335247199305,0.0,0.0,0.0,-0.5875651761500263,0.12229619071889357,3.9527058157282533,3.020652303530186,403.2547621597557
0.9298230814450652,0.0,0.0,0.0,-0.5873447405194063,0.12310075538093382,3.952742466047649,3.020642303530187,403.2894304725845
0.9298126359179878,0.0,0.0,0.0,-0.5871243386561165,0.12389959359476592,3.9527791179365126,3.0206323035301863,403.3240994392902
0.9298021881375385,0.0,0.0,0.0,-0.5869039705419671,0.12469281566547195,3.9528157713949272,3.0206223035301862,403.35876906052636
0.9297917381025445,0.0,0.0,0.0,-0.5866836361585432,0.12548052834549656,3.9528524264229468,3.020612303530186,403.393439336941
0.9297812858118392,0.0,0.0,0.0,-0.5864633354875812,0.12626283499204924,3.952889083020608,3.0206023035301857,403.42811026919594
0.9297708312642462,0.0,0.0,0.0,-0.5862430685106289,0.12703983571791805,3.952925741187973,3.0205923035301856,403.46278185789345
0.9297603744585957,0.0,0.0,0.0,-0.5860228352093876,0.12781162753159372,3.9529624009251028,3.0205823035301864,403.49745410373475
0.929749915393718,0.0,0.0,0.0,-0.5858026355655881,0.12857830447115318,3.9529990622320534,3.020572303530186,403.5321270073507
0.9297394540684348,0.0,0.0,0.0,-0.5855824695608047,0.129339957731023,3.9530357251088732,3.0205623035301854,403.56680056935966
0.9297289904815687,0.0,0.0,0.0,-0.5853623371766569,0.13009667578064563,3.9530723895556092,3.0205523035301862,403.6014747904587
0.9297185246319456,0.0,0.0,0.0,-0.585142238394847,0.13084854447739572,3.9531090555723214,3.0205423035301853,403.6361496712776
0.9297080565183912,0.0,0.0,0.0,-0.5849221731970821,0.13159564717381242,3.953145723159079,3.0205323035301865,403.6708252124423
0.9296975861397244,0.0,0.0,0.0,-0.5847021415649755,0.13233806481936752,3.9531823923159206,3.020522303530186,403.7055014146405
0.9296871134947657,0.0,0.0,0.0,-0.5844821434801761,0.13307587605626642,3.953219063042908,3.0205123035301864,403.7401782784891
0.9296766385823353,0.0,0.0,0.0,-0.5842621789243579,0.13380915731080206,3.9532557353400954,3.0205023035301855,403.774855804735
0.92966616140125,0.0,0.0,0.0,-0.5840422478791434,0.13453798288029972,3.953292409207525,3.020492303530186,403.8095339938626
0.9296556819503285,0.0,0.0,0.0,-0.5838223503262154,0.135262425015187,3.9533290846452562,3.0204823035301858,403.8442128466719
0.9296452002283895,0.0,0.0,0.0,-0.5836024862472583,0.13598255399750894,3.9533657616533633,3.0204723035301857,403.87889236367073
0.9296347162342471,0.0,0.0,0.0,-0.5833826556239305,0.1366984382154809,3.953402440231874,3.020462303530185,403.9135725456057
0.9296242299667109,0.0,0.0,0.0,-0.5831628584377755,0.13741014423476589,3.9534391203808443,3.0204523035301865,403.94825339308386
0.9296137414245981,0.0,0.0,0.0,-0.5829430946705259,0.13811773686505274,3.953475802100357,3.020442303530185,403.9829349067861
0.9296032506067239,0.0,0.0,0.0,-0.5827233643039075,0.13882127922498474,3.953512485390432,3.020432303530185,404.0176170873207
0.9295927575118976,0.0,0.0,0.0,-0.5825036673195284,0.13952083280389907,3.953549170251148,3.0204223035301854,404.0522999353666
0.9295822621389308,0.0,0.0,0.0,-0.5822840036990704,0.14021645751973613,3.953585856682561,3.0204123035301853,404.0869834516034
0.9295717644866294,0.0,0.0,0.0,-0.5820643734241376,0.14090821177531,3.9536225446846944,3.0204023035301857,404.1216676366108
0.929561264553804,0.0,0.0,0.0,-0.5818447764764232,0.14159615251117846,3.9536592342576333,3.0203923035301847,404.15635249106754
0.9295507623392593,0.0,0.0,0.0,-0.5816252128375445,0.14228033525698755,3.953695925401413,3.020382303530185,404.1910380156568
0.9295402578418032,0.0,0.0,0.0,-0.5814056824891874,0.14296081417976286,3.9537326181161014,3.020372303530185,404.2257242109091
0.9295297510602406,0.0,0.0,0.0,-0.5811861854130123,0.14363764213066263,3.9537693124017474,3.0203623035301854,404.26041107761534
0.9295192419933788,0.0,0.0,0.0,-0.5809667215907283,0.144310870689299,3.9538060082584305,3.020352303530184,404.29509861635825
0.9295087306400154,0.0,0.0,0.0,-0.5807472910039099,0.1449805502067717,3.9538427056861454,3.0203423035301844,404.3297868277997
0.9294982169989555,0.0,0.0,0.0,-0.5805278936342585,0.14564672984578045,3.953879404684997,3.020332303530185,404.3644757125518
0.9294877010690007,0.0,0.0,0.0,-0.5803085294634529,0.14630945762000105,3.9539161052550242,3.0203223035301843,404.39916527130174
0.9294771828489498,0.0,0.0,0.0,-0.5800891984731261,0.1469687804315887,3.953952807396281,3.0203123035301846,404.4338555047184
0.9294666623375973,0.0,0.0,0.0,-0.5798699006448625,0.1476247441070155,3.9539895111088113,3.020302303530185,404.4685464133822
0.9294561395337487,0.0,0.0,0.0,-0.5796506359604582,0.14827739343074683,3.9540262163926876,3.020292303530184,404.5032379979839
0.9294456144361982,0.0,0.0,0.0,-0.5794314044015259,0.14892677217927236,3.9540629232479634,3.020282303530184,404.5379302591939
0.9294350870437381,0.0,0.0,0.0,-0.5792122059496596,0.14957292315230908,3.954099631674682,3.0202723035301835,404.57262319756023
0.9294245573551684,0.0,0.0,0.0,-0.578993040586626,0.15021588820264012,3.954136341672899,3.0202623035301843,404.60731681389336
0.9294140253692766,0.0,0.0,0.0,-0.5787739082939571,0.15085570826642306,3.9541730532426715,3.0202523035301843,404.6420111086833
0.9294034910848611,0.0,0.0,0.0,-0.5785548090534324,0.15149242338985297,3.95420976638405,3.0202423035301846,404.6767060826635
0.9293929545007092,0.0,0.0,0.0,-0.5783357428466228,0.15212607275737747,3.9542464810971074,3.0202323035301837,404.7114017364736
0.9293824156156143,0.0,0.0,0.0,-0.5781167096552514,0.15275669471655118,3.954283197381872,3.0202223035301845,404.7460980707233
0.9293718744283624,0.0,0.0,0.0,-0.5778977094609056,0.1533843268037717,3.954319915238413,3.020212303530184,404.7807950861105
0.9293613309377431,0.0,0.0,0.0,-0.5776787422452698,0.15400900576754958,3.9543566346667816,3.0202023035301835,404.8154927832529
0.9293507851425454,0.0,0.0,0.0,-0.5774598079900392,0.1546307675918123,3.9543933556670288,3.020192303530184,404.8501911627983
0.9293402370415547,0.0,0.0,0.0,-0.5772409066768528,0.15524964751827078,3.9544300782392194,3.0201823035301825,404.8848902254434
0.929329686633555,0.0,0.0,0.0,-0.5770220382873562,0.15586568006759316,3.9544668023833824,3.0201723035301837,404.9195899717595
0.9293191339173316,0.0,0.0,0.0,-0.5768032028032118,0.1564788990600035,3.954503528099609,3.020162303530184,404.95429040239753
0.9293085788916675,0.0,0.0,0.0,-0.5765844002061062,0.15708933763501878,3.9545402553879176,3.020152303530184,404.9889915180888
0.9292980215553407,0.0,0.0,0.0,-0.5763656304775928,0.15769702827105286,3.954576984248385,3.0201423035301835,405.0236933193961
0.9292874619071411,0.0,0.0,0.0,-0.5761468935995229,0.1583020028026546,3.954613714681064,3.0201323035301835,405.05839580703775
0.9292768999458402,0.0,0.0,0.0,-0.57592818955339,0.15890429244000992,3.9546504466859944,3.0201223035301834,405.0930989815854
0.9292663356702169,0.0,0.0,0.0,-0.5757095183208483,0.15950392778474456,3.9546871802632464,3.0201123035301833,405.12780284371695
0.9292557690790539,0.0,0.0,0.0,-0.5754908798836585,0.16010093884660212,3.954723915412868,3.0201023035301833,405.16250739412794
0.9292452001711229,0.0,0.0,0.0,-0.5752722742233801,0.16069535506018595,3.954760652134907,3.020092303530183,405.19721263337533
0.9292346289452038,0.0,0.0,0.0,-0.5750537013217597,0.16128720529941712,3.9547973904294342,3.0200823035301827,405.23191856220296
0.9292240554000655,0.0,0.0,0.0,-0.5748351611603443,0.16187651789336513,3.954834130296481,3.020072303530183,405.2666251811411
0.9292134795344861,0.0,0.0,0.0,-0.5746166537208838,0.16246332063965366,3.954870871736115,3.020062303530183,405.30133249100527
0.9292029013472382,0.0,0.0,0.0,-0.5743981789850394,0.16304764081906967,3.9549076147484006,3.020052303530182,405.33604049225664
0.9291923208370868,0.0,0.0,0.0,-0.5741797369343489,0.1636295052090817,3.954944359333371,3.0200423035301824,405.370749185672
0.9291817380028086,0.0,0.0,0.0,-0.5739613275505963,0.1642089400959148,3.9549811054910893,3.020032303530183,405.40545857184634
0.9291711528431711,0.0,0.0,0.0,-0.5737429508154043,0.16478597128812844,3.9550178532216167,3.020022303530183,405.4401686514175
0.9291605653569377,0.0,0.0,0.0,-0.5735246067103482,0.16536062412845498,3.95505460252499,3.0200123035301827,405.474879425068
0.9291499755428829,0.0,0.0,0.0,-0.5733062952172239,0.16593292350493236,3.955091353401285,3.020002303530183,405.5095908934468
0.9291393833997642,0.0,0.0,0.0,-0.5730880163175314,0.16650289386350842,3.9551281058505405,3.0199923035301826,405.54430305716073
0.9291287889263514,0.0,0.0,0.0,-0.5728697699930269,0.16707055921771782,3.955164859872807,3.0199823035301825,405.57901591691393
0.9291181921214086,0.0,0.0,0.0,-0.5726515562253609,0.16763594316024732,3.9552016154681593,3.019972303530182,405.6137294732805
0.9291075929836953,0.0,0.0,0.0,-0.5724333749961447,0.1681990688730377,3.955238372636633,3.019962303530183,405.6484437269222
0.9290969915119722,0.0,0.0,0.0,-0.572215226287014,0.16875995913719105,3.955275131378286,3.0199523035301823,405.6831586785461
0.9290863877050044,0.0,0.0,0.0,-0.571997110079711,0.16931863634243174,3.9553118916931824,3.019942303530182,405.71787432876306
0.9290757815615486,0.0,0.0,0.0,-0.5717790263558445,0.16987512249706835,3.9553486535813684,3.019932303530182,405.7525906782091
0.9290651730803593,0.0,0.0,0.0,-0.5715609750969971,0.17042943923684845,3.955385417042894,3.0199223035301817,405.78730772753
0.9290545622601977,0.0,0.0,0.0,-0.5713429562849066,0.17098160783333874,3.955422182077808,3.019912303530182,405.8220254774245
0.9290439490998156,0.0,0.0,0.0,-0.5711249699011387,0.17153164920328265,3.9554589486861804,3.0199023035301824,405.8567439284517
0.9290333335979741,0.0,0.0,0.0,-0.5709070159274682,0.1720795839159656,3.955495716868063,3.0198923035301823,405.8914630812933
0.9290227157534204,0.0,0.0,0.0,-0.5706890943454237,0.17262543220234974,3.9555324866234964,3.0198823035301823,405.9261829366403
0.929012095564911,0.0,0.0,0.0,-0.5704712051367312,0.17316921396185012,3.955569257952546,3.019872303530182,405.96090349511144
0.9290014730311973,0.0,0.0,0.0,-0.5702533482830355,0.17371094877056784,3.955606030855268,3.019862303530182,405.99562475731364
0.9289908481510267,0.0,0.0,0.0,-0.5700355237659329,0.17425065588855762,3.955642805331712,3.0198523035301816,406.0303467239328
0.928980220923153,0.0,0.0,0.0,-0.569817731567153,0.1747883542665692,3.9556795813819425,3.019842303530181,406.06506939560404
0.9289695913463173,0.0,0.0,0.0,-0.5695999716682244,0.1753240625537272,3.9557163590059816,3.019832303530182,406.0997927730018
0.9289589594192744,0.0,0.0,0.0,-0.5693822440509316,0.17585779910327132,3.955753138203922,3.019822303530181,406.13451685674465
0.9289483251407649,0.0,0.0,0.0,-0.5691645486968258,0.1763895819801646,3.9557899189757877,3.0198123035301814,406.16924164749
0.9289376885095387,0.0,0.0,0.0,-0.5689468855876563,0.17691942896651178,3.95582670132165,3.0198023035301813,406.20396714587457
0.9289270495243305,0.0,0.0,0.0,-0.5687292547048877,0.17744735756881327,3.9558634852415517,3.0197923035301817,406.238693352533
0.9289164081838903,0.0,0.0,0.0,-0.5685116560303112,0.17797338502261123,3.9559002707355697,3.0197823035301807,406.2734202681113
0.9289057644869597,0.0,0.0,0.0,-0.5682940895455881,0.17849752829931503,3.9559370578037214,3.019772303530181,406.3081478933333
0.9288951184322748,0.0,0.0,0.0,-0.5680765552322642,0.17901980411192073,3.9559738464460996,3.0197623035301815,406.3428762287208
0.9288844700185758,0.0,0.0,0.0,-0.5678590530720192,0.17954022891989432,3.956010636662722,3.019752303530182,406.3776052749989
0.9288738192446018,0.0,0.0,0.0,-0.567641583046505,0.180058818934977,3.9560474284536804,3.0197423035301805,406.41233503281546
0.9288631661090933,0.0,0.0,0.0,-0.5674241451374449,0.18057559012612412,3.956084221818999,3.019732303530181,406.4470655027907
0.9288525106107811,0.0,0.0,0.0,-0.5672067393263754,0.1810905582252238,3.956121016758747,3.019722303530181,406.48179668557134
0.9288418527483977,0.0,0.0,0.0,-0.5669893655949106,0.18160373873140148,3.956157813272951,3.019712303530181,406.51652858180717
0.9288311925206871,0.0,0.0,0.0,-0.5667720239248749,0.1821151469156164,3.956194611361717,3.01970230353018,406.5512611921472
0.9288205299263663,0.0,0.0,0.0,-0.5665547142976307,0.18262479782673313,3.9562314110250427,3.0196923035301797,406.58599451726434
0.928809864964182,0.0,0.0,0.0,-0.566337436695099,0.18313270629394734,3.9562682122630277,3.0196823035301805,406.62072855773533
0.9287991976328517,0.0,0.0,0.0,-0.5661201910986903,0.18363888693348704,3.9563050150756913,3.01967230353018,406.65546331425196
0.9287885279311152,0.0,0.0,0.0,-0.565902977490239,0.18414335415096816,3.956341819463121,3.0196623035301804,406.69019878748725
0.9287778558576931,0.0,0.0,0.0,-0.5656857958512602,0.1846461221471649,3.956378625425332,3.0196523035301808,406.72493497801656
0.9287671814113162,0.0,0.0,0.0,-0.5654686461634543,0.1851472049210968,3.956415432962413,3.0196423035301807,406.7596718865683
0.9287565045907059,0.0,0.0,0.0,-0.5652515284083838,0.185646616274666,3.9564522420744006,3.01963230353018,406.7944095137094
0.9287458253945897,0.0,0.0,0.0,-0.5650344425677458,0.1861443698159984,3.9564890527613468,3.019622303530181,406.82914786012884
0.9287351438216893,0.0,0.0,0.0,-0.5648173886231513,0.18664047896372324,3.9565258650233006,3.01961230353018,406.863886926497
0.9287244598707279,0.0,0.0,0.0,-0.5646003665562394,0.18713495695044155,3.9565626788603403,3.0196023035301804,406.8986267133878
0.928713773540427,0.0,0.0,0.0,-0.5643833763486661,0.18762781682633514,3.9565994942724987,3.0195923035301795,406.9333672214956
0.9287030848295035,0.0,0.0,0.0,-0.564166417982009,0.18811907146291845,3.9566363112598295,3.0195823035301794,406.9681084514709
0.9286923937366827,0.0,0.0,0.0,-0.5639494914380155,0.18860873355595206,3.9566731298224074,3.0195723035301794,407.0028504039144
0.9286817002606759,0.0,0.0,0.0,-0.5637325966982137,0.1890968156295843,3.9567099499602594,3.0195623035301793,407.03759307952964
0.9286710044002024,0.0,0.0,0.0,-0.5635157337442804,0.18958333003889302,3.9567467716734583,3.01955230353018,407.0723364789261
0.928660306153972,0.0,0.0,0.0,-0.5632989025577408,0.19006828897366704,3.956783594962049,3.0195423035301796,407.10708060274135
0.9286496055207083,0.0,0.0,0.0,-0.5630821031204166,0.1905517044605915,3.9568204198260855,3.0195323035301795,407.1418254516482
0.9286389024991208,0.0,0.0,0.0,-0.5628653354138624,0.19103358836748252,3.956857246265627,3.01952230353018,407.17657102626936
0.9286281970879176,0.0,0.0,0.0,-0.5626485994196387,0.19151395240565708,3.956894074280723,3.0195123035301794,407.2113173272778
0.9286174892858111,0.0,0.0,0.0,-0.5624318951194096,0.19199280813263803,3.95693090387143,3.0195023035301793,407.24606435531314
0.928606779091514,0.0,0.0,0.0,-0.5622152224948581,0.19247016695515004,3.9569677350377996,3.0194923035301797,407.2808121109599
0.9285960665037304,0.0,0.0,0.0,-0.5619985815275388,0.19294604013219036,3.9570045677798835,3.0194823035301788,407.31556059494676
0.9285853515211672,0.0,0.0,0.0,-0.5617819721990641,0.1934204387773305,3.9570414020977407,3.0194723035301787,407.3503098078926
0.928574634142536,0.0,0.0,0.0,-0.5615653944911689,0.19389337386122374,3.9570782379914253,3.019462303530179,407.3850597504047
0.928563914366535,0.0,0.0,0.0,-0.5613488483853531,0.19436485621489594,3.957115075460982,3.0194523035301795,407.41981042318366
0.928553192191871,0.0,0.0,0.0,-0.561132333863301,0.19483489653141578,3.957151914506466,3.0194423035301785,407.4545618268247
0.9285424676172476,0.0,0.0,0.0,-0.560915850906647,0.1953035053688139,3.957188755127941,3.019432303530179,407.48931396201897
0.9285317406413643,0.0,0.0,0.0,-0.5606993994969875,0.19577069315245918,3.957225597325462,3.019422303530178,407.5240668293966
0.9285210112629225,0.0,0.0,0.0,-0.5604829796159598,0.1962364701772376,3.9572624410990715,3.0194123035301788,407.5588204295474
0.9285102794806223,0.0,0.0,0.0,-0.5602665912452113,0.1967008466099106,3.957299286448831,3.019402303530179,407.5935747632052
0.9284995452931536,0.0,0.0,0.0,-0.5600502343662129,0.19716383249172142,3.957336133374779,3.0193923035301786,407.62832983098053
0.9284888086992229,0.0,0.0,0.0,-0.5598339089607616,0.19762543773959038,3.9573729818769885,3.0193823035301777,407.66308563349924
0.9284780696975252,0.0,0.0,0.0,-0.559617615010469,0.19808567214925604,3.9574098319555127,3.0193723035301785,407.69784217140545
0.9284673282867467,0.0,0.0,0.0,-0.5594013524967987,0.19854454539730532,3.957446683610393,3.0193623035301784,407.7325994453537
0.928456584465589,0.0,0.0,0.0,-0.5591851214015315,0.19900206704228568,3.9574835368416905,3.019352303530178,407.7673574560049
0.9284458382327422,0.0,0.0,0.0,-0.5589689217062391,0.19945824652776795,3.9575203916494672,3.0193423035301774,407.80211620397995
0.9284350895868935,0.0,0.0,0.0,-0.5587527533924748,0.199913093183892,3.957557248033758,3.0193323035301787,407.8368756899305
0.9284243385267329,0.0,0.0,0.0,-0.5585366164418623,0.20036661622914112,3.9575941059946227,3.0193223035301786,407.87163591450496
0.928413585050949,0.0,0.0,0.0,-0.5583205108360139,0.200818824772354,3.9576309655321142,3.019312303530179,407.9063968783714
0.9284028291582328,0.0,0.0,0.0,-0.5581044365566042,0.20126972781443875,3.9576678266463166,3.0193023035301776,407.94115858212854
0.928392070847265,0.0,0.0,0.0,-0.5578883935851646,0.20171933425050417,3.9577046893372247,3.0192923035301784,407.97592102644546
0.9283813101167372,0.0,0.0,0.0,-0.557672381903418,0.20216765287105598,3.9577415536049325,3.019282303530178,408.0106842119874
0.9283705469653257,0.0,0.0,0.0,-0.5574564014928296,0.20261469236451649,3.9577784194494945,3.019272303530178,408.04544813932864
0.9283597813917173,0.0,0.0,0.0,-0.5572404523350964,0.20306046131797578,3.9578152868709573,3.019262303530178,408.0802128091934
0.9283490133945924,0.0,0.0,0.0,-0.5570245344118124,0.20350496821949285,3.9578521558693662,3.0192523035301777,408.11497822217405
0.9283382429726262,0.0,0.0,0.0,-0.5568086477044877,0.20394822145966238,3.9578890264447786,3.019242303530177,408.14974437895034
0.9283274701245116,0.0,0.0,0.0,-0.5565927921949894,0.2043902293323591,3.9579258985972627,3.019232303530177,408.1845112801424
0.9283166948489092,0.0,0.0,0.0,-0.5563769678646037,0.2048310000380566,3.9579627723268507,3.019222303530177,408.21927892641327
0.9283059171445024,0.0,0.0,0.0,-0.5561611746950589,0.2052705416834042,3.957999647633606,3.0192123035301783,408.2540473183244
0.9282951370099706,0.0,0.0,0.0,-0.5559454126680426,0.20570886228362784,3.9580365245175844,3.0192023035301774,408.28881645667866
0.9282843544439834,0.0,0.0,0.0,-0.555729681765067,0.20614596976422872,3.9580734029788363,3.019192303530177,408.3235863420082
0.9282735694452138,0.0,0.0,0.0,-0.5555139819677299,0.20658187196192035,3.958110283017417,3.019182303530177,408.35835697494895
0.9282627820123365,0.0,0.0,0.0,-0.5552983132576923,0.2070165766260557,3.958147164633385,3.0191723035301776,408.3931283562172
0.9282519921440164,0.0,0.0,0.0,-0.555082675616454,0.20745009142041912,3.958184047826778,3.0191623035301767,408.4279004864211
0.9282411998389241,0.0,0.0,0.0,-0.5548670690256177,0.20788242392407877,3.9582209325976683,3.019152303530177,408.46267336614767
0.928230405095733,0.0,0.0,0.0,-0.5546514934668998,0.20831358163265443,3.958257818946096,3.0191423035301765,408.497446996133
0.9282196079131033,0.0,0.0,0.0,-0.5544359489217616,0.20874357196031268,3.9582947068721186,3.0191323035301765,408.53222137695855
0.9282088082897076,0.0,0.0,0.0,-0.5542204353719291,0.20917240224005232,3.9583315963757992,3.0191223035301764,408.5669965093156
0.928198006224206,0.0,0.0,0.0,-0.554004952798908,0.20960007972583272,3.9583684874571863,3.019112303530177,408.60177239381653
0.9281872017152568,0.0,0.0,0.0,-0.5537895011842067,0.21002661159337252,3.9584053801163135,3.0191023035301767,408.6365490310941
0.928176394761529,0.0,0.0,0.0,-0.5535740805095435,0.21045200494096777,3.9584422743532603,3.0190923035301767,408.6713264218404
0.928165585361681,0.0,0.0,0.0,-0.5533586907564615,0.21087626679134938,3.958479170168073,3.019082303530176,408.7061045666228
0.9281547735143713,0.0,0.0,0.0,-0.5531433319065316,0.2112994040924513,3.958516067560796,3.0190723035301765,408.7408834661603
0.928143959218258,0.0,0.0,0.0,-0.5529280039413348,0.21172142371857908,3.958552966531497,3.019062303530177,408.77566312104807
0.9281331424720032,0.0,0.0,0.0,-0.5527127068425572,0.2121423324713098,3.958589867080216,3.0190523035301764,408.81044353198365
0.9281223232742585,0.0,0.0,0.0,-0.5524974405916887,0.21256213708114505,3.958626769207027,3.019042303530177,408.84522469955107
0.9281115016236756,0.0,0.0,0.0,-0.5522822051702742,0.2129808442080767,3.9586636729119586,3.0190323035301763,408.8800066244165
0.9281006775189162,0.0,0.0,0.0,-0.5520670005600449,0.2133984604424136,3.9587005781950775,3.0190223035301758,408.9147893072294
0.9280898509586244,0.0,0.0,0.0,-0.551851826742419,0.21381499230669787,3.9587374850564476,3.019012303530176,408.9495727486301
0.9280790219414493,0.0,0.0,0.0,-0.5516366836989655,0.2142304462558297,3.9587743934960815,3.019002303530176,408.9843569492758
0.9280681904660494,0.0,0.0,0.0,-0.551421571411405,0.21464482867811302,3.9588113035140804,3.018992303530176,409.019141909793
0.9280573565310664,0.0,0.0,0.0,-0.5512064898612005,0.21505814589687874,3.9588482151104687,3.018982303530176,409.0539276308066
0.9280465201351524,0.0,0.0,0.0,-0.550991439030011,0.21547040417066282,3.9588851282853175,3.0189723035301763,409.0887141129598
0.9280356812769479,0.0,0.0,0.0,-0.5507764188993103,0.21588160969479075,3.958922043038678,3.0189623035301754,409.12350135695397
0.9280248399551033,0.0,0.0,0.0,-0.5505614294507827,0.216291768601579,3.9589589593705936,3.0189523035301757,409.15828936338323
0.9280139961682554,0.0,0.0,0.0,-0.5503464706658749,0.21670088696203685,3.9589958772811094,3.0189423035301752,409.19307813288617
0.9280031499150551,0.0,0.0,0.0,-0.5501315425263047,0.2171089707858386,3.959032796770312,3.0189323035301756,409.22786766615275
0.9279923011941331,0.0,0.0,0.0,-0.5499166450134634,0.2175160260232151,3.9590697178382213,3.0189223035301755,409.26265796376106
0.9279814500041358,0.0,0.0,0.0,-0.5497017781090408,0.21792205856472208,3.959106640484901,3.018912303530176,409.2974490263815
0.9279705963437023,0.0,0.0,0.0,-0.5494869417946083,0.21832707424279735,3.959143564710418,3.018902303530176,409.33224085471454
0.9279597402114661,0.0,0.0,0.0,-0.5492721360516616,0.21873107883248782,3.9591804905148185,3.0188923035301753,409.3670334493246
0.9279488816060634,0.0,0.0,0.0,-0.549057360861779,0.21913407805196658,3.9592174178981363,3.0188823035301753,409.4018268108931
0.9279380205261298,0.0,0.0,0.0,-0.548842616206526,0.21953607756351573,3.9592543468604426,3.0188723035301757,409.43662094002536
0.9279271569702999,0.0,0.0,0.0,-0.5486279020674827,0.2199370829742207,3.959291277401805,3.018862303530175,409.47141583743746
0.9279162909372054,0.0,0.0,0.0,-0.5484132184262074,0.2203370998367884,3.959328209522254,3.0188523035301746,409.5062115036909
0.9279054224254775,0.0,0.0,0.0,-0.5481985652642529,0.22073613365028374,3.959365143221856,3.0188423035301746,409.5410079394412
0.9278945514337428,0.0,0.0,0.0,-0.5479839425631293,0.22113418986090175,3.959402078500647,3.0188323035301745,409.57580514539836
0.9278836779606325,0.0,0.0,0.0,-0.5477693503044337,0.22153127386248525,3.9594390153586962,3.018822303530175,409.6106031221284
0.9278728020047762,0.0,0.0,0.0,-0.5475547884697642,0.22192739099735737,3.959475953796059,3.0188123035301757,409.6454018702992
0.9278619235647914,0.0,0.0,0.0,-0.5473402570405231,0.22232254655736133,3.9595128938127795,3.018802303530174,409.6802013905923
0.9278510426393102,0.0,0.0,0.0,-0.5471257559983977,0.22271674578371364,3.959549835408905,3.018792303530175,409.71500168360683
0.9278401592269551,0.0,0.0,0.0,-0.5469112853249146,0.2231099938684512,3.959586778584511,3.0187823035301755,409.74980274998995
0.9278292733263452,0.0,0.0,0.0,-0.5466968450015693,0.22350229595484658,3.9596237233396376,3.018772303530174,409.78460459036853
0.9278183849361046,0.0,0.0,0.0,-0.5464824350099716,0.22389365713780682,3.959660669674335,3.018762303530175,409.81940720543673
0.9278074940548491,0.0,0.0,0.0,-0.5462680553315946,0.22428408246495912,3.9596976175886542,3.018752303530174,409.8542105958179
0.9277966006812002,0.0,0.0,0.0,-0.5460537059480361,0.22467357693681742,3.9597345670826685,3.0187423035301744,409.8890147621107
0.9277857048137713,0.0,0.0,0.0,-0.5458393868407789,0.2250621455077887,3.959771518156403,3.018732303530174,409.92381970502856
0.9277748064511783,0.0,0.0,0.0,-0.5456250979913582,0.22544979308652066,3.959808470809925,3.018722303530174,409.95862542515044
0.9277639055920434,0.0,0.0,0.0,-0.5454108393814603,0.22583652453631248,3.9598454250432997,3.018712303530174,409.9934319231297
0.9277530022349708,0.0,0.0,0.0,-0.5451966109924568,0.22622234467648417,3.959882380856561,3.0187023035301745,410.02823919966863
0.9277420963785756,0.0,0.0,0.0,-0.5449824128059363,0.2266072582820685,3.9599193382497786,3.018692303530174,410.06304725531027
0.9277311880214676,0.0,0.0,0.0,-0.5447682448034254,0.2269912700848174,3.9599562972229885,3.018682303530174,410.09785609077676
0.9277202771622585,0.0,0.0,0.0,-0.5445541069664939,0.22737438477361616,3.9599932577762598,3.018672303530174,410.1326657066587
0.9277093637995544,0.0,0.0,0.0,-0.5443399992766449,0.22775660699518124,3.9600302199096293,3.0186623035301743,410.1674761036578
0.9276984479319558,0.0,0.0,0.0,-0.5441259217152826,0.22813794135467683,3.96006718362317,3.0186523035301733,410.20228728238044
0.9276875295580793,0.0,0.0,0.0,-0.5439118742641517,0.22851839241548688,3.9601041489169106,3.018642303530174,410.2370992434571
0.927676608676521,0.0,0.0,0.0,-0.5436978569046217,0.22889796470094945,3.960141115790919,3.018632303530173,410.2719119875462
0.927665685285884,0.0,0.0,0.0,-0.5434838696182192,0.22927666269396818,3.9601780842452503,3.0186223035301736,410.30672551529256
0.927654759384777,0.0,0.0,0.0,-0.5432699123865999,0.22965449083756997,3.9602150542799675,3.0186123035301735,410.34153982731004
0.9276438309717957,0.0,0.0,0.0,-0.5430559851912006,0.23003145353596516,3.960252025895109,3.018602303530174,410.37635492426864
0.9276329000455357,0.0,0.0,0.0,-0.5428420880134833,0.23040755515463848,3.960288999090724,3.018592303530173,410.4111708068382
0.9276219666045985,0.0,0.0,0.0,-0.5426282208350315,0.23078280002067472,3.960325973866875,3.018582303530173,410.44598747559553
0.9276110306475792,0.0,0.0,0.0,-0.5424143836373397,0.23115719242356772,3.960362950223609,3.0185723035301737,410.48080493119835
0.9276000921730747,0.0,0.0,0.0,-0.542200576401953,0.23153073661546378,3.9603999281609905,3.0185623035301736,410.51562317433036
0.9275891511796731,0.0,0.0,0.0,-0.5419867991102802,0.23190343681191086,3.9604369076790626,3.0185523035301736,410.5504422055651
0.9275782076659738,0.0,0.0,0.0,-0.5417730517439631,0.23227529719172021,3.960473888777882,3.0185423035301726,410.58526202561984
0.9275672616305617,0.0,0.0,0.0,-0.5415593342843996,0.2326463218981716,3.960510871457489,3.018532303530173,410.62008263511177
0.9275563130720336,0.0,0.0,0.0,-0.5413456467132134,0.23301651503871,3.960547855717967,3.0185223035301725,410.65490403466345
0.9275453619889703,0.0,0.0,0.0,-0.5411319890117798,0.2333858806861032,3.9605848415593368,3.0185123035301737,410.68972622491117
0.9275344083799608,0.0,0.0,0.0,-0.5409183611616322,0.23375442287824555,3.9606218289816635,3.0185023035301732,410.724549206505
0.9275234522435971,0.0,0.0,0.0,-0.5407047631443785,0.23412214561869715,3.960658817985025,3.0184923035301727,410.75937298012207
0.9275124935784559,0.0,0.0,0.0,-0.5404911949413831,0.23448905287757718,3.960695808569435,3.018482303530173,410.7941975463506
0.9275015323831253,0.0,0.0,0.0,-0.5402776565342281,0.23485514859127454,3.9607328007349727,3.018472303530172,410.82902290587435
0.9274905686561805,0.0,0.0,0.0,-0.5400641479042964,0.2352204366634633,3.9607697944816613,3.0184623035301716,410.86384905927866
0.9274796023962091,0.0,0.0,0.0,-0.5398506690331996,0.23558492096485492,3.9608067898095873,3.018452303530172,410.8986760072886
0.9274686336017905,0.0,0.0,0.0,-0.5396372199024386,0.23594860533409237,3.960843786718793,3.0184423035301733,410.93350375045304
0.9274576622714978,0.0,0.0,0.0,-0.5394238004934111,0.23631149357813178,3.960880785209342,3.0184323035301714,410.968332289484
0.9274466884039085,0.0,0.0,0.0,-0.5392104107876302,0.23667358947224648,3.9609177852812563,3.0184223035301727,411.0031616249835
0.9274357119975996,0.0,0.0,0.0,-0.5389970507666094,0.23703489676061984,3.960954786934617,3.018412303530172,411.0379917576147
0.9274247330511448,0.0,0.0,0.0,-0.53878372041183,0.2373954191567174,3.960991790169471,3.018402303530172,411.0728226880017
0.9274137515507247,0.0,0.0,0.0,-0.5385704195072804,0.23775516062886032,3.9610287949114458,3.018392303529562,411.1076545022976
0.9273917809566182,0.0,0.0,0.0,-0.5381439071596704,0.23847231367230928,3.9611028093634975,3.018372303530172,411.1773202721962
0.9273698001666558,0.0,0.0,0.0,-0.5377175129830655,0.2391863856167197,3.9611768300679238,3.0183523035301723,411.2469893289008
0.9273478091817678,0.0,0.0,0.0,-0.5372912370268591,0.2398974045822349,3.9612508570996106,3.0183323035301717,411.3166615920113
0.9273258079904646,0.0,0.0,0.0,-0.536865079142817,0.2406053985205492,3.9613248904589557,3.018312303530171,411.386337066739
0.9273037965812311,0.0,0.0,0.0,-0.536439039182585,0.24131039493987874,3.9613989301463834,3.0182923035301714,411.45601575809997
0.9272817749425349,0.0,0.0,0.0,-0.536013116997871,0.24201242091456643,3.9614729761623133,3.0182723035301713,411.5256976713754
0.9272597430628204,0.0,0.0,0.0,-0.5355873124402992,0.24271150309495476,3.9615470285071868,3.018252303530171,411.5953828115088
0.9272377009305154,0.0,0.0,0.0,-0.535161625361576,0.24340766771646938,3.961621087181424,3.018232303530171,411.66507118372715
0.9272156485340164,0.0,0.0,0.0,-0.5347360556131997,0.24410094060915474,3.961695152185437,3.0182123035301704,411.73476279316344
0.9271935858616995,0.0,0.0,0.0,-0.534310603046655,0.24479134720621545,3.961769223519647,3.0181923035301703,411.80445764488184
0.9271715129019372,0.0,0.0,0.0,-0.5338852675137261,0.24547891255213894,3.9618433011845027,3.018172303530171,411.8741557440585
0.9271494296430514,0.0,0.0,0.0,-0.5334600488656477,0.24616366131230455,3.9619173851804015,3.01815230353017,411.94385709581445
0.9271273360733585,0.0,0.0,0.0,-0.5330349469539203,0.2468456177798872,3.961991475507776,3.0181323035301704,412.01356170525276
0.9271052321811547,0.0,0.0,0.0,-0.5326099616300354,0.24752480588416942,3.96206557216706,3.01811230353017,412.08326957746795
0.9270831179547069,0.0,0.0,0.0,-0.53218509274533,0.2482012491984232,3.962139675158664,3.0180923035301697,412.1529807176097
0.9270609933822631,0.0,0.0,0.0,-0.531760340151164,0.24887497094713093,3.962213784483016,3.0180723035301695,412.2226951307749
0.9270388584520486,0.0,0.0,0.0,-0.5313357036988442,0.24954599401336588,3.9622879001405433,3.0180523035301707,412.2924128221331
0.9270167131522654,0.0,0.0,0.0,-0.530911183239639,0.2502143409458431,3.9623620221316584,3.01803230353017,412.36213379674996
0.9269945574710884,0.0,0.0,0.0,-0.530486778624682,0.25088003396594727,3.9624361504567913,3.0180123035301696,412.4318580597894
0.9269723913966845,0.0,0.0,0.0,-0.5300624897053358,0.25154309497391325,3.9625102851163616,3.0179923035301695,412.5015856163134
0.9269502149171859,0.0,0.0,0.0,-0.5296383163327022,0.25220354555606717,3.962584426110804,3.0179723035301693,412.57131647149276
0.9269280280206997,0.0,0.0,0.0,-0.529214258357814,0.25286140699088727,3.962658573440514,3.0179523035301687,412.64105063041836
0.9269058306953215,0.0,0.0,0.0,-0.5287903156318391,0.2535167002549424,3.962732727105943,3.017932303530168,412.71078809819176
0.9268836229291199,0.0,0.0,0.0,-0.5283664880058525,0.25416944602921265,3.9628068871075066,3.0179123035301694,412.7805288799217
0.926861404710134,0.0,0.0,0.0,-0.5279427753307657,0.2548196647050871,3.9628810534456114,3.017892303530169,412.85027298076284
0.9268391760263901,0.0,0.0,0.0,-0.5275191774576253,0.2554673763896653,3.9629552261206915,3.0178723035301687,412.92002040581906
0.9268169368658846,0.0,0.0,0.0,-0.5270956942373035,0.2561126009117856,3.9630294051331822,3.017852303530168,412.9897711601527
0.9267946872165915,0.0,0.0,0.0,-0.5266723255206591,0.2567553578272122,3.9631035904834824,3.0178323035301684,413.05952524892973
0.9267724270664675,0.0,0.0,0.0,-0.5262490711586086,0.25739566642386946,3.963177782172024,3.017812303530168,413.1292826772369
0.9267501564034379,0.0,0.0,0.0,-0.5258259310018801,0.25803354572734427,3.963251980199216,3.0177923035301677,413.1990434502534
0.9267278752154157,0.0,0.0,0.0,-0.5254029049013376,0.2586690145054863,3.9633261845654975,3.017772303530168,413.26880757297795
0.9267055834902825,0.0,0.0,0.0,-0.5249799927076643,0.25930209127376713,3.963400395271312,3.0177523035301683,413.33857505056096
0.9266832812158879,0.0,0.0,0.0,-0.5245571942713685,0.2599327943000368,3.963474612317014,3.0177323035301673,413.4083458881488
0.9266609683800848,0.0,0.0,0.0,-0.5241345094433577,0.2605611416084723,3.963548835703083,3.0177123035301676,413.4781200908234
0.9266386449706747,0.0,0.0,0.0,-0.5237119380740094,0.2611871509853801,3.9636230654299225,3.0176923035301675,413.54789766366935
0.9266163109754555,0.0,0.0,0.0,-0.5232894800140189,0.2618108399824995,3.9636973014979544,3.017672303530168,413.6176786118175
0.9265939663821855,0.0,0.0,0.0,-0.5228671351137475,0.26243222592224663,3.9637715439075873,3.0176523035301677,413.6874629403834
0.9265716111786148,0.0,0.0,0.0,-0.5224449032237765,0.26305132590121616,3.9638457926592623,3.0176323035301675,413.75725065445727
0.9265492453524582,0.0,0.0,0.0,-0.5220227841944487,0.26366815679492717,3.9639200477533905,3.0176123035301665,413.827041759184
0.9265268688914132,0.0,0.0,0.0,-0.5216007778761687,0.2642827352614789,3.9639943091903875,3.017592303530167,413.8968362596113
0.926504481783152,0.0,0.0,0.0,-0.5211788841192627,0.26489507774569315,3.964068576970688,3.0175723035301667,413.9666341608389
0.9264820840153203,0.0,0.0,0.0,-0.5207571027739739,0.2655052004829709,3.964142851094704,3.0175523035301675,414.03643546798287
0.9264596755755403,0.0,0.0,0.0,-0.520335433690512,0.2661131195029948,3.964217131562845,3.0175323035301664,414.1062401862283
0.9264372564514173,0.0,0.0,0.0,-0.5199138767191452,0.266718850633307,3.9642914183755513,3.017512303530166,414.17604832058294
0.9264148266305204,0.0,0.0,0.0,-0.5194924317098966,0.267322409503283,3.964365711533226,3.017492303530166,414.2458598761614
0.9263923861004066,0.0,0.0,0.0,-0.5190710985129465,0.2679238115471365,3.964440011036298,3.017472303530166,414.3156748581001
0.9263699348486076,0.0,0.0,0.0,-0.5186498769784069,0.26852307200764464,3.9645143168851984,3.0174523035301655,414.3854932714431
0.9263474728626201,0.0,0.0,0.0,-0.5182287669561599,0.2691202059397084,3.9645886290803185,3.017432303530166,414.45531512136245
0.9263250001299265,0.0,0.0,0.0,-0.5178077682961937,0.2697152282132191,3.9646629476221222,3.0174123035301657,414.52514041285986
0.9263025166379721,0.0,0.0,0.0,-0.5173868808482676,0.2703081535166519,3.964737272510958,3.0173923035301655,414.59496915115244
0.9262800223742038,0.0,0.0,0.0,-0.5169661044624907,0.270898996359526,3.9648116037473216,3.0173723035301654,414.6648013412495
0.9262575173260141,0.0,0.0,0.0,-0.5165454389884385,0.2714877710765434,3.96488594133159,3.0173523035301653,414.7346369882847
0.9262350014807919,0.0,0.0,0.0,-0.5161248842759903,0.27207449182954313,3.964960285264192,3.017332303530165,414.80447609733653
0.9262124748258901,0.0,0.0,0.0,-0.5157044401747796,0.2726591726111363,3.96503463554555,3.0173123035301646,414.87431867349005
0.926189937348639,0.0,0.0,0.0,-0.5152841065344227,0.27324182724727425,3.965108992176075,3.017292303530165,414.94416472190676
0.9261673890363512,0.0,0.0,0.0,-0.514863883204606,0.27382246939995086,3.965183355156198,3.0172723035301647,415.01401424761707
0.9261448298763041,0.0,0.0,0.0,-0.5144437700347864,0.2744011125703217,3.9652577244863307,3.0172523035301646,415.0838672557205
0.9261222598557582,0.0,0.0,0.0,-0.514023766874511,0.27497777010098623,3.9653321001668886,3.017232303530164,415.1537237513294
0.9260996789619481,0.0,0.0,0.0,-0.5136038735732468,0.27555245517883575,3.965406482198303,3.0172123035301643,415.2235837395258
0.9260770871820739,0.0,0.0,0.0,-0.5131840899802589,0.2761251808377707,3.9654808705809694,3.0171923035301638,415.2934472254078
0.9260544845033225,0.0,0.0,0.0,-0.5127644159449505,0.27669595996079865,3.9655552653153303,3.017172303530163,415.36331421408477
0.9260318709128537,0.0,0.0,0.0,-0.5123448513166504,0.2772648052827548,3.965629666401787,3.017152303530164,415.4331847105914
0.9260092463977929,0.0,0.0,0.0,-0.5119253959444646,0.27783172939291345,3.965704073840765,3.017132303530164,415.50305872005663
0.9259866109452538,0.0,0.0,0.0,-0.5115060496776829,0.27839674473683107,3.965778487632694,3.0171123035301632,415.5729362475927
0.9259639645423128,0.0,0.0,0.0,-0.5110868123653372,0.2789598636192036,3.9658529077779736,3.017092303530164,415.64281729823415
0.9259413071760271,0.0,0.0,0.0,-0.5106676838565104,0.2795210982057623,3.965927334277028,3.0170723035301634,415.7127018771098
0.9259186388334247,0.0,0.0,0.0,-0.510248664000169,0.2800804605256837,3.9660017671302645,3.0170523035301633,415.7825899893139
0.9258959595015136,0.0,0.0,0.0,-0.5098297526453051,0.28063796247360195,3.9660762063381276,3.0170323035301627,415.85248163988456
0.9258732691672737,0.0,0.0,0.0,-0.5094109496408298,0.2811936158118489,3.966150651901019,3.0170123035301626,415.92237683394694
0.9258505678176538,0.0,0.0,0.0,-0.5089922548354986,0.28174743217263626,3.966225103819346,3.016992303530163,415.9922755765673
0.9258278554395857,0.0,0.0,0.0,-0.5085736680781566,0.28229942305980876,3.9662995620935444,3.0169723035301628,416.0621778728636
0.9258051320199644,0.0,0.0,0.0,-0.5081551892174093,0.28284959985122365,3.966374026724015,3.016952303530162,416.13208372790575
0.9257823975456755,0.0,0.0,0.0,-0.5077368181020828,0.28339797380017223,3.9664484977111893,3.0169323035301634,416.20199314671197
0.9257596520035567,0.0,0.0,0.0,-0.5073185545805735,0.2839445560380736,3.9665229750554696,3.0169123035301624,416.271906134495
0.9257368953804431,0.0,0.0,0.0,-0.5069003985016148,0.2844893575754436,3.966597458757295,3.016892303530162,416.3418226962125
0.9257141276631211,0.0,0.0,0.0,-0.5064823497135009,0.2850323893046563,3.966671948817058,3.016872303530162,416.4117428369983
0.9256913488383708,0.0,0.0,0.0,-0.506064408064806,0.28557366200090983,3.9667464452351875,3.016852303530162,416.4816665619592
0.9256685588929292,0.0,0.0,0.0,-0.5056465734037546,0.28611318632474064,3.9668209480120935,3.0168323035301614,416.55159387615413
0.9256457578135234,0.0,0.0,0.0,-0.5052288455787843,0.28665097282309887,3.966895457148216,3.0168123035301613,416.62152478463327
0.9256229455868386,0.0,0.0,0.0,-0.504811224438028,0.2871870319316483,3.966969972643935,3.016792303530161,416.6914592925268
0.9256001221995409,0.0,0.0,0.0,-0.5043937098296696,0.28772137397604264,3.9670444944996808,3.0167723035301615,416.76139740488736
0.9255772876382705,0.0,0.0,0.0,-0.5039763016018329,0.2882540091736874,3.967119022715889,3.0167523035301618,416.83133912675873
0.9255544418896411,0.0,0.0,0.0,-0.5035589996026,0.2887849476353127,3.9671935572929637,3.0167323035301608,416.9012844632779
0.9255315849402322,0.0,0.0,0.0,-0.5031418036798632,0.28931419936672975,3.967268098231299,3.016712303530161,416.97123341950646
0.9255087167766083,0.0,0.0,0.0,-0.5027247136816392,0.2898417742700241,3.9673426455313314,3.0166923035301605,417.0411860005163
0.925485837385298,0.0,0.0,0.0,-0.5023077294557259,0.2903676821454607,3.9674171991934863,3.016672303530161,417.1111422113073
0.9254629467528018,0.0,0.0,0.0,-0.5018908508498597,0.2908919326927817,3.9674917592181558,3.0166523035301607,417.1811020571148
0.925440044865609,0.0,0.0,0.0,-0.5014740777119608,0.2914145355124004,3.9675663256057727,3.0166323035301605,417.2510655428765
0.9254171317101584,0.0,0.0,0.0,-0.5010574098894891,0.2919355001075697,3.9676408983567493,3.016612303530161,417.3210326737185
0.9253942072728758,0.0,0.0,0.0,-0.5006408472300963,0.292454835885028,3.9677154774714856,3.0165923035301607,417.391003454713
0.9253712715401571,0.0,0.0,0.0,-0.5002243895812971,0.2929725521567796,3.96779006295042,3.01657230353016,417.460977890898
0.9253483244983722,0.0,0.0,0.0,-0.49980803679059205,0.2934886581412833,3.9678646547939445,3.01655230353016,417.5309559874239
0.9253253661338661,0.0,0.0,0.0,-0.49939178870542755,0.294003162964852,3.9679392530025024,3.01653230353016,417.60093774926725
0.9253023964329423,0.0,0.0,0.0,-0.4989756451729696,0.29451607566318955,3.9680138575764783,3.0165123035301593,417.6709231815513
0.9252794153818941,0.0,0.0,0.0,-0.49855960604059557,0.29502740518213816,3.9680884685163087,3.016492303530159,417.7409122893588
0.925256422966979,0.0,0.0,0.0,-0.4981436711554876,0.2955371603793795,3.968163085822395,3.0164723035301595,417.81090507768647
0.9252334191744248,0.0,0.0,0.0,-0.4977278403647147,0.29604535002558874,3.9682377094951677,3.0164523035301594,417.88090155167686
0.9252104039904339,0.0,0.0,0.0,-0.4973121135153286,0.2965519828055254,3.9683123395350157,3.0164323035301597,417.95090171639254
0.9251873774011851,0.0,0.0,0.0,-0.4968964904543731,0.2970570673192334,3.9683869759423813,3.0164123035301595,418.02090557685233
0.9251643393928175,0.0,0.0,0.0,-0.4964809710286339,0.29756061208346973,3.9684616187176562,3.016392303530159,418.09091313816384
0.9251412899514551,0.0,0.0,0.0,-0.4960655550850347,0.29806262553242613,3.9685362678612632,3.0163723035301593,418.16092440536704
0.9251182290631882,0.0,0.0,0.0,-0.49565024247034506,0.29856311601917834,3.9686109233736153,3.0163523035301596,418.23093938354725
0.9250951567140755,0.0,0.0,0.0,-0.49523503303119226,0.2990620918167804,3.9686855852551304,3.0163323035301586,418.30095807777855
0.9250720728901564,0.0,0.0,0.0,-0.49481992661429697,0.2995595611190886,3.9687602535062196,3.0163123035301584,418.3709804930902
0.9250489775774302,0.0,0.0,0.0,-0.4944049230661007,0.30005553204225044,3.9688349281272948,3.0162923035301583,418.44100663455936
0.9250258707618801,0.0,0.0,0.0,-0.49399002223318733,0.3005500126252833,3.9689096091187674,3.016272303530158,418.5110365072602
0.925002752429447,0.0,0.0,0.0,-0.4935752239618205,0.3010430108316263,3.9689842964810564,3.016252303530158,418.58107011624327
0.9249796225660581,0.0,0.0,0.0,-0.49316052809846234,0.30153453454957324,3.9690589902145748,3.016232303530158,418.6511074665585
0.9249564811576018,0.0,0.0,0.0,-0.49274593448930626,0.3020245915937925,3.969133690319745,3.016212303530158,418.72114856328506
0.9249333281899331,0.0,0.0,0.0,-0.4923314429804229,0.3025131897061299,3.9692083967969505,3.016192303530158,418.7911934114827
0.9249101636488988,0.0,0.0,0.0,-0.4919170534181287,0.3030003365561982,3.969283109646634,3.0161723035301575,418.861242016195
0.9248869875202915,0.0,0.0,0.0,-0.4915027656482522,0.3034860397430951,3.969357828869191,3.016152303530157,418.93129438247934
0.9248637997898924,0.0,0.0,0.0,-0.49108857951684043,0.3039703067955803,3.9694325544650364,3.0161323035301573,419.001350515451
0.9248406004434455,0.0,0.0,0.0,-0.4906744948697215,0.3044531451734653,3.9695072864345886,3.0161123035301576,419.0714104200814
0.9248173894666689,0.0,0.0,0.0,-0.49026051155270545,0.30493456226829213,3.969582024778269,3.016092303530157,419.1414741014497
0.9247941668452495,0.0,0.0,0.0,-0.48984662941150164,0.30541456540429535,3.96965676949647,3.016072303530158,419.211541564664
0.924770932564845,0.0,0.0,0.0,-0.48943284829173356,0.3058931618392779,3.9697315205896064,3.016052303530157,419.28161281474854
0.9247476866110826,0.0,0.0,0.0,-0.48901916803892637,0.306370358765465,3.9698062780580985,3.016032303530157,419.35168785671954
0.924724428969565,0.0,0.0,0.0,-0.48860558849861263,0.3068461633102336,3.969881041902359,3.0160123035301565,419.42176669571006
0.9247011596258607,0.0,0.0,0.0,-0.4881921095161739,0.30732058253710953,3.969955812122802,3.0159923035301563,419.4918493366863
0.9246778785655098,0.0,0.0,0.0,-0.48777873093692903,0.30779362344648115,3.970030588719831,3.0159723035301567,419.5619357847396
0.9246545857740203,0.0,0.0,0.0,-0.48736545260607905,0.3082652929764681,3.970105371693858,3.015952303530157,419.6320260449428
0.9246312812368732,0.0,0.0,0.0,-0.4869522743687882,0.3087355980036144,3.9701801610452976,3.0159323035301564,419.7021201223072
0.9246079649395167,0.0,0.0,0.0,-0.48653919607009566,0.3092045453437529,3.970254956774561,3.015912303530156,419.77221802194094
0.9245846368673737,0.0,0.0,0.0,-0.48612621755503443,0.3096721417526482,3.970329758882056,3.0158923035301566,419.8423197488279
0.924561297005834,0.0,0.0,0.0,-0.4857133386685068,0.31013839392687764,3.970404567368211,3.015872303530155,419.91242530806346
0.9245379453402541,0.0,0.0,0.0,-0.48530055925528154,0.3106033085045524,3.9704793822334103,3.015852303530156,419.98253470464977
0.9245145818559615,0.0,0.0,0.0,-0.484887879160066,0.31106689206599164,3.970554203478076,3.0158323035301544,420.05264794370544
0.9244912065382652,0.0,0.0,0.0,-0.48447529822767965,0.3115291511342428,3.970629031102627,3.015812303530155,420.1227650302087
0.9244678193724244,0.0,0.0,0.0,-0.48406281630253023,0.31199009217632667,3.9707038651074784,3.015792303530155,420.1928859692564
0.9244444203436759,0.0,0.0,0.0,-0.4836504332290907,0.31244972160343043,3.970778705493022,3.015772303530154,420.2630107658408
0.9244210094372347,0.0,0.0,0.0,-0.4832381488518837,0.31290804577161563,3.97085355225968,3.0157523035301543,420.33313942505515
0.9243975866382678,0.0,0.0,0.0,-0.48282596301506614,0.3133650709828992,3.970928405407842,3.015732303530155,420.4032719519223
0.9243741519319222,0.0,0.0,0.0,-0.48241387556288023,0.31382080348546576,3.971003264937939,3.015712303530155,420.4734083515002
0.9243507053033185,0.0,0.0,0.0,-0.4820018863395572,0.31427524947440477,3.9710781308503935,3.0156923035301544,420.5435486288103
0.9243272467375365,0.0,0.0,0.0,-0.48158999518908896,0.31472841509257243,3.971153003145597,3.0156723035301543,420.61369278890606
0.9243037762196238,0.0,0.0,0.0,-0.4811782019553491,0.31518030643111067,3.971227881823958,3.015652303530154,420.68384083685396
0.9242802937346029,0.0,0.0,0.0,-0.4807665064822363,0.31563092952991123,3.9713027668858722,3.0156323035301544,420.7539927776554
0.924256799267469,0.0,0.0,0.0,-0.48035490861360414,0.3160802903783141,3.9713776583317952,3.0156123035301534,420.8241486163789
0.9242332928031783,0.0,0.0,0.0,-0.47994340819311493,0.3165283949158165,3.971452556162103,3.015592303530154,420.89430835802693
0.9242097743266535,0.0,0.0,0.0,-0.47953200506429056,0.31697524903264646,3.97152746037721,3.015572303530154,420.9644720076751
0.9241862438227928,0.0,0.0,0.0,-0.47912069907068844,0.31742085857015145,3.971602370977531,3.015552303530153,421.03463957035467
0.9241627012764548,0.0,0.0,0.0,-0.4787094900556435,0.31786522932162636,3.971677287963458,3.015532303530153,421.10481105113286
0.9241391466724754,0.0,0.0,0.0,-0.4782983778625364,0.3183083670326234,3.9717522113354184,3.015512303530153,421.174986454973
0.9241155799956545,0.0,0.0,0.0,-0.47788736233459633,0.31875027740168993,3.971827141093826,3.0154923035301526,421.24516578696216
0.924092001230758,0.0,0.0,0.0,-0.4774764433149273,0.3191909660808876,3.971902077239071,3.015472303530153,421.31534905213607
0.9240684103625197,0.0,0.0,0.0,-0.4770656206465322,0.31963043867631935,3.9719770197715825,3.015452303530153,421.3855362554999
0.9240448073756451,0.0,0.0,0.0,-0.4766548941723952,0.3200687007485582,3.97205196869174,3.0154323035301522,421.4557274021415
0.9240211922548041,0.0,0.0,0.0,-0.4762442637353323,0.32050575781334395,3.9721269239999737,3.015412303530152,421.52592249705106
0.9239975649846371,0.0,0.0,0.0,-0.4758337291781271,0.32094161534193594,3.972201885696688,3.0153923035301524,421.5961215452685
0.923973925549749,0.0,0.0,0.0,-0.47542329034339903,0.3213762787617733,3.9722768537822977,3.0153723035301523,421.6663245518379
0.9239502739347143,0.0,0.0,0.0,-0.4750129470737267,0.3218097534568288,3.972351828257203,3.015352303530152,421.7365315217562
0.9239266101240688,0.0,0.0,0.0,-0.47460269921147635,0.3222420447682893,3.972426809121814,3.015332303530152,421.806742460107
0.9239029341023312,0.0,0.0,0.0,-0.4741925465991841,0.32267315799465657,3.9725017963765366,3.0153123035301523,421.876957371872
0.9238792458539662,0.0,0.0,0.0,-0.4737824890789352,0.3231030983928309,3.9725767900217743,3.0152923035301513,421.9471762621537
0.9238555453634236,0.0,0.0,0.0,-0.4733725264930038,0.32353187117796517,3.9726517900579466,3.0152723035301525,422.0173991358839
0.9238318326151086,0.0,0.0,0.0,-0.47296265868338866,0.32395948152437065,3.9727267964854605,3.0152523035301515,422.0876259981783
0.9238081075933992,0.0,0.0,0.0,-0.472552885492079,0.32438593456571624,3.972801809304709,3.0152323035301514,422.1578568539917
0.9237843702826393,0.0,0.0,0.0,-0.47214320676094856,0.3248112353955934,3.9728768285161142,3.0152123035301512,422.2280917083847
0.9237606206671327,0.0,0.0,0.0,-0.47173362233166294,0.325235389068033,3.972951854120074,3.0151923035301507,422.2983305664136
0.9237368587311654,0.0,0.0,0.0,-0.4713241320460378,0.3256584005976098,3.9730268861169975,3.0151723035301514,422.3685734330596
0.9237130844589736,0.0,0.0,0.0,-0.4709147357455165,0.3260802749603739,3.9731019245073034,3.0151523035301504,422.43882031337455
0.9236892978347665,0.0,0.0,0.0,-0.4705054332715652,0.3265010170938822,3.9731769692913725,3.0151323035301507,422.50907121237606
0.9236654988427205,0.0,0.0,0.0,-0.4700962244655313,0.32692063189778336,3.973252020469651,3.0151123035301506,422.57932613504795
0.9236416874669742,0.0,0.0,0.0,-0.469687109168632,0.3273391242341995,3.9733270780424994,3.01509230353015,422.649585086496
0.9236178636916413,0.0,0.0,0.0,-0.46927808722209197,0.32775649892804887,3.973402142010363,3.01507230353015,422.7198480716745
0.9235940275007909,0.0,0.0,0.0,-0.4688691584668785,0.32817276076765856,3.973477212373628,3.0150523035301497,422.79011509561064
0.9235701788784634,0.0,0.0,0.0,-0.46846032274393806,0.328587914504961,3.9735522891326998,3.01503230353015,422.86038616334656
0.9235463178086648,0.0,0.0,0.0,-0.46805157989409923,0.3290019648559692,3.9736273722880093,3.01501230353015,422.93066127989835
0.9235224442753628,0.0,0.0,0.0,-0.4676429297580381,0.3294149165011807,3.973702461839926,3.0149923035301502,423.0009404502845
0.9234985582624959,0.0,0.0,0.0,-0.4672343721763913,0.3298267740858764,3.9737775577888765,3.0149723035301492,423.07122367950797
0.9234746597539621,0.0,0.0,0.0,-0.46682590698959864,0.33023754222061796,3.973852660135257,3.014952303530149,423.1415109726313
0.923450748733633,0.0,0.0,0.0,-0.46641753403811825,0.33064722548143305,3.973927768879482,3.0149323035301494,423.2118023346517
0.923426825185344,0.0,0.0,0.0,-0.4660092531622803,0.3310558284103105,3.974002884021976,3.0149123035301493,423.28209777052643
0.9234028890928818,0.0,0.0,0.0,-0.46560106420208974,0.3314633555157212,3.9740780055630935,3.0148923035301496,423.35239728536123
0.9233789404400162,0.0,0.0,0.0,-0.46519296699771817,0.3318698112725589,3.974153133503283,3.01487230353015,423.4227008841184
0.923354979210473,0.0,0.0,0.0,-0.4647849613890864,0.332275200122841,3.9742282678429444,3.0148523035301484,423.4930085718337
0.9233310053879468,0.0,0.0,0.0,-0.4643770472160745,0.33267952647586163,3.9743034085824687,3.014832303530149,423.5633203535099
0.9233070189560896,0.0,0.0,0.0,-0.4639692243183259,0.3330827947087312,3.9743785557222733,3.0148123035301486,423.6336362341709
0.9232830198985247,0.0,0.0,0.0,-0.46356149253548445,0.3334850091664735,3.9744537092627517,3.0147923035301485,423.70395621880266
0.9232590081988383,0.0,0.0,0.0,-0.4631538517070528,0.3338861741624946,3.9745288692043097,3.0147723035301492,423.77428031245734
0.9232349838405779,0.0,0.0,0.0,-0.4627463016723643,0.3342862939789385,3.9746040355473515,3.0147523035301487,423.84460852012944
0.9232109468072628,0.0,0.0,0.0,-0.4623388422707584,0.33468537286684413,3.9746792082923044,3.0147323035301477,423.9149408468113
0.9231868970823677,0.0,0.0,0.0,-0.46193147334133183,0.33508341504667943,3.9747543874395435,3.0147123035301475,423.9852772975536
0.9231628346493382,0.0,0.0,0.0,-0.4615241947231636,0.33548042470846945,3.9748295729894894,3.0146923035301474,424.05561787731153
0.9231387594915786,0.0,0.0,0.0,-0.4611170062551358,0.3358764060122523,3.974904764942532,3.0146723035301477,424.12596259114
0.9231146715924612,0.0,0.0,0.0,-0.4607099077760737,0.33627136308826633,3.974979963299089,3.0146523035301476,424.19631144404195
0.9230905709353168,0.0,0.0,0.0,-0.4603028991246107,0.3366653000373667,3.9750551680595643,3.0146323035301474,424.2666644409943
0.9230664575034458,0.0,0.0,0.0,-0.45989598013935046,0.3370582209311807,3.975130379224358,3.0146123035301473,424.3370215870152
0.9230423312801135,0.0,0.0,0.0,-0.4594891506588052,0.3374501298124509,3.975205596793874,3.014592303530147,424.40738288714283
0.9230181922485343,0.0,0.0,0.0,-0.4590824105211372,0.33784103069555793,3.9752808207685035,3.0145723035301466,424.47774834633356
0.9229940403919061,0.0,0.0,0.0,-0.45867575956470585,0.33823092756632595,3.9753560511486774,3.014552303530147,424.54811796961496
0.9229698756933724,0.0,0.0,0.0,-0.458269197627474,0.3386198243828153,3.975431287934782,3.0145323035301463,424.6184917620134
0.9229456981360548,0.0,0.0,0.0,-0.45786272454752885,0.33900772507515087,3.975506531127222,3.014512303530146,424.68886972847815
0.9229215077030187,0.0,0.0,0.0,-0.4574563401625232,0.3393946335462856,3.9755817807263876,3.014492303530146,424.75925187405824
0.9228973043773182,0.0,0.0,0.0,-0.45705004431039553,0.33978055367164467,3.9756570367327115,3.0144723035301464,424.8296382037404
0.9228730881419435,0.0,0.0,0.0,-0.45664383682855003,0.3401654893000954,3.975732299146559,3.0144523035301463,424.9000287225317
0.9228488589798697,0.0,0.0,0.0,-0.4562377175546049,0.34054944425358075,3.9758075679683693,3.014432303530146,424.9704234354217
0.9228246168740181,0.0,0.0,0.0,-0.45583168632580495,0.3409324223278687,3.9758828431985327,3.0144123035301456,425.0408223473938
0.9228003618072775,0.0,0.0,0.0,-0.45542574297935773,0.34131442729252337,3.9759581248374345,3.014392303530146,425.1112254634911
0.9227760937625074,0.0,0.0,0.0,-0.45501988735246046,0.3416954628911535,3.9760334128855055,3.0143723035301457,425.181632788668
0.9227518127225153,0.0,0.0,0.0,-0.454614119281977,0.3420755328419125,3.976108707343127,3.0143523035301465,425.252044327961
0.9227275186700765,0.0,0.0,0.0,-0.4542084386047286,0.3424546408375177,3.9761840082107027,3.0143323035301455,425.32246008635514
0.9227032115879364,0.0,0.0,0.0,-0.45380284515753605,0.3428327905454531,3.9762593154886514,3.0143123035301453,425.39288006881645
0.9226788914587878,0.0,0.0,0.0,-0.45339733877686617,0.343209985608504,3.97633462917735,3.014292303530145,425.46330428036333
0.9226545582653004,0.0,0.0,0.0,-0.4529919192992969,0.3435862296446155,3.976409949277231,3.0142723035301455,425.5337327260023
0.9226302119900825,0.0,0.0,0.0,-0.4525865865609225,0.3439615262476102,3.9764852757886513,3.0142523035301454,425.60416541070924
0.9226058526157369,0.0,0.0,0.0,-0.4521813403982052,0.34433587898673057,3.9765606087120666,3.014232303530145,425.67460233946815
0.9225814801247998,0.0,0.0,0.0,-0.4517761806470636,0.34470929140760354,3.97663594804785,3.0142123035301447,425.7450435173048
0.9225570944997766,0.0,0.0,0.0,-0.45137110714339995,0.3450817670320439,3.976711293796395,3.014192303530144,425.8154889491947
0.922532695723136,0.0,0.0,0.0,-0.4509661197230086,0.34545330935835405,3.9767866459581143,3.014172303530144,425.88593864010454
0.9225082837773116,0.0,0.0,0.0,-0.45056121822163364,0.3458239218614877,3.976862004533401,3.014152303530145,425.9563925950771
0.9224838586446857,0.0,0.0,0.0,-0.4501564024746782,0.3461936079935208,3.9769373695226613,3.0141323035301433,426.02685081909067
0.9224594203076177,0.0,0.0,0.0,-0.4497516723176661,0.34656237118347877,3.9770127409263107,3.0141123035301436,426.09731331706496
0.9224349687484172,0.0,0.0,0.0,-0.44934702758583384,0.34693021483788505,3.977088118744747,3.0140923035301435,426.1677800940448
0.9224105039493421,0.0,0.0,0.0,-0.448942468114105,0.3472971423409808,3.977163502978314,3.014072303530144,426.2382511550753
0.9223860258926411,0.0,0.0,0.0,-0.44853799373770337,0.3476631570544714,3.9772388936274954,3.0140523035301436,426.30872650500135
0.922361534560497,0.0,0.0,0.0,-0.4481336042913431,0.3480282623183411,3.9773142906926457,3.0140323035301435,426.3792061489387
0.9223370299350637,0.0,0.0,0.0,-0.44772929960976354,0.34839246145065084,3.977389694174169,3.0140123035301434,426.44969009181716
0.9223125119984558,0.0,0.0,0.0,-0.4473250795275625,0.3487557577478727,3.9774651040724813,3.013992303530143,426.5201783386
0.9222879807327395,0.0,0.0,0.0,-0.4469209438790928,0.3491181544851562,3.977540520387958,3.013972303530143,426.59067089430664
0.9222634361199495,0.0,0.0,0.0,-0.44651689249869064,0.3494796549163551,3.977615943121005,3.0139523035301434,426.6611677639369
0.9222388781420773,0.0,0.0,0.0,-0.44611292522049856,0.3498402622743627,3.9776913722720497,3.0139323035301433,426.7316689524191
0.922214306781073,0.0,0.0,0.0,-0.44570904187852917,0.350199979771235,3.9777668078414754,3.013912303530142,426.80217446478287
0.9221897220188431,0.0,0.0,0.0,-0.4453052423065953,0.350558810598446,3.9778422498296577,3.013892303530143,426.87268430600113
0.9221651238372588,0.0,0.0,0.0,-0.4449015263384465,0.3509167579269758,3.977917698237026,3.013872303530142,426.94319848101145
0.9221405122181466,0.0,0.0,0.0,-0.4444978938076407,0.3512738249075749,3.977993153063965,3.013852303530142,427.0137169948814
0.9221158871432925,0.0,0.0,0.0,-0.4440943445475915,0.35163001467092486,3.97806861431087,3.0138323035301426,427.0842398524902
0.9220912485944471,0.0,0.0,0.0,-0.4436908783916637,0.35198533032774004,3.9781440819781637,3.0138123035301425,427.15476705888295
0.9220665965533092,0.0,0.0,0.0,-0.4432874951729136,0.35233977496914043,3.9782195560662186,3.0137923035301415,427.22529861901194
0.9220419310015433,0.0,0.0,0.0,-0.4428841947243561,0.3526933516666296,3.978295036575453,3.013772303530142,427.2958345378603
0.922017251920768,0.0,0.0,0.0,-0.44248097687880145,0.3530460634723871,3.978370523506248,3.013752303530142,427.3663748204061
0.9219925592925677,0.0,0.0,0.0,-0.44207784146902335,0.35339791341931404,3.978446016859016,3.013732303530141,427.436919471638
0.9219678530984774,0.0,0.0,0.0,-0.4416747883275263,0.35374890452138136,3.9785215166341508,3.0137123035301414,427.5074684964741
0.921943133319988,0.0,0.0,0.0,-0.4412718172866432,0.35409903977372187,3.9785970228320426,3.0136923035301413,427.5780218999546
0.9219183999385597,0.0,0.0,0.0,-0.4408689281787239,0.3544483221526486,3.978672535453102,3.013672303530142,427.6485796870361
0.9218936529355981,0.0,0.0,0.0,-0.4404661208357813,0.3547967546160975,3.978748054497721,3.0136523035301415,427.71914186266577
0.9218688922924754,0.0,0.0,0.0,-0.4400633950898097,0.35514434010353685,3.9788235799663108,3.013632303530141,427.7897084318316
0.9218441179905136,0.0,0.0,0.0,-0.43966075077254985,0.3554910815363046,3.9788991118592407,3.0136123035301408,427.86027939953453
0.9218193300109989,0.0,0.0,0.0,-0.4392581877156746,0.3558369818176378,3.9789746501769256,3.0135923035301406,427.93085477070804
0.921794528335173,0.0,0.0,0.0,-0.4388557057506842,0.3561820438328998,3.9790501949197745,3.013572303530141,428.0014345503124
0.9217697129442285,0.0,0.0,0.0,-0.4384533047088361,0.3565262704497869,3.9791257460881657,3.01355230353014,428.07201874334146
0.9217448838193238,0.0,0.0,0.0,-0.4380509844213608,0.356869664518319,3.9792013036825082,3.01353230353014,428.1426073547616
0.9217200409415665,0.0,0.0,0.0,-0.43764874471922044,0.35721222887117576,3.9792768677031876,3.0135123035301397,428.21320038954605
0.9216951842920263,0.0,0.0,0.0,-0.43724658543331224,0.35755396632368625,3.9793524381505976,3.01349230353014,428.28379785265804
0.92167031385173,0.0,0.0,0.0,-0.4368445063943579,0.3578948796740743,3.9794280150251624,3.01347230353014,428.35439974902954
0.9216454296016523,0.0,0.0,0.0,-0.43644250743281954,0.35823497170364554,3.9795035983272546,3.0134523035301397,428.4250060836854
0.921620531522734,0.0,0.0,0.0,-0.43604058837913956,0.35857424517676906,3.979579188057283,3.013432303530139,428.4956168615437
0.9215956195958649,0.0,0.0,0.0,-0.43563874906349687,0.35891270284119353,3.9796547842156285,3.013412303530139,428.5662320876038
0.9215706938018982,0.0,0.0,0.0,-0.43523698931601673,0.3592503474280385,3.979730386802701,3.013392303530139,428.6368517667927
0.9215457541216344,0.0,0.0,0.0,-0.4348353089665378,0.3595871816521027,3.9798059958188947,3.0133723035301387,428.7074759040938
0.9215208005358333,0.0,0.0,0.0,-0.43443370784479274,0.3599232082118659,3.9798816112646014,3.013352303530139,428.77810450447157
0.9214958330252103,0.0,0.0,0.0,-0.43403218578034747,0.36025842978968015,3.9799572331402278,3.0133323035301385,428.84873757288676
0.9214708515704398,0.0,0.0,0.0,-0.4336307426026672,0.36059284905183686,3.9800328614461593,3.0133123035301397,428.9193751142933
0.9214458561521462,0.0,0.0,0.0,-0.43322937814096973,0.36092646864883127,3.9801084961827957,3.013292303530139,428.990017133646
0.9214208467509064,0.0,0.0,0.0,-0.43282809222426427,0.36125929121545225,3.9801841373505304,3.0132723035301385,429.06066363591685
0.9213958233472626,0.0,0.0,0.0,-0.43242688468155693,0.3615913193707592,3.980259784949763,3.0132523035301384,429.13131462605395
0.9213707859216983,0.0,0.0,0.0,-0.432025755341484,0.3619225557184906,3.980335438980873,3.0132323035301383,429.2019701090304
0.9213457344546648,0.0,0.0,0.0,-0.4316247040327051,0.3622530028468978,3.980411099444283,3.0132123035301377,429.27263008978366
0.921320668926558,0.0,0.0,0.0,-0.43122373058356595,0.36258266332911293,3.980486766340368,3.0131923035301384,429.3432945732835
0.9212955893177385,0.0,0.0,0.0,-0.43082283482240674,0.36291153972306095,3.980562439669533,3.013172303530138,429.4139635644781
0.9212704956085047,0.0,0.0,0.0,-0.4304220165771406,0.3632396345718783,3.9806381194321587,3.0131523035301377,429.48463706832604
0.921245387779124,0.0,0.0,0.0,-0.4300212756757314,0.36356695040369696,3.9807138056286604,3.013132303530137,429.5553150897706
0.9212202658098176,0.0,0.0,0.0,-0.4296206119459843,0.3638934897319074,3.98078949825943,3.0131123035301375,429.6259976337891
0.921195129680744,0.0,0.0,0.0,-0.4292200252152804,0.36421925505547614,3.9808651973248357,3.0130923035301365,429.69668470532054
0.9211699793720355,0.0,0.0,0.0,-0.4288195153111184,0.3645442488586772,3.9809409028253007,3.013072303530138,429.7673763093112
0.921144814863761,0.0,0.0,0.0,-0.4284190820605821,0.36486847361158575,3.981016614761212,3.0130523035301366,429.8380724507259
0.9211196361359604,0.0,0.0,0.0,-0.4280187252908516,0.3651919317698183,3.9810923331329464,3.0130323035301374,429.90877313450585
0.9210944431686069,0.0,0.0,0.0,-0.4276184448286136,0.3655146257750996,3.9811680579409305,3.013012303530137,429.9794783655915
0.9210692359416461,0.0,0.0,0.0,-0.4272182405006873,0.36583655805489024,3.9812437891855397,3.0129923035301367,430.0501881489314
0.921044014434954,0.0,0.0,0.0,-0.42681811213337467,0.36615773102298776,3.9813195268671535,3.0129723035301366,430.12090248952893
0.9210187786283855,0.0,0.0,0.0,-0.4264180595531821,0.3664781470791185,3.9813952709861993,3.0129523035301373,430.19162139223715
0.9209935285017212,0.0,0.0,0.0,-0.42601808258605367,0.3667978086095831,3.9814710215430305,3.0129323035301363,430.26234486207863
0.9209682640347192,0.0,0.0,0.0,-0.42561818105811494,0.3671167179868507,3.98154677853807,3.012912303530136,430.3330729039935
0.920942985207071,0.0,0.0,0.0,-0.4252183547950218,0.36743487757012216,3.9816225419717144,3.0128923035301365,430.4038055228656
0.9209176919984282,0.0,0.0,0.0,-0.4248186036224019,0.36775228970511253,3.9816983118443323,3.012872303530136,430.47454272369794
0.9208923843883936,0.0,0.0,0.0,-0.42441892736565334,0.36806895672432,3.9817740881563397,3.012852303530136,430.5452845114089
0.9208670623565206,0.0,0.0,0.0,-0.4240193258499984,0.3683848809470722,3.981849870908111,3.012832303530136,430.61603089097
0.9208417258823143,0.0,0.0,0.0,-0.4236197989004628,0.3687000646796592,3.9819256601000577,3.0128123035301355,430.6867818672872
0.9208163749452318,0.0,0.0,0.0,-0.4232203463419055,0.36901451021540205,3.9820014557325596,3.0127923035301354,430.75753744531687
0.9207910095246767,0.0,0.0,0.0,-0.42282096799892593,0.36932821983482295,3.982077257805997,3.0127723035301357,430.8282976300178
0.9207656296000097,0.0,0.0,0.0,-0.42242166369602496,0.3696411958056396,3.98215306632078,3.0127523035301347,430.899062426313
0.9207402351505501,0.0,0.0,0.0,-0.42202243325762345,0.3699534403828407,3.9822288812773206,3.0127323035301345,430.9698318391195
0.9207148261555456,0.0,0.0,0.0,-0.42162327650763415,0.3702649558090835,3.9823047026759775,3.0127123035301344,431.04060587341826
0.9206894025942097,0.0,0.0,0.0,-0.42122419327000893,0.3705757443144114,3.9823805305171356,3.0126923035301347,431.1113845341488
0.9206639644457087,0.0,0.0,0.0,-0.42082518336852265,0.3708858081165071,3.9824563648012195,3.0126723035301346,431.18216782619834
0.9206385116891499,0.0,0.0,0.0,-0.4204262466266352,0.37119514942087334,3.9825322055286136,3.012652303530134,431.2529557545312
0.9206130443035975,0.0,0.0,0.0,-0.42002738286772284,0.371503770420763,3.982608052699698,3.012632303530135,431.3237483240965
0.9205875622680602,0.0,0.0,0.0,-0.4196285919148813,0.37181167329741904,3.98268390631486,3.012612303530134,431.3945455398166
0.9205620655614981,0.0,0.0,0.0,-0.41922987359103253,0.37211886022008994,3.9827597663745005,3.012592303530133,431.46534740664265
0.9205365541628251,0.0,0.0,0.0,-0.4188312277189669,0.3724253333460853,3.982835632879009,3.012572303530134,431.53615392946847
0.9205110280509025,0.0,0.0,0.0,-0.41843265412125347,0.3727310948209337,3.9829115058287883,3.0125523035301334,431.60696511326967
0.9204854872045348,0.0,0.0,0.0,-0.41803415262017424,0.37303614677851205,3.9829873852242135,3.0125323035301337,431.67778096295046
0.9204599316024821,0.0,0.0,0.0,-0.4176357230379046,0.37334049134101555,3.983063271065685,3.0125123035301336,431.74860148344067
0.9204343612234502,0.0,0.0,0.0,-0.4172373651963892,0.373644130619121,3.983139163353577,3.0124923035301334,431.81942667971
0.9204087760460942,0.0,0.0,0.0,-0.41683907891736377,0.3739470667120696,3.983215062088287,3.0124723035301324,431.890256556651
0.9203831760490232,0.0,0.0,0.0,-0.41644086402244734,0.3742493017076838,3.983290967270221,3.012452303530133,431.96109111919884
0.9203575612107855,0.0,0.0,0.0,-0.41604272033292866,0.37455083768259545,3.983366878899758,3.0124323035301335,432.03193037227936
0.920331931509881,0.0,0.0,0.0,-0.4156446476699458,0.37485167670220754,3.983442796977283,3.0124123035301333,432.10277432083785
0.9203062869247614,0.0,0.0,0.0,-0.41524664585447424,0.3751518208207934,3.9835187215032115,3.0123923035301323,432.17362296976376
0.920280627433823,0.0,0.0,0.0,-0.41484871470726087,0.37545127208160606,3.983594652477892,3.0123723035301326,432.24447632404303
0.9202549530154048,0.0,0.0,0.0,-0.41445085404875126,0.3757500325170316,3.9836705899017453,3.0123523035301325,432.3153343885532
0.9202292636478031,0.0,0.0,0.0,-0.41405306369934236,0.37604810414847994,3.9837465337751476,3.0123323035301324,432.3861971682268
0.9202035593092569,0.0,0.0,0.0,-0.41365534347914645,0.37634548898663656,3.983822484098512,3.0123123035301314,432.457064667988
0.9201778399779499,0.0,0.0,0.0,-0.4132576932080495,0.37664218903148505,3.983898440872185,3.0122923035301317,432.5279368927886
0.9201521056320139,0.0,0.0,0.0,-0.4128601127057217,0.37693820627240343,3.9839744040965863,3.012272303530133,432.5988138475251
0.9201263562495269,0.0,0.0,0.0,-0.4124626017916326,0.37723354268820875,3.9840503737720963,3.012252303530132,432.6696955371202
0.9201005918085217,0.0,0.0,0.0,-0.4120651602851491,0.3775282002471808,3.98412634989912,3.0122323035301313,432.7405819664697
0.9200748122869635,0.0,0.0,0.0,-0.41166778800523524,0.3778221809073277,3.984202332478018,3.012212303530132,432.8114731405376
0.9200490176627747,0.0,0.0,0.0,-0.4112704847707832,0.37811548661625605,3.984278321509204,3.012192303530132,432.8823690642413
0.9200232079138171,0.0,0.0,0.0,-0.4108732504003947,0.3784081193113738,3.9843543169930524,3.012172303530131,432.9532697424647
0.9199973830179015,0.0,0.0,0.0,-0.41047608471249036,0.3787000809198997,3.9844303189299453,3.0121523035301307,433.0241751801897
0.9199715429527867,0.0,0.0,0.0,-0.410078987525307,0.3789913733589436,3.98450632732029,3.0121323035301315,433.09508538224134
0.9199456876961714,0.0,0.0,0.0,-0.40968195865678175,0.3792819985356454,3.984582342164477,3.0121123035301314,433.16600035360057
0.9199198172257004,0.0,0.0,0.0,-0.4092849979246644,0.3795719583471679,3.9846583634628643,3.0120923035301312,433.2369200991709
0.9198939315189709,0.0,0.0,0.0,-0.40888810514656687,0.37986125468075777,3.984734391215879,3.0120723035301316,433.30784462384236
0.9198680305535127,0.0,0.0,0.0,-0.408491280139719,0.38014988941394784,3.9848104254238756,3.01205230353013,433.37877393257054
0.9198421143068103,0.0,0.0,0.0,-0.40809452272126295,0.3804378644144545,3.9848864660872634,3.0120323035301304,433.44970803024523
0.9198161827562871,0.0,0.0,0.0,-0.4076978327080444,0.380725181540372,3.9849625132064155,3.0120123035301307,433.5206469217875
0.9197902358793167,0.0,0.0,0.0,-0.40730120991677377,0.3810118426401409,3.985038566781734,3.0119923035301293,433.5915906120998
0.9197642736532098,0.0,0.0,0.0,-0.4069046541638211,0.38129784955274487,3.9851146268135946,3.01197230353013,433.66253910608566
0.9197382960552244,0.0,0.0,0.0,-0.4065081652653964,0.3815832041076631,3.9851906933023846,3.01195230353013,433.73349240869686
0.9197123030625646,0.0,0.0,0.0,-0.4061117430375055,0.3818679081249646,3.9852667662484995,3.01193230353013,433.80445052479104
0.9196862946523704,0.0,0.0,0.0,-0.4057153872958203,0.38215196341545893,3.9853428456523257,3.0119123035301287,433.8754134593039
0.9196602708017351,0.0,0.0,0.0,-0.40531909785593206,0.3824353717805887,3.985418931514234,3.0118923035301295,433.9463812171514
0.9196342314876873,0.0,0.0,0.0,-0.40492287453308057,0.3827181350126859,3.98549502383463,3.0118723035301285,434.0173538032277
0.9196081766872057,0.0,0.0,0.0,-0.404526717142379,0.38300025489487466,3.9855711226138992,3.011852303530129,434.0883312224198
0.9195821063772004,0.0,0.0,0.0,-0.4041306254985523,0.3832817332013064,3.985647227852412,3.0118323035301295,434.15931347967125
0.9195560205345382,0.0,0.0,0.0,-0.4037345994162897,0.3835625716970044,3.985723339550577,3.0118123035301294,434.2303005798666
0.9195299191360138,0.0,0.0,0.0,-0.40333863870983855,0.38384277213817514,3.9857994577087683,3.011792303530129,434.3012925279228
0.9195038021583738,0.0,0.0,0.0,-0.40294274319336554,0.3841223362720375,3.9858755823273486,3.0117723035301287,434.3722893287418
0.9194776695783079,0.0,0.0,0.0,-0.40254691268078524,0.38440126583701395,3.985951713406756,3.0117523035301286,434.44329098718777
0.9194515213724386,0.0,0.0,0.0,-0.40215114698568283,0.38467956256280755,3.986027850947332,3.0117323035301284,434.51429750821535
0.9194253575173378,0.0,0.0,0.0,-0.4017554459214977,0.38495722817036937,3.9861039949494734,3.011712303530129,434.5853088967233
0.9193991779895166,0.0,0.0,0.0,-0.4013598093013964,0.3852342643720354,3.9861801454135883,3.0116923035301286,434.6563251575619
0.9193729827654207,0.0,0.0,0.0,-0.4009642369382238,0.3855106728715992,3.9862563023400353,3.011672303530128,434.72734629569516
0.9193467718214516,0.0,0.0,0.0,-0.40056872864479437,0.38578645536420414,3.986332465729211,3.011652303530128,434.7983723159672
0.9193205451339305,0.0,0.0,0.0,-0.40017328423337384,0.3860616135367161,3.9864086355814763,3.011632303530128,434.8694032233167
0.9192943026791464,0.0,0.0,0.0,-0.3997779035163663,0.38633614906736574,3.9864848118972644,3.0116123035301277,434.9404390226068
0.9192680444333027,0.0,0.0,0.0,-0.3993825863055781,0.3866100636262387,3.9865609946769363,3.0115923035301275,435.0114797187507
0.9192417703725558,0.0,0.0,0.0,-0.3989873324127488,0.38688335887501973,3.986637183920866,3.011572303530127,435.0825253166548
0.9192154804729962,0.0,0.0,0.0,-0.3985921416492835,0.3871560364672068,3.986713379629432,3.0115523035301277,435.153575821221
0.9191891747106598,0.0,0.0,0.0,-0.3981970138264205,0.38742809804807365,3.9867895818030465,3.0115323035301267,435.22463123732143
0.9191628530615209,0.0,0.0,0.0,-0.3978019487551377,0.3876995452547619,3.98686579044208,3.011512303530127,435.2956915698311
0.9191365155014891,0.0,0.0,0.0,-0.39740694624610295,0.3879703797163815,3.986942005546922,3.0114923035301278,435.36675682368275
0.9191101620064144,0.0,0.0,0.0,-0.39701200610975806,0.38824060305400565,3.987018227117943,3.0114723035301267,435.43782700377506
0.9190837925520884,0.0,0.0,0.0,-0.39661712815632616,0.3885102168807201,3.987094455155533,3.011452303530127,435.5089021149646
0.919057407114237,0.0,0.0,0.0,-0.39622231219571385,0.38877922280173827,3.9871706896600845,3.0114323035301256,435.57998216216254
0.9190310056685296,0.0,0.0,0.0,-0.39582755803764746,0.38904762241436475,3.9872469306319798,3.011412303530126,435.6510671502351
0.9190045881905694,0.0,0.0,0.0,-0.39543286549154555,0.3893154173081238,3.98732317807158,3.011392303530126,435.7221570841018
0.9189781546558977,0.0,0.0,0.0,-0.39503823436655155,0.389582609064803,3.9873994319793007,3.0113723035301256,435.7932519686393
0.9189517050399977,0.0,0.0,0.0,-0.3946436644716198,0.3898491992584342,3.9874756923555132,3.0113523035301264,435.864351808715
0.9189252393182824,0.0,0.0,0.0,-0.39424915561534324,0.390115189455456,3.9875519592005926,3.0113323035301263,435.93545660924826
0.918898757466109,0.0,0.0,0.0,-0.39385470760614427,0.39038058121465036,3.9876282325149264,3.011312303530126,436.0065663751202
0.9188722594587677,0.0,0.0,0.0,-0.39346032025212174,0.39064537608727945,3.987704512298898,3.0112923035301256,436.0776811111908
0.9188457452714902,0.0,0.0,0.0,-0.3930659933611854,0.3909095756170561,3.987780798552898,3.011272303530125,436.1488008223781
0.9188192148794366,0.0,0.0,0.0,-0.3926717267408589,0.39117318134030804,3.987857091277297,3.0112523035301253,436.21992551353753
0.9187926682577147,0.0,0.0,0.0,-0.39227752019856543,0.39143619478585456,3.987933390472482,3.0112323035301256,436.2910551895735
0.9187661053813583,0.0,0.0,0.0,-0.3918833735413145,0.3916986174752468,3.988009696138842,3.011212303530125,436.3621898553582
0.9187395262253368,0.0,0.0,0.0,-0.3914892865758438,0.3919604509227194,3.9880860082767455,3.011192303530125,436.4333295157595
0.9187129307645625,0.0,0.0,0.0,-0.39109525910872844,0.39222169663518014,3.9881623268865676,3.0111723035301243,436.5044741757042
0.9186863189738838,0.0,0.0,0.0,-0.3907012909462638,0.39248235611233007,3.988238651968735,3.0111523035301246,436.5756238400112
0.9186596908280715,0.0,0.0,0.0,-0.390307381894319,0.3927424308467772,3.9883149835235834,3.0111323035301245,436.64677851358056
0.9186330463018455,0.0,0.0,0.0,-0.3899135317586741,0.3930019223239018,3.9883913215515054,3.0111123035301244,436.71793820132257
0.9186063853698544,0.0,0.0,0.0,-0.38951974034475273,0.3932608320220511,3.9884676660528884,3.0110923035301247,436.7891029080902
0.9185797080066832,0.0,0.0,0.0,-0.38912600745771714,0.39351916141253307,3.9885440170281377,3.011072303530124,436.860272638741
0.9185530141868359,0.0,0.0,0.0,-0.3887323329022715,0.39377691195975345,3.988620374477564,3.0110523035301244,436.93144739820946
0.9185263038847813,0.0,0.0,0.0,-0.38833871648323226,0.39403408512096777,3.988696738401625,3.0110323035301234,437.00262719130444
0.9184995770749022,0.0,0.0,0.0,-0.38794515800488427,0.39429068234666,3.988773108800677,3.0110123035301237,437.0738120229091
0.9184728337315052,0.0,0.0,0.0,-0.3875516572710982,0.39454670508053424,3.9888494856750754,3.0109923035301236,437.14500189796695
0.9184460738288569,0.0,0.0,0.0,-0.38715821408581624,0.3948021547592805,3.988925869025238,3.0109723035301235,437.2161968212556
0.9184192973411347,0.0,0.0,0.0,-0.3867648282524053,0.3950570328129801,3.9890022588515204,3.0109523035301233,437.2873967977034
0.918392504242449,0.0,0.0,0.0,-0.38637149957394235,0.39531134066498613,3.9890786551542914,3.010932303530123,437.3586018321945
0.9183656945068661,0.0,0.0,0.0,-0.3859782278535392,0.39556507973178645,3.9891550579339694,3.0109123035301235,437.4298119295564
0.9183388681083549,0.0,0.0,0.0,-0.3855850128936155,0.3958182514234469,3.989231467190906,3.010892303530123,437.5010270946974
0.9183120250208411,0.0,0.0,0.0,-0.3851918544966335,0.3960708571432489,3.9893078829255133,3.0108723035301224,437.57224733243004
0.9182851652181627,0.0,0.0,0.0,-0.3847987524645152,0.39632289828803996,3.989384305138136,3.0108523035301222,437.6434726476864
0.9182582886740958,0.0,0.0,0.0,-0.3844057065989626,0.3965743762481128,3.989460733829157,3.0108323035301217,437.7147030453149
0.9182313953623576,0.0,0.0,0.0,-0.3840127167015297,0.3968252924071952,3.9895371689989743,3.0108123035301224,437.7859385301475
0.9182044852565809,0.0,0.0,0.0,-0.3836197825732587,0.39707564814269525,3.989613610647955,3.0107923035301223,437.85717910710434
0.9181775583303379,0.0,0.0,0.0,-0.3832269040150182,0.3973254448255478,3.9896900587764814,3.0107723035301217,437.92842478101556
0.9181506145571324,0.0,0.0,0.0,-0.3828340808273929,0.3975746838203188,3.989766513384936,3.010752303530122,437.9996755567546
0.9181236539103909,0.0,0.0,0.0,-0.38244131281056687,0.3978233664853066,3.9898429744736843,3.0107323035301214,438.0709314391851
0.9180966763634837,0.0,0.0,0.0,-0.38204859976460626,0.398071494172426,3.98991944204314,3.0107123035301218,438.14219243315915
0.9180696818896928,0.0,0.0,0.0,-0.38165594148904236,0.3983190682274688,3.989995916093644,3.010692303530121,438.213458543565
0.9180426704446454,0.0,0.0,0.0,-0.38126333756531516,0.39856609009856475,3.9900723965425264,3.010672303529835,438.2847298703963
0.9179885966388908,0.0,0.0,0.0,-0.38047829327692817,0.3990584819643871,3.9902253771353133,3.0106323035301226,438.4272876218581
0.9179344546777743,0.0,0.0,0.0,-0.3796934646342652,0.3995486806892092,3.990378383575364,3.0105923035301214,438.5698660118983
0.9178802443620824,0.0,0.0,0.0,-0.3789088502388702,0.40003669666091934,3.9905314159487184,3.010552303530122,438.71246498424296
0.9178259654738669,0.0,0.0,0.0,-0.37812444846957183,0.40052254028014134,3.9906844742584386,3.010512303530122,438.85508457772676
0.9177716177940112,0.0,0.0,0.0,-0.3773402577000971,0.4010062218528783,3.9908375585075366,3.010472303530123,438.9977248311584
0.9177172011022173,0.0,0.0,0.0,-0.37655627629895844,0.40148775159169026,3.9909906686990344,3.010432303530122,439.1403857834018
0.9176627151770174,0.0,0.0,0.0,-0.375772502629696,0.40196713961662606,3.991143804835924,3.0103923035301228,439.2830674732543
0.9176081597957494,0.0,0.0,0.0,-0.37498893505060266,0.4024443959564561,3.991296966921244,3.0103523035301225,439.4257699395131
0.917553534734563,0.0,0.0,0.0,-0.3742055719148971,0.4029195305496035,3.9914501549579953,3.010312303530123,439.5684932209755
0.9174988397683917,0.0,0.0,0.0,-0.373422411570401,0.40339255324536244,3.991603368949208,3.0102723035301233,439.7112373563724
0.9174440746709444,0.0,0.0,0.0,-0.3726394523595238,0.4038634738048939,3.991756608897849,3.010232303530124,439.85400238451393
0.917389239214723,0.0,0.0,0.0,-0.3718566926195602,0.4043323019020819,3.9919098748069506,3.0101923035301237,439.9967883441294
0.9173343331709835,0.0,0.0,0.0,-0.37107413068223793,0.4047990471247375,3.992063166679514,3.010152303530124,440.1395952739855
0.9172793563097416,0.0,0.0,0.0,-0.3702917648738912,0.40526371897546665,3.9922164845185377,3.0101123035301245,440.2824232127433
0.9172243083997547,0.0,0.0,0.0,-0.3695095935152728,0.4057263268727177,3.9923698283270137,3.0100723035301247,440.4252721991609
0.9171691892085193,0.0,0.0,0.0,-0.3687276149216131,0.406186880151675,3.9925231981079476,3.0100323035301244,440.5681422719248
0.9171139985022652,0.0,0.0,0.0,-0.36794582740260867,0.40664538806517897,3.99267659386434,3.009992303530124,440.71103346970233
0.9170587360459251,0.0,0.0,0.0,-0.3671642292621245,0.4071018597847704,3.9928300155991447,3.0099523035301257,440.85394583120103
0.9170034016031534,0.0,0.0,0.0,-0.36638281879846174,0.407556304401458,3.9929834633154107,3.0099123035301254,440.99687939501496
0.9169479949362948,0.0,0.0,0.0,-0.3656015943041052,0.40800873092668083,3.9931369370160765,3.009872303530125,441.13983419985925
0.9168925158063731,0.0,0.0,0.0,-0.36482055406557945,0.4084591482932664,3.9932904367041404,3.0098323035301253,441.28281028434014
0.9168369639731103,0.0,0.0,0.0,-0.36403969636383043,0.408907565356062,3.9934439623825955,3.0097923035301255,441.4258076870675
0.9167813391948707,0.0,0.0,0.0,-0.3632590194735441,0.4093539908931041,3.993597514054404,3.0097523035301257,441.5688264466687
0.9167256412286957,0.0,0.0,0.0,-0.36247852166370026,0.409798433606162,3.9937510917225683,3.0097123035301254,441.71186660173555
0.9166698698302597,0.0,0.0,0.0,-0.3616982011970697,0.41024090212177744,3.9939046953900523,3.009672303530125,441.8549281908257
0.9166140247538742,0.0,0.0,0.0,-0.3609180563303544,0.41068140499198563,3.994058325059816,3.0096323035301262,441.9980112525344
0.9165581057524821,0.0,0.0,0.0,-0.3601380853141888,0.4111199506950926,3.9942119807348604,3.009592303530127,442.1411158253808
0.916502112577625,0.0,0.0,0.0,-0.35935828639281264,0.4115565476365871,3.994365662418126,3.0095523035301266,442.2842419479771
0.9164460449794657,0.0,0.0,0.0,-0.35857865780442677,0.41199120414972257,3.9945193701126036,3.0095123035301268,442.4273896587962
0.9163899027067459,0.0,0.0,0.0,-0.3577991977807582,0.412423928496459,3.994673103821232,3.0094723035301274,442.57055899636305
0.9163336855067917,0.0,0.0,0.0,-0.35701990454718424,0.4128547288681355,3.994826863546995,3.0094323035301276,442.713749999195
0.9162773931254984,0.0,0.0,0.0,-0.35624077632264495,0.41328361338621794,3.9949806492928523,3.0093923035301264,442.8569627057901
0.9162210253073211,0.0,0.0,0.0,-0.35546181131960314,0.41371059010301675,3.9951344610617565,3.009352303530127,443.000197154582
0.91616458179526,0.0,0.0,0.0,-0.3546830077439447,0.4141356670024319,3.995288298856665,3.009312303530128,443.14345338407577
0.9161080623308435,0.0,0.0,0.0,-0.3539043637948398,0.4145588520006945,3.995442162680535,3.009272303530128,443.28673143270635
0.9160514666541301,0.0,0.0,0.0,-0.3531258776648709,0.4149801529469653,3.995596052536299,3.009232303530128,443.43003133892944
0.9159947945036903,0.0,0.0,0.0,-0.3523475475398793,0.41539957762407687,3.995749968426917,3.0091923035301282,443.57335314117086
0.91593804561659,0.0,0.0,0.0,-0.3515693715988471,0.41581713374922785,3.9959039103553375,3.0091523035301284,443.71669687783344
0.9158812197283857,0.0,0.0,0.0,-0.3507913480139188,0.41623282897461034,3.996057878324516,3.0091123035301286,443.8600625873062
0.9158243165731066,0.0,0.0,0.0,-0.3500134749502869,0.4166466708880818,3.996211872337381,3.009072303530129,444.0034503079776
0.9157673358832371,0.0,0.0,0.0,-0.34923575056603706,0.41705866701385985,3.9963658923968635,3.009032303530129,444.14686007824844
0.9157102773897301,0.0,0.0,0.0,-0.3484581730124175,0.41746882481300507,3.9965199385059367,3.0089923035301287,444.29029193645044
0.9156531408219535,0.0,0.0,0.0,-0.3476807404332672,0.4178771516842651,3.996674010667498,3.008952303530129,444.4337459209479
0.9155959259077181,0.0,0.0,0.0,-0.34690345096544833,0.4182836549644764,3.996828108884488,3.00891230353013,444.57722207005486
0.9155386323732356,0.0,0.0,0.0,-0.346126302738415,0.4186883419293343,3.9969822331598426,3.00887230353013,444.7207204221096
0.9154812599431174,0.0,0.0,0.0,-0.3453492938742868,0.4190912197939237,3.997136383496495,3.0088323035301294,444.86424101541
0.91542380834037,0.0,0.0,0.0,-0.3445724224879099,0.41949229571324737,3.997290559897368,3.00879230353013,445.00778388825415
0.9153662772863604,0.0,0.0,0.0,-0.34379568668649146,0.4198915767829464,3.997444762365401,3.0087523035301302,445.15134907891024
0.9153086665008173,0.0,0.0,0.0,-0.343019084569736,0.4202890700397677,3.9975989909034846,3.00871230353013,445.29493662566506
0.9152509757018195,0.0,0.0,0.0,-0.3422426142297881,0.420684782462131,3.9977532455145472,3.0086723035301315,445.4385465667634
0.9151932046057694,0.0,0.0,0.0,-0.34146627375099503,0.42107872097075605,3.99790752620151,3.008632303530131,445.58217894045447
0.9151353529273926,0.0,0.0,0.0,-0.3406900612100127,0.4214708924291225,3.998061832967287,3.008592303530131,445.72583378495585
0.915077420379721,0.0,0.0,0.0,-0.3399139746756893,0.42186130364403496,3.9982161658148043,3.008552303530131,445.86951113847624
0.9150194066740639,0.0,0.0,0.0,-0.3391380122088207,0.4222499613662172,3.9983705247469357,3.0085123035301318,446.01321103923794
0.9149613115200218,0.0,0.0,0.0,-0.33836217186240236,0.42263687229070723,3.998524909766626,3.008472303530131,446.1569335254095
0.9149031346254467,0.0,0.0,0.0,-0.3375864516812584,0.42302204305748503,3.9986793208767737,3.0084323035301317,446.30067863516183
0.9148448756964347,0.0,0.0,0.0,-0.336810849702052,0.4234054802519479,3.9988337580802704,3.0083923035301323,446.44444640666313
0.9147865344373107,0.0,0.0,0.0,-0.3360353639531983,0.4237871904054121,3.998988221379998,3.0083523035301316,446.588236878094
0.914728110550632,0.0,0.0,0.0,-0.33525999245500054,0.42416717999552195,3.999142710778907,3.008312303530132,446.73205008751063
0.9146696037371337,0.0,0.0,0.0,-0.33448473321913136,0.42454545544689853,3.99929722627983,3.0082723035301324,446.87588607312796
0.9146110136957603,0.0,0.0,0.0,-0.3337095842490611,0.4249220231314342,3.9994517678857178,3.0082323035301326,447.0197448729559
0.9145523401236068,0.0,0.0,0.0,-0.33293454353950674,0.4252968893689303,3.999606335599431,3.0081923035301323,447.1636265251641
0.9144935827159325,0.0,0.0,0.0,-0.3321596090766696,0.425670060427443,3.999760929423857,3.0081523035301325,447.30753106780196
0.9144347411661352,0.0,0.0,0.0,-0.33138477883804923,0.4260415425237807,3.999915549361887,3.008112303530133,447.45145853892996
0.9143758151657388,0.0,0.0,0.0,-0.3306100507923932,0.4264113418239418,4.000070195416431,3.008072303530133,447.5954089766059
0.9143168044043587,0.0,0.0,0.0,-0.3298354228994046,0.4267794644436268,4.000224867590312,3.0080323035301335,447.73938241889164
0.9142577085697208,0.0,0.0,0.0,-0.3290608931100573,0.4271459164485408,4.000379565886461,3.0079923035301337,447.88337890378455
0.9141985273476165,0.0,0.0,0.0,-0.32828645936619766,0.4275107038549222,4.000534290307746,3.007952303530134,448.0273984693001
0.9141392604218828,0.0,0.0,0.0,-0.3275121196003878,0.4278738326300058,4.000689040857009,3.007912303530134,448.17144115345127
0.9140799074744222,0.0,0.0,0.0,-0.32673787173628455,0.42823530869225773,4.000843817537171,3.0078723035301347,448.315506994211
0.9140204681851374,0.0,0.0,0.0,-0.3259637136879537,0.4285951379120122,4.000998620351061,3.007832303530135,448.4595960295529
0.9139609422319493,0.0,0.0,0.0,-0.32518964336020906,0.4289533261117184,4.001153449301579,3.0077923035301346,448.6037082974366
0.913901329290758,0.0,0.0,0.0,-0.32441565864826716,0.4293098790664264,4.001308304391554,3.0077523035301343,448.74784383581857
0.9138416290354497,0.0,0.0,0.0,-0.32364175743794266,0.4296648025040815,4.001463185623877,3.007712303530135,448.8920026825921
0.9137818411378498,0.0,0.0,0.0,-0.3228679376052088,0.4300181021060362,4.001618093001391,3.0076723035301356,449.0361848757284
0.9137219652677211,0.0,0.0,0.0,-0.32209419701629416,0.43036978350736377,4.001773026526967,3.007632303530135,449.1803904530934
0.9136620010927502,0.0,0.0,0.0,-0.3213205335276503,0.43071985229720294,4.001927986203458,3.0075923035301364,449.32461945258035
0.9136019482785162,0.0,0.0,0.0,-0.3205469449856966,0.43106831401919526,4.002082972033717,3.007552303530136,449.46887191206145
0.9135418064884744,0.0,0.0,0.0,-0.3197734292267549,0.4314151741718309,4.002237984020581,3.007512303530136,449.6131478694259
0.913481575383954,0.0,0.0,0.0,-0.3189999840771401,0.4317604382087445,4.00239302216692,3.007472303530136,449.75744736247486
0.9134212546241092,0.0,0.0,0.0,-0.31822660735271335,0.43210411153919165,4.002548086475568,3.0074323035301362,449.9017704290824
0.913360843865925,0.0,0.0,0.0,-0.317453296859077,0.43244619952828955,4.002703176949372,3.007392303530136,450.0461171070732
0.9133003427641927,0.0,0.0,0.0,-0.3166800503914188,0.43278670749737785,4.002858293591163,3.0073523035301366,450.1904874342281
0.9132397509714805,0.0,0.0,0.0,-0.31590686573428445,0.4331256407244084,4.003013436403783,3.0073123035301372,450.3348814483461
0.9131790681381217,0.0,0.0,0.0,-0.31513374066157157,0.43346300444423846,4.003168605390087,3.007272303530137,450.47929918721013
0.9131182939121866,0.0,0.0,0.0,-0.3143606729363421,0.433798803848981,4.003323800552872,3.0072323035301376,450.62374068860106
0.9130574279394849,0.0,0.0,0.0,-0.31358766031097157,0.43413304408824954,4.0034790218950125,3.007192303530138,450.76820599021823
0.9129964698635041,0.0,0.0,0.0,-0.31281470052656885,0.43446573026963325,4.003634269419312,3.0071523035301375,450.91269512986537
0.912935419325432,0.0,0.0,0.0,-0.31204179131337106,0.4347968674588341,4.003789543128607,3.0071123035301377,451.05720814522704
0.9128742759640979,0.0,0.0,0.0,-0.31126893039019865,0.43512646068012883,4.003944843025697,3.007072303530137,451.20174507403385
0.9128130394159956,0.0,0.0,0.0,-0.310496115464853,0.43545451491649445,4.004100169113443,3.007032303530138,451.3463059539464
0.9127517093152054,0.0,0.0,0.0,-0.30972334423336245,0.43578103511012894,4.004255521394628,3.0069923035301382,451.4908908226922
0.9126902852934168,0.0,0.0,0.0,-0.30895061438035853,0.43610602616257815,4.004410899872087,3.0069523035301384,451.63549971790553
0.9126287669798907,0.0,0.0,0.0,-0.30817792357881496,0.4364294929350678,4.004566304548628,3.0069123035301386,451.78013267726556
0.9125671540014385,0.0,0.0,0.0,-0.30740526948992064,0.43675144024880236,4.00472173542708,3.006872303530139,451.9247897383839
0.9125054459823893,0.0,0.0,0.0,-0.30663264976285814,0.43707187288526905,4.00487719251022,3.006832303530139,452.0694709389054
0.9124436425445908,0.0,0.0,0.0,-0.30586006203496213,0.43739079558643057,4.005032675800888,3.006792303530139,452.2141763164392
0.9123817433073593,0.0,0.0,0.0,-0.30508750393127115,0.4377082130550992,4.005188185301871,3.006752303530139,452.35890590856945
0.9123197478874691,0.0,0.0,0.0,-0.30431497306457583,0.43802412995514994,4.005343721015975,3.006712303530139,452.50365975291277
0.9122576558991357,0.0,0.0,0.0,-0.30354246703536614,0.4383385509117575,4.005499282945991,3.00667230353014,452.6484378869919
0.9121954669539696,0.0,0.0,0.0,-0.3027699834314417,0.4386514805117507,4.005654871094735,3.00663230353014,452.7932403484016
0.9121331806609789,0.0,0.0,0.0,-0.30199751982812334,0.438962923303739,4.005810485464978,3.0065923035301405,452.93806717468715
0.9120707966265237,0.0,0.0,0.0,-0.30122507378784613,0.4392728837984735,4.005966126059531,3.0065523035301402,453.0829184033381
0.9120083144543046,0.0,0.0,0.0,-0.30045264286021844,0.4395813664690167,4.006121792881179,3.0065123035301404,453.2277940718874
0.9119457337453175,0.0,0.0,0.0,-0.29968022458163496,0.4398883757510753,4.0062774859326975,3.006472303530141,453.3726942178431
0.9118830540978654,0.0,0.0,0.0,-0.29890781647559567,0.44019391604309105,4.0064332052169,3.006432303530141,453.5176188786693
0.9118202751074789,0.0,0.0,0.0,-0.2981354160519403,0.4404979917066737,4.006588950736522,3.0063923035301414,453.6625680918719
0.9117573963669544,0.0,0.0,0.0,-0.2973630208074521,0.4408006070666034,4.006744722494406,3.0063523035301407,453.8075418948532
0.9116944174662538,0.0,0.0,0.0,-0.29659062822488585,0.4411017664113095,4.006900520493257,3.0063123035301413,453.95254032511775
0.9116313379925566,0.0,0.0,0.0,-0.29581823577371674,0.44140147399282714,4.007056344735914,3.006272303530142,454.0975634200322
0.911568157530153,0.0,0.0,0.0,-0.29504584090909597,0.4416997340272864,4.007212195225094,3.0062323035301426,454.24261121707684
0.9115048756604924,0.0,0.0,0.0,-0.29427344107257586,0.4419965506948662,4.007368071963616,3.0061923035301423,454.38768375359496
0.9114414919620955,0.0,0.0,0.0,-0.29350103369127817,0.4422919281402114,4.007523974954226,3.006152303530142,454.53278106698065
0.9113780060105526,0.0,0.0,0.0,-0.2927286161780535,0.4425858704725469,4.007679904199677,3.0061123035301422,454.6779031946354
0.9113144173785028,0.0,0.0,0.0,-0.29195618593141237,0.44287838176586347,4.007835859702759,3.006072303530143,454.8230501738707
0.9112507256355723,0.0,0.0,0.0,-0.2911837403350106,0.44316946605922114,4.007991841466195,3.0060323035301426,454.96822204207797
0.9111869303483939,0.0,0.0,0.0,-0.29041127675804973,0.44345912735678067,4.00814784949278,3.0059923035301432,455.11341883655234
0.9111230310805294,0.0,0.0,0.0,-0.2896387925545729,0.4437473696281661,4.008303883785261,3.0059523035301425,455.25864059460696
0.9110590273924646,0.0,0.0,0.0,-0.2888662850636112,0.4440341968085518,4.008459944346355,3.0059123035301436,455.403887353561
0.910994918841575,0.0,0.0,0.0,-0.28809375160894257,0.44431961279889304,4.008616031178852,3.005872303530144,455.5491591506727
0.9109307049820909,0.0,0.0,0.0,-0.28732118949893265,0.44460362146608773,4.008772144285482,3.005832303530143,455.6944560232572
0.910866385365078,0.0,0.0,0.0,-0.28654859602647814,0.4448862266431327,4.008928283668985,3.005792303530144,455.83977800852085
0.9108019595383849,0.0,0.0,0.0,-0.28577596846860265,0.4451674321293755,4.009084449332122,3.0057523035301434,455.9851251437308
0.9107374270466326,0.0,0.0,0.0,-0.2850033040865573,0.44544724169059374,4.009240641277615,3.005712303530144,456.1304974660851
0.9106727874311572,0.0,0.0,0.0,-0.2842306001253462,0.44572565905926737,4.0093968595081995,3.0056723035301447,456.2758950128492
0.9106080402300105,0.0,0.0,0.0,-0.2834578538139466,0.4460026879346225,4.009553104026625,3.0056323035301444,456.4213178211704
0.9105431849778962,0.0,0.0,0.0,-0.28268506236478697,0.4462783319828959,4.00970937483563,3.0055923035301446,456.56676592823806
0.9104782212061381,0.0,0.0,0.0,-0.28191222297360596,0.44655259483747933,4.009865671937902,3.005552303530144,456.7122393712841
0.9104131484426784,0.0,0.0,0.0,-0.28113933281961545,0.4468254800989858,4.010021995336199,3.005512303530145,456.8577381873904
0.9103479662120064,0.0,0.0,0.0,-0.2803663890649256,0.44709699133551,4.010178345033255,3.0054723035301456,457.0032624137118
0.9102826740351335,0.0,0.0,0.0,-0.27959338885447793,0.44736713208274,4.010334721031766,3.005432303530146,457.1488120873835
0.9102172714295658,0.0,0.0,0.0,-0.2788203293159379,0.44763590584408874,4.010491123334477,3.005392303530145,457.2943872455131
0.910151757909256,0.0,0.0,0.0,-0.27804720755938594,0.44790331609086004,4.010647551944074,3.0053523035301453,457.439987925213
0.9100861329845891,0.0,0.0,0.0,-0.27727402067736556,0.4481693662623327,4.010804006863304,3.005312303530146,457.5856141635195
0.9100203961623085,0.0,0.0,0.0,-0.27650076574428567,0.4484340597659996,4.010960488094854,3.005272303530146,457.73126599755017
0.9099545469455165,0.0,0.0,0.0,-0.2757274398166488,0.44869739997758695,4.011116995641438,3.0052323035301463,457.8769434643327
0.9098885848336047,0.0,0.0,0.0,-0.2749540399324913,0.44895939024128523,4.011273529505754,3.005192303530147,458.02264660093203
0.9098225093222482,0.0,0.0,0.0,-0.27418056311155276,0.4492200338697731,4.011430089690542,3.0051523035301466,458.1683754443085
0.9097563199033302,0.0,0.0,0.0,-0.27340700635468335,0.44947933414444036,4.011586676198467,3.005112303530147,458.31413003152807
0.9096900160649237,0.0,0.0,0.0,-0.27263336664385057,0.4497372943154579,4.011743289032226,3.005072303530147,458.4599103995762
0.909623597291263,0.0,0.0,0.0,-0.271859640942064,0.44999391760185875,4.011899928194543,3.005032303530147,458.60571658538856
0.9095570630626673,0.0,0.0,0.0,-0.271085826192781,0.45024920719175104,4.012056593688102,3.004992303530147,458.7515486259658
0.9094904128555281,0.0,0.0,0.0,-0.27031191932000087,0.4505031662423412,4.012213285515575,3.004952303530148,458.89740655825756
0.9094236461422601,0.0,0.0,0.0,-0.269537917227953,0.4507557978800815,4.012370003679678,3.0049123035301477,459.0432904191781
0.9093567623912518,0.0,0.0,0.0,-0.2687638168008295,0.45100710520076875,4.012526748183058,3.004872303530148,459.1892002456842
0.9092897610668361,0.0,0.0,0.0,-0.2679896149026668,0.45125709126963515,4.012683519028437,3.004832303530148,459.33513607463726
0.9092226416292375,0.0,0.0,0.0,-0.26721530837706736,0.45150575912144586,4.0128403162184725,3.0047923035301487,459.4810979429467
0.9091554035345193,0.0,0.0,0.0,-0.26644089404682797,0.4517531117606409,4.012997139755855,3.0047523035301484,459.6270858874992
0.9090880462345554,0.0,0.0,0.0,-0.2656663687139218,0.4519991521613643,4.013153989643235,3.0047123035301486,459.77309994513666
0.9090205691769888,0.0,0.0,0.0,-0.26489172915927933,0.45224388326755915,4.0133108658833345,3.004672303530149,459.9191401526929
0.9089529718051498,0.0,0.0,0.0,-0.2641169721421828,0.4524873079931311,4.0134677684787645,3.0046323035301494,460.0652065470372
0.908885253558051,0.0,0.0,0.0,-0.2633420944004514,0.4527294292219407,4.013624697432226,3.004592303530149,460.2112991649501
0.9088174138703272,0.0,0.0,0.0,-0.2625670926500669,0.4529702498079045,4.013781652746401,3.0045523035301493,460.35741804323186
0.9087494521721593,0.0,0.0,0.0,-0.2617919635846298,0.4532097725751439,4.013938634423905,3.0045123035301495,460.50356321870083
0.9086813678892804,0.0,0.0,0.0,-0.2610167038756785,0.453448000317927,4.014095642467444,3.0044723035301497,460.6497347280763
0.9086131604428647,0.0,0.0,0.0,-0.26024131017177504,0.45368493580088937,4.014252676879635,3.0044323035301495,460.79593260816785
0.9085448292495258,0.0,0.0,0.0,-0.25946577909876517,0.45392058175898503,4.01440973766315,3.00439230353015,460.94215689568864
0.9084763737212453,0.0,0.0,0.0,-0.2586901072592932,0.45415494089759545,4.014566824820629,3.0043523035301503,461.08840762736986
0.9084077932653214,0.0,0.0,0.0,-0.25791429123251697,0.4543880158926083,4.014723938354756,3.00431230353015,461.2346848398936
0.9083390872843173,0.0,0.0,0.0,-0.25713832757387717,0.45461980939044655,4.014881078268145,3.004272303530151,461.3809885699909
0.9082702551760033,0.0,0.0,0.0,-0.2563622128147368,0.45485032400816205,4.015038244563433,3.004232303530151,461.52731885433354
0.9082012963333288,0.0,0.0,0.0,-0.25558594346238,0.4550795623334158,4.015195437243303,3.004192303530151,461.67367572956084
0.9081322101443154,0.0,0.0,0.0,-0.2548095159991944,0.4553075269246453,4.01535265631034,3.0041523035301507,461.82005923238194
0.9080629959920653,0.0,0.0,0.0,-0.2540329268830264,0.45553422031097335,4.015509901767211,3.004112303530152,461.9664693993818
0.9079936532546572,0.0,0.0,0.0,-0.25325617254640054,0.4557596449923586,4.015667173616548,3.004072303530151,462.11290626718346
0.9079241813051091,0.0,0.0,0.0,-0.252479249396429,0.45598380343958295,4.015824471860976,3.0040323035301517,462.2593698724095
0.9078545795113044,0.0,0.0,0.0,-0.2517021538143302,0.45620669809433784,4.015981796503102,3.003992303530152,462.40586025165305
0.9077848472359761,0.0,0.0,0.0,-0.25092488215558195,0.45642833136915373,4.016139147545604,3.003952303530152,462.55237744144745
0.9077149838365758,0.0,0.0,0.0,-0.25014743074886675,0.4566487056475888,4.016296524991049,3.003912303530152,462.69892147840665
0.9076449886652851,0.0,0.0,0.0,-0.24936979589649025,0.45686782328410297,4.0164539288420835,3.003872303530153,462.8454923990339
0.9075748610689132,0.0,0.0,0.0,-0.24859197387364693,0.4570856866041745,4.016611359101336,3.003832303530153,462.99209023984895
0.9075046003888301,0.0,0.0,0.0,-0.24781396092804614,0.45730229790432075,4.016768815771386,3.0037923035301533,463.1387150374155
0.9074342059609334,0.0,0.0,0.0,-0.24703575327988117,0.45751765945206674,4.016926298854882,3.003752303530153,463.2853668281957
0.9073636771155595,0.0,0.0,0.0,-0.24625734712126154,0.4577317734859942,4.017083808354395,3.0037123035301527,463.43204564868597
0.9072930131774308,0.0,0.0,0.0,-0.2454787386159756,0.45794464221574666,4.0172413442725485,3.003672303530153,463.57875153535633
0.9072222134655911,0.0,0.0,0.0,-0.24469992389916953,0.45815626782202706,4.017398906611978,3.003632303530154,463.7254845246092
0.9071512772933057,0.0,0.0,0.0,-0.24392089907667883,0.4583666524566607,4.0175564953752225,3.003592303530154,463.8722446529604
0.9070802039680516,0.0,0.0,0.0,-0.2431416602252315,0.45857579824249994,4.017714110564937,3.003552303530154,464.0190319567728
0.9070089927913866,0.0,0.0,0.0,-0.24236220339149522,0.45878370727352347,4.017871752183661,3.0035123035301536,464.16584647251466
0.9069376430589438,0.0,0.0,0.0,-0.24158252459233712,0.45899038161472533,4.018029420234048,3.003472303530154,464.3126882364811
0.906866154060292,0.0,0.0,0.0,-0.24080261981378528,0.4591958233022234,4.018187114718656,3.003432303530154,464.45955728511626
0.9067945250789065,0.0,0.0,0.0,-0.24002248501106518,0.4594000343431735,4.0183448356400575,3.003392303530155,464.60645365476137
0.9067227553920919,0.0,0.0,0.0,-0.23924211610819493,0.45960301671576387,4.018502583000873,3.0033523035301544,464.7533773817596
0.9066508442708804,0.0,0.0,0.0,-0.23846150899731003,0.4598047723692381,4.018660356803638,3.003312303530155,464.90032850246814
0.9065787909800082,0.0,0.0,0.0,-0.23768065953880485,0.4600053032237864,4.018818157050981,3.003272303530155,465.04730705314194
0.9065065947777733,0.0,0.0,0.0,-0.23689956356026326,0.4602046111706373,4.018975983745454,3.003232303530156,465.1943130701212
0.9064342549160004,0.0,0.0,0.0,-0.23611821685648893,0.4604026980719494,4.019133836889631,3.0031923035301555,465.34134658968514
0.9063617706399497,0.0,0.0,0.0,-0.23533661518897658,0.4605995657607992,4.019291716486076,3.0031523035301553,465.4884076481046
0.9062891411882429,0.0,0.0,0.0,-0.23455475428554343,0.46079521604113904,4.019449622537374,3.0031123035301563,465.6354962815973
0.9062163657927589,0.0,0.0,0.0,-0.2337726298396949,0.46098965068779213,4.019607555046073,3.003072303530156,465.78261252644995
0.9061434436785832,0.0,0.0,0.0,-0.23299023751050463,0.46118287144635367,4.019765514014753,3.0030323035301567,465.92975641883254
0.9060703740638887,0.0,0.0,0.0,-0.23220757292182512,0.4613748800332082,4.01992349944596,3.0029923035301564,466.07692799497977
0.9059971561598739,0.0,0.0,0.0,-0.2314246316620921,0.4615656781354315,4.020081511342249,3.0029523035301566,466.2241272910778
0.9059237891706694,0.0,0.0,0.0,-0.23064140928378982,0.46175526741075484,4.020239549706202,3.0029123035301564,466.37135434328025
0.9058502722932389,0.0,0.0,0.0,-0.2298579013029052,0.46194364948751265,4.020397614540336,3.002872303530157,466.51860918776856
0.9057766047173014,0.0,0.0,0.0,-0.22907410319855753,0.46213082596457455,4.020555705847213,3.002832303530157,466.66589186067665
0.905702785625232,0.0,0.0,0.0,-0.2282900104124592,0.4623167984112852,4.020713823629393,3.002792303530157,466.81320239812067
0.9056288141919687,0.0,0.0,0.0,-0.22750561834843366,0.4625015683673868,4.020871967889382,3.0027523035301575,466.96054083623574
0.9055546895849272,0.0,0.0,0.0,-0.22672092237198993,0.46268513734295025,4.021030138629763,3.0027123035301577,467.1079072110915
0.905480410963887,0.0,0.0,0.0,-0.2259359178096726,0.4628675068183076,4.0211883358530525,3.002672303530158,467.25530155877334
0.9054059774809018,0.0,0.0,0.0,-0.22515059994861342,0.46304867824396695,4.021346559561791,3.0026323035301576,467.402723915357
0.9053313882802145,0.0,0.0,0.0,-0.2243649640361672,0.4632286530404988,4.021504809758511,3.0025923035301587,467.55017431685474
0.9052566424981127,0.0,0.0,0.0,-0.22357900527893498,0.4634074325985244,4.021663086445734,3.002552303530158,467.6976527993521
0.9051817392628804,0.0,0.0,0.0,-0.22279271884279522,0.4635850182785206,4.021821389625986,3.002512303530158,467.84515939883306
0.9051066776946611,0.0,0.0,0.0,-0.22200609985200648,0.46376141141078703,4.021979719301806,3.0024723035301593,467.9926941512922
0.9050314569053458,0.0,0.0,0.0,-0.2212191433886124,0.4639366132953471,4.0221380754757075,3.002432303530159,468.1402570927387
0.9049560759984808,0.0,0.0,0.0,-0.22043184449203326,0.464110625201812,4.0222964581501985,3.0023923035301587,468.2878482591292
0.9048805340691606,0.0,0.0,0.0,-0.21964419815850797,0.46428344836927277,4.022454867327815,3.0023523035301594,468.4354676863893
0.9048048302038861,0.0,0.0,0.0,-0.21885619934023096,0.46445508400622393,4.02261330301104,3.00231230353016,468.58311541050875
0.9047289634804913,0.0,0.0,0.0,-0.21806784294513729,0.4646255332903853,4.022771765202404,3.0022723035301606,468.73079146737746
0.9046529329679999,0.0,0.0,0.0,-0.2172791238360353,0.4647947973686217,4.022930253904429,3.0022323035301604,468.87849589287714
0.9045767377265057,0.0,0.0,0.0,-0.216490036829972,0.4649628773568047,4.023088769119594,3.00219230353016,469.0262287229493
0.9045003768070741,0.0,0.0,0.0,-0.2157005766978063,0.4651297743396611,4.02324731085042,3.0021523035301607,469.17398999340867
0.9044238492515864,0.0,0.0,0.0,-0.21491073816325912,0.465295489370667,4.023405879099362,3.0021123035301605,469.3217797401867
0.9043471540926655,0.0,0.0,0.0,-0.2141205159027161,0.46546002347185556,4.023564473868985,3.00207230353016,469.46959799903425
0.9042702903534855,0.0,0.0,0.0,-0.21332990454397752,0.46562337763372985,4.023723095161728,3.0020323035301613,469.61744480585526
0.9041932570476978,0.0,0.0,0.0,-0.2125388986660942,0.46578555281505585,4.023881742980099,3.001992303530161,469.76532019642025
0.9041160531792684,0.0,0.0,0.0,-0.21174749279837857,0.46594654994273293,4.024040417326568,3.001952303530161,469.91322420654524
0.9040386777423632,0.0,0.0,0.0,-0.21095568141987875,0.4661063699116164,4.024199118203648,3.001912303530162,470.061156871977
0.9039611297211958,0.0,0.0,0.0,-0.2101634589585136,0.4662650135843586,4.024357845613814,3.0018723035301615,470.2091182284918
0.9038834080898954,0.0,0.0,0.0,-0.20937081979040686,0.466422481791231,4.024516599559532,3.0018323035301613,470.35710831184394
0.9038055118123824,0.0,0.0,0.0,-0.20857775823930105,0.4665787753299228,4.024675380043299,3.001792303530162,470.50512715772356
0.9037274398421784,0.0,0.0,0.0,-0.20778426857535146,0.466733894965415,4.024834187067552,3.0017523035301616,470.65317480191254
0.90364919112233,0.0,0.0,0.0,-0.20699034501503175,0.4668878414297025,4.024993020634808,3.0017123035301623,470.8012512800311
0.9035707645851889,0.0,0.0,0.0,-0.20619598171968267,0.4670406154216752,4.025151880747477,3.001672303530162,470.9493566278303
0.9034921591523268,0.0,0.0,0.0,-0.20540117279531234,0.4671922176068537,4.025310767408096,3.0016323035301626,471.0974908809018
0.9034133737343074,0.0,0.0,0.0,-0.20460591229113265,0.4673426486172439,4.025469680619045,3.0015923035301633,471.2456540749715
0.9033344072306181,0.0,0.0,0.0,-0.20381019419951854,0.46749190905104426,4.025628620382877,3.0015523035301634,471.39384624558295
0.9032552585294129,0.0,0.0,0.0,-0.20301401245430298,0.46763999947250856,4.02578758670196,3.001512303530163,471.5420674284371
0.9031759265074351,0.0,0.0,0.0,-0.20221736093068066,0.4677869204116425,4.025946579578782,3.001472303530163,471.69031765909585
0.9030964100298079,0.0,0.0,0.0,-0.201420233443957,0.467932672364006,4.026105599015791,3.0014323035301644,471.83859697313767
0.9030167079498719,0.0,0.0,0.0,-0.20062262374869363,0.4680772557904761,4.026264645015461,3.001392303530164,471.98690540612154
0.902936819109007,0.0,0.0,0.0,-0.19982452553776733,0.4682206711169911,4.026423717580206,3.001352303530164,472.1352429936114
0.9028567423364717,0.0,0.0,0.0,-0.19902593244157593,0.4683629187342907,4.026582816712475,3.001312303530164,472.28360977114573
0.9027764764492172,0.0,0.0,0.0,-0.19822683802702457,0.4685039989976589,4.026741942414703,3.0012723035301643,472.43200577424216
0.9026960202517068,0.0,0.0,0.0,-0.197427235796596,0.46864391222665075,4.026901094689322,3.001232303530165,472.58043103840066
0.9026153725357249,0.0,0.0,0.0,-0.196627119187296,0.4687826587048317,4.027060273538777,3.001192303530165,472.7288855991027
0.902534532080205,0.0,0.0,0.0,-0.1958264815698464,0.4689202386794658,4.027219478965522,3.0011523035301653,472.877369491782
0.9024534976509978,0.0,0.0,0.0,-0.19502531624729608,0.4690566523612628,4.027378710971919,3.0011123035301654,473.025882751965
0.9023722680007301,0.0,0.0,0.0,-0.19422361645448435,0.46919189992403726,4.027537969560443,3.0010723035301656,473.1744254150416
0.9022908418685597,0.0,0.0,0.0,-0.19342137535658804,0.46932598150443466,4.0276972547335,3.001032303530165,473.32299751644507
0.9022092179799946,0.0,0.0,0.0,-0.19261858604826432,0.46945889720159467,4.027856566493499,3.000992303530166,473.4715990915673
0.9021273950466826,0.0,0.0,0.0,-0.19181524155250862,0.4695906470768393,4.028015904842899,3.000952303530166,473.6202301757729
0.9020453717661725,0.0,0.0,0.0,-0.1910113348193316,0.46972123115335074,4.028175269784056,3.000912303530166,473.7688908044828
0.9019631468217422,0.0,0.0,0.0,-0.19020685872498586,0.46985064941580584,4.028334661319409,3.000872303530166,473.91758101301934
0.9018807188821455,0.0,0.0,0.0,-0.18940180607053797,0.4699789018100464,4.028494079451365,3.0008323035301663,474.0663008367254
0.9017980866013908,0.0,0.0,0.0,-0.18859616958069497,0.470105988242721,4.028653524182304,3.000792303530166,474.2150503109449
0.9017152486185447,0.0,0.0,0.0,-0.18778994190291598,0.4702319085808892,4.0288129955146665,3.0007523035301675,474.3638294709242
0.9016322035574285,0.0,0.0,0.0,-0.18698311560552655,0.4703566626517072,4.02897249345082,3.000712303530166,474.512638352017
0.9015489500264652,0.0,0.0,0.0,-0.18617568317725824,0.4704802502419619,4.029132017993189,3.0006723035301675,474.6614769894236
0.9014654866183481,0.0,0.0,0.0,-0.1853676370251599,0.4706026710977543,4.029291569144124,3.0006323035301667,474.81034541847
0.9013818119098618,0.0,0.0,0.0,-0.18455896947391676,0.4707239249240331,4.0294511469060215,3.000592303530167,474.9592436743808
0.9012979244616126,0.0,0.0,0.0,-0.1837496727643792,0.4708440113841936,4.0296107512812975,3.000552303530167,475.108171792333
0.9012138228177389,0.0,0.0,0.0,-0.18293973905190397,0.47096293009967516,4.0297703822723365,3.0005123035301677,475.25712980753894
0.901129505505658,0.0,0.0,0.0,-0.1821291604050803,0.4710806806495097,4.029930039881479,3.000472303530168,475.4061177552363
0.9010449710358367,0.0,0.0,0.0,-0.18131792880466147,0.4711972625698491,4.0300897241111375,3.000432303530168,475.55513567054277
0.9009602179014595,0.0,0.0,0.0,-0.18050603614159955,0.47131267535354576,4.030249434963685,3.000392303530168,475.7041835886238
0.900875244578172,0.0,0.0,0.0,-0.1796934742157964,0.47142691844965917,4.030409172441474,3.0003523035301685,475.85326154463644
0.9007900495238093,0.0,0.0,0.0,-0.17888023473472514,0.47153999126296475,4.0305689365468815,3.000312303530168,476.0023695736784
0.9007046311780618,0.0,0.0,0.0,-0.17806630931150721,0.4716518931534898,4.030728727282263,3.0002723035301684,476.1515077108944
0.9006189879622272,0.0,0.0,0.0,-0.17725168946380124,0.47176262343596687,4.03088854465,3.0002323035301686,476.30067599132246
0.9005331182788611,0.0,0.0,0.0,-0.17643636661180578,0.47187218137934156,4.031048388652437,3.0001923035301687,476.449874450063
0.9004470205114803,0.0,0.0,0.0,-0.17562033207673358,0.47198056620623474,4.031208259291937,3.000152303530169,476.59910312217164
0.9003606930242621,0.0,0.0,0.0,-0.17480357707930563,0.47208777709237987,4.031368156570882,3.000112303530169,476.7483620426285
0.900274134161671,0.0,0.0,0.0,-0.17398609273761623,0.47219381316608733,4.031528080491573,3.0000723035301697,476.8976512465225
0.9001873422481662,0.0,0.0,0.0,-0.17316787006571274,0.4722986735076577,4.031688031056375,3.00003230353017,477.0469707688586
0.9001003155878675,0.0,0.0,0.0,-0.1723488999718816,0.4724023571487766,4.031848008267641,2.99999230353017,477.19632064456437
0.9000130524641669,0.0,0.0,0.0,-0.17152917325642694,0.4725048630719461,4.0320080121277275,2.9999523035301703,477.3457009086312
0.8999255511393873,0.0,0.0,0.0,-0.17070868060994435,0.4726061902098466,4.032168042638928,2.9999123035301705,477.495111596048
0.8998378098544498,0.0,0.0,0.0,-0.1698874126116574,0.4727063374446946,4.032328099803611,2.99987230353017,477.6445527417268
0.8997498268284732,0.0,0.0,0.0,-0.16906535972720116,0.4728053036076045,4.032488183624121,2.9998323035301713,477.79402438055195
0.8996616002583782,0.0,0.0,0.0,-0.16824251230649123,0.47290308747793003,4.032648294102752,2.9997923035301715,477.9435265474784
0.8995731283185349,0.0,0.0,0.0,-0.16741886058196775,0.4729996877825667,4.032808431241847,2.999752303530171,478.0930592773741
0.8994844091603504,0.0,0.0,0.0,-0.16659439466637568,0.47309510319525416,4.032968595043738,2.9997123035301714,478.24262260509465
0.8993954409118581,0.0,0.0,0.0,-0.165769104550581,0.47318933233586197,4.033128785510736,2.9996723035301716,478.3922165654915
0.899306221677297,0.0,0.0,0.0,-0.1649429801013244,0.47328237376965976,4.033289002645163,2.9996323035301717,478.5418411934078
0.8992167495367092,0.0,0.0,0.0,-0.16411601105917822,0.47337422600654494,4.033449246449342,2.9995923035301715,478.6914965236399
0.8991270225454766,0.0,0.0,0.0,-0.16328818703600015,0.4734648875002865,4.033609516925571,2.999552303530172,478.84118259099273
0.8990370387338886,0.0,0.0,0.0,-0.1624594975126868,0.4735543566477268,4.03376981407617,2.9995123035301723,478.9908994302625
0.8989467961066809,0.0,0.0,0.0,-0.16162993183672306,0.4736426317879651,4.033930137903421,2.9994723035301725,479.1406470762257
0.8988562926425874,0.0,0.0,0.0,-0.16079947921987292,0.4737297112015205,4.034090488409643,2.9994323035301726,479.2904255636083
0.8987655262938401,0.0,0.0,0.0,-0.1599681287354589,0.47381559310948257,4.034250865597137,2.999392303530173,479.4402349271495
0.8986744949856891,0.0,0.0,0.0,-0.15913586931585164,0.47390027567262955,4.034411269468186,2.9993523035301735,479.5900752015639
0.8985831966159074,0.0,0.0,0.0,-0.15830268974986303,0.473983756990533,4.034571700025123,2.999312303530172,479.73994642152877
0.8984916290542636,0.0,0.0,0.0,-0.1574685786799241,0.4740660351006243,4.034732157270187,2.999272303530173,479.8898486217389
0.8983997901420042,0.0,0.0,0.0,-0.15663352459934388,0.4741471079772639,4.0348926412056905,2.999232303530174,480.0397818368567
0.8983076776913325,0.0,0.0,0.0,-0.15579751584962837,0.47422697353075044,4.035053151833935,2.999192303530174,480.1897461015127
0.8982152894848193,0.0,0.0,0.0,-0.15496054061723144,0.47430562960633676,4.035213689157162,2.9991523035301735,480.33974145036495
0.8981226232748883,0.0,0.0,0.0,-0.15412258693097683,0.47438307398319907,4.035374253177686,2.9991123035301737,480.4897679179792
0.8980296767831892,0.0,0.0,0.0,-0.15328364265860275,0.4744593043733911,4.0355348438977545,2.9990723035301743,480.6398255389862
0.8979364477000316,0.0,0.0,0.0,-0.15244369550383216,0.47453431842076904,4.035695461319647,2.999032303530174,480.78991434797047
0.8978429336837928,0.0,0.0,0.0,-0.15160273300330043,0.4746081136998716,4.035856105445648,2.9989923035301747,480.9400343794448
0.8977491323602522,0.0,0.0,0.0,-0.15076074252288074,0.47468068771480276,4.03601677627801,2.9989523035301744,481.0901856679716
0.8976550413219868,0.0,0.0,0.0,-0.1499177112545941,0.47475203789805226,4.03617747381899,2.998912303530175,481.2403682480832
0.8975606581277114,0.0,0.0,0.0,-0.149073626213095,0.47482216160930785,4.036338198070875,2.998872303530175,481.3905821542619
0.8974659803015863,0.0,0.0,0.0,-0.14822847423194532,0.47489105613422017,4.03649894903588,2.9988323035301754,481.5408274210313
0.8973710053325658,0.0,0.0,0.0,-0.14738224196026198,0.4749587186831427,4.036659726716288,2.998792303530176,481.69110408284143
0.8972757306736597,0.0,0.0,0.0,-0.1465349158587194,0.47502514638983867,4.03682053111434,2.9987523035301753,481.841412174144
0.8971801537412255,0.0,0.0,0.0,-0.14568648219582792,0.47509033631014624,4.036981362232283,2.998712303530176,481.99175172938044
0.8970842719142161,0.0,0.0,0.0,-0.14483692704394452,0.4751542854206132,4.037142220072358,2.998672303530176,482.14212278298294
0.8969880825334415,0.0,0.0,0.0,-0.1439862362754142,0.47521699061709016,4.037303104636831,2.9986323035301763,482.292525369308
0.8968915829007336,0.0,0.0,0.0,-0.14313439555798757,0.475278448713292,4.037464015927904,2.9985923035301765,482.4429595227929
0.8967947702782111,0.0,0.0,0.0,-0.14228139035113438,0.4753386564393087,4.037624953947848,2.998552303530177,482.5934252777555
0.8966976418873794,0.0,0.0,0.0,-0.1414272059010383,0.47539761044008755,4.037785918698846,2.998512303530177,482.74392266860445
0.8966001949083711,0.0,0.0,0.0,-0.1405718272368333,0.47545530727386204,4.03794691018319,2.998472303530177,482.89445172959904
0.8965024264789787,0.0,0.0,0.0,-0.1397152391651897,0.4755117434105421,4.038107928403042,2.998432303530177,483.04501249512384
0.8964043336938518,0.0,0.0,0.0,-0.1388574262663125,0.4755669152300606,4.038268973360664,2.9983923035301774,483.1956049994229
0.8963059136035072,0.0,0.0,0.0,-0.13799837288848832,0.4756208190206711,4.038430045058254,2.9983523035301776,483.3462292768071
0.8962071632134443,0.0,0.0,0.0,-0.13713806314355792,0.4756734509771951,4.038591143498062,2.9983123035301777,483.4968853614931
0.8961080794831137,0.0,0.0,0.0,-0.136276480901267,0.4757248071992225,4.038752268682263,2.998272303530178,483.64757328777955
0.8960086593249851,0.0,0.0,0.0,-0.13541360978450326,0.4757748836892615,4.038913420613091,2.998232303530178,483.79829308984074
0.8959088996034659,0.0,0.0,0.0,-0.13454943316338971,0.4758236763508302,4.039074599292731,2.9981923035301783,483.94904480193
0.8958087971338922,0.0,0.0,0.0,-0.1336839341500587,0.47587118098649983,4.039235804723403,2.998152303530178,484.09982845821594
0.8957083486814327,0.0,0.0,0.0,-0.13281709559279795,0.4759173932958733,4.039397036907326,2.9981123035301787,484.25064409284425
0.8956075509599417,0.0,0.0,0.0,-0.1319489000698633,0.4759623088735087,4.039558295846651,2.998072303530179,484.4014917400144
0.8955064006308536,0.0,0.0,0.0,-0.1310793298837185,0.47600592320678653,4.039719581543576,2.998032303530179,484.55237143388194
0.8954048943020231,0.0,0.0,0.0,-0.13020836705493685,0.4760482316737077,4.039880894000355,2.9979923035301788,484.7032832084718
0.895303028526429,0.0,0.0,0.0,-0.12933599331508577,0.4760892295406187,4.040042233219118,2.997952303530179,484.8542270979566
0.895200799800999,0.0,0.0,0.0,-0.12846219010068327,0.4761289119598884,4.040203599202058,2.9979123035301796,485.0052031364186
0.8950982045653042,0.0,0.0,0.0,-0.1275869385462118,0.4761672739674993,4.04036499195137,2.9978723035301797,485.1562113578991
0.8949952392002244,0.0,0.0,0.0,-0.12671021947699712,0.4762043104805692,4.0405264114692265,2.99783230353018,485.30725179645674
0.8948919000265919,0.0,0.0,0.0,-0.1258320134020214,0.4762400162948008,4.040687857757802,2.9977923035301797,485.45832448611066
0.8947881833037858,0.0,0.0,0.0,-0.12495230050644873,0.4762743860818489,4.040849330819263,2.9977523035301803,485.6094294608895
0.8946840852282875,0.0,0.0,0.0,-0.12407106064394925,0.47630741438661384,4.041010830655795,2.9977123035301805,485.76056675476946
0.8945796019321661,0.0,0.0,0.0,-0.1231882733286015,0.4763390956244346,4.041172357269516,2.99767230353018,485.91173640178465
0.8944747294816152,0.0,0.0,0.0,-0.12230391772728881,0.4763694240782272,4.041333910662663,2.997632303530181,486.06293843578885
0.894369463875255,0.0,0.0,0.0,-0.12141797265038362,0.4763983938954841,4.041495490837347,2.9975923035301815,486.21417289080114
0.8942638010425922,0.0,0.0,0.0,-0.12053041654380706,0.47642599908522826,4.041657097795735,2.997552303530181,486.36543980071315
0.8941577368422897,0.0,0.0,0.0,-0.11964122747969794,0.4764522335148397,4.041818731539981,2.997512303530181,486.51673919943914
0.8940512670604426,0.0,0.0,0.0,-0.11875038314728165,0.47647709090679013,4.041980392072222,2.9974723035301816,486.6680711208668
0.8939443874087859,0.0,0.0,0.0,-0.11785786084334693,0.47650056483527814,4.0421420793946305,2.9974323035301818,486.81943559884155
0.8938370935228269,0.0,0.0,0.0,-0.11696363746226064,0.4765226487227383,4.042303793509322,2.9973923035301815,486.9708326672476
0.8937293809599591,0.0,0.0,0.0,-0.11606768948598802,0.4765433358362591,4.042465534418456,2.9973523035301817,487.1222623598942
0.8936212451974671,0.0,0.0,0.0,-0.1151699929734319,0.4765626192838622,4.042627302124148,2.9973123035301823,487.2737247106181
0.893512681630517,0.0,0.0,0.0,-0.11427052354979578,0.4765804920106792,4.04278909662856,2.997272303530183,487.42521975317766
0.8934036855700137,0.0,0.0,0.0,-0.11336925639508542,0.4765969467949777,4.042950917933806,2.9972323035301827,487.5767475213685
0.8932942522404532,0.0,0.0,0.0,-0.11246616623273753,0.4766119762440729,4.043112766042004,2.997192303530183,487.7283080489765
0.893184376777686,0.0,0.0,0.0,-0.11156122731774724,0.4766255727901009,4.043274640955294,2.9971523035301826,487.8799013696896
0.8930740542265658,0.0,0.0,0.0,-0.11065441342405558,0.47663772868563375,4.043436542675812,2.997112303530183,488.03152751725406
0.892963279538551,0.0,0.0,0.0,-0.10974569783180882,0.4766484359991507,4.043598471205638,2.9970723035301834,488.1831865253954
0.8928520475692515,0.0,0.0,0.0,-0.10883505331434606,0.47665768661037067,4.043760426546911,2.9970323035301836,488.3348784277713
0.8927403530758196,0.0,0.0,0.0,-0.10792245212420948,0.4766654722053893,4.043922408701712,2.996992303530184,488.48660325809703
0.8926281907143335,0.0,0.0,0.0,-0.10700786597930607,0.47667178427168655,4.0440844176721775,2.9969523035301844,488.63836104998006
0.8925155550370294,0.0,0.0,0.0,-0.10609126604811898,0.4766766140929239,4.0442464534604445,2.996912303530184,488.79015183701813
0.8924024404893921,0.0,0.0,0.0,-0.10517262293406067,0.4766799527435463,4.044408516068521,2.9968723035301843,488.9419756529319
0.8922888414073505,0.0,0.0,0.0,-0.10425190666086524,0.47668179108327735,4.044570605498603,2.9968323035301845,489.0938325311855
0.8921747520140523,0.0,0.0,0.0,-0.10332908665499085,0.47668211975127783,4.0447327217527205,2.996792303530185,489.24572250544907
0.8920601664168135,0.0,0.0,0.0,-0.10240413172964584,0.4766809291602189,4.044894864832974,2.996752303530185,489.39764560927733
0.8919450786038173,0.0,0.0,0.0,-0.1014770100671206,0.4766782094900763,4.045057034741475,2.996712303530185,489.5496018761768
0.8918294824406974,0.0,0.0,0.0,-0.10054768920054691,0.47667395068169993,4.045219231480323,2.996672303530185,489.70159133961977
0.8917133716669658,0.0,0.0,0.0,-0.09961613599473444,0.47666814243013034,4.04538145505155,2.9966323035301854,489.8536140332302
0.8915967398924577,0.0,0.0,0.0,-0.09868231662746038,0.4766607741777314,4.0455437054572565,2.996592303530186,490.00566999041257
0.891479580593453,0.0,0.0,0.0,-0.09774619656857933,0.47665183510698156,4.045705982699529,2.9965523035301858,490.1577592446505
0.8913618871087644,0.0,0.0,0.0,-0.09680774055922538,0.47664131413303473,4.045868286780421,2.996512303530186,490.309881829392
0.8912436526356382,0.0,0.0,0.0,-0.09586691258992369,0.47662919989598845,4.046030617702006,2.9964723035301857,490.4620377780832
0.891124870225522,0.0,0.0,0.0,-0.0949236758780439,0.47661548075285337,4.046192975466348,2.9964323035301863,490.61422712411957
0.8910055327796318,0.0,0.0,0.0,-0.09397799284409918,0.47660014476920276,4.0463553600755215,2.996392303530186,490.76644990089324
0.8908856330443767,0.0,0.0,0.0,-0.09302982508735223,0.47658317971050024,4.046517771531593,2.9963523035301867,490.9187061417516
0.8907651636065639,0.0,0.0,0.0,-0.09207913336017481,0.47656457303306393,4.046680209836584,2.996312303530187,491.07099588009146
0.8906441168884827,0.0,0.0,0.0,-0.09112587754188439,0.4765443118747143,4.046842674992574,2.9962723035301875,491.22331914921904
0.890522485142698,0.0,0.0,0.0,-0.09017001661085272,0.47652238304498395,4.047005167001604,2.996232303530187,491.3756759824729
0.890400260446715,0.0,0.0,0.0,-0.08921150861608673,0.47649877301497745,4.047167685865721,2.996192303530188,491.5280664131378
0.890277434697338,0.0,0.0,0.0,-0.0882503106469996,0.4764734679067671,4.047330231586913,2.9961523035301876,491.680490474576
0.8901539996049759,0.0,0.0,0.0,-0.08728637880325546,0.47644645348245135,4.047492804167331,2.9961123035301873,491.8329481998901
0.8900299466873776,0.0,0.0,0.0,-0.08631966816089065,0.47641771513255865,4.0476554036089345,2.996072303530188,491.9854396224414
0.889905267263475,0.0,0.0,0.0,-0.08535013273976728,0.4763872378641811,4.04781802991376,2.9960323035301877,492.13796477542166
0.8897799524467317,0.0,0.0,0.0,-0.08437772546790327,0.4763550062884674,4.047980683083868,2.9959923035301887,492.2905236920202
0.8896539931382356,0.0,0.0,0.0,-0.0834023981444909,0.4763210046075897,4.048143363121239,2.995952303530189,492.44311640547517
0.8895273800195935,0.0,0.0,0.0,-0.08242410140207165,0.4762852166012093,4.0483060700279205,2.995912303530189,492.5957429489156
0.8894001035454011,0.0,0.0,0.0,-0.08144278466618642,0.4762476256122754,4.048468803805938,2.9958723035301893,492.74840335548345
0.889272153935409,0.0,0.0,0.0,-0.08045839611347615,0.47620821453221546,4.048631564457289,2.9958323035301886,492.90109765834677
0.8891435211664133,0.0,0.0,0.0,-0.07947088262844428,0.4761669657855081,4.04879435198402,2.995792303530189,493.05382589055296
0.889014194963611,0.0,0.0,0.0,-0.07848018975701988,0.47612386131344847,4.048957166388071,2.9957523035301903,493.20658808530845
0.8888841647918093,0.0,0.0,0.0,-0.07748626165981537,0.47607888255734304,4.049120007671517,2.9957123035301896,493.3593842755703
0.8887534198459762,0.0,0.0,0.0,-0.07648904106137448,0.4760320104407435,4.049282875836348,2.99567230353019,493.51221449442994
0.888621949041482,0.0,0.0,0.0,-0.07548846919800396,0.4759832253509598,4.049445770884534,2.99563230353019,493.66507877494803
0.8884897410039142,0.0,0.0,0.0,-0.07448448576338143,0.4759325071197133,4.049608692818101,2.9955923035301897,493.8179771501178
0.8883567840582889,0.0,0.0,0.0,-0.07347702885070573,0.47587983500278663,4.049771641639,2.9955523035301903,493.9709096529808
0.8882230662178769,0.0,0.0,0.0,-0.072466034893019,0.47582518765879767,4.049934617349256,2.9955123035301905,494.123876316473
0.8880885751723766,0.0,0.0,0.0,-0.07145143859983233,0.4757685431268527,4.050097619950853,2.9954723035301907,494.27687717354274
0.8879532982755199,0.0,0.0,0.0,-0.07043317289072556,0.4757098788031164,4.0502606494457325,2.995432303530191,494.42991225720584
0.8878172225322013,0.0,0.0,0.0,-0.06941116882664439,0.4756491714163211,4.050423705835932,2.995392303530191,494.58298160030586
0.8876803345847258,0.0,0.0,0.0,-0.06838535553605171,0.4755863970018654,4.050586789123387,2.9953523035301917,494.7360852357855
0.8875426206985497,0.0,0.0,0.0,-0.0673556601386783,0.4755215308747487,4.050749899310065,2.9953123035301914,494.8892231965392
0.8874040667472335,0.0,0.0,0.0,-0.06632200766496658,0.4754545476010689,4.050913036397964,2.9952723035301916,495.0423955154048
0.887264658196562,0.0,0.0,0.0,-0.06528432097094965,0.4753854209679973,4.051076200389037,2.9952323035301913,495.19560222524365
0.887124380087879,0.0,0.0,0.0,-0.0642425206489908,0.4753141239522197,4.051239391285228,2.9951923035301924,495.34884335889365
0.8869832170205548,0.0,0.0,0.0,-0.063196524933911,0.4752406286867111,4.051402609088509,2.995152303530192,495.5021189491341
0.8868411531334613,0.0,0.0,0.0,-0.062146249603682695,0.47516490642568215,4.051565853800863,2.995112303530192,495.6554290287569
0.8866981720854142,0.0,0.0,0.0,-0.06109160787456991,0.47508692750759723,4.051729125424193,2.9950723035301925,495.8087736305781
0.8865542570346782,0.0,0.0,0.0,-0.06003251029144622,0.47500666131627306,4.051892423960483,2.9950323035301922,495.9621527872781
0.8864093906171152,0.0,0.0,0.0,-0.05896886461047457,0.4749240762396252,4.052055749411646,2.9949923035301924,496.11556653165303
0.8862635549233254,0.0,0.0,0.0,-0.05790057567675499,0.47483913962627683,4.052219101779667,2.9949523035301926,496.26901489636384
0.8861167314742229,0.0,0.0,0.0,-0.05682754529314844,0.47475181773946346,4.052382481066404,2.994912303530193,496.42249791418703
0.8859689011955271,0.0,0.0,0.0,-0.055749672083797816,0.4746620757085597,4.0525458872739,2.994872303530194,496.57601561767956
0.8858200443903357,0.0,0.0,0.0,-0.05466685134668444,0.4745698774773762,4.052709320403976,2.994832303530193,496.72956803961927
0.8856701407105206,0.0,0.0,0.0,-0.05357897490055829,0.4744751857498028,4.052872780458636,2.9947923035301938,496.88315521254356
0.8855191691259999,0.0,0.0,0.0,-0.05248593091984777,0.47437796193180404,4.053036267439786,2.994752303530194,497.0367771690966
0.8853671078923568,0.0,0.0,0.0,-0.05138760376102414,0.47427816607007695,4.053199781349322,2.994712303530194,497.19043394193363
0.8852139345164616,0.0,0.0,0.0,-0.05028387377824665,0.47417575678692014,4.053363322189199,2.994672303530194,497.3441255635353
0.8850596257197462,0.0,0.0,0.0,-0.04917461712610273,0.4740706912108369,4.053526889961301,2.994632303530195,497.49785206652064
0.8849041573993303,0.0,0.0,0.0,-0.04805970555108058,0.4739629249028971,4.053690484667535,2.994592303530194,497.6516134834528
0.8847475045865939,0.0,0.0,0.0,-0.04693900616926414,0.4738524117783013,4.05385410630984,2.994552303530194,497.80540984677407
0.8845896414028815,0.0,0.0,0.0,-0.04581238122836428,0.4737391040226584,4.054017754890063,2.9945123035301955,497.9592411890728
0.8844305410125314,0.0,0.0,0.0,-0.04467968785575859,0.47362295200296517,4.054181430410197,2.9944723035301957,498.1131075427098
0.8842701755723712,0.0,0.0,0.0,-0.04354077778702595,0.4735039041722052,4.054345132872058,2.9944323035301945,498.2670089402674
0.8841085161781648,0.0,0.0,0.0,-0.04239549707865066,0.4733819069678299,4.054508862277569,2.9943923035301956,498.4209454141144
0.8839455328069343,0.0,0.0,0.0,-0.041243685797984424,0.4732569047027819,4.054672618628597,2.9943523035301958,498.57491699673153
0.8837811942554898,0.0,0.0,0.0,-0.040085177693208095,0.4731288394490904,4.054836401927031,2.9943123035301964,498.7289237204874
0.8836154680743864,0.0,0.0,0.0,-0.03891979983846543,0.4729976509129556,4.055000212174776,2.994272303530196,498.8829656177612
0.8834483204970743,0.0,0.0,0.0,-0.037747372253164393,0.4728632763007282,4.055164049373701,2.994232303530196,499.037042720926
0.8832797163638424,0.0,0.0,0.0,-0.03656770749331358,0.4727256501749974,4.055327913525689,2.994192303530196,499.1911550623156
0.8831096190399444,0.0,0.0,0.0,-0.035380610211455894,0.47258470429974336,4.0554918046326,2.9941523035301962,499.34530267426453
0.882937990327522,0.0,0.0,0.0,-0.03418587668330847,0.4724403674736946,4.0556557226963434,2.994112303530196,499.49948558902236
0.8827647903704535,0.0,0.0,0.0,-0.032983294296067577,0.47229256535045777,4.055819667718667,2.9940723035301966,499.65370383903667
0.8825899775520628,0.0,0.0,0.0,-0.031772640998818116,0.4721412202448305,4.055983639701573,2.994032303530197,499.8079574563785
0.8824135083838982,0.0,0.0,0.0,-0.030553684704020045,0.4719862509227208,4.056147638646824,2.9939923035301965,499.9622464734297
0.8822353373859873,0.0,0.0,0.0,-0.0293261826439012,0.47182757237447576,4.056311664556317,2.993952303530197,500.11657092235646
0.882055416956619,0.0,0.0,0.0,-0.028089880669919864,0.47166509556872627,4.056475717431939,2.9939123035301973,500.2709308353176
0.8818736972309972,0.0,0.0,0.0,-0.026844512492289987,0.47149872718518565,4.056639797275394,2.9938723035301975,500.42532624467424
0.8816901259280331,0.0,0.0,0.0,-0.025589798856177494,0.47132836932470445,4.056803904088717,2.9938323035301972,500.57975718236753
0.8815046481826759,0.0,0.0,0.0,-0.024325446638986163,0.47115391919257543,4.056968037873625,2.993792303530197,500.7342236806868
0.8813172063638341,0.0,0.0,0.0,-0.023051147870933097,0.4709752687540581,4.057132198631977,2.993752303530197,500.88872577175516
0.8811277398749627,0.0,0.0,0.0,-0.021766578661676497,0.4707923043574715,4.057296386365622,2.9937123035301965,501.0432634876271
0.8809361849359156,0.0,0.0,0.0,-0.020471398026102195,0.4706049063218014,4.057460601076403,2.993672303530197,501.19783686040944
0.880742474343676,0.0,0.0,0.0,-0.019165246596208284,0.47041294848444487,4.0576248427661,2.993632303530197,501.35244592219067
0.8805465372095622,0.0,0.0,0.0,-0.01784774520626689,0.47021629770443996,4.057789111436527,2.9935923035301957,501.5070907050664
0.8803482986699208,0.0,0.0,0.0,-0.016518493335085115,0.47001481331561074,4.057953407089607,2.9935523035301954,501.66177124090416
0.880147679566591,0.0,0.0,0.0,-0.015177067384864695,0.4698083465228364,4.058117729727081,2.9935123035301956,501.8164875618197
0.8799445960940767,0.0,0.0,0.0,-0.013823018781061604,0.46959673973513877,4.058282079350744,2.9934723035301958,501.97123969982135
0.8797389594082582,0.0,0.0,0.0,-0.012455871864530042,0.4693798258262975,4.058446455962391,2.993432303530196,502.12602768688464
0.8795306751918047,0.0,0.0,0.0,-0.011075121550224193,0.46915742731363935,4.0586108595639185,2.993392303530195,502.2808515548588
0.879319643169946,0.0,0.0,0.0,-0.00968023071791695,0.4689293554432041,4.058775290157056,2.993352303530194,502.43571133577643
0.8791057565700657,0.0,0.0,0.0,-0.008270627300138205,0.4686954091686617,4.058939747743609,2.993312303530192,502.59060706149273
0.8788889015163771,0.0,0.0,0.0,-0.006845701019691363,0.4684553740077476,4.059104232325383,2.9932723035301914,502.7455387638937
0.8786689563500739,0.0,0.0,0.0,-0.0054047997249873385,0.46820902075802046,4.059268743904152,2.99323230353019,502.9005064748933
0.8784457908636507,0.0,0.0,0.0,-0.003947225262389419,0.46795610405046745,4.05943328248174,2.993192303530188,503.0555102262757
0.8782192654353118,0.0,0.0,0.0,-0.0024722288090963883,0.46769636071462106,4.0595978480599,2.993152303530186,503.21055004989705
0.8779892300475216,0.0,0.0,0.0,-0.0009790055808389824,0.4674295079248707,4.059762440640436,2.993112303530183,503.3656259775305
0.87775552316983,0.0,0.0,0.0,0.0005333111931643653,0.4671552410906205,4.059927060225077,2.993072303530179,503.52073804104066
0.877517970482563,0.0,0.0,0.0,0.0020656571542751155,0.46687323144602116,4.060091706815654,2.9930323035301742,503.6758862721034
0.8772763834123806,0.0,0.0,0.0,0.003619044714450208,0.46658312328471524,4.060256380413918,2.9929923035301687,503.8310707024708
0.8770305574450894,0.0,0.0,0.0,0.005194572158899765,0.4662845307741222,4.060421081021627,2.99295230353016,503.98629136390764
0.8767802701726966,0.0,0.0,0.0,0.006793434183885627,0.4659770342681439,4.060585808640544,2.9929123035301504,504.1415482880575
0.876525279021425,0.0,0.0,0.0,0.008416934157750546,0.4656601760179176,4.060750563272456,2.9928723035301363,504.29684150657056
0.8762653185949254,0.0,0.0,0.0,0.010066498460348974,0.465333455156376,4.0609153449191036,2.9928323035301183,504.4521710511011
0.8760000975497587,0.0,0.0,0.0,0.011743693349124881,0.4649963218002682,4.061080153582254,2.992792303530095,504.6075369532459
0.875729294898277,0.0,0.0,0.0,0.013450244918752649,0.4646481700718444,4.061244989263619,2.992752303530063,504.7629392446163
0.8754525556055693,0.0,0.0,0.0,0.015188062874798793,0.46428832978856616,4.061409851965043,2.9927123035300194,504.9183779566141
0.8751694853075308,0.0,0.0,0.0,0.016959269056835046,0.4639160564949705,4.061574741688243,2.9926723035299596,505.0738531207112
0.8748796439268148,0.0,0.0,0.0,0.018766231917225307,0.4635305194152386,4.061739658435016,2.992632303529876,505.229364768201
0.8745825378907165,0.0,0.0,0.0,0.02061160855634691,0.46313078676869995,4.061904602207117,2.9925923035297575,505.3849129303601
0.8742776105584351,0.0,0.0,0.0,0.022498396436353475,0.4627158077076854,4.062069573006383,2.992552303529586,505.54049763809303
0.8739642303260644,0.0,0.0,0.0,0.024429997648896893,0.46228438987539966,4.062234570834739,2.992512303529333,505.6961189219679
0.8736416756815674,0.0,0.0,0.0,0.026410299672338218,0.4618351712114566,4.062399595694123,2.992472303528954,505.8517768120397
0.8733091161957764,0.0,0.0,0.0,0.02844377810251594,0.461366584093174,4.062564647586603,2.9924323035283726,506.00747133735683
0.8729655880112749,0.0,0.0,0.0,0.030535629135916925,0.4608768091009715,4.062729726514685,2.9923923035274544,506.1632025250887
0.8726099617033196,0.0,0.0,0.0,0.03269194332176773,0.460363714409983,4.062894832458922,2.992352303530205,506.31897053427883
0.872240899663814,0.0,0.0,0.0,0.034919935906803895,0.45982477538322714,4.063059965454789,2.9923123035302055,506.47477519188845
0.8718567977953475,0.0,0.0,0.0,0.03722826218121942,0.4592569646615132,4.063225125489546,2.992272303530206,506.63061661688255
0.8714557048468231,0.0,0.0,0.0,0.03962745365540833,0.4586566000275997,4.063390312564991,2.9922323035302054,506.78649484047816
0.8710352070815853,0.0,0.0,0.0,0.04213054185369556,0.45801912694894836,4.063555526682732,2.9921923035302065,506.94240989413015
0.870592258500415,0.0,0.0,0.0,0.04475397669028632,0.45733879847988645,4.063720767844323,2.9921523035302067,507.09836180934263
0.8701229213902862,0.0,0.0,0.0,0.047519030106959285,0.456608186129817,4.063886036051686,2.992112303530206,507.25435061713927
0.8696219514624656,0.0,0.0,0.0,0.05045404078684436,0.45581739780483416,4.06405133130643,2.992072303530206,507.4103763488449
