x,y,z,xdot,ydot,zdot,Period,JC,Stability
0.8547994500124554,0.0,1.4909472813930664e-8,0.0,-0.1337328413924978,0.0,2.742994080485373,3.1743519429040297,2361.1537167851493
0.8548226436432733,0.0,0.0018686276776111134,0.0,-0.1338328413924978,0.0,2.743025621019357,3.1743124039924697,2359.5551540208908
0.8548458460929119,0.0,0.0026428815093633064,0.0,-0.13393284139249778,0.0,2.7430571738611507,3.174272843325789,2357.9565808353555
0.8548690572530392,0.0,0.0032371458373749275,0.0,-0.13403284139249777,0.0,2.743088739568921,3.174233261166626,2356.3580135632837
0.8548922771235551,0.0,0.003738266852389262,0.0,-0.13413284139249776,0.0,2.7431203181229526,3.1741936575275886,2354.7594538414087
0.8549155057046316,0.0,0.004179880218202069,0.0,-0.13423284139249775,0.0,2.743151909502027,3.1741540324204647,2353.1609032012593
0.8549387429963518,0.0,0.004579234670873256,0.0,-0.13433284139249774,0.0,2.7431835136853855,3.1741143858572824,2351.5623631978933
0.8549619889989294,0.0,0.004946575783403385,0.0,-0.13443284139249773,0.0,2.74321513065152,3.174074717849719,2349.9638353484293
0.8549852437124947,0.0,0.00528857848127392,0.0,-0.13453284139249772,0.0,2.74324676037937,3.1740350284096785,2348.365321192377
0.8550085071371928,0.0,0.005609878748906099,0.0,-0.1346328413924977,0.0,2.7432784028477406,3.1739953175490268,2346.766822262208
0.8550317792731696,0.0,0.005913851701481598,0.0,-0.1347328413924977,0.0,2.7433100580354166,3.173955585279628,2345.16834008972
0.8550550601205706,0.0,0.006203045038771789,0.0,-0.13483284139249768,0.0,2.7433417259211645,3.1739158316133507,2343.5698762051416
0.8550783496795381,0.0,0.006479437883430905,0.0,-0.13493284139249767,0.0,2.743373406483717,3.173876056562069,2341.971432137368
0.8551016479502148,0.0,0.006744603979018208,0.0,-0.13503284139249766,0.0,2.743405099701796,3.1738362601376626,2340.373009414386
0.8551249549329427,0.0,0.006999819197795013,0.0,-0.13513284139249765,0.0,2.743436805553014,3.1737964423513443,2338.774609466822
0.8551482706273782,0.0,0.007246134914857141,0.0,-0.13523284139249764,0.0,2.743468524018643,3.1737566032166113,2337.1762340512873
0.8551715950339766,0.0,0.007484429738372549,0.0,-0.13533284139249763,0.0,2.743500255075634,3.1737167427443014,2335.577884540512
0.8551949281528591,0.0,0.007715446778578806,0.0,-0.13543284139249762,0.0,2.7435319987027014,3.173676860946366,2333.979562465931
0.8552182699841523,0.0,0.0079398212158405,0.0,-0.1355328413924976,0.0,2.7435637548784957,3.1736369578347374,2332.381269352579
0.8552416205279878,0.0,0.008158101043252009,0.0,-0.1356328413924976,0.0,2.7435955235816327,3.173597033421334,2330.78300672432
0.8552649797844949,0.0,0.008370762949336828,0.0,-0.13573284139249758,0.0,2.7436273047906825,3.1735570877180783,2329.1847761010754
0.8552883477538051,0.0,0.008578224664235398,0.0,-0.13583284139249757,0.0,2.7436590984842,3.1735171207368906,2327.5865790023695
0.8553117244360481,0.0,0.008780854686410895,0.0,-0.13593284139249756,0.0,2.7436909046407063,3.1734771324896967,2325.9884169459
0.8553351098313522,0.0,0.008978980038876695,0.0,-0.13603284139249755,0.0,2.7437227232387014,3.1734371229884237,2324.3902914475934
0.8553585039398461,0.0,0.009172892521840467,0.0,-0.13613284139249754,0.0,2.7437545542566673,3.1733970922450037,2322.7922040228555
0.8553819067616558,0.0,0.009362853803295861,0.0,-0.13623284139249753,0.0,2.7437863976730528,3.173357040271375,2321.194156185149
0.8554053182969068,0.0,0.009549099601235496,0.0,-0.13633284139249752,0.0,2.743818253466292,3.1733169670794754,2319.5961494470175
0.8554287385457239,0.0,0.009731843147917736,0.0,-0.1364328413924975,0.0,2.7438501216147975,3.173276872681254,2317.99818531999
0.8554521675082288,0.0,0.009911278081371181,0.0,-0.1365328413924975,0.0,2.7438820020969508,3.1732367570886586,2316.4002653133234
0.8554756051845438,0.0,0.010087580875806246,0.0,-0.13663284139249748,0.0,2.7439138948911173,3.173196620313647,2314.8023909366443
0.8554990515747892,0.0,0.010260912897690308,0.0,-0.13673284139249747,0.0,2.7439457999756427,3.1731564623681767,2313.2045636972257
0.8555225066790838,0.0,0.010431422155629342,0.0,-0.13683284139249746,0.0,2.743977717328843,3.173116283264214,2311.6067851015987
0.8555459704975453,0.0,0.010599244798042057,0.0,-0.13693284139249745,0.0,2.744009646929019,3.1730760830137275,2310.0090566547924
0.8555694430302899,0.0,0.010764506401637763,0.0,-0.13703284139249744,0.0,2.744041588754442,3.1730358616286924,2308.4113798607864
0.8555929242774328,0.0,0.010927323085364515,0.0,-0.13713284139249743,0.0,2.7440735427833682,3.172995619121087,2306.8137562223
0.8556164142390879,0.0,0.011087802477856788,0.0,-0.13723284139249742,0.0,2.744105508994025,3.1729553555028946,2305.216187241024
0.8556399129153676,0.0,0.011246044561291817,0.0,-0.1373328413924974,0.0,2.744137487364623,3.172915070786105,2303.6186744170786
0.8556634203063826,0.0,0.011402142410370552,0.0,-0.1374328413924974,0.0,2.744169477873345,3.1728747649827116,2302.021219249715
0.8556869364122424,0.0,0.011556182841991952,0.0,-0.13753284139249738,0.0,2.744201480498352,3.1728344381047124,2300.4238232364346
0.8557104612330565,0.0,0.011708246988421586,0.0,-0.13763284139249737,0.0,2.744233495217789,3.1727940901641105,2298.826487874518
0.8557339947689306,0.0,0.011858410804658378,0.0,-0.13773284139249736,0.0,2.7442655220097687,3.1727537211729135,2297.2292146586888
0.8557575370199716,0.0,0.012006745519101606,0.0,-0.13783284139249735,0.0,2.7442975608523907,3.1727133311431337,2295.6320050833815
0.8557810879862828,0.0,0.01215331803494856,0.0,-0.13793284139249734,0.0,2.744329611723722,3.172672920086791,2294.0348606416683
0.8558046476679684,0.0,0.012298191288875618,0.0,-0.13803284139249733,0.0,2.744361674601818,3.1726324880159043,2292.4377828251536
0.8558282160651287,0.0,0.012441424572288029,0.0,-0.13813284139249732,0.0,2.744393749464699,3.1725920349425047,2290.84077312436
0.8558517931778651,0.0,0.012583073819982476,0.0,-0.1382328413924973,0.0,2.744425836290375,3.172551560878621,2289.243833028505
0.8558753790062756,0.0,0.012723191869976938,0.0,-0.1383328413924973,0.0,2.7444579350568237,3.172511065836292,2287.6469640253863
0.8558989735504591,0.0,0.01286182869812874,0.0,-0.13843284139249729,0.0,2.7444900457420096,3.172470549827558,2286.0501676020845
0.8559225768105108,0.0,0.012999031630316744,0.0,-0.13853284139249727,0.0,2.744522168323863,3.172430012864467,2284.453445244094
0.8559461887865258,0.0,0.013134845534891708,0.0,-0.13863284139249726,0.0,2.7445543027803003,3.1723894549590703,2282.8567984356346
0.8559698094785972,0.0,0.013269312997468379,0.0,-0.13873284139249725,0.0,2.7445864490892076,3.1723488761234235,2281.2602286596884
0.8559934388868177,0.0,0.01340247448011183,0.0,-0.13883284139249724,0.0,2.744618607228458,3.172308276369588,2279.66373739798
0.856017077011278,0.0,0.01353436846648252,0.0,-0.13893284139249723,0.0,2.7446507771758957,3.17226765570963,2278.0673261313063
0.856040723852067,0.0,0.013665031594498438,0.0,-0.13903284139249722,0.0,2.7446829589093396,3.1722270141556197,2276.470996338721
0.8560643794092729,0.0,0.013794498777792583,0.0,-0.1391328413924972,0.0,2.74471515240659,3.172186351719633,2274.874749498493
0.8560880436829826,0.0,0.013922803317055575,0.0,-0.1392328413924972,0.0,2.7447473576454233,3.1721456684137515,2273.278587087474
0.8561117166732809,0.0,0.014049977002330606,0.0,-0.1393328413924972,0.0,2.7447795746035912,3.172104964250059,2271.682510580765
0.8561353983802513,0.0,0.014176050207100423,0.0,-0.13943284139249718,0.0,2.7448118032588247,3.1720642392406475,2270.0865214532437
0.8561590888039767,0.0,0.014301051974998187,0.0,-0.13953284139249716,0.0,2.7448440435888304,3.172023493397611,2268.490621177614
0.8561827879445382,0.0,0.014425010099782691,0.0,-0.13963284139249715,0.0,2.7448762955712933,3.171982726733051,2266.89481122573
0.8562064958020146,0.0,0.0145479511992557,0.0,-0.13973284139249714,0.0,2.744908559183872,3.17194193925907,2265.2990930678616
0.8562302123764849,0.0,0.014669900783660554,0.0,-0.13983284139249713,0.0,2.744940834404207,3.17190113098778,2263.703468173683
0.8562539376680254,0.0,0.014790883319028853,0.0,-0.13993284139249712,0.0,2.7449731212099104,3.1718603019312948,2262.1079380108736
0.8562776716767116,0.0,0.01491092228596481,0.0,-0.1400328413924971,0.0,2.745005419578575,3.1718194521017344,2260.5125040464723
0.8563014144026181,0.0,0.015030040234245073,0.0,-0.1401328413924971,0.0,2.7450377294877706,3.1717785815112225,2258.9171677458085
0.8563251658458156,0.0,0.015148258833553177,0.0,-0.1402328413924971,0.0,2.7450700509150354,3.171737690171891,2257.3219305727716
0.8563489260063771,0.0,0.015265598920797714,0.0,-0.14033284139249708,0.0,2.7451023838379003,3.1716967780958703,2255.7267939907433
0.8563726948843713,0.0,0.015382080544105111,0.0,-0.14043284139249707,0.0,2.745134728233858,3.171655845295302,2254.1317594610923
0.8563964724798667,0.0,0.015497723003955716,0.0,-0.14053284139249705,0.0,2.7451670840803866,3.1716148917823306,2252.5368284444166
0.85642025879293,0.0,0.015612544891556649,0.0,-0.14063284139249704,0.0,2.745199451354935,3.1715739175691033,2250.94200239966
0.856444053823627,0.0,0.015726564124741247,0.0,-0.14073284139249703,0.0,2.7452318300349376,3.1715329226677755,2249.347282784754
0.8564678575720208,0.0,0.015839797981549563,0.0,-0.14083284139249702,0.0,2.745264220097793,3.1714919070905054,2247.7526710562374
0.8564916700381745,0.0,0.015952263131712788,0.0,-0.140932841392497,0.0,2.7452966215208856,3.171450870849457,2246.158168669233
0.8565154912221484,0.0,0.016063975666139898,0.0,-0.141032841392497,0.0,2.7453290342815735,3.1714098139567994,2244.563777077777
0.8565393211240034,0.0,0.01617495112463688,0.0,-0.141132841392497,0.0,2.7453614583571944,3.1713687364247045,2242.969497734883
0.8565631597437968,0.0,0.016285204521886584,0.0,-0.14123284139249698,0.0,2.745393893725057,3.171327638265352,2241.375332091776
0.8565870070815855,0.0,0.016394750371931964,0.0,-0.14133284139249697,0.0,2.7454263403624513,3.1712865194909248,2239.7812815984726
0.8566108631374244,0.0,0.0165036027111693,0.0,-0.14143284139249696,0.0,2.7454587982466383,3.171245380113612,2238.1873477040667
0.8566347279113674,0.0,0.016611775120032916,0.0,-0.14153284139249694,0.0,2.745491267354862,3.171204220145607,2236.593531856028
0.8566586014034672,0.0,0.01671928074341181,0.0,-0.14163284139249693,0.0,2.7455237476643397,3.171163039599107,2234.999835500668
0.8566824836137741,0.0,0.016826132309906518,0.0,-0.14173284139249692,0.0,2.7455562391522648,3.1711218384863153,2233.406260082909
0.8567063745423372,0.0,0.016932342150016693,0.0,-0.1418328413924969,0.0,2.7455887417958045,3.1710806168194408,2231.8128070464754
0.8567302741892054,0.0,0.017037922213322627,0.0,-0.1419328413924969,0.0,2.7456212555721122,3.1710393746106953,2230.2194778338285
0.8567541825544246,0.0,0.017142884084697663,0.0,-0.1420328413924969,0.0,2.745653780458305,3.170998111872298,2228.6262738860937
0.8567780996380391,0.0,0.01724723899967597,0.0,-0.14213284139249688,0.0,2.7456863164314824,3.1709568286164713,2227.033196642915
0.8568020254400931,0.0,0.017350997858994695,0.0,-0.14223284139249687,0.0,2.745718863468721,3.1709155248554435,2225.4402475430998
0.8568259599606284,0.0,0.01745417124234655,0.0,-0.14233284139249686,0.0,2.7457514215470744,3.1708742006014465,2223.8474280235287
0.8568499031996856,0.0,0.017556769421430016,0.0,-0.14243284139249685,0.0,2.745783990643569,3.1708328558667187,2222.2547395203846
0.856873855157303,0.0,0.017658802372322622,0.0,-0.14253284139249683,0.0,2.745816570735206,3.170791490663503,2220.6621834681896
0.8568978158335183,0.0,0.017760279787234576,0.0,-0.14263284139249682,0.0,2.7458491617989695,3.1707501050040467,2219.069761300103
0.8569217852283679,0.0,0.017861211085644365,0.0,-0.1427328413924968,0.0,2.7458817638118136,3.170708698900603,2217.4774744483607
0.8569457633418859,0.0,0.01796160542490098,0.0,-0.1428328413924968,0.0,2.7459143767506715,3.170667272365428,2215.885324343369
0.8569697501741054,0.0,0.01806147171028949,0.0,-0.1429328413924968,0.0,2.7459470005924533,3.1706258254107866,2214.2933124147276
0.8569937457250578,0.0,0.01816081860461166,0.0,-0.14303284139249678,0.0,2.745979635314042,3.1705843580489446,2212.7014400904623
0.8570177499947728,0.0,0.018259654537303133,0.0,-0.14313284139249677,0.0,2.746012280892298,3.1705428702921754,2211.109708797212
0.8570417629832789,0.0,0.01835798771311206,0.0,-0.14323284139249676,0.0,2.746044937304057,3.170501362152756,2209.5181199607373
0.8570657846906031,0.0,0.01845582612037331,0.0,-0.14333284139249675,0.0,2.746077604526136,3.1704598336429695,2207.9266750048587
0.8570898151167706,0.0,0.018553177538885905,0.0,-0.14343284139249673,0.0,2.7461102825353185,3.1704182847751037,2206.3353753523397
0.8571138542618052,0.0,0.018650049547434242,0.0,-0.14353284139249672,0.0,2.7461429713083727,3.1703767155614493,2204.744222424771
0.8571379021257298,0.0,0.01874644953096508,0.0,-0.1436328413924967,0.0,2.746175670822038,3.1703351260143053,2203.1532176424707
0.8571619587085637,0.0,0.018842384687416478,0.0,-0.1437328413924967,0.0,2.746208381053029,3.1702935161459753,2201.562362424189
0.8571860240103278,0.0,0.018937862034294123,0.0,-0.1438328413924967,0.0,2.7462411019780393,3.170251885968763,2199.9716581874686
0.8572100980310386,0.0,0.019032888414880662,0.0,-0.14393284139249668,0.0,2.7462738335737384,3.170210235494985,2198.381106348258
0.857234180770713,0.0,0.01912747050423679,0.0,-0.14403284139249667,0.0,2.746306575816768,3.1701685647369557,2196.7907083218915
0.857258272229365,0.0,0.019221614814901256,0.0,-0.14413284139249666,0.0,2.7463393286837485,3.170126873706999,2195.200465521567
0.857282372407008,0.0,0.019315327702361777,0.0,-0.14423284139249665,0.0,2.7463720921512746,3.170085162417442,2193.610379359716
0.8573064813036528,0.0,0.01940861537028463,0.0,-0.14433284139249664,0.0,2.746404866195916,3.170043430880618,2192.0204512469813
0.8573305989193105,0.0,0.01950148387553848,0.0,-0.14443284139249662,0.0,2.7464376507942245,3.1700016791088625,2190.4306825931567
0.8573547252539883,0.0,0.019593939132963343,0.0,-0.1445328413924966,0.0,2.746470445922716,3.1699599071145212,2188.841074806321
0.8573788603076934,0.0,0.019685986920009634,0.0,-0.1446328413924966,0.0,2.7465032515578933,3.169918114909938,2187.2516292935275
0.8574030040804312,0.0,0.019777632881121346,0.0,-0.1447328413924966,0.0,2.7465360676762276,3.1698763025074683,2185.662347460084
0.8574271565722056,0.0,0.019868882531978556,0.0,-0.14483284139249658,0.0,2.746568894254172,3.1698344699194667,2184.0732307105714
0.8574513177830176,0.0,0.01995974126354446,0.0,-0.14493284139249657,0.0,2.746601731268144,3.1697926171582997,2182.484280447425
0.8574754877128686,0.0,0.02005021434598427,0.0,-0.14503284139249656,0.0,2.7466345786945494,3.1697507442363313,2180.895498072434
0.8574996663617576,0.0,0.02014030693238369,0.0,-0.14513284139249655,0.0,2.7466674365097643,3.1697088511659355,2179.306884985908
0.8575238537296811,0.0,0.02023002406235145,0.0,-0.14523284139249654,0.0,2.7467003046901364,3.1696669379594917,2177.7184425865294
0.8575480498166352,0.0,0.020319370665475806,0.0,-0.14533284139249653,0.0,2.746733183211994,3.1696250046293803,2176.130172271788
0.8575722546226148,0.0,0.020408351564644163,0.0,-0.14543284139249651,0.0,2.746766072051642,3.169583051187989,2174.542075437977
0.8575964681476115,0.0,0.02049697147922376,0.0,-0.1455328413924965,0.0,2.7467989711853544,3.1695410776477115,2172.9541534797527
0.8576206903916163,0.0,0.020585235028141965,0.0,-0.1456328413924965,0.0,2.746831880589385,3.1694990840209463,2171.3664077908034
0.8576449213546189,0.0,0.02067314673284419,0.0,-0.14573284139249648,0.0,2.746864800239963,3.1694570703200946,2169.7788397630875
0.857669161036607,0.0,0.02076071102012689,0.0,-0.14583284139249647,0.0,2.7468977301132926,3.1694150365575657,2168.1914507873225
0.8576934094375664,0.0,0.020847932224882147,0.0,-0.14593284139249646,0.0,2.7469306701855523,3.169372982745771,2166.6042422529044
0.8577176665574819,0.0,0.02093481459273069,0.0,-0.14603284139249645,0.0,2.7469636204328935,3.1693309088971304,2165.0172155481155
0.8577419323963364,0.0,0.021021362282569043,0.0,-0.14613284139249644,0.0,2.746996580831448,3.1692888150240663,2163.430372059481
0.8577662069541111,0.0,0.021107579369012093,0.0,-0.14623284139249643,0.0,2.7470295513573224,3.1692467011390058,2161.8437131724563
0.857790490230786,0.0,0.021193469844755224,0.0,-0.14633284139249642,0.0,2.747062531986596,3.1692045672543836,2160.257240271032
0.8578147822263386,0.0,0.021279037622848985,0.0,-0.1464328413924964,0.0,2.747095522695318,3.1691624133826375,2158.670954737704
0.8578390829407453,0.0,0.021364286538898783,0.0,-0.1465328413924964,0.0,2.747128523459526,3.16912023953621,2157.0848579537405
0.8578633923739809,0.0,0.021449220353179935,0.0,-0.14663284139249638,0.0,2.7471615342552194,3.169078045727551,2155.498951299042
0.8578877105260191,0.0,0.021533842752688093,0.0,-0.14673284139249637,0.0,2.7471945550583836,3.1690358319691123,2153.9132361523775
0.8579120373968308,0.0,0.021618157353099715,0.0,-0.14683284139249636,0.0,2.7472275858449695,3.1689935982733544,2152.3277138906915
0.857936372986386,0.0,0.021702167700693487,0.0,-0.14693284139249635,0.0,2.7472606265909096,3.1689513446527395,2150.742385890156
0.8579607172946527,0.0,0.021785877274184975,0.0,-0.14703284139249634,0.0,2.747293677272111,3.168909071119736,2149.1572535245177
0.8579850703215978,0.0,0.02186928948650209,0.0,-0.14713284139249633,0.0,2.7473267378644493,3.168866777686819,2147.572318167446
0.8580094320727303,0.0,0.02195240773736439,0.0,-0.14723284139249632,0.0,2.7473598083541555,3.168824464353964,2145.9875807365925
0.8580581817141433,0.0,0.02211777513466493,0.0,-0.14743284139249632,0.0,2.747425978866739,3.1687397781133955,2142.818707856613
0.8581069662352098,0.0,0.022282005190061523,0.0,-0.14763284139249633,0.0,2.7474921886473074,3.168655012460459,2139.6506444689617
0.8581557856300454,0.0,0.022445122499933787,0.0,-0.14783284139249633,0.0,2.747558437491431,3.1685701675076685,2136.4834019520054
0.8582046398982822,0.0,0.022607150833151998,0.0,-0.14803284139249634,0.0,2.7476247252046435,3.1684852433551205,2133.316991207437
0.8582535290395258,0.0,0.02276811312318872,0.0,-0.14823284139249635,0.0,2.7476910515920765,3.168400240102994,2130.1514231155306
0.8583024530533551,0.0,0.02292803150842552,0.0,-0.14843284139249635,0.0,2.747757416458455,3.1683151578515463,2126.986708533803
0.8583514119393203,0.0,0.023086927369972463,0.0,-0.14863284139249636,0.0,2.7478238196080946,3.16822999670112,2123.8228582980414
0.8584004056969466,0.0,0.023244821367248484,0.0,-0.14883284139249636,0.0,2.7478902608449105,3.168144756752139,2120.6598832215686
0.8584494343257305,0.0,0.02340173347140079,0.0,-0.14903284139249637,0.0,2.747956739972408,3.168059438105106,2117.4977940955123
0.8584984978251406,0.0,0.023557682996787954,0.0,-0.14923284139249637,0.0,2.748023256793679,3.1679740408606114,2114.3366016886466
0.85854759619462,0.0,0.023712688630640775,0.0,-0.14943284139249638,0.0,2.7480898111114143,3.167888565119322,2111.176316747637
0.8585967294335816,0.0,0.02386676846100043,0.0,-0.14963284139249639,0.0,2.748156402727887,3.1678030109819906,2108.016949996267
0.8586458975414115,0.0,0.02401994000310418,0.0,-0.1498328413924964,0.0,2.748223031444963,3.1677173785494515,2104.8585121362607
0.858695100517469,0.0,0.024172220224292457,0.0,-0.1500328413924964,0.0,2.748289697064096,3.167631667922621,2101.701013846814
0.8587443383610835,0.0,0.02432362556752256,0.0,-0.1502328413924964,0.0,2.7483563993863225,3.167545879202498,2098.5444657847574
0.8587936110715577,0.0,0.024474171973635245,0.0,-0.1504328413924964,0.0,2.748423138212274,3.167460012490163,2095.388878583827
0.8588429186481649,0.0,0.02462387490238983,0.0,-0.1506328413924964,0.0,2.748489913342157,3.1673740678867808,2092.23426285559
0.858892261090151,0.0,0.024772749352405688,0.0,-0.15083284139249642,0.0,2.7485567245757707,3.1672880454935983,2089.0806291890503
0.8589416383967332,0.0,0.02492080988004059,0.0,-0.15103284139249643,0.0,2.7486235717124945,3.1672019454119456,2085.9279881504217
0.8589910505670993,0.0,0.025068070617290203,0.0,-0.15123284139249643,0.0,2.748690454551287,3.1671157677432347,2082.7763502830617
0.8590404976004097,0.0,0.025214545288782007,0.0,-0.15143284139249644,0.0,2.7487573728906978,3.167029512588961,2079.625726107572
0.8590899794957946,0.0,0.025360247227876172,0.0,-0.15163284139249644,0.0,2.7488243265288466,3.1669431800507026,2076.4761261221042
0.8591394962523565,0.0,0.02550518939199611,0.0,-0.15183284139249645,0.0,2.7488913152634424,3.166856770230122,2073.3275608016893
0.859189047869168,0.0,0.025649384377162594,0.0,-0.15203284139249645,0.0,2.74895833889177,3.1667702832289635,2070.1800405985973
0.8592386343452728,0.0,0.025792844431832596,0.0,-0.15223284139249646,0.0,2.7490253972106893,3.1666837191490558,2067.033575942
0.8592882556796858,0.0,0.02593558147007004,0.0,-0.15243284139249647,0.0,2.7490924900166447,3.1665970780923076,2063.888177238546
0.8593379118713915,0.0,0.026077607084057965,0.0,-0.15263284139249647,0.0,2.7491596171056507,3.1665103601607174,2060.743854871608
0.8593876029193455,0.0,0.026218932556046647,0.0,-0.15283284139249648,0.0,2.7492267782733006,3.1664235654563604,2057.6006192013165
0.859437328822474,0.0,0.026359568869718637,0.0,-0.15303284139249648,0.0,2.7492939733147628,3.1663366940813997,2054.458480565476
0.8594870895796728,0.0,0.026499526721026557,0.0,-0.1532328413924965,0.0,2.7493612020247773,3.1662497461380803,2051.317449277942
0.8595368851898082,0.0,0.02663881652854102,0.0,-0.1534328413924965,0.0,2.7494284641976603,3.1661627217287323,2048.1775356300495
0.8595867156517167,0.0,0.0267774484433157,0.0,-0.1536328413924965,0.0,2.7494957596272993,3.1660756209557666,2045.0387498897155
0.8596365809642046,0.0,0.02691543235830917,0.0,-0.1538328413924965,0.0,2.7495630881071538,3.1659884439216808,2041.9011023017517
0.8596864811260476,0.0,0.02705277791738677,0.0,-0.1540328413924965,0.0,2.7496304494302506,3.165901190729056,2038.764603087831
0.8597364161359915,0.0,0.027189494523926116,0.0,-0.15423284139249652,0.0,2.7496978433891903,3.1658138614805558,2035.6292624458838
0.8597863859927513,0.0,0.027325591349032265,0.0,-0.15443284139249652,0.0,2.749765269776138,3.16572645627893,2032.4950905509997
0.8598363906950123,0.0,0.027461077339420634,0.0,-0.15463284139249653,0.0,2.749832728382832,3.1656389752270107,2029.3620975552008
0.8598864302414275,0.0,0.027595961224925584,0.0,-0.15483284139249653,0.0,2.7499002190005712,3.165551418427715,2026.2302935863502
0.8599365046306208,0.0,0.027730251525726966,0.0,-0.15503284139249654,0.0,2.7499677414202273,3.1654637859840435,2023.099688749206
0.8599866138611844,0.0,0.027863956559238245,0.0,-0.15523284139249655,0.0,2.750035295432231,3.1653760779990825,2019.9702931256102
0.8600367579316791,0.0,0.027997084446729215,0.0,-0.15543284139249655,0.0,2.7501028808265837,3.1652882945760012,2016.8421167730664
0.8600869368406348,0.0,0.02812964311965895,0.0,-0.15563284139249656,0.0,2.7501704973928414,3.1652004358180563,2013.7151697261415
0.8601371505865514,0.0,0.028261640325767338,0.0,-0.15583284139249656,0.0,2.7502381449201323,3.1651125018285837,2010.5894619958603
0.8601873991678956,0.0,0.02839308363488867,0.0,-0.15603284139249657,0.0,2.7503058231971433,3.1650244927110083,2007.4650035693812
0.8602376825831028,0.0,0.02852398044456011,0.0,-0.15623284139249657,0.0,2.750373532012116,3.1649364085688387,2004.3418044103983
0.8602880008305781,0.0,0.028654337985393845,0.0,-0.15643284139249658,0.0,2.7504412711528614,3.164848249505668,2001.2198744588427
0.8603383539086936,0.0,0.02878416332622943,0.0,-0.15663284139249659,0.0,2.750509040406742,3.164760015625174,1998.0992236313718
0.86038874181579,0.0,0.028913463379097785,0.0,-0.1568328413924966,0.0,2.7505768395606824,3.1646717070311188,1994.979861820209
0.8604391645501758,0.0,0.029042244903978155,0.0,-0.1570328413924966,0.0,2.7506446684011623,3.1645833238273515,1991.8617988944761
0.8604896221101284,0.0,0.029170514513385308,0.0,-0.1572328413924966,0.0,2.7507125267142243,3.1644948661178027,1988.745044699592
0.8605401144938906,0.0,0.029298278676757692,0.0,-0.1574328413924966,0.0,2.750780414285452,3.1644063340064927,1985.6296090564474
0.8605906416996758,0.0,0.02942554372471939,0.0,-0.15763284139249661,0.0,2.7508483308999994,3.164317727597523,1982.5155017627608
0.8606412037256631,0.0,0.029552315853131585,0.0,-0.15783284139249662,0.0,2.750916276342568,3.164229046995082,1979.4027325921725
0.8606918005699985,0.0,0.029678601127026825,0.0,-0.15803284139249663,0.0,2.750984250397405,3.1641402923034443,1976.2913112941478
0.8607424322307979,0.0,0.02980440548440201,0.0,-0.15823284139249663,0.0,2.751052252848324,3.1640514636269663,1973.181247594735
0.8607930987061413,0.0,0.02992973473983043,0.0,-0.15843284139249664,0.0,2.7511202834786777,3.163962561070095,1970.0725511956327
0.8608437999940777,0.0,0.03005459458799419,0.0,-0.15863284139249664,0.0,2.7511883420713734,3.1638735847373587,1966.9652317747664
0.8608945360926225,0.0,0.030178990607052394,0.0,-0.15883284139249665,0.0,2.751256428408867,3.1637845347333737,1963.8592989860072
0.8609453069997577,0.0,0.030302928261906337,0.0,-0.15903284139249665,0.0,2.751324542273166,3.1636954111628395,1960.7547624589229
0.8609961127134319,0.0,0.030426412907335474,0.0,-0.15923284139249666,0.0,2.751392683445818,3.163606214130544,1957.65163179936
0.8610469532315612,0.0,0.03054944979104073,0.0,-0.15943284139249667,0.0,2.7514608517079258,3.1635169437413593,1954.5499165888014
0.8610978285520271,0.0,0.030672044056560807,0.0,-0.15963284139249667,0.0,2.751529046840133,3.163427600100242,1951.4496263846436
0.8611487386726777,0.0,0.030794200746099107,0.0,-0.15983284139249668,0.0,2.751597268622627,3.1633381833122383,1948.3507707202907
0.8611996835913273,0.0,0.030915924803252896,0.0,-0.16003284139249668,0.0,2.7516655168351414,3.1632486934824766,1945.253359104589
0.8612506633057564,0.0,0.03103722107564699,0.0,-0.1602328413924967,0.0,2.7517337912569553,3.163159130716174,1942.1574010224522
0.8613016778137116,0.0,0.031158094317474794,0.0,-0.1604328413924967,0.0,2.7518020916668826,3.1630694951186324,1939.062905934652
0.8613527271129049,0.0,0.03127854919195773,0.0,-0.1606328413924967,0.0,2.7518704178432865,3.1629797867952383,1935.9698832771835
0.8614038112010143,0.0,0.03139859027372053,0.0,-0.1608328413924967,0.0,2.751938769564066,3.1628900058514673,1932.8783424621438
0.861454930075683,0.0,0.03151822205108743,0.0,-0.1610328413924967,0.0,2.7520071466066574,3.162800152392879,1929.7882928771864
0.86150608373452,0.0,0.03163744892830733,0.0,-0.16123284139249672,0.0,2.752075548748042,3.1627102265251215,1926.6997438854564
0.8615572721751003,0.0,0.03175627522769856,0.0,-0.16143284139249672,0.0,2.752143975764735,3.162620228353926,1923.6127048261756
0.8616084953949623,0.0,0.03187470519172364,0.0,-0.16163284139249673,0.0,2.752212427432788,3.162530157985114,1920.527185013328
0.8616597533916116,0.0,0.031992742985008885,0.0,-0.16183284139249673,0.0,2.75228090352779,3.16244001552459,1917.4431937373795
0.861711046162517,0.0,0.032110392696282644,0.0,-0.16203284139249674,0.0,2.752349403824864,3.162349801078347,1914.3607402635455
0.861762373705113,0.0,0.032227658340266,0.0,-0.16223284139249675,0.0,2.7524179280986645,3.162259514752464,1911.2798338329906
0.8618137360167986,0.0,0.03234454385949622,0.0,-0.16243284139249675,0.0,2.7524864761233854,3.1621691566531074,1908.2004836619963
0.8618651330949375,0.0,0.032461053126092564,0.0,-0.16263284139249676,0.0,2.752555047672747,3.1620787268865285,1905.1226989429483
0.861916564936858,0.0,0.03257718994347304,0.0,-0.16283284139249676,0.0,2.7526236425200055,3.1619882255590674,1902.0464888428062
0.8619680315398524,0.0,0.03269295804800873,0.0,-0.16303284139249677,0.0,2.7526922604379456,3.161897652777149,1898.9718625046337
0.8620195329011776,0.0,0.03280836111063756,0.0,-0.16323284139249677,0.0,2.7527609011988803,3.161807008647286,1895.8988290465086
0.8620710690180534,0.0,0.03292340273841651,0.0,-0.16343284139249678,0.0,2.7528295645746494,3.16171629327608,1892.8273975618135
0.8621226398876657,0.0,0.03303808647604636,0.0,-0.1636328413924968,0.0,2.7528982503366284,3.161625506770217,1889.7575771194395
0.862174245507162,0.0,0.033152415807322935,0.0,-0.1638328413924968,0.0,2.7529669582557137,3.1615346492364695,1886.6893767634551
0.8622258858736549,0.0,0.03326639415657061,0.0,-0.1640328413924968,0.0,2.7530356881023255,3.1614437207816994,1883.622805513362
0.8622775609842199,0.0,0.033380024890018886,0.0,-0.1642328413924968,0.0,2.7531044396464157,3.1613527215128543,1880.5578723635697
0.8623292708358968,0.0,0.03349331131714236,0.0,-0.1644328413924968,0.0,2.7531732126574573,3.161261651536969,1877.4945862841332
0.8623810154256873,0.0,0.03360625669195667,0.0,-0.16463284139249681,0.0,2.753242006904443,3.161170510961168,1874.432956220063
0.862432794750558,0.0,0.033718864214290586,0.0,-0.16483284139249682,0.0,2.753310822155895,3.1610792998926587,1871.372991091708
0.8624846088074369,0.0,0.03383113703100035,0.0,-0.16503284139249683,0.0,2.753379658179851,3.1609880184387387,1868.314699794149
0.8625364575932161,0.0,0.03394307823716706,0.0,-0.16523284139249683,0.0,2.753448514743872,3.1608966667067926,1865.2580911981609
0.86258834110475,0.0,0.03405469087725131,0.0,-0.16543284139249684,0.0,2.753517391615038,3.160805244804293,1862.2031741494277
0.862640259338856,0.0,0.034165977946214864,0.0,-0.16563284139249684,0.0,2.753586288559948,3.1607137528387983,1859.1499574685176
0.8626922122923137,0.0,0.03427694239061493,0.0,-0.16583284139249685,0.0,2.7536552053447205,3.160622190917956,1856.0984499512726
0.862744199961865,0.0,0.03438758710966077,0.0,-0.16603284139249685,0.0,2.753724141734986,3.1605305591495014,1853.0486603685513
0.862796222344215,0.0,0.03449791495625163,0.0,-0.16623284139249686,0.0,2.753793097495898,3.1604388576412554,1850.0005974663777
0.8628482794360295,0.0,0.034607928737970306,0.0,-0.16643284139249687,0.0,2.753862072392117,3.1603470865011287,1846.9542699652995
0.8629003712339384,0.0,0.034717631218071525,0.0,-0.16663284139249687,0.0,2.7539310661878287,3.160255245837118,1843.9096865614256
0.8629524977345308,0.0,0.034827025116410976,0.0,-0.16683284139249688,0.0,2.7540000786467203,3.160163335757311,1840.8668559253854
0.86300465893436,0.0,0.03493611311038869,0.0,-0.16703284139249688,0.0,2.7540691095319993,3.1600713563698792,1837.825786703027
0.8630568548299395,0.0,0.03504489783583007,0.0,-0.1672328413924969,0.0,2.754138158606383,3.1599793077830842,1834.7864875150128
0.863109085417745,0.0,0.03515338188786857,0.0,-0.1674328413924969,0.0,2.7542072256320957,3.159887190105276,1831.7489669568522
0.8631613506942137,0.0,0.035261567821794404,0.0,-0.1676328413924969,0.0,2.754276310370879,3.159795003444891,1828.7132335989213
0.8632136506557434,0.0,0.03536945815387508,0.0,-0.1678328413924969,0.0,2.754345412583977,3.159702747910455,1825.679295986704
0.8632659852986937,0.0,0.03547705536217024,0.0,-0.1680328413924969,0.0,2.7544145320321456,3.1596104236105798,1822.6471626402808
0.8633183546193844,0.0,0.03558436188730818,0.0,-0.16823284139249692,0.0,2.754483668475643,3.1595180306539694,1819.616842054421
0.8633707586140965,0.0,0.035691380133252744,0.0,-0.16843284139249692,0.0,2.754552821674234,3.1594255691494126,1816.5883426991086
0.8634231972790726,0.0,0.035798112468052215,0.0,-0.16863284139249693,0.0,2.7546219913871965,3.159333039205787,1813.5616730188212
0.8634756706105146,0.0,0.035904561224553266,0.0,-0.16883284139249694,0.0,2.754691177373306,3.1592404409320585,1810.5368414327093
0.8635281786045856,0.0,0.0360107287011153,0.0,-0.16903284139249694,0.0,2.7547603793908433,3.1591477744372813,1807.5138563349594
0.8635807212574088,0.0,0.03611661716229374,0.0,-0.16923284139249695,0.0,2.7548295971975882,3.1590550398305997,1804.4927260943387
0.8636332985650675,0.0,0.03622222883951429,0.0,-0.16943284139249695,0.0,2.7548988305508275,3.158962237221244,1801.473459054225
0.8636859105236058,0.0,0.03632756593172458,0.0,-0.16963284139249696,0.0,2.754968079207347,3.158869366718533,1798.456063532921
0.8637385571290267,0.0,0.036432630606028915,0.0,-0.16983284139249696,0.0,2.75503734292343,3.1587764284318776,1795.4405478232252
0.8637912383772933,0.0,0.03653742499831328,0.0,-0.17003284139249697,0.0,2.7551066214548596,3.1586834224707716,1792.426920192535
0.8638439542643295,0.0,0.03664195121385071,0.0,-0.17023284139249698,0.0,2.7551759145569217,3.1585903489448017,1789.415188883304
0.8638967047860172,0.0,0.036746211327889126,0.0,-0.17043284139249698,0.0,2.755245221984393,3.1584972079636415,1786.4053621119726
0.8639494899381974,0.0,0.03685020738622502,0.0,-0.170632841392497,0.0,2.7553145434915454,3.1584039996370543,1783.3974480698444
0.8640023097166726,0.0,0.03695394140577866,0.0,-0.170832841392497,0.0,2.755383878832156,3.1583107240748904,1780.3914549231158
0.8640551641172028,0.0,0.0370574153751279,0.0,-0.171032841392497,0.0,2.7554532277594865,3.1582173813870904,1777.3873908123128
0.8641080531355073,0.0,0.03716063125504884,0.0,-0.171232841392497,0.0,2.755522590026295,3.1581239716836826,1774.3852638523636
0.8641609767672639,0.0,0.037263590979038426,0.0,-0.171432841392497,0.0,2.7555919653848346,3.1580304950747853,1771.3850821330147
0.8642139350081102,0.0,0.037366296453825866,0.0,-0.17163284139249702,0.0,2.755661353586845,3.157936951670604,1768.3868537183898
0.8642669278536412,0.0,0.037468749559866406,0.0,-0.17183284139249702,0.0,2.755730754383562,3.1578433415814353,1765.3905866471255
0.8643199552994114,0.0,0.037570952151830234,0.0,-0.17203284139249703,0.0,2.75580016752571,3.1577496649176617,1762.3962889325112
0.8643730173409325,0.0,0.03767290605907437,0.0,-0.17223284139249703,0.0,2.7558695927635006,3.1576559217897584,1759.4039685619275
0.8644261139736755,0.0,0.03777461308610805,0.0,-0.17243284139249704,0.0,2.755939029846633,3.1575621123082867,1756.4136334978243
0.8644792451930691,0.0,0.037876075013045685,0.0,-0.17263284139249704,0.0,2.756008478524297,3.157468236583898,1753.425291676528
0.8645324109944996,0.0,0.037977293596045014,0.0,-0.17283284139249705,0.0,2.7560779385451655,3.157374294727333,1750.4389510091908
0.8645856113733116,0.0,0.038078270567742524,0.0,-0.17303284139249706,0.0,2.7561474096573977,3.1572802868494203,1747.4546193811261
0.8646388463248067,0.0,0.03817900763767444,0.0,-0.17323284139249706,0.0,2.75621689160864,3.157186213061079,1744.4723046522079
0.8646921158442449,0.0,0.03827950649268735,0.0,-0.17343284139249707,0.0,2.7562863841460183,3.1570920734733168,1741.4920146567888
0.8647454199268427,0.0,0.03837976879734262,0.0,-0.17363284139249707,0.0,2.756355887016142,3.1569978681972315,1738.5137572033984
0.8647987585677746,0.0,0.03847979619431003,0.0,-0.17383284139249708,0.0,2.756425399965104,3.1569035973440087,1735.5375400751245
0.8648521317621717,0.0,0.0385795903047519,0.0,-0.17403284139249708,0.0,2.7564949227384785,3.1568092610249234,1732.5633710291704
0.8649055395051218,0.0,0.038679152728697215,0.0,-0.1742328413924971,0.0,2.7565644550813126,3.156714859351342,1729.5912577974132
0.8649589817916709,0.0,0.03877848504541625,0.0,-0.1744328413924971,0.0,2.756633996738146,3.156620392434718,1726.6212080857772
0.8650124586168205,0.0,0.038877588813772554,0.0,-0.1746328413924971,0.0,2.7567035474529864,3.156525860386595,1723.6532295748316
0.8650659699755281,0.0,0.038976465572575926,0.0,-0.1748328413924971,0.0,2.7567731069693164,3.1564312633186065,1720.687329918952
0.8651195158627093,0.0,0.03907511684093243,0.0,-0.1750328413924971,0.0,2.756842675030105,3.1563366013424745,1717.7235167473073
0.8651730962732351,0.0,0.03917354411857382,0.0,-0.17523284139249712,0.0,2.7569122513777895,3.15624187457001,1714.7617976632182
0.8652267112019331,0.0,0.03927174888619143,0.0,-0.17543284139249712,0.0,2.756981835754285,3.156147083113116,1711.802180244229
0.8652803606435853,0.0,0.03936973260575144,0.0,-0.17563284139249713,0.0,2.7570514279009766,3.156052227083784,1708.8446720419793
0.8653340445929323,0.0,0.03946749672082167,0.0,-0.17583284139249714,0.0,2.757121027558727,3.1559573065940922,1705.88928058278
0.8653877630446676,0.0,0.039565042656864766,0.0,-0.17603284139249714,0.0,2.7571906344678654,3.155862321756213,1702.9360133667371
0.865441515993442,0.0,0.03966237182155382,0.0,-0.17623284139249715,0.0,2.757260248368196,3.155767272682406,1699.984877868479
0.8654953034338623,0.0,0.03975948560506097,0.0,-0.17643284139249715,0.0,2.757329868998995,3.1556721594850194,1697.0358815370414
0.8655491253604886,0.0,0.039856385380343556,0.0,-0.17663284139249716,0.0,2.757399496098998,3.155576982276494,1694.089031795038
0.8656029817678379,0.0,0.03995307250343446,0.0,-0.17683284139249716,0.0,2.757469129406422,3.155481741169357,1691.1443360399344
0.8656568726503812,0.0,0.040049548313712574,0.0,-0.17703284139249717,0.0,2.7575387686589403,3.155386436276229,1688.2018016429797
0.8657107980025457,0.0,0.04014581413418085,0.0,-0.17723284139249718,0.0,2.7576084135937027,3.155291067709815,1685.2614359499967
0.865764757818711,0.0,0.04024187127172004,0.0,-0.17743284139249718,0.0,2.757678063947312,3.155195635582918,1682.3232462806118
0.8658187520932148,0.0,0.04033772101736698,0.0,-0.1776328413924972,0.0,2.7577477194558506,3.155100140008421,1679.387239928827
0.8658727808203454,0.0,0.04043336464654908,0.0,-0.1778328413924972,0.0,2.7578173798548513,3.155004581099304,1676.4534241626493
0.8659268439943484,0.0,0.040528803419349446,0.0,-0.1780328413924972,0.0,2.757887044879318,3.154908958968636,1673.5218062244985
0.8659809416094225,0.0,0.04062403858074481,0.0,-0.1782328413924972,0.0,2.7579567142637136,3.154813273729572,1670.5923933306544
0.8660350736597201,0.0,0.04071907136084283,0.0,-0.1784328413924972,0.0,2.758026387741962,3.1547175254953617,1667.6651926718714
0.8660892401393477,0.0,0.04081390297512175,0.0,-0.17863284139249722,0.0,2.758096065047447,3.154621714379341,1664.7402114126137
0.8661434410423672,0.0,0.040908534624661125,0.0,-0.17883284139249722,0.0,2.7581657459130167,3.1545258404949377,1661.8174566919893
0.8661976763627907,0.0,0.04100296749635677,0.0,-0.17903284139249723,0.0,2.7582354300709686,3.1544299039556685,1658.8969356226032
0.8662519460945874,0.0,0.04109720276315614,0.0,-0.17923284139249723,0.0,2.7583051172530673,3.1543339048751413,1655.9786552917737
0.8663062502316773,0.0,0.041191241584262114,0.0,-0.17943284139249724,0.0,2.758374807190524,3.1542378433670546,1653.0626227605028
0.8663605887679353,0.0,0.04128508510535469,0.0,-0.17963284139249724,0.0,2.7584444996140154,3.1541417195451937,1650.1488450642842
0.8664149616971883,0.0,0.041378734458792844,0.0,-0.17983284139249725,0.0,2.7585141942536695,3.154045533523436,1647.2373292121404
0.8664693690132161,0.0,0.04147219076381851,0.0,-0.18003284139249726,0.0,2.758583890839063,3.153949285415752,1644.3280821877458
0.8665238107097525,0.0,0.041565455126763025,0.0,-0.18023284139249726,0.0,2.7586535890992328,3.1538529753361955,1641.4211109484731
0.866578286780482,0.0,0.04165852864123244,0.0,-0.18043284139249727,0.0,2.758723288762665,3.1537566033989157,1638.5164224259433
0.866632797219044,0.0,0.041751412388311676,0.0,-0.18063284139249727,0.0,2.758792989557298,3.15366016971815,1635.6140235260636
0.8666873420190276,0.0,0.041844107436741385,0.0,-0.18083284139249728,0.0,2.7588626912105187,3.153563674408228,1632.7139211282902
0.8667419211739763,0.0,0.04193661484311326,0.0,-0.18103284139249728,0.0,2.7589323934491663,3.153467117583567,1629.8161220865209
0.8667965346773847,0.0,0.04202893565204388,0.0,-0.1812328413924973,0.0,2.759002095999526,3.1533704993586733,1626.9206332286299
0.8668511825226993,0.0,0.042121070896356014,0.0,-0.1814328413924973,0.0,2.759071798587332,3.1532738198481485,1624.0274613565293
0.8669058647033184,0.0,0.04221302159725093,0.0,-0.1816328413924973,0.0,2.7591415009377642,3.1531770791666793,1621.1366132462151
0.8669605812125921,0.0,0.04230478876448464,0.0,-0.1818328413924973,0.0,2.759211202775451,3.153080277429046,1618.2480956476056
0.867015332043822,0.0,0.04239637339652922,0.0,-0.1820328413924973,0.0,2.7592809038244646,3.1529834147501172,1615.361915284745
0.8670701171902615,0.0,0.04248777648074347,0.0,-0.18223284139249732,0.0,2.759350603808321,3.152886491244851,1612.4780788558946
0.8671249366451137,0.0,0.0425789989935282,0.0,-0.18243284139249732,0.0,2.7594203024499784,3.152789507028299,1609.5965930330763
0.8671797904015339,0.0,0.04267004190049147,0.0,-0.18263284139249733,0.0,2.759489999471837,3.152692462215602,1606.7174644623055
0.8672346784526286,0.0,0.042760906156603266,0.0,-0.18283284139249734,0.0,2.7595596945957444,3.1525953569219882,1603.8406997638747
0.8672896007914551,0.0,0.04285159270634626,0.0,-0.18303284139249734,0.0,2.759629387542985,3.152498191262778,1600.966305532198
0.8673445574110199,0.0,0.04294210248386386,0.0,-0.18323284139249735,0.0,2.7596990780342794,3.152400965353384,1598.0942883352927
0.8673995483042807,0.0,0.043032436413112565,0.0,-0.18343284139249735,0.0,2.7597687657897905,3.152303679309307,1595.2246547153518
0.8674545734641465,0.0,0.043122595408005386,0.0,-0.18363284139249736,0.0,2.759838450529119,3.152206333246139,1592.3574111888702
0.8675096328834753,0.0,0.043212580372553586,0.0,-0.18383284139249736,0.0,2.759908131971305,3.15210892727956,1589.492564245942
0.867564726555076,0.0,0.04330239220100459,0.0,-0.18403284139249737,0.0,2.7599778098348233,3.1520114615253445,1586.6301203511944
0.8676198544717065,0.0,0.0433920317779802,0.0,-0.18423284139249738,0.0,2.760047483837581,3.1519139360993544,1583.770085942761
0.8676750166260748,0.0,0.04348149997861248,0.0,-0.18443284139249738,0.0,2.7601171536969233,3.151816351117542,1580.9124674329098
0.8677302130108391,0.0,0.043570797668673736,0.0,-0.1846328413924974,0.0,2.7601868191296286,3.1517187066959527,1578.0572712082817
0.8677854436186063,0.0,0.043659925704708884,0.0,-0.1848328413924974,0.0,2.7602564798519067,3.1516210029507175,1575.2045036290192
0.8678407084419326,0.0,0.04374888493415898,0.0,-0.1850328413924974,0.0,2.7603261355793998,3.1515232399980633,1572.354171029725
0.8678960074733235,0.0,0.043837676195490984,0.0,-0.1852328413924974,0.0,2.760395786027181,3.1514254179543038,1569.5062797186224
0.8679513407052344,0.0,0.04392630031831963,0.0,-0.1854328413924974,0.0,2.760465430909756,3.151327536935843,1566.66083597842
0.8680067081300675,0.0,0.04401475812352391,0.0,-0.18563284139249742,0.0,2.7605350699410556,3.151229597059179,1563.817846065247
0.8680621097401762,0.0,0.0441030504233746,0.0,-0.18583284139249742,0.0,2.7606047028344425,3.151131598440894,1560.9773162097817
0.8681175455278606,0.0,0.04419117802164166,0.0,-0.18603284139249743,0.0,2.7606743293027036,3.151033541197668,1558.1392526165055
0.8681730154853697,0.0,0.04427914171371575,0.0,-0.18623284139249743,0.0,2.760743949058057,3.1509354254462654,1555.3036614637908
0.8682285196049017,0.0,0.04436694228671794,0.0,-0.18643284139249744,0.0,2.7608135618121428,3.150837251303544,1552.4705489043827
0.8682840578786011,0.0,0.04445458051960975,0.0,-0.18663284139249744,0.0,2.7608831672760243,3.150739018886452,1549.6399210647085
0.8683396302985618,0.0,0.04454205718330588,0.0,-0.18683284139249745,0.0,2.7609527651601966,3.1506407283120264,1546.811784045175
0.8683952368568258,0.0,0.044629373040778846,0.0,-0.18703284139249746,0.0,2.7610223551745716,3.150542379697395,1543.9861439206857
0.8684508775453811,0.0,0.044716528847159785,0.0,-0.18723284139249746,0.0,2.7610919370284823,3.15044397315978,1541.1630067396698
0.8685065523561653,0.0,0.04480352534985278,0.0,-0.18743284139249747,0.0,2.7611615104306906,3.1503455088164873,1538.34237852491
0.8685622612810607,0.0,0.04489036328862384,0.0,-0.18763284139249747,0.0,2.761231075089369,3.1502469867849188,1535.5242652728564
0.8686180043119003,0.0,0.04497704339571426,0.0,-0.18783284139249748,0.0,2.761300630712121,3.1501484071825625,1532.708672954433
0.8686737814404608,0.0,0.045063566395924216,0.0,-0.18803284139249749,0.0,2.7613701770059573,3.150049770127001,1529.8956075143888
0.8687295926584679,0.0,0.0451499330067231,0.0,-0.1882328413924975,0.0,2.7614397136773166,3.1499510757359053,1527.085074871316
0.8687854379575936,0.0,0.045236143938335804,0.0,-0.1884328413924975,0.0,2.761509240432048,3.1498523241270364,1524.2770809183678
0.8688413173294562,0.0,0.04532219989384091,0.0,-0.1886328413924975,0.0,2.761578756975421,3.149753515418246,1521.4716315222736
0.8688972307656209,0.0,0.0454081015692592,0.0,-0.1888328413924975,0.0,2.761648263012119,3.1496546497274776,1518.6687325239318
0.8689531782575984,0.0,0.04549384965364601,0.0,-0.1890328413924975,0.0,2.761717758246237,3.1495557271727628,1515.8683897383216
0.8690091597968473,0.0,0.04557944482918294,0.0,-0.18923284139249752,0.0,2.7617872423812937,3.149456747872225,1513.0706089546725
0.8690651753747699,0.0,0.04566488777125736,0.0,-0.18943284139249753,0.0,2.7618567151202056,3.149357711944078,1510.275395935891
0.8691212249827164,0.0,0.045750179148557994,0.0,-0.18963284139249753,0.0,2.7619261761653147,3.1492586195066252,1507.4827564194034
0.8691773086119818,0.0,0.04583531962315392,0.0,-0.18983284139249754,0.0,2.761995625218368,3.1491594706782626,1504.6926961163413
0.8692334262538062,0.0,0.04592030985057778,0.0,-0.19003284139249754,0.0,2.7620650619805214,3.1490602655774738,1501.9052207120349
0.8692895778993761,0.0,0.046005150479911695,0.0,-0.19023284139249755,0.0,2.7621344861523465,3.1489610043228344,1499.1203358660284
0.8693457635398226,0.0,0.046089842153864025,0.0,-0.19043284139249755,0.0,2.762203897433816,3.14886168703301,1496.3380472116437
0.8694019831662225,0.0,0.04617438550885147,0.0,-0.19063284139249756,0.0,2.7622732955243174,3.1487623138267558,1493.5583603566195
0.8694582367695971,0.0,0.04625878117507459,0.0,-0.19083284139249757,0.0,2.76234268012264,3.148662884822919,1490.7812808827775
0.8695145243409121,0.0,0.04634302977659638,0.0,-0.19103284139249757,0.0,2.7624120509269794,3.1485634001404357,1488.0068143458193
0.8695708458710791,0.0,0.046427131931419875,0.0,-0.19123284139249758,0.0,2.7624814076349398,3.148463859898333,1485.2349662757947
0.8696272013509527,0.0,0.046511088251557385,0.0,-0.19143284139249758,0.0,2.7625507499435287,3.1483642642157297,1482.4657421766824
0.8696835907713333,0.0,0.04659489934311005,0.0,-0.1916328413924976,0.0,2.762620077549157,3.1482646132118304,1479.699147526655
0.8697400141229646,0.0,0.046678565806334546,0.0,-0.1918328413924976,0.0,2.762689390147638,3.1481649070059348,1476.935187778165
0.8697964713965337,0.0,0.04676208823571583,0.0,-0.1920328413924976,0.0,2.762758687434184,3.1480651457174313,1474.1738683575004
0.8698529625826736,0.0,0.04684546722004143,0.0,-0.1922328413924976,0.0,2.7628279691034137,3.1479653294657988,1471.4151946655536
0.869909487671959,0.0,0.04692870334246268,0.0,-0.1924328413924976,0.0,2.7628972348493424,3.147865458370605,1468.6591720769652
0.8699660466549095,0.0,0.047011797180570754,0.0,-0.19263284139249762,0.0,2.76296648436539,3.1477655325515093,1465.9058059405452
0.8700226395219878,0.0,0.04709474930645475,0.0,-0.19283284139249762,0.0,2.7630357173443674,3.1476655521282604,1463.1551015797208
0.8700792662635991,0.0,0.047177560286774306,0.0,-0.19303284139249763,0.0,2.763104933478486,3.1475655172206993,1460.4070642915322
0.8701359268700928,0.0,0.047260230682821175,0.0,-0.19323284139249763,0.0,2.763174132459356,3.147465427948755,1457.6616993476
0.8701926213317608,0.0,0.047342761050584464,0.0,-0.19343284139249764,0.0,2.763243313977986,3.1473652844324462,1454.9190119937364
0.8702493496388375,0.0,0.047425151940811545,0.0,-0.19363284139249765,0.0,2.763312477724771,3.1472650867918848,1452.1790074496535
0.8703061117815006,0.0,0.047507403899071876,0.0,-0.19383284139249765,0.0,2.7633816233895114,3.1471648351472696,1449.441690909578
0.8703629077498697,0.0,0.047589517465815724,0.0,-0.19403284139249766,0.0,2.7634507506613923,3.1470645296188917,1446.7070675417494
0.8704197375340073,0.0,0.04767149317643802,0.0,-0.19423284139249766,0.0,2.7635198592289982,3.1469641703271303,1443.9751424888766
0.8704766011239177,0.0,0.04775333156133155,0.0,-0.19443284139249767,0.0,2.7635889487802996,3.1468637573924583,1441.2459208678756
0.8705334985095466,0.0,0.04783503314594943,0.0,-0.19463284139249767,0.0,2.7636580190026607,3.1467632909354344,1438.5194077695944
0.8705904296807835,0.0,0.0479165984508643,0.0,-0.19483284139249768,0.0,2.763727069582841,3.1466627710767097,1435.795608259561
0.8706473946274574,0.0,0.047998027991817696,0.0,-0.19503284139249769,0.0,2.763796100206982,3.1465621979370253,1433.0745273774037
0.8707043933393406,0.0,0.04807932227978313,0.0,-0.1952328413924977,0.0,2.763865110560616,3.1464615716372113,1430.3561701369958
0.8707614258061457,0.0,0.04816048182101622,0.0,-0.1954328413924977,0.0,2.7639341003286657,3.146360892298189,1427.6405415266734
0.8708184920175268,0.0,0.04824150711711037,0.0,-0.1956328413924977,0.0,2.7640030691954394,3.14626016004097,1424.9276465087694
0.8708755919630801,0.0,0.04832239866505218,0.0,-0.1958328413924977,0.0,2.7640720168446347,3.1461593749866528,1422.2174900203527
0.8709327256323403,0.0,0.048403156957266,0.0,-0.19603284139249771,0.0,2.764140942959324,3.146058537256429,1419.5100769724509
0.8709898930147859,0.0,0.04848378248167876,0.0,-0.19623284139249772,0.0,2.7642098472219794,3.1459576469715795,1416.805412250636
0.8710470940998336,0.0,0.048564275721756936,0.0,-0.19643284139249773,0.0,2.7642787293144457,3.145856704253475,1414.1035007148357
0.8711043288768427,0.0,0.04864463715656879,0.0,-0.19663284139249773,0.0,2.7643475889179587,3.1457557092235726,1411.4043471993814
0.8711615973351104,0.0,0.04872486726082285,0.0,-0.19683284139249774,0.0,2.7644164257131267,3.1456546620034262,1408.7079565126937
0.8712188994638761,0.0,0.04880496650492624,0.0,-0.19703284139249774,0.0,2.7644852393799493,3.145553562714674,1406.0143334379213
0.8712762352523178,0.0,0.048884935355026145,0.0,-0.19723284139249775,0.0,2.764554029597801,3.1454524114790443,1403.3234827325132
0.8713336046895545,0.0,0.04896477427306235,0.0,-0.19743284139249775,0.0,2.764622796045441,3.1453512084183584,1400.6354091282822
0.8713910077646437,0.0,0.04904448371680844,0.0,-0.19763284139249776,0.0,2.764691538401,3.1452499536545244,1397.9501173314984
0.8714484444665839,0.0,0.04912406413992413,0.0,-0.19783284139249777,0.0,2.7647602563419955,3.14514864730954,1395.2676120228812
0.8715059147843112,0.0,0.04920351599199283,0.0,-0.19803284139249777,0.0,2.7648289495453158,3.1450472895054955,1392.587897857668
0.8715634187067021,0.0,0.049282839718574584,0.0,-0.19823284139249778,0.0,2.7648976176872284,3.144945880364568,1389.9109794654319
0.8716209562225723,0.0,0.04936203576124657,0.0,-0.19843284139249778,0.0,2.764966260443382,3.1448444200090244,1387.2368614503512
0.8716785273206755,0.0,0.049441104557643986,0.0,-0.1986328413924978,0.0,2.76503487748879,3.1447429085612217,1384.5655483911387
0.8717361319897045,0.0,0.04952004654150688,0.0,-0.1988328413924978,0.0,2.765103468497847,3.1446413461436067,1381.8970448408013
0.8717937702182905,0.0,0.049598862142721176,0.0,-0.1990328413924978,0.0,2.7651720331443217,3.144539732878716,1379.2313553270096
0.8718514419950043,0.0,0.04967755178736163,0.0,-0.1992328413924978,0.0,2.7652405711013532,3.144438068889174,1376.5684843521558
0.8719091473083526,0.0,0.049756115897727875,0.0,-0.1994328413924978,0.0,2.765309082041452,3.144336354297698,1373.9084363928373
0.871966886146783,0.0,0.04983455489239406,0.0,-0.19963284139249782,0.0,2.765377565636503,3.1442345892270893,1371.2512159005291
0.8720246584986784,0.0,0.04991286918623884,0.0,-0.19983284139249782,0.0,2.7654460215577585,3.1441327738002425,1368.5968273010412
0.8720824643523617,0.0,0.04999105919049377,0.0,-0.20003284139249783,0.0,2.7655144494758432,3.1440309081401416,1365.9452749950028
0.8721403036960919,0.0,0.050069125312774264,0.0,-0.20023284139249783,0.0,2.7655828490607486,3.1439289923698577,1363.2965633575845
0.8721981765180656,0.0,0.050147067957124467,0.0,-0.20043284139249784,0.0,2.765651219981834,3.143827026612552,1360.650696738398
0.8722560828064179,0.0,0.05022488752405199,0.0,-0.20063284139249785,0.0,2.7657195619078307,3.143725010991477,1358.0076794621123
0.8723140225492196,0.0,0.05030258441056559,0.0,-0.20083284139249785,0.0,2.765787874506832,3.14362294562997,1355.367515827721
0.872371995734479,0.0,0.05038015901021101,0.0,-0.20103284139249786,0.0,2.7658561574462945,3.143520830651462,1352.7302101090054
0.8724300023501412,0.0,0.050457611713110744,0.0,-0.20123284139249786,0.0,2.7659244103930494,3.1434186661794694,1350.0957665545056
0.8724880423840884,0.0,0.05053494290599736,0.0,-0.20143284139249787,0.0,2.7659926330132856,3.1433164523376007,1347.46418938739
0.8725461158241382,0.0,0.050612152972247505,0.0,-0.20163284139249787,0.0,2.7660608249725533,3.14321418924955,1344.8354828055553
0.872604222658046,0.0,0.05068924229192169,0.0,-0.20183284139249788,0.0,2.7661289859357745,3.1431118770391047,1342.2096509816827
0.8726623628735022,0.0,0.050766211241792626,0.0,-0.20203284139249789,0.0,2.7661971155672247,3.1430095158301365,1339.5866980633054
0.8727205364581335,0.0,0.050843060195384246,0.0,-0.2022328413924979,0.0,2.766265213530545,3.142907105746609,1336.9666281726613
0.872778743399503,0.0,0.050919789523003404,0.0,-0.2024328413924979,0.0,2.7663332794887388,3.1428046469125737,1334.3494454067127
0.8728369836851083,0.0,0.05099639959177109,0.0,-0.2026328413924979,0.0,2.7664013131041623,3.142702139452172,1331.735153837312
0.8728952573023836,0.0,0.05107289076565832,0.0,-0.2028328413924979,0.0,2.766469314038539,3.1425995834896314,1329.1237575112543
0.872953564238698,0.0,0.051149263405517356,0.0,-0.20303284139249791,0.0,2.766537281952947,3.14249697914927,1326.5152604500213
0.8730119044813562,0.0,0.05122551786911307,0.0,-0.20323284139249792,0.0,2.7666052165078217,3.1423943265554937,1323.9096666500855
0.8730702780175972,0.0,0.05130165451115262,0.0,-0.20343284139249793,0.0,2.766673117362956,3.1422916258328,1321.3069800827116
0.8731286848345958,0.0,0.05137767368332165,0.0,-0.20363284139249793,0.0,2.766740984177502,3.142188877105769,1318.7072046942458
0.8731871249194598,0.0,0.05145357573430655,0.0,-0.20383284139249794,0.0,2.7668088166099607,3.1420860804990753,1316.110344405735
0.8732455982592342,0.0,0.05152936100983551,0.0,-0.20403284139249794,0.0,2.766876614318196,3.1419832361374778,1313.5164031133957
0.8733041048408957,0.0,0.051605029852697756,0.0,-0.20423284139249795,0.0,2.766944376959418,3.1418803441458265,1310.9253846882389
0.8733626446513576,0.0,0.05168058260278179,0.0,-0.20443284139249795,0.0,2.767012104190198,3.141777404649057,1308.3372929764305
0.8734212176774655,0.0,0.05175601959709673,0.0,-0.20463284139249796,0.0,2.767079795666454,3.1416744177721965,1305.7521317990445
0.8734798239059993,0.0,0.051831341169806124,0.0,-0.20483284139249797,0.0,2.7671474510434577,3.1415713836403585,1303.169904952196
0.873538463323673,0.0,0.051906547652254977,0.0,-0.20503284139249797,0.0,2.7672150699758316,3.1414683023787444,1300.59061620699
0.8735971359171341,0.0,0.05198163937299739,0.0,-0.20523284139249798,0.0,2.767282652117549,3.1413651741126434,1298.0142693097375
0.8736558416729632,0.0,0.05205661665782378,0.0,-0.20543284139249798,0.0,2.7673501971219348,3.141261998967436,1295.4408679818273
0.8737145805776745,0.0,0.0521314798297897,0.0,-0.205632841392498,0.0,2.7674177046416615,3.1411587770685854,1292.87041591961
0.873773352617715,0.0,0.05220622920924089,0.0,-0.205832841392498,0.0,2.7674851743287485,3.141055508541649,1290.3029167947277
0.8738321577794652,0.0,0.05228086511384135,0.0,-0.206032841392498,0.0,2.767552605834566,3.140952193512265,1287.7383742538912
0.8738909960492368,0.0,0.05235538785859654,0.0,-0.206232841392498,0.0,2.7676199988098267,3.140848832106167,1285.1767919190013
0.8739498674132763,0.0,0.052429797755886194,0.0,-0.206432841392498,0.0,2.7676873529045958,3.140745424449171,1282.6181733871927
0.8740087718577605,0.0,0.05250409511548048,0.0,-0.20663284139249802,0.0,2.767754667768278,3.1406419706671826,1280.0625222307094
0.8740677093688002,0.0,0.05257828024457349,0.0,-0.20683284139249802,0.0,2.7678219430496274,3.1405384708861948,1277.5098419972687
0.8741266799324374,0.0,0.05265235344780421,0.0,-0.20703284139249803,0.0,2.76788917839674,3.1404349252322885,1274.9601362095932
0.8741856835346454,0.0,0.05272631502727943,0.0,-0.20723284139249804,0.0,2.767956373457055,3.140331333831633,1272.4134083658153
0.8742447201613315,0.0,0.05280016528260575,0.0,-0.20743284139249804,0.0,2.7680235278773573,3.140227696810482,1269.8696619394507
0.8743037897983312,0.0,0.05287390451090167,0.0,-0.20763284139249805,0.0,2.7680906413037696,3.1401240142951807,1267.3289003790458
0.8743628924314145,0.0,0.05294753300683311,0.0,-0.20783284139249805,0.0,2.7681577133817585,3.1400202864121596,1264.7911271088353
0.8744220280462814,0.0,0.05302105106263038,0.0,-0.20803284139249806,0.0,2.768224743756133,3.139916513287935,1262.256345528344
0.8744811966285629,0.0,0.05309445896811241,0.0,-0.20823284139249806,0.0,2.7682917320710416,3.139812695049115,1259.7245590122973
0.8745403981638213,0.0,0.053167757010710096,0.0,-0.20843284139249807,0.0,2.768358677969969,3.13970883182239,1257.1957709111766
0.8745996326375497,0.0,0.053240945475489826,0.0,-0.20863284139249808,0.0,2.768425581095743,3.1396049237345394,1254.669984550584
0.8746589000351712,0.0,0.0533140246451733,0.0,-0.20883284139249808,0.0,2.768492441090527,3.139500970912431,1252.1472032317986
0.87471820034204,0.0,0.053386994800162214,0.0,-0.2090328413924981,0.0,2.768559257595822,3.139396973483018,1249.6274302314914
0.8747775335434398,0.0,0.053459856218558206,0.0,-0.2092328413924981,0.0,2.768626030252466,3.1392929315733396,1247.1106688019183
0.8748368996245856,0.0,0.053532609176186526,0.0,-0.2094328413924981,0.0,2.768692758700636,3.1391888453105254,1244.5969221707928
0.8748962985706213,0.0,0.05360525394661485,0.0,-0.2096328413924981,0.0,2.7687594425798387,3.13908471482179,1242.086193541508
0.8749557303666207,0.0,0.05367779080117534,0.0,-0.2098328413924981,0.0,2.768826081528922,3.138980540234432,1239.5784860928845
0.8750151949975881,0.0,0.053750220008987784,0.0,-0.21003284139249812,0.0,2.768892675186065,3.1388763216758404,1237.0738029795812
0.8750746924484563,0.0,0.053822541836975143,0.0,-0.21023284139249812,0.0,2.768959223188779,3.138772059273489,1234.572147331696
0.8751342227040879,0.0,0.053894756549888685,0.0,-0.21043284139249813,0.0,2.7690257251739125,3.1386677531549387,1232.0735222550595
0.8751937857492733,0.0,0.05396686441032331,0.0,-0.21063284139249813,0.0,2.7690921807776414,3.138563403447837,1229.5779308311817
0.8752533815687341,0.0,0.05403886567874349,0.0,-0.21083284139249814,0.0,2.769158589635476,3.138459010279917,1227.0853761173344
0.8753130101471192,0.0,0.05411076061349795,0.0,-0.21103284139249814,0.0,2.76922495138226,3.1383545737789986,1224.5958611464976
0.8753726714690062,0.0,0.05418254947083949,0.0,-0.21123284139249815,0.0,2.7692912656521607,3.138250094072988,1222.1093889274357
0.8754323655189015,0.0,0.05425423250494643,0.0,-0.21143284139249816,0.0,2.7693575320786823,3.138145571289877,1219.6259624446434
0.8754920922812389,0.0,0.054325809967939245,0.0,-0.21163284139249816,0.0,2.7694237502946546,3.1380410055577457,1217.1455846584533
0.875551851740382,0.0,0.05439728210990164,0.0,-0.21183284139249817,0.0,2.7694899199322376,3.137936397004756,1214.668258505155
0.8756116438806207,0.0,0.05446864917889669,0.0,-0.21203284139249817,0.0,2.7695560406229176,3.1378317457591587,1212.193986896731
0.8756714686861741,0.0,0.054539911420986326,0.0,-0.21223284139249818,0.0,2.7696221119975086,3.137727051949291,1209.722772721252
0.8757313261411869,0.0,0.05461106908024769,0.0,-0.21243284139249818,0.0,2.769688133686153,3.1376223157035743,1207.254618842541
0.8757912162297331,0.0,0.05468212239879459,0.0,-0.2126328413924982,0.0,2.769754105318318,3.137517537150516,1204.7895281004096
0.8758511389358139,0.0,0.05475307161679307,0.0,-0.2128328413924982,0.0,2.769820026522798,3.137412716418708,1202.3275033107375
0.8759110942433561,0.0,0.05482391697247581,0.0,-0.2130328413924982,0.0,2.769885896927709,3.137307853636831,1199.868547265366
0.8759710821362147,0.0,0.05489465870216437,0.0,-0.2132328413924982,0.0,2.7699517161604934,3.137202948933649,1197.4126627321193
0.8760311025981712,0.0,0.054965297040284786,0.0,-0.2134328413924982,0.0,2.77001748384792,3.1370980024380093,1194.9598524549544
0.8760911556129334,0.0,0.055035832219382144,0.0,-0.21363284139249822,0.0,2.770083199616076,3.136993014278849,1192.510119153827
0.876151241164136,0.0,0.05510626447013961,0.0,-0.21383284139249822,0.0,2.7701488630903746,3.1368879845851882,1190.0634655249476
0.8762113592353394,0.0,0.05517659402139366,0.0,-0.21403284139249823,0.0,2.7702144738955496,3.136782913486131,1187.6198942405472
0.8762715098100305,0.0,0.055246821100151854,0.0,-0.21423284139249824,0.0,2.770280031655654,3.1366778011108676,1185.1794079490112
0.8763316928716222,0.0,0.055316945931607256,0.0,-0.21443284139249824,0.0,2.7703455359940685,3.1365726475886735,1182.742009275085
0.8763919084034523,0.0,0.05538696873915438,0.0,-0.21463284139249825,0.0,2.770410986533487,3.136467453048909,1180.3077008195387
0.8764521563887854,0.0,0.055456889744407156,0.0,-0.21483284139249825,0.0,2.770476382895928,3.1363622176210177,1177.8764851595754
0.8765124368108114,0.0,0.05552670916721255,0.0,-0.21503284139249826,0.0,2.7705417247027273,3.1362569414345307,1175.4483648486685
0.8765727496526438,0.0,0.05559642722566404,0.0,-0.21523284139249826,0.0,2.770607011574537,3.136151624619061,1173.0233424164073
0.8766330948973232,0.0,0.05566604413612279,0.0,-0.21543284139249827,0.0,2.770672243131332,3.1360462673043075,1170.6014203689942
0.8766934725278144,0.0,0.0557355601132268,0.0,-0.21563284139249828,0.0,2.770737418992404,3.1359408696200535,1168.1826011889018
0.8767538825270063,0.0,0.055804975369907715,0.0,-0.21583284139249828,0.0,2.770802538776354,3.135835431696166,1165.7668873349185
0.8768143248777129,0.0,0.055874290117407445,0.0,-0.2160328413924983,0.0,2.770867602101112,3.135729953662597,1163.3542812423361
0.876874799562673,0.0,0.05594350456529004,0.0,-0.2162328413924983,0.0,2.770932608583913,3.135624435649382,1160.9447853229804
0.8769353065645491,0.0,0.05601261892145805,0.0,-0.2164328413924983,0.0,2.7709975578413153,3.135518877786641,1158.5384019651076
0.8769958458659275,0.0,0.05608163339216482,0.0,-0.2166328413924983,0.0,2.771062449489186,3.1354132802045784,1156.135133533426
0.8770564174493188,0.0,0.05615054818203049,0.0,-0.2168328413924983,0.0,2.771127283142711,3.1353076430334816,1153.7349823693164
0.8771170212971582,0.0,0.0562193634940557,0.0,-0.21703284139249832,0.0,2.771192058416387,3.135201966403722,1151.3379507907553
0.8771776573918025,0.0,0.056288079529634,0.0,-0.21723284139249832,0.0,2.7712567749240264,3.1350962504457534,1148.9440410922011
0.8772383257155333,0.0,0.056356696488565616,0.0,-0.21743284139249833,0.0,2.771321432278751,3.1349904952901175,1146.5532555449086
0.8772990262505548,0.0,0.05642521456907337,0.0,-0.21763284139249833,0.0,2.771386030092997,3.134884701067435,1144.1655963966336
0.8773597589789949,0.0,0.05649363396781317,0.0,-0.21783284139249834,0.0,2.7714505679785155,3.134778867908411,1141.7810658720587
0.8774205238829038,0.0,0.05656195487988921,0.0,-0.21803284139249834,0.0,2.771515045546363,3.134672995943836,1139.3996661724714
0.8774813209442541,0.0,0.05663017749886495,0.0,-0.21823284139249835,0.0,2.7715794624069092,3.1345670853045813,1137.0213994758662
0.8775421501449422,0.0,0.05669830201677833,0.0,-0.21843284139249836,0.0,2.7716438181698355,3.134461136121603,1134.6462679373185
0.8776030114667849,0.0,0.05676632862415216,0.0,-0.21863284139249836,0.0,2.7717081124441294,3.134355148525938,1132.2742736883463
0.8776639048915235,0.0,0.056834257510010554,0.0,-0.21883284139249837,0.0,2.7717723448380935,3.1342491226487095,1129.9054188376945
0.8777248304008199,0.0,0.056902088861887475,0.0,-0.21903284139249837,0.0,2.7718365149593356,3.13414305862112,1127.539705470808
0.877785787976257,0.0,0.056969822865838175,0.0,-0.21923284139249838,0.0,2.771900622414766,3.134036956574457,1125.1771356500674
0.8778467775993418,0.0,0.05703745970645922,0.0,-0.21943284139249838,0.0,2.771964666810616,3.1339308166400888,1122.8177114148912
0.877907799251501,0.0,0.057104999566891225,0.0,-0.2196328413924984,0.0,2.772028647752413,3.1338246389494695,1120.4614347816632
0.877968852914083,0.0,0.057172442628836216,0.0,-0.2198328413924984,0.0,2.7720925648449968,3.1337184236341318,1118.108307743798
0.8780299385683572,0.0,0.057239789072567444,0.0,-0.2200328413924984,0.0,2.772156417692509,3.133612170825692,1115.7583322717894
0.8780910561955151,0.0,0.057307039076943726,0.0,-0.2202328413924984,0.0,2.7722202058984045,3.1335058806558505,1113.4115103132026
0.8781522057766675,0.0,0.05737419281941782,0.0,-0.2204328413924984,0.0,2.7722839290654377,3.1333995532563854,1111.067843792701
0.878213387292847,0.0,0.057441250476049595,0.0,-0.22063284139249842,0.0,2.7723475867956697,3.133293188759162,1108.727334612136
0.8782746007250057,0.0,0.057508212221516454,0.0,-0.22083284139249842,0.0,2.772411178690465,3.1331867872961237,1106.3899846506035
0.8783358460540175,0.0,0.05757507822912753,0.0,-0.22103284139249843,0.0,2.772474704350496,3.1330803489992975,1104.0557957644412
0.8783971232606745,0.0,0.05764184867082987,0.0,-0.22123284139249844,0.0,2.7725381633757347,3.1329738740007906,1101.7247697870835
0.87845843232569,0.0,0.05770852371722384,0.0,-0.22143284139249844,0.0,2.772601555365458,3.132867362432793,1099.396908529372
0.8785197732296972,0.0,0.05777510353757257,0.0,-0.22163284139249845,0.0,2.7726648799182474,3.1327608144275767,1097.0722137795476
0.878581145953248,0.0,0.057841588299811245,0.0,-0.22183284139249845,0.0,2.7727281366319834,3.1326542301174927,1094.7506873031257
0.8786425504768153,0.0,0.057907978170561585,0.0,-0.22203284139249846,0.0,2.7727913251038507,3.1325476096349747,1092.4323308430191
0.8787039867807893,0.0,0.05797427331513716,0.0,-0.22223284139249846,0.0,2.772854444930336,3.132440953112537,1090.1171461196145
0.878765454845481,0.0,0.058040473897558856,0.0,-0.22243284139249847,0.0,2.7729174957072256,3.1323342606827755,1087.805134830743
0.878826954651119,0.0,0.058106580080561826,0.0,-0.22263284139249848,0.0,2.7729804770296074,3.1322275324783666,1085.4962986517212
0.878888486177852,0.0,0.05817259202560802,0.0,-0.22283284139249848,0.0,2.7730433884918693,3.132120768632068,1083.1906392354763
0.878950049405747,0.0,0.05823850989289648,0.0,-0.2230328413924985,0.0,2.7731062296877025,3.1320139692767164,1080.8881582124031
0.8790116443147876,0.0,0.05830433384136828,0.0,-0.2232328413924985,0.0,2.7731690002100904,3.1319071345452305,1078.5888571905266
0.8790732708848785,0.0,0.05837006402872533,0.0,-0.2234328413924985,0.0,2.7732316996513227,3.13180026457061,1076.2927377556516
0.8791349290958407,0.0,0.05843570061143304,0.0,-0.2236328413924985,0.0,2.773294327602985,3.1316933594859315,1073.99980147102
0.8791966189274131,0.0,0.05850124374473195,0.0,-0.2238328413924985,0.0,2.773356883655963,3.1315864194243552,1071.710049877826
0.8792583403592534,0.0,0.05856669358264996,0.0,-0.22403284139249852,0.0,2.773419367400437,3.131479444519121,1069.4234844948865
0.8793200933709353,0.0,0.058632050278007136,0.0,-0.22423284139249852,0.0,2.7734817784258845,3.131372434903548,1067.1401068187524
0.8793818779419518,0.0,0.05869731398243142,0.0,-0.22443284139249853,0.0,2.7735441163210885,3.1312653907110324,1064.8599183239373
0.8794436940517119,0.0,0.05876248484636248,0.0,-0.22463284139249853,0.0,2.7736063806741225,3.1311583120750557,1062.5829204627241
0.8795055416795415,0.0,0.058827563019062626,0.0,-0.22483284139249854,0.0,2.7736685710723545,3.1310511991291743,1060.3091146652737
0.8795674208046841,0.0,0.05889254864862753,0.0,-0.22503284139249854,0.0,2.7737306871024527,3.1309440520070257,1058.0385023397585
0.8796293314062998,0.0,0.05895744188199461,0.0,-0.22523284139249855,0.0,2.773792728350383,3.130836870842327,1055.7710848723057
0.8796912734634644,0.0,0.05902224286495002,0.0,-0.22543284139249856,0.0,2.773854694401402,3.1307296557688735,1053.506863626885
0.8797532469551711,0.0,0.059086951742140334,0.0,-0.22563284139249856,0.0,2.773916584840064,3.13062240692054,1051.2458399457441
0.8798152518603288,0.0,0.059151568657080794,0.0,-0.22583284139249857,0.0,2.7739783992502187,3.130515124431281,1048.9880151490206
0.8798772881577622,0.0,0.059216093752162656,0.0,-0.22603284139249857,0.0,2.774040137215009,3.130407808435129,1046.7333905350335
0.8799393558262126,0.0,0.059280527168663416,0.0,-0.22623284139249858,0.0,2.774101798316873,3.1303004590661945,1044.48196738036
0.8800014548443365,0.0,0.0593448690467548,0.0,-0.22643284139249858,0.0,2.7741633821375427,3.130193076458668,1042.2337469396152
0.8800635851907054,0.0,0.0594091195255106,0.0,-0.2266328413924986,0.0,2.7742248882580425,3.1300856607468175,1039.9887304455988
0.880125746843807,0.0,0.0594732787429163,0.0,-0.2268328413924986,0.0,2.7742863162586944,3.129978212064989,1037.746919109556
0.8801879397820438,0.0,0.05953734683587685,0.0,-0.2270328413924986,0.0,2.774347665719106,3.1298707305476072,1035.5083141209775
0.8802501639837331,0.0,0.05960132394022473,0.0,-0.2272328413924986,0.0,2.7744089362181845,3.129763216329175,1033.2729166475388
0.8803124194271075,0.0,0.0596652101907288,0.0,-0.2274328413924986,0.0,2.7744701273341272,3.129655669544273,1031.040727835508
0.8803747060903139,0.0,0.0597290057211017,0.0,-0.22763284139249862,0.0,2.7745312386444225,3.1295480903275585,1028.8117488094802
0.8804370239514133,0.0,0.059792710664008014,0.0,-0.22783284139249863,0.0,2.774592269725852,3.129440478813768,1026.5859806724047
0.8804993729883818,0.0,0.05985632515107236,0.0,-0.22803284139249863,0.0,2.7746532201544896,3.1293328351377143,1024.3634245059125
0.8805617531791091,0.0,0.05991984931288749,0.0,-0.22823284139249864,0.0,2.7747140895056983,3.1292251594342884,1022.144081370014
0.8806241645013992,0.0,0.05998328327902217,0.0,-0.22843284139249864,0.0,2.774774877354132,3.1291174518384572,1019.9279523033417
0.8806866069329694,0.0,0.0600466271780277,0.0,-0.22863284139249865,0.0,2.7748355832737386,3.129009712485266,1017.7150383231497
0.8807490804514507,0.0,0.06010988113744651,0.0,-0.22883284139249865,0.0,2.774896206837755,3.128901941509838,1015.5053404253074
0.8808115850343883,0.0,0.06017304528382168,0.0,-0.22903284139249866,0.0,2.774956747618708,3.128794139047368,1013.2988595844229
0.8808741206592398,0.0,0.060236119742700045,0.0,-0.22923284139249867,0.0,2.7750172051884134,3.1286863052331335,1011.0955967537654
0.8809366873033756,0.0,0.06029910463864251,0.0,-0.22943284139249867,0.0,2.7750775791179785,3.1285784402024874,1008.8955528653845
0.8809992849440806,0.0,0.06036200009523304,0.0,-0.22963284139249868,0.0,2.7751378689778035,3.128470544090855,1006.6987288302205
0.8810619135585502,0.0,0.06042480623508027,0.0,-0.22983284139249868,0.0,2.7751980743375673,3.1283626170337424,1004.5051255378416
0.881124573123895,0.0,0.06048752317983281,0.0,-0.2300328413924987,0.0,2.775258194766253,3.1282546591667284,1002.314743857012
0.8811872636171353,0.0,0.060550151050177865,0.0,-0.2302328413924987,0.0,2.775318229832118,3.1281466706254704,1000.1275846350754
0.8812499850152059,0.0,0.0606126899658555,0.0,-0.2304328413924987,0.0,2.7753781791027183,3.1280386515456993,997.9436486986648
0.8813127372949521,0.0,0.060675140045660936,0.0,-0.2306328413924987,0.0,2.7754380421448968,3.127930602063223,995.7629368530963
0.8813755204331317,0.0,0.06073750140745348,0.0,-0.2308328413924987,0.0,2.7754978185247805,3.127822522313925,993.5854498830369
0.8814383344064145,0.0,0.060799774168164004,0.0,-0.23103284139249872,0.0,2.775557507807788,3.1277144124337632,991.4111885520095
0.8815011791913813,0.0,0.0608619584438004,0.0,-0.23123284139249872,0.0,2.775617109558626,3.127606272558771,989.2401536027247
0.8815640547645246,0.0,0.06092405434945497,0.0,-0.23143284139249873,0.0,2.7756766233412904,3.1274981028250575,987.0723457571235
0.8816269611022477,0.0,0.06098606199931058,0.0,-0.23163284139249873,0.0,2.775736048719058,3.1273899033688055,984.9077657163205
0.8816898981808654,0.0,0.06104798150664908,0.0,-0.23183284139249874,0.0,2.7757953852545,3.1272816743262744,982.7464141605251
0.8817528659766033,0.0,0.06110981298385622,0.0,-0.23203284139249875,0.0,2.775854632509473,3.127173415833795,980.5882917494505
0.8818158644655969,0.0,0.061171556542427424,0.0,-0.23223284139249875,0.0,2.775913790045119,3.1270651280277777,978.4333991220573
0.8818788936238935,0.0,0.061233212292977415,0.0,-0.23243284139249876,0.0,2.775972857421869,3.126956811044701,976.2817368966324
0.88194195342745,0.0,0.061294780345243945,0.0,-0.23263284139249876,0.0,2.776031834199439,3.126848465021123,974.1333056708806
0.8820050438521329,0.0,0.06135626080809409,0.0,-0.23283284139249877,0.0,2.776090719936835,3.1267400900936715,971.988106021989
0.88206816487372,0.0,0.06141765378953296,0.0,-0.23303284139249877,0.0,2.7761495141923453,3.1266316863990506,969.8461385066537
0.8821313164678978,0.0,0.061478959396707396,0.0,-0.23323284139249878,0.0,2.776208216523547,3.126523254074038,967.7074036610273
0.8821944986102631,0.0,0.061540177735913915,0.0,-0.23343284139249879,0.0,2.7762668264873054,3.126414793255482,965.5719020008945
0.882257711276322,0.0,0.06160130891260305,0.0,-0.2336328413924988,0.0,2.776325343639767,3.12630630408031,963.4396340216699
0.8823209544414896,0.0,0.061662353031387396,0.0,-0.2338328413924988,0.0,2.776383767536369,3.126197786685518,961.3106001983576
0.8823842280810905,0.0,0.06172331019604629,0.0,-0.2340328413924988,0.0,2.7764420977318314,3.1260892412081756,959.1848009857047
0.8824475321703581,0.0,0.06178418050953258,0.0,-0.2342328413924988,0.0,2.776500333780162,3.125980667785426,957.0622368182122
0.8825108666844345,0.0,0.06184496407397815,0.0,-0.23443284139249881,0.0,2.7765584752346544,3.1258720665544857,954.9429081101243
0.8825742315983707,0.0,0.06190566099069969,0.0,-0.23463284139249882,0.0,2.776616521647887,3.1257634376526426,952.8268152555585
0.8826376268871258,0.0,0.06196627136020502,0.0,-0.23483284139249883,0.0,2.7766744725717247,3.1256547812172566,950.7139586284595
0.8827010525255673,0.0,0.0620267952821978,0.0,-0.23503284139249883,0.0,2.776732327557317,3.1255460973857625,948.6043385827373
0.8827645084884709,0.0,0.06208723285558496,0.0,-0.23523284139249884,0.0,2.7767900861550996,3.1254373862956646,946.4979554521537
0.8828279947505203,0.0,0.062147584178481305,0.0,-0.23543284139249884,0.0,2.776847747914793,3.125328648084539,944.3948095505914
0.8828915112863065,0.0,0.06220784934821433,0.0,-0.23563284139249885,0.0,2.776905312385404,3.1252198828900357,942.2949011718678
0.8829550580703285,0.0,0.062268028461331816,0.0,-0.23583284139249885,0.0,2.7769627791152245,3.1251110908498743,940.1982305899244
0.8830186350769926,0.0,0.0623281216136055,0.0,-0.23603284139249886,0.0,2.777020147651832,3.1250022721018467,938.1047980588856
0.8830822422806117,0.0,0.062388128900037004,0.0,-0.23623284139249887,0.0,2.777077417542086,3.1248934267838147,936.0146038128777
0.8831458796554081,0.0,0.062448050414866056,0.0,-0.23643284139249887,0.0,2.777134588332139,3.1247845550337137,933.9276480664923
0.8832095471755078,0.0,0.06250788625156975,0.0,-0.23663284139249888,0.0,2.777191659567421,3.1246756569895484,931.8439310143293
0.8832732448149448,0.0,0.06256763650287324,0.0,-0.23683284139249888,0.0,2.7772486307926467,3.124566732789394,929.7634528313156
0.883336972547661,0.0,0.06262730126075408,0.0,-0.2370328413924989,0.0,2.777305501551826,3.1244577825713966,927.6862136729844
0.8834007303475027,0.0,0.06268688061644563,0.0,-0.2372328413924989,0.0,2.7773622713882418,3.124348806473772,925.6122136748984
0.8834645181882235,0.0,0.06274637466044342,0.0,-0.2374328413924989,0.0,2.7774189398444684,3.1242398046348083,923.5414529532783
0.8835283360434825,0.0,0.06280578348251055,0.0,-0.2376328413924989,0.0,2.7774755064623666,3.124130777192862,921.4739316046803
0.8835921838868455,0.0,0.06286510717168296,0.0,-0.2378328413924989,0.0,2.7775319707830803,3.124021724286359,919.4096497063226
0.8836560616917829,0.0,0.06292434581627278,0.0,-0.23803284139249892,0.0,2.7775883323470363,3.123912646053796,917.3486073158526
0.8837199694316715,0.0,0.06298349950387586,0.0,-0.23823284139249892,0.0,2.777644590693953,3.123803542633739,915.2908044716078
0.8837839070797928,0.0,0.0630425683213742,0.0,-0.23843284139249893,0.0,2.777700745362826,3.1236944141648233,913.2362411924754
0.8838478746093346,0.0,0.06310155235494426,0.0,-0.23863284139249893,0.0,2.7777567958919445,3.1235852607857524,911.1849174781844
0.8839118719933875,0.0,0.06316045169005696,0.0,-0.23883284139249894,0.0,2.7778127418188765,3.1234760826352996,909.1368333090177
0.8839758992049495,0.0,0.06321926641148755,0.0,-0.23903284139249895,0.0,2.777868582680478,3.1233668798523078,907.091988646214
0.8840399562169214,0.0,0.06327799660331797,0.0,-0.23923284139249895,0.0,2.777924318012893,3.123257652575688,905.0503834316726
0.88410404300211,0.0,0.06333664234894147,0.0,-0.23943284139249896,0.0,2.777979947351547,3.1231484009444177,903.0120175883467
0.8841681595332246,0.0,0.06339520373106713,0.0,-0.23963284139249896,0.0,2.778035470231153,3.1230391250975464,900.9768910199584
0.8842323057828807,0.0,0.06345368083172781,0.0,-0.23983284139249897,0.0,2.778090886185713,3.1229298251741877,898.9450036112273
0.8842964817235961,0.0,0.0635120737322789,0.0,-0.24003284139249897,0.0,2.778146194748507,3.1228205013135257,896.9163552279123
0.8843606873277934,0.0,0.06357038251340871,0.0,-0.24023284139249898,0.0,2.7782013954521094,3.1227111536548118,894.8909457167844
0.8844249225677981,0.0,0.06362860725513954,0.0,-0.24043284139249899,0.0,2.7782564878283753,3.122601782337365,892.8687749057166
0.8844891874158399,0.0,0.06368674803683377,0.0,-0.240632841392499,0.0,2.7783114714084465,3.1224923875005706,890.8498426037227
0.884553481844052,0.0,0.06374480493719871,0.0,-0.240832841392499,0.0,2.7783663457227568,3.1223829692838807,888.8341486010495
0.8846178058244697,0.0,0.06380277803428862,0.0,-0.241032841392499,0.0,2.778421110301017,3.1222735278268177,886.8216926690869
0.8846821593290319,0.0,0.06386066740551216,0.0,-0.241232841392499,0.0,2.7784757646722347,3.1221640632689662,884.812474560583
0.88474654232958,0.0,0.06391847312763439,0.0,-0.24143284139249901,0.0,2.778530308364694,3.1220545757499814,882.806494009523
0.8848109547978585,0.0,0.06397619527678337,0.0,-0.24163284139249902,0.0,2.7785847409059725,3.121945065409582,880.8037507313495
0.8848753967055146,0.0,0.06403383392845372,0.0,-0.24183284139249903,0.0,2.778639061822937,3.1218355323875535,878.8042444228797
0.8849398680240964,0.0,0.06409138915750881,0.0,-0.24203284139249903,0.0,2.7786932706417344,3.12172597682375,876.8079747623685
0.8850043687250553,0.0,0.06414886103818777,0.0,-0.24223284139249904,0.0,2.7787473668878024,3.1216163988580887,874.8149414095762
0.8850688987797443,0.0,0.06420624964410876,0.0,-0.24243284139249904,0.0,2.7788013500858675,3.1215067986305516,872.8251440058253
0.8851334581594184,0.0,0.06426355504827344,0.0,-0.24263284139249905,0.0,2.7788552197599423,3.1213971762811896,870.8385821740762
0.885198046835234,0.0,0.06432077732307016,0.0,-0.24283284139249905,0.0,2.7789089754333283,3.121287531950115,868.8552555188869
0.8852626647782489,0.0,0.06437791654027927,0.0,-0.24303284139249906,0.0,2.7789626166286157,3.1211778657775087,866.8751636265025
0.8853273119594219,0.0,0.06443497277107589,0.0,-0.24323284139249907,0.0,2.779016142867679,3.121068177903615,864.8983060649075
0.8853919883496134,0.0,0.06449194608603576,0.0,-0.24343284139249907,0.0,2.779069553671686,3.1209584684687415,862.9246823838698
0.8854566939195855,0.0,0.06454883655513882,0.0,-0.24363284139249908,0.0,2.7791228485610957,3.1208487376132616,860.9542921150269
0.8855214286399992,0.0,0.06460564424777121,0.0,-0.24383284139249908,0.0,2.7791760270556467,3.120738985477614,858.9871347718224
0.8855861924814168,0.0,0.0646623692327309,0.0,-0.2440328413924991,0.0,2.779229088674374,3.120629212202299,857.023209849608
0.8856509854143019,0.0,0.0647190115782325,0.0,-0.2442328413924991,0.0,2.7792820329356007,3.1205194179278823,855.0625168258355
0.8857158074090175,0.0,0.06477557135190962,0.0,-0.2444328413924991,0.0,2.77933485935694,3.120409602794994,853.1050551598098
0.8857806584358264,0.0,0.06483204862081872,0.0,-0.2446328413924991,0.0,2.779387567455295,3.120299766944325,851.1508242930064
0.8858455384648928,0.0,0.06488844345144447,0.0,-0.2448328413924991,0.0,2.779440156746857,3.1201899105166317,849.1998236489799
0.8859104474662793,0.0,0.06494475590970257,0.0,-0.24503284139249912,0.0,2.7794926267471123,3.1200800336527346,847.2520526333933
0.8859753854099482,0.0,0.06500098606094203,0.0,-0.24523284139249912,0.0,2.779544976970834,3.119970136493514,845.3075106341801
0.8860403522657615,0.0,0.06505713396995212,0.0,-0.24543284139249913,0.0,2.7795972069320865,3.1198602191799134,843.3661970214695
0.8861053480034806,0.0,0.06511319970096392,0.0,-0.24563284139249913,0.0,2.77964931614423,3.1197502818529417,841.4281111477194
0.8861703725927661,0.0,0.06516918331765496,0.0,-0.24583284139249914,0.0,2.779701304119913,3.119640324653666,839.4932523477322
0.8862354260031768,0.0,0.06522508488315132,0.0,-0.24603284139249915,0.0,2.7797531703710745,3.1195303477232192,837.5616199387161
0.8863005082041705,0.0,0.06528090446003276,0.0,-0.24623284139249915,0.0,2.7798049144089485,3.1194203512027934,835.6332132202211
0.8863656191651046,0.0,0.0653366421103379,0.0,-0.24643284139249916,0.0,2.7798565357440643,3.1193103352336427,833.708031474426
0.8864307588552336,0.0,0.06539229789556349,0.0,-0.24663284139249916,0.0,2.7799080338862403,3.1192002999570843,831.7860739659372
0.8864959272437104,0.0,0.065447871876671,0.0,-0.24683284139249917,0.0,2.7799594083445873,3.119090245514494,829.8673399419791
0.8865611242995868,0.0,0.06550336411409086,0.0,-0.24703284139249918,0.0,2.780010658627514,3.1189801720473103,827.9518286324087
0.8866263499918118,0.0,0.06555877466772332,0.0,-0.24723284139249918,0.0,2.780061784242724,3.118870079697032,826.0395392497488
0.8866916042892328,0.0,0.06561410359694403,0.0,-0.2474328413924992,0.0,2.7801127846972085,3.118759968605219,824.1304709892604
0.8867568871605936,0.0,0.06566935096060568,0.0,-0.2476328413924992,0.0,2.7801636594972607,3.118649838913491,822.2246230289544
0.8868221985745368,0.0,0.06572451681704382,0.0,-0.2478328413924992,0.0,2.7802144081484648,3.118539690763528,820.321994529706
0.8868875384996019,0.0,0.06577960122407897,0.0,-0.2480328413924992,0.0,2.7802650301557055,3.118429524297069,818.4225846351994
0.886952906904224,0.0,0.06583460423901774,0.0,-0.2482328413924992,0.0,2.7803155250231564,3.118319339655915,816.5263924720639
0.8870183037567372,0.0,0.06588952591866158,0.0,-0.24843284139249922,0.0,2.780365892254296,3.118209136981924,814.6334171498746
0.8870837290253718,0.0,0.0659443663193053,0.0,-0.24863284139249922,0.0,2.7804161313518945,3.1180989164170136,812.7436577613032
0.8871491826782538,0.0,0.06599912549674182,0.0,-0.24883284139249923,0.0,2.7804662418180213,3.117988678103163,810.8571133819592
0.8872146646834059,0.0,0.06605380350626583,0.0,-0.24903284139249923,0.0,2.78051622315404,3.1178784221824074,808.9737830706138
0.8872801750087481,0.0,0.06610840040267775,0.0,-0.24923284139249924,0.0,2.78056607486062,3.1177681487968414,807.0936658692165
0.8873457136220957,0.0,0.06616291624028545,0.0,-0.24943284139249924,0.0,2.780615796437723,3.117657858088617,805.2167608029197
0.8874112804911596,0.0,0.0662173510729076,0.0,-0.24963284139249925,0.0,2.7806653873846128,3.117547550199948,803.3430668801245
0.8874768755835468,0.0,0.06627170495387824,0.0,-0.24983284139249926,0.0,2.7807148471998513,3.117437225273102,801.4725830924779
0.8875424988667602,0.0,0.06632597793604846,0.0,-0.25003284139249926,0.0,2.780764175381302,3.117326883450407,799.6053084150687
0.8876081503081977,0.0,0.06638017007179049,0.0,-0.25023284139249924,0.0,2.7808133714261287,3.1172165248742454,797.7412418063329
0.8876738298751529,0.0,0.06643428141300055,0.0,-0.2504328413924992,0.0,2.780862434830797,3.1171061496870625,795.8803822081775
0.8877395375348139,0.0,0.06648831201110134,0.0,-0.2506328413924992,0.0,2.7809113650910726,3.1169957580313534,794.0227285459771
0.8878052732542644,0.0,0.0665422619170463,0.0,-0.2508328413924992,0.0,2.7809601617020254,3.116885350049676,792.1682797287041
0.8878710370004828,0.0,0.0665961311813217,0.0,-0.25103284139249915,0.0,2.7810088241580257,3.116774925884642,790.3170346488727
0.8879368287403411,0.0,0.06664991985394947,0.0,-0.25123284139249913,0.0,2.78105735195275,3.116664485678919,788.4689921826473
0.8880026484406071,0.0,0.06670362798449153,0.0,-0.2514328413924991,0.0,2.781105744579176,3.116554029575232,786.6241511899441
0.8880684960679426,0.0,0.06675725562205188,0.0,-0.2516328413924991,0.0,2.7811540015295866,3.116443557716363,784.7825105143825
0.8881343715889027,0.0,0.06681080281527893,0.0,-0.25183284139249906,0.0,2.7812021222955714,3.1163330702451466,782.9440689833423
0.8882002749699373,0.0,0.06686426961236952,0.0,-0.25203284139249904,0.0,2.781250106368022,3.116222567304475,781.1088254080867
0.88826620617739,0.0,0.06691765606107214,0.0,-0.252232841392499,0.0,2.7812979532371407,3.116112049037296,779.2767785837541
0.8883321651774978,0.0,0.06697096220868796,0.0,-0.252432841392499,0.0,2.781345662392431,3.1160015155866096,777.4479272894446
0.8883981519363908,0.0,0.06702418810207536,0.0,-0.252632841392499,0.0,2.7813932333227074,3.1158909670954746,775.6222702881914
0.8884641664200935,0.0,0.06707733378765299,0.0,-0.25283284139249895,0.0,2.7814406655160924,3.1157804037070007,773.799806327139
0.8885302085945227,0.0,0.06713039931140119,0.0,-0.25303284139249893,0.0,2.781487958460016,3.1156698255643542,771.9805341374531
0.8885962784254886,0.0,0.06718338471886597,0.0,-0.2532328413924989,0.0,2.7815351116412175,3.115559232810754,770.1644524345147
0.888662375878694,0.0,0.0672362900551615,0.0,-0.2534328413924989,0.0,2.781582124545745,3.1154486255894733,768.3515599177872
0.888728500919734,0.0,0.06728911536497213,0.0,-0.25363284139249886,0.0,2.781628996658959,3.115338004043839,766.54185527104
0.8887946535140973,0.0,0.06734186069255672,0.0,-0.25383284139249884,0.0,2.781675727465527,3.1152273683172313,764.7353371623395
0.8888608336271642,0.0,0.06739452608175041,0.0,-0.2540328413924988,0.0,2.781722316449436,3.1151167185530837,762.9320042440506
0.8889270412242068,0.0,0.06744711157596656,0.0,-0.2542328413924988,0.0,2.7817687630939774,3.1150060548948817,761.1318551529218
0.88899327627039,0.0,0.06749961721820094,0.0,-0.2544328413924988,0.0,2.781815066881757,3.1148953774861647,759.3348885101584
0.8890595387307707,0.0,0.06755204305103465,0.0,-0.25463284139249875,0.0,2.7818612272947005,3.1147846864705233,757.5411029214393
0.8891258285702965,0.0,0.06760438911663455,0.0,-0.25483284139249873,0.0,2.7819072438140418,3.1146739819916003,755.7504969769748
0.8891921457538077,0.0,0.06765665545675802,0.0,-0.2550328413924987,0.0,2.7819531159203303,3.1145632641930927,753.9630692515896
0.889258490246035,0.0,0.06770884211275463,0.0,-0.2552328413924987,0.0,2.7819988430934366,3.1144525332187443,752.1788183046854
0.889324862011601,0.0,0.06776094912556938,0.0,-0.25543284139249867,0.0,2.78204442481254,3.114341789212355,750.3977426804033
0.8893912610150192,0.0,0.06781297653574486,0.0,-0.25563284139249864,0.0,2.782089860556144,3.1142310323177735,748.6198409075839
0.889457687220694,0.0,0.06786492438342355,0.0,-0.2558328413924986,0.0,2.782135149802067,3.1141202626789006,746.8451114998741
0.8895241405929206,0.0,0.06791679270835113,0.0,-0.2560328413924986,0.0,2.782180292027447,3.114009480439686,745.073552955755
0.8895906210958844,0.0,0.06796858154987813,0.0,-0.2562328413924986,0.0,2.7822252867087376,3.1138986857441315,743.3051637585395
0.8896571286936619,0.0,0.06802029094696382,0.0,-0.25643284139249856,0.0,2.782270133321723,3.113787878736288,741.5399423765562
0.8897236633502194,0.0,0.06807192093817696,0.0,-0.25663284139249853,0.0,2.782314831341498,3.113677059560257,739.7778872630695
0.8897902250294139,0.0,0.06812347156170014,0.0,-0.2568328413924985,0.0,2.782359380242486,3.113566228360191,738.0189968564168
0.8898568136949914,0.0,0.06817494285532988,0.0,-0.2570328413924985,0.0,2.7824037794984258,3.113455385280287,736.2632695799487
0.8899234293105884,0.0,0.06822633485648211,0.0,-0.25723284139249847,0.0,2.7824480285823885,3.1133445304647966,734.5107038421992
0.8899900718397319,0.0,0.06827764760219307,0.0,-0.25743284139249845,0.0,2.782492126966766,3.1132336640580176,732.761298036929
0.8900567412458354,0.0,0.06832888112911878,0.0,-0.2576328413924984,0.0,2.7825360741232696,3.113122786204297,731.0150505430368
0.8901234374922058,0.0,0.06838003547354483,0.0,-0.2578328413924984,0.0,2.782579869522951,3.1130118970480303,729.2719597248044
0.8901901605420364,0.0,0.06843111067138122,0.0,-0.2580328413924984,0.0,2.7826235126361727,3.112900996733661,727.53202393181
0.8902569103584103,0.0,0.06848210675816899,0.0,-0.25823284139249836,0.0,2.782667002932636,3.1127900854056807,725.7952414989902
0.8903236869042991,0.0,0.06853302376908042,0.0,-0.25843284139249834,0.0,2.782710339881364,3.1126791632086284,724.0616107467617
0.8903904901425643,0.0,0.0685838617389248,0.0,-0.2586328413924983,0.0,2.782753522950715,3.1125682302870894,722.3311299810102
0.8904573200359546,0.0,0.06863462070214538,0.0,-0.2588328413924983,0.0,2.782796551608375,3.1124572867856988,720.6037974931701
0.8905241765471082,0.0,0.06868530069282702,0.0,-0.25903284139249827,0.0,2.7828394253213604,3.112346332849135,718.8796115602818
0.8905910596385502,0.0,0.06873590174469413,0.0,-0.25923284139249825,0.0,2.78288214355602,3.112235368622127,717.1585704449712
0.8906579692726956,0.0,0.06878642389111746,0.0,-0.2594328413924982,0.0,2.7829247057780386,3.112124394249447,715.4406723956108
0.8907249054118455,0.0,0.06883686716511137,0.0,-0.2596328413924982,0.0,2.7829671114524306,3.1120134098759147,713.7259156462728
0.8907918680181903,0.0,0.06888723159934085,0.0,-0.2598328413924982,0.0,2.7830093600435495,3.1119024156463944,712.0142984168697
0.8908588570538075,0.0,0.06893751722612021,0.0,-0.26003284139249816,0.0,2.783051451015082,3.111791411705798,710.3058189131418
0.8909258724806617,0.0,0.06898772407741716,0.0,-0.26023284139249814,0.0,2.7830933838300553,3.1116803981990806,708.600475326662
0.8909929142606052,0.0,0.06903785218485411,0.0,-0.2604328413924981,0.0,2.7831351579508294,3.1115693752712428,706.8982658350253
0.8910599823553778,0.0,0.06908790157971144,0.0,-0.2606328413924981,0.0,2.783176772839107,3.1114583430673317,705.1991886018125
0.8911270767266055,0.0,0.0691378722929285,0.0,-0.26083284139249807,0.0,2.783218227955928,3.1113473017324362,703.5032417765913
0.8911941973358023,0.0,0.06918776435510715,0.0,-0.26103284139249805,0.0,2.783259522761678,3.111236251411691,701.8104234951008
0.8912613441443679,0.0,0.06923757779651188,0.0,-0.261232841392498,0.0,2.7833006567160776,3.111125192250275,700.1207318791899
0.891328517113589,0.0,0.06928731264707422,0.0,-0.261432841392498,0.0,2.783341629278196,3.11101412439341,698.4341650369033
0.8913957162046384,0.0,0.0693369689363931,0.0,-0.261632841392498,0.0,2.783382439906442,3.1109030479863615,696.7507210625495
0.8914629413785763,0.0,0.06938654669373896,0.0,-0.26183284139249796,0.0,2.783423088058573,3.1107919631744374,695.0703980367043
0.8915301925963477,0.0,0.06943604594805317,0.0,-0.26203284139249794,0.0,2.783463573191691,3.110680870102991,693.3931940263687
0.8915974698187842,0.0,0.0694854667279527,0.0,-0.2622328413924979,0.0,2.7835038947622457,3.1105697689174137,691.7191070848646
0.8916647730066032,0.0,0.06953480906173036,0.0,-0.2624328413924979,0.0,2.7835440522260315,3.110458659763143,690.0481352520246
0.8917321021204074,0.0,0.06958407297735794,0.0,-0.2626328413924979,0.0,2.7835840450381983,3.110347542785659,688.3802765541509
0.8917994571206853,0.0,0.06963325850248794,0.0,-0.26283284139249785,0.0,2.78362387265324,3.1102364181304805,686.715529004096
0.8918668379678119,0.0,0.06968236566445628,0.0,-0.26303284139249783,0.0,2.7836635345250076,3.1101252859431683,685.0538906013876
0.8919342446220448,0.0,0.06973139449028236,0.0,-0.2632328413924978,0.0,2.7837030301066994,3.1100141463693265,683.3953593321137
0.8920016770435287,0.0,0.06978034500667256,0.0,-0.2634328413924978,0.0,2.7837423588508696,3.1099029995545995,681.7399331691363
0.8920691351922939,0.0,0.0698292172400242,0.0,-0.26363284139249776,0.0,2.783781520209431,3.1097918456446716,680.0876100720716
0.8921366190282533,0.0,0.0698780112164231,0.0,-0.26383284139249774,0.0,2.7838205136336467,3.1096806847852667,678.4383879872998
0.8922041285112051,0.0,0.06992672696164803,0.0,-0.2640328413924977,0.0,2.7838593385741377,3.1095695171221513,676.792264848116
0.8922716636008331,0.0,0.06997536450117389,0.0,-0.2642328413924977,0.0,2.7838979944808866,3.1094583428011298,675.1492385747238
0.8923392242567049,0.0,0.07002392386017182,0.0,-0.2644328413924977,0.0,2.783936480803234,3.1093471619680466,673.5093070742557
0.8924068104382715,0.0,0.07007240506351117,0.0,-0.26463284139249765,0.0,2.783974796989879,3.109235974768785,671.8724682408883
0.8924744221048692,0.0,0.07012080813576262,0.0,-0.26483284139249763,0.0,2.7840129424888858,3.10912478134927,670.2387199558482
0.8925420592157172,0.0,0.07016913310119892,0.0,-0.2650328413924976,0.0,2.7840509167476784,3.1090135818554607,668.6080600875084
0.892609721729919,0.0,0.0702173799837978,0.0,-0.2652328413924976,0.0,2.7840887192130515,3.1089023764333583,666.9804864913742
0.8926774096064615,0.0,0.07026554880724266,0.0,-0.26543284139249756,0.0,2.7841263493311543,3.108791165229001,665.3559970101999
0.8927451228042154,0.0,0.07031363959492642,0.0,-0.26563284139249754,0.0,2.784163806547514,3.1086799483884637,663.734589473981
0.8928128612819344,0.0,0.07036165236995134,0.0,-0.2658328413924975,0.0,2.7842010903070213,3.108568726057861,662.1162617000698
0.8928806249982554,0.0,0.0704095871551316,0.0,-0.2660328413924975,0.0,2.784238200053932,3.108457498383344,660.5010114931724
0.8929484139116982,0.0,0.07045744397299565,0.0,-0.2662328413924975,0.0,2.7842751352318804,3.1083462655111,658.8888366454221
0.8930162279806662,0.0,0.0705052228457876,0.0,-0.26643284139249745,0.0,2.784311895283865,3.1082350275873547,657.2797349364262
0.8930840671634451,0.0,0.07055292379547028,0.0,-0.26663284139249743,0.0,2.7843484796522673,3.1081237847583667,655.6737041333388
0.8931519314182025,0.0,0.0706005468437237,0.0,-0.2668328413924974,0.0,2.78438488777883,3.1080125371704357,654.0707419908445
0.8932198207029897,0.0,0.07064809201195088,0.0,-0.2670328413924974,0.0,2.7844211191046844,3.1079012849698935,652.4708462513211
0.8932877349757395,0.0,0.07069555932127765,0.0,-0.26723284139249737,0.0,2.7844571730703307,3.1077900283031092,650.8740146447813
0.893355674194268,0.0,0.07074294879255495,0.0,-0.26743284139249734,0.0,2.7844930491156514,3.107678767316487,649.280244888992
0.8934236383162715,0.0,0.07079026044635955,0.0,-0.2676328413924973,0.0,2.7845287466799076,3.1075675021564653,647.6895346894783
0.8934916272993297,0.0,0.07083749430299718,0.0,-0.2678328413924973,0.0,2.7845642652017397,3.107456232969518,646.1018817396405
0.893559641100904,0.0,0.07088465038250431,0.0,-0.2680328413924973,0.0,2.7845996041191765,3.1073449599021528,644.5172837207383
0.8936276796783363,0.0,0.07093172870464817,0.0,-0.26823284139249726,0.0,2.7846347628696244,3.107233683100911,642.9357383019642
0.8936957429888516,0.0,0.07097872928893126,0.0,-0.26843284139249723,0.0,2.784669740889878,3.10712240271237,641.3572431405184
0.8937638309895541,0.0,0.07102565215458986,0.0,-0.2686328413924972,0.0,2.7847045376161192,3.1070111188831393,639.7817958816161
0.8938319436374317,0.0,0.07107249732059921,0.0,-0.2688328413924972,0.0,2.7847391524839167,3.106899831759859,638.209394158589
0.8939000808893517,0.0,0.07111926480567232,0.0,-0.26903284139249717,0.0,2.7847735849282294,3.1067885414892085,636.6400355929031
0.8939682427020627,0.0,0.07116595462826314,0.0,-0.26923284139249715,0.0,2.784807834383408,3.106677248217893,635.0737177942083
0.8940364290321943,0.0,0.07121256680656797,0.0,-0.2694328413924971,0.0,2.7848419002831957,3.1065659520926543,633.5104383604089
0.8941046398362567,0.0,0.07125910135852744,0.0,-0.2696328413924971,0.0,2.784875782060727,3.106454653260265,631.9501948776949
0.8941728750706405,0.0,0.07130555830182761,0.0,-0.2698328413924971,0.0,2.7849094791485363,3.106343351867528,630.3929849206199
0.894241134691617,0.0,0.07135193765390228,0.0,-0.27003284139249706,0.0,2.7849429909785526,3.1062320480612806,628.8388060521243
0.8943094186553372,0.0,0.07139823943193346,0.0,-0.27023284139249704,0.0,2.7849763169821022,3.1061207419883887,627.2876558235944
0.8943777269178325,0.0,0.07144446365285474,0.0,-0.270432841392497,0.0,2.7850094565899126,3.1060094337957507,625.739531774934
0.8944460594350141,0.0,0.07149061033335175,0.0,-0.270632841392497,0.0,2.7850424092321147,3.1058981236302934,624.1944314345753
0.8945144161626739,0.0,0.07153667948986464,0.0,-0.27083284139249697,0.0,2.785075174338239,3.1057868116389766,622.6523523195763
0.8945827970564826,0.0,0.07158267113858874,0.0,-0.27103284139249695,0.0,2.785107751337225,3.105675497968788,621.1132919356392
0.89465120207199,0.0,0.07162858529547592,0.0,-0.2712328413924969,0.0,2.7851401396574125,3.1055641827667455,619.5772477771538
0.8947196311646274,0.0,0.07167442197623869,0.0,-0.2714328413924969,0.0,2.7851723387265537,3.1054528661798972,618.0442173273264
0.894788084289703,0.0,0.07172018119634858,0.0,-0.2716328413924969,0.0,2.78520434797181,3.1053415483553173,616.5141980580888
0.8948565614024059,0.0,0.07176586297104007,0.0,-0.27183284139249686,0.0,2.785236166819751,3.105230229440111,614.9871874302996
0.8949250624578031,0.0,0.07181146731531036,0.0,-0.27203284139249684,0.0,2.7852677946963604,3.1051189095814125,613.4631828936833
0.8949935874108411,0.0,0.07185699424392278,0.0,-0.2722328413924968,0.0,2.785299231027037,3.105007588926384,611.9421818869505
0.8950621362163458,0.0,0.0719024437714076,0.0,-0.2724328413924968,0.0,2.7853304752365937,3.1048962676222125,610.42418183783
0.8951307088290198,0.0,0.0719478159120621,0.0,-0.27263284139249677,0.0,2.78536152674926,3.1047849458161156,608.9091801630746
0.8951993052034464,0.0,0.07199311067995535,0.0,-0.27283284139249675,0.0,2.7853923849886892,3.1046736236553363,607.3971742685967
0.8952679252940859,0.0,0.0720383280889267,0.0,-0.27303284139249673,0.0,2.78542304937795,3.104562301287147,605.8881615494536
0.8953365690552778,0.0,0.07208346815258912,0.0,-0.2732328413924967,0.0,2.7854535193395384,3.1044509788588406,604.3821393899239
0.8954052364412386,0.0,0.07212853088432913,0.0,-0.2734328413924967,0.0,2.7854837942953696,3.1043396565177446,602.8791051635508
0.8954739274060637,0.0,0.07217351629731093,0.0,-0.27363284139249666,0.0,2.785513873666786,3.1042283344112063,601.3790562331831
0.895542641903726,0.0,0.07221842440447487,0.0,-0.27383284139249664,0.0,2.7855437568745605,3.1041170126866002,599.8819899510715
0.8956113798880765,0.0,0.07226325521854145,0.0,-0.2740328413924966,0.0,2.7855734433388943,3.1040056914913263,598.387903658868
0.8956801413128437,0.0,0.07230800875201135,0.0,-0.2742328413924966,0.0,2.7856029324794167,3.1038943709728097,596.8967946876935
0.8957489261316325,0.0,0.0723526850171665,0.0,-0.2744328413924966,0.0,2.7856322237151923,3.1037830512785005,595.4086603581907
0.8958177342979273,0.0,0.07239728402607447,0.0,-0.27463284139249655,0.0,2.7856613164647195,3.103671732555872,593.9234979806029
0.8958865657650879,0.0,0.07244180579058597,0.0,-0.27483284139249653,0.0,2.7856902101459324,3.10356041495242,592.4413048547542
0.8959554204863521,0.0,0.07248625032233945,0.0,-0.2750328413924965,0.0,2.785718904176208,3.103449098615669,590.9620782701745
0.8960242984148339,0.0,0.07253061763275989,0.0,-0.2752328413924965,0.0,2.7857473979723535,3.1033377836931617,589.4858155061013
0.8960931995035254,0.0,0.0725749077330637,0.0,-0.27543284139249646,0.0,2.785775690950628,3.103226470332468,588.0125138315827
0.8961621237052946,0.0,0.07261912063425706,0.0,-0.27563284139249644,0.0,2.785803782526727,3.1031151586811765,586.5421705054498
0.896231070972886,0.0,0.0726632563471384,0.0,-0.2758328413924964,0.0,2.7858316721157963,3.103003848886901,585.0747827764578
0.896300041258921,0.0,0.07270731488230021,0.0,-0.2760328413924964,0.0,2.785859359132426,3.1028925410972765,583.6103478832542
0.896369034515897,0.0,0.07275129625013015,0.0,-0.2762328413924964,0.0,2.7858868429906543,3.1027812354599598,582.1488630544693
0.8964380506961882,0.0,0.0727952004608127,0.0,-0.27643284139249635,0.0,2.7859141231039746,3.102669932122629,580.6903255087976
0.8965070897520441,0.0,0.07283902752433002,0.0,-0.27663284139249633,0.0,2.7859411988853293,3.102558631232983,579.2347324549862
0.8965761516355915,0.0,0.07288277745046437,0.0,-0.2768328413924963,0.0,2.7859680697471183,3.1024473329387425,577.7820810919322
0.8966452362988311,0.0,0.07292645024879764,0.0,-0.2770328413924963,0.0,2.7859947351011956,3.102336037387648,576.3323686086985
0.8967143436936413,0.0,0.07297004592871552,0.0,-0.27723284139249627,0.0,2.786021194358874,3.1022247447274593,574.8855921845769
0.8967834737717754,0.0,0.07301356449940628,0.0,-0.27743284139249624,0.0,2.7860474469309304,3.1021134551059575,573.4417489891766
0.8968526264848614,0.0,0.07305700596986316,0.0,-0.2776328413924962,0.0,2.7860734922276,3.1020021686709427,572.0008361824182
0.8969218017844045,0.0,0.07310037034888686,0.0,-0.2778328413924962,0.0,2.7860993296585854,3.1018908855702336,570.5628509146004
0.8969909996217834,0.0,0.07314365764508468,0.0,-0.2780328413924962,0.0,2.7861249586330525,3.101779605951668,569.1277903264872
0.8970602199482529,0.0,0.0731868678668735,0.0,-0.27823284139249616,0.0,2.7861503785596398,3.1016683299631027,567.6956515492943
0.8971294627149426,0.0,0.07323000102248056,0.0,-0.27843284139249613,0.0,2.7861755888464503,3.1015570577524114,566.266431704797
0.8971987278728574,0.0,0.07327305711994549,0.0,-0.2786328413924961,0.0,2.786200588901068,3.101445789467486,564.8401279053553
0.8972680153728766,0.0,0.07331603616712047,0.0,-0.2788328413924961,0.0,2.7862253781305415,3.101334525256238,563.4167372539717
0.8973373251657537,0.0,0.07335893817167191,0.0,-0.27903284139249607,0.0,2.7862499559414036,3.1012232652665936,561.9962568443086
0.8974066572021181,0.0,0.07340176314108296,0.0,-0.27923284139249605,0.0,2.786274321739662,3.1011120096464957,560.5786837608041
0.8974760114324728,0.0,0.07344451108265354,0.0,-0.279432841392496,0.0,2.786298474930805,3.1010007585439054,559.1640150786602
0.8975453878071952,0.0,0.07348718200350186,0.0,-0.279632841392496,0.0,2.7863224149198045,3.1008895121067983,557.7522478639353
0.897614786276537,0.0,0.0735297759105661,0.0,-0.279832841392496,0.0,2.786346141111119,3.1007782704831683,556.3433791735679
0.897684206790624,0.0,0.07357229281060526,0.0,-0.28003284139249596,0.0,2.786369652908688,3.1006670338210216,554.9374060554292
0.8977536492994557,0.0,0.07361473271020083,0.0,-0.28023284139249593,0.0,2.786392949715945,3.1005558022683815,553.5343255483838
0.8978231137529069,0.0,0.07365709561575928,0.0,-0.2804328413924959,0.0,2.7864160309358175,3.100444575973286,552.134134682359
0.8978926001007242,0.0,0.07369938153350966,0.0,-0.2806328413924959,0.0,2.7864388959707167,3.100333355083786,550.7368304783448
0.8979621082925298,0.0,0.0737415904695096,0.0,-0.28083284139249587,0.0,2.786461544222558,3.1002221397479497,549.3424099484755
0.8980316382778174,0.0,0.07378372242964236,0.0,-0.28103284139249585,0.0,2.7864839750927493,3.100110930113855,547.9508700960806
0.8981011900059561,0.0,0.07382577741962149,0.0,-0.2812328413924958,0.0,2.7865061879822,3.099999726329597,546.562207915742
0.8981707634261867,0.0,0.07386775544498955,0.0,-0.2814328413924958,0.0,2.7865281822913217,3.0998885285432825,545.176420393298
0.898240358487625,0.0,0.07390965651112154,0.0,-0.2816328413924958,0.0,2.7865499574200308,3.09977733690303,543.7935045059594
0.8983099751392584,0.0,0.07395148062322418,0.0,-0.28183284139249576,0.0,2.7865715127677464,3.0996661515569714,542.4134572223236
0.8983796133299476,0.0,0.07399322778633799,0.0,-0.28203284139249574,0.0,2.786592847733401,3.0995549726532508,541.0362755024075
0.8984492730084269,0.0,0.07403489800533916,0.0,-0.2822328413924957,0.0,2.7866139617154357,3.099443800340025,539.661956297728
0.8985189541233034,0.0,0.0740764912849406,0.0,-0.2824328413924957,0.0,2.7866348541118033,3.0993326347654584,538.2904965513446
0.8985886566230561,0.0,0.07411800762969153,0.0,-0.28263284139249567,0.0,2.7866555243199738,3.099221476077732,536.9218931979095
0.8986583804560366,0.0,0.07415944704398043,0.0,-0.28283284139249565,0.0,2.7866759717369356,3.0991103244250335,535.5561431636984
0.8987281255704701,0.0,0.07420080953203637,0.0,-0.2830328413924956,0.0,2.7866961957591947,3.098999179955562,534.1932433666999
0.8987978919144533,0.0,0.07424209509792921,0.0,-0.2832328413924956,0.0,2.78671619578278,3.098888042817527,532.8331907166071
0.898867679435955,0.0,0.07428330374557132,0.0,-0.2834328413924956,0.0,2.786735971203247,3.0987769131591465,531.4759821149233
0.898937488081481,0.0,0.07432443547615492,0.0,-0.28363284139249556,0.0,2.7867555214425486,3.0986657911310105,530.121614513831
0.899077168543347,0.0,0.07440646821577879,0.0,-0.28403284139249557,0.0,2.786793943794384,3.0984435705442666,527.4213894931845
0.8992169328762132,0.0,0.0744881933360765,0.0,-0.2844328413924956,0.0,2.7868314580701816,3.0982213822503746,524.7324908164724
0.899356780659535,0.0,0.07456961086415444,0.0,-0.2848328413924956,0.0,2.7868680593869253,3.0979992274331,522.0548932827155
0.8994967114693763,0.0,0.0746507208221677,0.0,-0.2852328413924956,0.0,2.786903742881125,3.097777107278686,519.3885716238756
0.8996367248797428,0.0,0.07473152322992131,0.0,-0.2856328413924956,0.0,2.7869385036820336,3.097555022973479,516.7335004476154
0.8997768204625797,0.0,0.0748120181049086,0.0,-0.28603284139249563,0.0,2.7869723369117163,3.0973329757039187,514.0896542388821
0.8999169977877669,0.0,0.07489220546234619,0.0,-0.28643284139249564,0.0,2.787005237685132,3.0971109666565266,511.45700736143874
0.9000572564231185,0.0,0.07497208531521322,0.0,-0.28683284139249565,0.0,2.787037201110218,3.0968889970178948,508.8355340594528
0.9001975959343766,0.0,0.07505165767428448,0.0,-0.28723284139249566,0.0,2.787068222287965,3.096667067974674,506.2252084590426
0.900338015885212,0.0,0.07513092254816939,0.0,-0.2876328413924957,0.0,2.7870982963125064,3.096445180713563,503.6260045698541
0.9004785158372177,0.0,0.07520987994334574,0.0,-0.2880328413924957,0.0,2.7871274182711927,3.0962233364212954,501.03789628658785
0.9006190953499081,0.0,0.07528852986419571,0.0,-0.2884328413924957,0.0,2.7871555832446835,3.096001536284633,498.46085739055604
0.9007597539807166,0.0,0.07536687231304201,0.0,-0.2888328413924957,0.0,2.7871827863070298,3.0957797814903443,495.89486155124723
0.9009004912849903,0.0,0.07544490729018084,0.0,-0.2892328413924957,0.0,2.787209022525754,3.095558073225204,493.3398823278462
0.9010413068159904,0.0,0.07552263479391881,0.0,-0.28963284139249573,0.0,2.7872342869619446,3.095336412675976,490.7958931707765
0.9011822001248864,0.0,0.07560005482060511,0.0,-0.29003284139249574,0.0,2.7872585746703393,3.0951148010294,488.2628674232477
0.901323170760757,0.0,0.07567716736466859,0.0,-0.29043284139249576,0.0,2.787281880699412,3.094893239472183,485.7407783227768
0.9014642182705832,0.0,0.0757539724186481,0.0,-0.29083284139249577,0.0,2.7873042000914667,3.0946717291909867,483.2295990026955
0.9016053421992499,0.0,0.07583046997322934,0.0,-0.2912328413924958,0.0,2.787325527882724,3.0944502713724162,480.72930249373564
0.9017465420895395,0.0,0.07590666001727572,0.0,-0.2916328413924958,0.0,2.7873458591034073,3.0942288672030034,478.239861725468
0.9018878174821328,0.0,0.07598254253786388,0.0,-0.2920328413924958,0.0,2.7873651887778492,3.0940075178692066,475.76124952787563
0.902029167915605,0.0,0.07605811752031531,0.0,-0.2924328413924958,0.0,2.7873835119245656,3.093786224557383,473.29343863285
0.9021705929264225,0.0,0.0761333849482293,0.0,-0.2928328413924958,0.0,2.787400823556363,3.0935649884537915,470.83640167568547
0.9023120920489417,0.0,0.07620834480351518,0.0,-0.29323284139249584,0.0,2.787417118680428,3.093343810744568,468.3901111965812
0.902453664815407,0.0,0.07628299706642558,0.0,-0.29363284139249585,0.0,2.7874323922984208,3.0931226926157254,465.95453964216676
0.9025953107559467,0.0,0.07635734171558688,0.0,-0.29403284139249586,0.0,2.7874466394065736,3.092901635253132,463.52965936697615
0.9027370293985733,0.0,0.07643137872803359,0.0,-0.29443284139249587,0.0,2.787459854995787,3.0926806398425044,461.11544263491555
0.9028788202691791,0.0,0.0765051080792371,0.0,-0.2948328413924959,0.0,2.7874720340517323,3.0924597075693927,458.7118616208104
0.9030206828915357,0.0,0.0765785297431396,0.0,-0.2952328413924959,0.0,2.787483171554941,3.0922388396191716,456.3188884118041
0.9031626167872905,0.0,0.07665164369218332,0.0,-0.2956328413924959,0.0,2.787493262480909,3.0920180371770236,453.9364950089172
0.9033046214759666,0.0,0.07672444989734344,0.0,-0.2960328413924959,0.0,2.7875023018002056,3.0917973014279334,451.5646533284645
0.9034466964749581,0.0,0.0767969483281576,0.0,-0.2964328413924959,0.0,2.787510284478559,3.091576633556667,449.2033352035194
0.9035888412995303,0.0,0.07686913895275645,0.0,-0.29683284139249594,0.0,2.7875172054769712,3.091356034747767,446.8525123854115
0.9037310554628176,0.0,0.07694102173789541,0.0,-0.29723284139249595,0.0,2.787523059751816,3.091135506185538,444.512156545169
0.9038733384758215,0.0,0.07701259664898438,0.0,-0.29763284139249596,0.0,2.787527842254948,3.09091504905403,442.18223927495103
0.904015689847407,0.0,0.07708386365011625,0.0,-0.298032841392496,0.0,2.787531547933796,3.0906946645370352,439.8627320895266
0.9041581090843046,0.0,0.07715482270410007,0.0,-0.298432841392496,0.0,2.787534171731486,3.090474353818064,437.553606427687
0.9043005956911052,0.0,0.07722547377248762,0.0,-0.298832841392496,0.0,2.7875357085869323,3.090254118080342,435.25483365370724
0.9044431491702597,0.0,0.07729581681560431,0.0,-0.299232841392496,0.0,2.787536153434957,3.0900339585067935,432.96638505877377
0.904585769022079,0.0,0.07736585179257978,0.0,-0.299632841392496,0.0,2.787535501206393,3.089813876280029,430.68823186239933
0.9047284547447288,0.0,0.07743557866137421,0.0,-0.30003284139249603,0.0,2.7875337468281924,3.089593872582334,428.42034521384824
0.9048712058342323,0.0,0.07750499737881002,0.0,-0.30043284139249604,0.0,2.7875308852235388,3.0893739485956546,426.16269619357615
0.9050140217844654,0.0,0.07757410790059947,0.0,-0.30083284139249605,0.0,2.787526911311962,3.0891541055015863,423.91525581460576
0.9051569020871579,0.0,0.07764291018137401,0.0,-0.30123284139249606,0.0,2.787521820009445,3.0889343444813604,421.67799502396065
0.9052998462318903,0.0,0.07771140417471195,0.0,-0.3016328413924961,0.0,2.7875156062285416,3.0887146667158327,419.45088470405653
0.9054428537060938,0.0,0.07777958983316774,0.0,-0.3020328413924961,0.0,2.787508264878487,3.0884950733854697,417.2338956741014
0.9055859239950481,0.0,0.0778474671082998,0.0,-0.3024328413924961,0.0,2.7874997908653127,3.0882755656703353,415.0269986914691
0.9057290565818814,0.0,0.07791503595069904,0.0,-0.3028328413924961,0.0,2.7874901790919675,3.0880561447500794,412.83016445311307
0.9058722509475684,0.0,0.07798229631001609,0.0,-0.3032328413924961,0.0,2.78747942445843,3.0878368118039248,410.6433635969212
0.9060155065709294,0.0,0.07804924813498962,0.0,-0.30363284139249613,0.0,2.7874675218618243,3.087617568010654,408.46656670309653
0.9061588229286303,0.0,0.078115891373474,0.0,-0.30403284139249614,0.0,2.7874544661965444,3.0873984145485953,406.29974429553215
0.90630219949518,0.0,0.07818222597246668,0.0,-0.30443284139249616,0.0,2.787440252354372,3.0871793525956126,404.1428668431672
0.9064456357429312,0.0,0.07824825187813568,0.0,-0.30483284139249617,0.0,2.7874248752245907,3.0869603833290897,401.9959047613414
0.9065891311420785,0.0,0.07831396903584649,0.0,-0.3052328413924962,0.0,2.787408329694119,3.086741507925919,399.8588284131564
0.9067326851606583,0.0,0.07837937739018958,0.0,-0.3056328413924962,0.0,2.787390610647621,3.0865227275624894,397.73160811080186
0.9068762972645478,0.0,0.07844447688500746,0.0,-0.3060328413924962,0.0,2.7873717129676376,3.086304043414669,395.6142141169199
0.907019966917464,0.0,0.07850926746342053,0.0,-0.3064328413924962,0.0,2.7873516315347064,3.0860854566577967,393.5066166459176
0.9071636935809646,0.0,0.07857374906785528,0.0,-0.3068328413924962,0.0,2.787330361227487,3.08586696846667,391.4087858653054
0.9073074767144458,0.0,0.07863792164006989,0.0,-0.30723284139249624,0.0,2.7873078969228904,3.085648580015524,389.32069189701576
0.9074513157751427,0.0,0.0787017851211805,0.0,-0.30763284139249625,0.0,2.787284233496201,3.085430292478029,387.24230481871905
0.9075952102181296,0.0,0.07876533945168891,0.0,-0.30803284139249626,0.0,2.7872593658212064,3.085212107027268,385.17359466512994
0.9077391594963174,0.0,0.07882858457150665,0.0,-0.30843284139249627,0.0,2.787233288770328,3.0849940248357304,383.11453142931555
0.9078831630604568,0.0,0.07889152041998318,0.0,-0.3088328413924963,0.0,2.787205997214746,3.0847760470752945,381.06508506399814
0.908027220359134,0.0,0.07895414693593,0.0,-0.3092328413924963,0.0,2.787177486024532,3.084558174917217,379.02522548282207
0.9081713308387751,0.0,0.07901646405764874,0.0,-0.3096328413924963,0.0,2.787147750068784,3.0843404095321163,376.99492256167355
0.9083154939436423,0.0,0.07907847172295443,0.0,-0.3100328413924963,0.0,2.7871167842157516,3.0841227520899643,374.97414613993396
0.9084597091158355,0.0,0.07914016986920266,0.0,-0.31043284139249633,0.0,2.7870845833329754,3.083905203760068,372.96286602176053
0.9086039757952925,0.0,0.07920155843331465,0.0,-0.31083284139249634,0.0,2.7870511422874125,3.0836877657110597,370.9610519773538
0.908748293419789,0.0,0.07926263735180301,0.0,-0.31123284139249635,0.0,2.787016455945586,3.0834704391108816,368.96867374422163
0.9088926614249387,0.0,0.07932340656079677,0.0,-0.31163284139249636,0.0,2.786980519173702,3.0832532251267746,366.985701028412
0.9090370792441924,0.0,0.07938386599606573,0.0,-0.3120328413924964,0.0,2.786943326837803,3.0830361249252602,365.0121035057938
0.9091815463088416,0.0,0.07944401559304762,0.0,-0.3124328413924964,0.0,2.7869048738038957,3.0828191396721354,363.04785082326714
0.9093260620480152,0.0,0.07950385528687104,0.0,-0.3128328413924964,0.0,2.7868651549380914,3.08260227053245,361.0929126000186
0.9094706258886817,0.0,0.0795633850123809,0.0,-0.3132328413924964,0.0,2.786824165106747,3.0823855186704985,359.1472584287353
0.9096152372556504,0.0,0.07962260470416475,0.0,-0.3136328413924964,0.0,2.786781899176604,3.0821688852498066,357.21085787682784
0.9097598955715706,0.0,0.07968151429657468,0.0,-0.31403284139249643,0.0,2.7867383520149285,3.0819523714331147,355.28368048765753
0.9099046002569332,0.0,0.07974011372375428,0.0,-0.31443284139249644,0.0,2.7866935184896557,3.0817359783823695,353.3656957817335
0.9100493507300708,0.0,0.07979840291966193,0.0,-0.31483284139249645,0.0,2.78664739346953,3.0815197072587015,351.45687325790686
0.9101941464071592,0.0,0.07985638181809554,0.0,-0.31523284139249647,0.0,2.7865999718242533,3.081303559222423,349.5571823945919
0.9103389867022184,0.0,0.07991405035271736,0.0,-0.3156328413924965,0.0,2.7865512484246207,3.081087535433005,347.66659265091675
0.9104838710271123,0.0,0.07997140845707694,0.0,-0.3160328413924965,0.0,2.7865012181426776,3.0808716370490683,345.785073467948
0.9106287987915511,0.0,0.08002845606463647,0.0,-0.3164328413924965,0.0,2.7864498758518557,3.0806558652283678,343.9125942698257
0.9107737694030916,0.0,0.0800851931087942,0.0,-0.3168328413924965,0.0,2.7863972164271265,3.0804402211277795,342.0491244649605
0.910918782267139,0.0,0.08014161952290857,0.0,-0.3172328413924965,0.0,2.786343234745145,3.0802247059032877,340.1946334471745
0.9110638367869472,0.0,0.080197735240322,0.0,-0.31763284139249653,0.0,2.786287925684403,3.0800093207099715,338.34909059687163
0.9112089323636214,0.0,0.08025354019438484,0.0,-0.31803284139249655,0.0,2.7862312841253782,3.079794066701987,336.51246528217496
0.9113540683961184,0.0,0.08030903431847894,0.0,-0.31843284139249656,0.0,2.7861733049506783,3.0795789450325595,334.6847268600699
0.911499244281249,0.0,0.08036421754604131,0.0,-0.31883284139249657,0.0,2.786113983045203,3.0793639568539652,332.86584467754267
0.9116444594136787,0.0,0.08041908981058773,0.0,-0.3192328413924966,0.0,2.786053313296288,3.0791491033175196,331.0557880727016
0.9117897131859294,0.0,0.08047365104573577,0.0,-0.3196328413924966,0.0,2.785991290593861,3.078934385573562,329.2545263759006
0.9119350049883819,0.0,0.08052790118522879,0.0,-0.3200328413924966,0.0,2.7859279098306,3.0787198047714437,327.4620289108501
0.9120803342092759,0.0,0.08058184016295834,0.0,-0.3204328413924966,0.0,2.785863165902075,3.078505362059512,325.6782649957263
0.9122257002347162,0.0,0.08063546791298971,0.0,-0.3208328413924966,0.0,2.785797053706925,3.0782910585851,323.90320394426374
0.9123711024486673,0.0,0.08068878436958091,0.0,-0.32123284139249664,0.0,2.785729568146991,3.078076895494507,322.1368150668609
0.912516540232963,0.0,0.08074178946721038,0.0,-0.32163284139249665,0.0,2.7856607041274914,3.077862873932987,320.3790676716461
0.9126620129673035,0.0,0.08079448314059652,0.0,-0.32203284139249666,0.0,2.7855904565571725,3.0776489950447394,318.6299310655754
0.9128075200292592,0.0,0.08084686532472195,0.0,-0.32243284139249667,0.0,2.785518820348466,3.077435259972888,316.8893745554914
0.9129530607942745,0.0,0.0808989359548575,0.0,-0.3228328413924967,0.0,2.7854457904176564,3.07722166985947,315.1573674491889
0.9130986346356659,0.0,0.08095069496658223,0.0,-0.3232328413924967,0.0,2.7853713616850313,3.0770082258454217,313.4338790564734
0.9132442409246294,0.0,0.08100214229580881,0.0,-0.3236328413924967,0.0,2.785295529075053,3.0767949290705676,311.71887869021543
0.913389879030239,0.0,0.08105327787880444,0.0,-0.3240328413924967,0.0,2.785218287516514,3.076581780673598,310.01233566738426
0.913535548319452,0.0,0.08110410165221454,0.0,-0.32443284139249673,0.0,2.7851396319427044,3.0763687817920666,308.3142193100906
0.9136812481571103,0.0,0.08115461355308472,0.0,-0.32483284139249674,0.0,2.7850595572915697,3.0761559335623656,306.62449894660926
0.913826977905943,0.0,0.081204813518883,0.0,-0.32523284139249675,0.0,2.784978058505886,3.075943237119717,304.943143912407
0.9139727369265698,0.0,0.0812547014875228,0.0,-0.32563284139249676,0.0,2.784895130533414,3.0757306935981585,303.27012355114925
0.9141185245775039,0.0,0.08130427739738481,0.0,-0.3260328413924968,0.0,2.784810768327075,3.075518304130528,301.60540721571533
0.9142643402151539,0.0,0.08135354118733928,0.0,-0.3264328413924968,0.0,2.7847249668451117,3.07530606984845,299.94896426918774
0.9144101831938287,0.0,0.08140249279676842,0.0,-0.3268328413924968,0.0,2.7846377210512574,3.0750939918823206,298.30076408585523
0.91455605286574,0.0,0.08145113216558873,0.0,-0.3272328413924968,0.0,2.7845490259149077,3.0748820713612943,296.66077605218743
0.9147019485810034,0.0,0.08149945923427196,0.0,-0.3276328413924968,0.0,2.7844588764112874,3.0746703094132695,295.028969567824
0.9148478696876453,0.0,0.08154747394386876,0.0,-0.32803284139249683,0.0,2.784367267521621,3.0744587071648732,293.4053140465346
0.9149938155316037,0.0,0.08159517623602912,0.0,-0.32843284139249684,0.0,2.784274194233303,3.074247265741451,291.78977891718944
0.9151397854567325,0.0,0.08164256605302515,0.0,-0.32883284139249686,0.0,2.7841796515400743,3.074035986267043,290.18233362471346
0.9152857788048058,0.0,0.08168964333777291,0.0,-0.32923284139249687,0.0,2.784083634442188,3.073824869864383,288.5829476310299
0.9154317949155196,0.0,0.08173640803385335,0.0,-0.3296328413924969,0.0,2.7839861379465867,3.073613917654872,286.9915904160124
0.9155778331264982,0.0,0.08178286008553524,0.0,-0.3300328413924969,0.0,2.783887157067078,3.0734031307585723,285.40823147841036
0.9157238927732955,0.0,0.08182899943779555,0.0,-0.3304328413924969,0.0,2.7837866868245045,3.073192510294188,283.8328403367781
0.9158699731894012,0.0,0.08187482603634245,0.0,-0.3308328413924969,0.0,2.783684722246925,3.0729820573790514,282.2653865303955
0.9160160737062424,0.0,0.08192033982763516,0.0,-0.3312328413924969,0.0,2.783581258369785,3.0727717731291135,280.705839620181
0.9161621936531905,0.0,0.08196554075890722,0.0,-0.33163284139249694,0.0,2.7834762902361,3.072561658658922,279.15416918959215
0.9163083323575629,0.0,0.08201042877818654,0.0,-0.33203284139249695,0.0,2.7833698128966273,3.072351715081613,277.6103448455276
0.9164544891446283,0.0,0.08205500383431738,0.0,-0.33243284139249696,0.0,2.7832618214100497,3.0721419435088917,276.07433621921894
0.9166006633376124,0.0,0.08209926587698188,0.0,-0.33283284139249697,0.0,2.7831523108431515,3.071932345051023,274.5461129671056
0.9167468542576998,0.0,0.08214321485672094,0.0,-0.333232841392497,0.0,2.783041276270997,3.071722920816814,273.02564477171643
0.9168930612240392,0.0,0.08218685072495494,0.0,-0.333632841392497,0.0,2.782928712777116,3.0715136719135976,271.5129013425402
0.9170392835537512,0.0,0.08223017343400649,0.0,-0.334032841392497,0.0,2.782814615453683,3.0713045994472226,270.00785241687925
0.9171855205619288,0.0,0.0822731829371203,0.0,-0.334432841392497,0.0,2.7826989794016983,3.071095704522037,268.5104677607087
0.9173317715616446,0.0,0.08231587918848417,0.0,-0.334832841392497,0.0,2.7825817997311666,3.0708869882408716,267.02071716951707
0.9174780358639549,0.0,0.08235826214325061,0.0,-0.33523284139249704,0.0,2.782463071561293,3.070678451705028,265.53857046915505
0.9176243127779059,0.0,0.08240033175755788,0.0,-0.33563284139249705,0.0,2.7823427900206537,3.070470096014265,264.06399751665276
0.9177706016105366,0.0,0.08244208798854977,0.0,-0.33603284139249706,0.0,2.782220950247387,3.070261922266779,262.59696820105864
0.9179169016668869,0.0,0.08248353079439813,0.0,-0.3364328413924971,0.0,2.782097547389378,3.0700539315591944,261.13745244424376
0.9180632122500008,0.0,0.08252466013432251,0.0,-0.3368328413924971,0.0,2.781972576604445,3.069846124986547,259.68542020171685
0.9182095326609324,0.0,0.08256547596861112,0.0,-0.3372328413924971,0.0,2.7818460330605266,3.069638503642269,258.2408414634284
0.9183558621987519,0.0,0.08260597825864188,0.0,-0.3376328413924971,0.0,2.781717911935866,3.069431068618177,256.80368625456333
0.9185022001605508,0.0,0.08264616696690293,0.0,-0.3380328413924971,0.0,2.7815882084192016,3.069223821004452,255.37392463632284
0.918648545841448,0.0,0.08268604205701319,0.0,-0.33843284139249713,0.0,2.7814569177099573,3.069016761889631,253.9515267067129
0.918794898534595,0.0,0.08272560349374307,0.0,-0.33883284139249714,0.0,2.781324035018427,3.068809892360585,252.536462601312
0.9189412575311818,0.0,0.08276485124303463,0.0,-0.33923284139249715,0.0,2.7811895555659683,3.0686032135025134,251.12870249403835
0.9190876221204444,0.0,0.08280378527202253,0.0,-0.33963284139249716,0.0,2.7810534745851947,3.068396726398921,249.72821659790912
0.919233991589669,0.0,0.08284240554905446,0.0,-0.3400328413924972,0.0,2.7809157873201578,3.0681904321316074,248.3349751657817
0.9193803652241993,0.0,0.08288071204371089,0.0,-0.3404328413924972,0.0,2.7807764890265507,3.0679843317806523,246.94894849111523
0.9195267423074434,0.0,0.08291870472682665,0.0,-0.3408328413924972,0.0,2.780635574971892,3.0677784264243986,245.5701069086848
0.919673122120878,0.0,0.08295638357050954,0.0,-0.3412328413924972,0.0,2.7804930404357218,3.0675727171394396,244.19842079533032
0.9198195039440581,0.0,0.0829937485481621,0.0,-0.3416328413924972,0.0,2.780348880709796,3.0673672050006036,242.83386057066275
0.9199658870546201,0.0,0.08303079963450079,0.0,-0.34203284139249723,0.0,2.7802030910982762,3.0671618910809375,241.4763966977897
0.9201122707282925,0.0,0.0830675368055772,0.0,-0.34243284139249724,0.0,2.7800556669179293,3.0669567764516943,240.12599968401082
0.9202586542388993,0.0,0.083103960038797,0.0,-0.34283284139249726,0.0,2.779906603498319,3.066751862182318,238.7826400815249
0.9204050368583688,0.0,0.08314006931294057,0.0,-0.34323284139249727,0.0,2.779755896182006,3.066547149340427,237.4462884881258
0.9205514178567402,0.0,0.0831758646081831,0.0,-0.3436328413924973,0.0,2.7796035403247377,3.0663426389918,236.1169155478782
0.9206977965021705,0.0,0.08321134590611462,0.0,-0.3440328413924973,0.0,2.7794495312956493,3.066138332200362,234.79449195179893
0.9208441720609433,0.0,0.08324651318975966,0.0,-0.3444328413924973,0.0,2.779293864477463,3.0659342300281685,233.4789884385305
0.9209905437974729,0.0,0.08328136644359709,0.0,-0.3448328413924973,0.0,2.779136535266678,3.0657303335353907,232.17037579500243
0.9211369109743165,0.0,0.08331590565358057,0.0,-0.3452328413924973,0.0,2.778977539073778,3.0655266437803,230.86862485708338
0.9212832728521771,0.0,0.08335013080715745,0.0,-0.34563284139249734,0.0,2.7788168713234236,3.0653231618192556,229.57370651023945
0.9214296286899141,0.0,0.08338404189328916,0.0,-0.34603284139249735,0.0,2.7786545274546555,3.065119888706684,228.28559169017024
0.9215759777445504,0.0,0.0834176389024708,0.0,-0.34643284139249736,0.0,2.7784905029210916,3.0649168254950707,227.00425138343996
0.9217223192712802,0.0,0.08345092182675075,0.0,-0.34683284139249737,0.0,2.778324793191127,3.0647139732349413,225.72965662811032
0.9218686525234775,0.0,0.08348389065975022,0.0,-0.3472328413924974,0.0,2.778157393748138,3.0645113329748463,224.46177851436136
0.9220149767527033,0.0,0.08351654539668299,0.0,-0.3476328413924974,0.0,2.7779883000906826,3.0643089057613477,223.20058818510057
0.9221612912087154,0.0,0.08354888603437487,0.0,-0.3480328413924974,0.0,2.7778175077326956,3.0641066926390033,221.94605683657056
0.9223075951394746,0.0,0.08358091257128299,0.0,-0.3484328413924974,0.0,2.7776450122037004,3.063904694650351,220.6981557189506
0.9224538877911559,0.0,0.08361262500751561,0.0,-0.34883284139249743,0.0,2.7774708090490057,3.0637029128358946,219.45685613694633
0.9226001684081543,0.0,0.083644023344851,0.0,-0.34923284139249744,0.0,2.77729489382991,3.0635013482340883,218.22212945037342
0.9227464362330959,0.0,0.08367510758675756,0.0,-0.34963284139249745,0.0,2.7771172621239035,3.0633000018813217,216.9939470747388
0.9228926905068461,0.0,0.0837058777384125,0.0,-0.35003284139249746,0.0,2.7769379095248743,3.063098874811904,215.77228048180496
0.9230389304685169,0.0,0.08373633380672107,0.0,-0.3504328413924975,0.0,2.7767568316433113,3.06289796805805,214.5571012001646
0.9231851553554784,0.0,0.0837664758003362,0.0,-0.3508328413924975,0.0,2.7765740241065067,3.062697282649865,213.3483808157867
0.9233313644033662,0.0,0.08379630372967728,0.0,-0.3512328413924975,0.0,2.776389482558765,3.0624968196153284,212.14609097257232
0.9234775568460919,0.0,0.08382581760694965,0.0,-0.3516328413924975,0.0,2.776203202661605,3.0622965799802775,210.95020337289384
0.9236237319158519,0.0,0.08385501744616333,0.0,-0.3520328413924975,0.0,2.776015180093967,3.062096564768398,209.76068977813435
0.9237698888431368,0.0,0.08388390326315216,0.0,-0.35243284139249753,0.0,2.7758254105524185,3.0618967750012014,208.57752200921425
0.9239160268567418,0.0,0.08391247507559296,0.0,-0.35283284139249754,0.0,2.7756338897513615,3.0616972116980135,207.40067194711492
0.9240621451837752,0.0,0.08394073290302402,0.0,-0.35323284139249755,0.0,2.775440613423234,3.061497875875959,206.23011153339155
0.9242082430496698,0.0,0.08396867676686466,0.0,-0.35363284139249757,0.0,2.775245577318726,3.0612987685499466,205.06581277068642
0.9243543196781921,0.0,0.08399630669043379,0.0,-0.3540328413924976,0.0,2.775048777206978,3.0610998907326534,203.9077477232201
0.9245003742914523,0.0,0.08402362269896786,0.0,-0.3544328413924976,0.0,2.7748502088757956,3.060901243434508,202.75588851729884
0.9246464061099144,0.0,0.08405062481964108,0.0,-0.3548328413924976,0.0,2.7746498681318523,3.0607028276636767,201.61020734179903
0.9247924143524086,0.0,0.08407731308158349,0.0,-0.3552328413924976,0.0,2.7744477508008973,3.060504644426048,200.4706764486333
0.9249383982361375,0.0,0.08410368751589874,0.0,-0.3556328413924976,0.0,2.7742438527279716,3.0603066947252193,199.33726815325394
0.9250843569766922,0.0,0.0841297481556843,0.0,-0.35603284139249763,0.0,2.7740381697776066,3.0601089795624774,198.20995483509012
0.9252302897880581,0.0,0.08415549503604867,0.0,-0.35643284139249765,0.0,2.7738306978340397,3.059911499936785,197.08870893803208
0.9253761958826286,0.0,0.0841809281941306,0.0,-0.35683284139249766,0.0,2.77362143280142,3.0597142568447664,195.97350297086928
0.9255220744712161,0.0,0.08420604766911755,0.0,-0.35723284139249767,0.0,2.7734103706040214,3.0595172512806914,194.8643095077482
0.9256679247630614,0.0,0.08423085350226342,0.0,-0.3576328413924977,0.0,2.7731975071864476,3.05932048423646,193.76110118860976
0.9258137459658458,0.0,0.0842553457369077,0.0,-0.3580328413924977,0.0,2.7729828385138453,3.0591239567015855,192.66385071962037
0.9259595372857032,0.0,0.08427952441849346,0.0,-0.3584328413924977,0.0,2.7727663605721133,3.058927669663181,191.5725308736084
0.9261052979272311,0.0,0.08430338959458544,0.0,-0.3588328413924977,0.0,2.7725480693681117,3.0587316241059446,190.48711449047363
0.9262510270935014,0.0,0.08432694131488858,0.0,-0.3592328413924977,0.0,2.772327960929874,3.05853582101214,189.4075744776112
0.9263967239860731,0.0,0.08435017963126577,0.0,-0.35963284139249774,0.0,2.7721060313068167,3.058340261361586,188.3338838103166
0.926542387805004,0.0,0.08437310459775639,0.0,-0.36003284139249775,0.0,2.7718822765699485,3.0581449461316375,187.26601553218734
0.9266880177488624,0.0,0.08439571627059421,0.0,-0.36043284139249776,0.0,2.771656692812085,3.057949876297171,186.20394275551632
0.9268336130147393,0.0,0.08441801470822481,0.0,-0.36083284139249777,0.0,2.7714292761480563,3.057755052830569,185.14763866168477
0.9269791727982605,0.0,0.08443999997132451,0.0,-0.3612328413924978,0.0,2.7712000227149187,3.057560476701706,184.09707650154144
0.9271246962935998,0.0,0.08446167212281765,0.0,-0.3616328413924978,0.0,2.770968928672166,3.057366148877931,183.0522295957765
0.9272701826934905,0.0,0.0844830312278945,0.0,-0.3620328413924978,0.0,2.770735990201942,3.057172070324052,182.01307133529735
0.9274156311892383,0.0,0.08450407735402889,0.0,-0.3624328413924978,0.0,2.7705012035092493,3.0569782420023213,180.97957518158745
0.9275610409707346,0.0,0.0845248105709964,0.0,-0.36283284139249783,0.0,2.7702645648221647,3.0567846648724206,179.95171466706432
0.9277064112264679,0.0,0.0845452309508914,0.0,-0.36323284139249784,0.0,2.7700260703920447,3.056591339891443,178.92946339543022
0.9278517411435394,0.0,0.08456533856814515,0.0,-0.36363284139249785,0.0,2.769785716493745,3.056398268013879,177.91279504201532
0.9279970299076736,0.0,0.0845851334995433,0.0,-0.36403284139249786,0.0,2.7695434994258235,3.056205450191601,176.90168335411965
0.9281422767032325,0.0,0.08460461582424288,0.0,-0.3644328413924979,0.0,2.769299415510758,3.056012887373848,175.89610215134314
0.9282874807132294,0.0,0.08462378562379032,0.0,-0.3648328413924979,0.0,2.769053461095156,3.0558205805072083,174.8960253259105
0.9284326411193426,0.0,0.08464264298213862,0.0,-0.3652328413924979,0.0,2.768805632549964,3.0556285305356043,173.90142684298786
0.9285777571019277,0.0,0.08466118798566459,0.0,-0.3656328413924979,0.0,2.7685559262706834,3.0554367384002803,172.91228074100957
0.9287228278400322,0.0,0.08467942072318589,0.0,-0.3660328413924979,0.0,2.768304338677578,3.0552452050397783,171.9285611319719
0.9288678525114116,0.0,0.08469734128597911,0.0,-0.36643284139249793,0.0,2.7680508662158885,3.055053931389935,170.95024220173514
0.9290128302925387,0.0,0.08471494976779559,0.0,-0.36683284139249794,0.0,2.7677955053560415,3.054862918383852,169.97729821033215
0.9291577603586216,0.0,0.08473224626487925,0.0,-0.36723284139249796,0.0,2.767538252593863,3.0546721669518915,169.00970349224536
0.929302641883618,0.0,0.084749230875984,0.0,-0.36763284139249797,0.0,2.767279104450789,3.054481678021653,168.04743245669823
0.9294474740402473,0.0,0.08476590370238965,0.0,-0.368032841392498,0.0,2.767018057474073,3.0542914525179636,167.090459587922
0.9295922560000066,0.0,0.08478226484791941,0.0,-0.368432841392498,0.0,2.7667551082370037,3.0541014913628572,166.13875944544333
0.9297369869331861,0.0,0.08479831441895666,0.0,-0.368832841392498,0.0,2.766490253339112,3.053911795475561,165.19230666434055
0.9298816660088826,0.0,0.08481405252446157,0.0,-0.369232841392498,0.0,2.766223489406384,3.0537223657724777,164.25107595550566
0.930026292395015,0.0,0.08482947927598783,0.0,-0.369632841392498,0.0,2.765954813091467,3.053533203167175,163.31504210590015
0.9301708652583411,0.0,0.0848445947876994,0.0,-0.37003284139249804,0.0,2.7656842210738866,3.0533443085703635,162.38417997879793
0.9303153837644693,0.0,0.0848593991763866,0.0,-0.37043284139249805,0.0,2.765411710060249,3.0531556828898845,161.45846451403895
0.9304598470778772,0.0,0.08487389256148294,0.0,-0.37083284139249806,0.0,2.765137276784462,3.052967327030692,160.5378707282611
0.9306042543619263,0.0,0.08488807506508181,0.0,-0.37123284139249807,0.0,2.7648609180079333,3.0527792418948394,159.62237371512555
0.9307486047788766,0.0,0.08490194681195194,0.0,-0.3716328413924981,0.0,2.764582630519791,3.052591428381461,158.71194864555792
0.9308928974899036,0.0,0.08491550792955443,0.0,-0.3720328413924981,0.0,2.7643024111370815,3.0524038873867583,157.80657076795137
0.9310371316551143,0.0,0.08492875854805872,0.0,-0.3724328413924981,0.0,2.764020256704993,3.0522166198039815,156.90621540839624
0.931181306433562,0.0,0.08494169880035826,0.0,-0.3728328413924981,0.0,2.7637361640970504,3.0520296265234186,156.0108579708832
0.9313254209832645,0.0,0.08495432882208757,0.0,-0.3732328413924981,0.0,2.7634501302153325,3.0518429084323713,155.1204739375055
0.9314694744612191,0.0,0.08496664875163708,0.0,-0.37363284139249814,0.0,2.7631621519906795,3.0516564664151486,154.23503886865768
0.9316134660234185,0.0,0.08497865873016953,0.0,-0.37403284139249815,0.0,2.762872226382898,3.0514703013530418,153.35452840323677
0.9317573948248694,0.0,0.08499035890163589,0.0,-0.37443284139249816,0.0,2.762580350380971,3.051284414124316,152.47891825882004
0.9319012600196085,0.0,0.08500174941279108,0.0,-0.3748328413924982,0.0,2.762286521003269,3.051098805604191,151.60818423184912
0.9320450607607181,0.0,0.08501283041320909,0.0,-0.3752328413924982,0.0,2.761990735297749,3.0509134766648227,150.7423021978156
0.9321887962003448,0.0,0.08502360205529919,0.0,-0.3756328413924982,0.0,2.7616929903421674,3.0507284281752916,149.8812481114211
0.9323324654897164,0.0,0.08503406449432131,0.0,-0.3760328413924982,0.0,2.761393283244286,3.0505436610015852,149.02499800675304
0.9324760677791583,0.0,0.08504421788840093,0.0,-0.3764328413924982,0.0,2.761091611142076,3.0503591760065807,148.1735279974386
0.9326196022181127,0.0,0.0850540623985453,0.0,-0.37683284139249823,0.0,2.7607879712039223,3.05017497405003,147.3268142768074
0.9327630679551542,0.0,0.08506359818865775,0.0,-0.37723284139249824,0.0,2.7604823606288376,3.0499910559885453,146.48483311803898
0.9329064641380085,0.0,0.08507282542555335,0.0,-0.37763284139249825,0.0,2.760174776646652,3.0498074226755794,145.64756087431158
0.9330497899135712,0.0,0.08508174427897414,0.0,-0.37803284139249826,0.0,2.7598652165182362,3.0496240749614127,144.81497397893946
0.9331930444279245,0.0,0.08509035492160376,0.0,-0.3784328413924983,0.0,2.759553677535684,3.049441013693136,143.98704894550485
0.9333362268263555,0.0,0.08509865752908234,0.0,-0.3788328413924983,0.0,2.7592401570225378,3.0492582397146357,143.16376236800642
0.9334793362533755,0.0,0.08510665228002175,0.0,-0.3792328413924983,0.0,2.7589246523339734,3.0490757538665743,142.34509092096198
0.9336223718527368,0.0,0.08511433935601954,0.0,-0.3796328413924983,0.0,2.7586071608570113,3.0488935569863784,141.5310113595491
0.9337653327674538,0.0,0.0851217189416747,0.0,-0.3800328413924983,0.0,2.7582876800107203,3.048711649908222,140.721500519705
0.933908218139819,0.0,0.08512879122460106,0.0,-0.38043284139249833,0.0,2.7579662072464126,3.0485300334630057,139.91653531824977
0.934051027111423,0.0,0.08513555639544222,0.0,-0.38083284139249834,0.0,2.757642740047848,3.048348708478347,139.11609275299014
0.9341937588231742,0.0,0.08514201464788615,0.0,-0.38123284139249836,0.0,2.7573172759314373,3.0481676757785605,138.3201499028176
0.9343364124153176,0.0,0.08514816617867911,0.0,-0.38163284139249837,0.0,2.7569898124464323,3.0479869361846434,137.52868392780346
0.9344789870274531,0.0,0.08515401118763993,0.0,-0.3820328413924984,0.0,2.756660347175136,3.0478064905142577,136.74167206930173
0.9346214817985558,0.0,0.08515954987767384,0.0,-0.3824328413924984,0.0,2.756328877733093,3.0476263395817167,135.95909165002774
0.9347638958669954,0.0,0.08516478245478676,0.0,-0.3828328413924984,0.0,2.7559954017692956,3.047446484197964,135.1809200741389
0.9349062283705558,0.0,0.08516970912809907,0.0,-0.3832328413924984,0.0,2.7556599169663696,3.047266925170563,134.4071348273244
0.9350484784464563,0.0,0.08517433010985956,0.0,-0.3836328413924984,0.0,2.7553224210407783,3.04708766330368,133.6377134768631
0.9351906452313685,0.0,0.08517864561545832,0.0,-0.38403284139249844,0.0,2.7549829117430216,3.0469086993980614,132.87263367170902
0.9353327278614394,0.0,0.08518265586344133,0.0,-0.38443284139249845,0.0,2.754641386857819,3.046730034251029,132.11187314254386
0.9354747254723098,0.0,0.08518636107552319,0.0,-0.38483284139249846,0.0,2.7542978442043196,3.04655166865645,131.3554097018448
0.9356166371991367,0.0,0.08518976147660096,0.0,-0.38523284139249847,0.0,2.7539522816362796,3.0463736034047364,130.60322124393167
0.9357584621766102,0.0,0.08519285729476664,0.0,-0.3856328413924985,0.0,2.7536046970422685,3.0461958392828135,129.85528574503422
0.9359001995389794,0.0,0.08519564876132148,0.0,-0.3860328413924985,0.0,2.7532550883458535,3.0460183770741156,129.11158126331713
0.936041848420068,0.0,0.08519813611078783,0.0,-0.3864328413924985,0.0,2.7529034535057955,3.045841217558563,128.3720859389432
0.9361834079532988,0.0,0.08520031958092274,0.0,-0.3868328413924985,0.0,2.752549790516234,3.0456643615125496,127.63677799410138
0.9363248772717129,0.0,0.08520219941273056,0.0,-0.38723284139249853,0.0,2.752194097406882,3.045487809708923,126.90563573304294
0.936466255507992,0.0,0.08520377585047569,0.0,-0.38763284139249854,0.0,2.751836372243213,3.045311562916973,126.1786375421083
0.9366075417944789,0.0,0.08520504914169494,0.0,-0.38803284139249855,0.0,2.7514766131266506,3.045135621902412,125.45576188976312
0.9367487352632005,0.0,0.08520601953721049,0.0,-0.38843284139249856,0.0,2.7511148181947505,3.0449599874273594,124.73698732660773
0.9368898350458869,0.0,0.08520668729114145,0.0,-0.3888328413924986,0.0,2.750750985621393,3.0447846602503255,124.02229248540291
0.9370308402739954,0.0,0.08520705266091695,0.0,-0.3892328413924986,0.0,2.7503851136169657,3.044609641126198,123.31165608108066
0.9371717500787319,0.0,0.08520711590728763,0.0,-0.3896328413924986,0.0,2.750017200428548,3.044434930806221,122.60505691075613
0.9373125635910713,0.0,0.08520687729433754,0.0,-0.3900328413924986,0.0,2.749647244340095,3.0442605300379815,121.90247385372965
0.9374532799417832,0.0,0.08520633708949686,0.0,-0.3904328413924986,0.0,2.7492752436726176,3.0440864395653966,121.20388587149162
0.9375938982614497,0.0,0.08520549556355247,0.0,-0.39083284139249863,0.0,2.748901196784369,3.0439126601286888,120.50927200771858
0.937734417680492,0.0,0.08520435299066059,0.0,-0.39123284139249864,0.0,2.748525102071021,3.043739192464379,119.81861138826767
0.9378748373291901,0.0,0.08520290964835735,0.0,-0.39163284139249865,0.0,2.7481469579658455,3.0435660373052653,119.13188322116605
0.9380151563377074,0.0,0.08520116581757116,0.0,-0.39203284139249867,0.0,2.7477667629398934,3.043393195380407,118.44906679659871
0.9381553738361113,0.0,0.08519912178263274,0.0,-0.3924328413924987,0.0,2.7473845155021706,3.04322066741511,117.77014148689466
0.9382954889543988,0.0,0.08519677783128743,0.0,-0.3928328413924987,0.0,2.747000214199814,3.04304845413091,117.09508674649408
0.9384355008225188,0.0,0.08519413425470534,0.0,-0.3932328413924987,0.0,2.7466138576182715,3.0428765562455573,116.42388211193341
0.9385754085703928,0.0,0.0851911913474923,0.0,-0.3936328413924987,0.0,2.7462254443814715,3.0427049744729993,115.75650720181824
0.9387152113279424,0.0,0.08518794940770084,0.0,-0.3940328413924987,0.0,2.7458349731519966,3.042533709523364,115.09294171678482
0.9388549082251098,0.0,0.08518440873684063,0.0,-0.39443284139249873,0.0,2.745442442631255,3.0423627621029476,114.4331654394662
0.9389944983918826,0.0,0.08518056963988876,0.0,-0.39483284139249875,0.0,2.7450478515596584,3.0421921329141925,113.7771582344536
0.9391339809583176,0.0,0.08517643242530022,0.0,-0.39523284139249876,0.0,2.7446511987167805,3.0420218226556774,113.12490004825466
0.9392733550545633,0.0,0.08517199740501785,0.0,-0.39563284139249877,0.0,2.7442524829215356,3.0418518320220964,112.4763709092484
0.9394126198108865,0.0,0.08516726489448247,0.0,-0.3960328413924988,0.0,2.7438517030323384,3.0416821617042458,111.83155092763278
0.939551774357694,0.0,0.08516223521264288,0.0,-0.3964328413924988,0.0,2.7434488579472758,3.041512812389007,111.19042029536936
0.9396908178255583,0.0,0.08515690868196518,0.0,-0.3968328413924988,0.0,2.7430439466042666,3.0413437847593316,110.55295928613137
0.9398297493452407,0.0,0.08515128562844271,0.0,-0.3972328413924988,0.0,2.7426369679812304,3.0411750794942223,109.91914825524847
0.9399685680477176,0.0,0.0851453663816053,0.0,-0.3976328413924988,0.0,2.742227921096246,3.0410066972687217,109.28896763963232
0.9401072730642035,0.0,0.08513915127452867,0.0,-0.39803284139249884,0.0,2.741816805007713,3.0408386387538924,108.6623979577185
0.9402458635261769,0.0,0.0851326406438433,0.0,-0.39843284139249885,0.0,2.7414036188145134,3.040670904616803,108.03941980939183
0.940384338565404,0.0,0.08512583482974363,0.0,-0.39883284139249886,0.0,2.7409883616561683,3.040503495520511,107.42001387591884
0.9405226973139649,0.0,0.08511873417599684,0.0,-0.39923284139249887,0.0,2.740571032712995,3.040336412124049,106.80416091987479
0.9406609389042779,0.0,0.08511133902995151,0.0,-0.3996328413924989,0.0,2.740151631206265,3.0401696550824053,106.19184178504815
0.9407990624691255,0.0,0.08510364974254601,0.0,-0.4000328413924989,0.0,2.7397301563983514,3.0400032250465117,105.58303739638168
0.9409370671416788,0.0,0.08509566666831703,0.0,-0.4004328413924989,0.0,2.7393066075928925,3.0398371226632257,104.97772875986905
0.9410749520555232,0.0,0.0850873901654075,0.0,-0.4008328413924989,0.0,2.7388809841349326,3.0396713485753146,104.37589696247619
0.941212716344685,0.0,0.08507882059557498,0.0,-0.40123284139249893,0.0,2.7384532854110804,3.0395059034214396,103.77752317204894
0.9413503591436562,0.0,0.08506995832419934,0.0,-0.40163284139249894,0.0,2.738023510849651,3.0393407878361423,103.18258863721545
0.9414878795874204,0.0,0.08506080372029032,0.0,-0.40203284139249895,0.0,2.737591659920816,3.039176002449827,102.59107468729411
0.9416252768114788,0.0,0.0850513571564954,0.0,-0.40243284139249896,0.0,2.7371577321367506,3.0390115478887436,102.00296273218993
0.9417625499518765,0.0,0.0850416190091068,0.0,-0.402832841392499,0.0,2.736721727051773,3.0388474247749753,101.41823426229396
0.9418996981452278,0.0,0.08503158965806898,0.0,-0.403232841392499,0.0,2.736283644262493,3.0386836337264183,100.83687084838314
0.9420367205287443,0.0,0.08502126948698559,0.0,-0.403632841392499,0.0,2.735843483407944,3.038520175356774,100.25885414149562
0.9421736162402593,0.0,0.08501065888312617,0.0,-0.404032841392499,0.0,2.7354012441697346,3.0383570502755246,99.68416587284227
0.9423103844182551,0.0,0.08499975823743312,0.0,-0.404432841392499,0.0,2.7349569262721745,3.0381942590879207,99.11278785367912
0.9424470242018905,0.0,0.08498856794452807,0.0,-0.40483284139249903,0.0,2.734510529482417,3.0380318023949706,98.54470197518592
0.9425835347310255,0.0,0.08497708840271802,0.0,-0.40523284139249904,0.0,2.7340620536105917,3.0378696807934165,97.97989020836809
0.9427199151462499,0.0,0.08496532001400192,0.0,-0.40563284139249906,0.0,2.7336114985099407,3.0377078948757252,97.41833460391422
0.9428561645889101,0.0,0.08495326318407645,0.0,-0.40603284139249907,0.0,2.7331588640769406,3.0375464452300713,96.86001729208257
0.9429922822011341,0.0,0.08494091832234162,0.0,-0.4064328413924991,0.0,2.7327041502514455,3.037385332440319,96.30492048257528
0.9431282671258614,0.0,0.08492828584190677,0.0,-0.4068328413924991,0.0,2.7322473570168015,3.0372245570860095,95.75302646440386
0.9432641185068686,0.0,0.08491536615959575,0.0,-0.4072328413924991,0.0,2.7317884843999822,3.0370641197423467,95.2043176057634
0.9433998354887978,0.0,0.08490215969595234,0.0,-0.4076328413924991,0.0,2.7313275324717057,3.036904020980179,94.65877635388796
0.9435354172171814,0.0,0.08488866687524504,0.0,-0.4080328413924991,0.0,2.7308645013465664,3.0367442613659854,94.11638523493437
0.9436708628384731,0.0,0.08487488812547242,0.0,-0.40843284139249914,0.0,2.7303993911831443,3.036584841461859,93.57712685382455
0.9438061715000741,0.0,0.08486082387836726,0.0,-0.40883284139249915,0.0,2.7299322021841346,3.0364257618254973,93.04098389410984
0.9439413423503598,0.0,0.08484647456940174,0.0,-0.40923284139249916,0.0,2.7294629345964543,3.036267023010178,92.50793911783134
0.9440763745387082,0.0,0.08483184063779081,0.0,-0.40963284139249917,0.0,2.7289915887113696,3.0361086255647507,91.97797536537502
0.9442112672155292,0.0,0.08481692252649727,0.0,-0.4100328413924992,0.0,2.7285181648646004,3.0359505700336205,91.45107555531877
0.9443460195322909,0.0,0.08480172068223518,0.0,-0.4104328413924992,0.0,2.7280426634364323,3.035792856956734,90.92722268428295
0.9444806306415475,0.0,0.08478623555547357,0.0,-0.4108328413924992,0.0,2.7275650848518276,3.03563548686956,90.40639982678468
0.9446150996969688,0.0,0.08477046760044012,0.0,-0.4112328413924992,0.0,2.727085429580543,3.0354784603030796,89.88859013507701
0.9447494258533679,0.0,0.08475441727512453,0.0,-0.4116328413924992,0.0,2.726603698137213,3.0353217777837673,89.37377683899402
0.9448836082667287,0.0,0.0847380850412815,0.0,-0.41203284139249924,0.0,2.7261198910814746,3.0351654398335812,88.86194324579358
0.9450176460942361,0.0,0.08472147136443377,0.0,-0.41243284139249925,0.0,2.725634009018059,3.0350094469699442,88.35307273999632
0.9451515384943024,0.0,0.08470457671387484,0.0,-0.41283284139249926,0.0,2.725146052596897,3.0348537997057305,87.84714878322237
0.9452852846265964,0.0,0.08468740156267124,0.0,-0.4132328413924993,0.0,2.724656022513211,3.0346984985492496,87.34415491403192
0.9454188836520742,0.0,0.08466994638766537,0.0,-0.4136328413924993,0.0,2.724163919507613,3.0345435440042365,86.84407474774653
0.9455523347330046,0.0,0.0846522116694771,0.0,-0.4140328413924993,0.0,2.7236697443662017,3.034388936569833,86.34689197629609
0.9456856370329999,0.0,0.08463419789250592,0.0,-0.4144328413924993,0.0,2.723173497920651,3.0342346767405717,85.85259036803657
0.9458187897170445,0.0,0.08461590554493258,0.0,-0.4148328413924993,0.0,2.7226751810482988,3.0340807650063684,85.36115376758531
0.9459517919515239,0.0,0.08459733511872061,0.0,-0.41523284139249933,0.0,2.7221747946722377,3.0339272018525008,84.87256609564076
0.9460846429042524,0.0,0.08457848710961738,0.0,-0.41563284139249934,0.0,2.7216723397613998,3.0337739877595986,84.38681134881278
0.9462173417445041,0.0,0.08455936201715546,0.0,-0.41603284139249935,0.0,2.7211678173306364,3.033621123203628,83.90387359944347
0.9463498876430407,0.0,0.08453996034465323,0.0,-0.41643284139249936,0.0,2.720661228440803,3.033468608655877,83.42373699542574
0.9464822797721415,0.0,0.08452028259921558,0.0,-0.4168328413924994,0.0,2.72015257419884,3.033316444582942,82.9463857600195
0.9466145173056312,0.0,0.08450032929173416,0.0,-0.4172328413924994,0.0,2.7196418557578452,3.0331646314467156,82.47180419168234
0.9467465994189115,0.0,0.084480100936888,0.0,-0.4176328413924994,0.0,2.7191290743171486,3.0330131697043696,81.99997666386622
0.9468785252889884,0.0,0.08445959805314289,0.0,-0.4180328413924994,0.0,2.7186142311223898,3.0328620598083424,81.53088762484666
0.9470102940945027,0.0,0.08443882116275142,0.0,-0.4184328413924994,0.0,2.71809732746558,3.032711302206328,81.06452159752894
0.9471419050157588,0.0,0.0844177707917525,0.0,-0.41883284139249943,0.0,2.7175783646851803,3.0325608973412557,80.60086317925695
0.9472733572347544,0.0,0.0843964474699705,0.0,-0.41923284139249944,0.0,2.7170573441661583,3.032410845651285,80.13989704163257
0.9474046499352115,0.0,0.08437485173101464,0.0,-0.41963284139249946,0.0,2.716534267340055,3.032261147569788,79.681607930307
0.947535782302603,0.0,0.08435298411227736,0.0,-0.42003284139249947,0.0,2.7160091356850486,3.032111803525334,79.22598066480307
0.947666753524185,0.0,0.08433084515493318,0.0,-0.4204328413924995,0.0,2.7154819507260086,3.0319628139416777,78.77300013831211
0.9477975627890253,0.0,0.08430843540393719,0.0,-0.4208328413924995,0.0,2.7149527140345535,3.031814179237749,78.32265131749747
0.9479282092880338,0.0,0.08428575540802295,0.0,-0.4212328413924995,0.0,2.7144214272291065,3.031665899827636,77.87491924229792
0.9480586922139914,0.0,0.0842628057197006,0.0,-0.4216328413924995,0.0,2.713888091974948,3.0315179761205737,77.42978902573105
0.9481890107615801,0.0,0.08423958689525425,0.0,-0.4220328413924995,0.0,2.7133527099842603,3.031370408520932,76.98724585368711
0.9483191641274139,0.0,0.08421609949473986,0.0,-0.42243284139249954,0.0,2.7128152830161802,3.0312231974282002,76.5472749847317
0.9484491515100666,0.0,0.08419234408198209,0.0,-0.42283284139249955,0.0,2.712275812876838,3.031076343236977,76.10986174989898
0.9485789721101039,0.0,0.0841683212245715,0.0,-0.42323284139249956,0.0,2.711734301419403,3.030929846336955,75.67499155248862
0.9487086251301111,0.0,0.08414403149386096,0.0,-0.42363284139249957,0.0,2.711190750544125,3.030783707112912,75.24264986786497
0.9488381097747253,0.0,0.08411947546496266,0.0,-0.4240328413924996,0.0,2.710645162198368,3.0306379259446947,74.81282224323962
0.9489674252506639,0.0,0.08409465371674388,0.0,-0.4244328413924996,0.0,2.71009753837664,3.0304925032072085,74.38549429747044
0.9490965707667541,0.0,0.08406956683182326,0.0,-0.4248328413924996,0.0,2.7095478811206415,3.030347439270404,73.96065172085542
0.949225545533966,0.0,0.08404421539656663,0.0,-0.4252328413924996,0.0,2.7089961925192734,3.030202734499268,73.53828027490695
0.9493543487654372,0.0,0.08401860000108217,0.0,-0.42563284139249963,0.0,2.7084424747086855,3.030058389253807,73.11836579216447
0.9494829796765087,0.0,0.08399272123921626,0.0,-0.42603284139249964,0.0,2.7078867298722824,3.0299144038890375,72.70089417595767
0.9496114374847515,0.0,0.08396657970854816,0.0,-0.42643284139249965,0.0,2.70732896024076,3.029770778754975,72.28585140020542
0.9497397214099963,0.0,0.0839401760103847,0.0,-0.42683284139249966,0.0,2.706769168092116,3.0296275141966205,71.87322350920203
0.9498678306743656,0.0,0.08391351074975519,0.0,-0.4272328413924997,0.0,2.7062073557516713,3.029484610553951,71.46299661739569
0.9499957645023026,0.0,0.0838865845354055,0.0,-0.4276328413924997,0.0,2.705643525592081,3.029342068161906,71.05515690917488
0.9501235221206018,0.0,0.08385939797979225,0.0,-0.4280328413924997,0.0,2.7050776800333494,3.0291998873503774,70.64969063864498
0.9502511027584372,0.0,0.0838319516990763,0.0,-0.4284328413924997,0.0,2.70450982154284,3.0290580684441966,70.24658412942563
0.9503785056473949,0.0,0.08380424631311673,0.0,-0.4288328413924997,0.0,2.703939952635274,3.0289166117631265,69.84582377441123
0.9505057300215023,0.0,0.083776282445464,0.0,-0.42923284139249973,0.0,2.7033680758727434,3.028775517621848,69.4473960355589
0.950632775117257,0.0,0.08374806072335286,0.0,-0.42963284139249974,0.0,2.7027941938647078,3.028634786329949,69.05128744367099
0.9507596401736575,0.0,0.08371958177769528,0.0,-0.43003284139249975,0.0,2.7022183092679923,3.0284944181919156,68.65748459816936
0.9508863244322345,0.0,0.08369084624307307,0.0,-0.43043284139249977,0.0,2.7016404247867833,3.0283544135071203,68.26597416686755
0.9510128271370782,0.0,0.08366185475773,0.0,-0.4308328413924998,0.0,2.701060543172627,3.028214772569811,67.87674288575698
0.9511391475348704,0.0,0.08363260796356398,0.0,-0.4312328413924998,0.0,2.70047866722441,3.0280754956691007,67.48977755877348
0.9512652848749137,0.0,0.08360310650611885,0.0,-0.4316328413924998,0.0,2.6998947997883547,3.0279365830889597,67.10506505757724
0.9513912384091608,0.0,0.0835733510345758,0.0,-0.4320328413924998,0.0,2.699308943758002,3.0277980351082023,66.7225923213222
0.9515170073922463,0.0,0.08354334220174478,0.0,-0.4324328413924998,0.0,2.698721102074191,3.027659852000478,66.34234635643358
0.9516425910815135,0.0,0.08351308066405551,0.0,-0.43283284139249983,0.0,2.6981312777250404,3.027522034034263,65.9643142363786
0.9517679887370468,0.0,0.08348256708154808,0.0,-0.43323284139249985,0.0,2.697539473745929,3.027384581472848,65.58848310143573
0.9518931996217003,0.0,0.08345180211786374,0.0,-0.43363284139249986,0.0,2.696945693219461,3.027247494574332,65.21484015847193
0.9520182230011276,0.0,0.08342078644023489,0.0,-0.43403284139249987,0.0,2.696349939275443,3.0271107735916094,64.84337268070647
0.9521430581438115,0.0,0.08338952071947518,0.0,-0.4344328413924999,0.0,2.695752215090849,3.026974418772363,64.4740680074861
0.9522677043210941,0.0,0.08335800562996927,0.0,-0.4348328413924999,0.0,2.6951525238897927,3.0268384303590548,64.10691354404739
0.9523921608072059,0.0,0.08332624184966239,0.0,-0.4352328413924999,0.0,2.6945508689434767,3.0267028085889156,63.741896761295564
0.9525164268792945,0.0,0.08329423006004923,0.0,-0.4356328413924999,0.0,2.693947253570168,3.0265675536939387,63.379005195564304
0.9526405018174556,0.0,0.08326197094616318,0.0,-0.4360328413924999,0.0,2.6933416811351445,3.0264326659008685,63.01822644838778
0.952764384904761,0.0,0.08322946519656502,0.0,-0.43643284139249994,0.0,2.692734155050651,3.0262981454311926,62.659548186266846
0.9528880754272903,0.0,0.08319671350333127,0.0,-0.43683284139249995,0.0,2.6921246787758504,3.0261639925011368,62.302958140429865
0.9530115726741566,0.0,0.08316371656204234,0.0,-0.43723284139249996,0.0,2.6915132558167754,3.026030207321652,61.94844410661203
0.9531348759375387,0.0,0.08313047507177047,0.0,-0.43763284139249997,0.0,2.6908998897262695,3.0258967900984106,61.595993944808455
0.9532579845127079,0.0,0.08309698973506746,0.0,-0.4380328413925,0.0,2.690284584103932,3.0257637410317946,61.245595579047716
0.9533808976980596,0.0,0.08306326125795195,0.0,-0.4384328413925,0.0,2.6896673425960564,3.025631060316891,60.8972369971504
0.95350361479514,0.0,0.08302929034989662,0.0,-0.4388328413925,0.0,2.68904816889557,3.025498748143483,60.550906250497604
0.9536261351086767,0.0,0.08299507772381506,0.0,-0.4392328413925,0.0,2.688427066741962,3.0253668046960427,60.20659145379649
0.953748457946606,0.0,0.08296062409604832,0.0,-0.43963284139250003,0.0,2.6878040399212226,3.0252352301537258,59.86428078483971
0.9538705826201028,0.0,0.08292593018635128,0.0,-0.44003284139250004,0.0,2.687179092265761,3.0251040246903598,59.5239624842703
0.9539925084436088,0.0,0.08289099671787886,0.0,-0.44043284139250005,0.0,2.68655222765434,3.024973188474444,59.18562485534764
0.9541142347348601,0.0,0.08285582441717154,0.0,-0.44083284139250006,0.0,2.6859234500119964,3.024842721669137,58.84925626370952
0.9542357608149178,0.0,0.08282041401414132,0.0,-0.4412328413925001,0.0,2.6852927633099513,3.0247126244322504,58.51484513712931
0.9543570860081945,0.0,0.08278476624205663,0.0,-0.4416328413925001,0.0,2.684660171565537,3.02458289691625,58.1823799652861
0.9544782096424834,0.0,0.08274888183752782,0.0,-0.4420328413925001,0.0,2.6840256788421084,3.0244535392682406,57.85184929952072
0.9545991310489862,0.0,0.08271276154049144,0.0,-0.4424328413925001,0.0,2.683389289248947,3.0243245516299626,57.52324175260061
0.9547198495623408,0.0,0.08267640609419512,0.0,-0.4428328413925001,0.0,2.6827510069411766,3.024195934137791,57.196545998482264
0.9548403645206496,0.0,0.08263981624518163,0.0,-0.44323284139250013,0.0,2.6821108361196635,3.024067686922722,56.87175077207061
0.9549606752655079,0.0,0.08260299274327314,0.0,-0.44363284139250014,0.0,2.681468781030919,3.0239398101103756,56.54884486898072
0.9550807811420303,0.0,0.08256593634155467,0.0,-0.44403284139250015,0.0,2.6808248459669954,3.0238123038209843,56.227817145296726
0.9552006814988792,0.0,0.08252864779635767,0.0,-0.44443284139250017,0.0,2.680179035265387,3.0236851681693913,55.9086565173386
0.955320375688292,0.0,0.08249112786724341,0.0,-0.4448328413925002,0.0,2.6795313533089162,3.0235584032650453,55.59135196141712
0.9554398630661083,0.0,0.08245337731698565,0.0,-0.4452328413925002,0.0,2.678881804525632,3.0234320092119935,55.275892513598706
0.9555591429917971,0.0,0.08241539691155367,0.0,-0.4456328413925002,0.0,2.678230393388686,3.0233059861088813,54.962267269462814
0.955678214828484,0.0,0.0823771874200944,0.0,-0.4460328413925002,0.0,2.677577124416226,3.0231803340489445,54.650465383865836
0.9557970779429784,0.0,0.08233874961491491,0.0,-0.4464328413925002,0.0,2.6769220021712705,3.0230550531200087,54.34047607069614
0.9559157317057998,0.0,0.08230008427146418,0.0,-0.44683284139250024,0.0,2.6762650312615865,3.0229301434044795,54.03228860263977
0.9560341754912042,0.0,0.08226119216831489,0.0,-0.44723284139250025,0.0,2.675606216339572,3.022805604979348,53.72589231094098
0.9561524086772119,0.0,0.08222207408714467,0.0,-0.44763284139250026,0.0,2.674945562102115,3.022681437916177,53.421276585155255
0.9562704306456312,0.0,0.0821827308127175,0.0,-0.44803284139250027,0.0,2.674283073290477,3.0225576422811082,53.11843087292165
0.9563882407820887,0.0,0.08214316313286453,0.0,-0.4484328413925003,0.0,2.6736187546901453,3.0224342181348494,52.81734467970992
0.9565058384760509,0.0,0.08210337183846472,0.0,-0.4488328413925003,0.0,2.672952611130706,3.0223111655326793,52.51800756859144
0.9566232231208539,0.0,0.08206335772342538,0.0,-0.4492328413925003,0.0,2.6722846474856996,3.0221884845244418,52.220409159992315
0.9567403941137255,0.0,0.08202312158466213,0.0,-0.4496328413925003,0.0,2.6716148686724788,3.0220661751545412,51.92453913146153
0.9568573508558146,0.0,0.08198266422207916,0.0,-0.4500328413925003,0.0,2.6709432796520605,3.021944237461948,51.63038721742022
0.9569740927522133,0.0,0.08194198643854854,0.0,-0.45043284139250034,0.0,2.6702698854289806,3.0218226714801846,51.33794320893318
0.9570906192119841,0.0,0.08190108903988988,0.0,-0.45083284139250035,0.0,2.669594691051142,3.021701477237336,51.04719695346614
0.9572069296481838,0.0,0.0818599728348495,0.0,-0.45123284139250036,0.0,2.668917701609657,3.0215806547560415,50.75813835464166
0.9573230234778896,0.0,0.08181863863507916,0.0,-0.4516328413925004,0.0,2.6682389222386895,3.021460204053494,50.470757372005394
0.9574389001222221,0.0,0.0817770872551151,0.0,-0.4520328413925004,0.0,2.6675583581152984,3.0213401251414407,50.185044020787316
0.957554559006372,0.0,0.08173531951235613,0.0,-0.4524328413925004,0.0,2.6668760144592683,3.02122041802618,49.90098837165756
0.9576699995596223,0.0,0.0816933362270421,0.0,-0.4528328413925004,0.0,2.666191896532949,3.0211010827085634,49.618580550493704
0.9577852212153735,0.0,0.08165113822223175,0.0,-0.4532328413925004,0.0,2.665506009641082,3.020982119183994,49.33781073813856
0.9579002234111678,0.0,0.08160872632378045,0.0,-0.45363284139250043,0.0,2.664818359130629,3.020863527442425,49.05866917016209
0.9580150055887121,0.0,0.08156610136031768,0.0,-0.45403284139250044,0.0,2.6641289503905967,3.020745307468362,48.78114613662619
0.9581295671939021,0.0,0.08152326416322432,0.0,-0.45443284139250045,0.0,2.66343778885186,3.0206274592408633,48.50523198184155
0.9582439076768449,0.0,0.08148021556660966,0.0,-0.45483284139250046,0.0,2.6627448799869784,3.0205099827335364,48.230917104135116
0.9583580264918838,0.0,0.08143695640728821,0.0,-0.4552328413925005,0.0,2.662050229310013,3.020392877914544,47.95819195560841
0.9584719230976191,0.0,0.08139348752475611,0.0,-0.4556328413925005,0.0,2.6613538423763425,3.0202761447466018,47.68704704190303
0.9585855969569325,0.0,0.08134980976116767,0.0,-0.4560328413925005,0.0,2.6606557247824676,3.0201597831869806,47.41747292196075
0.9586990475370084,0.0,0.08130592396131135,0.0,-0.4564328413925005,0.0,2.6599558821658227,3.0200437931875093,47.1494602077906
0.9588122743093582,0.0,0.08126183097258553,0.0,-0.4568328413925005,0.0,2.6592543202045804,3.019928174694574,46.8829995642282
0.9589252767498391,0.0,0.08121753164497444,0.0,-0.45723284139250053,0.0,2.6585510446174534,3.019812927649119,46.6180817087028
0.9590380543386788,0.0,0.08117302683102319,0.0,-0.45763284139250054,0.0,2.65784606116349,3.019698051986654,46.35469741099702
0.9591506065604969,0.0,0.08112831738581326,0.0,-0.45803284139250056,0.0,2.6571393756418717,3.0195835476372515,46.092837493017115
0.9592629329043242,0.0,0.0810834041669374,0.0,-0.45843284139250057,0.0,2.656430993891713,3.0194694145255525,45.83249282855279
0.9593750328636265,0.0,0.0810382880344743,0.0,-0.4588328413925006,0.0,2.6557209217918376,3.019355652570768,45.573654343041824
0.9594869059363232,0.0,0.08099296985096326,0.0,-0.4592328413925006,0.0,2.6550091652605827,3.0192422616866814,45.31631301334134
0.9595985516248109,0.0,0.08094745048137839,0.0,-0.4596328413925006,0.0,2.6542957302555683,3.0191292417816533,45.06045986748458
0.9597099694359804,0.0,0.08090173079310274,0.0,-0.4600328413925006,0.0,2.6535806227734917,3.0190165927586263,44.80608598445572
0.9598211588812398,0.0,0.08085581165590229,0.0,-0.4604328413925006,0.0,2.6528638488499,3.018904314515124,44.553182493947276
0.9599321194765332,0.0,0.08080969394189957,0.0,-0.46083284139250064,0.0,2.6521454145589716,3.0187924069432612,44.301740576133085
0.96004285074236,0.0,0.08076337852554713,0.0,-0.46123284139250065,0.0,2.651425326013282,3.018680869929744,44.051751461436666
0.9601533522037959,0.0,0.08071686628360085,0.0,-0.46163284139250066,0.0,2.6507035893635837,3.0185697033558747,43.80320643029029
0.9602636233905109,0.0,0.080670158095093,0.0,-0.46203284139250067,0.0,2.6499802107985726,3.0184589070975605,43.55609681291223
0.9603736638367887,0.0,0.0806232548413051,0.0,-0.4624328413925007,0.0,2.6492551965446482,3.0183484810253125,43.310413989067044
0.9604834730815457,0.0,0.08057615740574059,0.0,-0.4628328413925007,0.0,2.6485285528656846,3.0182384250042564,43.066149387840326
0.9605930506683489,0.0,0.08052886667409735,0.0,-0.4632328413925007,0.0,2.6478002860627847,3.0181287388941356,42.823294487404354
0.9607023961454345,0.0,0.08048138353423993,0.0,-0.4636328413925007,0.0,2.6470704024740455,3.0180194225493167,42.581840814788734
0.960811509065726,0.0,0.08043370887617173,0.0,-0.46403284139250073,0.0,2.6463389084743048,3.017910475818797,42.34177994565047
0.9609203889868518,0.0,0.08038584359200668,0.0,-0.46443284139250074,0.0,2.645605810474898,3.0178018985462103,42.103103504041485
0.9610290354711616,0.0,0.08033778857594134,0.0,-0.46483284139250075,0.0,2.644871114923414,3.017693690569833,41.86580316218448
0.9611374480857459,0.0,0.08028954472422603,0.0,-0.46523284139250076,0.0,2.6441348283034283,3.0175858517225906,41.629870640239744
0.9612456264024501,0.0,0.0802411129351364,0.0,-0.4656328413925008,0.0,2.643396957134264,3.0174783818320674,41.39529770607872
0.9613535699978933,0.0,0.08019249410894454,0.0,-0.4660328413925008,0.0,2.6426575079707235,3.0173712807205106,41.16207617505633
0.9614612784534832,0.0,0.08014368914788993,0.0,-0.4664328413925008,0.0,2.6419164874028347,3.0172645482048392,40.93019790978357
0.9615687513554327,0.0,0.0800946989561504,0.0,-0.4668328413925008,0.0,2.6411739020555856,3.017158184096652,40.699654819900175
0.9616759882947762,0.0,0.08004552443981258,0.0,-0.4672328413925008,0.0,2.640429758588657,3.017052188202237,40.47043886184761
0.9617829888673837,0.0,0.07999616650684252,0.0,-0.46763284139250083,0.0,2.6396840636961643,3.0169465603225762,40.24254203864547
0.9618897526739776,0.0,0.0799466260670558,0.0,-0.46803284139250084,0.0,2.6389368241063758,3.01684130025336,40.015956399663125
0.9619962793201459,0.0,0.079896904032088,0.0,-0.46843284139250085,0.0,2.6381880465814485,3.0167364077849883,39.79067404039799
0.9621025684163588,0.0,0.07984700131536433,0.0,-0.46883284139250087,0.0,2.6374377379171534,3.0166318827025873,39.56668710224811
0.9622086195779805,0.0,0.0797969188320697,0.0,-0.4692328413925009,0.0,2.6366859049425955,3.0165277247860147,39.34398777229218
0.9623144324252858,0.0,0.07974665749911819,0.0,-0.4696328413925009,0.0,2.635932554519935,3.0164239338098695,39.12256828306279
0.9624200065834716,0.0,0.0796962182351228,0.0,-0.4700328413925009,0.0,2.63517769354411,3.0163205095435037,38.902420912325965
0.9625253416826723,0.0,0.07964560196036445,0.0,-0.4704328413925009,0.0,2.6344213289425453,3.01621745175103,38.68353798285571
0.9626304373579714,0.0,0.0795948095967616,0.0,-0.4708328413925009,0.0,2.633663467674873,3.0161147601913365,38.46591186221592
0.9627352932494143,0.0,0.079543842067839,0.0,-0.47123284139250093,0.0,2.6329041167326435,3.0160124346180908,38.249534962542015
0.9628399090020224,0.0,0.07949270029869679,0.0,-0.47163284139250095,0.0,2.632143283139031,3.0159104747797594,38.03439974031049
0.9629442842658036,0.0,0.07944138521597921,0.0,-0.47203284139250096,0.0,2.6313809739485468,3.015808880419609,37.82049869612959
0.9630484186957646,0.0,0.0793898977478432,0.0,-0.47243284139250097,0.0,2.6306171962467357,3.015707651275729,37.607824374513584
0.9631523119519234,0.0,0.07933823882392711,0.0,-0.472832841392501,0.0,2.6298519571498917,3.015606787081032,37.396369363666935
0.9632559636993192,0.0,0.0792864093753188,0.0,-0.473232841392501,0.0,2.6290852638047437,3.015506287563275,37.186126295264614
0.9633593736080241,0.0,0.07923441033452419,0.0,-0.473632841392501,0.0,2.6283171233881735,3.0154061524450677,36.977087844235925
0.963462541353154,0.0,0.07918224263543519,0.0,-0.474032841392501,0.0,2.6275475431068918,3.0153063814438825,36.76924672854609
0.963565466614878,0.0,0.07912990721329774,0.0,-0.474432841392501,0.0,2.6267765301971497,3.015206974272075,36.56259570898018
0.9636681490784287,0.0,0.07907740500467982,0.0,-0.47483284139250104,0.0,2.6260040919244214,3.015107930636885,36.35712758892974
0.9637705884341132,0.0,0.07902473694743907,0.0,-0.47523284139250105,0.0,2.625230235583099,3.0150092502404635,36.15283521417288
0.9638727843773207,0.0,0.07897190398069061,0.0,-0.47563284139250106,0.0,2.6244549684961855,3.014910932779876,35.94971147266406
0.963974736608532,0.0,0.0789189070447744,0.0,-0.47603284139250107,0.0,2.623678298014971,3.0148129779471207,35.747749294317714
0.9640764448333282,0.0,0.07886574708122297,0.0,-0.4764328413925011,0.0,2.622900231518731,3.0147153854291417,35.54694165079738
0.9641779087623997,0.0,0.07881242503272859,0.0,-0.4768328413925011,0.0,2.6221207764143997,3.0146181549078435,35.347281555300924
0.9642791281115538,0.0,0.07875894184311048,0.0,-0.4772328413925011,0.0,2.6213399401362563,3.014521286060104,35.14876206234699
0.9643801026017224,0.0,0.0787052984572821,0.0,-0.4776328413925011,0.0,2.6205577301456,3.014424778557792,34.95137626756893
0.9644808319589686,0.0,0.07865149582121815,0.0,-0.47803284139250113,0.0,2.6197741539304387,3.0143286320677807,34.755117307499916
0.9645813159144961,0.0,0.07859753488192157,0.0,-0.47843284139250114,0.0,2.618989219005152,3.0142328462519625,34.5599783593606
0.9646815542046535,0.0,0.07854341658739042,0.0,-0.47883284139250115,0.0,2.618202932910172,3.0141374207672658,34.36595264085739
0.9647815465709415,0.0,0.07848914188658468,0.0,-0.47923284139250116,0.0,2.6174153032116583,3.0140423552656705,34.173033409966024
0.9648812927600191,0.0,0.07843471172939294,0.0,-0.4796328413925012,0.0,2.616626337501171,3.0139476493942228,33.98121396472811
0.9649807925237094,0.0,0.07838012706659923,0.0,-0.4800328413925012,0.0,2.6158360433953254,3.0138533027950514,33.79048764304186
0.9650800456190054,0.0,0.07832538884984937,0.0,-0.4804328413925012,0.0,2.6150444285354775,3.0137593151053887,33.60084782245394
0.9651790518080737,0.0,0.07827049803161758,0.0,-0.4808328413925012,0.0,2.614251500587386,3.013665685957582,33.41228791995671
0.9652778108582607,0.0,0.07821545556517305,0.0,-0.4812328413925012,0.0,2.6134572672408707,3.0135724149791114,33.224801391778726
0.9653763225420963,0.0,0.07816026240454615,0.0,-0.48163284139250123,0.0,2.612661736209483,3.0134795017926104,33.03838173318455
0.9654745866372975,0.0,0.07810491950449479,0.0,-0.48203284139250124,0.0,2.611864915230164,3.0133869460158804,32.853022478264705
0.9655726029267728,0.0,0.07804942782047083,0.0,-0.48243284139250125,0.0,2.6110668120629077,3.0132947472619085,32.668717199739646
0.9656703711986263,0.0,0.07799378830858612,0.0,-0.48283284139250127,0.0,2.610267434490418,3.013202905138889,32.48545950874987
0.9657678912461581,0.0,0.0779380019255788,0.0,-0.4832328413925013,0.0,2.6094667903177706,3.013111419250235,32.303243054658125
0.9658651628678703,0.0,0.07788206962877944,0.0,-0.4836328413925013,0.0,2.6086648873720653,3.0130202891946047,32.12206152484643
0.9659621858674666,0.0,0.07782599237607701,0.0,-0.4840328413925013,0.0,2.6078617335020833,3.0129295145659145,31.941908644515934
0.9660589600538564,0.0,0.07776977112588494,0.0,-0.4844328413925013,0.0,2.6070573365779386,3.012839094953361,31.762778176486663
0.9661554852411547,0.0,0.07771340683710744,0.0,-0.4848328413925013,0.0,2.6062517044907394,3.012749029941439,31.584663920997784
0.9662517612486846,0.0,0.07765690046910502,0.0,-0.48523284139250134,0.0,2.6054448451522276,3.0126593191099595,31.40755971550911
0.9663477879009775,0.0,0.07760025298166082,0.0,-0.48563284139250135,0.0,2.604636766494439,3.0125699620340716,31.23145943450455
0.9664435650277748,0.0,0.07754346533494637,0.0,-0.48603284139250136,0.0,2.6038274764693536,3.0124809582842835,31.056356989293562
0.9665390924640271,0.0,0.0774865384894875,0.0,-0.48643284139250137,0.0,2.603016983048531,3.012392307426479,30.88224632781376
0.9666343700498947,0.0,0.07742947340613043,0.0,-0.4868328413925014,0.0,2.602205294222771,3.0123040090219395,30.709121434438188
0.9667293976307472,0.0,0.0773722710460074,0.0,-0.4872328413925014,0.0,2.6013924180017614,3.012216062627368,30.536976329774724
0.9668241750571624,0.0,0.0773149323705027,0.0,-0.4876328413925014,0.0,2.600578362413708,3.012128467794903,30.365805070478693
0.9669187021849261,0.0,0.07725745834121854,0.0,-0.4880328413925014,0.0,2.599763135504997,3.0120412240721453,30.195601749053957
0.967012978875029,0.0,0.077199849919941,0.0,-0.4884328413925014,0.0,2.5989467453398287,3.011954331002176,30.02636049366147
0.9671070049936665,0.0,0.07714210806860572,0.0,-0.48883284139250144,0.0,2.5981291999998626,3.011867788123582,29.858075467929716
0.9672007804122369,0.0,0.0770842337492638,0.0,-0.48923284139250145,0.0,2.5973105075838565,3.0117815949704725,29.690740870755313
0.9672943050073373,0.0,0.07702622792404794,0.0,-0.48963284139250146,0.0,2.596490676207315,3.0116957510725038,29.524350936122943
0.9673875786607616,0.0,0.07696809155513804,0.0,-0.4900328413925015,0.0,2.5956697140021223,3.0116102559549036,29.358899932906567
0.9674806012594983,0.0,0.0769098256047273,0.0,-0.4904328413925015,0.0,2.5948476291161864,3.0115251091384883,29.194382164685067
0.9675733726957254,0.0,0.07685143103498811,0.0,-0.4908328413925015,0.0,2.594024429713077,3.011440310139688,29.030791969549405
0.9676658928668074,0.0,0.07679290880803805,0.0,-0.4912328413925015,0.0,2.593200123971667,3.0113558584705706,28.868123719921414
0.9677581616752918,0.0,0.07673425988590564,0.0,-0.4916328413925015,0.0,2.5923747200857616,3.0112717536388653,28.7063718223568
0.9678501790289038,0.0,0.0766754852304968,0.0,-0.49203284139250153,0.0,2.591548226263747,3.0111879951479823,28.545530717367527
0.9679419448405412,0.0,0.07661658580356048,0.0,-0.49243284139250154,0.0,2.5907206507282172,3.0111045824970373,28.385594879231625
0.96803345902827,0.0,0.07655756256665502,0.0,-0.49283284139250155,0.0,2.5898920017156195,3.0110215151808783,28.226558815810407
0.9681247215153188,0.0,0.07649841648111418,0.0,-0.49323284139250156,0.0,2.589062287475883,3.0109387926901046,28.068417068360638
0.9682157322300728,0.0,0.07643914850801328,0.0,-0.4936328413925016,0.0,2.5882315162720566,3.0108564145110965,27.91116421135436
0.968306491106067,0.0,0.07637975960813546,0.0,-0.4940328413925016,0.0,2.5873996963799484,3.0107743801260325,27.75479485229654
0.9683969980819814,0.0,0.0763202507419379,0.0,-0.4944328413925016,0.0,2.58656683608775,3.0106926890129206,27.599303631537616
0.9684872531016322,0.0,0.07626062286951836,0.0,-0.4948328413925016,0.0,2.585732943695686,3.0106113406456183,27.4446852220995
0.968577256113966,0.0,0.07620087695058127,0.0,-0.4952328413925016,0.0,2.5848980275156332,3.010530334493861,27.29093432948912
0.9686670070730514,0.0,0.07614101394440434,0.0,-0.49563284139250163,0.0,2.584062095870763,3.0104496700232812,27.138045691521405
0.9687565059380729,0.0,0.07608103480980508,0.0,-0.49603284139250164,0.0,2.583225157095174,3.0103693466954415,26.986014078138204
0.9688457526733198,0.0,0.07602094050510737,0.0,-0.49643284139250166,0.0,2.5823872195335267,3.0102893639678525,26.834834291234124
0.9689347472481806,0.0,0.07596073198810802,0.0,-0.49683284139250167,0.0,2.581548291540676,3.0102097212940038,26.68450116447184
0.969023489637133,0.0,0.07590041021604366,0.0,-0.4972328413925017,0.0,2.5807083814813003,3.0101304181233877,26.535009563109654
0.969111979819734,0.0,0.0758399761455574,0.0,-0.4976328413925017,0.0,2.579867497729545,3.010051453901524,26.386354383828348
0.9692002177806125,0.0,0.07577943073266578,0.0,-0.4980328413925017,0.0,2.5790256486686434,3.009972828069988,26.238530554546507
0.969288203509457,0.0,0.07571877493272587,0.0,-0.4984328413925017,0.0,2.5781828426905626,3.009894540066435,26.091533034253985
0.9693759370010075,0.0,0.07565800970040214,0.0,-0.4988328413925017,0.0,2.5773390881956333,3.0098165893246285,25.94535681283582
0.9694634182550446,0.0,0.07559713598963354,0.0,-0.49923284139250174,0.0,2.576494393592173,3.009738975274465,25.799996910895793
0.9695506472763783,0.0,0.07553615475360123,0.0,-0.49963284139250175,0.0,2.5756487672961383,3.009661697342004,25.655448379587824
0.969637624074837,0.0,0.07547506694469536,0.0,-0.5000328413925017,0.0,2.574802217730745,3.009584754949488,25.51170630044175
0.969724348665257,0.0,0.07541387351448282,0.0,-0.5004328413925017,0.0,2.5739547533261047,3.009508147515379,25.368765785192757
0.9698108210674699,0.0,0.07535257541367492,0.0,-0.5008328413925016,0.0,2.5731063825188683,3.009431874454378,25.226621975611756
0.9698970413062904,0.0,0.0752911735920947,0.0,-0.5012328413925016,0.0,2.5722571137518493,3.0093559351774566,25.085270043335953
0.9699830094115058,0.0,0.075229668998645,0.0,-0.5016328413925015,0.0,2.571406955473663,3.009280329091882,24.944705189698055
0.9700687254178614,0.0,0.07516806258127615,0.0,-0.5020328413925015,0.0,2.5705559161383666,3.0092050556012486,24.804922645559273
0.970154189365048,0.0,0.07510635528695433,0.0,-0.5024328413925014,0.0,2.569704004205092,3.0091301141054996,24.665917671142353
0.9702394012976904,0.0,0.07504454806162926,0.0,-0.5028328413925014,0.0,2.5688512281376767,3.009055504000961,24.527685555864615
0.9703243612653311,0.0,0.07498264185020279,0.0,-0.5032328413925014,0.0,2.5679975964043145,3.008981224680366,24.39022161817227
0.970409069322419,0.0,0.07492063759649707,0.0,-0.5036328413925013,0.0,2.567143117477177,3.008907275532888,24.253521205373687
0.9704935255282935,0.0,0.07485853624322335,0.0,-0.5040328413925013,0.0,2.5662877998320655,3.0088336559441586,24.117579693476777
0.9705777299471718,0.0,0.07479633873195023,0.0,-0.5044328413925012,0.0,2.5654316519480354,3.0087603652963115,23.982392487024782
0.9706616826481329,0.0,0.07473404600307279,0.0,-0.5048328413925012,0.0,2.5645746823070525,3.0086874029679973,23.847955018932538
0.9707453837051029,0.0,0.07467165899578145,0.0,-0.5052328413925011,0.0,2.5637168993936186,3.0086147683344193,23.714262750323435
0.9708288331968395,0.0,0.07460917864803088,0.0,-0.5056328413925011,0.0,2.5628583116944195,3.008542460767362,23.58131117037211
0.9709120312069182,0.0,0.07454660589650935,0.0,-0.506032841392501,0.0,2.561998927697963,3.0084704796352173,23.449095796137648
0.9709949778237134,0.0,0.07448394167660817,0.0,-0.506432841392501,0.0,2.5611387558942247,3.008398824303018,23.317612172408317
0.9710776731403854,0.0,0.07442118692239101,0.0,-0.506832841392501,0.0,2.560277804774286,3.0083274941324634,23.186855871538505
0.9711601172548614,0.0,0.07435834256656372,0.0,-0.5072328413925009,0.0,2.559416082829982,3.0082564884819494,23.056822493293268
0.9712423102698211,0.0,0.074295409540444,0.0,-0.5076328413925009,0.0,2.5585535985535444,3.0081858067065994,22.927507664688754
0.9713242522926777,0.0,0.07423238877393172,0.0,-0.5080328413925008,0.0,2.5576903604372494,3.008115448158294,22.798907039835598
0.9714059434355623,0.0,0.07416928119547865,0.0,-0.5084328413925008,0.0,2.5568263769730604,3.0080454121856977,22.671016299780668
0.9714873838153056,0.0,0.0741060877320591,0.0,-0.5088328413925007,0.0,2.5559616566522774,3.0079756981342944,22.543831152355025
0.97156857355342,0.0,0.07404280930914017,0.0,-0.5092328413925007,0.0,2.5550962079651858,3.0079063053464097,22.417347332014373
0.9716495127760824,0.0,0.07397944685065254,0.0,-0.5096328413925006,0.0,2.554230039400706,3.007837233161249,22.291560599688573
0.971730201614115,0.0,0.07391600127896128,0.0,-0.5100328413925006,0.0,2.5533631594460435,3.0077684809149225,22.16646674262649
0.971810640202967,0.0,0.07385247351483694,0.0,-0.5104328413925006,0.0,2.5524955765863417,3.0077000479404767,22.042061574243533
0.9718908286826967,0.0,0.07378886447742644,0.0,-0.5108328413925005,0.0,2.551627299304333,3.0076319335679242,21.918340933967748
0.9719707671979511,0.0,0.07372517508422481,0.0,-0.5112328413925005,0.0,2.550758336079994,3.007564137124277,21.795300687091007
0.9720504558979474,0.0,0.07366140625104632,0.0,-0.5116328413925004,0.0,2.5498886953902002,3.0074966579335736,21.672936724617472
0.9721298949364529,0.0,0.0735975588919968,0.0,-0.5120328413925004,0.0,2.5490183857083855,3.00742949531691,21.55124496311307
0.972209084471766,0.0,0.0735336339194448,0.0,-0.5124328413925003,0.0,2.5481474155041925,3.0073626485924714,21.430221344555626
0.9722880246666957,0.0,0.07346963224399441,0.0,-0.5128328413925003,0.0,2.547275793243142,3.0072961170755654,21.30986183618961
0.9723667156885408,0.0,0.07340555477445708,0.0,-0.5132328413925002,0.0,2.5464035273862833,3.007229900078645,21.190162430373363
0.9724451577090709,0.0,0.07334140241782439,0.0,-0.5136328413925002,0.0,2.5455306263898634,3.007163996911352,21.07111914443496
0.9725233509045039,0.0,0.07327717607924053,0.0,-0.5140328413925002,0.0,2.5446570987049864,3.007098406880533,20.9527280205265
0.9726012954554855,0.0,0.07321287666197547,0.0,-0.5144328413925001,0.0,2.5437829527772795,3.007033129290284,20.834985125476628
0.9726789915470692,0.0,0.07314850506739781,0.0,-0.5148328413925001,0.0,2.5429081970465583,3.0069681634419716,20.717886550646632
0.9727564393686933,0.0,0.07308406219494809,0.0,-0.5152328413925,0.0,2.542032839946491,3.0069035086342706,20.60142841178419
0.9728336391141595,0.0,0.07301954894211259,0.0,-0.5156328413925,0.0,2.54115688990428,3.0068391641631913,20.485606848883265
0.9729105909816124,0.0,0.07295496620439666,0.0,-0.5160328413924999,0.0,2.5402803553403155,3.0067751293221137,20.370418026037513
0.9729872951735159,0.0,0.07289031487529882,0.0,-0.5164328413924999,0.0,2.5394032446678545,3.006711403401815,20.2558581313015
0.9730637518966312,0.0,0.07282559584628504,0.0,-0.5168328413924999,0.0,2.5385255662927033,3.006647985690506,20.141923376544632
0.9731399613619943,0.0,0.07276081000676284,0.0,-0.5172328413924998,0.0,2.53764732861288,3.0065848754738567,20.02860999731756
0.9732159237848941,0.0,0.0726959582440559,0.0,-0.5176328413924998,0.0,2.5367685400182967,3.0065220720350334,19.915914252703978
0.9732916393848481,0.0,0.07263104144337915,0.0,-0.5180328413924997,0.0,2.53588920889044,3.006459574654726,19.803832425186435
0.9733671083855804,0.0,0.07256606048781328,0.0,-0.5184328413924997,0.0,2.535009343602051,3.0063973826111834,19.692360820507325
0.9734423310149978,0.0,0.07250101625828034,0.0,-0.5188328413924996,0.0,2.5341289525167983,3.006335495180238,19.581495767527677
0.9735173075051661,0.0,0.0724359096335191,0.0,-0.5192328413924996,0.0,2.5332480439889817,3.0062739116353465,19.471233618093457
0.9735920380922872,0.0,0.07237074149006062,0.0,-0.5196328413924995,0.0,2.532366626363194,3.006212631247615,19.361570746897307
0.9736665230166744,0.0,0.07230551270220434,0.0,-0.5200328413924995,0.0,2.531484707974026,3.006151653285834,19.252503551341633
0.9737407625227287,0.0,0.07224022414199402,0.0,-0.5204328413924995,0.0,2.530602297145752,3.006090977016506,19.14402845140561
0.9738147568589136,0.0,0.07217487667919423,0.0,-0.5208328413924994,0.0,2.5297194021920157,3.006030601703882,19.03614188950951
0.9738885062777328,0.0,0.07210947118126683,0.0,-0.5212328413924994,0.0,2.5288360314155254,3.00597052660999,18.928840330379906
0.9739620110357035,0.0,0.07204400851334798,0.0,-0.5216328413924993,0.0,2.5279521931077547,3.0059107509946688,18.822120260917046
0.974035271393332,0.0,0.07197848953822492,0.0,-0.5220328413924993,0.0,2.5270678955486288,3.005851274115597,18.715978190063865
0.9741082876150899,0.0,0.07191291511631352,0.0,-0.5224328413924992,0.0,2.5261831470062326,3.005792095228328,18.610410648672087
0.9741810599693874,0.0,0.07184728610563577,0.0,-0.5228328413924992,0.0,2.52529795573651,3.0057332135863173,18.50541418937152
0.9742535887285487,0.0,0.07178160336179736,0.0,-0.5232328413924991,0.0,2.524412329982962,3.00567462844096,18.400985386440276
0.974325874168787,0.0,0.07171586773796595,0.0,-0.5236328413924991,0.0,2.523526277976356,3.0056163390416177,18.29712083567454
0.9743979165701784,0.0,0.07165008008484916,0.0,-0.5240328413924991,0.0,2.5226398079344268,3.005558344635652,18.193817154258838
0.9744697162166358,0.0,0.07158424125067338,0.0,-0.524432841392499,0.0,2.521752928061596,3.005500644468456,18.091070980637504
0.9745412733958836,0.0,0.0715183520811622,0.0,-0.524832841392499,0.0,2.5208656465486725,3.0054432377834863,17.988878974389863
0.9746125883994312,0.0,0.07145241341951551,0.0,-0.5252328413924989,0.0,2.5199779715725716,3.0053861238222943,17.887237816097432
0.9746836615225474,0.0,0.07138642610638886,0.0,-0.5256328413924989,0.0,2.51908991129603,3.0053293018245584,17.78614420722318
0.9747544930642335,0.0,0.07132039097987261,0.0,-0.5260328413924988,0.0,2.518201473867314,3.005272771028114,17.685594869981102
0.9748250833271965,0.0,0.07125430887547207,0.0,-0.5264328413924988,0.0,2.517312667419956,3.0052165306689878,17.585586547213502
0.9748954326178234,0.0,0.07118818062608717,0.0,-0.5268328413924988,0.0,2.5164235000724644,3.0051605799814265,17.486116002266584
0.9749655412461539,0.0,0.07112200706199275,0.0,-0.5272328413924987,0.0,2.5155339799280454,3.00510491819793,17.387180018865784
0.975035409525854,0.0,0.07105578901081891,0.0,-0.5276328413924987,0.0,2.5146441150743373,3.005049544549285,17.288775400992456
0.9751050377741882,0.0,0.07098952729753213,0.0,-0.5280328413924986,0.0,2.513753913583133,3.00499445826459,17.19089897276072
0.9751744263119929,0.0,0.07092322274441587,0.0,-0.5284328413924986,0.0,2.5128633835101177,3.004939658571294,17.093547578297333
0.9752435754636493,0.0,0.07085687617105171,0.0,-0.5288328413924985,0.0,2.511972532894588,3.004885144695225,16.996718081620706
0.9753124855570557,0.0,0.07079048839430137,0.0,-0.5292328413924985,0.0,2.511081369759206,3.0048309158606186,16.900407366515182
0.9753811569236005,0.0,0.07072406022828785,0.0,-0.5296328413924984,0.0,2.5101899021097176,3.0047769712901538,16.8046123364183
0.9754495898981342,0.0,0.07065759248437772,0.0,-0.5300328413924984,0.0,2.509298137934706,3.0047233102049837,16.70932991429602
0.9755177848189421,0.0,0.07059108597116338,0.0,-0.5304328413924984,0.0,2.508406085205327,3.0046699318247616,16.614557042528453
0.9755857420277161,0.0,0.07052454149444541,0.0,-0.5308328413924983,0.0,2.507513751875058,3.00461683536768,16.52029068278594
0.9756534618695275,0.0,0.07045795985721544,0.0,-0.5312328413924983,0.0,2.5066211458794387,3.0045640200504953,16.426527815917154
0.9757209446927985,0.0,0.07039134185963909,0.0,-0.5316328413924982,0.0,2.5057282751358234,3.004511485088564,16.333265441829035
0.9757881908492743,0.0,0.07032468829903941,0.0,-0.5320328413924982,0.0,2.5048351475431367,3.004459229695868,16.240500579372934
0.975855200693995,0.0,0.07025799996988022,0.0,-0.5324328413924981,0.0,2.5039417709816205,3.0044072530850503,16.148230266226662
0.975921974585268,0.0,0.07019127766374984,0.0,-0.5328328413924981,0.0,2.503048153312592,3.0043555544674443,16.056451558779813
0.9759885128846383,0.0,0.0701245221693454,0.0,-0.533232841392498,0.0,2.5021543023782082,3.0043041330531044,15.965161532023512
0.9760548159568617,0.0,0.07005773427245685,0.0,-0.533632841392498,0.0,2.501260226001215,3.0042529880508377,15.874357279429542
0.9761208841698755,0.0,0.06999091475595194,0.0,-0.534032841392498,0.0,2.5003659319847267,3.004202118668232,15.784035912843716
0.9761867178947702,0.0,0.06992406439976043,0.0,-0.5344328413924979,0.0,2.4994714281119763,3.0041515241116907,15.69419456237178
0.9762523175057609,0.0,0.0698571839808598,0.0,-0.5348328413924979,0.0,2.4985767221460993,3.0041012035864596,15.604830376263894
0.9763176833801587,0.0,0.0697902742732601,0.0,-0.5352328413924978,0.0,2.497681821829888,3.0040511562966583,15.515940520807256
0.9763828158983421,0.0,0.06972333604798982,0.0,-0.5356328413924978,0.0,2.49678673488558,3.004001381445313,15.42752218021748
0.9764477154437279,0.0,0.06965637007308167,0.0,-0.5360328413924977,0.0,2.4958914690146257,3.0039518782343837,15.339572556521063
0.9765123824027434,0.0,0.06958937711355877,0.0,-0.5364328413924977,0.0,2.494996031897468,3.0039026458647955,15.2520888694533
0.9765768171647963,0.0,0.06952235793142086,0.0,-0.5368328413924977,0.0,2.4941004311933264,3.0038536835364686,15.165068356346765
0.9766410201222463,0.0,0.06945531328563105,0.0,-0.5372328413924976,0.0,2.4932046745399767,3.0038049904483493,15.078508272022056
0.9767049916703765,0.0,0.0693882439321028,0.0,-0.5376328413924976,0.0,2.4923087695535386,3.003756565798439,14.992405888681812
0.9767687322073644,0.0,0.06932115062368686,0.0,-0.5380328413924975,0.0,2.4914127238282644,3.0037084087838237,14.906758495803107
0.9768322421342518,0.0,0.06925403411015894,0.0,-0.5384328413924975,0.0,2.4905165449363325,3.0036605186007046,14.821563400030065
0.9768955218549177,0.0,0.06918689513820701,0.0,-0.5388328413924974,0.0,2.4896202404276324,3.0036128944444282,14.736817925071314
0.9769585717760473,0.0,0.06911973445141964,0.0,-0.5392328413924974,0.0,2.488723817829574,3.003565535509514,14.652519411590163
0.977021392307104,0.0,0.069052552790274,0.0,-0.5396328413924973,0.0,2.4878272846468734,3.0035184409896867,14.56866521710461
0.9770839838603003,0.0,0.0689853508921243,0.0,-0.5400328413924973,0.0,2.486930648361363,3.0034716100779018,14.485252715878651
0.9771463468505678,0.0,0.06891812949119037,0.0,-0.5404328413924973,0.0,2.4860339164317917,3.0034250419663784,14.40227929882317
0.977208481695529,0.0,0.068850889318547,0.0,-0.5408328413924972,0.0,2.4851370962936317,3.0033787358466255,14.319742373390095
0.977270388815468,0.0,0.06878363110211261,0.0,-0.5412328413924972,0.0,2.4842401953588866,3.003332690909476,14.237639363471086
0.9773320686333001,0.0,0.06871635556663926,0.0,-0.5416328413924971,0.0,2.483343221015907,3.0032869063451084,14.155967709296661
0.9773935215745444,0.0,0.06864906343370204,0.0,-0.5420328413924971,0.0,2.482446180629198,3.0032413813430803,14.074724867332481
0.9774547480672932,0.0,0.0685817554216891,0.0,-0.542432841392497,0.0,2.4815490815392436,3.003196115092356,13.993908310182857
0.9775157485421835,0.0,0.06851443224579203,0.0,-0.542832841392497,0.0,2.480651931062318,3.0031511067813375,13.913515526486936
0.9775765234323675,0.0,0.06844709461799613,0.0,-0.543232841392497,0.0,2.4797547364903125,3.003106355597886,13.83354402082037
0.9776370731734834,0.0,0.06837974324707138,0.0,-0.5436328413924969,0.0,2.47885750509056,3.0030618607293587,13.753991313598714
0.9776973982036262,0.0,0.06831237883856327,0.0,-0.5440328413924969,0.0,2.4779602441056623,3.003017621362632,13.67485494097371
0.9777574989633193,0.0,0.06824500209478408,0.0,-0.5444328413924968,0.0,2.477062960753312,3.0029736366841293,13.596132454742907
0.9778173758954835,0.0,0.0681776137148044,0.0,-0.5448328413924968,0.0,2.4761656622261397,3.0029299058798524,13.517821422246627
0.9778770294454096,0.0,0.06811021439444488,0.0,-0.5452328413924967,0.0,2.475268355691533,3.0028864281354064,13.439919426273086
0.9779364600607278,0.0,0.0680428048262682,0.0,-0.5456328413924967,0.0,2.474371048291486,3.0028432026360288,13.3624240649638
0.9779956681913805,0.0,0.06797538569957141,0.0,-0.5460328413924966,0.0,2.473473747142429,3.002800228566614,13.28533295171541
0.9780546542895909,0.0,0.06790795770037815,0.0,-0.5464328413924966,0.0,2.4725764593350825,3.002757505111747,13.20864371508657
0.9781134188098356,0.0,0.06784052151143188,0.0,-0.5468328413924965,0.0,2.471679191934293,3.0027150314557254,13.132353998703465
0.9781719622088145,0.0,0.06777307781218822,0.0,-0.5472328413924965,0.0,2.4707819519788825,3.0026728067825856,13.05646146116435
0.9782302849454225,0.0,0.06770562727880876,0.0,-0.5476328413924965,0.0,2.4698847464815024,3.0026308302761366,12.980963775948883
0.9782883874807206,0.0,0.06763817058415408,0.0,-0.5480328413924964,0.0,2.468987582428483,3.0025891011199812,12.905858631322957
0.9783462702779052,0.0,0.067570708397778,0.0,-0.5484328413924964,0.0,2.468090466779692,3.0025476184975406,12.831143730246922
0.9784039338022822,0.0,0.06750324138592091,0.0,-0.5488328413924963,0.0,2.467193406468389,3.00250638159209,12.756816790284383
0.9784613785212354,0.0,0.06743577021150433,0.0,-0.5492328413924963,0.0,2.4662964084010874,3.002465389586776,12.68287554351054
0.9785186049041986,0.0,0.06736829553412546,0.0,-0.5496328413924962,0.0,2.4653994794574206,3.002424641664647,12.60931773642249
0.9785756134226276,0.0,0.06730081801005147,0.0,-0.5500328413924962,0.0,2.464502626490001,3.0023841370086806,12.536141129848538
0.97863240454997,0.0,0.06723333829221476,0.0,-0.5504328413924962,0.0,2.463605856324295,3.0023438748018054,12.46334349885571
0.9786889787616383,0.0,0.06716585703020789,0.0,-0.5508328413924961,0.0,2.462709175758491,3.0023038542269305,12.390922632667145
0.9787453365349786,0.0,0.06709837487027913,0.0,-0.5512328413924961,0.0,2.4618125915633726,3.0022640744669715,12.318876334566326
0.9788014783492454,0.0,0.06703089245532795,0.0,-0.551632841392496,0.0,2.4609161104821937,3.0022245347048706,12.247202421814826
0.9788574046855697,0.0,0.06696341042490093,0.0,-0.552032841392496,0.0,2.46001973923056,3.00218523412363,12.175898725560657
0.9789131160269334,0.0,0.06689592941518799,0.0,-0.5524328413924959,0.0,2.459123484496306,3.0021461719063307,12.10496309075354
0.9789686128581386,0.0,0.06682845005901823,0.0,-0.5528328413924959,0.0,2.458227352939382,3.0021073472361612,12.034393376057405
0.9790238956657817,0.0,0.06676097298585693,0.0,-0.5532328413924958,0.0,2.4573313511917343,3.0020687592964412,11.964187453764854
0.9790789649382216,0.0,0.06669349882180237,0.0,-0.5536328413924958,0.0,2.456435485857208,3.0020304072706465,11.894343209710808
0.9791338211655555,0.0,0.06662602818958235,0.0,-0.5540328413924958,0.0,2.4555397635114167,3.0019922903424314,11.824858543190096
0.979188464839588,0.0,0.06655856170855187,0.0,-0.5544328413924957,0.0,2.4546441907016536,3.001954407695659,11.75573136686862
0.979242896453804,0.0,0.06649109999469038,0.0,-0.5548328413924957,0.0,2.453748773946778,3.0019167585144193,11.686959606703148
0.9792971165033408,0.0,0.06642364366059944,0.0,-0.5552328413924956,0.0,2.4528535197371184,3.001879341983056,11.618541201854015
0.9793511254849602,0.0,0.06635619331550052,0.0,-0.5556328413924956,0.0,2.4519584345343715,3.0018421572861906,11.550474104608039
0.9794049238970202,0.0,0.06628874956523341,0.0,-0.5560328413924955,0.0,2.4510635247715067,3.001805203608748,11.48275628028965
0.9794585122394474,0.0,0.0662213130122543,0.0,-0.5564328413924955,0.0,2.450168796852671,3.0017684801359734,11.4153857071821
0.9795118910137103,0.0,0.06615388425563422,0.0,-0.5568328413924954,0.0,2.4492742571530943,3.001731986053467,11.348360376445491
0.9795650607227898,0.0,0.06608646389105828,0.0,-0.5572328413924954,0.0,2.44837991201901,3.0016957205471937,11.281678292036393
0.9796180218711544,0.0,0.06601905251082388,0.0,-0.5576328413924954,0.0,2.4474857677675534,3.0016596828035196,11.215337470623819
0.9796707749647303,0.0,0.06595165070384067,0.0,-0.5580328413924953,0.0,2.44659183068669,3.0016238720092234,11.149335941514114
0.9797233205108749,0.0,0.06588425905562943,0.0,-0.5584328413924953,0.0,2.445698107035128,3.0015882873515287,11.083671746567006
0.9797756590183507,0.0,0.06581687814832182,0.0,-0.5588328413924952,0.0,2.444804603042238,3.0015529280181212,11.018342940119332
0.9798277909972963,0.0,0.06574950856066036,0.0,-0.5592328413924952,0.0,2.4439113249079787,3.0015177931971713,10.95334758890517
0.9798797169592013,0.0,0.06568215086799796,0.0,-0.5596328413924951,0.0,2.44301827880282,3.001482882077358,10.888683771976702
0.9799314374168783,0.0,0.06561480564229884,0.0,-0.5600328413924951,0.0,2.442125470867666,3.001448193847891,10.824349580627182
0.979982952884436,0.0,0.06554747345213824,0.0,-0.560432841392495,0.0,2.441232907213797,3.001413727698533,10.760343118315017
0.9800342638772528,0.0,0.06548015486270353,0.0,-0.560832841392495,0.0,2.4403405939227873,3.0013794828196194,10.696662500583951
0.9800853709119506,0.0,0.06541285043579487,0.0,-0.561232841392495,0.0,2.439448537046452,3.0013454584020813,10.63330585498862
0.9801362745063679,0.0,0.06534556072982607,0.0,-0.5616328413924949,0.0,2.4385567426067714,3.001311653637469,10.570271321019572
0.9801869751795328,0.0,0.06527828629982624,0.0,-0.5620328413924949,0.0,2.4376652165958443,3.001278067717967,10.507557050023774
0.9802374734516383,0.0,0.06521102769744053,0.0,-0.5624328413924948,0.0,2.4367739649758167,3.001244699836424,10.445161205134351
0.9802877698440146,0.0,0.06514378547093243,0.0,-0.5628328413924948,0.0,2.4358829936788307,3.0012115491863662,10.383081961192811
0.9803378648791039,0.0,0.0650765601651851,0.0,-0.5632328413924947,0.0,2.4349923086069714,3.00117861496202,10.321317504674774
0.9803877590804342,0.0,0.0650093523217035,0.0,-0.5636328413924947,0.0,2.4341019156322172,3.0011458963583366,10.259866033618497
0.9804374529725938,0.0,0.06494216247861653,0.0,-0.5640328413924947,0.0,2.4332118205963784,3.001113392571007,10.198725757550015
0.9804869470812055,0.0,0.06487499117067934,0.0,-0.5644328413924946,0.0,2.432322029311064,3.001081102796485,10.137894897409566
0.9805362419329,0.0,0.06480783892927619,0.0,-0.5648328413924946,0.0,2.4314325475576304,3.001049026232006,10.077371685479648
0.9805853380552927,0.0,0.06474070628242251,0.0,-0.5652328413924945,0.0,2.4305433810871357,3.00101716207561,10.017154365314479
0.9806342359769558,0.0,0.06467359375476854,0.0,-0.5656328413924945,0.0,2.4296545356203065,3.0009855095261546,9.957241191666927
0.980682936227395,0.0,0.06460650186760172,0.0,-0.5660328413924944,0.0,2.4287660168474874,3.0009540677833426,9.897630430416541
0.9807314393370238,0.0,0.0645394311388507,0.0,-0.5664328413924944,0.0,2.4278778304286184,3.000922836047735,9.838320358499963
0.9807797458371382,0.0,0.06447238208308796,0.0,-0.5668328413924943,0.0,2.4269899819931866,3.000891813520775,9.779309263839966
0.9808278562598921,0.0,0.06440535521153398,0.0,-0.5672328413924943,0.0,2.4261024771402098,3.0008609994048006,9.720595445276796
0.9808757711382732,0.0,0.06433835103206091,0.0,-0.5676328413924943,0.0,2.425215321438188,3.0008303929030715,9.662177212496623
0.9809234910060778,0.0,0.0642713700491963,0.0,-0.5680328413924942,0.0,2.424328520425093,3.000799993219781,9.604052885963863
0.9809710163978861,0.0,0.06420441276412736,0.0,-0.5684328413924942,0.0,2.4234420796083262,3.0007697995600786,9.546220796850346
0.9810183478490383,0.0,0.0641374796747055,0.0,-0.5688328413924941,0.0,2.42255600446471,3.0007398111300834,9.488679286969955
0.9810654858956108,0.0,0.06407057127545007,0.0,-0.5692328413924941,0.0,2.4216703004404554,3.0007100271369094,9.431426708709157
0.9811124310743922,0.0,0.06400368805755387,0.0,-0.569632841392494,0.0,2.4207849729511453,3.000680446788677,9.37446142495735
0.9811591839228576,0.0,0.06393683050888711,0.0,-0.570032841392494,0.0,2.4199000273817166,3.0006510692945327,9.317781809043012
0.9812057449791477,0.0,0.06386999911400287,0.0,-0.570432841392494,0.0,2.4190154690864443,3.000621893864669,9.26138624466451
0.9812521147820429,0.0,0.06380319435414186,0.0,-0.5708328413924939,0.0,2.418131303388929,3.0005929197103374,9.205273125826224
0.9812982938709413,0.0,0.0637364167072379,0.0,-0.5712328413924939,0.0,2.4172475355820824,3.0005641460438697,9.14944085676921
0.9813442827858339,0.0,0.06366966664792323,0.0,-0.5716328413924938,0.0,2.4163641709281234,3.0005355720786913,9.093887851906455
0.9813900820672827,0.0,0.06360294464753392,0.0,-0.5720328413924938,0.0,2.415481214658559,3.000507197029342,9.038612535759107
0.9814356922563974,0.0,0.06353625117411577,0.0,-0.5724328413924937,0.0,2.41459867197419,3.0004790201114893,8.983613342889608
0.9814811138948116,0.0,0.06346958669243002,0.0,-0.5728328413924937,0.0,2.413716548045101,3.0004510405419444,8.92888871783861
0.9815263475246612,0.0,0.06340295166395929,0.0,-0.5732328413924936,0.0,2.4128348480106547,3.0004232575386856,8.87443711505873
0.9815713936885608,0.0,0.063336346546914,0.0,-0.5736328413924936,0.0,2.411953576979504,3.000395670320861,8.820256998852429
0.9816162529295822,0.0,0.06326977179623827,0.0,-0.5740328413924936,0.0,2.411072740029577,3.000368278108821,8.766346843307666
0.9816609257912313,0.0,0.06320322786361658,0.0,-0.5744328413924935,0.0,2.4101923422080924,3.0003410801241164,8.712705132233165
0.9817054128174257,0.0,0.06313671519748028,0.0,-0.5748328413924935,0.0,2.4093123885315637,3.000314075589531,8.65933035909929
0.9817497145524738,0.0,0.06307023424301414,0.0,-0.5752328413924934,0.0,2.408432883985799,3.0002872637290836,8.60622102697005
0.9817938315400895,0.0,0.06300378544231625,0.0,-0.5756328413924934,0.0,2.4075538335620994,3.0002606437665733,8.553375649801811
0.9818815134592126,0.0,0.06287098605293305,0.0,-0.5764328413924934,0.0,2.405797114530862,3.0002079764516996,8.448470849916195
0.9819684629358605,0.0,0.06273832050082587,0.0,-0.5772328413924934,0.0,2.4040422705739446,3.0001560674683634,8.344604252645286
0.9820546843394623,0.0,0.06260579220550372,0.0,-0.5780328413924934,0.0,2.4022893401924783,3.00010491066696,8.241764294385678
0.982140182042325,0.0,0.06247340453549461,0.0,-0.5788328413924935,0.0,2.4005383614341493,3.00005449991789,8.139939559562741
0.9822249604199335,0.0,0.06234116080844166,0.0,-0.5796328413924935,0.0,2.3987893718576982,3.0000048291134895,8.039118777356695
0.9823090238502936,0.0,0.06220906429135982,0.0,-0.5804328413924935,0.0,2.3970424085337223,2.9999558921684555,7.9392908197988525
0.9823923767132889,0.0,0.062077118200900054,0.0,-0.5812328413924935,0.0,2.3952975080455747,2.9999076830202718,7.840444699881774
0.9824750233900442,0.0,0.0619453257036205,0.0,-0.5820328413924936,0.0,2.393554706490372,2.9998601956296183,7.742569569690371
0.9825569682623027,0.0,0.061813689916264375,0.0,-0.5828328413924936,0.0,2.391814039480078,2.9998134239807706,7.645654718549682
0.9826382157118088,0.0,0.061682213906045266,0.0,-0.5836328413924936,0.0,2.3900755421427218,2.99976736208199,7.549689571178247
0.9827187701197048,0.0,0.061550900690938,0.0,-0.5844328413924936,0.0,2.388339249123665,2.9997220039659025,7.454663685865475
0.9827986358659351,0.0,0.06141975323997647,0.0,-0.5852328413924937,0.0,2.3866051945869966,2.999677343689861,7.360566752650852
0.9828778173286611,0.0,0.06128877447355716,0.0,-0.5860328413924937,0.0,2.3848734122170008,2.999633375336309,7.2673885915231455
0.9829563188836873,0.0,0.06115796726374842,0.0,-0.5868328413924937,0.0,2.3831439352197124,2.9995900930131203,7.175119150623766
0.9830341449038953,0.0,0.061027334434605646,0.0,-0.5876328413924937,0.0,2.3814167963245607,2.999547490853939,7.083748504464557
0.9831112997586904,0.0,0.06089687876249144,0.0,-0.5884328413924937,0.0,2.379692027786095,2.999505563018503,6.993266852142259
0.9831877878134555,0.0,0.06076660297640143,0.0,-0.5892328413924938,0.0,2.3779696613857957,2.9994643036929554,6.903664515571435
0.9832636134290174,0.0,0.060636509758294405,0.0,-0.5900328413924938,0.0,2.3762497284339545,2.999423707090154,6.814931937718498
0.9833387809611218,0.0,0.06050660174342772,0.0,-0.5908328413924938,0.0,2.3745322597716347,2.9993837674499635,6.727059680828901
0.9834132947599197,0.0,0.06037688152069709,0.0,-0.5916328413924938,0.0,2.372817285772714,2.9993444790395376,6.640038424670674
0.9834871591694616,0.0,0.06024735163298046,0.0,-0.5924328413924939,0.0,2.371104836345985,2.9993058361535985,6.55385896476251
0.9835603785272035,0.0,0.06011801457748643,0.0,-0.5932328413924939,0.0,2.3693949409373323,2.999267833114694,6.468512210613955
0.9836329571635228,0.0,0.05998887280610627,0.0,-0.5940328413924939,0.0,2.3676876285319874,2.9992304642734586,6.383989183945721
0.9837048994012421,0.0,0.05985992872576991,0.0,-0.5948328413924939,0.0,2.3659829276568334,2.9991937240088564,6.30028101691445
0.9837762095551661,0.0,0.05973118469880516,0.0,-0.595632841392494,0.0,2.364280866382775,2.9991576067284136,6.217378950316455
0.9838468919316262,0.0,0.059602643043300665,0.0,-0.596432841392494,0.0,2.3625814723271827,2.9991221068684495,6.135274331796955
0.9839169508280344,0.0,0.05947430603347168,0.0,-0.597232841392494,0.0,2.360884772656388,2.999087218894291,6.053958614020043
0.9839863905324484,0.0,0.0593461759000291,0.0,-0.598032841392494,0.0,2.3591907940882346,2.999052937300477,5.973423352837161
0.9840552153231463,0.0,0.05921825483055105,0.0,-0.598832841392494,0.0,2.357499562894683,2.999019256610964,5.893660205436245
0.9841234294682101,0.0,0.05909054496985715,0.0,-0.5996328413924941,0.0,2.3558111049044843,2.9989861713793107,5.814660928443978
0.9841910372251184,0.0,0.05896304842038546,0.0,-0.6004328413924941,0.0,2.3541254455058818,2.9989536761888576,5.736417376023416
0.9842580428403505,0.0,0.05883576724257119,0.0,-0.6012328413924941,0.0,2.35244260964938,2.9989217656529035,5.658921497919069
0.984324450548998,0.0,0.05870870345522811,0.0,-0.6020328413924941,0.0,2.3507626218505586,2.998890434414866,5.582165337476916
0.9843902645743872,0.0,0.058581859035931376,0.0,-0.6028328413924942,0.0,2.3490855061929206,2.9988596771484377,5.506141029607045
0.9844554891277091,0.0,0.05845523592140232,0.0,-0.6036328413924942,0.0,2.347411286330807,2.998829488557732,5.430840798710324
0.9845201284076606,0.0,0.058328836007895124,0.0,-0.6044328413924942,0.0,2.3457399854923198,2.998799863377421,5.356256956537532
0.9845841866000937,0.0,0.05820266115158416,0.0,-0.6052328413924942,0.0,2.344071626482324,2.998770796372869,5.282381899995745
0.9846476678776734,0.0,0.05807671316895362,0.0,-0.6060328413924942,0.0,2.3424062316854557,2.998742282340249,5.209208108875069
0.9847105763995462,0.0,0.05795099383718747,0.0,-0.6068328413924943,0.0,2.3407438230691877,2.998714316106666,5.136728143515265
0.9847729163110149,0.0,0.057825504894561,0.0,-0.6076328413924943,0.0,2.339084422186917,2.9986868925302534,5.064934642363477
0.9848346917432259,0.0,0.05770024804083252,0.0,-0.6084328413924943,0.0,2.3374280501810953,2.9986600065002813,4.993820319451624
0.9848959068128609,0.0,0.05757522493763665,0.0,-0.6092328413924943,0.0,2.3357747277863803,2.9986336529372433,4.923377961768885
0.9849565656218418,0.0,0.05745043720887739,0.0,-0.6100328413924944,0.0,2.334124475332829,2.998607826792942,4.8536004265125055
0.9850166722570387,0.0,0.0573258864411221,0.0,-0.6108328413924944,0.0,2.3324773127491096,2.998582523050565,4.784480638201883
0.9850762307899926,0.0,0.05720157418399548,0.0,-0.6116328413924944,0.0,2.3308332595657406,2.998557736724758,4.7160115856623115
0.9851352452766418,0.0,0.05707750195057385,0.0,-0.6124328413924944,0.0,2.3291923349183636,2.9985334628616895,4.648186318849245
0.9851937197570579,0.0,0.05695367121777977,0.0,-0.6132328413924945,0.0,2.327554557551028,2.998509696539098,4.580997945489733
0.9852516582551909,0.0,0.05683008342677598,0.0,-0.6140328413924945,0.0,2.325919945819503,2.998486432866351,4.5144396275337115
0.9853090647786209,0.0,0.05670673998335944,0.0,-0.6148328413924945,0.0,2.324288517694614,2.9984636669844864,4.4485045773925584
0.9853659433183191,0.0,0.05658364225835541,0.0,-0.6156328413924945,0.0,2.3226602907655898,2.9984413940662438,4.383186053956024
0.9854222978484158,0.0,0.056460791588010324,0.0,-0.6164328413924945,0.0,2.321035282243431,2.9984196093161026,4.318477358320839
0.9854781323259768,0.0,0.05633818927438482,0.0,-0.6172328413924946,0.0,2.3194135089642933,2.9983983079703,4.254371829256238
0.9855334506907862,0.0,0.05621583658574601,0.0,-0.6180328413924946,0.0,2.317794987392892,2.9983774852968508,4.19086283834428
0.985588256865139,0.0,0.05609373475695844,0.0,-0.6188328413924946,0.0,2.316179733625909,2.9983571365955615,4.12794378477548
0.9856425547536385,0.0,0.05597188498987502,0.0,-0.6196328413924946,0.0,2.3145677633954174,2.998337257198033,4.065608089732136
0.985696348243004,0.0,0.05585028845372619,0.0,-0.6204328413924947,0.0,2.312959092072317,2.998317842467667,4.003849190387058
0.9857496412018824,0.0,0.05572894628550892,0.0,-0.6212328413924947,0.0,2.3113537346697797,2.9982988877996526,3.942660533378829
0.9858024374806698,0.0,0.055607859590373745,0.0,-0.6220328413924947,0.0,2.309751705846701,2.998280388620963,3.8820355677797584
0.9858547409113393,0.0,0.05548702944201103,0.0,-0.6228328413924947,0.0,2.3081530199111553,2.998262340390336,3.821967737495779
0.9859065553072749,0.0,0.055366456883035826,0.0,-0.6236328413924948,0.0,2.3065576908238663,2.9982447385982556,3.7624504729721986
0.9859578844631125,0.0,0.05524614292537152,0.0,-0.6244328413924948,0.0,2.3049657322016732,2.9982275787669206,3.7034771822027484
0.9860087321545887,0.0,0.055126088550631364,0.0,-0.6252328413924948,0.0,2.3033771573210036,2.998210856450222,3.645041240935364
0.9860591021383964,0.0,0.055006294710499136,0.0,-0.6260328413924948,0.0,2.301791979121349,2.9981945672336994,3.5871359819337645
0.9861089981520428,0.0,0.05488676232710817,0.0,-0.6268328413924948,0.0,2.3002102102087405,2.9981787067345014,3.529754683287222
0.9861584239137205,0.0,0.054767492293417756,0.0,-0.6276328413924949,0.0,2.298631862859224,2.998163270601345,3.472890555532034
0.98620738312218,0.0,0.05464848547358933,0.0,-0.6284328413924949,0.0,2.2970569490223385,2.9981482545144575,3.416536727527017
0.9862558794566089,0.0,0.05452974270335903,0.0,-0.6292328413924949,0.0,2.29548548032459,2.998133654185533,3.3606862309100407
0.9863039165765202,0.0,0.05441126479040971,0.0,-0.6300328413924949,0.0,2.29391746807291,2.998119465357665,3.3053319829221204
0.9863514981216421,0.0,0.05429305251474056,0.0,-0.630832841392495,0.0,2.2923529232581505,2.9981056838052837,3.25046676741516
0.9863986277118181,0.0,0.05417510662903429,0.0,-0.631632841392495,0.0,2.2907918565585095,2.9980923053340947,3.196083213816027
0.9864453089469097,0.0,0.054057427859022934,0.0,-0.632432841392495,0.0,2.289234278343021,2.9980793257810046,3.1421737737258892
0.9864915454067066,0.0,0.053940016903850606,0.0,-0.633232841392495,0.0,2.2876801986749813,2.9980667410140454,3.088730694843785
0.9865373406508405,0.0,0.05382287443643541,0.0,-0.634032841392495,0.0,2.2861296273154084,2.998054546932296,3.035745991882145
0.9865826982187076,0.0,0.053706001103827304,0.0,-0.6348328413924951,0.0,2.284582573726465,2.9980427394658036,2.983211413952013
0.9866276216293924,0.0,0.053589397527565225,0.0,-0.6356328413924951,0.0,2.283039047074892,2.998031314575494,2.931118407953896
0.986672114381601,0.0,0.05347306430403134,0.0,-0.6364328413924951,0.0,2.28149905623542,2.9980202682530828,2.879458077305072
0.986716179953596,0.0,0.053357002004802194,0.0,-0.6372328413924951,0.0,2.279962609794183,2.998009596520985,2.828221135355153
0.9867598218031377,0.0,0.053241211176998746,0.0,-0.6380328413924952,0.0,2.2784297160520977,2.997999295432215,2.7773978524409033
0.9868030433674313,0.0,0.053125692343632964,0.0,-0.6388328413924952,0.0,2.2769003830282655,2.9979893610702923,2.7269779957799383
0.9868458480630776,0.0,0.05301044600395206,0.0,-0.6396328413924952,0.0,2.2753746184633283,2.9979797895491362,2.6769507606618097
0.98688823928603,0.0,0.052895472633780326,0.0,-0.6404328413924952,0.0,2.2738524298228304,2.9979705770129637,2.627304691624606
0.9869302204115523,0.0,0.05278077268585864,0.0,-0.6412328413924953,0.0,2.2723338243005666,2.9979617196361756,2.578027591515843
0.9869717947941875,0.0,0.05266634659018077,0.0,-0.6420328413924953,0.0,2.270818808821904,2.9979532136232514,2.529106416374587
0.987012965767725,0.0,0.05255219475432737,0.0,-0.6428328413924953,0.0,2.269307390047101,2.9979450552086346,2.4805271529846626
0.9870537366451748,0.0,0.05243831756379749,0.0,-0.6436328413924953,0.0,2.2677995743746036,2.9979372406566145,2.4322746758595724
0.987094110718747,0.0,0.05232471538233685,0.0,-0.6444328413924953,0.0,2.266295367944326,2.9979297662612083,2.384332578788146
0.9871340912598329,0.0,0.0522113885522639,0.0,-0.6452328413924954,0.0,2.2647947766409247,2.9979226283460436,2.3366829756704464
0.9871736815189923,0.0,0.05209833739479282,0.0,-0.6460328413924954,0.0,2.263297806097037,2.997915823264229,2.2893062630269023
0.9872128847259439,0.0,0.05198556221035403,0.0,-0.6468328413924954,0.0,2.2618044616965176,2.9979093473982306,2.2421808351075274
0.9872517040895594,0.0,0.0518730632789115,0.0,-0.6476328413924954,0.0,2.2603147485776547,2.9979031971597467,2.195282739113561
0.9872901427978623,0.0,0.051760840860277775,0.0,-0.6484328413924955,0.0,2.258828671636359,2.9978973689895767,2.1485852547325317
0.9873282040180292,0.0,0.05164889519442546,0.0,-0.6492328413924955,0.0,2.25734623552934,2.9978918593574844,2.1020583761898437
0.9873658908963959,0.0,0.05153722650179683,0.0,-0.6500328413924955,0.0,2.255867444677268,2.99788666476207,2.0556681679556617
0.987403206558467,0.0,0.05142583498360949,0.0,-0.6508328413924955,0.0,2.2543923032679047,2.997881781730633,2.0093759539146014
0.987440154108927,0.0,0.051314720822160216,0.0,-0.6516328413924956,0.0,2.252920815259226,2.997877206819031,1.9631372846886217
0.9874767366316577,0.0,0.05120388418112511,0.0,-0.6524328413924956,0.0,2.251452984382511,2.9978729366115435,1.9169006031906424
0.987512957189757,0.0,0.05109332520585733,0.0,-0.6532328413924956,0.0,2.2499888141454267,2.9978689677207297,1.8706054944037518
0.987548818825561,0.0,0.05098304402368163,0.0,-0.6540328413924956,0.0,2.248528307835073,2.9978652967872867,1.8241803482017351
0.9875843245606709,0.0,0.05087304074418643,0.0,-0.6548328413924956,0.0,2.2470714685210247,2.9978619204799046,1.777539176603911
0.9876194773959802,0.0,0.05076331545951221,0.0,-0.6556328413924957,0.0,2.2456182990583353,2.99785883549512,1.7305771792066575
0.9876542803117074,0.0,0.05065386824463802,0.0,-0.6564328413924957,0.0,2.244168802090535,2.997856038557171,1.6831643985190041
0.9876887362674293,0.0,0.05054469915766423,0.0,-0.6572328413924957,0.0,2.242722980052591,2.997853526417846,1.6351363558609144
0.9877228482021202,0.0,0.05043580824009249,0.0,-0.6580328413924957,0.0,2.241280835173853,2.997851295856339,1.5862797078655362
0.9877566190341904,0.0,0.05032719551710348,0.0,-0.6588328413924958,0.0,2.2398423694809844,2.997849343679091,1.5363092596385581
0.9877900516615292,0.0,0.05021886099783061,0.0,-0.6596328413924958,0.0,2.2384075848008496,2.9978476667196468,1.4848289930473324
0.9878231489615518,0.0,0.05011080467563168,0.0,-0.6604328413924958,0.0,2.2369764827633976,2.997846261838498,1.4312610439435638
0.9878559137912445,0.0,0.050003026528357364,0.0,-0.6612328413924958,0.0,2.23554906480452,2.9978451259229244,1.3747031334760618
0.9878883489872176,0.0,0.04989552651861656,0.0,-0.6620328413924959,0.0,2.2341253321688637,2.9978442558868506,1.3136003350858054
0.9879204573657557,0.0,0.0497883045940393,0.0,-0.6628328413924959,0.0,2.2327052859126586,2.9978436486706777,1.2448091269552604
0.987952241722875,0.0,0.04968136068753619,0.0,-0.6636328413924959,0.0,2.231288926906486,2.997843301241134,1.1595952910571288
0.9879837048343789,0.0,0.04957469471755539,0.0,-0.6644328413924959,0.0,2.229876255838043,2.9978432105911166,1.0000000003108562
0.9880148494559182,0.0,0.04946830658833647,0.0,-0.6652328413924959,0.0,2.228467273214874,2.9978433737395305,1.0000000000391593
0.9880456783230512,0.0,0.049362196190161564,0.0,-0.666032841392496,0.0,2.2270619793670865,2.997843787731135,1.000002921236656
0.9880761941513101,0.0,0.04925636339960343,0.0,-0.666832841392496,0.0,2.225660374450034,2.9978444496363776,1.0000000000229259
0.988106399636263,0.0,0.04915080807977074,0.0,-0.667632841392496,0.0,2.224262458446977,2.9978453565512395,1.0000053758138614
0.988136297453584,0.0,0.04904553008055079,0.0,-0.668432841392496,0.0,2.222868231171724,2.997846505597071,1.0000028426608492
0.988165890259121,0.0,0.04894052923884876,0.0,-0.6692328413924961,0.0,2.2214776922712516,2.9978478939204316,1.000000000006492
0.9881951806889668,0.0,0.04883580537882444,0.0,-0.6700328413924961,0.0,2.220090841228272,2.9978495186929344,1.0000030016721075
0.9882241713595333,0.0,0.048731358312126626,0.0,-0.6708328413924961,0.0,2.218707677363825,2.9978513771110733,1.0000000000069271
0.9882528648676239,0.0,0.0486271878381238,0.0,-0.6716328413924961,0.0,2.2173281998398022,2.997853466396069,1.0000038908884115
0.9882812637905105,0.0,0.04852329374413255,0.0,-0.6724328413924962,0.0,2.215952407661463,2.9978557837937037,1.0000000000169507
0.9883093706860115,0.0,0.04841967580564326,0.0,-0.6732328413924962,0.0,2.2145802996799313,2.997858326574158,1.0000031892604295
0.9883371880925705,0.0,0.04831633378654269,0.0,-0.6740328413924962,0.0,2.213211874594657,2.99786109203185,1.000000000010768
0.9883647185293362,0.0,0.04821326743933424,0.0,-0.6748328413924962,0.0,2.2118471309558627,2.9978640774852683,1.0000023668704312
0.9883919644962453,0.0,0.048110476505354736,0.0,-0.6756328413924962,0.0,2.210486067166958,2.9978672802768127,1.00000000000436
0.9884189284741056,0.0,0.04800796071498953,0.0,-0.6764328413924963,0.0,2.209128681486932,2.99787069777263,1.0000000000020604
0.9884456129246793,0.0,0.04790571978788403,0.0,-0.6772328413924963,0.0,2.20777497203272,2.9978743273624486,1.0000000000074767
0.9884720202907715,0.0,0.04780375343315274,0.0,-0.6780328413924963,0.0,2.206424936781554,2.9978781664594143,1.000003107204611
0.9884981529963137,0.0,0.04770206134958601,0.0,-0.6788328413924963,0.0,2.2050785735732736,2.9978822124999307,1.0000000000002318
0.9885240134464545,0.0,0.047600643225853716,0.0,-0.6796328413924964,0.0,2.2037358801126268,2.997886462943492,1.0000000000005247
0.988549604027648,0.0,0.04749949874070603,0.0,-0.6804328413924964,0.0,2.202396853971536,2.9978909152725235,1.0000000000001104
0.9885749271077438,0.0,0.04739862756317279,0.0,-0.6812328413924964,0.0,2.2010614925913465,2.9978955669922147,1.000000000005591
0.9885999850360782,0.0,0.04729802935275856,0.0,-0.6820328413924964,0.0,2.19972979328505,2.9979004156303555,1.0000019297486036
0.9886247801435674,0.0,0.04719770375963646,0.0,-0.6828328413924964,0.0,2.1984017532394775,2.997905458737177,1.000000000001678
0.9886493147427985,0.0,0.04709765042483889,0.0,-0.6836328413924965,0.0,2.197077369517478,2.997910693885188,1.0000000000024216
0.9886735911281258,0.0,0.046997868980445584,0.0,-0.6844328413924965,0.0,2.1957566390600625,2.997916118669008,1.0000000000041185
0.9886976115757643,0.0,0.04689835904976939,0.0,-0.6852328413924965,0.0,2.1944395586885346,2.997921730705211,1.000000000004468
0.9887213783438855,0.0,0.046799120247539516,0.0,-0.6860328413924965,0.0,2.19312612510659,2.997927527632158,1.0000000000050318
0.9887448936727137,0.0,0.046700152180082076,0.0,-0.6868328413924966,0.0,2.191816334902391,2.997933507109841,1.0000000000031861
0.9887681597846228,0.0,0.04660145444549852,0.0,-0.6876328413924966,0.0,2.190510184550629,2.9979396668197147,1.0000000000035918
0.9887911788842346,0.0,0.04650302663384122,0.0,-0.6884328413924966,0.0,2.1892076704145484,2.997946004464542,1.0000000000008087
0.988813953158517,0.0,0.04640486832728692,0.0,-0.6892328413924966,0.0,2.187908788747955,2.997952517768229,1.0000000000057743
0.9888364847768821,0.0,0.04630697910030756,0.0,-0.6900328413924967,0.0,2.1866135356972,2.9979592044756664,1.0000000000007805
0.9888587758912865,0.0,0.04620935851983897,0.0,-0.6908328413924967,0.0,2.1853219073031425,2.99796606235257,1.0000000000010036
0.9888808286363311,0.0,0.046112006145447026,0.0,-0.6916328413924967,0.0,2.1840338995030866,2.997973089185322,1.0000000000033316
0.9889026451293615,0.0,0.0460149215294915,0.0,-0.6924328413924967,0.0,2.1827495081326918,2.997980282780806,1.0000000000006417
0.9889242274705683,0.0,0.04591810421728752,0.0,-0.6932328413924967,0.0,2.181468728927875,2.997987640966258,1.0000000000001292
0.9889455777430903,0.0,0.0458215537472647,0.0,-0.6940328413924968,0.0,2.1801915575266655,2.9979951615891025,1.0000009609243825
0.9889666980131141,0.0,0.045725269651124424,0.0,-0.6948328413924968,0.0,2.1789179894710644,2.9980028425167955,1.0000020861840855
0.9889875903299775,0.0,0.0456292514539942,0.0,-0.6956328413924968,0.0,2.177648020208859,2.9980106816366687,1.0000031119546535
0.9890082567262711,0.0,0.04553349867458013,0.0,-0.6964328413924968,0.0,2.1763816450954314,2.9980186768557755,1.0000000000011884
0.989028699217942,0.0,0.04543801082531737,0.0,-0.6972328413924969,0.0,2.175118859395534,2.998026826100729,1.0000000000002152
0.9890489198043957,0.0,0.04534278741251809,0.0,-0.6980328413924969,0.0,2.1738596582850507,2.998035127317552,1.0000000000007359
0.9890689204686006,0.0,0.04524782793651699,0.0,-0.6988328413924969,0.0,2.1726040368527295,2.9980435784715227,1.000001240526529
0.9890887031771904,0.0,0.045153131891815725,0.0,-0.6996328413924969,0.0,2.1713519901018965,2.9980521775470153,1.0000000000000804
0.9891082698805679,0.0,0.04505869876722373,0.0,-0.700432841392497,0.0,2.170103512952152,2.998060922547355,1.0000012777659297
0.9891276225130089,0.0,0.04496452804599826,0.0,-0.701232841392497,0.0,2.168858600241038,2.998069811494658,1.0000017693403918
0.9891467629927667,0.0,0.0448706192059816,0.0,-0.702032841392497,0.0,2.167617246725687,2.998078842429683,1.000001190176113
0.9891656932221757,0.0,0.04477697171973641,0.0,-0.702832841392497,0.0,2.166379447084463,2.9980880134116807,1.0000015817372276
0.9891844150877545,0.0,0.04468358505467894,0.0,-0.703632841392497,0.0,2.165145195918546,2.998097322518241,1.0000000000005296
0.9892029304603124,0.0,0.044590458673210584,0.0,-0.7044328413924971,0.0,2.1639144877535457,2.998106767845142,1.000000000001134
0.9892212411950513,0.0,0.044497592032846915,0.0,-0.7052328413924971,0.0,2.1626873170410463,2.9981163475062074,1.000001326744214
0.9892393491316721,0.0,0.04440498458634507,0.0,-0.7060328413924971,0.0,2.1614636781601675,2.99812605963315,1.0000000000011837
0.9892572560944767,0.0,0.04431263578182919,0.0,-0.7068328413924971,0.0,2.1602435654190852,2.9981359023754295,1.0000019776388749
0.9892749638924739,0.0,0.044220545062913855,0.0,-0.7076328413924972,0.0,2.15902697305653,2.9981458739001017,1.000000000001416
0.9892924743194834,0.0,0.04412871186882551,0.0,-0.7084328413924972,0.0,2.157813895243289,2.998155972391676,1.0000000000015319
0.989309789154239,0.0,0.04403713563452216,0.0,-0.7092328413924972,0.0,2.15660432608366,2.998166196051968,1.0000000000041747
0.9893269101604937,0.0,0.04394581579081121,0.0,-0.7100328413924972,0.0,2.155398259616899,2.998176543099954,1.000000000000922
0.9893438390871229,0.0,0.04385475176446538,0.0,-0.7108328413924972,0.0,2.1541956898186547,2.998187011771627,1.0000017693794991
0.9893605776682287,0.0,0.04376394297833661,0.0,-0.7116328413924973,0.0,2.1529966106023695,2.99819760031986,1.0000000000010039
0.9893771276232434,0.0,0.04367338885146873,0.0,-0.7124328413924973,0.0,2.151801015820667,2.9982083070142522,1.0000015512504523
0.9893934906570332,0.0,0.04358308879920777,0.0,-0.7132328413924973,0.0,2.150608899266736,2.998219130140998,1.0000000000009797
0.9894096684600008,0.0,0.043493042233310575,0.0,-0.7140328413924973,0.0,2.149420254675659,2.9982300680027407,1.0000000000024587
0.9894256627081899,0.0,0.04340324856205238,0.0,-0.7148328413924974,0.0,2.1482350757257707,2.9982411189184335,1.00000000000119
0.9894414750633868,0.0,0.04331370719033139,0.0,-0.7156328413924974,0.0,2.1470533560399487,2.9982522812232015,1.0000000000018947
0.9894571071732244,0.0,0.04322441751977298,0.0,-0.7164328413924974,0.0,2.1458750891869274,2.9982635532682047,1.0000000000007339
0.9894725606712838,0.0,0.04313537894883141,0.0,-0.7172328413924974,0.0,2.1447002686825667,2.9982749334204963,1.0000002998961972
0.9894878371771968,0.0,0.0430465908728901,0.0,-0.7180328413924975,0.0,2.1435288879911205,2.9982864200628896,1.0000022661943488
0.9895029382967481,0.0,0.04295805268436042,0.0,-0.7188328413924975,0.0,2.1423609405264705,2.998298011593823,1.0000000000039133
0.9895178656219771,0.0,0.042869763772778485,0.0,-0.7196328413924975,0.0,2.1411964196533537,2.9983097064272224,1.0000000000007978
0.9895326207312792,0.0,0.04278172352490083,0.0,-0.7204328413924975,0.0,2.140035318688579,2.9983215029923675,0.9999999999998617
0.9895472051895069,0.0,0.042693931324798165,0.0,-0.7212328413924975,0.0,2.138877630902204,2.998333399733762,1.0000000000003657
0.9895616205480706,0.0,0.04260638655394778,0.0,-0.7220328413924976,0.0,2.1377233495187244,2.9983453951109973,1.0000019575846135
0.9895758683450395,0.0,0.04251908859132413,0.0,-0.7228328413924976,0.0,2.1365724677182163,2.998357487598623,1.0000000000024387
0.9895899501052411,0.0,0.04243203681348835,0.0,-0.7236328413924976,0.0,2.1354249786374893,2.998369675686016,1.0000023146455783
0.9896038673403618,0.0,0.04234523059467591,0.0,-0.7244328413924976,0.0,2.134280875371202,2.9983819578772515,1.000000000001605
0.9896176215490465,0.0,0.04225866930688281,0.0,-0.7252328413924977,0.0,2.133140150972973,2.9983943326909714,0.9999999999998878
0.9896312142169964,0.0,0.04217235231995057,0.0,-0.7260328413924977,0.0,2.132002798456477,2.998406798660263,1.000000000000317
0.9896446468170695,0.0,0.042086279001649525,0.0,-0.7268328413924977,0.0,2.1308688107965086,2.9984193543325217,1.0000013368374736
0.9896579208093779,0.0,0.042000448717760944,0.0,-0.7276328413924977,0.0,2.1297381809300577,2.9984319982693335,1.0000000000007887
0.989671037641385,0.0,0.041914860832157466,0.0,-0.7284328413924978,0.0,2.1286109017573462,2.9984447290463456,1.0000000000005966
0.9896839987480063,0.0,0.04182951470688223,0.0,-0.7292328413924978,0.0,2.1274869661428517,2.9984575452531432,1.000000589299338
0.989696805551702,0.0,0.04174440970222692,0.0,-0.7300328413924978,0.0,2.1263663669163306,2.998470445493126,1.0000000000019817
0.9897094594625778,0.0,0.04165954517680816,0.0,-0.7308328413924978,0.0,2.1252490968738145,2.998483428383385,1.0000000000009108
0.9897219618784789,0.0,0.04157492048764263,0.0,-0.7316328413924978,0.0,2.124135148778593,2.9984964925545774,1.0000000000009113
0.9897343141850868,0.0,0.041490534990220936,0.0,-0.7324328413924979,0.0,2.1230245153621805,2.998509636650812,1.0000003099051895
0.9897465177560135,0.0,0.04140638803858014,0.0,-0.7332328413924979,0.0,2.121917189325281,2.998522859329526,0.9999999999998477
0.9897585739528998,0.0,0.0413224789853751,0.0,-0.7340328413924979,0.0,2.1208131633387075,2.9985361592613646,1.0000005351963375
0.9897704841255044,0.0,0.04123880718194861,0.0,-0.7348328413924979,0.0,2.119712430044338,2.9985495351300626,1.0000000000012648
0.9897822496118039,0.0,0.04115537197839978,0.0,-0.735632841392498,0.0,2.1186149820559956,2.9985629856323306,1.0000000000004776
0.989793871738083,0.0,0.04107217272365208,0.0,-0.736432841392498,0.0,2.1175208119603712,2.998576509477733,1.0000000000005327
0.9898053518190273,0.0,0.04098920876551951,0.0,-0.737232841392498,0.0,2.1164299123178965,2.9985901053885744,1.0000000000007692
0.9898166911578186,0.0,0.04090647945077156,0.0,-0.738032841392498,0.0,2.1153422756636133,2.9986037720997887,1.000000000001483
0.9898278910462243,0.0,0.04082398412519756,0.0,-0.738832841392498,0.0,2.1142578945080377,2.9986175083588185,1.0000000000028433
0.9898389527646916,0.0,0.040741722133669334,0.0,-0.7396328413924981,0.0,2.1131767613379986,2.9986313129255064,1.035931288319458
0.9898498775824368,0.0,0.040659692820202854,0.0,-0.7404328413924981,0.0,2.11209886861747,2.9986451845719815,1.1329777431885213
0.9898606667575368,0.0,0.04057789552801906,0.0,-0.7412328413924981,0.0,2.1110242087883915,2.9986591220825436,1.1885619361611413
0.9898713215370196,0.0,0.040496329599603025,0.0,-0.7420328413924981,0.0,2.109952774271469,2.998673124253563,1.2334002762226295
0.9898818431569542,0.0,0.04041499437676249,0.0,-0.7428328413924982,0.0,2.108884557466973,2.998687189893362,1.272523722103172
0.9898922328425386,0.0,0.040333889200685306,0.0,-0.7436328413924982,0.0,2.1078195507555106,2.9987013178221043,1.307946918542993
0.9899024918081899,0.0,0.04025301341199542,0.0,-0.7444328413924982,0.0,2.1067577464988005,2.998715506871697,1.3407183839820187
0.9899126212576317,0.0,0.04017236635080814,0.0,-0.7452328413924982,0.0,2.105699137040427,2.998729755885675,1.371466019318611
0.9899226223839827,0.0,0.040091947356784466,0.0,-0.7460328413924983,0.0,2.104643714706579,2.9987440637190974,1.4006008957256078
0.9899324963698426,0.0,0.04001175576918416,0.0,-0.7468328413924983,0.0,2.103591471806787,2.9987584292384417,1.4284093694326272
0.9899422443873798,0.0,0.039931790926917725,0.0,-0.7476328413924983,0.0,2.102542400634644,2.9987728513214993,1.4551002854839061
0.9899518675984175,0.0,0.03985205216859785,0.0,-0.7484328413924983,0.0,2.1014964934685016,2.9987873288572713,1.4808314411141863
0.989961367154518,0.0,0.03977253883258946,0.0,-0.7492328413924983,0.0,2.1004537425721823,2.998801860745867,1.5057254637848696
0.9899707441970704,0.0,0.03969325025705894,0.0,-0.7500328413924984,0.0,2.0994141401956616,2.9988164458983984,1.5298798591252165
0.9899799998573725,0.0,0.03961418578002252,0.0,-0.7508328413924984,0.0,2.098377678575731,2.998831083236883,1.553373648721744
0.9899891352567158,0.0,0.039535344739393595,0.0,-0.7516328413924984,0.0,2.0973443499366766,2.9988457716941412,1.5762719133852845
0.9899981515064697,0.0,0.03945672647302909,0.0,-0.7524328413924984,0.0,2.0963141464909207,2.9988605102136963,1.598628996803599
0.9900070497081641,0.0,0.039378330318775176,0.0,-0.7532328413924985,0.0,2.095287060439667,2.9988752977496747,1.62049082258492
0.9900158309535708,0.0,0.03930015561451181,0.0,-0.7540328413924985,0.0,2.0942630839735363,2.998890133266713,1.6418966071702155
0.9900244963247868,0.0,0.0392222016981967,0.0,-0.7548328413924985,0.0,2.093242209273181,2.9989050157398522,1.6628801504884865
0.9900330468943155,0.0,0.03914446790790786,0.0,-0.7556328413924985,0.0,2.092224428509895,2.99891994415445,1.683470824911808
0.9900414837251461,0.0,0.03906695358188619,0.0,-0.7564328413924986,0.0,2.091209733846222,2.998934917506079,1.7036943443752561
0.9900498078708355,0.0,0.03898965805857632,0.0,-0.7572328413924986,0.0,2.090198117436532,2.998949934800434,1.7235733705280256
0.9900580203755879,0.0,0.0389125806766671,0.0,-0.7580328413924986,0.0,2.0891895714276134,2.99896499505324,1.74312799617896
0.9900661222743328,0.0,0.03883572077513146,0.0,-0.7588328413924986,0.0,2.0881840879592453,2.998980097290157,1.7623761350345108
0.9900741145928054,0.0,0.03875907769326492,0.0,-0.7596328413924986,0.0,2.0871816591647425,2.9989952405466824,1.7813338389873112
0.990081998347622,0.0,0.03868265077072377,0.0,-0.7604328413924987,0.0,2.0861822771715213,2.9990104238680715,1.8000155587417113
0.9900897745463623,0.0,0.03860643934756224,0.0,-0.7612328413924987,0.0,2.0851859341016366,2.999025646309234,1.8184343596161423
0.9900974441876409,0.0,0.038530442764269056,0.0,-0.7620328413924987,0.0,2.0841926220723104,2.9990409069346544,1.8366021016211942
0.990105008261188,0.0,0.0384546603618032,0.0,-0.7628328413924987,0.0,2.083202333196466,2.999056204818293,1.8545295907118489
0.9901124677479227,0.0,0.03837909148162885,0.0,-0.7636328413924988,0.0,2.082215059583228,2.999071539043503,1.8722267066943667
0.9901198236200309,0.0,0.03830373546574964,0.0,-0.7644328413924988,0.0,2.081230793338438,2.999086908702944,1.8897025119990216
0.9901270768410383,0.0,0.03822859165674223,0.0,-0.7652328413924988,0.0,2.0802495265651464,2.9991023128984904,1.9069653447058492
0.9901342283658849,0.0,0.03815365939778926,0.0,-0.7660328413924988,0.0,2.0792712513641054,2.9991177507411475,1.9240228984945005
0.9901412791410005,0.0,0.03807893803271135,0.0,-0.7668328413924989,0.0,2.0782959598342385,2.9991332213509647,1.9408822917285904
0.9901482301043755,0.0,0.03800442690599872,0.0,-0.7676328413924989,0.0,2.0773236440731213,2.9991487238569516,1.9575501273578042
0.9901550821856355,0.0,0.03793012536284187,0.0,-0.7684328413924989,0.0,2.0763542961774433,2.9991642573969965,1.9740325451340708
0.990161836306114,0.0,0.03785603274916181,0.0,-0.7692328413924989,0.0,2.075387908243451,2.9991798211177763,1.9903352672734949
0.9901684933789213,0.0,0.03778214841163951,0.0,-0.770032841392499,0.0,2.0744244723674092,2.9991954141746806,2.0064636385536687
0.9901750543090192,0.0,0.03770847169774477,0.0,-0.770832841392499,0.0,2.0734639806460295,2.999211035731725,2.022422661639489
0.9901815199932889,0.0,0.037635001955764434,0.0,-0.771632841392499,0.0,2.072506425176902,2.9992266849614753,2.038217028305873
0.9901878913206021,0.0,0.03756173853483006,0.0,-0.772432841392499,0.0,2.0715517980589233,2.9992423610449594,2.053851147140639
0.9901941691718916,0.0,0.037488680784944724,0.0,-0.773232841392499,0.0,2.070600091392704,2.999258063171594,2.069329168167997
0.9902003544202185,0.0,0.03741582805700965,0.0,-0.7740328413924991,0.0,2.06965129728098,2.9992737905391023,2.0846550048255494
0.9902064479308419,0.0,0.03734317970284986,0.0,-0.7748328413924991,0.0,2.068705407829011,2.999289542353437,2.099832353610159
0.9902124505612869,0.0,0.037270735075239356,0.0,-0.7756328413924991,0.0,2.0677624151449754,2.9993053178287035,2.114864711702724
0.9902183631614111,0.0,0.037198493527926,0.0,-0.7764328413924991,0.0,2.066822311340356,2.9993211161870783,2.129755392793935
0.9902241865734736,0.0,0.037126454415655236,0.0,-0.7772328413924992,0.0,2.06588508853031,2.9993369366587395,2.14450754136836
0.9902299216321993,0.0,0.03705461709419395,0.0,-0.7780328413924992,0.0,2.0649507388340558,2.999352778481785,2.159124145581106
0.9902355691648459,0.0,0.03698298092035327,0.0,-0.7788328413924992,0.0,2.064019254375217,2.9993686409021616,2.173608048909814
0.9902411299912698,0.0,0.03691154525201119,0.0,-0.7796328413924992,0.0,2.063090627282197,2.999384523173587,2.1879619607332774
0.9902466049239891,0.0,0.036840309448134226,0.0,-0.7804328413924992,0.0,2.0621648496885245,2.999400424557483,2.202188465933362
0.9902519947682504,0.0,0.03676927286879902,0.0,-0.7812328413924993,0.0,2.061241913733191,2.9994163443228934,2.2162900336357483
0.9902573003220919,0.0,0.03669843487521322,0.0,-0.7820328413924993,0.0,2.0603218115609976,2.9994322817464187,2.2302690251759976
0.9902625223764054,0.0,0.03662779482973585,0.0,-0.7828328413924993,0.0,2.0594045353228796,2.9994482361121415,2.2441277013822933
0.9902676617150016,0.0,0.03655735209589711,0.0,-0.7836328413924993,0.0,2.0584900771762364,2.999464206711556,2.2578682292381824
0.9902727191146703,0.0,0.03648710603841801,0.0,-0.7844328413924994,0.0,2.0575784292852406,2.9994801928434973,2.2714926879764175
0.9902776953452442,0.0,0.0364170560232291,0.0,-0.7852328413924994,0.0,2.05666958382116,2.999496193814073,2.285003074694877
0.9902825911696583,0.0,0.03634720141748913,0.0,-0.7860328413924994,0.0,2.055763532962663,2.9995122089365918,2.2984013094884945
0.9902874073440133,0.0,0.036277541589602814,0.0,-0.7868328413924994,0.0,2.0548602688961113,2.999528237531499,2.3116892402018183
0.9902921446176333,0.0,0.03620807590923858,0.0,-0.7876328413924994,0.0,2.0539597838158574,2.9995442789263045,2.324868646787547
0.9902968037331276,0.0,0.036138803747345835,0.0,-0.7884328413924995,0.0,2.0530620699245397,2.999560332455514,2.337941245343408
0.99030138542645,0.0,0.036069724476171086,0.0,-0.7892328413924995,0.0,2.0521671194333524,2.9995763974605727,2.3509086918357975
0.9903058904269574,0.0,0.03600083746927477,0.0,-0.7900328413924995,0.0,2.051274924562335,2.9995924732897863,2.363772585547446
0.9903103194574675,0.0,0.035932142101546834,0.0,-0.7908328413924995,0.0,2.0503854775406327,2.999608559298263,2.3765344722686588
0.990314673234319,0.0,0.035863637749222056,0.0,-0.7916328413924996,0.0,2.0494987706067733,2.999624654847848,2.3891958472650776
0.9903189524674261,0.0,0.03579532378989516,0.0,-0.7924328413924996,0.0,2.0486147960089167,2.9996407593070598,2.4017581580236462
0.9903231578603386,0.0,0.03572719960253539,0.0,-0.7932328413924996,0.0,2.0477335460051167,2.9996568720510224,2.4142228068100366
0.9903272901102967,0.0,0.03565926456750069,0.0,-0.7940328413924996,0.0,2.0468550128635727,2.999672992461406,2.426591153051286
0.9903313499082873,0.0,0.035591518066551434,0.0,-0.7948328413924997,0.0,2.045979188862865,2.9996891199263658,2.4388645155483895
0.9903353379391007,0.0,0.035523959482864055,0.0,-0.7956328413924997,0.0,2.0451060662922065,2.9997052538404754,2.451044174549087
0.9903392548813836,0.0,0.03545658820104393,0.0,-0.7964328413924997,0.0,2.044235637451666,2.99972139360467,2.463131373667832
0.9903431014076965,0.0,0.03538940360713804,0.0,-0.7972328413924997,0.0,2.0433678946524076,2.999737538626184,2.4751273217022476
0.9903468781845668,0.0,0.035322405088647424,0.0,-0.7980328413924997,0.0,2.0425028302169057,2.9997536883184885,2.4870331943058024
0.9903505858725419,0.0,0.03525559203453899,0.0,-0.7988328413924998,0.0,2.0416404364791774,2.9997698421012378,2.4988501355748385
0.9903542251262436,0.0,0.035188963835257374,0.0,-0.7996328413924998,0.0,2.040780705784983,2.9997859994002014,2.510579259526084
0.9903577965944207,0.0,0.035122519882735855,0.0,-0.8004328413924998,0.0,2.0399236304920483,2.9998021596472157,2.5222216514772056
0.9903613009200012,0.0,0.035056259570407575,0.0,-0.8012328413924998,0.0,2.039069202970266,2.9998183222801194,2.5337783693588407
0.9903647387401452,0.0,0.03499018229321607,0.0,-0.8020328413924999,0.0,2.038217415601896,2.9998344867426936,2.5452504449248203
0.9903681106862953,0.0,0.03492428744762542,0.0,-0.8028328413924999,0.0,2.037368260781767,2.9998506524846156,2.556638884911804
0.9903714173842284,0.0,0.03485857443163042,0.0,-0.8036328413924999,0.0,2.0365217309174652,2.999866818961392,2.567944672115808
0.9903746594541074,0.0,0.03479304264476599,0.0,-0.8044328413924999,0.0,2.0356778184295203,2.999882985634305,2.5791687664089005
0.9903778375105293,0.0,0.03472769148811665,0.0,-0.8052328413925,0.0,2.034836515751598,2.9998991519703644,2.5903121057006935
0.9903809521625767,0.0,0.034662520364325544,0.0,-0.8060328413925,0.0,2.0339978153306726,2.999915317442242,2.601375606842674
0.9903840040138672,0.0,0.03459752867760312,0.0,-0.8068328413925,0.0,2.033161709627206,2.9999314815282254,2.612360166481498
0.9903869936626015,0.0,0.03453271583373548,0.0,-0.8076328413925,0.0,2.0323281911153175,2.999947643712161,2.6232666618638842
0.9903899217016128,0.0,0.03446808124009282,0.0,-0.8084328413925,0.0,2.0314972522829526,2.9999638034834,2.634095951599344
0.9903927887184143,0.0,0.03440362430563693,0.0,-0.8092328413925001,0.0,2.0306688856320547,2.999979960336748,2.644848876380814
0.9903955952952482,0.0,0.03433934444092901,0.0,-0.8100328413925001,0.0,2.029843083678704,2.9999961137724123,2.6555262596654563
0.9903983420091316,0.0,0.03427524105813699,0.0,-0.8108328413925001,0.0,2.0290198389532974,3.0000122632959467,2.6661289083217476
0.9904010294319039,0.0,0.03421131357104236,0.0,-0.8116328413925001,0.0,2.02819914400069,3.0000284084182076,2.676657613237661
0.9904036581302743,0.0,0.034147561395047314,0.0,-0.8124328413925002,0.0,2.027380991380342,3.0000445486552914,2.6871131499029177
0.9904062286658667,0.0,0.034083983947180874,0.0,-0.8132328413925002,0.0,2.026565373666463,3.0000606835284986,2.6974962789623484
0.9904087415952652,0.0,0.034020580646105573,0.0,-0.8140328413925002,0.0,2.0257522834481683,3.000076812564272,2.7078077467296944
0.9904111974700612,0.0,0.03395735091212307,0.0,-0.8148328413925002,0.0,2.024941713329597,3.000092935294152,2.718048285692204
0.9904135968368964,0.0,0.033894294167180275,0.0,-0.8156328413925003,0.0,2.0241336559300587,3.000109051254732,2.728218614977268
0.9904159402375093,0.0,0.03383140983487473,0.0,-0.8164328413925003,0.0,2.023328103884159,3.0001251599875998,2.738319440805061
0.9904182282087769,0.0,0.033768697340459855,0.0,-0.8172328413925003,0.0,2.022525049841935,3.0001412610392997,2.7483514569101253
0.9904204612827605,0.0,0.03370615611085025,0.0,-0.8180328413925003,0.0,2.0217244864689676,3.000157353961278,2.758315344950957
0.9904226399867484,0.0,0.0336437855746262,0.0,-0.8188328413925003,0.0,2.020926406446519,3.0001734383098397,2.7682117748986896
0.990424764843299,0.0,0.03358158516203874,0.0,-0.8196328413925004,0.0,2.020130802471635,3.0001895136461005,2.778041405400618
0.9904268363702835,0.0,0.033519554305013674,0.0,-0.8204328413925004,0.0,2.019337667257266,3.0002055795359412,2.78780488413977
0.9904288550809269,0.0,0.033457692437156,0.0,-0.8212328413925004,0.0,2.0185469935323885,3.000221635549959,2.7975028481644855
0.9904308214838526,0.0,0.033395998993753784,0.0,-0.8220328413925004,0.0,2.0177587740420933,3.000237681263431,2.807135924212144
0.990432736083121,0.0,0.033334473411782035,0.0,-0.8228328413925005,0.0,2.016973001547715,3.0002537162562546,2.8167047290163367
0.9904345993782728,0.0,0.03327311512990617,0.0,-0.8236328413925005,0.0,2.016189668826913,3.0002697401129175,2.8262098695951208
0.9904364118643685,0.0,0.03321192358848548,0.0,-0.8244328413925005,0.0,2.015408768673792,3.0002857524224447,2.8356519435395815
0.990438174032029,0.0,0.03315089822957631,0.0,-0.8252328413925005,0.0,2.01463029389898,3.000301752778359,2.8450315392706855
0.9904398863674766,0.0,0.03309003849693501,0.0,-0.8260328413925005,0.0,2.0138542373297357,3.0003177407786374,2.8543492363060228
0.9904415493525736,0.0,0.03302934383602085,0.0,-0.8268328413925006,0.0,2.0130805918100347,3.000333716025663,2.8636056055015984
0.9904431634648616,0.0,0.03296881369399839,0.0,-0.8276328413925006,0.0,2.0123093502006646,3.000349678126193,2.872801209282054
0.9904447291776021,0.0,0.03290844751974026,0.0,-0.8284328413925006,0.0,2.0115405053792994,3.0003656266913064,2.881936601876488
0.9904462469598135,0.0,0.03284824476382918,0.0,-0.8292328413925006,0.0,2.010774050240594,3.0003815613363676,2.8910123295273156
0.9904477172763092,0.0,0.03278820487856019,0.0,-0.8300328413925007,0.0,2.010009977696259,3.000397481680986,2.9000289307001132
0.9904491405877379,0.0,0.03272832731794246,0.0,-0.8308328413925007,0.0,2.0092482806751493,3.00041338734897,2.9089869362850926
0.9904505173506178,0.0,0.03266861153770118,0.0,-0.8316328413925007,0.0,2.0084889521233213,3.000429277968294,2.9178868697841596
0.9904518480173772,0.0,0.03260905699527905,0.0,-0.8324328413925007,0.0,2.0077319850041246,3.0004451531710536,2.926729247498989
0.9904531330363894,0.0,0.032549663149837794,0.0,-0.8332328413925008,0.0,2.006977372298267,3.000461012593422,2.935514578709344
0.99045437285201,0.0,0.03249042946225931,0.0,-0.8340328413925008,0.0,2.0062251070038744,3.0004768558756223,2.9442433658331493
0.9904555679046129,0.0,0.03243135539514703,0.0,-0.8348328413925008,0.0,2.0054751821365757,3.0004926826618767,2.9529161046066266
0.990456718630627,0.0,0.03237244041282662,0.0,-0.8356328413925008,0.0,2.0047275907295505,3.0005084926003764,2.9615332842279964
0.9904578254625714,0.0,0.03231368398134697,0.0,-0.8364328413925008,0.0,2.0039823258335976,3.000524285343237,2.9700953875126244
0.9904588888290894,0.0,0.03225508556848091,0.0,-0.8372328413925009,0.0,2.0032393805171944,3.0005400605464674,2.9786028910452367
0.990459909154987,0.0,0.03219664464372562,0.0,-0.8380328413925009,0.0,2.0024987478665537,3.000555817869925,2.9870562653155575
0.9904608868612635,0.0,0.032138360678303106,0.0,-0.8388328413925009,0.0,2.001760420985684,3.0005715569772833,2.995455974853758
0.990461822365149,0.0,0.032080233145160446,0.0,-0.8396328413925009,0.0,2.0010243929964266,3.000587277535997,3.003802478362137
0.990462716080136,0.0,0.032022261518969974,0.0,-0.840432841392501,0.0,2.000290657038533,3.0006029792172617,3.012096228845968
0.990463568416016,0.0,0.03196444527612923,0.0,-0.841232841392501,0.0,1.9995592062696868,3.0006186616959747,3.020337673730274
0.9904643797789106,0.0,0.03190678389476082,0.0,-0.842032841392501,0.0,1.9988300338655716,3.0006343246507092,3.0285272549827456
0.9904651505713051,0.0,0.0318492768547122,0.0,-0.842832841392501,0.0,1.9981031330199024,3.0006499677636707,3.0366654092198146
0.9904658811920827,0.0,0.03179192363755535,0.0,-0.843632841392501,0.0,1.997378496944479,3.000665590720664,3.0447525678267486
0.9904665720365551,0.0,0.031734723726586075,0.0,-0.8444328413925011,0.0,1.9966561188692165,3.0006811932110624,3.05278915705694
0.9904672234964961,0.0,0.03167767660682376,0.0,-0.8452328413925011,0.0,1.9959359920422002,3.0006967749277673,3.0607755981389957
0.990467835960174,0.0,0.0316207817650102,0.0,-0.8460328413925011,0.0,1.9952181097297024,3.000712335567178,3.0687123073751224
0.9904684098123813,0.0,0.031564038689609206,0.0,-0.8468328413925011,0.0,1.9945024652162369,3.0007278748291566,3.0765996962356867
0.9904689454344681,0.0,0.031507446870805235,0.0,-0.8476328413925012,0.0,1.9937890518045882,3.0007433924169957,3.0844381714578035
0.990469443204372,0.0,0.03145100580050268,0.0,-0.8484328413925012,0.0,1.9930778628158328,3.0007588880373848,3.0922281351306697
0.9904699034966502,0.0,0.0313947149723245,0.0,-0.8492328413925012,0.0,1.9923688915893836,3.0007743614003775,3.0999699847844857
0.9904703266825083,0.0,0.031338573881611,0.0,-0.8500328413925012,0.0,1.9916621314830172,3.0007898122193586,3.1076641134790823
0.9904707131298318,0.0,0.031282582025418525,0.0,-0.8508328413925013,0.0,1.9909575758728872,3.0008052402110126,3.1153109098860083
0.9904710632032162,0.0,0.031226738902517915,0.0,-0.8516328413925013,0.0,1.9902552181535724,3.000820645095293,3.122910758360511
0.9904713772639954,0.0,0.031171044013392997,0.0,-0.8524328413925013,0.0,1.9895550517380782,3.0008360265953877,3.1304640390282494
0.9904716556702732,0.0,0.031115496860238873,0.0,-0.8532328413925013,0.0,1.9888570700578763,3.0008513844376914,3.1379711278599838
0.9904718987769504,0.0,0.03106009694696022,0.0,-0.8540328413925014,0.0,1.9881612665629163,3.0008667183517725,3.1454323967402353
0.9904721069357556,0.0,0.031004843779169407,0.0,-0.8548328413925014,0.0,1.9874676347216462,3.000882028070343,3.1528482135413074
0.990472280495272,0.0,0.030949736864184656,0.0,-0.8556328413925014,0.0,1.9867761680210354,3.0008973133292276,3.16021894219318
0.9904724198009672,0.0,0.030894775711027823,0.0,-0.8564328413925014,0.0,1.9860868599665829,3.0009125738673372,3.1675449427455318
0.9904725251952214,0.0,0.030839959830422523,0.0,-0.8572328413925014,0.0,1.98539970408234,3.000927809426633,3.174826571445799
0.9904725970173536,0.0,0.0307852887347919,0.0,-0.8580328413925015,0.0,1.9847146939109217,3.000943019752102,3.1820641807831964
0.9904726356036513,0.0,0.030730761938256163,0.0,-0.8588328413925015,0.0,1.984031823013516,3.000958204591726,3.189258119570433
0.9904726412873965,0.0,0.03067637895663057,0.0,-0.8596328413925015,0.0,1.983351084969899,3.0009733636964504,3.1964087329885773
0.9904726143988939,0.0,0.030622139307422698,0.0,-0.8604328413925015,0.0,1.9826724733784384,3.0009884968201623,3.203516362655919
0.990472555265496,0.0,0.030568042509830133,0.0,-0.8612328413925016,0.0,1.9819959818561135,3.0010036037196564,3.2105813466813826
0.9904724642116318,0.0,0.030514088084737823,0.0,-0.8620328413925016,0.0,1.981321604038505,3.001018684154609,3.217604019717147
0.990472341558832,0.0,0.030460275554715484,0.0,-0.8628328413925016,0.0,1.9806493335798183,3.0010337378875485,3.2245847130166707
0.9904721876257555,0.0,0.030406604444014818,0.0,-0.8636328413925016,0.0,1.9799791641528761,3.0010487646838317,3.2315237544877498
0.9904720027282149,0.0,0.030353074278566886,0.0,-0.8644328413925016,0.0,1.979311089449127,3.001063764311609,3.2384214687425077
0.9904717871792025,0.0,0.03029968458597905,0.0,-0.8652328413925017,0.0,1.9786451031786438,3.0010787365418063,3.2452781771421773
0.9904715412889157,0.0,0.03024643489553216,0.0,-0.8660328413925017,0.0,1.977981199070132,3.001093681148097,3.252094197861419
0.9904712653647828,0.0,0.03019332473817765,0.0,-0.8668328413925017,0.0,1.977319370870917,3.0011085979068666,3.258869845919079
0.9904709597114868,0.0,0.030140353646534338,0.0,-0.8676328413925017,0.0,1.9766596123469566,3.001123486597197,3.2656054332342905
0.9904706246309903,0.0,0.030087521154885534,0.0,-0.8684328413925018,0.0,1.9760019172828316,3.0011383470008335,3.2723012686683015
0.9904702604225615,0.0,0.030034826799175598,0.0,-0.8692328413925018,0.0,1.9753462794817387,3.001153178902167,3.2789576580721467
0.9904698673827963,0.0,0.02998227011700711,0.0,-0.8700328413925018,0.0,1.9746926927654933,3.0011679820881945,3.2855749043268094
0.9904694458056438,0.0,0.02992985064763716,0.0,-0.8708328413925018,0.0,1.9740411509745177,3.0011827563485123,3.292153307390497
0.9904689959824303,0.0,0.029877567931974335,0.0,-0.8716328413925019,0.0,1.9733916479678433,3.0011975014752754,3.2986931643315365
0.9904685182018818,0.0,0.02982542151257529,0.0,-0.8724328413925019,0.0,1.9727441776230905,3.0012122172631814,3.3051947693758863
0.9904680127501483,0.0,0.029773410933641123,0.0,-0.8732328413925019,0.0,1.972098733836471,3.0012269035094405,3.311658413948308
0.9904674799108263,0.0,0.0297215357410142,0.0,-0.8740328413925019,0.0,1.9714553105227728,3.0012415600137596,3.3180843867033287
0.9904669199649829,0.0,0.029669795482174337,0.0,-0.874832841392502,0.0,1.9708139016153494,3.0012561865783063,3.324472973569491
0.990466333191177,0.0,0.029618189706235344,0.0,-0.875632841392502,0.0,1.970174501066112,3.001270783007697,3.330824457783722
0.9904657198654843,0.0,0.029566717963941457,0.0,-0.876432841392502,0.0,1.9695371028455109,3.0012853491089615,3.337139119929351
0.9904650802615156,0.0,0.029515379807663552,0.0,-0.877232841392502,0.0,1.9689017009425325,3.001299884691533,3.343417237969674
0.9904644146504432,0.0,0.02946417479139549,0.0,-0.878032841392502,0.0,1.9682682893646744,3.001314389567213,3.349659087283686
0.9904637233010207,0.0,0.029413102470750303,0.0,-0.8788328413925021,0.0,1.967636862137935,3.0013288635501545,3.3558649407010592
0.9904630064796052,0.0,0.029362162402956426,0.0,-0.8796328413925021,0.0,1.9670074133067976,3.00134330645684,3.3620350685330425
0.9904622644501778,0.0,0.029311354146853954,0.0,-0.8804328413925021,0.0,1.9663799369342159,3.0013577181060533,3.3681697386082328
0.9904614974743672,0.0,0.029260677262890503,0.0,-0.8812328413925021,0.0,1.9657544271015925,3.001372098318865,3.374269216299999
0.9904607058114684,0.0,0.02921013131311758,0.0,-0.8820328413925022,0.0,1.9651308779087628,3.0013864469186036,3.380333764566579
0.9904598897184651,0.0,0.029159715861186417,0.0,-0.8828328413925022,0.0,1.9645092834739768,3.001400763730839,3.3863636439678824
0.9904590494500506,0.0,0.02910943047234408,0.0,-0.8836328413925022,0.0,1.9638896379338797,3.001415048583352,3.3923591127112886
0.9904581852586472,0.0,0.02905927471342933,0.0,-0.8844328413925022,0.0,1.963271935443485,3.001429301306131,3.3983204266677416
0.9904572973944276,0.0,0.02900924815286873,0.0,-0.8852328413925022,0.0,1.9626561701761671,3.0014435217313267,3.4042478394118856
0.9904563861053347,0.0,0.028959350360672438,0.0,-0.8860328413925023,0.0,1.9620423363236184,3.0014577096932498,3.410141602241927
0.9904554516371014,0.0,0.028909580908430047,0.0,-0.8868328413925023,0.0,1.9614304280958486,3.0014718650283445,3.4160019642113255
0.9904544942332711,0.0,0.028859939369306465,0.0,-0.8876328413925023,0.0,1.9608204397211502,3.0014859875751627,3.4218291721577274
0.9904535141352167,0.0,0.028810425318037767,0.0,-0.8884328413925023,0.0,1.960212365446074,3.001500077174352,3.427623470723816
0.99045251158216,0.0,0.028761038330926934,0.0,-0.8892328413925024,0.0,1.959606199535405,3.001514133668628,3.4333851023917665
0.9904514868111918,0.0,0.028711777985839567,0.0,-0.8900328413925024,0.0,1.9590019362721445,3.0015281569027614,3.4391143075032318
0.9904504400572895,0.0,0.0286626438621997,0.0,-0.8908328413925024,0.0,1.9583995699574734,3.0015421467235512,3.4448113242864498
0.9904493715533383,0.0,0.028613635540985373,0.0,-0.8916328413925024,0.0,1.9577990949107293,3.001556102979811,3.4504763888821004
0.9904482815301473,0.0,0.028564752604724433,0.0,-0.8924328413925025,0.0,1.9572005054693875,3.0015700255223443,3.4561097353665997
0.9904471702164704,0.0,0.02851599463749013,0.0,-0.8932328413925025,0.0,1.956603795989022,3.0015839142039296,3.461711595778392
0.9904460378390225,0.0,0.028467361224896768,0.0,-0.8940328413925025,0.0,1.956008960843281,3.0015977688792983,3.4672822001360637
0.9904448846225007,0.0,0.028418851954095183,0.0,-0.8948328413925025,0.0,1.9554159944238627,3.0016115894051154,3.472821776468527
0.9904437107895988,0.0,0.028370466413768447,0.0,-0.8956328413925025,0.0,1.9548248911404777,3.001625375639967,3.4783305508354805
0.9904425165610276,0.0,0.028322204194127485,0.0,-0.8964328413925026,0.0,1.95423564542083,3.001639127444333,3.4838087473479833
0.9904413021555328,0.0,0.028274064886906387,0.0,-0.8972328413925026,0.0,1.9536482517105702,3.0016528446805713,3.4892565881909867
0.9904400677899108,0.0,0.028226048085358182,0.0,-0.8980328413925026,0.0,1.9530627044732902,3.001666527212906,3.4946742936476514
0.9904388136790279,0.0,0.028178153384250042,0.0,-0.8988328413925026,0.0,1.952478998190456,3.0016801749074022,3.500062082117882
0.990437540035836,0.0,0.028130380379859155,0.0,-0.8996328413925027,0.0,1.9518971273614152,3.001693787631947,3.505420170141322
0.9904362470713909,0.0,0.02808272866996779,0.0,-0.9004328413925027,0.0,1.9513170865033305,3.0017073652562396,3.510748772416584
0.9904349349948689,0.0,0.02803519785385901,0.0,-0.9012328413925027,0.0,1.950738870151173,3.0017209076517677,3.516048101823559
0.9904336040135834,0.0,0.027987787532311955,0.0,-0.9020328413925027,0.0,1.9501624728576719,3.00173441469179,3.521318369439526
0.9904322543330013,0.0,0.02794049730759736,0.0,-0.9028328413925027,0.0,1.9495878891932836,3.001747886251322,3.5265597845636294
0.9904308861567603,0.0,0.02789332678347281,0.0,-0.9036328413925028,0.0,1.9490151137461698,3.00176132220712,3.5317725547347494
0.9904294996866843,0.0,0.027846275565178394,0.0,-0.9044328413925028,0.0,1.9484441411221474,3.001774722437657,3.5369568857467018
0.9904280951228006,0.0,0.02779934325943171,0.0,-0.9052328413925028,0.0,1.947874965944654,3.0017880868231144,3.542112981672677
0.9904266726633542,0.0,0.027752529474423564,0.0,-0.9060328413925028,0.0,1.9473075828547293,3.001801415245361,3.5472410448826954
0.9904252325048256,0.0,0.027705833819813112,0.0,-0.9068328413925029,0.0,1.9467419865109648,3.0018147075879367,3.5523412760574904
0.9904237748419459,0.0,0.02765925590672322,0.0,-0.9076328413925029,0.0,1.946178171589463,3.001827963736038,3.5574138742118215
0.9904222998677115,0.0,0.027612795347735895,0.0,-0.9084328413925029,0.0,1.9456161327838186,3.001841183576502,3.5624590367067426
0.9904208077734007,0.0,0.02756645175688754,0.0,-0.9092328413925029,0.0,1.9450558648050658,3.0018543669977853,3.567476959272044
0.9904192987485883,0.0,0.027520224749664153,0.0,-0.910032841392503,0.0,1.9444973623816546,3.001867513889958,3.5724678360231756
0.990417772981161,0.0,0.027474113942996783,0.0,-0.910832841392503,0.0,1.943940620259391,3.0018806241446776,3.5774318594740055
0.9904162306573328,0.0,0.027428118955256733,0.0,-0.911632841392503,0.0,1.9433856332014297,3.001893697655183,3.582369220555792
0.9904146719616591,0.0,0.02738223940625092,0.0,-0.912432841392503,0.0,1.9428323959882066,3.0019067343162686,3.5872801086350865
0.9904130970770524,0.0,0.027336474917216972,0.0,-0.913232841392503,0.0,1.9422809034174207,3.00191973402428,3.5921647115276305
0.9904115061847946,0.0,0.027290825110818765,0.0,-0.9140328413925031,0.0,1.9417311503039878,3.001932696677092,3.5970232155145494
0.990409899464556,0.0,0.027245289611141334,0.0,-0.9148328413925031,0.0,1.941183131479995,3.0019456221740963,3.601855805360613
0.9904082770944049,0.0,0.02719986804368646,0.0,-0.9156328413925031,0.0,1.9406368417946762,3.001958510416185,3.6066626643243214
0.9904066392508242,0.0,0.027154560035367762,0.0,-0.9164328413925031,0.0,1.940092276114354,3.0019713613057375,3.611443974182124
0.9904049861087254,0.0,0.02710936521450588,0.0,-0.9172328413925032,0.0,1.9395494293224174,3.001984174746606,3.616199915230833
0.9904033178414616,0.0,0.027064283210823825,0.0,-0.9180328413925032,0.0,1.939008296319263,3.0019969506441004,3.6209306663164136
0.9904016346208427,0.0,0.027019313655442176,0.0,-0.9188328413925032,0.0,1.9384688720222785,3.002009688904975,3.625636404837722
0.9903999366171483,0.0,0.02697445618087427,0.0,-0.9196328413925032,0.0,1.9379311513657766,3.0020223894374123,3.630317306766887
0.9903982239991402,0.0,0.02692971042102155,0.0,-0.9204328413925033,0.0,1.9373951293009668,3.0020350521510126,3.6349735466594537
0.9903964969340785,0.0,0.026885076011168595,0.0,-0.9212328413925033,0.0,1.9368608007959143,3.002047676956777,3.639605297675431
0.9903947555877326,0.0,0.026840552587978527,0.0,-0.9220328413925033,0.0,1.936328160835498,3.0020602637670937,3.644212731583264
0.9903930001243949,0.0,0.026796139789488114,0.0,-0.9228328413925033,0.0,1.935797204421363,3.002072812495729,3.6487960187805424
0.9903912307068948,0.0,0.026751837255103134,0.0,-0.9236328413925033,0.0,1.9352679265718884,3.002085323057806,3.65335532830781
0.9903894474966104,0.0,0.026707644625593326,0.0,-0.9244328413925034,0.0,1.9347403223221316,3.0020977953698007,3.657890827856921
0.990387650653483,0.0,0.026663561543087917,0.0,-0.9252328413925034,0.0,1.9342143867237995,3.0021102293495194,3.662402683787095
0.9903858403360275,0.0,0.02661958765107061,0.0,-0.9260328413925034,0.0,1.9336901148451993,3.0021226249160935,3.6668910611406482
0.9903840167013473,0.0,0.026575722594374972,0.0,-0.9268328413925034,0.0,1.9331675017711933,3.0021349819899608,3.671356123649937
0.9903821799051452,0.0,0.026531966019179495,0.0,-0.9276328413925035,0.0,1.9326465426031618,3.0021473004928563,3.675798033755293
0.990380330101737,0.0,0.026488317573002913,0.0,-0.9284328413925035,0.0,1.9321272324589567,3.002159580347798,3.680216952612816
0.9903784674440627,0.0,0.026444776904699385,0.0,-0.9292328413925035,0.0,1.9316095664728565,3.0021718214790774,3.6846130401114405
0.9903765920836987,0.0,0.02640134366445381,0.0,-0.9300328413925035,0.0,1.9310935397955251,3.0021840238122386,3.6889864548803257
0.9903747041708705,0.0,0.0263580175037769,0.0,-0.9308328413925036,0.0,1.9305791475939724,3.002196187274077,3.6933373543038748
0.9903728038544661,0.0,0.02631479807550044,0.0,-0.9316328413925036,0.0,1.9300663850514954,3.002208311792619,3.6976658945374257
0.9903708912820431,0.0,0.02627168503377268,0.0,-0.9324328413925036,0.0,1.9295552473676572,3.0022203972971138,3.7019722305083222
0.9903689665998455,0.0,0.026228678034053363,0.0,-0.9332328413925036,0.0,1.9290457297582222,3.00223244371802,3.7062565159363605
0.990367029952813,0.0,0.026185776733109047,0.0,-0.9340328413925036,0.0,1.9285378274551161,3.002244450986992,3.7105189033435084
0.9903650814845915,0.0,0.026142980789008407,0.0,-0.9348328413925037,0.0,1.9280315357063955,3.0022564190368755,3.7147595440619754
0.990363121337547,0.0,0.02610028986111731,0.0,-0.9356328413925037,0.0,1.9275268497761886,3.002268347801685,3.718978588249516
0.9903611496527754,0.0,0.026057703610094234,0.0,-0.9364328413925037,0.0,1.9270237649446518,3.0022802372166004,3.7231761848995375
0.9903591665701136,0.0,0.026015221697885442,0.0,-0.9372328413925037,0.0,1.9265222765079286,3.0022920872179535,3.7273524818457675
0.9903571722281507,0.0,0.02597284378772027,0.0,-0.9380328413925038,0.0,1.9260223797781084,3.0023038977432153,3.7315076257836437
0.99035516676424,0.0,0.02593056954410629,0.0,-0.9388328413925038,0.0,1.9255240700831726,3.0023156687309833,3.735641762273518
0.990353150314508,0.0,0.025888398632824706,0.0,-0.9396328413925038,0.0,1.925027342766959,3.002327400120982,3.7397550357524953
0.9903511230138673,0.0,0.025846330720925584,0.0,-0.9404328413925038,0.0,1.9245321931891082,3.0023390918540285,3.743847589546743
0.9903490849960257,0.0,0.025804365476723122,0.0,-0.9412328413925038,0.0,1.924038616725021,3.0023507438720465,3.74791956587827
0.9903470363934969,0.0,0.025762502569790877,0.0,-0.9420328413925039,0.0,1.923546608765815,3.002362356118043,3.751971105880446
0.9903449773376127,0.0,0.02572074167095715,0.0,-0.9428328413925039,0.0,1.9230561647182804,3.0023739285360955,3.756002349601375
0.9903429079585306,0.0,0.025679082452300276,0.0,-0.9436328413925039,0.0,1.9225672800048277,3.0023854610713503,3.7600134360178155
0.9903408283852471,0.0,0.025637524587143867,0.0,-0.9444328413925039,0.0,1.9220799500634511,3.0023969536700013,3.7640045030459546
0.9903387387456054,0.0,0.025596067750052093,0.0,-0.945232841392504,0.0,1.9215941703476707,3.00240840627929,3.767975687548243
0.9903366391663071,0.0,0.02555471161682522,0.0,-0.946032841392504,0.0,1.921109936326504,3.0024198188474864,3.7719271253436144
0.9903345297729212,0.0,0.025513455864494612,0.0,-0.946832841392504,0.0,1.9206272434844025,3.002431191323888,3.775858951218232
0.9903324106898957,0.0,0.025472300171318244,0.0,-0.947632841392504,0.0,1.9201460873212162,3.0024425236588015,3.779771298932726
0.9903302820405646,0.0,0.025431244216776182,0.0,-0.9484328413925041,0.0,1.9196664633521459,3.0024538158035337,3.783664301232122
0.9903281439471606,0.0,0.025390287681565656,0.0,-0.9492328413925041,0.0,1.9191883671076984,3.0024650677103857,3.7875380898596998
0.9903259965308233,0.0,0.025349430247596488,0.0,-0.9500328413925041,0.0,1.9187117941336294,3.002476279332644,3.791392795555351
0.9903238399116088,0.0,0.025308671597986627,0.0,-0.9508328413925041,0.0,1.9182367399909153,3.002487450624562,3.795228548076131
0.9903216742084987,0.0,0.02526801141705739,0.0,-0.9516328413925041,0.0,1.9177632002556975,3.00249858154136,3.7990454761959898
0.9903194995394115,0.0,0.025227449390328793,0.0,-0.9524328413925042,0.0,1.9172911705192315,3.002509672039212,3.8028437077215647
0.99031731602121,0.0,0.02518698520451508,0.0,-0.9532328413925042,0.0,1.9168206463878537,3.0025207220752335,3.8066233694949894
0.9903151237697109,0.0,0.025146618547520056,0.0,-0.9540328413925042,0.0,1.91635162348292,3.0025317316074753,3.8103845874071385
0.9903129228996947,0.0,0.025106349108432423,0.0,-0.9548328413925042,0.0,1.915884097440776,3.0025427005949146,3.8141274864009813
0.9903107135249135,0.0,0.025066176577521426,0.0,-0.9556328413925043,0.0,1.9154180639126932,3.002553628997445,3.8178521904861533
0.9903084957581019,0.0,0.02502610064623194,0.0,-0.9564328413925043,0.0,1.914953518564836,3.002564516775867,3.8215588227395636
0.9903062697109836,0.0,0.024986121007180305,0.0,-0.9572328413925043,0.0,1.9144904570782149,3.0025753638918764,3.8252475053226522
0.9903040354942825,0.0,0.024946237354149442,0.0,-0.9580328413925043,0.0,1.9140288751486307,3.00258617030806,3.8289183594823415
0.9903017932177292,0.0,0.024906449382084528,0.0,-0.9588328413925044,0.0,1.9135687684866336,3.002596935987885,3.8325715055610012
0.9902995429900714,0.0,0.024866756787088308,0.0,-0.9596328413925044,0.0,1.9131101328174807,3.0026076608956918,3.836207063002451
0.9902972849190823,0.0,0.024827159266416782,0.0,-0.9604328413925044,0.0,1.9126529638810874,3.002618344996676,3.839825150366863
0.9902950191115678,0.0,0.02478765651847443,0.0,-0.9612328413925044,0.0,1.912197257431977,3.0026289882568977,3.843425885329085
0.9902927456733769,0.0,0.024748248242809936,0.0,-0.9620328413925044,0.0,1.9117430092392342,3.0026395906432537,3.8470093846946685
0.9902904647094081,0.0,0.024708934140111594,0.0,-0.9628328413925045,0.0,1.9112902150864663,3.0026501521234827,3.8505757644008396
0.9902881763236189,0.0,0.024669713912202875,0.0,-0.9636328413925045,0.0,1.9108388707717583,3.00266067266615,3.8541251395244416
0.9902858806190334,0.0,0.02463058726203795,0.0,-0.9644328413925045,0.0,1.9103889721076126,3.0026711522406426,3.857657624297319
0.9902835776977518,0.0,0.024591553893697226,0.0,-0.9652328413925045,0.0,1.9099405149209097,3.002681590817156,3.861173332102952
0.9902812676609555,0.0,0.02455261351238291,0.0,-0.9660328413925046,0.0,1.9094934950528717,3.0026919883666965,3.864672375491781
0.9902789506089196,0.0,0.02451376582441453,0.0,-0.9668328413925046,0.0,1.9090479083590015,3.0027023448610564,3.86815486618253
0.9902766266410152,0.0,0.02447501053722463,0.0,-0.9676328413925046,0.0,1.9086037507090443,3.002712660272828,3.871620915070973
0.9902742958557224,0.0,0.02443634735935431,0.0,-0.9684328413925046,0.0,1.9081610179869462,3.002722934575372,3.8750706322442507
0.9902719583506352,0.0,0.024397776000448755,0.0,-0.9692328413925047,0.0,1.9077197060907969,3.002733167742827,3.878504126973509
0.9902696142224703,0.0,0.024359296171252893,0.0,-0.9700328413925047,0.0,1.90727981093278,3.002743359750095,3.8819215077341784
0.9902672635670734,0.0,0.02432090758360716,0.0,-0.9708328413925047,0.0,1.9068413284391552,3.002753510572835,3.885322882204511
0.9902649064794289,0.0,0.024282609950442895,0.0,-0.9716328413925047,0.0,1.906404254550174,3.0027636201874532,3.8887083572774186
0.9902625430536652,0.0,0.0242444029857782,0.0,-0.9724328413925047,0.0,1.905968585220065,3.002773688571099,3.892078039062739
0.9902601733830636,0.0,0.02420628640471348,0.0,-0.9732328413925048,0.0,1.9055343164169762,3.0027837157016553,3.895432032894553
0.9902577975600656,0.0,0.024168259923427183,0.0,-0.9740328413925048,0.0,1.9051014441229142,3.002793701557729,3.898770443343724
0.9902554156762792,0.0,0.024130323259171478,0.0,-0.9748328413925048,0.0,1.9046699643337306,3.002803646118649,3.9020933742161477
0.9902530278224868,0.0,0.024092476130267885,0.0,-0.9756328413925048,0.0,1.904239873059044,3.002813549364456,3.9054009285620834
0.9902506340886527,0.0,0.024054718256103103,0.0,-0.9764328413925049,0.0,1.9038111663222175,3.0028234112758945,3.9086932086862523
0.9902482345639295,0.0,0.02401704935712472,0.0,-0.9772328413925049,0.0,1.9033838401603005,3.0028332318344018,3.911970316151238
0.9902458293366658,0.0,0.023979469154836817,0.0,-0.9780328413925049,0.0,1.9029578906239846,3.0028430110221134,3.915232351778208
0.9902434184944122,0.0,0.023941977371795875,0.0,-0.9788328413925049,0.0,1.9025333137775666,3.0028527488218444,3.918479415660741
0.9902410021239292,0.0,0.02390457373160652,0.0,-0.979632841392505,0.0,1.9021101056988887,3.0028624452170853,3.9217116071723064
0.990238580311194,0.0,0.023867257958917178,0.0,-0.980432841392505,0.0,1.901688262479305,3.002872100191996,3.9249290249632427
0.9902361531414067,0.0,0.02383002977941603,0.0,-0.981232841392505,0.0,1.9012677802236297,3.0028817137313992,3.928131766973549
0.9902337206989975,0.0,0.023792888919826644,0.0,-0.982032841392505,0.0,1.9008486550500927,3.0028912858207764,3.931319930437994
0.9902312830676324,0.0,0.023755835107903994,0.0,-0.982832841392505,0.0,1.9004308830903025,3.002900816446253,3.934493611891451
0.9902288403302216,0.0,0.023718868072430035,0.0,-0.9836328413925051,0.0,1.9000144604891855,3.002910305594603,3.937652907171897
0.9902263925689246,0.0,0.023681987543209892,0.0,-0.9844328413925051,0.0,1.8995993834049525,3.002919753253229,3.940797911429327
0.9902239398651574,0.0,0.02364519325106731,0.0,-0.9852328413925051,0.0,1.8991856480090545,3.0029291594101686,3.943928719132057
0.9902214822995982,0.0,0.023608484927840824,0.0,-0.9860328413925051,0.0,1.8987732504861217,3.0029385240540805,3.9470454240676327
0.9902190199521947,0.0,0.023571862306379546,0.0,-0.9868328413925052,0.0,1.898362187033945,3.0029478471742386,3.9501481193577703
0.9902165529021696,0.0,0.023535325120539043,0.0,-0.9876328413925052,0.0,1.8979524538634067,3.0029571287605306,3.953236897450944
0.9902140812280277,0.0,0.02349887310517722,0.0,-0.9884328413925052,0.0,1.8975440471984466,3.002966368803442,3.956311850138334
0.9902116050075614,0.0,0.023462505996150372,0.0,-0.9892328413925052,0.0,1.8971369632760184,3.002975567294061,3.959373068555001
0.9902091243178569,0.0,0.023426223530308946,0.0,-0.9900328413925052,0.0,1.8967311983460444,3.002984724224066,3.9624206431847524
0.9902066392353007,0.0,0.02339002544549362,0.0,-0.9908328413925053,0.0,1.8963267486713642,3.00299383958572,3.965454663865828
0.9902041498355856,0.0,0.02335391148053118,0.0,-0.9916328413925053,0.0,1.8959236105277049,3.0030029133718665,3.9684752198015065
0.9902016561937158,0.0,0.02331788137523063,0.0,-0.9924328413925053,0.0,1.8955217802036148,3.0030119455759205,3.971482399554353
0.9901991583840151,0.0,0.02328193487037897,0.0,-0.9932328413925053,0.0,1.895121254000439,3.0030209361918643,3.9744762910623326
0.9901966564801297,0.0,0.023246071707737383,0.0,-0.9940328413925054,0.0,1.8947220282322648,3.003029885214244,3.977456981634936
0.9901941505550361,0.0,0.02321029163003721,0.0,-0.9948328413925054,0.0,1.89432409922588,3.003038792638158,3.9804245579652
0.9901916406810464,0.0,0.023174594380975903,0.0,-0.9956328413925054,0.0,1.8939274633207401,3.003047658459259,3.983379106130803
0.990189126929814,0.0,0.023138979705213183,0.0,-0.9964328413925054,0.0,1.8935321168688928,3.0030564826737383,3.986320711602627
0.990186609372339,0.0,0.023103447348367005,0.0,-0.9972328413925055,0.0,1.8931380562349744,3.0030652652783303,3.989249459242238
0.9901840880789755,0.0,0.02306799705700962,0.0,-0.9980328413925055,0.0,1.8927452777961316,3.003074006270298,3.9921654333145273
0.9901815631194333,0.0,0.023032628578663828,0.0,-0.9988328413925055,0.0,1.8923537779420048,3.0030827056474356,3.9950687174921873
0.9901790345627878,0.0,0.022997341661798835,0.0,-0.9996328413925055,0.0,1.891963553074666,3.003091363408058,3.997959394853922
0.9901765024774828,0.0,0.022962136055826594,0.0,-1.0004328413925054,0.0,1.8915745996085767,3.003099979550994,4.000837547892165
0.9901739669313371,0.0,0.022927011511097745,0.0,-1.0012328413925053,0.0,1.8911869139705586,3.0031085540755846,4.003703258523455
0.9901714279915492,0.0,0.02289196777889787,0.0,-1.0020328413925053,0.0,1.8908004925997386,3.0031170869816757,4.00655660808692
0.9901688857247026,0.0,0.02285700461144361,0.0,-1.0028328413925052,0.0,1.8904153319475039,3.003125578269618,4.009397677347034
0.9901663401967727,0.0,0.02282212176187883,0.0,-1.003632841392505,0.0,1.8900314284774633,3.0031340279402463,4.012226546506915
0.9901637914731288,0.0,0.02278731898427081,0.0,-1.004432841392505,0.0,1.8896487786654113,3.0031424359948997,4.015043295201917
0.9901612396185431,0.0,0.02275259603360649,0.0,-1.005232841392505,0.0,1.8892673789992713,3.0031508024353863,4.017848002512599
0.9901586846971925,0.0,0.02271795266578861,0.0,-1.0060328413925048,0.0,1.888887225979057,3.003159127264002,4.02064074696488
0.9901561267726661,0.0,0.02268338863763185,0.0,-1.0068328413925047,0.0,1.8885083161168361,3.0031674104835213,4.023421606537792
0.9901535659079695,0.0,0.022648903706859295,0.0,-1.0076328413925046,0.0,1.8881306459366813,3.003175652097177,4.026190658662304
0.9901510021655289,0.0,0.022614497632098583,0.0,-1.0084328413925046,0.0,1.8877542119746287,3.0031838521086716,4.028947980229665
0.9901484356071971,0.0,0.022580170172878035,0.0,-1.0092328413925045,0.0,1.8873790107786435,3.0031920105221688,4.031693647600454
0.9901458662942582,0.0,0.02254592108962321,0.0,-1.0100328413925044,0.0,1.8870050389085649,3.0032001273422813,4.034427736595042
0.9901432942874326,0.0,0.022511750143652805,0.0,-1.0108328413925043,0.0,1.886632292936063,3.00320820257408,4.037150322510135
0.9901407196468819,0.0,0.022477657097175464,0.0,-1.0116328413925042,0.0,1.8862607694446154,3.003216236223067,4.039861480119695
0.9901381424322123,0.0,0.022443641713285657,0.0,-1.0124328413925041,0.0,1.885890465029448,3.003224228295199,4.042561283676319
0.9901355627024822,0.0,0.022409703755960214,0.0,-1.013232841392504,0.0,1.8855213762974956,3.0032321787968588,4.045249806919255
0.9901329805162032,0.0,0.02237584299005476,0.0,-1.014032841392504,0.0,1.8851534998673702,3.003240087734862,4.047927123072805
0.990130395931349,0.0,0.02234205918129977,0.0,-1.0148328413925038,0.0,1.8847868323693024,3.0032479551164513,4.050593304856682
0.9901278090053564,0.0,0.022308352096297366,0.0,-1.0156328413925038,0.0,1.8844213704451087,3.003255780949286,4.053248424486271
0.9901252197951315,0.0,0.02227472150251733,0.0,-1.0164328413925037,0.0,1.8840571107481652,3.003263565241447,4.055892553678146
0.9901226283570542,0.0,0.02224116716829371,0.0,-1.0172328413925036,0.0,1.8836940499433323,3.0032713080014286,4.058525763652449
0.9901200347469832,0.0,0.02220768886282119,0.0,-1.0180328413925035,0.0,1.8833321847069495,3.0032790092381285,4.061148125136681
0.9901174390202585,0.0,0.022174286356151495,0.0,-1.0188328413925034,0.0,1.8829715117267645,3.0032866689608504,4.0637597083741985
0.9901148412317083,0.0,0.022140959419189973,0.0,-1.0196328413925033,0.0,1.8826120277019107,3.0032942871792914,4.066360583117233
0.9901122414356519,0.0,0.02210770782369174,0.0,-1.0204328413925032,0.0,1.8822537293428616,3.0033018639035545,4.068950818645302
0.9901096396859043,0.0,0.022074531342258556,0.0,-1.0212328413925031,0.0,1.8818966133713881,3.003309399144122,4.071530483754021
0.9901070360357805,0.0,0.022041429748334975,0.0,-1.022032841392503,0.0,1.8815406765205185,3.00331689291187,4.074099646773274
0.9901044305381,0.0,0.02200840281620511,0.0,-1.022832841392503,0.0,1.8811859155344963,3.00332434521805,4.07665837555615
0.9901018232451915,0.0,0.021975450320988896,0.0,-1.0236328413925029,0.0,1.880832327168742,3.003331756074296,4.0792067374957055
0.9900992142088954,0.0,0.021942572038638843,0.0,-1.0244328413925028,0.0,1.8804799081898151,3.0033391254926114,4.0817447995203295
0.9900966034805705,0.0,0.021909767745936358,0.0,-1.0252328413925027,0.0,1.880128655375373,3.0033464534853733,4.084272628100089
0.9900939911110953,0.0,0.021877037220488556,0.0,-1.0260328413925026,0.0,1.8797785655141193,3.0033537400653203,4.086790289247016
0.9900913771508748,0.0,0.02184438024072456,0.0,-1.0268328413925025,0.0,1.879429635405782,3.0033609852455543,4.089297848527171
0.9900887616498417,0.0,0.02181179658589238,0.0,-1.0276328413925024,0.0,1.8790818618610643,3.003368189039535,4.091795371056027
0.9900861446574639,0.0,0.021779286036055157,0.0,-1.0284328413925024,0.0,1.8787352417015981,3.0033753514610724,4.0942829215020575
0.9900835262227451,0.0,0.02174684837208805,0.0,-1.0292328413925023,0.0,1.8783897717599218,3.00338247252433,4.096760564093534
0.9900809063942306,0.0,0.021714483375674814,0.0,-1.0300328413925022,0.0,1.8780454488794278,3.0033895522438137,4.099228362622892
0.9900782852200117,0.0,0.021682190829304275,0.0,-1.030832841392502,0.0,1.8777022699143235,3.0033965906343694,4.101686380447705
0.9900756627477273,0.0,0.02164997051626719,0.0,-1.031632841392502,0.0,1.8773602317295937,3.003403587711186,4.104134680487032
0.9900730390245702,0.0,0.02161782222065277,0.0,-1.032432841392502,0.0,1.8770193312009595,3.003410543489783,4.106573325243107
0.9900704140972894,0.0,0.021585745727345465,0.0,-1.0332328413925018,0.0,1.8766795652148534,3.003417457986009,4.109002376785823
0.9900677880121946,0.0,0.021553740822021467,0.0,-1.0340328413925017,0.0,1.8763409306683603,3.003424331216044,4.111421896767991
0.9900651608151599,0.0,0.021521807291145712,0.0,-1.0348328413925016,0.0,1.876003424469187,3.003431163196379,4.113831946417337
0.9900625325516265,0.0,0.021489944921968235,0.0,-1.0356328413925016,0.0,1.8756670435356226,3.0034379539438465,4.116232586551314
0.9900599032666086,0.0,0.021458153502521223,0.0,-1.0364328413925015,0.0,1.8753317847965043,3.0034447034755685,4.118623877576769
0.9900572730046939,0.0,0.0214264328216156,0.0,-1.0372328413925014,0.0,1.8749976451911772,3.0034514118089986,4.12100587948922
0.9900546418100504,0.0,0.021394782668837795,0.0,-1.0380328413925013,0.0,1.8746646216694514,3.0034580789618888,4.12337865187614
0.9900520097264282,0.0,0.0213632028345465,0.0,-1.0388328413925012,0.0,1.874332711191564,3.0034647049522993,4.125742253925084
0.990049376797163,0.0,0.02133169310986953,0.0,-1.0396328413925011,0.0,1.874001910728147,3.0034712897985916,4.128096744423966
0.990046743065181,0.0,0.021300253286700547,0.0,-1.040432841392501,0.0,1.8736722172601816,3.0034778335194208,4.13044218176218
0.9900441085730002,0.0,0.021268883157695907,0.0,-1.041232841392501,0.0,1.873343627778973,3.003484336133744,4.1327786239370985
0.9900414733627358,0.0,0.02123758251627144,0.0,-1.0420328413925009,0.0,1.8730161392860964,3.003490797660807,4.135106128552675
0.9900388374761031,0.0,0.021206351156599385,0.0,-1.0428328413925008,0.0,1.8726897487933671,3.0034972181201383,4.1374247528287205
0.9900362009544207,0.0,0.021175188873605057,0.0,-1.0436328413925007,0.0,1.87236445332281,3.003503597531556,4.139734553596682
0.9900335638386133,0.0,0.021144095462963964,0.0,-1.0444328413925006,0.0,1.872040249906605,3.003509935915159,4.1420355873058945
0.990030926169216,0.0,0.021113070721098373,0.0,-1.0452328413925005,0.0,1.8717171355870708,3.0035162332913274,4.144327910027706
0.9900282879863787,0.0,0.02108211444517451,0.0,-1.0460328413925004,0.0,1.8713951074166058,3.0035224896807016,4.146611577461049
0.9900256493298646,0.0,0.021051226433099316,0.0,-1.0468328413925003,0.0,1.871074162457673,3.0035287051042134,4.148886644918304
0.9900230102390608,0.0,0.02102040648351722,0.0,-1.0476328413925002,0.0,1.8707542977827336,3.0035348795830474,4.151153167358502
0.9900203707529748,0.0,0.020989654395807387,0.0,-1.0484328413925001,0.0,1.870435510474255,3.00354101313866,4.153411199357929
0.9900177309102415,0.0,0.02095896997008039,0.0,-1.0492328413925,0.0,1.8701177976246235,3.0035471057927694,4.155660795135264
0.9900150907491255,0.0,0.020928353007175216,0.0,-1.0500328413925,0.0,1.8698011563361476,3.003553157567349,4.157902008545692
0.9900124503075235,0.0,0.02089780330865636,0.0,-1.0508328413924999,0.0,1.8694855837210003,3.0035591684846357,4.160134893080369
0.9900098096229684,0.0,0.020867320676810682,0.0,-1.0516328413924998,0.0,1.869171076901184,3.003565138567109,4.1623595018771065
0.9900071687326322,0.0,0.020836904914644364,0.0,-1.0524328413924997,0.0,1.868857633008506,3.003571067837507,4.164575887718522
0.9900045276733285,0.0,0.020806555825880108,0.0,-1.0532328413924996,0.0,1.868545249184524,3.003576956318807,4.166784103032714
0.9900018864815155,0.0,0.020776273214953893,0.0,-1.0540328413924995,0.0,1.8682339225805409,3.00358280403424,4.168984199901262
0.9899992451933014,0.0,0.020746056887012195,0.0,-1.0548328413924994,0.0,1.8679236503575212,3.003588611007264,4.1711762300585375
0.9899966038444424,0.0,0.020715906647909007,0.0,-1.0556328413924994,0.0,1.8676144296861148,3.0035943772615896,4.173360244893794
0.9899939624703515,0.0,0.02068582230420276,0.0,-1.0564328413924993,0.0,1.8673062577465565,3.003600102821153,4.175536295451064
0.9899913211060969,0.0,0.020655803663153526,0.0,-1.0572328413924992,0.0,1.8669991317286956,3.0036057877101285,4.177704432441848
0.9899886797864073,0.0,0.020625850532720136,0.0,-1.058032841392499,0.0,1.8666930488319042,3.0036114319529106,4.179864706238793
0.9899860385456737,0.0,0.020595962721557084,0.0,-1.058832841392499,0.0,1.8663880062650806,3.0036170355741314,4.18201716687464
0.9899833974179534,0.0,0.020566140039011763,0.0,-1.059632841392499,0.0,1.8660840012465891,3.0036225985986413,4.184161864058594
0.9899807564369718,0.0,0.020536382295121506,0.0,-1.0604328413924988,0.0,1.865781031004244,3.0036281210515132,4.1862988471630125
0.9899781156361253,0.0,0.02050668930061096,0.0,-1.0612328413924987,0.0,1.8654790927752634,3.0036336029580326,4.188428165239095
0.9899754750484842,0.0,0.020477060866888795,0.0,-1.0620328413924986,0.0,1.8651781838062462,3.0036390443437133,4.190549867010986
0.9899728347067966,0.0,0.020447496806045202,0.0,-1.0628328413924986,0.0,1.8648783013531052,3.0036444452342694,4.192664000876824
0.989970194643489,0.0,0.020417996930849006,0.0,-1.0636328413924985,0.0,1.8645794426810856,3.003649805655629,4.194770614923588
0.9899675548906706,0.0,0.02038856105474464,0.0,-1.0644328413924984,0.0,1.8642816050646782,3.0036551256339363,4.1968697569132285
0.9899649154801355,0.0,0.020359188991849603,0.0,-1.0652328413924983,0.0,1.8639847857876175,3.0036604051955287,4.198961474295451
0.9899622764433653,0.0,0.020329880556951525,0.0,-1.0660328413924982,0.0,1.8636889821428426,3.003665644366955,4.201045814205236
0.9899596378115331,0.0,0.02030063556550533,0.0,-1.0668328413924981,0.0,1.8633941914324437,3.003670843174953,4.203122823469687
0.9899569996155024,0.0,0.020271453833630586,0.0,-1.067632841392498,0.0,1.863100410967661,3.003676001646475,4.20519254860646
0.9899543618858343,0.0,0.020242335178108712,0.0,-1.068432841392498,0.0,1.8628076380688179,3.0036811198086513,4.207255035820999
0.9899517246527874,0.0,0.020213279416380073,0.0,-1.0692328413924979,0.0,1.8625158700653102,3.003686197688816,4.2093103310252244
0.9899490879463209,0.0,0.02018428636654151,0.0,-1.0700328413924978,0.0,1.8622251042955604,3.003691235314488,4.211358479825533
0.9899464517960967,0.0,0.02015535584734345,0.0,-1.0708328413924977,0.0,1.8619353381069914,3.003696232713371,4.213399527520888
0.9899438162314836,0.0,0.020126487678187095,0.0,-1.0716328413924976,0.0,1.861646568855993,3.0037011899133637,4.215433519123811
0.9899411812815573,0.0,0.02009768167912198,0.0,-1.0724328413924975,0.0,1.8613587939078733,3.0037061069425377,4.217460499347124
0.9899385469751051,0.0,0.020068937670843036,0.0,-1.0732328413924974,0.0,1.8610720106368475,3.0037109838291496,4.2194805126114465
0.9899359133406263,0.0,0.020040255474688108,0.0,-1.0740328413924973,0.0,1.8607862164259996,3.0037158206016352,4.221493603037078
0.9899332804063367,0.0,0.020011634912635117,0.0,-1.0748328413924972,0.0,1.860501408667241,3.0037206172886037,4.223499814472154
0.9899306482001705,0.0,0.019983075807299473,0.0,-1.0756328413924972,0.0,1.8602175847612696,3.0037253739188357,4.225499190468122
0.9899280167497806,0.0,0.019954577981931492,0.0,-1.076432841392497,0.0,1.859934742117571,3.0037300905212887,4.227491774290122
0.9899253860825442,0.0,0.01992614126041371,0.0,-1.077232841392497,0.0,1.8596528781543464,3.003734767125082,4.229477608923325
0.9899227562255629,0.0,0.01989776546725812,0.0,-1.0780328413924969,0.0,1.8593719902985155,3.0037394037595098,4.2314567370699905
0.9899201272056652,0.0,0.019869450427603894,0.0,-1.0788328413924968,0.0,1.8590920759856482,3.0037440004540237,4.2334292011599715
0.9899174990494107,0.0,0.019841195967214467,0.0,-1.0796328413924967,0.0,1.858813132659965,3.003748557238236,4.235395043341672
0.9899148717830897,0.0,0.019813001912475064,0.0,-1.0804328413924966,0.0,1.8585351577742828,3.0037530741419296,4.237354305485103
0.9899122454327268,0.0,0.019784868090390238,0.0,-1.0812328413924965,0.0,1.8582581487900014,3.003757551195034,4.239307029194311
0.989909620024084,0.0,0.019756794328581066,0.0,-1.0820328413924964,0.0,1.8579821031770496,3.0037619884276405,4.2412532557971785
0.9899069955826617,0.0,0.01972878045528279,0.0,-1.0828328413924964,0.0,1.8577070184138738,3.003766385869991,4.243193026359052
0.9899043721337007,0.0,0.019700826299342222,0.0,-1.0836328413924963,0.0,1.8574328919873895,3.0037707435524785,4.245126381668655
0.9899017497021847,0.0,0.019672931690215216,0.0,-1.0844328413924962,0.0,1.8571597213929776,3.003775061505654,4.247053362260299
0.9898991283128447,0.0,0.019645096457963994,0.0,-1.085232841392496,0.0,1.856887504134408,3.0037793397602037,4.248974008397096
0.9898965079901573,0.0,0.019617320433254943,0.0,-1.086032841392496,0.0,1.856616237723848,3.0037835783469617,4.250888360082563
0.9898938887583487,0.0,0.01958960344735593,0.0,-1.086832841392496,0.0,1.856345919681821,3.0037877772969113,4.252796457061661
0.9898912706413987,0.0,0.019561945332133727,0.0,-1.0876328413924958,0.0,1.8560765475371577,3.003791936641168,4.254698338827089
0.9898886536630387,0.0,0.01953434592005165,0.0,-1.0884328413924957,0.0,1.855808118826994,3.0037960564110016,4.256594044602838
0.9898860378467568,0.0,0.01950680504416725,0.0,-1.0892328413924957,0.0,1.855540631096715,3.003800136637799,4.258483613373264
0.9898834232158,0.0,0.019479322538129482,0.0,-1.0900328413924956,0.0,1.855274081899943,3.003804177353099,4.260367083855787
0.9898808097931739,0.0,0.019451898236176594,0.0,-1.0908328413924955,0.0,1.8550084687984927,3.0038081785885673,4.262244494532148
0.9898781976016473,0.0,0.019424531973133544,0.0,-1.0916328413924954,0.0,1.85474378936235,3.0038121403759988,4.2641158836243385
0.9898755866637531,0.0,0.019397223584409574,0.0,-1.0924328413924953,0.0,1.8544800411696305,3.003816062747318,4.265981289112173
0.9898729770017891,0.0,0.019369972905995857,0.0,-1.0932328413924952,0.0,1.8542172218065627,3.003819945734585,4.267840748729154
0.9898703686378225,0.0,0.01934277977446308,0.0,-1.0940328413924951,0.0,1.8539553288674606,3.0038237893699744,4.269694299966466
0.9898677615936894,0.0,0.019315644026959043,0.0,-1.094832841392495,0.0,1.8536943599546707,3.0038275936857928,4.271541980074276
0.9898651558909989,0.0,0.01928856550120621,0.0,-1.095632841392495,0.0,1.853434312678569,3.003831358714467,4.27338382605782
0.9898625515511336,0.0,0.01926154403549948,0.0,-1.0964328413924949,0.0,1.853175184657511,3.0038350844885393,4.275219874688591
0.9898599485952513,0.0,0.019234579468703727,0.0,-1.0972328413924948,0.0,1.852916973517806,3.00383877104068,4.277050162498521
0.9898573470442885,0.0,0.019207671640251493,0.0,-1.0980328413924947,0.0,1.8526596768937031,3.003842418403665,4.278874725789217
0.989854746918961,0.0,0.01918082039014058,0.0,-1.0988328413924946,0.0,1.852403292427347,3.0038460266103946,4.280693600622437
0.9898521482397659,0.0,0.019154025558931868,0.0,-1.0996328413924945,0.0,1.8521478177687385,3.0038495956938736,4.282506822835158
0.9898495510269837,0.0,0.01912728698774684,0.0,-1.1004328413924944,0.0,1.8518932505757386,3.0038531256872254,4.284314428024946
0.9898469553006807,0.0,0.019100604518265327,0.0,-1.1012328413924943,0.0,1.8516395885140104,3.003856616623677,4.286116451569028
0.9898443610807084,0.0,0.019073977992723336,0.0,-1.1020328413924942,0.0,1.8513868292569944,3.0038600685365724,4.287912928616918
0.9898417683867082,0.0,0.01904740725391055,0.0,-1.1028328413924942,0.0,1.8511349704858906,3.003863481459354,4.289703894084532
0.9898391772381133,0.0,0.019020892145168146,0.0,-1.103632841392494,0.0,1.8508840098896133,3.0038668554255663,4.291489382674386
0.9898365876541472,0.0,0.01899443251038662,0.0,-1.104432841392494,0.0,1.8506339451647884,3.0038701904688674,4.293269428865433
0.9898339996538285,0.0,0.018968028194003395,0.0,-1.105232841392494,0.0,1.8503847740157007,3.0038734866230077,4.29504406690585
0.9898314132559717,0.0,0.018941679041000633,0.0,-1.1060328413924938,0.0,1.8501364941542648,3.003876743921838,4.296813330837691
0.989828828479188,0.0,0.01891538489690302,0.0,-1.1068328413924937,0.0,1.849889103300023,3.0038799623993153,4.298577254476395
0.9898262453418892,0.0,0.01888914560777546,0.0,-1.1076328413924936,0.0,1.8496425991800844,3.0038831420894825,4.300335871422663
0.9898236638622875,0.0,0.018862961020220986,0.0,-1.1084328413924935,0.0,1.8493969795291176,3.0038862830264828,4.3020892150679115
0.9898210840583972,0.0,0.018836830981378415,0.0,-1.1092328413924935,0.0,1.8491522420893223,3.003889385244551,4.303837318584731
0.9898185059480382,0.0,0.01881075533892022,0.0,-1.1100328413924934,0.0,1.848908384610382,3.003892448778015,4.3055802149340785
0.9898159295488351,0.0,0.018784733941050378,0.0,-1.1108328413924933,0.0,1.8486654048494657,3.003895473661294,4.307317936871334
0.9898133548782216,0.0,0.018758766636502174,0.0,-1.1116328413924932,0.0,1.8484233005711668,3.0038984599288874,4.309050516938089
0.9898107819534387,0.0,0.018732853274535884,0.0,-1.112432841392493,0.0,1.8481820695475177,3.003901407615399,4.310777987472616
0.9898082107915401,0.0,0.01870699370493687,0.0,-1.113232841392493,0.0,1.847941709557916,3.003904316755503,4.312500380603239
0.9898056414093912,0.0,0.018681187778013267,0.0,-1.114032841392493,0.0,1.8477022183891292,3.003907187383965,4.314217728257569
0.9898030738236724,0.0,0.018655435344593872,0.0,-1.1148328413924928,0.0,1.8474635938352502,3.003910019535623,4.315930062157464
0.9898005080508777,0.0,0.018629736256026118,0.0,-1.1156328413924927,0.0,1.8472258336976883,3.0039128132454103,4.3176374138218465
0.9897979441073206,0.0,0.018604090364173678,0.0,-1.1164328413924927,0.0,1.8469889357851221,3.0039155685483365,4.319339814577183
0.9897953820091321,0.0,0.018578497521414702,0.0,-1.1172328413924926,0.0,1.8467528979134802,3.0039182854794833,4.321037295541122
0.9897928217722642,0.0,0.018552957580639497,0.0,-1.1180328413924925,0.0,1.8465177179059196,3.003920964074011,4.322729887638103
0.9897902634124904,0.0,0.018527470395248477,0.0,-1.1188328413924924,0.0,1.8462833935927931,3.003923604367161,4.324417621597277
0.9897877069454072,0.0,0.01850203581915015,0.0,-1.1196328413924923,0.0,1.8460499228116332,3.0039262063942447,4.326100527950356
0.9897851523864366,0.0,0.018476653706758942,0.0,-1.1204328413924922,0.0,1.845817303407097,3.0039287701906447,4.327778637038842
0.9897825997508268,0.0,0.01845132391299318,0.0,-1.1212328413924921,0.0,1.845585533230968,3.00393129579182,4.329451979008445
0.9897800490536536,0.0,0.018426046293273077,0.0,-1.122032841392492,0.0,1.8453546101421332,3.0039337832332986,4.3311205838178966
0.9897775003098224,0.0,0.018400820703518637,0.0,-1.122832841392492,0.0,1.8451245320065301,3.00393623255067,4.332784481230165
0.989774953534069,0.0,0.018375647000147603,0.0,-1.1236328413924919,0.0,1.844895296697138,3.0039386437796014,4.33444370082667
0.9897724087409614,0.0,0.01835052504007352,0.0,-1.1244328413924918,0.0,1.8446669020939555,3.003941016955819,4.336098271998513
0.9897698659449012,0.0,0.018325454680703606,0.0,-1.1252328413924917,0.0,1.844439346083961,3.003943352115118,4.337748223952976
0.9897673251601257,0.0,0.018300435779936803,0.0,-1.1260328413924916,0.0,1.8442126265610883,3.003945649293354,4.339393585704681
0.9897647864007072,0.0,0.018275468196161836,0.0,-1.1268328413924915,0.0,1.8439867414262214,3.0039479085264444,4.341034386096958
0.9897622496805575,0.0,0.018250551788254996,0.0,-1.1276328413924914,0.0,1.8437616885871437,3.003950129850373,4.342670653790302
0.9897597150134262,0.0,0.018225686415578486,0.0,-1.1284328413924913,0.0,1.8435374659585257,3.003952313301177,4.344302417250418
0.9897571824129041,0.0,0.018200871937978216,0.0,-1.1292328413924912,0.0,1.8433140714618899,3.0039544589149525,4.345929704776066
0.9897546518924235,0.0,0.018176108215781854,0.0,-1.1300328413924912,0.0,1.843091503025612,3.003956566727859,4.347552544489417
0.9897521234652606,0.0,0.018151395109796974,0.0,-1.130832841392491,0.0,1.8428697585848504,3.003958636776107,4.3491709643204945
0.9897495971445356,0.0,0.018126732481308996,0.0,-1.131632841392491,0.0,1.842648836081557,3.003960669095963,4.350784992043495
0.9897470729432148,0.0,0.018102120192079386,0.0,-1.132432841392491,0.0,1.8424287334644438,3.0039626637237444,4.352394655244716
0.9897445508741117,0.0,0.018077558104343645,0.0,-1.1332328413924908,0.0,1.842209448688952,3.003964620695823,4.35399998133695
0.9897420309498879,0.0,0.018053046080809293,0.0,-1.1340328413924907,0.0,1.8419909797172358,3.0039665400486273,4.355600997566839
0.9897395131830565,0.0,0.01802858398465406,0.0,-1.1348328413924906,0.0,1.8417733245181154,3.0039684218186222,4.3571977310037004
0.989736997585979,0.0,0.018004171679524106,0.0,-1.1356328413924905,0.0,1.8415564810670981,3.003970266042339,4.358790208551767
0.9897344841708712,0.0,0.017979809029531894,0.0,-1.1364328413924905,0.0,1.8413404473462955,3.003972072756341,4.3603784569427235
0.9897319729498018,0.0,0.017955495899254395,0.0,-1.1372328413924904,0.0,1.8411252213444507,3.003973841997251,4.3619625027452305
0.9897294639346951,0.0,0.01793123215373125,0.0,-1.1380328413924903,0.0,1.8409108010568744,3.003975573801723,4.363542372355217
0.9897269571373303,0.0,0.017907017658462848,0.0,-1.1388328413924902,0.0,1.840697184485452,3.003977268206474,4.365118092005318
0.9897244525693443,0.0,0.017882852279408584,0.0,-1.13963284139249,0.0,1.8404843696385966,3.0039789252482447,4.366689687764643
0.9897219502422338,0.0,0.01785873588298472,0.0,-1.14043284139249,0.0,1.840272354531236,3.0039805449638295,4.368257185540881
0.9897194501673531,0.0,0.0178346683360629,0.0,-1.14123284139249,0.0,1.8400611371847868,3.003982127390066,4.369820611072605
0.9897169523559193,0.0,0.017810649505968015,0.0,-1.1420328413924898,0.0,1.8398507156271278,3.0039836725638263,4.371379989949275
0.9897144568190105,0.0,0.017786679260476633,0.0,-1.1428328413924898,0.0,1.8396410878925782,3.003985180522018,4.37293534758392
0.9897119635675687,0.0,0.017762757467814968,0.0,-1.1436328413924897,0.0,1.8394322520218782,3.0039866513015907,4.374486709240475
0.9897094726123995,0.0,0.01773888399665712,0.0,-1.1444328413924896,0.0,1.8392242060621546,3.003988084939543,4.376034100027764
0.9897069839641753,0.0,0.017715058716123416,0.0,-1.1452328413924895,0.0,1.8390169480669156,3.003989481472882,4.37757754489193
0.989704497633435,0.0,0.01769128149577827,0.0,-1.1460328413924894,0.0,1.8388104760959938,3.0039908409386795,4.379117068626565
0.9897020136305846,0.0,0.017667552205628902,0.0,-1.1468328413924893,0.0,1.838604788215573,3.0039921633740194,4.380652695864607
0.9896995319659,0.0,0.017643870716123104,0.0,-1.1476328413924892,0.0,1.8383998824981098,3.0039934488160265,4.382184451095559
0.9896970526495266,0.0,0.01762023689814771,0.0,-1.1484328413924891,0.0,1.83819575702235,3.0039946973018603,4.3837123586414855
0.9896945756914824,0.0,0.01759665062302671,0.0,-1.149232841392489,0.0,1.837992409873292,3.003995908868698,4.385236442686037
0.9896921011016553,0.0,0.01757311176251958,0.0,-1.150032841392489,0.0,1.837789839142165,3.003997083553774,4.386756727259685
0.9896896288898088,0.0,0.017549620188819552,0.0,-1.1508328413924889,0.0,1.8375880429264062,3.0039982213943226,4.388273236234965
0.9896871590655805,0.0,0.01752617577455173,0.0,-1.1516328413924888,0.0,1.8373870193296322,3.003999322427622,4.3897859933478705
0.9896846916384833,0.0,0.017502778392771562,0.0,-1.1524328413924887,0.0,1.83718676646162,3.004000386690967,4.391295022172509
0.9896822266179062,0.0,0.017479427916962897,0.0,-1.1532328413924886,0.0,1.8369872824382967,3.0040014142216958,4.392800346148069
0.9896797640131175,0.0,0.017456124221036432,0.0,-1.1540328413924885,0.0,1.8367885653816967,3.004002405057151,4.394301988562999
0.9896773038332635,0.0,0.017432867179327977,0.0,-1.1548328413924884,0.0,1.8365906134199472,3.004003359234709,4.39579997256317
0.9896748460873691,0.0,0.017409656666596676,0.0,-1.1556328413924883,0.0,1.8363934246872589,3.004004276791778,4.397294321145654
0.9896723907843424,0.0,0.01738649255802336,0.0,-1.1564328413924883,0.0,1.836196997323873,3.004005157765773,4.3987850571667595
0.9896699379329715,0.0,0.017363374729208937,0.0,-1.1572328413924882,0.0,1.8360013294760786,3.0040060021941395,4.40027220334261
0.989667487541928,0.0,0.01734030305617252,0.0,-1.158032841392488,0.0,1.8358064192961563,3.004006810114346,4.401755782251443
0.9896650396197683,0.0,0.01731727741534998,0.0,-1.158832841392488,0.0,1.8356122649423703,3.004007581563866,4.403235816322061
0.9896625941749313,0.0,0.017294297683592166,0.0,-1.159632841392488,0.0,1.835418864578955,3.0040083165802143,4.4047123278520335
0.989660151215745,0.0,0.017271363738163147,0.0,-1.1604328413924878,0.0,1.8352262163760749,3.0040090152009036,4.40618533899548
0.9896577107504211,0.0,0.017248475456738847,0.0,-1.1612328413924877,0.0,1.8350343185098177,3.00400967746348,4.40765487176994
0.9896552727870616,0.0,0.01722563271740508,0.0,-1.1620328413924876,0.0,1.8348431691621647,3.004010303405492,4.409120948062189
0.989652837333656,0.0,0.017202835398656132,0.0,-1.1628328413924875,0.0,1.8346527665209713,3.004010893064512,4.410583589615751
0.9896504043980839,0.0,0.017180083379393106,0.0,-1.1636328413924875,0.0,1.8344631087799537,3.004011446478123,4.412042818042228
0.9896479739881153,0.0,0.01715737653892225,0.0,-1.1644328413924874,0.0,1.8342741941386498,3.0040119636839258,4.413498654819606
0.9896455461114126,0.0,0.017134714756953245,0.0,-1.1652328413924873,0.0,1.8340860208023928,3.004012444719531,4.4149511212964
0.9896431207755301,0.0,0.017112097913597867,0.0,-1.1660328413924872,0.0,1.8338985869823463,3.0040128896225626,4.416400238680563
0.9896406979879157,0.0,0.01708952588936818,0.0,-1.166832841392487,0.0,1.833711890895408,3.0040132984306567,4.417846028057916
0.9896382777559118,0.0,0.017066998565175007,0.0,-1.167632841392487,0.0,1.833525930764226,3.004013671181458,4.41928851037814
0.9896358600867559,0.0,0.01704451582232631,0.0,-1.168432841392487,0.0,1.8333407048171961,3.0040140079126276,4.420727706458526
0.9896334449875823,0.0,0.017022077542525715,0.0,-1.1692328413924868,0.0,1.8331562112883897,3.004014308661823,4.422163636998299
0.9896310324654225,0.0,0.016999683607870783,0.0,-1.1700328413924868,0.0,1.832972448417572,3.0040145734667183,4.423596322559037
0.9896286225272047,0.0,0.016977333900851595,0.0,-1.1708328413924867,0.0,1.8327894144501942,3.004014802365,4.4250257835785005
0.9896262151797577,0.0,0.016955028304349147,0.0,-1.1716328413924866,0.0,1.8326071076373114,3.004014995394351,4.426452040372391
0.9896238104298085,0.0,0.01693276670163375,0.0,-1.1724328413924865,0.0,1.8324255262356297,3.0040151525924674,4.42787511312128
0.9896214082839864,0.0,0.016910548976363512,0.0,-1.1732328413924864,0.0,1.8322446685074452,3.00401527399705,4.429295021892282
0.9896190087488208,0.0,0.016888375012582918,0.0,-1.1740328413924863,0.0,1.8320645327206306,3.004015359645798,4.430711786619995
0.9896166118307439,0.0,0.01686624469472114,0.0,-1.1748328413924862,0.0,1.8318851171486377,3.0040154095764215,4.432125427119535
0.9896142175360911,0.0,0.016844157907590567,0.0,-1.1756328413924861,0.0,1.8317064200704416,3.0040154238266323,4.433535963085251
0.9896118258711024,0.0,0.016822114536385324,0.0,-1.176432841392486,0.0,1.83152843977054,3.004015402434141,4.434943414085196
0.9896094368419217,0.0,0.016800114466679707,0.0,-1.177232841392486,0.0,1.8313511745389377,3.0040153454366676,4.43634779957414
0.9896070504545994,0.0,0.016778157584426814,0.0,-1.1780328413924859,0.0,1.8311746226711132,3.004015252871922,4.437749138881564
0.9896046667150912,0.0,0.0167562437759569,0.0,-1.1788328413924858,0.0,1.8309987824680145,3.0040151247776254,4.439147451217251
0.9896022856292623,0.0,0.016734372927975874,0.0,-1.1796328413924857,0.0,1.8308236522360122,3.0040149611914897,4.440542755677206
0.9895999072028832,0.0,0.016712544927564053,0.0,-1.1804328413924856,0.0,1.8306492302869182,3.004014762151236,4.441935071236176
0.9895975314416362,0.0,0.01669075966217431,0.0,-1.1812328413924855,0.0,1.8304755149379313,3.004014527694573,4.4433244167536285
0.9895951583511107,0.0,0.016669017019631045,0.0,-1.1820328413924854,0.0,1.830302504511646,3.0040142578592155,4.4447108109738975
0.9895927879368084,0.0,0.01664731688812834,0.0,-1.1828328413924853,0.0,1.830130197336001,3.004013952682868,4.446094272523077
0.9895904202041412,0.0,0.016625659156228725,0.0,-1.1836328413924853,0.0,1.8299585917442875,3.0040136122032415,4.44747481991609
0.9895880551584345,0.0,0.01660404371286167,0.0,-1.1844328413924852,0.0,1.8297876860751192,3.004013236458026,4.448852471548607
0.9895856928049249,0.0,0.01658247044732208,0.0,-1.185232841392485,0.0,1.8296174786724115,3.004012825484925,4.4502272457127985
0.9895833331487627,0.0,0.016560939249269022,0.0,-1.186032841392485,0.0,1.8294479678853661,3.0040123793216313,4.451599160578943
0.9895809761950137,0.0,0.016539450008724095,0.0,-1.186832841392485,0.0,1.8292791520684524,3.004011898005821,4.452968234212493
0.9895786219486583,0.0,0.01651800261607017,0.0,-1.1876328413924848,0.0,1.8291110295813757,3.0040113815751726,4.454334484561014
0.9895762704145918,0.0,0.016496596962049876,0.0,-1.1884328413924847,0.0,1.8289435987890792,3.0040108300673616,4.4556979294649794
0.9895739215976269,0.0,0.016475232937764275,0.0,-1.1892328413924846,0.0,1.8287768580617156,3.0040102435200433,4.457058586662022
0.9895715755024937,0.0,0.016453910434671294,0.0,-1.1900328413924846,0.0,1.8286108057746164,3.0040096219708747,4.458416473770839
0.9895692321338404,0.0,0.01643262934458453,0.0,-1.1908328413924845,0.0,1.8284454403083008,3.0040089654574973,4.459771608306242
0.9895668914962329,0.0,0.01641138955967177,0.0,-1.1916328413924844,0.0,1.8282807600484128,3.004008274017548,4.461124007677905
0.989564553594157,0.0,0.016390190972453603,0.0,-1.1924328413924843,0.0,1.8281167633857596,3.0040075476886487,4.4624736891846775
0.9895622184320194,0.0,0.016369033475801965,0.0,-1.1932328413924842,0.0,1.8279534487162492,3.0040067865084144,4.463820670021698
0.9895598860141466,0.0,0.016347916962938948,0.0,-1.1940328413924841,0.0,1.8277908144408852,3.004005990514444,4.4651649672763964
0.989557556344787,0.0,0.016326841327435244,0.0,-1.194832841392484,0.0,1.827628858965753,3.004005159744331,4.466506597936916
0.9895552294281117,0.0,0.016305806463208936,0.0,-1.195632841392484,0.0,1.8274675807019949,3.004004294235647,4.4678455788812155
0.9895529052682144,0.0,0.016284812264523954,0.0,-1.1964328413924838,0.0,1.8273069780657945,3.0040033940259616,4.469181926883768
0.9895505838691115,0.0,0.016263858625989065,0.0,-1.1972328413924838,0.0,1.8271470494783617,3.004002459152818,4.470515658624434
0.9895482652347452,0.0,0.016242945442556066,0.0,-1.1980328413924837,0.0,1.8269877933659082,3.0040014896537564,4.471846790671504
0.9895459493689811,0.0,0.016222072609518856,0.0,-1.1988328413924836,0.0,1.8268292081596387,3.0040004855662996,4.47317533949618
0.9895436362756117,0.0,0.016201240022511883,0.0,-1.1996328413924835,0.0,1.8266712922957191,3.003999446927949,4.474501321468447
0.9895413259583549,0.0,0.016180447577508937,0.0,-1.2004328413924834,0.0,1.8265140442152734,3.0039983737761915,4.475824752857958
0.9895390184208558,0.0,0.016159695170821643,0.0,-1.2012328413924833,0.0,1.8263574623643564,3.0039972661485077,4.477145649834309
0.9895367136666864,0.0,0.01613898269909839,0.0,-1.2020328413924832,0.0,1.8262015451939382,3.003996124082354,4.478464028470949
0.989534411699348,0.0,0.01611831005932292,0.0,-1.2028328413924831,0.0,1.826046291159884,3.003994947615162,4.479779904737504
0.9895321125222697,0.0,0.0160976771488129,0.0,-1.203632841392483,0.0,1.8258916987229503,3.0039937367843623,4.481093294510421
0.9895298161388103,0.0,0.016077083865218878,0.0,-1.204432841392483,0.0,1.8257377663487493,3.003992491627354,4.48240421356942
0.9895275225522595,0.0,0.016056530106522773,0.0,-1.2052328413924829,0.0,1.8255844925077298,3.0039912121815138,4.483712677594945
0.9895252317658365,0.0,0.01603601577103665,0.0,-1.2060328413924828,0.0,1.8254318756751793,3.003989898484216,4.485018702173104
0.9895229437826922,0.0,0.016015540757401567,0.0,-1.2068328413924827,0.0,1.825279914331204,3.0039885505728012,4.486322302794848
0.9895206586059091,0.0,0.015995104964586154,0.0,-1.2076328413924826,0.0,1.8251286069606867,3.0039871684845947,4.487623494854402
0.9895183762385031,0.0,0.015974708291885308,0.0,-1.2084328413924825,0.0,1.8249779520532965,3.0039857522569005,4.488922293655177
0.9895160966834222,0.0,0.015954350638919146,0.0,-1.2092328413924824,0.0,1.824827948103457,3.0039843019270003,4.490218714410014
0.9895138199435489,0.0,0.015934031905631557,0.0,-1.2100328413924824,0.0,1.8246785936103396,3.003982817532151,4.491512772223225
0.989511546021699,0.0,0.015913751992289022,0.0,-1.2108328413924823,0.0,1.8245298870778313,3.0039812991095936,4.49280448212765
0.9895092749206245,0.0,0.015893510799479274,0.0,-1.2116328413924822,0.0,1.8243818270145384,3.0039797466965465,4.494093859055585
0.9895070066430114,0.0,0.015873308228110294,0.0,-1.212432841392482,0.0,1.8242344119337492,3.0039781603301985,4.495380917838804
0.9895047411914827,0.0,0.015853144179408828,0.0,-1.213232841392482,0.0,1.8240876403534354,3.003976540047718,4.496665673235852
0.9895024785685982,0.0,0.01583301855491919,0.0,-1.214032841392482,0.0,1.8239415107962211,3.0039748858862527,4.4979481399021335
0.9895002187768532,0.0,0.01581293125650229,0.0,-1.2148328413924818,0.0,1.8237960217893803,3.003973197882924,4.49922833241028
0.9894979618186829,0.0,0.015792882186334102,0.0,-1.2156328413924817,0.0,1.8236511718647925,3.0039714760748195,4.5005062652368455
0.9894957076964593,0.0,0.01577287124690452,0.0,-1.2164328413924816,0.0,1.8235069595589635,3.00396972049902,4.501781952783633
0.989493456412494,0.0,0.01575289834101636,0.0,-1.2172328413924816,0.0,1.8233633834129865,3.0039679311925616,4.503055409350112
0.9894912079690376,0.0,0.01573296337178387,0.0,-1.2180328413924815,0.0,1.8232204419725175,3.003966108192464,4.5043266491550265
0.9894889623682803,0.0,0.01571306624263175,0.0,-1.2188328413924814,0.0,1.8230781337878006,3.0039642515357246,4.505595686328867
0.9894867196123535,0.0,0.01569320685729387,0.0,-1.2196328413924813,0.0,1.822936457413593,3.003962361259302,4.506862534921423
0.9894844797033292,0.0,0.015673385119812044,0.0,-1.2204328413924812,0.0,1.8227954114091893,3.003960437400135,4.508127208884511
0.9894822426432207,0.0,0.015653600934534957,0.0,-1.2212328413924811,0.0,1.8226549943383992,3.003958479995135,4.509389722101418
0.9894800084339839,0.0,0.015633854206116883,0.0,-1.222032841392481,0.0,1.8225152047695257,3.003956489081181,4.510650088356865
0.9894777770775166,0.0,0.015614144839516581,0.0,-1.222832841392481,0.0,1.8223760412753396,3.0039544646951275,4.51190832136036
0.989475548575661,0.0,0.015594472739996064,0.0,-1.2236328413924809,0.0,1.8222375024330852,3.003952406873796,4.513164434729608
0.989473322930201,0.0,0.015574837813119578,0.0,-1.2244328413924808,0.0,1.822099586824458,3.003950315653981,4.514418442007132
0.9894711001428659,0.0,0.015555239964752256,0.0,-1.2252328413924807,0.0,1.8219622930355683,3.0039481910724506,4.515670356648901
0.9894688802153291,0.0,0.01553567910105911,0.0,-1.2260328413924806,0.0,1.8218256196569498,3.0039460331659384,4.516920192029913
0.9894666631492095,0.0,0.015516155128503828,0.0,-1.2268328413924805,0.0,1.8216895652835448,3.003943841971145,4.518167961443008
0.9894644489460714,0.0,0.015496667953847644,0.0,-1.2276328413924804,0.0,1.8215541285146595,3.0039416175247466,4.519413678101403
0.9894622376074246,0.0,0.015477217484148207,0.0,-1.2284328413924803,0.0,1.8214193079540013,3.003939359863389,4.5206573551381135
0.9894600291347273,0.0,0.015457803626758398,0.0,-1.2292328413924802,0.0,1.8212851022095786,3.0039370690236744,4.521899005601456
0.9894578235293828,0.0,0.015438426289325357,0.0,-1.2300328413924801,0.0,1.8211515098937863,3.003934745042182,4.523138642465759
0.9894556207927429,0.0,0.0154190853797891,0.0,-1.23083284139248,0.0,1.8210185296233181,3.0039323879554676,4.524376278627568
0.9894534209261069,0.0,0.015399780806381737,0.0,-1.23163284139248,0.0,1.8208861600191777,3.003929997800036,4.5256119268967465
0.9894512239307239,0.0,0.015380512477626045,0.0,-1.2324328413924799,0.0,1.820754399706664,3.0039275746123666,4.526845600009994
0.98944902980779,0.0,0.015361280302334574,0.0,-1.2332328413924798,0.0,1.8206232473153543,3.0039251184289144,4.528077310633941
0.9894468385584526,0.0,0.015342084189608435,0.0,-1.2340328413924797,0.0,1.8204927014790686,3.0039226292860874,4.529307071340505
0.989444650183808,0.0,0.015322924048836254,0.0,-1.2348328413924796,0.0,1.8203627608358945,3.0039201072202673,4.530534894643987
0.9894424646849028,0.0,0.015303799789693122,0.0,-1.2356328413924795,0.0,1.8202334240281441,3.0039175522677963,4.531760792971002
0.9894402820627354,0.0,0.015284711322139329,0.0,-1.2364328413924794,0.0,1.8201046897023407,3.003914964464987,4.532984778669807
0.9894381023182537,0.0,0.015265658556419572,0.0,-1.2372328413924794,0.0,1.8199765565092243,3.003912343848115,4.5342068640283095
0.989435925452359,0.0,0.015246641403061527,0.0,-1.2380328413924793,0.0,1.8198490231036917,3.0039096904534235,4.535427061242731
0.9894337514659043,0.0,0.015227659772875116,0.0,-1.2388328413924792,0.0,1.819722088144837,3.003907004317111,4.536645382446187
0.9894315803596946,0.0,0.01520871357695122,0.0,-1.239632841392479,0.0,1.819595750295913,3.0039042854753504,4.537861839691345
0.9894294121344887,0.0,0.01518980272666067,0.0,-1.240432841392479,0.0,1.8194700082242932,3.003901533964274,4.539076444962288
0.9894272467909982,0.0,0.015170927133653244,0.0,-1.241232841392479,0.0,1.819344860601497,3.0038987498199745,4.540289210164238
0.9894250843298897,0.0,0.015152086709856488,0.0,-1.2420328413924788,0.0,1.8192203061031436,3.003895933078512,4.541500147141121
0.9894229247517821,0.0,0.01513328136747486,0.0,-1.2428328413924787,0.0,1.8190963434089782,3.003893083775914,4.542709267653631
0.9894207680572515,0.0,0.015114511018988409,0.0,-1.2436328413924786,0.0,1.8189729712027858,3.0038902019481597,4.543916583395725
0.9894186142468272,0.0,0.015095775577152122,0.0,-1.2444328413924786,0.0,1.8188501881724628,3.003887287631193,4.545122105986513
0.9894164633209951,0.0,0.01507707495499443,0.0,-1.2452328413924785,0.0,1.8187279930099352,3.003884340860929,4.546325846977084
0.989414315280197,0.0,0.015058409065816557,0.0,-1.2460328413924784,0.0,1.8186063844111875,3.0038813616732334,4.547527817851685
0.9894121701248304,0.0,0.015039777823191294,0.0,-1.2468328413924783,0.0,1.8184853610762235,3.003878350103943,4.548728030018322
0.9894100278552511,0.0,0.015021181140962027,0.0,-1.2476328413924782,0.0,1.8183649217090494,3.0038753061888404,4.549926494815593
0.98940788847177,0.0,0.01500261893324174,0.0,-1.2484328413924781,0.0,1.8182450650177053,3.003872229963691,4.55112322352419
0.9894057519746572,0.0,0.014984091114411959,0.0,-1.249232841392478,0.0,1.818125789714167,3.003869121464205,4.552318227333854
0.9894036183641405,0.0,0.014965597599121784,0.0,-1.250032841392478,0.0,1.8180070945144235,3.0038659807260526,4.553511517392911
0.9894014876404057,0.0,0.014947138302286828,0.0,-1.2508328413924779,0.0,1.817888978138398,3.003862807784874,4.554703104762916
0.9893993598035979,0.0,0.014928713139088301,0.0,-1.2516328413924778,0.0,1.817771439309963,3.0038596026762585,4.5558930004402125
0.9893972348538207,0.0,0.014910322024971922,0.0,-1.2524328413924777,0.0,1.8176544767569287,3.003856365435765,4.557081215362753
0.9893951127911382,0.0,0.014891964875646962,0.0,-1.2532328413924776,0.0,1.8175380892109996,3.0038530960989043,4.5582677603972055
0.9893929936155734,0.0,0.014873641607085365,0.0,-1.2540328413924775,0.0,1.8174222754078029,3.0038497947011455,4.5594526463397775
0.9893908773271101,0.0,0.014855352135520524,0.0,-1.2548328413924774,0.0,1.817307034086853,3.0038464612779263,4.560635883925305
0.9893887639256929,0.0,0.01483709637744655,0.0,-1.2556328413924773,0.0,1.817192363991527,3.003843095864629,4.5618174838295555
0.9893866534112271,0.0,0.014818874249617127,0.0,-1.2564328413924772,0.0,1.8170782638690737,3.0038396984966056,4.562997456645907
0.9893845457835799,0.0,0.014800685669044621,0.0,-1.2572328413924772,0.0,1.8169647324705782,3.0038362692091605,4.564175812917903
0.9893824410425802,0.0,0.014782530552999105,0.0,-1.258032841392477,0.0,1.816851768550978,3.0038328080375534,4.565352563120626
0.9893803391880183,0.0,0.014764408819007402,0.0,-1.258832841392477,0.0,1.8167393708690187,3.0038293150170103,4.566527717665799
0.9893782402196479,0.0,0.014746320384852055,0.0,-1.2596328413924769,0.0,1.8166275381872468,3.003825790182707,4.567701286898624
0.9893761441371852,0.0,0.014728265168570499,0.0,-1.2604328413924768,0.0,1.8165162692720251,3.003822233569778,4.568873281106886
0.9893740509403094,0.0,0.014710243088453992,0.0,-1.2612328413924767,0.0,1.816405562893482,3.003818645213318,4.570043710507104
0.9893719606286644,0.0,0.014692254063046738,0.0,-1.2620328413924766,0.0,1.8162954178255137,3.003815025148368,4.57121258526107
0.989369873201856,0.0,0.014674298011144914,0.0,-1.2628328413924765,0.0,1.8161858328457776,3.0038113734099445,4.572379915465696
0.9893677886594564,0.0,0.014656374851795757,0.0,-1.2636328413924764,0.0,1.8160768067356652,3.0038076900329966,4.573545711159299
0.989365707001,0.0,0.014638484504296683,0.0,-1.2644328413924764,0.0,1.8159683382803202,3.0038039750524526,4.574709982311771
0.9893636282259889,0.0,0.014620626888194144,0.0,-1.2652328413924763,0.0,1.8158604262685656,3.0038002285031773,4.57587273883942
0.989361552333889,0.0,0.01460280192328295,0.0,-1.2660328413924762,0.0,1.81575306949295,3.003796450419996,4.577033990593434
0.989359479324131,0.0,0.014585009529605234,0.0,-1.266832841392476,0.0,1.8156462667497177,3.0037926408377027,4.578193747367089
0.989357409196113,0.0,0.014567249627449565,0.0,-1.267632841392476,0.0,1.8155400168387759,3.00378879979103,4.579352018897785
0.989355341949199,0.0,0.014549522137349953,0.0,-1.268432841392476,0.0,1.815434318563701,3.0037849273146713,4.580508814849873
0.9893532775827188,0.0,0.014531826980085094,0.0,-1.2692328413924758,0.0,1.8153291707317276,3.003781023443277,4.581664144844565
0.9893512160959709,0.0,0.014514164076677261,0.0,-1.2700328413924757,0.0,1.815224572153719,3.003777088211444,4.582818018435064
0.9893491574882185,0.0,0.014496533348391663,0.0,-1.2708328413924757,0.0,1.815120521644169,3.0037731216537322,4.583970445117706
0.9893471017586941,0.0,0.014478934716735224,0.0,-1.2716328413924756,0.0,1.8150170180212002,3.00376912380466,4.585121434334079
0.9893450489065986,0.0,0.01446136810345597,0.0,-1.2724328413924755,0.0,1.814914060106508,3.0037650946986787,4.586270995468936
0.9893429989310991,0.0,0.014443833430542029,0.0,-1.2732328413924754,0.0,1.8148116467254132,3.003761034370217,4.587419137831373
0.9893409518313329,0.0,0.014426330620220723,0.0,-1.2740328413924753,0.0,1.8147097767067764,3.003756942853639,4.588565870707651
0.989338907606405,0.0,0.01440885959495768,0.0,-1.2748328413924752,0.0,1.8146084488830474,3.003752820183278,4.589711203295013
0.9893368662553899,0.0,0.014391420277456046,0.0,-1.2756328413924751,0.0,1.814507662090227,3.0037486663934096,4.59085514475243
0.9893348277773322,0.0,0.014374012590655448,0.0,-1.276432841392475,0.0,1.8144074151678367,3.003744481518266,4.5919977041772455
0.9893327921712454,0.0,0.014356636457731331,0.0,-1.277232841392475,0.0,1.8143077069589462,3.0037402655920244,4.59313889061254
0.989330759436113,0.0,0.014339291802093902,0.0,-1.2780328413924749,0.0,1.8142085363101406,3.0037360186488278,4.59427871303966
0.9893287295708884,0.0,0.014321978547387388,0.0,-1.2788328413924748,0.0,1.8141099020715055,3.0037317407227726,4.5954171803999015
0.9893267025744974,0.0,0.014304696617489066,0.0,-1.2796328413924747,0.0,1.8140118030965897,3.0037274318478877,4.596554301558411
0.989324678445835,0.0,0.01428744593650852,0.0,-1.2804328413924746,0.0,1.8139142382424631,3.00372309205817,4.597690085348022
0.9893226571837678,0.0,0.014270226428786772,0.0,-1.2812328413924745,0.0,1.8138172063696543,3.003718721387565,4.598824540532235
0.9893206387871336,0.0,0.014253038018895303,0.0,-1.2820328413924744,0.0,1.8137207063421288,3.003714319869974,4.599957675826068
0.9893186232547423,0.0,0.014235880631635372,0.0,-1.2828328413924743,0.0,1.813624737027312,3.0037098875392445,4.601089499892442
0.9893166105853768,0.0,0.014218754192037034,0.0,-1.2836328413924742,0.0,1.813529297296042,3.00370542442917,4.602220021336163
0.9893146007777901,0.0,0.014201658625358474,0.0,-1.2844328413924742,0.0,1.8134343860226072,3.0037009305735074,4.60334924871523
0.9893125938307091,0.0,0.014184593857084973,0.0,-1.285232841392474,0.0,1.8133400020846862,3.0036964060059623,4.604477190534785
0.9893105897428343,0.0,0.014167559812928202,0.0,-1.286032841392474,0.0,1.8132461443633434,3.003691850760179,4.605603855238468
0.9893085885128369,0.0,0.014150556418825368,0.0,-1.286832841392474,0.0,1.8131528117430604,3.003687264869778,4.606729251231507
0.9893065901393644,0.0,0.014133583600938356,0.0,-1.2876328413924738,0.0,1.813060003111666,3.0036826483682995,4.607853386852957
0.9893045946210361,0.0,0.014116641285652988,0.0,-1.2884328413924737,0.0,1.8129677173603505,3.003678001289251,4.608976270405247
0.9893026019564458,0.0,0.014099729399578105,0.0,-1.2892328413924736,0.0,1.8128759533836618,3.0036733236660913,4.610097910133979
0.9893006121441618,0.0,0.014082847869544784,0.0,-1.2900328413924735,0.0,1.8127847100794843,3.0036686155322254,4.611218314224338
0.9892986251827258,0.0,0.014065996622605607,0.0,-1.2908328413924735,0.0,1.8126939863490577,3.003663876921009,4.612337490829527
0.9892966410706548,0.0,0.014049175586033729,0.0,-1.2916328413924734,0.0,1.8126037810968894,3.0036591078657544,4.6134554480366115
0.9892946598064416,0.0,0.014032384687322173,0.0,-1.2924328413924733,0.0,1.812514093230824,3.0036543083997085,4.614572193890251
0.989292681388553,0.0,0.014015623854182951,0.0,-1.2932328413924732,0.0,1.8124249216619814,3.003649478556082,4.615687736389087
0.9892907058154322,0.0,0.013998893014546328,0.0,-1.294032841392473,0.0,1.8123362653047808,3.0036446183680248,4.616802083468644
0.9892887330854975,0.0,0.013982192096559997,0.0,-1.294832841392473,0.0,1.8122481230769054,3.0036397278686473,4.617915243032532
0.9892867631971435,0.0,0.01396552102858834,0.0,-1.295632841392473,0.0,1.8121604938992981,3.0036348070909944,4.619027222919541
0.9892847961487404,0.0,0.013948879739211514,0.0,-1.2964328413924728,0.0,1.8120733766961508,3.0036298560680805,4.620138030942661
0.9892828319386356,0.0,0.01393226815722484,0.0,-1.2972328413924727,0.0,1.8119867703948997,3.003624874832852,4.621247674833955
0.9892808705651533,0.0,0.013915686211637862,0.0,-1.2980328413924727,0.0,1.8119006739261885,3.0036198634182076,4.622356162306772
0.9892789120265946,0.0,0.01389913383167364,0.0,-1.2988328413924726,0.0,1.8118150862238944,3.003614821856999,4.623463501017019
0.9892769563212367,0.0,0.013882610946768058,0.0,-1.2996328413924725,0.0,1.8117300062250983,3.003609750182024,4.624569698563894
0.989275003447336,0.0,0.013866117486568881,0.0,-1.3004328413924724,0.0,1.811645432870066,3.0036046484260255,4.6256747625179795
0.9892730534031249,0.0,0.013849653380935151,0.0,-1.3012328413924723,0.0,1.811561365102255,3.003599516621703,4.626778700386274
0.9892711061868149,0.0,0.013833218559936286,0.0,-1.3020328413924722,0.0,1.8114778018682998,3.003594354801698,4.627881519634913
0.9892691617965949,0.0,0.013816812953851409,0.0,-1.3028328413924721,0.0,1.811394742117983,3.003589162998604,4.628983227689118
0.9892672202306331,0.0,0.013800436493168542,0.0,-1.303632841392472,0.0,1.8113121848042402,3.0035839412449565,4.630083831921337
0.9892652814870752,0.0,0.01378408910858395,0.0,-1.304432841392472,0.0,1.811230128883156,3.0035786895732395,4.6311833396632025
0.9892633455640456,0.0,0.013767770731001218,0.0,-1.3052328413924719,0.0,1.811148573313938,3.0035734080159013,4.632281758197737
0.9892614124596493,0.0,0.013751481291530672,0.0,-1.3060328413924718,0.0,1.8110675170589188,3.003568096605308,4.633379094762274
0.9892594821719689,0.0,0.013735220721488467,0.0,-1.3068328413924717,0.0,1.8109869590835324,3.003562755373804,4.634475356546773
0.9892575546990676,0.0,0.01371898895239601,0.0,-1.3076328413924716,0.0,1.8109068983563124,3.003557384353659,4.6355705507118055
0.9892556300389872,0.0,0.013702785915979161,0.0,-1.3084328413924715,0.0,1.8108273338488898,3.003551983577103,4.636664684352581
0.9892537081897511,0.0,0.013686611544167422,0.0,-1.3092328413924714,0.0,1.8107482645359507,3.0035465530762995,4.637757764531927
0.9892517891493605,0.0,0.01367046576909331,0.0,-1.3100328413924713,0.0,1.810669689395271,3.0035410928833817,4.638849798265056
0.9892498729157992,0.0,0.013654348523091518,0.0,-1.3108328413924712,0.0,1.8105916074076702,3.003535603030411,4.6399407925267235
0.9892479594870301,0.0,0.013638259738698366,0.0,-1.3116328413924712,0.0,1.8105140175570242,3.0035300835493963,4.6410307542442375
0.9892460488609978,0.0,0.013622199348650853,0.0,-1.312432841392471,0.0,1.8104369188302234,3.0035245344723043,4.642119690307603
0.989244141035627,0.0,0.013606167285886112,0.0,-1.313232841392471,0.0,1.810360310217211,3.0035189558310402,4.6432076075539
0.9892422360088243,0.0,0.013590163483540583,0.0,-1.314032841392471,0.0,1.8102841907109204,3.0035133476574583,4.644294512792229
0.9892403337784775,0.0,0.01357418787494939,0.0,-1.3148328413924708,0.0,1.8102085593073076,3.0035077099833574,4.645380412774656
0.9892384343424556,0.0,0.01355824039364556,0.0,-1.3156328413924707,0.0,1.8101334150053214,3.0035020428404886,4.646465314214447
0.98923653769861,0.0,0.013542320973359306,0.0,-1.3164328413924706,0.0,1.8100587568068853,3.003496346260544,4.647549223792248
0.9892346438447732,0.0,0.013526429548017421,0.0,-1.3172328413924705,0.0,1.8099845837169146,3.003490620275168,4.648632148135612
0.9892327527787612,0.0,0.013510566051742433,0.0,-1.3180328413924705,0.0,1.8099108947432705,3.003484864915939,4.6497140938397425
0.9892308644983709,0.0,0.01349473041885202,0.0,-1.3188328413924704,0.0,1.809837688896782,3.0034790802143982,4.650795067456685
0.9892289790013834,0.0,0.013478922583858235,0.0,-1.3196328413924703,0.0,1.8097649651912182,3.0034732662020187,4.651875075481039
0.9892270962855613,0.0,0.013463142481466893,0.0,-1.3204328413924702,0.0,1.8096927226432897,3.0034674229102265,4.652954124398921
0.98922521634865,0.0,0.013447390046576828,0.0,-1.32123284139247,0.0,1.8096209602726294,3.003461550370396,4.654032220623224
0.9892233391883789,0.0,0.013431665214279156,0.0,-1.32203284139247,0.0,1.809549677101778,3.0034556486138486,4.655109370546806
0.9892214648024614,0.0,0.013415967919856681,0.0,-1.32283284139247,0.0,1.8094788721561819,3.00344971767183,4.656185580519223
0.9892195931885923,0.0,0.013400298098783191,0.0,-1.3236328413924698,0.0,1.8094085444641967,3.0034437575755653,4.65726085683712
0.9892177243444521,0.0,0.01338465568672277,0.0,-1.3244328413924698,0.0,1.8093386930570614,3.0034377683561955,4.658335205772918
0.9892158582677044,0.0,0.013369040619529036,0.0,-1.3252328413924697,0.0,1.809269316968885,3.0034317500448244,4.659408633566434
0.9892139949559957,0.0,0.013353452833244638,0.0,-1.3260328413924696,0.0,1.8092004152366465,3.0034257026725104,4.66048114638326
0.9892121344069593,0.0,0.013337892264100433,0.0,-1.3268328413924695,0.0,1.8091319869001858,3.003419626270228,4.661552750392801
0.9892102766182117,0.0,0.013322358848514878,0.0,-1.3276328413924694,0.0,1.8090640310021735,3.0034135208689126,4.662623451697651
0.9892084215873529,0.0,0.013306852523093394,0.0,-1.3284328413924693,0.0,1.8089965465881521,3.0034073864994575,4.6636932563657885
0.9892065693119693,0.0,0.013291373224627647,0.0,-1.3292328413924692,0.0,1.8089295327064663,3.0034012231926797,4.664762170439632
0.9892047197896316,0.0,0.01327592089009491,0.0,-1.3300328413924691,0.0,1.8088629884082856,3.0033950309793536,4.665830199908919
0.9892028730178958,0.0,0.013260495456657381,0.0,-1.330832841392469,0.0,1.808796912747592,3.0033888098902004,4.666897350729966
0.9892010289943028,0.0,0.013245096861661641,0.0,-1.331632841392469,0.0,1.8087313047811817,3.0033825599558757,4.667963628834051
0.9891991877163803,0.0,0.0132297250426378,0.0,-1.3324328413924689,0.0,1.8086661635686003,3.003376281206984,4.669029040090074
0.9891973491816398,0.0,0.013214379937299006,0.0,-1.3332328413924688,0.0,1.8086014881722419,3.0033699736740873,4.670093590354407
0.98919551338758,0.0,0.013199061483540818,0.0,-1.3340328413924687,0.0,1.8085372776572013,3.003363637387669,4.6711572854308905
0.989193680331685,0.0,0.01318376961944035,0.0,-1.3348328413924686,0.0,1.8084735310913953,3.003357272378185,4.672220131084342
0.9891918500114251,0.0,0.013168504283255928,0.0,-1.3356328413924685,0.0,1.8084102475454729,3.003350878676014,4.673282133057137
0.9891900224242575,0.0,0.01315326541342621,0.0,-1.3364328413924684,0.0,1.8083474260928105,3.0033444563114826,4.6743432970447785
0.9891881975676243,0.0,0.013138052948569687,0.0,-1.3372328413924683,0.0,1.808285065809563,3.0033380053148777,4.675403628713999
0.9891863754389568,0.0,0.013122866827483912,0.0,-1.3380328413924683,0.0,1.8082231657745678,3.00333152571641,4.67646313368449
0.9891845560356702,0.0,0.013107706989145108,0.0,-1.3388328413924682,0.0,1.8081617250694115,3.0033250175462527,4.677521817547042
0.9891827393551695,0.0,0.013092573372707207,0.0,-1.339632841392468,0.0,1.80810074277838,3.0033184808345084,4.678579685857856
0.9891809253948449,0.0,0.013077465917501566,0.0,-1.340432841392468,0.0,1.8080402179884496,3.0033119156112305,4.679636744133619
0.9891791141520742,0.0,0.013062384563036126,0.0,-1.341232841392468,0.0,1.8079801497893129,3.0033053219064194,4.680692997862421
0.9891773056242229,0.0,0.013047329248994844,0.0,-1.3420328413924678,0.0,1.8079205372733256,3.0032986997500166,4.681748452488458
0.9891754998086446,0.0,0.013032299915236979,0.0,-1.3428328413924677,0.0,1.8078613795355079,3.0032920491719155,4.6828031134313175
0.9891736967026797,0.0,0.013017296501796791,0.0,-1.3436328413924676,0.0,1.807802675673575,3.0032853702019358,4.6838569860615795
0.9891718963036568,0.0,0.01300231894888255,0.0,-1.3444328413924675,0.0,1.8077444247878767,3.0032786628698647,4.6849100757251225
0.9891700986088925,0.0,0.01298736719687615,0.0,-1.3452328413924675,0.0,1.807686625981411,3.003271927205418,4.6859623877362715
0.9891683036156923,0.0,0.01297244118633241,0.0,-1.3460328413924674,0.0,1.807629278359827,3.0032651632382548,4.6870139273705105
0.9891665113213494,0.0,0.012957540857978492,0.0,-1.3468328413924673,0.0,1.807572381031376,3.0032583709979894,4.688064699866558
0.9891647217231451,0.0,0.012942666152713396,0.0,-1.3476328413924672,0.0,1.807515933106969,3.0032515505141664,4.68911471043374
0.9891629348183503,0.0,0.012927817011607128,0.0,-1.348432841392467,0.0,1.8074599337000965,3.0032447018162864,4.690163964246254
0.9891611506042235,0.0,0.012912993375900371,0.0,-1.349232841392467,0.0,1.8074043819268801,3.0032378249337923,4.691212466449582
0.9891593690780134,0.0,0.01289819518700364,0.0,-1.350032841392467,0.0,1.8073492769060149,3.0032309198960627,4.692260222149368
0.9891575902369569,0.0,0.012883422386496876,0.0,-1.3508328413924668,0.0,1.8072946177587919,3.0032239867324297,4.693307236415207
0.9891558140782801,0.0,0.012868674916128803,0.0,-1.3516328413924668,0.0,1.8072404036090783,3.0032170254721646,4.694353514296483
0.9891540405991993,0.0,0.012853952717816261,0.0,-1.3524328413924667,0.0,1.8071866335833167,3.0032100361444787,4.69539906080184
0.9891522697969187,0.0,0.012839255733643752,0.0,-1.3532328413924666,0.0,1.807133306810509,3.003203018778538,4.696443880907613
0.989150501668634,0.0,0.012824583905862693,0.0,-1.3540328413924665,0.0,1.8070804224221904,3.0031959734034404,4.697487979553872
0.9891487362115291,0.0,0.012809937176891046,0.0,-1.3548328413924664,0.0,1.807027979552487,3.0031889000482344,4.698531361657295
0.9891469734227785,0.0,0.012795315489312495,0.0,-1.3556328413924663,0.0,1.8069759773380187,3.003181798741915,4.699574032101405
0.9891452132995465,0.0,0.012780718785876064,0.0,-1.3564328413924662,0.0,1.8069244149179429,3.003174669513415,4.700615995729201
0.9891434558389883,0.0,0.012766147009495493,0.0,-1.3572328413924661,0.0,1.8068732914339418,3.0031675123916015,4.701657257362356
0.9891417010382474,0.0,0.01275160010324862,0.0,-1.358032841392466,0.0,1.8068226060302268,3.003160327405316,4.7026978217838735
0.9891399488944602,0.0,0.012737078010376756,0.0,-1.358832841392466,0.0,1.8067723578534765,3.0031531145833132,4.703737693750212
0.9891381994047521,0.0,0.012722580674284344,0.0,-1.3596328413924659,0.0,1.8067225460528895,3.0031458739543,4.704776877982506
0.9891364525662394,0.0,0.012708108038538144,0.0,-1.3604328413924658,0.0,1.806673169780141,3.0031386055469365,4.705815379179628
0.9891347083760293,0.0,0.012693660046866817,0.0,-1.3612328413924657,0.0,1.8066242281893947,3.003131309389813,4.7068532019908735
0.9891329668312202,0.0,0.012679236643160298,0.0,-1.3620328413924656,0.0,1.8065757204372843,3.0031239855114737,4.70789035105442
0.9891312279289007,0.0,0.012664837771469314,0.0,-1.3628328413924655,0.0,1.8065276456828918,3.0031166339404,4.70892683097693
0.9891294916661517,0.0,0.01265046337600468,0.0,-1.3636328413924654,0.0,1.806480003087766,3.003109254705019,4.709962646321482
0.9891277580400446,0.0,0.012636113401136927,0.0,-1.3644328413924653,0.0,1.8064327918159084,3.003101847833703,4.710997801622988
0.9891260270476426,0.0,0.012621787791395616,0.0,-1.3652328413924653,0.0,1.8063860110337386,3.00309441335476,4.712032301404488
0.9891242986860003,0.0,0.012607486491468818,0.0,-1.3660328413924652,0.0,1.8063396599101247,3.0030869512964564,4.713066150140056
0.9891225729521635,0.0,0.012593209446202699,0.0,-1.366832841392465,0.0,1.8062937376163584,3.003079461686985,4.714099352279358
0.9891208498431705,0.0,0.012578956600600724,0.0,-1.367632841392465,0.0,1.806248243326132,3.003071944554495,4.7151319122444955
0.9891191293560516,0.0,0.012564727899823292,0.0,-1.368432841392465,0.0,1.8062031762155524,3.0030643999270663,4.716163834431364
0.9891174114878276,0.0,0.0125505232891872,0.0,-1.3692328413924648,0.0,1.8061585354631402,3.003056827832748,4.717195123193589
0.9891156962355132,0.0,0.012536342714165063,0.0,-1.3700328413924647,0.0,1.8061143202497905,3.003049228299491,4.718225782873915
0.9891139835961147,0.0,0.012522186120384643,0.0,-1.3708328413924646,0.0,1.806070529758779,3.003041601355232,4.719255817775018
0.9891122735666306,0.0,0.012508053453628595,0.0,-1.3716328413924646,0.0,1.8060271631757683,3.0030339470278227,4.720285232174767
0.989110566144051,0.0,0.012493944659833755,0.0,-1.3724328413924645,0.0,1.8059842196887965,3.0030262653450768,4.721314030312956
0.9891088613253612,0.0,0.012479859685090562,0.0,-1.3732328413924644,0.0,1.8059416984882375,3.00301855633473,4.722342216418042
0.9891071591075364,0.0,0.01246579847564273,0.0,-1.3740328413924643,0.0,1.805899598766839,3.0030108200244765,4.723369794680044
0.9891054594875458,0.0,0.01245176097788648,0.0,-1.3748328413924642,0.0,1.8058579197196984,3.00300305644196,4.724396769258011
0.9891037624623518,0.0,0.012437747138370233,0.0,-1.3756328413924641,0.0,1.8058166605442219,3.002995265614744,4.7254231442854495
0.9891020680289094,0.0,0.012423756903793888,0.0,-1.376432841392464,0.0,1.8057758204401724,3.0029874475703604,4.726448923876368
0.9891003761841659,0.0,0.012409790221008604,0.0,-1.377232841392464,0.0,1.8057353986096445,3.0029796023362696,4.7274741121084976
0.9890986869250634,0.0,0.012395847037015845,0.0,-1.3780328413924638,0.0,1.8056953942570138,3.0029717299398815,4.728498713025231
0.989097000248536,0.0,0.012381927298967305,0.0,-1.3788328413924638,0.0,1.8056558065889996,3.0029638304085475,4.729522730667474
0.989095316151513,0.0,0.012368030954164005,0.0,-1.3796328413924637,0.0,1.8056166348145821,3.002955903769557,4.730546169017906
0.9890936346309143,0.0,0.012354157950056214,0.0,-1.3804328413924636,0.0,1.8055778781450835,3.0029479500501566,4.731569032056413
0.9890919556836565,0.0,0.012340308234242502,0.0,-1.3812328413924635,0.0,1.8055395357940616,3.0029399692775165,4.732591323717045
0.9890902793066481,0.0,0.012326481754469482,0.0,-1.3820328413924634,0.0,1.8055016069773886,3.0029319614787733,4.7336130479258465
0.9890886054967922,0.0,0.012312678458631331,0.0,-1.3828328413924633,0.0,1.8054640909131974,3.0029239266809804,4.734634208572823
0.9890869342509854,0.0,0.012298898294769139,0.0,-1.3836328413924632,0.0,1.8054269868218822,3.002915864911155,4.7356548095160935
0.9890852655661189,0.0,0.012285141211070452,0.0,-1.3844328413924631,0.0,1.8053902939260875,3.0029077761962517,4.736674854593256
0.9890835994390772,0.0,0.012271407155868884,0.0,-1.385232841392463,0.0,1.8053540114507198,3.002899660563169,4.737694347618456
0.9890819358667403,0.0,0.012257696077643456,0.0,-1.386032841392463,0.0,1.8053181386229118,3.002891518038743,4.738713292374682
0.9890802748459809,0.0,0.012244007925018285,0.0,-1.3868328413924629,0.0,1.8052826746720638,3.0028833486497595,4.739731692617733
0.9890786163736673,0.0,0.012230342646761847,0.0,-1.3876328413924628,0.0,1.8052476188297628,3.0028751524229564,4.74074955208854
0.9890769604466625,0.0,0.01221670019178679,0.0,-1.3884328413924627,0.0,1.805212970329835,3.0028669293849823,4.741766874490786
0.989075307061823,0.0,0.012203080509149134,0.0,-1.3892328413924626,0.0,1.8051787284083334,3.0028586795624683,4.742783663504673
0.9890736562160011,0.0,0.012189483548047986,0.0,-1.3900328413924625,0.0,1.8051448923034807,3.0028504029819696,4.743799922789426
0.9890720079060435,0.0,0.012175909257825066,0.0,-1.3908328413924624,0.0,1.8051114612557428,3.002842099669974,4.744815655970415
0.989070362128792,0.0,0.012162357587964067,0.0,-1.3916328413924623,0.0,1.8050784345077473,3.0028337696529324,4.745830866658426
0.9890687188810822,0.0,0.012148828488090305,0.0,-1.3924328413924623,0.0,1.8050458113043208,3.0028254129572427,4.746845558439443
0.9890670781597467,0.0,0.012135321907970209,0.0,-1.3932328413924622,0.0,1.8050135908924627,3.0028170296092185,4.747859734858441
0.989065439961612,0.0,0.012121837797510783,0.0,-1.394032841392462,0.0,1.8049817725213402,3.002808619635146,4.748873399453532
0.9890638042835004,0.0,0.012108376106759269,0.0,-1.394832841392462,0.0,1.8049503554422957,3.00280018306123,4.74988655572643
0.9890621711222294,0.0,0.012094936785902486,0.0,-1.395632841392462,0.0,1.804919338908825,3.0027917199136374,4.7508992071643705
0.9890605404746116,0.0,0.012081519785266549,0.0,-1.3964328413924618,0.0,1.804888722176563,3.0027832302184714,4.751911357228359
0.9890589123374556,0.0,0.012068125055316244,0.0,-1.3972328413924617,0.0,1.8048585045033083,3.0027747140017773,4.752923009344016
0.989057286707565,0.0,0.012054752546654673,0.0,-1.3980328413924616,0.0,1.804828685148989,3.00276617128955,4.753934166923133
0.98905566358174,0.0,0.012041402210022669,0.0,-1.3988328413924616,0.0,1.8047992633756433,3.0027576021077227,4.754944833345462
0.9890540429567762,0.0,0.01202807399629849,0.0,-1.3996328413924615,0.0,1.8047702384474644,3.0027490064821607,4.7559550119853435
0.9890524248294644,0.0,0.012014767856497218,0.0,-1.4004328413924614,0.0,1.8047416096307576,3.002740384438698,4.756964706177165
0.9890508091965926,0.0,0.012001483741770302,0.0,-1.4012328413924613,0.0,1.8047133761939025,3.0027317360030947,4.757973919219864
0.9890491960549435,0.0,0.011988221603405232,0.0,-1.4020328413924612,0.0,1.804685537407431,3.00272306120106,4.758982654423657
0.9890475854012972,0.0,0.01197498139282496,0.0,-1.4028328413924611,0.0,1.804658092543934,3.002714360058233,4.759990915045719
0.9890459772324286,0.0,0.011961763061587477,0.0,-1.403632841392461,0.0,1.8046310408781197,3.0027056326002244,4.760998704327484
0.98904437154511,0.0,0.011948566561385356,0.0,-1.404432841392461,0.0,1.8046043816867683,3.0026968788525616,4.762006025493857
0.9890427683361099,0.0,0.011935391844045276,0.0,-1.4052328413924609,0.0,1.8045781142487145,3.0026880988407303,4.763012881745167
0.9890411676021928,0.0,0.011922238861527722,0.0,-1.4060328413924608,0.0,1.804552237844901,3.0026792925901438,4.764019276249232
0.9890395693401196,0.0,0.01190910756592625,0.0,-1.4068328413924607,0.0,1.8045267517583183,3.002670460126188,4.765025212166557
0.9890379735466485,0.0,0.011895997909467292,0.0,-1.4076328413924606,0.0,1.8045016552740056,3.002661601474169,4.7660306926161375
0.9890363802185336,0.0,0.011882909844509675,0.0,-1.4084328413924605,0.0,1.8044769476790674,3.002652716659335,4.76703572071101
0.9890347893525264,0.0,0.01186984332354403,0.0,-1.4092328413924604,0.0,1.8044526282626476,3.002643805706889,4.768040299529952
0.9890332009453758,0.0,0.011856798299192475,0.0,-1.4100328413924603,0.0,1.8044286963159029,3.002634868641965,4.76904443214247
0.9890316149938243,0.0,0.011843774724208266,0.0,-1.4108328413924602,0.0,1.804405151132082,3.00262590548967,4.770048121580836
0.9890300314946158,0.0,0.011830772551475044,0.0,-1.4116328413924601,0.0,1.8043819920063842,3.0026169162750183,4.771051370862663
0.9890284504444882,0.0,0.011817791734006773,0.0,-1.41243284139246,0.0,1.8043592182360864,3.0026079010229862,4.772054182996791
0.9890268718401785,0.0,0.011804832224947026,0.0,-1.41323284139246,0.0,1.8043368291204445,3.002598859758483,4.7730565609384055
0.9890252956784189,0.0,0.011791893977568654,0.0,-1.4140328413924599,0.0,1.8043148239607265,3.0025897925063894,4.774058507645641
0.98902372195594,0.0,0.011778976945273495,0.0,-1.4148328413924598,0.0,1.8042932020602132,3.002580699291492,4.775060026053694
0.9890221506694706,0.0,0.011766081081591625,0.0,-1.4156328413924597,0.0,1.8042719627241623,3.0025715801385346,4.776061119059319
0.9890205818157348,0.0,0.011753206340181213,0.0,-1.4164328413924596,0.0,1.8042511052598251,3.0025624350722273,4.777061789559257
0.9890190153914552,0.0,0.011740352674828031,0.0,-1.4172328413924595,0.0,1.8042306289764451,3.0025532641171964,4.778062040412417
0.9890174513933521,0.0,0.011727520039444887,0.0,-1.4180328413924594,0.0,1.8042105331852203,3.002544067298027,4.779061874474234
0.9890158898181443,0.0,0.011714708388071376,0.0,-1.4188328413924594,0.0,1.804190817199319,3.0025348446392224,4.780061294557201
0.9890143306625461,0.0,0.011701917674873365,0.0,-1.4196328413924593,0.0,1.80417148033389,3.0025255961652744,4.781060303459288
0.9890127739232707,0.0,0.011689147854142663,0.0,-1.4204328413924592,0.0,1.8041525219060233,3.002516321900584,4.782058903978176
0.9890112195970299,0.0,0.011676398880296457,0.0,-1.421232841392459,0.0,1.804133941234758,3.0025070218695,4.783057098855374
0.989009667680532,0.0,0.01166367070787703,0.0,-1.422032841392459,0.0,1.8041157376410788,3.0024976960963268,4.784054890843957
0.9890081181704834,0.0,0.011650963291551285,0.0,-1.422832841392459,0.0,1.8040979104479253,3.0024883446053146,4.785052282653958
0.9890065710635897,0.0,0.011638276586110333,0.0,-1.4236328413924588,0.0,1.8040804589801376,3.0024789674206374,4.7860492769951035
0.9890050263565535,0.0,0.011625610546469113,0.0,-1.4244328413924587,0.0,1.804063382564504,3.00246956456643,4.787045876530704
0.9890034840460754,0.0,0.01161296512766595,0.0,-1.4252328413924586,0.0,1.804046680529726,3.0024601360667735,4.788042083925971
0.9890019441288554,0.0,0.011600340284862145,0.0,-1.4260328413924586,0.0,1.8040303522064198,3.0024506819456738,4.789037901820076
0.9890004066015907,0.0,0.011587735973341588,0.0,-1.4268328413924585,0.0,1.8040143969271067,3.0024412022271005,4.7900333328261695
0.9889988714609762,0.0,0.011575152148510385,0.0,-1.4276328413924584,0.0,1.8039988140262209,3.0024316969349703,4.791028379541016
0.9889973387037075,0.0,0.011562588765896357,0.0,-1.4284328413924583,0.0,1.8039836028400558,3.0024221660931114,4.7920230445449326
0.9889958083264758,0.0,0.011550045781148755,0.0,-1.4292328413924582,0.0,1.8039687627068568,3.0024126097253427,4.793017330397415
0.9889942803259733,0.0,0.01153752315003774,0.0,-1.4300328413924581,0.0,1.8039542929666843,3.002403027855388,4.794011239629236
0.988992754698889,0.0,0.011525020828454094,0.0,-1.430832841392458,0.0,1.803940192961534,3.002393420506937,4.795004774760045
0.9889912314419119,0.0,0.011512538772408766,0.0,-1.431632841392458,0.0,1.8039264620352446,3.002383787703607,4.795997938295377
0.9889897105517284,0.0,0.011500076938032464,0.0,-1.4324328413924579,0.0,1.8039130995335257,3.0023741294689854,4.796990732705622
0.9889881920250237,0.0,0.011487635281575332,0.0,-1.4332328413924578,0.0,1.8039001048039622,3.002364445826584,4.797983160452917
0.9889866758584833,0.0,0.011475213759406439,0.0,-1.4340328413924577,0.0,1.8038874771959514,3.002354736799862,4.798975223978489
0.9889851620487901,0.0,0.011462812328013524,0.0,-1.4348328413924576,0.0,1.8038752160608056,3.0023450024122202,4.799966925700884
0.988983650592627,0.0,0.01145043094400244,0.0,-1.4356328413924575,0.0,1.8038633207516017,3.002335242687009,4.800958268032518
0.9889821414866745,0.0,0.011438069564097016,0.0,-1.4364328413924574,0.0,1.8038517906233418,3.002325457647527,4.801949253340214
0.988980634727613,0.0,0.011425728145138416,0.0,-1.4372328413924573,0.0,1.8038406250327874,3.0023156473170074,4.802939883996881
0.9889791303121218,0.0,0.011413406644084852,0.0,-1.4380328413924572,0.0,1.803829823338567,3.0023058117186405,4.803930162353619
0.9889776282368795,0.0,0.011401105018011252,0.0,-1.4388328413924572,0.0,1.8038193849011184,3.002295950875549,4.804920090731325
0.9889761284985639,0.0,0.011388823224108818,0.0,-1.439632841392457,0.0,1.8038093090826888,3.0022860648108014,4.805909671435732
0.988974631093852,0.0,0.011376561219684611,0.0,-1.440432841392457,0.0,1.803799595247336,3.002276153547417,4.806898906758433
0.98897313601942,0.0,0.011364318962161305,0.0,-1.4412328413924569,0.0,1.803790242760925,3.002266217108352,4.8078877989707225
0.9889716432719428,0.0,0.011352096409076673,0.0,-1.4420328413924568,0.0,1.8037812509911326,3.0022562555165258,4.808876350322677
0.9889701528480969,0.0,0.011339893518083217,0.0,-1.4428328413924567,0.0,1.8037726193074015,3.002246268794768,4.809864563059993
0.9889686647445551,0.0,0.011327710246947948,0.0,-1.4436328413924566,0.0,1.8037643470809794,3.002236256965893,4.810852439381853
0.9889671789579919,0.0,0.011315546553551844,0.0,-1.4444328413924565,0.0,1.8037564336848984,3.0022262200526315,4.811839981502971
0.9889656954850814,0.0,0.011303402395889495,0.0,-1.4452328413924564,0.0,1.8037488784939575,3.0022161580776636,4.812827191594295
0.9889642143224961,0.0,0.011291277732068828,0.0,-1.4460328413924564,0.0,1.803741680884722,3.002206071063626,4.813814071814188
0.9889627354669086,0.0,0.011279172520310684,0.0,-1.4468328413924563,0.0,1.8037348402355493,3.002195959033094,4.814800624316187
0.9889612589149918,0.0,0.011267086718948443,0.0,-1.4476328413924562,0.0,1.8037283559265234,3.0021858220085775,4.815786851226347
0.9889597846634175,0.0,0.011255020286427601,0.0,-1.448432841392456,0.0,1.8037222273395042,3.002175660012558,4.816772754650406
0.9889583127088577,0.0,0.011242973181305587,0.0,-1.449232841392456,0.0,1.8037164538580925,3.0021654730674316,4.817758336680447
0.9889568430479853,0.0,0.011230945362251193,0.0,-1.450032841392456,0.0,1.8037110348676315,3.0021552611955404,4.818743599395384
0.9889553756774713,0.0,0.01121893678804431,0.0,-1.4508328413924558,0.0,1.8037059697552036,3.002145024419197,4.819728544841026
0.9889539105939871,0.0,0.01120694741757557,0.0,-1.4516328413924557,0.0,1.8037012579096452,3.002134762760655,4.820713175063704
0.988952447794205,0.0,0.011194977209845983,0.0,-1.4524328413924557,0.0,1.8036968987214848,3.0021244762420882,4.821697492090238
0.9889509872747971,0.0,0.011183026123966511,0.0,-1.4532328413924556,0.0,1.8036928915829886,3.002114164885635,4.822681497914743
0.9889495290324342,0.0,0.011171094119157935,0.0,-1.4540328413924555,0.0,1.8036892358881722,3.002103828713377,4.823665194531031
0.988948073063789,0.0,0.0111591811547501,0.0,-1.4548328413924554,0.0,1.803685931032693,3.0020934677473403,4.824648583909262
0.9889466193655333,0.0,0.011147287190181963,0.0,-1.4556328413924553,0.0,1.803682976413986,3.0020830820094946,4.825631668003089
0.9889451679343398,0.0,0.011135412185001022,0.0,-1.4564328413924552,0.0,1.8036803714311598,3.0020726715217503,4.826614448750654
0.9889437187668819,0.0,0.011123556098862994,0.0,-1.4572328413924551,0.0,1.803678115484989,3.00206223630596,4.827596928068647
0.9889422718598312,0.0,0.011111718891531478,0.0,-1.458032841392455,0.0,1.8036762079779924,3.002051776383958,4.828579107864386
0.9889408272098618,0.0,0.011099900522877739,0.0,-1.458832841392455,0.0,1.8036746483143495,3.002041291777465,4.829560990023276
0.9889393848136474,0.0,0.011088100952880034,0.0,-1.4596328413924549,0.0,1.803673435899914,3.0020307825081955,4.830542576418067
0.9889379446678619,0.0,0.011076320141623654,0.0,-1.4604328413924548,0.0,1.8036725701422378,3.0020202485977854,4.8315238689016855
0.9889365067691801,0.0,0.011064558049300278,0.0,-1.4612328413924547,0.0,1.80367205045052,3.0020096900678244,4.83250486930393
0.9889350711142777,0.0,0.011052814636207746,0.0,-1.4620328413924546,0.0,1.8036718762356356,3.001999106939844,4.8334855794589435
0.98893363769983,0.0,0.011041089862749804,0.0,-1.4628328413924545,0.0,1.803672046910113,3.0019884992353227,4.834466001161259
0.9889322065225135,0.0,0.011029383689435575,0.0,-1.4636328413924544,0.0,1.8036725618881582,3.001977866975692,4.835446136204316
0.9889307775790056,0.0,0.01101769607687939,0.0,-1.4644328413924543,0.0,1.8036734205855973,3.0019672101823045,4.836425986362632
0.9889293508659825,0.0,0.01100602698580038,0.0,-1.4652328413924542,0.0,1.8036746224199505,3.0019565288765064,4.8374055533914335
0.9889279263801248,0.0,0.010994376377022054,0.0,-1.4660328413924542,0.0,1.8036761668103003,3.00194582307953,4.838384839026544
0.9889265041181106,0.0,0.01098274421147214,0.0,-1.466832841392454,0.0,1.8036780531774392,3.001935092812597,4.839363844996842
0.9889250840766196,0.0,0.010971130450182127,0.0,-1.467632841392454,0.0,1.8036802809437558,3.0019243380968628,4.840342573018492
0.9889236662523337,0.0,0.010959535054286939,0.0,-1.468432841392454,0.0,1.8036828495332649,3.001913558953417,4.841321024771844
0.988922250641934,0.0,0.010947957985024659,0.0,-1.4692328413924538,0.0,1.8036857583716248,3.001902755403315,4.842299201942864
0.9889208372421037,0.0,0.010936399203736149,0.0,-1.4700328413924537,0.0,1.8036890068860731,3.001891927467536,4.843277106186313
0.9889194260495259,0.0,0.010924858671864782,0.0,-1.4708328413924536,0.0,1.8036925945054916,3.0018810751670255,4.84425473916466
0.9889180170608853,0.0,0.010913336350955982,0.0,-1.4716328413924535,0.0,1.8036965206603506,3.0018701985226723,4.84523210249347
0.9889166102728681,0.0,0.010901832202657055,0.0,-1.4724328413924535,0.0,1.8037007847827233,3.001859297555297,4.846209197792162
0.9889152056821612,0.0,0.01089034618871676,0.0,-1.4732328413924534,0.0,1.80370538630627,3.0018483722856737,4.847186026662311
0.9889138032854516,0.0,0.01087887827098506,0.0,-1.4740328413924533,0.0,1.803710324666287,3.001837422734532,4.848162590692268
0.9889124030794293,0.0,0.010867428411412696,0.0,-1.4748328413924532,0.0,1.803715599299604,3.0018264489225346,4.849138891452565
0.9889110050607844,0.0,0.010855996572050969,0.0,-1.475632841392453,0.0,1.8037212096446509,3.0018154508702906,4.850114930497868
0.9889096092262079,0.0,0.01084458271505136,0.0,-1.476432841392453,0.0,1.803727155141451,3.001804428598375,4.851090709356567
0.988908215572393,0.0,0.010833186802665214,0.0,-1.477232841392453,0.0,1.8037334352315835,3.001793382127283,4.852066229566846
0.9889068240960333,0.0,0.010821808797243478,0.0,-1.4780328413924528,0.0,1.8037400493582039,3.0017823114774713,4.853041492635614
0.9889054347938242,0.0,0.0108104486612363,0.0,-1.4788328413924527,0.0,1.803746996966027,3.0017712166693404,4.854016500061397
0.9889040476624625,0.0,0.010799106357192738,0.0,-1.4796328413924527,0.0,1.803754277501322,3.001760097723239,4.854991253313184
0.9889026626986468,0.0,0.010787781847760473,0.0,-1.4804328413924526,0.0,1.8037618904119082,3.001748954659453,4.855965753873243
0.9889012798990764,0.0,0.010776475095685526,0.0,-1.4812328413924525,0.0,1.8037698351471723,3.0017377874982154,4.856940003186526
0.9888998992604516,0.0,0.010765186063811851,0.0,-1.4820328413924524,0.0,1.8037781111580486,3.001726596259728,4.8579140026852725
0.9888985207794752,0.0,0.010753914715081076,0.0,-1.4828328413924523,0.0,1.803786717896976,3.0017153809641233,4.858887753789053
0.9888971444528515,0.0,0.010742661012532203,0.0,-1.4836328413924522,0.0,1.8037956548179628,3.0017041416314667,4.859861257917834
0.9888957702772854,0.0,0.010731424919301293,0.0,-1.4844328413924521,0.0,1.8038049213765417,3.0016928782818013,4.860834516453967
0.9888943982494847,0.0,0.010720206398621125,0.0,-1.485232841392452,0.0,1.8038145170297568,3.0016815909350854,4.8618075307833735
0.9888930283661584,0.0,0.0107090054138209,0.0,-1.486032841392452,0.0,1.8038244412361824,3.00167027961124,4.862780302265417
0.9888916606240159,0.0,0.01069782192832605,0.0,-1.4868328413924519,0.0,1.803834693455922,3.0016589443301434,4.863752832257043
0.9888902950197698,0.0,0.010686655905657738,0.0,-1.4876328413924518,0.0,1.8038452731505812,3.001647585111599,4.864725122094303
0.9888889315501344,0.0,0.010675507309432668,0.0,-1.4884328413924517,0.0,1.8038561797832613,3.0016362019753613,4.865697173090302
0.9888875702118242,0.0,0.01066437610336278,0.0,-1.4892328413924516,0.0,1.8038674128185863,3.001624794941155,4.866668986563513
0.988886211001557,0.0,0.010653262251254954,0.0,-1.4900328413924515,0.0,1.8038789717226755,3.001613364028623,4.8676405638034295
0.9888848539160524,0.0,0.010642165717010607,0.0,-1.4908328413924514,0.0,1.803890855963131,3.001601909257369,4.868611906092863
0.9888834989520311,0.0,0.010631086464625579,0.0,-1.4916328413924513,0.0,1.8039030650090626,3.001590430646937,4.869583014700273
0.9888821461062156,0.0,0.010620024458189672,0.0,-1.4924328413924512,0.0,1.8039155983310549,3.001578928216834,4.870553890878195
0.9888807953753301,0.0,0.01060897966188648,0.0,-1.4932328413924512,0.0,1.803928455401183,3.001567401986503,4.871524535862835
0.9888794467561021,0.0,0.010597952039992926,0.0,-1.494032841392451,0.0,1.8039416356929827,3.0015558519753314,4.872494950879655
0.9888781002452599,0.0,0.010586941556879163,0.0,-1.494832841392451,0.0,1.8039551386814783,3.00154427820265,4.873465137141048
0.9888767558395343,0.0,0.010575948177008127,0.0,-1.495632841392451,0.0,1.803968963843149,3.0015326806877463,4.874435095857052
0.9888754135356579,0.0,0.010564971864935331,0.0,-1.4964328413924508,0.0,1.8039831106559474,3.0015210594498503,4.875404828191894
0.988874073330364,0.0,0.010554012585308596,0.0,-1.4972328413924507,0.0,1.8039975785992908,3.0015094145081576,4.876374335337709
0.9888727352203905,0.0,0.01054307030286758,0.0,-1.4980328413924506,0.0,1.804012367154044,3.0014977458817893,4.877343618438413
0.9888713992024761,0.0,0.010532144982443772,0.0,-1.4988328413924505,0.0,1.8040274758025079,3.0014860535898045,4.878312678652125
0.9888700652733611,0.0,0.010521236588959947,0.0,-1.4996328413924505,0.0,1.804042904028461,3.001474337651247,4.8792815170993915
0.9888687334297882,0.0,0.010510345087430057,0.0,-1.5004328413924504,0.0,1.8040586513171097,3.0014625980850833,4.880250134901923
0.9888674036685029,0.0,0.010499470442958823,0.0,-1.5012328413924503,0.0,1.8040747171550873,3.0014508349102287,4.881218533165407
0.9888660759862531,0.0,0.010488612620741505,0.0,-1.5020328413924502,0.0,1.8040911010304796,3.0014390481455404,4.882186712981523
0.9888647503797873,0.0,0.010477771586063655,0.0,-1.50283284139245,0.0,1.8041078024327808,3.0014272378098483,4.883154675440162
0.9888634268458578,0.0,0.01046694730430078,0.0,-1.50363284139245,0.0,1.804124820852946,3.001415403921897,4.884122421589651
0.9888621053812178,0.0,0.010456139740918064,0.0,-1.50443284139245,0.0,1.8041421557833075,3.0014035465004167,4.885089952500704
0.988860785982625,0.0,0.010445348861470026,0.0,-1.5052328413924498,0.0,1.8041598067176476,3.0013916655640474,4.8860572692017525
0.9888594686468368,0.0,0.010434574631600456,0.0,-1.5060328413924498,0.0,1.8041777731511381,3.001379761131402,4.887024372722219
0.988858153370615,0.0,0.010423817017041873,0.0,-1.5068328413924497,0.0,1.8041960545803943,3.0013678332210305,4.887991264089331
0.9888568401507218,0.0,0.010413075983615457,0.0,-1.5076328413924496,0.0,1.8042146505033931,3.001355881851443,4.888957944289364
0.9888555289839239,0.0,0.01040235149723058,0.0,-1.5084328413924495,0.0,1.8042335604195399,3.001343907041083,4.889924414321527
0.988854219866989,0.0,0.010391643523884735,0.0,-1.5092328413924494,0.0,1.8042527838296267,3.0013319088083463,4.890890675163064
0.9888529127966875,0.0,0.01038095202966307,0.0,-1.5100328413924493,0.0,1.8042723202358397,3.0013198871715847,4.891856727777951
0.9888516077697929,0.0,0.01037027698073825,0.0,-1.5108328413924492,0.0,1.8042921691417506,3.001307842149087,4.892822573114494
0.9888503047830798,0.0,0.010359618343370139,0.0,-1.5116328413924491,0.0,1.804312330052328,3.0012957737591064,4.893788212117116
0.9888490038333264,0.0,0.010348976083905554,0.0,-1.512432841392449,0.0,1.804332802473915,3.0012836820198254,4.894753645708147
0.9888477049173138,0.0,0.010338350168777861,0.0,-1.513232841392449,0.0,1.8043535859142041,3.001271566949383,4.895718874809192
0.9888464080318243,0.0,0.010327740564506933,0.0,-1.5140328413924489,0.0,1.8043746798822928,3.0012594285658714,4.896683900318399
0.9888451131736437,0.0,0.01031714723769871,0.0,-1.5148328413924488,0.0,1.8043960838886555,3.0012472668873245,4.897648723134203
0.9888438203395599,0.0,0.010306570155044952,0.0,-1.5156328413924487,0.0,1.804417797445085,3.0012350819317364,4.898613344116777
0.9888425295263642,0.0,0.010296009283323046,0.0,-1.5164328413924486,0.0,1.804439820064773,3.001222873717026,4.899577764150498
0.9888412407308493,0.0,0.010285464589395705,0.0,-1.5172328413924485,0.0,1.804462151262249,3.0012106422610874,4.900541984081481
0.9888399539498118,0.0,0.010274936040210621,0.0,-1.5180328413924484,0.0,1.804484790553406,3.0011983875817503,4.90150600475411
0.9888386691800507,0.0,0.010264423602800356,0.0,-1.5188328413924483,0.0,1.8045077374554854,3.0011861096967816,4.9024698270025855
0.9888373864183659,0.0,0.010253927244281974,0.0,-1.5196328413924483,0.0,1.8045309914870502,3.001173808623941,4.903433451626567
0.9888361056615633,0.0,0.010243446931856796,0.0,-1.5204328413924482,0.0,1.8045545521680335,3.001161484380865,4.904396879460751
0.9888348269064482,0.0,0.010232982632810122,0.0,-1.521232841392448,0.0,1.8045784190196945,3.0011491369852226,4.905360111272559
0.9888335501498313,0.0,0.010222534314511034,0.0,-1.522032841392448,0.0,1.8046025915646082,3.001136766454556,4.906323147863812
0.9888322753885243,0.0,0.010212101944412107,0.0,-1.522832841392448,0.0,1.8046270693267084,3.0011243728064065,4.9072859899992345
0.9888310026193423,0.0,0.010201685490049118,0.0,-1.5236328413924478,0.0,1.8046518518312387,3.001111956058242,4.90824863843762
0.9888297318391032,0.0,0.010191284919040791,0.0,-1.5244328413924477,0.0,1.8046769386047574,3.0010995162274976,4.909211093921701
0.9888284630446283,0.0,0.010180900199088613,0.0,-1.5252328413924476,0.0,1.8047023291751427,3.00108705333152,4.910173357190111
0.9888271962327408,0.0,0.010170531297976477,0.0,-1.5260328413924475,0.0,1.804728023071581,3.0010745673876564,4.911135428971531
0.9888259314002678,0.0,0.01016017818357051,0.0,-1.5268328413924475,0.0,1.8047540198245962,3.0010620584131553,4.912097309979217
0.9888246685440373,0.0,0.010149840823818836,0.0,-1.5276328413924474,0.0,1.8047803189659968,3.001049526425254,4.913059000908393
0.988823407660882,0.0,0.010139519186751189,0.0,-1.5284328413924473,0.0,1.8048069200288923,3.0010369714411245,4.914020502452867
0.9888221487476377,0.0,0.010129213240478795,0.0,-1.5292328413924472,0.0,1.804833822547679,3.0010243934778638,4.9149818152841895
0.988820891801142,0.0,0.010118922953194056,0.0,-1.530032841392447,0.0,1.8048610260580846,3.0010117925525615,4.91594294008053
0.9888196368182365,0.0,0.010108648293170363,0.0,-1.530832841392447,0.0,1.8048885300970763,3.000999168682208,4.916903877486608
0.9888183837957636,0.0,0.010098389228761776,0.0,-1.531632841392447,0.0,1.8049163342029764,3.0009865218838114,4.9178646281556135
0.988817132730572,0.0,0.010088145728402761,0.0,-1.5324328413924468,0.0,1.8049444379153243,3.000973852174254,4.9188251927191535
0.9888158836195109,0.0,0.010077917760608086,0.0,-1.5332328413924468,0.0,1.8049728407749683,3.000961159570412,4.919785571796745
0.9888146364594333,0.0,0.010067705293972393,0.0,-1.5340328413924467,0.0,1.8050015423240424,3.0009484440891026,4.9207457659941625
0.9888133912471958,0.0,0.010057508297170026,0.0,-1.5348328413924466,0.0,1.8050305421059236,3.0009357057470902,4.921705775933065
0.9888121479796567,0.0,0.010047326738954879,0.0,-1.5356328413924465,0.0,1.8050598396652904,3.0009229445610948,4.922665602174741
0.9888109066536785,0.0,0.01003716058816001,0.0,-1.5364328413924464,0.0,1.8050894345480557,3.000910160547773,4.923625245307096
0.9888096672661264,0.0,0.010027009813697453,0.0,-1.5372328413924463,0.0,1.80511932630143,3.0008973537237504,4.924584705906107
0.9888084298138687,0.0,0.010016874384558012,0.0,-1.5380328413924462,0.0,1.8051495144738496,3.0008845241055817,4.925543984518911
0.988807194293777,0.0,0.010006754269810935,0.0,-1.5388328413924461,0.0,1.8051799986150032,3.000871671709792,4.926503081689048
0.9888059607027253,0.0,0.009996649438603813,0.0,-1.539632841392446,0.0,1.8052107782758622,3.0008587965528433,4.9274619979607674
0.9888047290375922,0.0,0.00998655986016219,0.0,-1.540432841392446,0.0,1.8052418530086165,3.0008458986511366,4.928420733843427
0.9888034992952573,0.0,0.009976485503789385,0.0,-1.5412328413924459,0.0,1.805273222366713,3.000832978021072,4.929379289861794
0.988802271472606,0.0,0.009966426338866288,0.0,-1.5420328413924458,0.0,1.8053048859048213,3.000820034678932,4.930337666511522
0.9888010455665243,0.0,0.009956382334851147,0.0,-1.5428328413924457,0.0,1.8053368431788959,3.0008070686409987,4.931295864285858
0.9887998215739038,0.0,0.009946353461279157,0.0,-1.5436328413924456,0.0,1.8053690937460365,3.0007940799234714,4.932253883667757
0.9887985994916373,0.0,0.009936339687762412,0.0,-1.5444328413924455,0.0,1.8054016371646564,3.0007810685425413,4.933211725115556
0.9887973793166218,0.0,0.009926340983989656,0.0,-1.5452328413924454,0.0,1.8054344729943559,3.000768034514308,4.934169389102796
0.9887961610457577,0.0,0.009916357319725927,0.0,-1.5460328413924453,0.0,1.8054676007959685,3.0007549778548417,4.935126876072426
0.9887949446759481,0.0,0.009906388664812422,0.0,-1.5468328413924453,0.0,1.8055010201315338,3.0007418985801664,4.9360841864633676
0.9887937302040996,0.0,0.00989643498916629,0.0,-1.5476328413924452,0.0,1.8055347305643141,3.0007287967062424,4.937041320704948
0.9887925176271217,0.0,0.009886496262780287,0.0,-1.548432841392445,0.0,1.8055687316587934,3.0007156722489987,4.9379982792173935
0.9887913069419284,0.0,0.009876572455722604,0.0,-1.549232841392445,0.0,1.8056030229806426,3.0007025252243014,4.938955062392435
0.988790098145436,0.0,0.009866663538136724,0.0,-1.550032841392445,0.0,1.8056376040967597,3.000689355647964,4.939911670644413
0.9887888912345646,0.0,0.00985676948024105,0.0,-1.5508328413924448,0.0,1.8056724745752215,3.0006761635357537,4.940868104360137
0.9887876862062362,0.0,0.009846890252328776,0.0,-1.5516328413924447,0.0,1.8057076339853397,3.000662948903418,4.941824363899931
0.9887864830573788,0.0,0.009837025824767634,0.0,-1.5524328413924446,0.0,1.8057430818975717,3.0006497117665956,4.942780449644584
0.9887852817849214,0.0,0.009827176167999652,0.0,-1.5532328413924446,0.0,1.805778817883602,3.000636452140925,4.943736361942508
0.9887840823857977,0.0,0.009817341252540872,0.0,-1.5540328413924445,0.0,1.8058148415162845,3.0006231700419885,4.944692101142116
0.9887828848569439,0.0,0.009807521048981343,0.0,-1.5548328413924444,0.0,1.8058511523696836,3.0006098654853006,4.945647667576047
0.9887816891953001,0.0,0.009797715527984616,0.0,-1.5556328413924443,0.0,1.8058877500190138,3.000596538486345,4.9466030615760594
0.9887804953978093,0.0,0.009787924660287703,0.0,-1.5564328413924442,0.0,1.8059246340406945,3.000583189060559,4.947558283451584
0.9887793034614194,0.0,0.009778148416700806,0.0,-1.5572328413924441,0.0,1.8059618040122867,3.0005698172232993,4.9485133335149945
0.9887781133830805,0.0,0.009768386768107078,0.0,-1.558032841392444,0.0,1.8059992595125363,3.000556422989896,4.94946821204988
0.9887769251597456,0.0,0.009758639685462459,0.0,-1.558832841392444,0.0,1.8060370001214006,3.0005430063756484,4.950422919354345
0.9887757387883723,0.0,0.00974890713979537,0.0,-1.5596328413924438,0.0,1.8060750254199216,3.000529567395779,4.9513774556964005
0.9887745542659213,0.0,0.009739189102206574,0.0,-1.5604328413924438,0.0,1.8061133349903677,3.00051610606547,4.952331821341098
0.9887733715893565,0.0,0.009729485543868913,0.0,-1.5612328413924437,0.0,1.80615192841614,3.0005026223998605,4.953286016547714
0.9887721907556455,0.0,0.009719796436027103,0.0,-1.5620328413924436,0.0,1.8061908052818,3.000489116414039,4.954240041568925
0.9887710117617599,0.0,0.009710121749997537,0.0,-1.5628328413924435,0.0,1.8062299651730416,3.000475588123024,4.95519389662215
0.9887698346046735,0.0,0.009700461457168012,0.0,-1.5636328413924434,0.0,1.8062694076767465,3.0004620375418325,4.95614758195472
0.9887686592813646,0.0,0.009690815528997603,0.0,-1.5644328413924433,0.0,1.8063091323809057,3.0004484646853937,4.95710109776534
0.9887674857888155,0.0,0.009681183937016337,0.0,-1.5652328413924432,0.0,1.8063491388746638,3.0004348695685956,4.958054444274738
0.9887663141240105,0.0,0.009671566652825104,0.0,-1.5660328413924431,0.0,1.80638942674831,3.0004212522062903,4.9590076216780705
0.9887651442839388,0.0,0.009661963648095339,0.0,-1.566832841392443,0.0,1.806429995593254,3.000407612613271,4.959960630153755
0.9887639762655922,0.0,0.009652374894568876,0.0,-1.567632841392443,0.0,1.8064708450020726,3.0003939508042916,4.960913469883425
0.988762810065967,0.0,0.009642800364057708,0.0,-1.5684328413924429,0.0,1.8065119745684248,3.000380266794041,4.961866141051112
0.988761645682063,0.0,0.00963324002844376,0.0,-1.5692328413924428,0.0,1.8065533838871164,3.000366560597165,4.962818643795902
0.9887604831108825,0.0,0.009623693859678747,0.0,-1.5700328413924427,0.0,1.8065950725540887,3.0003528322282818,4.963770978280596
0.988759322349432,0.0,0.009614161829783866,0.0,-1.5708328413924426,0.0,1.8066370401663907,3.000339081701949,4.964723144640093
0.9887581633947221,0.0,0.009604643910849706,0.0,-1.5716328413924425,0.0,1.8066792863221874,3.000325309032659,4.965675142999132
0.9887570062437667,0.0,0.009595140075035886,0.0,-1.5724328413924424,0.0,1.806721810620749,3.000311514234881,4.966626973496773
0.9887558508935822,0.0,0.009585650294571089,0.0,-1.5732328413924423,0.0,1.8067646126624897,3.000297697323026,4.967578636231408
0.9887546973411904,0.0,0.009576174541752518,0.0,-1.5740328413924423,0.0,1.806807692048903,3.0002838583114646,4.968530131298059
0.988753545583616,0.0,0.009566712788946004,0.0,-1.5748328413924422,0.0,1.8068510483825657,3.0002699972145006,4.969481458808372
0.9887523956178873,0.0,0.009557265008585673,0.0,-1.575632841392442,0.0,1.8068946812672102,3.0002561140463935,4.970432618838236
0.9887512474410358,0.0,0.00954783117317365,0.0,-1.576432841392442,0.0,1.8069385903076307,3.0002422088213963,4.971383611467418
0.988750101050098,0.0,0.009538411255280039,0.0,-1.577232841392442,0.0,1.8069827751097054,3.000228281553651,4.9723344367437345
0.9887489564421125,0.0,0.009529005227542648,0.0,-1.5780328413924418,0.0,1.8070272352804464,3.0002143322572907,4.973285094753248
0.9887478136141218,0.0,0.009519613062666686,0.0,-1.5788328413924417,0.0,1.8070719704279188,3.000200360946413,4.9742355855175635
0.9887466725631738,0.0,0.009510234733424721,0.0,-1.5796328413924416,0.0,1.8071169801612852,3.000186367635014,4.975185909089902
0.9887455332863181,0.0,0.009500870212656363,0.0,-1.5804328413924416,0.0,1.80716226409079,3.000172352337098,4.976136065488781
0.9887443957806085,0.0,0.009491519473268128,0.0,-1.5812328413924415,0.0,1.8072078218277694,3.000158315066606,4.977086054747129
0.9887432600431033,0.0,0.009482182488233236,0.0,-1.5820328413924414,0.0,1.8072536529846204,3.0001442558374043,4.978035876857307
0.9887421260708634,0.0,0.009472859230591369,0.0,-1.5828328413924413,0.0,1.8072997571748257,3.0001301746633517,4.97898553185026
0.9887409938609544,0.0,0.0094635496734485,0.0,-1.5836328413924412,0.0,1.8073461340129229,3.000116071558235,4.979935019680434
0.9887398634104447,0.0,0.009454253789976705,0.0,-1.5844328413924411,0.0,1.8073927831145327,3.0001019465358074,4.9808843403709036
0.988738734716407,0.0,0.009444971553413983,0.0,-1.585232841392441,0.0,1.807439704096359,3.000087799609764,4.9818334938682565
0.9887376077759187,0.0,0.009435702937063984,0.0,-1.586032841392441,0.0,1.8074868965761042,3.000073630793738,4.98278248015015
0.9887364825860586,0.0,0.009426447914295916,0.0,-1.5868328413924409,0.0,1.8075343601725857,3.0000594401013596,4.983731299175572
0.9887353591439111,0.0,0.009417206458544247,0.0,-1.5876328413924408,0.0,1.8075820945056802,3.0000452275461833,4.984679950885813
0.9887342374465635,0.0,0.009407978543308656,0.0,-1.5884328413924407,0.0,1.807630099196276,3.0000309931417117,4.985628435231783
0.9887331174911079,0.0,0.009398764142153638,0.0,-1.5892328413924406,0.0,1.807678373866348,3.000016736901407,4.9865767521349165
0.9887319992746385,0.0,0.009389563228708531,0.0,-1.5900328413924405,0.0,1.8077269181389128,3.000002458838698,4.987524901522659
0.988730882794255,0.0,0.00938037577666713,0.0,-1.5908328413924404,0.0,1.807775731638007,2.9999881589669437,4.988472883297739
0.9887297680470595,0.0,0.00937120175978765,0.0,-1.5916328413924403,0.0,1.807824813988735,2.999973837299478,4.989420697382279
0.988728655030159,0.0,0.009362041151892419,0.0,-1.5924328413924402,0.0,1.8078741648172356,2.999959493849566,4.990368343660701
0.9887275437406635,0.0,0.00935289392686776,0.0,-1.5932328413924401,0.0,1.807923783750687,2.9999451286304533,4.991315822018681
0.9887264341756873,0.0,0.009343760058663822,0.0,-1.59403284139244,0.0,1.80797367041728,2.9999307416553056,4.992263132336819
0.9887253263323481,0.0,0.00933463952129429,0.0,-1.59483284139244,0.0,1.8080238244462539,2.9999163329372682,4.993210274493307
0.988724220207768,0.0,0.009325532288836282,0.0,-1.5956328413924399,0.0,1.8080742454678689,2.999901902489428,4.994157248341021
0.9887231157990719,0.0,0.00931643833543016,0.0,-1.5964328413924398,0.0,1.8081249331134328,2.9998874503248345,4.9951040537361795
0.9887220131033896,0.0,0.009307357635279281,0.0,-1.5972328413924397,0.0,1.8081758870152251,2.9998729764564875,4.996050690521272
0.9887209121178542,0.0,0.009298290162649913,0.0,-1.5980328413924396,0.0,1.8082271068065943,2.9998584808973248,4.996997158528598
0.9887198128396025,0.0,0.009289235891870922,0.0,-1.5988328413924395,0.0,1.8082785921218825,2.9998439636602696,4.997943457590018
0.9887187152657757,0.0,0.00928019479733372,0.0,-1.5996328413924394,0.0,1.8083303425964432,2.999829424758164,4.998889587533285
0.9887176193935178,0.0,0.009271166853492012,0.0,-1.6004328413924394,0.0,1.808382357866661,2.9998148642038305,4.999835548146092
0.9887165252199782,0.0,0.009262152034861533,0.0,-1.6012328413924393,0.0,1.8084346375699043,2.9998002820100313,5.00078133925364
0.9887154327423089,0.0,0.009253150316020085,0.0,-1.6020328413924392,0.0,1.8084871813445382,2.9997856781894807,5.001726960635917
0.988714341957666,0.0,0.009244161671607133,0.0,-1.602832841392439,0.0,1.808539988829984,2.9997710527548556,5.002672412077572
0.9887132528632094,0.0,0.009235186076323737,0.0,-1.603632841392439,0.0,1.8085930596666158,2.9997564057187978,5.003617693369845
0.9887121654561042,0.0,0.00922622350493233,0.0,-1.604432841392439,0.0,1.8086463934957857,2.9997417370938595,5.004562804255503
0.9887110797335167,0.0,0.009217273932256615,0.0,-1.6052328413924388,0.0,1.8086999899599137,2.9997270468926045,5.005507744522102
0.9887099956926195,0.0,0.009208337333181245,0.0,-1.6060328413924387,0.0,1.8087538487023591,2.9997123351275112,5.0064525139061224
0.9887089133305879,0.0,0.009199413682651798,0.0,-1.6068328413924386,0.0,1.8088079693674624,2.9996976018110244,5.007397112151339
0.9887078326446015,0.0,0.009190502955674501,0.0,-1.6076328413924386,0.0,1.808862351600581,2.999682846955533,5.008341539000998
0.9887067536318436,0.0,0.009181605127316056,0.0,-1.6084328413924385,0.0,1.8089169950480386,2.9996680705734016,5.009285794176995
0.9887056762895009,0.0,0.009172720172703534,0.0,-1.6092328413924384,0.0,1.8089718993571764,2.9996532726769387,5.010229877399049
0.9887046006147653,0.0,0.009163848067024074,0.0,-1.6100328413924383,0.0,1.8090270641762287,2.999638453278402,5.011173788376864
0.9887035266048319,0.0,0.009154988785524893,0.0,-1.6108328413924382,0.0,1.8090824891544968,2.999623612389985,5.012117526813045
0.9887024542568987,0.0,0.009146142303512917,0.0,-1.6116328413924381,0.0,1.8091381739422085,2.9996087500238877,5.0130610924022445
0.9887013835681695,0.0,0.009137308596354725,0.0,-1.612432841392438,0.0,1.8091941181905686,2.999593866192215,5.014004484822819
0.9887003145358501,0.0,0.009128487639476346,0.0,-1.613232841392438,0.0,1.8092503215517548,2.99957896090706,5.014947703766265
0.9886992471571516,0.0,0.009119679408363068,0.0,-1.6140328413924379,0.0,1.8093067836789039,2.9995640341804455,5.0158907489047495
0.9886981814292886,0.0,0.009110883878559302,0.0,-1.6148328413924378,0.0,1.8093635042261342,2.9995490860243605,5.016833619888205
0.9886971173494801,0.0,0.009102101025668349,0.0,-1.6156328413924377,0.0,1.8094204828484832,2.9995341164507314,5.017776316378451
0.988696054914947,0.0,0.009093330825352314,0.0,-1.6164328413924376,0.0,1.8094777192020042,2.9995191254714912,5.018718838014502
0.988694994122917,0.0,0.009084573253331868,0.0,-1.6172328413924375,0.0,1.8095352129436433,2.9995041130984568,5.019661184447939
0.9886939349706192,0.0,0.009075828285386082,0.0,-1.6180328413924374,0.0,1.8095929637313575,2.9994890793434643,5.020603355294832
0.988692877455288,0.0,0.009067095897352329,0.0,-1.6188328413924373,0.0,1.8096509712240134,2.999474024218261,5.02154535018459
0.9886918215741622,0.0,0.009058376065125967,0.0,-1.6196328413924372,0.0,1.8097092350814235,2.9994589477345563,5.022487168718025
0.9886907673244836,0.0,0.009049668764660356,0.0,-1.6204328413924372,0.0,1.8097677549643763,2.9994438499040217,5.023428810522328
0.9886897147034976,0.0,0.009040973971966574,0.0,-1.621232841392437,0.0,1.809826530534561,2.9994287307382836,5.024370275187813
0.988688663708454,0.0,0.009032291663113234,0.0,-1.622032841392437,0.0,1.809885561454677,2.999413590248943,5.025311562292377
0.9886876143366071,0.0,0.009023621814226366,0.0,-1.6228328413924369,0.0,1.8099448473882593,2.9993984284475195,5.026252671446566
0.9886865665852145,0.0,0.009014964401489318,0.0,-1.6236328413924368,0.0,1.8100043879998555,2.999383245345499,5.027193602194394
0.9886855204515381,0.0,0.009006319401142411,0.0,-1.6244328413924367,0.0,1.8100641829549304,2.9993680409543244,5.028134354129928
0.9886844759328428,0.0,0.008997686789482939,0.0,-1.6252328413924366,0.0,1.8101242319198627,2.999352815285422,5.029074926786656
0.988683433026399,0.0,0.008989066542864934,0.0,-1.6260328413924365,0.0,1.810184534561964,2.9993375683501142,5.03001531973295
0.9886823917294797,0.0,0.00898045863769897,0.0,-1.6268328413924364,0.0,1.8102450905494656,2.999322300159746,5.030955532507367
0.9886813520393628,0.0,0.008971863050452087,0.0,-1.6276328413924364,0.0,1.8103058995515364,2.999307010725562,5.031895564647137
0.9886803139533293,0.0,0.00896327975764758,0.0,-1.6284328413924363,0.0,1.8103669612382642,2.9992917000587935,5.0328354156874715
0.988679277468665,0.0,0.008954708735864817,0.0,-1.6292328413924362,0.0,1.8104282752806249,2.9992763681706114,5.033775085131374
0.988678242582659,0.0,0.008946149961739081,0.0,-1.630032841392436,0.0,1.8104898413505455,2.99926101507216,5.034714572502727
0.9886772092926043,0.0,0.00893760341196149,0.0,-1.630832841392436,0.0,1.8105516591208506,2.999245640774526,5.035653877304721
0.9886761775957988,0.0,0.008929069063278708,0.0,-1.631632841392436,0.0,1.8106137282652663,2.9992302452887416,5.036592999045989
0.9886751474895434,0.0,0.008920546892492873,0.0,-1.6324328413924358,0.0,1.8106760484584457,2.9992148286258202,5.037531937195783
0.9886741189711432,0.0,0.008912036876461442,0.0,-1.6332328413924357,0.0,1.8107386193759238,2.999199390796709,5.038470691250439
0.9886730920379078,0.0,0.008903538992096947,0.0,-1.6340328413924357,0.0,1.8108014406941617,2.9991839318123157,5.039409260677349
0.9886720666871491,0.0,0.008895053216366959,0.0,-1.6348328413924356,0.0,1.8108645120905247,2.9991684516835266,5.040347644947041
0.9886710429161859,0.0,0.008886579526293775,0.0,-1.6356328413924355,0.0,1.810927833243211,2.9991529504211405,5.0412858435226555
0.9886700207223379,0.0,0.008878117898954463,0.0,-1.6364328413924354,0.0,1.8109914038314185,2.999137428035949,5.042223855850405
0.9886690001029309,0.0,0.008869668311480483,0.0,-1.6372328413924353,0.0,1.8110552235351607,2.999121884538682,5.043161681377926
0.9886679810552934,0.0,0.008861230741057729,0.0,-1.6380328413924352,0.0,1.811119292035375,2.9991063199400325,5.04409931952794
0.9886669635767582,0.0,0.008852805164926255,0.0,-1.6388328413924351,0.0,1.8111836090138778,2.999090734250647,5.045036769748896
0.9886659476646629,0.0,0.008844391560380095,0.0,-1.639632841392435,0.0,1.8112481741533535,2.9990751274811225,5.045974031462327
0.9886649333163477,0.0,0.008835989904767243,0.0,-1.640432841392435,0.0,1.811312987137418,2.9990594996420197,5.046911104071574
0.9886639205291579,0.0,0.00882760017548936,0.0,-1.6412328413924349,0.0,1.8113780476505397,2.999043850743857,5.047847986981068
0.9886629093004425,0.0,0.008819222350001701,0.0,-1.6420328413924348,0.0,1.8114433553780347,2.9990281807970898,5.048784679613278
0.9886618996275535,0.0,0.008810856405812952,0.0,-1.6428328413924347,0.0,1.8115089100061639,2.999012489812172,5.049721181322909
0.9886608915078485,0.0,0.00880250232048503,0.0,-1.6436328413924346,0.0,1.8115747112220177,2.99899677779946,5.05065749152409
0.9886598849386877,0.0,0.008794160071633021,0.0,-1.6444328413924345,0.0,1.8116407587135508,2.9989810447693017,5.051593609586336
0.9886588799174363,0.0,0.008785829636924892,0.0,-1.6452328413924344,0.0,1.8117070521696306,2.9989652907319937,5.05252953488607
0.9886578764414629,0.0,0.00877751099408149,0.0,-1.6460328413924343,0.0,1.8117735912799504,2.9989495156977797,5.053465266754738
0.9886568745081395,0.0,0.008769204120876303,0.0,-1.6468328413924342,0.0,1.8118403757350934,2.9989337196768813,5.054400804598765
0.9886558741148438,0.0,0.008760908995135286,0.0,-1.6476328413924342,0.0,1.8119074052265058,2.998917902679449,5.0553361477173215
0.9886548752589556,0.0,0.008752625594736827,0.0,-1.648432841392434,0.0,1.81197467944648,2.998902064715614,5.056271295477099
0.98865387793786,0.0,0.008744353897611455,0.0,-1.649232841392434,0.0,1.8120421980881634,2.9988862057954484,5.0572062471972625
0.9886528821489458,0.0,0.008736093881741808,0.0,-1.650032841392434,0.0,1.8121099608455946,2.9988703259289733,5.058141002219366
0.9886518878896046,0.0,0.008727845525162427,0.0,-1.6508328413924338,0.0,1.8121779674136387,2.998854425126204,5.0590755598469475
0.9886508951572336,0.0,0.008719608805959607,0.0,-1.6516328413924337,0.0,1.8122462174879979,2.998838503397072,5.0600099194013834
0.9886499039492336,0.0,0.008711383702271274,0.0,-1.6524328413924336,0.0,1.8123147107652666,2.998822560751471,5.060944080183751
0.9886489142630086,0.0,0.008703170192286797,0.0,-1.6532328413924335,0.0,1.8123834469428615,2.99880659719928,5.061878041483372
0.988647926095967,0.0,0.008694968254246916,0.0,-1.6540328413924335,0.0,1.8124524257190398,2.9987906127503137,5.06281180259258
0.9886469394455212,0.0,0.008686777866443538,0.0,-1.6548328413924334,0.0,1.8125216467929095,2.998774607414341,5.063745362817026
0.9886459543090883,0.0,0.008678599007219583,0.0,-1.6556328413924333,0.0,1.812591109864413,2.9987585812010797,5.064678721397616
0.9886449706840877,0.0,0.008670431654968887,0.0,-1.6564328413924332,0.0,1.812660814634373,2.9987425341202405,5.065611877606763
0.9886439885679449,0.0,0.008662275788136022,0.0,-1.657232841392433,0.0,1.8127307608043663,2.9987264661814375,5.06654483072414
0.9886430079580871,0.0,0.008654131385216115,0.0,-1.658032841392433,0.0,1.812800948076876,2.998710377394314,5.067477579990563
0.9886420288519475,0.0,0.008645998424754858,0.0,-1.658832841392433,0.0,1.812871376155186,2.998694267768386,5.068410124652086
0.9886410512469617,0.0,0.008637876885348197,0.0,-1.6596328413924328,0.0,1.8129420447434328,2.9986781373131906,5.069342463956938
0.9886400751405702,0.0,0.008629766745642219,0.0,-1.6604328413924327,0.0,1.8130129535465564,2.998661986038201,5.070274597122465
0.9886391005302171,0.0,0.008621667984333108,0.0,-1.6612328413924327,0.0,1.8130841022703483,2.998645813952842,5.071206523392105
0.988638127413351,0.0,0.008613580580166912,0.0,-1.6620328413924326,0.0,1.8131554906213736,2.9986296210664873,5.07213824196202
0.9886371557874236,0.0,0.00860550451193939,0.0,-1.6628328413924325,0.0,1.8132271183070734,2.998613407388505,5.073069752057298
0.988636185649891,0.0,0.008597439758495983,0.0,-1.6636328413924324,0.0,1.813298985035691,2.9985971729281866,5.074001052877232
0.9886352169982143,0.0,0.008589386298731549,0.0,-1.6644328413924323,0.0,1.8133710905162703,2.9985809176947638,5.074932143614731
0.9886342498298563,0.0,0.008581344111590299,0.0,-1.6652328413924322,0.0,1.8134434344587,2.99856464169749,5.075863023460009
0.9886332841422857,0.0,0.008573313176065628,0.0,-1.6660328413924321,0.0,1.8135160165736588,2.9985483449455144,5.076793691615199
0.9886323199329738,0.0,0.008565293471200008,0.0,-1.666832841392432,0.0,1.813588836572649,2.998532027447983,5.0777241472247585
0.9886313571993975,0.0,0.008557284976084729,0.0,-1.667632841392432,0.0,1.8136618941679723,2.9985156892139737,5.0786543894767355
0.9886303959390361,0.0,0.008549287669859995,0.0,-1.6684328413924319,0.0,1.8137351890727458,2.998499330252535,5.0795844175162665
0.9886294361493735,0.0,0.008541301531714562,0.0,-1.6692328413924318,0.0,1.8138087210008778,2.9984829505726704,5.080514230517919
0.9886284778278983,0.0,0.008533326540885712,0.0,-1.6700328413924317,0.0,1.8138824896670998,2.9984665501833176,5.081443827613596
0.988627520972101,0.0,0.008525362676659093,0.0,-1.6708328413924316,0.0,1.8139564947869355,2.9984501290934307,5.082373207945907
0.9886265655794783,0.0,0.008517409918368576,0.0,-1.6716328413924315,0.0,1.8140307360766976,2.998433687311864,5.08330237066126
0.9886256116475296,0.0,0.00850946824539613,0.0,-1.6724328413924314,0.0,1.8141052132535034,2.9984172248474534,5.0842313148664005
0.9886246591737587,0.0,0.008501537637171661,0.0,-1.6732328413924313,0.0,1.8141799260352556,2.9984007417089935,5.085160039689568
0.9886237081556729,0.0,0.00849361807317299,0.0,-1.6740328413924312,0.0,1.8142548741406908,2.9983842379052246,5.086088544242934
0.9886227585907837,0.0,0.008485709532925495,0.0,-1.6748328413924312,0.0,1.814330057289281,2.9983677134448756,5.087016827639621
0.9886218104766078,0.0,0.008477811996002213,0.0,-1.675632841392431,0.0,1.8144054752012995,2.9983511683365665,5.087944888958386
0.9886208638106634,0.0,0.008469925442023563,0.0,-1.676432841392431,0.0,1.8144811275978305,2.9983346025889555,5.088872727303028
0.9886199185904743,0.0,0.008462049850657277,0.0,-1.677232841392431,0.0,1.8145570142007337,2.9983180162106096,5.089800341771843
0.9886189748135672,0.0,0.008454185201618216,0.0,-1.6780328413924308,0.0,1.8146331347326425,2.9983014092100904,5.090727731420385
0.9886180324774749,0.0,0.00844633147466829,0.0,-1.6788328413924307,0.0,1.8147094889169526,2.9982847815958467,5.091654895322586
0.9886170915797315,0.0,0.008438488649616315,0.0,-1.6796328413924306,0.0,1.8147860764778798,2.9982681333763654,5.092581832550336
0.9886161521178763,0.0,0.008430656706317853,0.0,-1.6804328413924305,0.0,1.8148628971404221,2.998251464560054,5.093508542149161
0.988615214089453,0.0,0.008422835624675091,0.0,-1.6812328413924305,0.0,1.814939950630275,2.998234775155273,5.094435023197187
0.988614277492008,0.0,0.008415025384636758,0.0,-1.6820328413924304,0.0,1.8150172366739956,2.9982180651703554,5.0953612747016415
0.9886133423230927,0.0,0.008407225966197878,0.0,-1.6828328413924303,0.0,1.8150947549988512,2.9982013346135985,5.096287295721421
0.988612408580262,0.0,0.008399437349399862,0.0,-1.6836328413924302,0.0,1.8151725053329182,2.998184583493217,5.097213085281993
0.988611476261074,0.0,0.008391659514330093,0.0,-1.68443284139243,0.0,1.815250487405028,2.9981678118174537,5.0981386424023825
0.9886105453630926,0.0,0.008383892441122,0.0,-1.68523284139243,0.0,1.8153287009447505,2.9981510195944407,5.099063966095868
0.9886096158838845,0.0,0.008376136109954854,0.0,-1.68603284139243,0.0,1.815407145682441,2.9981342068322947,5.0999890553823
0.9886086878210194,0.0,0.008368390501053724,0.0,-1.6868328413924298,0.0,1.8154858213492298,2.9981173735391087,5.100913909262797
0.9886077611720724,0.0,0.008360655594689194,0.0,-1.6876328413924298,0.0,1.8155647276769884,2.9981005197229167,5.10183852671102
0.9886068359346215,0.0,0.008352931371177402,0.0,-1.6884328413924297,0.0,1.8156438643983497,2.998083645391713,5.102762906749386
0.98860591210625,0.0,0.00834521781087973,0.0,-1.6892328413924296,0.0,1.8157232312466853,2.9980667505534466,5.103687048340285
0.9886049896845439,0.0,0.008337514894202931,0.0,-1.6900328413924295,0.0,1.8158028279561347,2.9980498352160154,5.104610950459264
0.9886040686670924,0.0,0.008329822601598758,0.0,-1.6908328413924294,0.0,1.8158826542616266,2.998032899387328,5.105534612080055
0.9886031490514912,0.0,0.008322140913563937,0.0,-1.6916328413924293,0.0,1.8159627098987545,2.998015943075172,5.106458032157284
0.9886022308353382,0.0,0.00831446981064008,0.0,-1.6924328413924292,0.0,1.816042994603909,2.9979989662873354,5.107381209655266
0.9886013140162335,0.0,0.00830680927341357,0.0,-1.6932328413924291,0.0,1.8161235081142848,2.997981969031603,5.108304143506218
0.9886003985917846,0.0,0.008299159282515262,0.0,-1.694032841392429,0.0,1.816204250167702,2.997964951315656,5.109226832678376
0.9885994845596013,0.0,0.008291519818620592,0.0,-1.694832841392429,0.0,1.816285220502779,2.9979479131471423,5.110149276080489
0.9885985719172968,0.0,0.008283890862449326,0.0,-1.6956328413924289,0.0,1.8163664188589042,2.997930854533699,5.111071472653653
0.9885976606624884,0.0,0.00827627239476544,0.0,-1.6964328413924288,0.0,1.816447844976184,2.9979137754829224,5.1119934213181875
0.9885967507927984,0.0,0.008268664396377069,0.0,-1.6972328413924287,0.0,1.8165294985954112,2.997896676002313,5.112915120987594
0.9885958423058505,0.0,0.008261066848136324,0.0,-1.6980328413924286,0.0,1.816611379458225,2.9978795560994134,5.113836570562479
0.9885949351992762,0.0,0.008253479730939076,0.0,-1.6988328413924285,0.0,1.8166934873068274,2.9978624157816416,5.114757768952912
0.988594029470707,0.0,0.008245903025725101,0.0,-1.6996328413924284,0.0,1.8167758218843468,2.997845255056439,5.115678715051806
0.9885931251177803,0.0,0.00823833671347771,0.0,-1.7004328413924283,0.0,1.8168583829344973,2.997828073931173,5.116599407745099
0.9885922221381368,0.0,0.008230780775223746,0.0,-1.7012328413924283,0.0,1.8169411702017846,2.9978108724131785,5.117519845915338
0.9885913205294216,0.0,0.0082232351920334,0.0,-1.7020328413924282,0.0,1.8170241834314307,2.9977936505097524,5.1184400284355975
0.9885904202892831,0.0,0.008215699945020161,0.0,-1.702832841392428,0.0,1.8171074223693724,2.9977764082281455,5.1193599541746835
0.9885895214153743,0.0,0.008208175015340675,0.0,-1.703632841392428,0.0,1.8171908867622577,2.997759145575552,5.120279621993905
0.9885886239053501,0.0,0.008200660384194597,0.0,-1.704432841392428,0.0,1.8172745763575078,2.9977418625591845,5.12119903074964
0.9885877277568729,0.0,0.008193156032824453,0.0,-1.7052328413924278,0.0,1.8173584909031624,2.9977245591861164,5.122118179273001
0.9885868329676052,0.0,0.008185661942515611,0.0,-1.7060328413924277,0.0,1.8174426301480868,2.997707235463484,5.123037066429092
0.9885859395352158,0.0,0.008178178094596115,0.0,-1.7068328413924276,0.0,1.817526993841803,2.9976898913983003,5.123955691049737
0.9885850474573756,0.0,0.008170704470436529,0.0,-1.7076328413924275,0.0,1.8176115817345473,2.9976725269976066,5.124874051939957
0.9885841567317611,0.0,0.008163241051449853,0.0,-1.7084328413924275,0.0,1.8176963935772907,2.9976551422683535,5.125792147933808
0.9885832673560515,0.0,0.00815578781909144,0.0,-1.7092328413924274,0.0,1.8177814291216858,2.9976377372174694,5.12670997786242
0.9885823793279302,0.0,0.008148344754858842,0.0,-1.7100328413924273,0.0,1.8178666881201153,2.9976203118518363,5.127627540503158
0.9885814926450847,0.0,0.008140911840291688,0.0,-1.7108328413924272,0.0,1.8179521703256523,2.9976028661782963,5.128544834687866
0.9885806073052053,0.0,0.008133489056971572,0.0,-1.711632841392427,0.0,1.8180378754920985,2.9975854002036777,5.12946185919371
0.988579723305988,0.0,0.008126076386521968,0.0,-1.712432841392427,0.0,1.8181238033739209,2.997567913934707,5.130378612819127
0.9885788406451311,0.0,0.008118673810608087,0.0,-1.713232841392427,0.0,1.8182099537263061,2.997550407378125,5.131295094323143
0.9885779593203365,0.0,0.008111281310936795,0.0,-1.7140328413924268,0.0,1.8182963263051646,2.9975328805406294,5.132211302504718
0.9885770793293117,0.0,0.008103898869256426,0.0,-1.7148328413924268,0.0,1.8183829208670719,2.9975153334288342,5.133127236123663
0.988576200669766,0.0,0.008096526467356738,0.0,-1.7156328413924267,0.0,1.8184697371692917,2.9974977660493747,5.134042893945734
0.9885753233394138,0.0,0.008089164087068806,0.0,-1.7164328413924266,0.0,1.81855677496983,2.9974801784087926,5.13495827470712
0.9885744473359731,0.0,0.008081811710264813,0.0,-1.7172328413924265,0.0,1.8186440340273273,2.997462570513619,5.135873377181393
0.9885735726571655,0.0,0.008074469318858121,0.0,-1.7180328413924264,0.0,1.818731514101154,2.997444942370317,5.136788200096735
0.988572699300716,0.0,0.008067136894802932,0.0,-1.7188328413924263,0.0,1.8188192149513565,2.9974272939853575,5.1377027421904105
0.9885718272643557,0.0,0.008059814420094269,0.0,-1.7196328413924262,0.0,1.8189071363386462,2.997409625365108,5.138617002187006
0.9885709565458152,0.0,0.008052501876768078,0.0,-1.7204328413924261,0.0,1.818995278024491,2.997391936515961,5.139530978824034
0.9885700871428337,0.0,0.008045199246900685,0.0,-1.721232841392426,0.0,1.8190836397709438,2.9973742274442023,5.140444670810457
0.9885692190531499,0.0,0.008037906512609088,0.0,-1.722032841392426,0.0,1.8191722213408235,2.9973564981561585,5.141358076845606
0.9885683522745102,0.0,0.008030623656050567,0.0,-1.7228328413924259,0.0,1.8192610224975696,2.9973387486580267,5.142271195641998
0.9885674868046613,0.0,0.008023350659422817,0.0,-1.7236328413924258,0.0,1.8193500430053766,2.9973209789560364,5.143184025879927
0.9885666226413561,0.0,0.008016087504963586,0.0,-1.7244328413924257,0.0,1.8194392826290202,2.997303189056345,5.144096566264671
0.9885657597823508,0.0,0.008008834174950746,0.0,-1.7252328413924256,0.0,1.8195287411340009,2.9972853789650524,5.145008815487039
0.9885648982254043,0.0,0.008001590651702148,0.0,-1.7260328413924255,0.0,1.8196184182865216,2.997267548688265,5.145920772207246
0.9885640379682814,0.0,0.007994356917575442,0.0,-1.7268328413924254,0.0,1.8197083138533776,2.9972496982319847,5.1468324350994115
0.9885631790087475,0.0,0.007987132954968069,0.0,-1.7276328413924253,0.0,1.8197984276021393,2.9972318276022687,5.147743802826863
0.9885623213445749,0.0,0.007979918746317068,0.0,-1.7284328413924253,0.0,1.8198887593009678,2.9972139368050366,5.14865487403581
0.9885614649735383,0.0,0.00797271427409904,0.0,-1.7292328413924252,0.0,1.8199793087186915,2.9971960258462103,5.149565647398776
0.9885606098934154,0.0,0.007965519520829962,0.0,-1.730032841392425,0.0,1.8200700756248656,2.997178094731701,5.1504761215547425
0.9885597561019889,0.0,0.007958334469065194,0.0,-1.730832841392425,0.0,1.8201610597896731,2.9971601434673287,5.151386295123942
0.9885589035970456,0.0,0.007951159101399203,0.0,-1.731632841392425,0.0,1.8202522609839138,2.9971421720588842,5.152296166747535
0.988558052376374,0.0,0.007943993400465634,0.0,-1.7324328413924248,0.0,1.8203436789791507,2.9971241805121687,5.153205735051482
0.9885572024377691,0.0,0.007936837348937109,0.0,-1.7332328413924247,0.0,1.8204353135475062,2.9971061688328495,5.154114998652061
0.9885563537790266,0.0,0.007929690929525127,0.0,-1.7340328413924246,0.0,1.8205271644618388,2.9970881370266698,5.155023956140263
0.9885555063979489,0.0,0.007922554124979962,0.0,-1.7348328413924246,0.0,1.8206192314956064,2.9970700850992325,5.155932606155181
0.9885546602923402,0.0,0.007915426918090602,0.0,-1.7356328413924245,0.0,1.8207115144229546,2.997052013056151,5.156840947272274
0.9885538154600095,0.0,0.007908309291684566,0.0,-1.7364328413924244,0.0,1.8208040130186232,2.9970339209029806,5.157748978100759
0.9885529718987679,0.0,0.0079012012286279,0.0,-1.7372328413924243,0.0,1.820896727058137,2.997015808645276,5.158656697200938
0.9885521296064331,0.0,0.007894102711824925,0.0,-1.7380328413924242,0.0,1.820989656317529,2.9969976762884807,5.159564103176049
0.9885512885808235,0.0,0.007887013724218326,0.0,-1.7388328413924241,0.0,1.821082800573529,2.996979523838074,5.160471194578707
0.9885504488197625,0.0,0.007879934248788892,0.0,-1.739632841392424,0.0,1.8211761596035658,2.9969613512994653,5.161377969976349
0.9885496103210781,0.0,0.007872864268555468,0.0,-1.740432841392424,0.0,1.821269733185626,2.996943158677991,5.162284427944553
0.9885487730826006,0.0,0.007865803766574881,0.0,-1.7412328413924238,0.0,1.8213635210984225,2.9969249459789995,5.163190567012796
0.9885479371021645,0.0,0.007858752725941793,0.0,-1.7420328413924238,0.0,1.8214575231212495,2.996906713207776,5.164096385745172
0.9885471023776088,0.0,0.007851711129788582,0.0,-1.7428328413924237,0.0,1.8215517390340605,2.9968884603695582,5.165001882669545
0.9885462689067742,0.0,0.007844678961285368,0.0,-1.7436328413924236,0.0,1.8216461686174739,2.996870187469578,5.165907056332584
0.988545436687508,0.0,0.00783765620363969,0.0,-1.7444328413924235,0.0,1.8217408116526814,2.9968518945129756,5.166811905247048
0.9885446057176573,0.0,0.007830642840096675,0.0,-1.7452328413924234,0.0,1.8218356679216188,2.9968335815049336,5.167716427927015
0.9885437759950774,0.0,0.007823638853938676,0.0,-1.7460328413924233,0.0,1.8219307372067328,2.996815248450487,5.168620622903067
0.988542947517624,0.0,0.007816644228485345,0.0,-1.7468328413924232,0.0,1.822026019291189,2.996796895354716,5.169524488676416
0.9885421202831575,0.0,0.0078096589470934745,0.0,-1.7476328413924231,0.0,1.8221215139587463,2.9967785222226344,5.170428023746057
0.988541294289542,0.0,0.007802682993156912,0.0,-1.748432841392423,0.0,1.822217220993825,2.996760129059216,5.171331226604735
0.9885404695346451,0.0,0.007795716350106438,0.0,-1.749232841392423,0.0,1.8223131401814439,2.9967417158693985,5.1722340957304285
0.9885396460163391,0.0,0.007788759001409669,0.0,-1.7500328413924229,0.0,1.8224092713072413,2.9967232826580603,5.173136629620135
0.988538823732498,0.0,0.0077818109305710145,0.0,-1.7508328413924228,0.0,1.822505614157523,2.996704829430083,5.174038826731614
0.9885380026810014,0.0,0.007774872121131455,0.0,-1.7516328413924227,0.0,1.8226021685191816,2.9966863561902706,5.174940685552129
0.9885371828597308,0.0,0.0077679425566686425,0.0,-1.7524328413924226,0.0,1.8226989341797726,2.996667862943413,5.17584220453724
0.9885363642665731,0.0,0.00776102222079653,0.0,-1.7532328413924225,0.0,1.8227959109274146,2.996649349694252,5.176743382134626
0.9885355468994178,0.0,0.007754111097165575,0.0,-1.7540328413924224,0.0,1.8228930985508847,2.996630816447469,5.177644216801289
0.9885347307561576,0.0,0.007747209169462417,0.0,-1.7548328413924223,0.0,1.8229904968395825,2.996612263207757,5.17854470694991
0.9885339158346905,0.0,0.007740316421409874,0.0,-1.7556328413924223,0.0,1.8230881055835186,2.996593689979702,5.179444851054411
0.9885331021329166,0.0,0.007733432836766794,0.0,-1.7564328413924222,0.0,1.8231859245732942,2.9965750967679265,5.180344647528552
0.9885322896487397,0.0,0.007726558399328069,0.0,-1.757232841392422,0.0,1.823283953600155,2.9965564835769687,5.18124409479855
0.9885314783800686,0.0,0.0077196930929244,0.0,-1.758032841392422,0.0,1.8233821924559594,2.996537850411322,5.1821431912577225
0.9885306683248143,0.0,0.00771283690142232,0.0,-1.758832841392422,0.0,1.823480640933164,2.9965191972754583,5.183041935332792
0.988529859480892,0.0,0.007705989808723995,0.0,-1.7596328413924218,0.0,1.8235792988248263,2.996500524173813,5.183940325436392
0.9885290518462204,0.0,0.007699151798767201,0.0,-1.7604328413924217,0.0,1.8236781659246137,2.996481831110778,5.184838359944185
0.9885282454187215,0.0,0.007692322855525212,0.0,-1.7612328413924216,0.0,1.8237772420268499,2.9964631180907197,5.185736037270292
0.9885274401963221,0.0,0.007685502963006706,0.0,-1.7620328413924216,0.0,1.8238765269264006,2.9964443851179166,5.186633355780767
0.9885266361769507,0.0,0.007678692105255646,0.0,-1.7628328413924215,0.0,1.8239760204187638,2.9964256321966842,5.187530313847477
0.9885258333585415,0.0,0.007671890266351196,0.0,-1.7636328413924214,0.0,1.824075722300023,2.996406859331229,5.188426909851343
0.9885250317390303,0.0,0.007665097430407706,0.0,-1.7644328413924213,0.0,1.8241756323668965,2.9963880665257645,5.1893231421435395
0.9885242313163577,0.0,0.007658313581574437,0.0,-1.7652328413924212,0.0,1.8242757504166787,2.996369253784465,5.190219009092691
0.9885234320884683,0.0,0.007651538704035687,0.0,-1.7660328413924211,0.0,1.8243760762472574,2.9963504211114116,5.191114509040749
0.9885226340533084,0.0,0.007644772782010547,0.0,-1.766832841392421,0.0,1.824476609657132,2.996331568510727,5.192009640344052
0.98852183720883,0.0,0.007638015799752826,0.0,-1.767632841392421,0.0,1.8245773504453926,2.996312695986435,5.192904401330494
0.988521041552987,0.0,0.0076312677415510625,0.0,-1.7684328413924209,0.0,1.8246782984117302,2.996293803542551,5.193798790338929
0.9885202470837388,0.0,0.007624528591728244,0.0,-1.7692328413924208,0.0,1.8247794533563941,2.996274891183027,5.194692805667987
0.9885194537990458,0.0,0.007617798334641948,0.0,-1.7700328413924207,0.0,1.8248808150802782,2.9962559589118096,5.195586445674345
0.9885186616968736,0.0,0.0076110769546840745,0.0,-1.7708328413924206,0.0,1.8249823833848564,2.9962370067327924,5.196479708636332
0.9885178707751919,0.0,0.007604364436280783,0.0,-1.7716328413924205,0.0,1.8250841580721342,2.9962180346498037,5.197372592867883
0.988517081031972,0.0,0.007597660763892481,0.0,-1.7724328413924204,0.0,1.8251861389447805,2.996199042666693,5.198265096685625
0.9885162924651906,0.0,0.007590965922013659,0.0,-1.7732328413924203,0.0,1.8252883258059995,2.9961800307872086,5.199157218362841
0.9885155050728273,0.0,0.0075842798951728,0.0,-1.7740328413924202,0.0,1.8253907184595966,2.9961609990150944,5.200048956181467
0.9885147188528643,0.0,0.007577602667932387,0.0,-1.7748328413924201,0.0,1.825493316709978,2.9961419473540616,5.200940308434545
0.9885139338032886,0.0,0.007570934224888679,0.0,-1.77563284139242,0.0,1.8255961203621087,2.9961228758077656,5.201831273375887
0.9885131499220912,0.0,0.00756427455067167,0.0,-1.77643284139242,0.0,1.8256991292215186,2.9961037843798017,5.202721849289249
0.988512367207264,0.0,0.007557623629945075,0.0,-1.7772328413924199,0.0,1.825802343094392,2.9960846730738053,5.203612034418145
0.9885115856568053,0.0,0.007550981447406112,0.0,-1.7780328413924198,0.0,1.8259057617873846,2.9960655418932913,5.204501827023562
0.988510805268715,0.0,0.007544347987785556,0.0,-1.7788328413924197,0.0,1.8260093851078223,2.9960463908417787,5.205391225343833
0.9885100260409982,0.0,0.007537723235847456,0.0,-1.7796328413924196,0.0,1.826113212863535,2.996027219922736,5.206280227633859
0.9885092479716618,0.0,0.0075311071763893055,0.0,-1.7804328413924195,0.0,1.8262172448629739,2.996008029139594,5.207168832107906
0.9885084710587173,0.0,0.007524499794241727,0.0,-1.7812328413924194,0.0,1.8263214809151618,2.9959888184957464,5.20805703699574
0.9885076953001786,0.0,0.0075179010742685345,0.0,-1.7820328413924194,0.0,1.8264259208296878,2.9959695879945603,5.208944840532099
0.9885069206940645,0.0,0.007511311001366488,0.0,-1.7828328413924193,0.0,1.826530564416666,2.995950337639348,5.209832240908078
0.9885061472383971,0.0,0.007504729560465383,0.0,-1.7836328413924192,0.0,1.8266354114868222,2.9959310674333737,5.210719236353741
0.9885053749312009,0.0,0.00749815673652787,0.0,-1.784432841392419,0.0,1.8267404618514764,2.9959117773798956,5.21160582502666
0.9885046037705034,0.0,0.007491592514549396,0.0,-1.785232841392419,0.0,1.8268457153224849,2.9958924674821517,5.212492005163636
0.9885038337543385,0.0,0.007485036879558064,0.0,-1.786032841392419,0.0,1.82695117171223,2.995873137743246,5.213377774932752
0.988503064880741,0.0,0.007478489816614622,0.0,-1.7868328413924188,0.0,1.8270568308337263,2.995853788166329,5.2142631325177025
0.9885022971477495,0.0,0.007471951310812305,0.0,-1.7876328413924187,0.0,1.827162692500491,2.99583441875452,5.215148076094378
0.9885015305534068,0.0,0.007465421347276826,0.0,-1.7884328413924186,0.0,1.8272687565266628,2.9958150295108497,5.216032603805447
0.9885007650957586,0.0,0.007458899911166281,0.0,-1.7892328413924186,0.0,1.8273750227268963,2.9957956204383307,5.216916713842982
0.9885000007728544,0.0,0.007452386987670961,0.0,-1.7900328413924185,0.0,1.8274814909164132,2.9957761915399432,5.217800404346477
0.9884992375827467,0.0,0.0074458825620134,0.0,-1.7908328413924184,0.0,1.8275881609110083,2.9957567428186302,5.218683673453223
0.9884984755234918,0.0,0.007439386619448185,0.0,-1.7916328413924183,0.0,1.8276950325270165,2.995737274277309,5.219566519316788
0.9884977145931495,0.0,0.00743289914526198,0.0,-1.7924328413924182,0.0,1.8278021055813318,2.9957177859188184,5.220448940076673
0.988496954789783,0.0,0.007426420124773349,0.0,-1.7932328413924181,0.0,1.8279093798913963,2.995698277745989,5.221330933846101
0.9884961961114586,0.0,0.00741994954333269,0.0,-1.794032841392418,0.0,1.8280168552752256,2.9956787497616193,5.22221249874705
0.9884954385562454,0.0,0.007413487386322237,0.0,-1.794832841392418,0.0,1.8281245315513817,2.9956592019684742,5.223093632887657
0.9884946821222178,0.0,0.007407033639155828,0.0,-1.7956328413924179,0.0,1.8282324085389394,2.995639634369249,5.223974334371695
0.9884939268074525,0.0,0.007400588287278944,0.0,-1.7964328413924178,0.0,1.8283404860575616,2.995620046966608,5.224854601330085
0.9884931726100291,0.0,0.0073941513161685695,0.0,-1.7972328413924177,0.0,1.8284487639274538,2.9956004397632214,5.225734431812709
0.9884924195280318,0.0,0.0073877227113331514,0.0,-1.7980328413924176,0.0,1.8285572419693497,2.995580812761658,5.226613823952339
0.9884916675595463,0.0,0.007381302458312485,0.0,-1.7988328413924175,0.0,1.8286659200045725,2.9955611659645203,5.227492775785667
0.9884909167026648,0.0,0.007374890542677593,0.0,-1.7996328413924174,0.0,1.828774797854894,2.9955414993742857,5.22837128539732
0.9884901669554795,0.0,0.007368486950030765,0.0,-1.8004328413924173,0.0,1.8288838753427432,2.995521812993476,5.229249350886261
0.9884894183160878,0.0,0.007362091666005365,0.0,-1.8012328413924172,0.0,1.8289931522910434,2.9955021068245387,5.230126970262816
0.9884886707825904,0.0,0.007355704676265761,0.0,-1.8020328413924172,0.0,1.8291026285232215,2.995482380869891,5.231004141624955
0.9884879243530915,0.0,0.007349325966507324,0.0,-1.802832841392417,0.0,1.8292123038632886,2.995462635131878,5.231880862984224
0.9884871790256972,0.0,0.007342955522456265,0.0,-1.803632841392417,0.0,1.8293221781357973,2.9954428696128863,5.232757132397129
0.9884864347985194,0.0,0.007336593329869559,0.0,-1.8044328413924169,0.0,1.8294322511657903,2.9954230843151746,5.23363294790329
0.9884856916696716,0.0,0.00733023937453494,0.0,-1.8052328413924168,0.0,1.8295425227788962,2.9954032792410152,5.234508307519057
0.9884849496372702,0.0,0.00732389364227074,0.0,-1.8060328413924167,0.0,1.8296529928012601,2.995383454392674,5.235383209263304
0.9884842086994369,0.0,0.007317556118925852,0.0,-1.8068328413924166,0.0,1.8297636610595376,2.9953636097722964,5.236257651161591
0.9884834688542956,0.0,0.007311226790379624,0.0,-1.8076328413924165,0.0,1.8298745273809554,2.9953437453820397,5.237131631189214
0.9884827300999735,0.0,0.00730490564254184,0.0,-1.8084328413924164,0.0,1.8299855915932393,2.9953238612240174,5.238005147376526
0.9884819924346003,0.0,0.007298592661352547,0.0,-1.8092328413924164,0.0,1.8300968535246902,2.9953039573003384,5.238878197704954
0.9884812558563114,0.0,0.007292287832782035,0.0,-1.8100328413924163,0.0,1.830208313004054,2.9952840336130033,5.23975078015137
0.9884805203632436,0.0,0.007285991142830755,0.0,-1.8108328413924162,0.0,1.830319969860684,2.9952640901640333,5.240622892713366
0.9884797859535372,0.0,0.007279702577529285,0.0,-1.811632841392416,0.0,1.8304318239244444,2.9952441269553844,5.2414945333654535
0.9884790526253366,0.0,0.007273422122938091,0.0,-1.812432841392416,0.0,1.8305438750256746,2.9952241439889993,5.2423657000373645
0.9884783203767891,0.0,0.007267149765147666,0.0,-1.813232841392416,0.0,1.830656122995287,2.995204141266752,5.243236390734061
0.9884775892060446,0.0,0.0072608854902783205,0.0,-1.8140328413924158,0.0,1.8307685676647334,2.995184118790514,5.244106603371654
0.9884768591112573,0.0,0.007254629284480117,0.0,-1.8148328413924157,0.0,1.8308812088659256,2.995164076562093,5.244976335915247
0.988476130090585,0.0,0.007248381133932792,0.0,-1.8156328413924157,0.0,1.8309940464313206,2.995144014583253,5.245845586305585
0.9884754021421869,0.0,0.007242141024845762,0.0,-1.8164328413924156,0.0,1.8311070801939349,2.9951239328557717,5.246714352439729
0.9884746752642282,0.0,0.0072359089434579,0.0,-1.8172328413924155,0.0,1.83122030998722,2.995103831381311,5.247582632287769
0.9884739494548745,0.0,0.007229684876037613,0.0,-1.8180328413924154,0.0,1.8313337356452577,2.9950837101615773,5.2484504237332805
0.9884732247122971,0.0,0.007223468808882645,0.0,-1.8188328413924153,0.0,1.8314473570025291,2.9950635691981797,5.249317724718025
0.9884725010346692,0.0,0.007217260728320074,0.0,-1.8196328413924152,0.0,1.8315611738941178,2.995043408492721,5.25018453312924
0.9884717784201676,0.0,0.00721106062070621,0.0,-1.8204328413924151,0.0,1.8316751861555505,2.995023228046755,5.251050846850653
0.9884710568669719,0.0,0.00720486847242656,0.0,-1.821232841392415,0.0,1.8317893936229557,2.9950030278618085,5.251916663809967
0.9884703363732665,0.0,0.007198684269895617,0.0,-1.822032841392415,0.0,1.8319037961328697,2.994982807939344,5.252781981831477
0.9884696169372382,0.0,0.007192507999556949,0.0,-1.8228328413924149,0.0,1.8320183935223917,2.9949625682808025,5.2536467988516655
0.988468898557075,0.0,0.007186339647883098,0.0,-1.8236328413924148,0.0,1.83213318562917,2.994942308887647,5.254511112719715
0.9884681812309722,0.0,0.007180179201375375,0.0,-1.8244328413924147,0.0,1.832248172291269,2.9949220297611774,5.255374921284902
0.9884674649571245,0.0,0.0071740266465639795,0.0,-1.8252328413924146,0.0,1.832363353347356,2.9949017309027797,5.2562382224164255
0.9884667497337317,0.0,0.007167881970007726,0.0,-1.8260328413924145,0.0,1.83247872863654,2.9948814123137506,5.257101013973795
0.9884660355589977,0.0,0.0071617451582941085,0.0,-1.8268328413924144,0.0,1.8325942979984158,2.9948610739953216,5.257963293762549
0.9884653224311273,0.0,0.007155616198039247,0.0,-1.8276328413924143,0.0,1.8327100612731784,2.9948407159487362,5.258825059644475
0.9884646103483308,0.0,0.007149495075887673,0.0,-1.8284328413924142,0.0,1.8328260183014418,2.9948203381751495,5.259686309451887
0.9884638993088194,0.0,0.007143381778512339,0.0,-1.8292328413924142,0.0,1.8329421689243406,2.9947999406757755,5.260547040983587
0.9884631893108098,0.0,0.0071372762926145954,0.0,-1.830032841392414,0.0,1.8330585129835129,2.994779523451675,5.261407252088185
0.9884624803525204,0.0,0.0071311786049240555,0.0,-1.830832841392414,0.0,1.8331750503211273,2.9947590865039375,5.26226694053581
0.9884617724321735,0.0,0.0071250887021984816,0.0,-1.831632841392414,0.0,1.833291780779783,2.994738629833609,5.263126104170603
0.9884610655479937,0.0,0.007119006571223856,0.0,-1.8324328413924138,0.0,1.8334087042026537,2.9947181534416973,5.263984740733511
0.9884603596982108,0.0,0.007112932198814135,0.0,-1.8332328413924137,0.0,1.833525820433334,2.9946976573291324,5.264842848035035
0.9884596548810548,0.0,0.007106865571811311,0.0,-1.8340328413924136,0.0,1.833643129315995,2.994677141496897,5.265700423865516
0.9884589510947616,0.0,0.007100806677085247,0.0,-1.8348328413924135,0.0,1.833760630695208,2.9946566059458606,5.26655746598775
0.9884582483375695,0.0,0.007094755501533691,0.0,-1.8356328413924135,0.0,1.8338783244161105,2.9946360506768523,5.267413972160833
0.988457546607718,0.0,0.007088712032082171,0.0,-1.8364328413924134,0.0,1.8339962103243357,2.99461547569075,5.2682699401633615
0.9884568459034534,0.0,0.007082676255683899,0.0,-1.8372328413924133,0.0,1.8341142882659371,2.99459488098826,5.269125367721475
0.9884561462230214,0.0,0.007076648159319693,0.0,-1.8380328413924132,0.0,1.8342325580875427,2.994574266570209,5.269980252587383
0.988455447564674,0.0,0.007070627729997945,0.0,-1.838832841392413,0.0,1.8343510196362012,2.994553632437252,5.270834592515511
0.9884547499266646,0.0,0.007064614954754587,0.0,-1.839632841392413,0.0,1.8344696727594776,2.9945329785900583,5.27168838521172
0.9884540533072498,0.0,0.0070586098206529045,0.0,-1.840432841392413,0.0,1.8345885173054437,2.994512305029294,5.27254162840871
0.9884533577046902,0.0,0.007052612314783563,0.0,-1.8412328413924128,0.0,1.8347075531226151,2.9944916117555294,5.273394319834122
0.9884526631172481,0.0,0.007046622424264526,0.0,-1.8420328413924127,0.0,1.834826780060042,2.9944708987693605,5.274246457164909
0.9884519695431904,0.0,0.007040640136240916,0.0,-1.8428328413924127,0.0,1.8349461979672164,2.9944501660713057,5.275098038126342
0.9884512769807868,0.0,0.0070346654378850345,0.0,-1.8436328413924126,0.0,1.835065806694095,2.9944294136618352,5.275949060424438
0.9884505854283097,0.0,0.007028698316396282,0.0,-1.8444328413924125,0.0,1.8351856060911844,2.9944086415414066,5.276799521727941
0.9884498948840351,0.0,0.007022738759001024,0.0,-1.8452328413924124,0.0,1.835305596009431,2.9943878497104177,5.277649419704695
0.9884492053462418,0.0,0.0070167867529525385,0.0,-1.8460328413924123,0.0,1.835425776300264,2.994367038169275,5.278498752050731
0.9884485168132102,0.0,0.007010842285531087,0.0,-1.8468328413924122,0.0,1.8355461468156196,2.9943462069183395,5.2793475164399855
0.9884478292832272,0.0,0.0070049053440435875,0.0,-1.8476328413924121,0.0,1.8356667074078379,2.9943253559578737,5.280195710513667
0.9884471427545805,0.0,0.0069989759158237495,0.0,-1.848432841392412,0.0,1.835787457929794,2.994304485288164,5.281043331922956
0.9884464572255607,0.0,0.006993053988231983,0.0,-1.849232841392412,0.0,1.8359083982348534,2.9942835949094495,5.281890378309475
0.9884457726944622,0.0,0.00698713954865524,0.0,-1.8500328413924119,0.0,1.8360295281768206,2.994262684821937,5.282736847321673
0.9884450891595833,0.0,0.006981232584507024,0.0,-1.8508328413924118,0.0,1.8361508476099597,2.9942417550257487,5.283582736573885
0.9884444066192236,0.0,0.006975333083227298,0.0,-1.8516328413924117,0.0,1.8362723563890595,2.9942208055210418,5.28442804371192
0.9884437250716868,0.0,0.006969441032282452,0.0,-1.8524328413924116,0.0,1.836394054369356,2.994199836307885,5.285272766360105
0.9884430445152794,0.0,0.006963556419165133,0.0,-1.8532328413924115,0.0,1.8365159414065313,2.994178847386347,5.286116902073363
0.988442364948311,0.0,0.006957679231394346,0.0,-1.8540328413924114,0.0,1.8366380173568075,2.9941578387564265,5.2869604485055515
0.9884416863690947,0.0,0.006951809456515157,0.0,-1.8548328413924113,0.0,1.8367602820767583,2.994136810418114,5.2878034032086365
0.9884410087759464,0.0,0.006945947082098894,0.0,-1.8556328413924112,0.0,1.836882735423537,2.9941157623713255,5.28864576379891
0.988440332167184,0.0,0.006940092095742891,0.0,-1.8564328413924112,0.0,1.837005377254707,2.9940946946160083,5.289487527853808
0.98843965654113,0.0,0.006934244485070501,0.0,-1.857232841392411,0.0,1.837128207428345,2.9940736071519907,5.290328692930261
0.98843898189611,0.0,0.006928404237730942,0.0,-1.858032841392411,0.0,1.8372512258029017,2.9940524999791003,5.29116925661495
0.9884383082304501,0.0,0.006922571341399387,0.0,-1.858832841392411,0.0,1.8373744322374097,2.994031373097195,5.292009216430909
0.9884376355424833,0.0,0.006916745783776746,0.0,-1.8596328413924108,0.0,1.8374978265912378,2.9940102265059583,5.292848569955403
0.9884369638305416,0.0,0.006910927552589732,0.0,-1.8604328413924107,0.0,1.8376214087243579,2.993989060205178,5.293687314732145
0.9884362930929634,0.0,0.006905116635590686,0.0,-1.8612328413924106,0.0,1.8377451784971106,2.9939678741944813,5.294525448297944
0.9884356233280888,0.0,0.006899313020557502,0.0,-1.8620328413924105,0.0,1.8378691357702663,2.99394666847355,5.29536296813947
0.9884349545342598,0.0,0.006893516695293719,0.0,-1.8628328413924105,0.0,1.8379932804051509,2.993925443042011,5.296199871823444
0.9884342867098233,0.0,0.006887727647628325,0.0,-1.8636328413924104,0.0,1.8381176122635063,2.993904197899403,5.29703615685877
0.9884336198531278,0.0,0.006881945865415686,0.0,-1.8644328413924103,0.0,1.8382421312074906,2.993882933045293,5.297871820728857
0.9884329539625255,0.0,0.006876171336535537,0.0,-1.8652328413924102,0.0,1.838366837099782,2.993861648479191,5.298706860941113
0.9884322890363713,0.0,0.0068704040488929245,0.0,-1.86603284139241,0.0,1.8384917298035137,2.9938403442005557,5.299541274991346
0.9884316250730235,0.0,0.00686464399041808,0.0,-1.86683284139241,0.0,1.8386168091821897,2.9938190202088077,5.300375060381869
0.9884309620708424,0.0,0.0068588911490664204,0.0,-1.86763284139241,0.0,1.838742075099863,2.9937976765033807,5.301208214540654
0.9884303000281932,0.0,0.006853145512818434,0.0,-1.8684328413924098,0.0,1.8388675274209743,2.9937763130835777,5.30204073497841
0.9884296389434419,0.0,0.006847407069679691,0.0,-1.8692328413924097,0.0,1.8389931660104766,2.9937549299487545,5.302872619120841
0.9884289788149582,0.0,0.0068416758076806855,0.0,-1.8700328413924097,0.0,1.8391189907337384,2.993733527098217,5.303703864449009
0.9884283196411149,0.0,0.006835951714876849,0.0,-1.8708328413924096,0.0,1.8392450014565698,2.993712104531206,5.304534468397878
0.9884276614202891,0.0,0.0068302347793484375,0.0,-1.8716328413924095,0.0,1.8393711980452192,2.993690662246888,5.305364428414512
0.9884270041508582,0.0,0.006824524989200518,0.0,-1.8724328413924094,0.0,1.8394975803664535,2.993669200244501,5.306193741933633
0.9884263478312044,0.0,0.006818822332562846,0.0,-1.8732328413924093,0.0,1.839624148287405,2.9936477185231607,5.307022406344146
0.9884256924597119,0.0,0.0068131267975898874,0.0,-1.8740328413924092,0.0,1.8397509016757054,2.993626217081987,5.307850419102075
0.988425038034769,0.0,0.006807438372460661,0.0,-1.8748328413924091,0.0,1.839877840399411,2.9936046959200233,5.308677777578145
0.9884243845547652,0.0,0.006801757045378742,0.0,-1.875632841392409,0.0,1.840004964327029,2.993583155036345,5.309504479224456
0.9884237320180955,0.0,0.006796082804572139,0.0,-1.876432841392409,0.0,1.8401322733274652,2.993561594429903,5.310330521387829
0.9884230804231544,0.0,0.006790415638293391,0.0,-1.8772328413924089,0.0,1.8402597672701795,2.993540014099701,5.3111559014605465
0.9884224297683424,0.0,0.006784755534819273,0.0,-1.8780328413924088,0.0,1.8403874460249594,2.993518414044632,5.311980616839918
0.9884217800520617,0.0,0.006779102482450886,0.0,-1.8788328413924087,0.0,1.840515309462068,2.993496794263585,5.3128046648788665
0.9884211312727167,0.0,0.006773456469513617,0.0,-1.8796328413924086,0.0,1.8406433574522532,2.9934751547554286,5.313628042954105
0.9884204834287154,0.0,0.006767817484356947,0.0,-1.8804328413924085,0.0,1.8407715898666772,2.9934534955189935,5.314450748420473
0.9884198365184693,0.0,0.0067621855153545294,0.0,-1.8812328413924084,0.0,1.8409000065768746,2.9934318165530183,5.315272778592298
0.9884191905403917,0.0,0.006756560550904017,0.0,-1.8820328413924083,0.0,1.8410286074549225,2.993410117856289,5.316094130833751
0.9884185454928995,0.0,0.00675094257942712,0.0,-1.8828328413924083,0.0,1.841157392373281,2.993388399427483,5.316914802505233
0.9884179013744119,0.0,0.006745331589369427,0.0,-1.8836328413924082,0.0,1.8412863612048458,2.9933666612653025,5.317734790870284
0.9884172581833517,0.0,0.006739727569200447,0.0,-1.884432841392408,0.0,1.8414155138229564,2.9933449033683432,5.318554093297193
0.9884166159181446,0.0,0.0067341305074134295,0.0,-1.885232841392408,0.0,1.8415448501013802,2.9933231257352184,5.319372707051901
0.9884159745772173,0.0,0.006728540392525446,0.0,-1.886032841392408,0.0,1.8416743699143296,2.9933013283645407,5.320190629460727
0.9884153341590023,0.0,0.006722957213077267,0.0,-1.8868328413924078,0.0,1.841804073136431,2.9932795112547645,5.321007857813891
0.9884146946619335,0.0,0.006717380957633239,0.0,-1.8876328413924077,0.0,1.8419339596427404,2.993257674404395,5.321824389405519
0.9884140560844465,0.0,0.006711811614781356,0.0,-1.8884328413924076,0.0,1.8420640293088046,2.9932358178119283,5.322640221487838
0.9884134184249811,0.0,0.006706249173133095,0.0,-1.8892328413924075,0.0,1.8421942820105288,2.9932139414757772,5.323455351362618
0.988412781681981,0.0,0.0067006936213233614,0.0,-1.8900328413924075,0.0,1.842324717624238,2.9931920453942813,5.324269776247616
0.9884121458538897,0.0,0.006695144948010582,0.0,-1.8908328413924074,0.0,1.8424553360267937,2.9931701295658297,5.325083493424462
0.9884115109391567,0.0,0.006689603141876384,0.0,-1.8916328413924073,0.0,1.8425861370953716,2.993148193988708,5.3258965001446
0.9884108769362322,0.0,0.006684068191625757,0.0,-1.8924328413924072,0.0,1.8427171207075812,2.993126238661215,5.326708793618346
0.9884102438435702,0.0,0.006678540085986947,0.0,-1.893232841392407,0.0,1.8428482867415465,2.993104263581565,5.327520371121574
0.9884096116596269,0.0,0.006673018813711329,0.0,-1.894032841392407,0.0,1.842979635075744,2.9930822687479814,5.328331229837186
0.9884089803828627,0.0,0.006667504363573368,0.0,-1.894832841392407,0.0,1.8431111655890497,2.993060254158606,5.329141366970346
0.9884083500117391,0.0,0.006661996724370644,0.0,-1.8956328413924068,0.0,1.8432428781608379,2.99303821981159,5.329950779771481
0.9884077205447208,0.0,0.006656495884923751,0.0,-1.8964328413924068,0.0,1.843374772670897,2.993016165705022,5.330759465405488
0.9884070919802761,0.0,0.006651001834076135,0.0,-1.8972328413924067,0.0,1.8435068489993587,2.9929940918369704,5.33156742106441
0.9884064643168754,0.0,0.006645514560694247,0.0,-1.8980328413924066,0.0,1.8436391070268692,2.9929719982054364,5.332374643960179
0.9884058375529924,0.0,0.006640034053667266,0.0,-1.8988328413924065,0.0,1.8437715466344229,2.992949884808417,5.333181131221121
0.9884052116871032,0.0,0.00663456030190719,0.0,-1.8996328413924064,0.0,1.8439041677034687,2.99292775164387,5.333986880050977
0.988404586717686,0.0,0.006629093294348801,0.0,-1.9004328413924063,0.0,1.8440369701159147,2.992905598709702,5.334791887584793
0.9884039626432236,0.0,0.006623633019949416,0.0,-1.9012328413924062,0.0,1.8441699537539846,2.992883426003791,5.335596150968168
0.9884033394621998,0.0,0.006618179467689053,0.0,-1.9020328413924061,0.0,1.8443031185004004,2.9928612335239877,5.336399667370485
0.9884027171731025,0.0,0.006612732626570233,0.0,-1.902832841392406,0.0,1.844436464238277,2.9928390212680887,5.337202433903257
0.9884020957744213,0.0,0.006607292485618012,0.0,-1.903632841392406,0.0,1.8445699908511326,2.9928167892338653,5.33800444770206
0.9884014752646492,0.0,0.006601859033879857,0.0,-1.9044328413924059,0.0,1.8447036982229224,2.992794537419054,5.338805705873033
0.9884008556422813,0.0,0.006596432260425657,0.0,-1.9052328413924058,0.0,1.8448375862380175,2.9927722658213574,5.339606205541331
0.9884002369058169,0.0,0.006591012154347548,0.0,-1.9060328413924057,0.0,1.8449716547811337,2.992749974438428,5.340405943801124
0.9883996190537562,0.0,0.00658559870476007,0.0,-1.9068328413924056,0.0,1.8451059037375046,2.9927276632678934,5.341204917741751
0.9883990020846036,0.0,0.006580191900799869,0.0,-1.9076328413924055,0.0,1.845240332992702,2.9927053323073345,5.342003124467352
0.9883983859968649,0.0,0.006574791731625812,0.0,-1.9084328413924054,0.0,1.8453749424327308,2.99268298155434,5.342800561009385
0.9883977707890493,0.0,0.0065693981864188835,0.0,-1.9092328413924053,0.0,1.8455097319440126,2.992660611006419,5.343597224472104
0.9883971564596701,0.0,0.006564011254382082,0.0,-1.9100328413924053,0.0,1.8456447014133588,2.9926382206610147,5.344393111911267
0.9883965430072402,0.0,0.0065586309247404944,0.0,-1.9108328413924052,0.0,1.8457798507280256,2.9926158105156166,5.3451882203827354
0.9883959304302787,0.0,0.006553257186741038,0.0,-1.911632841392405,0.0,1.8459151797756213,2.9925933805675977,5.345982546926193
0.9883953187273045,0.0,0.006547890029652638,0.0,-1.912432841392405,0.0,1.8460506884442183,2.9925709308143693,5.34677608855521
0.988394707896841,0.0,0.006542529442765975,0.0,-1.913232841392405,0.0,1.8461863766222248,2.9925484612532505,5.347568842310118
0.9883940979374135,0.0,0.006537175415393588,0.0,-1.9140328413924048,0.0,1.8463222441985478,2.9925259718815513,5.348360805216554
0.9883934888475505,0.0,0.006531827936869723,0.0,-1.9148328413924047,0.0,1.846458291062404,2.992503462696519,5.349151974284252
0.9883928806257826,0.0,0.006526486996550276,0.0,-1.9156328413924046,0.0,1.8465945171034925,2.99248093369542,5.349942346522637
0.9883922732706438,0.0,0.0065211525838128614,0.0,-1.9164328413924046,0.0,1.84673092221188,2.9924583848753925,5.350731918911779
0.9883916667806703,0.0,0.006515824688056554,0.0,-1.9172328413924045,0.0,1.8468675062779913,2.992435816233641,5.351520688446763
0.9883910611544007,0.0,0.006510503298702047,0.0,-1.9180328413924044,0.0,1.8470042691927457,2.9924132277672792,5.352308652068697
0.9883904563903766,0.0,0.006505188405191472,0.0,-1.9188328413924043,0.0,1.8471412108473813,2.992390619473398,5.353095806797049
0.9883898524871433,0.0,0.006499879996988345,0.0,-1.9196328413924042,0.0,1.8472783311335848,2.9923679913490187,5.3538821495638
0.9883892494432459,0.0,0.006494578063577633,0.0,-1.920432841392404,0.0,1.847415629943464,2.9923453433912153,5.35466767730105
0.988388647257236,0.0,0.006489282594465548,0.0,-1.921232841392404,0.0,1.8475531071694156,2.9923226755968884,5.355452387005792
0.9883880459276656,0.0,0.006483993579179544,0.0,-1.922032841392404,0.0,1.8476907627043173,2.9922999879630097,5.356236275569593
0.9883874454530887,0.0,0.006478711007268376,0.0,-1.9228328413924038,0.0,1.8478285964414844,2.99227728048651,5.35701933992904
0.9883868458320632,0.0,0.006473434868301892,0.0,-1.9236328413924038,0.0,1.8479666082745458,2.9922545531642464,5.357801577006464
0.9883862470631493,0.0,0.006468165151871074,0.0,-1.9244328413924037,0.0,1.8481047980975536,2.992231805993056,5.3585829836995575
0.9883856491449104,0.0,0.006462901847587943,0.0,-1.9252328413924036,0.0,1.8482431658049734,2.9922090389697074,5.359363556903883
0.9883850520759111,0.0,0.006457644945085533,0.0,-1.9260328413924035,0.0,1.8483817112916283,2.9921862520910207,5.360143293531516
0.9883844558547205,0.0,0.006452394434017825,0.0,-1.9268328413924034,0.0,1.8485204344527633,2.99216344535367,5.360922190447147
0.9883838604799088,0.0,0.0064471503040597344,0.0,-1.9276328413924033,0.0,1.8486593351840022,2.992140618754359,5.36170024451237
0.9883832659500493,0.0,0.006441912544906992,0.0,-1.9284328413924032,0.0,1.8487984133813933,2.992117772289754,5.362477452643406
0.9883826722637182,0.0,0.006436681146276149,0.0,-1.9292328413924031,0.0,1.8489376689413177,2.9920949059564643,5.363253811656255
0.988382079419494,0.0,0.006431456097904506,0.0,-1.930032841392403,0.0,1.8490771017605931,2.9920720197510735,5.364029318386019
0.9883814874159578,0.0,0.0064262373895500454,0.0,-1.930832841392403,0.0,1.8492167117363911,2.99204911367014,5.364803969693967
0.9883808962516939,0.0,0.006421025010991441,0.0,-1.9316328413924029,0.0,1.8493564987663302,2.992026187710136,5.36557776242616
0.9883803059252875,0.0,0.006415818952027961,0.0,-1.9324328413924028,0.0,1.8494964627483896,2.9920032418675877,5.366350693380768
0.9883797164353288,0.0,0.0064106192024793625,0.0,-1.9332328413924027,0.0,1.8496366035808622,2.9919802761388943,5.3671227593678505
0.9883791277804086,0.0,0.006405425752185986,0.0,-1.9340328413924026,0.0,1.8497769211625559,2.9919572905204856,5.367893957212085
0.9883785399591214,0.0,0.006400238591008568,0.0,-1.9348328413924025,0.0,1.8499174153925606,2.9919342850087114,5.3686642836853595
0.9883779529700639,0.0,0.006395057708828293,0.0,-1.9356328413924024,0.0,1.8500580861704232,2.99191125959989,5.369433735571904
0.9883773668118353,0.0,0.006389883095546643,0.0,-1.9364328413924023,0.0,1.8501989333960327,2.9918882142903405,5.370202309685476
0.9883767814830373,0.0,0.006384714741085429,0.0,-1.9372328413924023,0.0,1.8503399569696493,2.991865149076325,5.370970002736402
0.9883761969822746,0.0,0.00637955263538679,0.0,-1.9380328413924022,0.0,1.8504811567920065,2.991842063954013,5.371736811543332
0.988375613308154,0.0,0.006374396768412912,0.0,-1.938832841392402,0.0,1.8506225327640944,2.991818958919654,5.37250273281767
0.9883750304592853,0.0,0.00636924713014625,0.0,-1.939632841392402,0.0,1.8507640847873528,2.9917958339693724,5.373267763326526
0.9883744484342805,0.0,0.006364103710589384,0.0,-1.940432841392402,0.0,1.850905812763628,2.991772689099261,5.374031899769789
0.9883738672317531,0.0,0.006358966499764901,0.0,-1.9412328413924018,0.0,1.851047716595132,2.9917495243054524,5.374795138902405
0.9883732868503212,0.0,0.0063538354877153876,0.0,-1.9420328413924017,0.0,1.851189796184391,2.9917263395839697,5.375557477432906
0.988372707288605,0.0,0.006348710664503433,0.0,-1.9428328413924016,0.0,1.8513320514343796,2.9917031349307774,5.376318912054517
0.9883721285452265,0.0,0.006343592020211522,0.0,-1.9436328413924016,0.0,1.8514744822484241,2.991679910341865,5.377079439459761
0.9883715506188099,0.0,0.006338479544942022,0.0,-1.9444328413924015,0.0,1.8516170885302508,2.991656665813181,5.377839056370457
0.9883709735079823,0.0,0.006333373228817105,0.0,-1.9452328413924014,0.0,1.851759870183948,2.9916334013406347,5.378597759411331
0.9883703972113748,0.0,0.0063282730619787075,0.0,-1.9460328413924013,0.0,1.8519028271139584,2.9916101169200338,5.379355545308529
0.9883698217276181,0.0,0.0063231790345885264,0.0,-1.9468328413924012,0.0,1.8520459592251692,2.9915868125472587,5.380112410659297
0.9883692470553478,0.0,0.006318091136827884,0.0,-1.9476328413924011,0.0,1.8521892664227622,2.9915634882180866,5.380868352171934
0.9883686731932011,0.0,0.006313009358897766,0.0,-1.948432841392401,0.0,1.852332748612349,2.991540143928263,5.3816233664598485
0.9883681001398179,0.0,0.006307933691018727,0.0,-1.949232841392401,0.0,1.8524764056998853,2.991516779673505,5.382377450163929
0.9883675278938405,0.0,0.0063028641234308845,0.0,-1.9500328413924009,0.0,1.8526202375916927,2.991493395449481,5.383130599898857
0.9883669564539138,0.0,0.006297800646393772,0.0,-1.9508328413924008,0.0,1.852764244194493,2.991469991251861,5.383882812297545
0.9883663858186849,0.0,0.006292743250186451,0.0,-1.9516328413924007,0.0,1.8529084254154202,2.991446567076242,5.38463408394046
0.9883658159868031,0.0,0.006287691925107358,0.0,-1.9524328413924006,0.0,1.8530527811618926,2.9914231229182007,5.385384411417357
0.9883652469569215,0.0,0.006282646661474216,0.0,-1.9532328413924005,0.0,1.853197311341717,2.991399658773261,5.386133791340787
0.9883646787276942,0.0,0.006277607449624124,0.0,-1.9540328413924004,0.0,1.8533420158631364,2.9913761746369394,5.3868822202670295
0.9883641112977786,0.0,0.006272574279913388,0.0,-1.9548328413924003,0.0,1.8534868946346712,2.991352670504698,5.387629694778968
0.9883635446658346,0.0,0.0062675471427175375,0.0,-1.9556328413924002,0.0,1.8536319475652816,2.9913291463719465,5.388376211418947
0.9883629788305237,0.0,0.0062625260284312695,0.0,-1.9564328413924001,0.0,1.8537771745642504,2.9913056022341213,5.389121766753396
0.988362413790511,0.0,0.00625751092746843,0.0,-1.9572328413924,0.0,1.853922575541291,2.9912820380865206,5.389866357307191
0.988361849544463,0.0,0.0062525018302618685,0.0,-1.9580328413924,0.0,1.8540681504063958,2.991258453924518,5.390609979604379
0.9883612860910496,0.0,0.006247498727263524,0.0,-1.9588328413923999,0.0,1.8542138990700223,2.9912348497433605,5.391352630187415
0.9883607234289428,0.0,0.006242501608944275,0.0,-1.9596328413923998,0.0,1.854359821442881,2.9912112255382906,5.392094305547957
0.9883601615568162,0.0,0.006237510465793952,0.0,-1.9604328413923997,0.0,1.854505917436151,2.9911875813045605,5.392835002168118
0.9883596004733473,0.0,0.00623252528832127,0.0,-1.9612328413923996,0.0,1.8546521869613,2.9911639170373117,5.3935747165914965
0.9883590401772148,0.0,0.0062275460670538066,0.0,-1.9620328413923995,0.0,1.8547986299302235,2.9911402327316976,5.394313445253883
0.9883584806671005,0.0,0.006222572792537921,0.0,-1.9628328413923994,0.0,1.8549452462551062,2.9911165283828116,5.395051184652981
0.9883579219416886,0.0,0.006217605455338723,0.0,-1.9636328413923994,0.0,1.8550920358485863,2.991092803985729,5.395787931242554
0.9883573639996652,0.0,0.006212644046040067,0.0,-1.9644328413923993,0.0,1.855238998623587,2.9910690595354708,5.3965236814572695
0.9883568068397197,0.0,0.006207688555244419,0.0,-1.9652328413923992,0.0,1.8553861344934195,2.991045295027031,5.397258431782911
0.9883562504605422,0.0,0.006202738973572952,0.0,-1.966032841392399,0.0,1.8555334433718085,2.9910215104553903,5.397992178611574
0.9883556948608273,0.0,0.006197795291665298,0.0,-1.966832841392399,0.0,1.855680925172727,2.9909977058154604,5.398724918398287
0.9883551400392716,0.0,0.0061928575001797105,0.0,-1.967632841392399,0.0,1.8558285798105487,2.990973881102086,5.39945664752719
0.9883545859945722,0.0,0.006187925589792915,0.0,-1.9684328413923988,0.0,1.8559764072001037,2.9909500363101826,5.400187362422235
0.9883540327254308,0.0,0.006182999551200074,0.0,-1.9692328413923987,0.0,1.8561244072564422,2.9909261714345137,5.400917059467668
0.9883534802305503,0.0,0.006178079375114756,0.0,-1.9700328413923986,0.0,1.8562725798950643,2.9909022864698738,5.401645735061139
0.9883529285086363,0.0,0.006173165052268865,0.0,-1.9708328413923986,0.0,1.8564209250317751,2.990878381411009,5.402373385552069
0.9883523775583971,0.0,0.006168256573412634,0.0,-1.9716328413923985,0.0,1.85656944258277,2.9908544562526176,5.403100007340898
0.9883518273785423,0.0,0.006163353929314617,0.0,-1.9724328413923984,0.0,1.856718132464614,2.9908305109893685,5.403825596739752
0.9883512779677857,0.0,0.0061584571107615085,0.0,-1.9732328413923983,0.0,1.85686699459415,2.9908065456158694,5.404550150137998
0.9883507293248415,0.0,0.006153566108558213,0.0,-1.9740328413923982,0.0,1.8570160288886282,2.990782560126759,5.405273663832875
0.9883501814484279,0.0,0.006148680913527815,0.0,-1.9748328413923981,0.0,1.8571652352656864,2.9907585545165403,5.4059961341623755
0.9883496343372636,0.0,0.006143801516511454,0.0,-1.975632841392398,0.0,1.8573146136432706,2.9907345287798073,5.406717557466537
0.9883490879900722,0.0,0.006138927908368339,0.0,-1.976432841392398,0.0,1.8574641639396587,2.9907104829109725,5.4074379300325335
0.988348542405576,0.0,0.006134060079975732,0.0,-1.9772328413923979,0.0,1.857613886073579,2.9906864169045635,5.4081572481252564
0.988347997582504,0.0,0.006129198022228758,0.0,-1.9780328413923978,0.0,1.8577637799639672,2.9906623307549314,5.408875508052566
0.9883474535195845,0.0,0.006124341726040586,0.0,-1.9788328413923977,0.0,1.8579138455302433,2.9906382244564624,5.40959270610079
0.9883469102155487,0.0,0.006119491182342202,0.0,-1.9796328413923976,0.0,1.8580640826920956,2.9906140980035287,5.4103088385408284
0.9883463676691311,0.0,0.006114646382082431,0.0,-1.9804328413923975,0.0,1.8582144913695722,2.9905899513903993,5.4110239015827
0.9883458258790672,0.0,0.0061098073162279675,0.0,-1.9812328413923974,0.0,1.858365071483147,2.9905657846113542,5.411737891517456
0.9883452848440957,0.0,0.006104973975763184,0.0,-1.9820328413923973,0.0,1.8585158229535572,2.990541597660626,5.412450804551829
0.9883447445629574,0.0,0.006100146351690188,0.0,-1.9828328413923972,0.0,1.858666745701873,2.9905173905324163,5.413162636925893
0.9883442050343959,0.0,0.006095324435028781,0.0,-1.9836328413923972,0.0,1.8588178396496018,2.990493163220853,5.413873384840872
0.9883436662571554,0.0,0.006090508216816408,0.0,-1.984432841392397,0.0,1.8589691047185435,2.990468915720108,5.414583044505661
0.9883431282299846,0.0,0.006085697688108065,0.0,-1.985232841392397,0.0,1.8591205408308387,2.990444648024228,5.415291612104523
0.9883425909516331,0.0,0.0060808928399763125,0.0,-1.9860328413923969,0.0,1.8592721479089933,2.9904203601272816,5.4159990838382015
0.988342054420853,0.0,0.006076093663511268,0.0,-1.9868328413923968,0.0,1.8594239258758694,2.99039605202327,5.4167054558515115
0.9883415186363993,0.0,0.006071300149820434,0.0,-1.9876328413923967,0.0,1.8595758746546438,2.9903717237061644,5.417410724315921
0.9883409835970287,0.0,0.006066512290028756,0.0,-1.9884328413923966,0.0,1.8597279941688474,2.990347375169928,5.418114885425142
0.9883404493015001,0.0,0.006061730075278638,0.0,-1.9892328413923965,0.0,1.8598802843423656,2.9903230064084423,5.4188179352429025
0.9883399157485756,0.0,0.006056953496729736,0.0,-1.9900328413923964,0.0,1.860032745099417,2.990298617415565,5.419519869955078
0.9883393829370181,0.0,0.0060521825455590724,0.0,-1.9908328413923964,0.0,1.8601853763645746,2.9902742081851525,5.420220685663997
0.9883388508655939,0.0,0.0060474172129608835,0.0,-1.9916328413923963,0.0,1.8603381780627342,2.990249778710987,5.420920378472725
0.988338319533071,0.0,0.006042657490146689,0.0,-1.9924328413923962,0.0,1.860491150119167,2.990225328986818,5.4216189445162595
0.9883377889382197,0.0,0.006037903368345123,0.0,-1.993232841392396,0.0,1.8606442924594735,2.9902008590064018,5.422316379836298
0.9883372590798142,0.0,0.006033154838801966,0.0,-1.994032841392396,0.0,1.8607976050095139,2.9901763687633434,5.423012680530894
0.9883367299566278,0.0,0.0060284118927801745,0.0,-1.994832841392396,0.0,1.8609510876956354,2.990151858251354,5.423707842659561
0.9883362015674384,0.0,0.00602367452155969,0.0,-1.9956328413923958,0.0,1.8611047404444163,2.990127327464024,5.424401862282847
0.9883356739110257,0.0,0.0060189427164374755,0.0,-1.9964328413923957,0.0,1.8612585631827963,2.990102776394926,5.425094735440766
0.9883351469861709,0.0,0.0060142164687275465,0.0,-1.9972328413923957,0.0,1.8614125558381087,2.990078205037602,5.425786458186904
0.9883346207916583,0.0,0.006009495769760775,0.0,-1.9980328413923956,0.0,1.8615667183379547,2.9900536133855393,5.426477026521612
0.9883340953262737,0.0,0.006004780610884982,0.0,-1.9988328413923955,0.0,1.861721050610281,2.9900290014322306,5.427166436461841
0.9883335705888061,0.0,0.006000070983464806,0.0,-1.9996328413923954,0.0,1.8618755525833925,2.9900043691710803,5.427854684021595
0.9883330465780455,0.0,0.00599536687888179,0.0,-2.0004328413923953,0.0,1.8620302241859539,2.9899797165954807,5.428541765184029
0.9883325232927859,0.0,0.005990668288534183,0.0,-2.001232841392395,0.0,1.862185065346925,2.989955043698747,5.429227675934722
0.9883320007318207,0.0,0.005985975203837006,0.0,-2.002032841392395,0.0,1.862340075995596,2.989930350474271,5.429912412236257
0.9883314788939481,0.0,0.005981287616221984,0.0,-2.002832841392395,0.0,1.862495256061665,2.9899056369152888,5.4305959700486
0.9883309577779679,0.0,0.005976605517137473,0.0,-2.003632841392395,0.0,1.862650605475033,2.989880903015048,5.43127834530075
0.9883304373826809,0.0,0.005971928898048546,0.0,-2.004432841392395,0.0,1.8628061241660934,2.9898561487667568,5.431959533988319
0.9883299177068916,0.0,0.005967257750436759,0.0,-2.0052328413923948,0.0,1.8629618120654146,2.9898313741635834,5.4326395319652425
0.9883293987494062,0.0,0.005962592065800272,0.0,-2.0060328413923947,0.0,1.8631176691040123,2.9898065791986506,5.433318335220611
0.9883288805090323,0.0,0.00595793183565376,0.0,-2.0068328413923946,0.0,1.86327369521323,2.9897817638650714,5.4339959395866355
0.9883283629845815,0.0,0.005953277051528329,0.0,-2.0076328413923945,0.0,1.8634298903246267,2.989756928155871,5.4346723409819475
0.988327846174865,0.0,0.005948627704971566,0.0,-2.0084328413923944,0.0,1.8635862543702428,2.9897320720641227,5.4353475352802025
0.9883273300786988,0.0,0.005943983787547432,0.0,-2.0092328413923943,0.0,1.8637427872823642,2.989707195582758,5.436021518391938
0.9883268146948995,0.0,0.0059393452908362175,0.0,-2.0100328413923942,0.0,1.8638994889936025,2.9896822987047518,5.436694286132744
0.9883263000222856,0.0,0.005934712206434602,0.0,-2.010832841392394,0.0,1.8640563594369661,2.989657381423025,5.437365834352022
0.9883257860596788,0.0,0.005930084525955502,0.0,-2.011632841392394,0.0,1.8642133985457368,2.989632443730433,5.438036158899029
0.9883252728059032,0.0,0.00592546224102801,0.0,-2.012432841392394,0.0,1.8643706062535061,2.989607485619822,5.438705255612479
0.9883247602597843,0.0,0.005920845343297545,0.0,-2.013232841392394,0.0,1.8645279824942242,2.989582507083963,5.439373120260649
0.9883242484201487,0.0,0.0059162338244256405,0.0,-2.014032841392394,0.0,1.8646855272022103,2.989557508115685,5.440039748696484
0.9883237372858277,0.0,0.005911627676089933,0.0,-2.0148328413923937,0.0,1.8648432403120496,2.989532488707649,5.440705136700667
0.9883232268556524,0.0,0.0059070268899842114,0.0,-2.0156328413923936,0.0,1.8650011217586906,2.989507448852578,5.441369280019951
0.9883227171284581,0.0,0.005902431457818245,0.0,-2.0164328413923935,0.0,1.8651591714773268,2.989482388543096,5.442032174440275
0.9883222081030805,0.0,0.005897841371317889,0.0,-2.0172328413923934,0.0,1.8653173894036046,2.989457307771831,5.442693815719885
0.9883216997783577,0.0,0.005893256622224928,0.0,-2.0180328413923934,0.0,1.8654757754734173,2.989432206531391,5.443354199598248
0.9883211921531312,0.0,0.0058886772022971375,0.0,-2.0188328413923933,0.0,1.8656343296230062,2.9894070848142604,5.444013321846288
0.9883206852262432,0.0,0.005884103103308176,0.0,-2.019632841392393,0.0,1.865793051788912,2.9893819426129697,5.444671178115849
0.9883201789965386,0.0,0.00587953431704753,0.0,-2.020432841392393,0.0,1.865951941908037,2.9893567799200076,5.445327764184549
0.9883196734628645,0.0,0.005874970835320599,0.0,-2.021232841392393,0.0,1.8661109999175782,2.9893315967277667,5.445983075687648
0.9883191686240704,0.0,0.005870412649948533,0.0,-2.022032841392393,0.0,1.8662702257550507,2.989306393028629,5.446637108359241
0.9883186644790065,0.0,0.0058658597527682385,0.0,-2.022832841392393,0.0,1.866429619358327,2.9892811688150083,5.447289857851624
0.9883181610265269,0.0,0.0058613121356323634,0.0,-2.0236328413923927,0.0,1.866589180665584,2.9892559240791687,5.447941319837102
0.9883176582654869,0.0,0.005856769790409226,0.0,-2.0244328413923927,0.0,1.8667489096152925,2.989230658813402,5.448591489973392
0.9883171561947437,0.0,0.005852232708982787,0.0,-2.0252328413923926,0.0,1.8669088061462829,2.9892053730099812,5.449240363897902
0.9883166548131576,0.0,0.005847700883252666,0.0,-2.0260328413923925,0.0,1.8670688701976945,2.989180066661052,5.449887937211177
0.9883161541195893,0.0,0.005843174305134041,0.0,-2.0268328413923924,0.0,1.867229101708971,2.9891547397588285,5.450534205560224
0.9883156541129032,0.0,0.005838652966557584,0.0,-2.0276328413923923,0.0,1.8673895006199206,2.9891293922954354,5.451179164532258
0.988315154791965,0.0,0.005834136859469555,0.0,-2.028432841392392,0.0,1.8675500668705982,2.989104024262952,5.45182280973175
0.9883146561556422,0.0,0.0058296259758316045,0.0,-2.029232841392392,0.0,1.8677108004014262,2.989078635653475,5.452465136724822
0.9883141582028057,0.0,0.005825120307620889,0.0,-2.030032841392392,0.0,1.8678717011531731,2.9890532264589567,5.453106141081304
0.988313660932327,0.0,0.005820619846829894,0.0,-2.030832841392392,0.0,1.868032769066848,2.989027796671433,5.45374581837293
0.9883131643430809,0.0,0.005816124585466539,0.0,-2.031632841392392,0.0,1.8681940040838239,2.9890023462827884,5.45438416411303
0.9883126684339427,0.0,0.005811634515554037,0.0,-2.0324328413923918,0.0,1.86835540614579,2.9889768752849832,5.455021173856862
0.9883121732037913,0.0,0.0058071496291308795,0.0,-2.0332328413923917,0.0,1.8685169751947552,2.9889513836698667,5.4556568431344985
0.9883116786515067,0.0,0.00580266991825084,0.0,-2.0340328413923916,0.0,1.8686787111730472,2.9889258714292763,5.456291167419566
0.9883111847759715,0.0,0.005798195374982915,0.0,-2.0348328413923915,0.0,1.8688406140232492,2.9889003385549913,5.456924142225899
0.9883106915760698,0.0,0.005793725991411276,0.0,-2.0356328413923914,0.0,1.8690026836883438,2.988874785038785,5.457555763049989
0.988310199050688,0.0,0.00578926175963527,0.0,-2.0364328413923913,0.0,1.869164920111638,2.9888492108723748,5.458186025338197
0.9883097071987148,0.0,0.005784802671769304,0.0,-2.0372328413923912,0.0,1.8693273232366276,2.988823616047453,5.45881492455754
0.9883092160190415,0.0,0.005780348719942954,0.0,-2.038032841392391,0.0,1.8694898930072124,2.988798000555593,5.459442456128518
0.9883087255105594,0.0,0.005775899896300792,0.0,-2.038832841392391,0.0,1.869652629367672,2.9887723643884785,5.460068615532473
0.9883082356721631,0.0,0.005771456193002407,0.0,-2.039632841392391,0.0,1.8698155322624574,2.9887467075376772,5.460693398149413
0.9883077465027507,0.0,0.0057670176022223615,0.0,-2.040432841392391,0.0,1.869978601636378,2.9887210299946476,5.461316799433344
0.9883072580012195,0.0,0.005762584116150195,0.0,-2.041232841392391,0.0,1.8701418374346208,2.988695331750937,5.461938814701869
0.9883067701664705,0.0,0.005758155726990328,0.0,-2.0420328413923907,0.0,1.8703052396026176,2.9886696127979997,5.462559439405636
0.9883062829974056,0.0,0.0057537324269620925,0.0,-2.0428328413923906,0.0,1.8704688080861902,2.9886438731272698,5.463178668903646
0.9883057964929314,0.0,0.005749314208299615,0.0,-2.0436328413923905,0.0,1.8706325428313073,2.988618112730042,5.463796498555537
0.9883053106519525,0.0,0.005744901063251856,0.0,-2.0444328413923905,0.0,1.8707964437844407,2.988592331597766,5.464412923686398
0.9883048254733791,0.0,0.005740492984082552,0.0,-2.0452328413923904,0.0,1.870960510892213,2.988566529721666,5.46502793962331
0.9883043409561204,0.0,0.005736089963070215,0.0,-2.0460328413923903,0.0,1.871124744101697,2.988540707093059,5.465641541716386
0.9883038570990906,0.0,0.0057316919925079635,0.0,-2.04683284139239,0.0,1.871289143360156,2.988514863703137,5.466253725253104
0.9883033739012033,0.0,0.0057272990647037085,0.0,-2.04763284139239,0.0,1.8714537086152474,2.988488999543116,5.466864485503363
0.9883028913613756,0.0,0.005722911171979938,0.0,-2.04843284139239,0.0,1.8716184398148759,2.988463114604116,5.467473817837067
0.988302409478526,0.0,0.005718528306673741,0.0,-2.04923284139239,0.0,1.8717833369072867,2.98843720887728,5.468081717443798
0.9883019282515746,0.0,0.005714150461136823,0.0,-2.05003284139239,0.0,1.871948399841027,2.988411282353691,5.468688179562115
0.9883014476794447,0.0,0.005709777627735373,0.0,-2.0508328413923897,0.0,1.8721136285649524,2.9883853350243594,5.469293199514472
0.9883009677610606,0.0,0.005705409798850152,0.0,-2.0516328413923897,0.0,1.872279023028225,2.988359366880286,5.469896772440529
0.9883004884953489,0.0,0.005701046966876325,0.0,-2.0524328413923896,0.0,1.8724445831802652,2.98833337791244,5.470498893612775
0.9883000098812378,0.0,0.005696689124223535,0.0,-2.0532328413923895,0.0,1.8726103089708848,2.9883073681117684,5.471099558249139
0.9882995319176575,0.0,0.005692336263315877,0.0,-2.0540328413923894,0.0,1.872776200350177,2.988281337469129,5.471698761477352
0.9882990546035415,0.0,0.005687988376591701,0.0,-2.0548328413923893,0.0,1.872942257268451,2.9882552859753657,5.472296498513361
0.9882985779378226,0.0,0.005683645456503846,0.0,-2.055632841392389,0.0,1.8731084796764799,2.9882292136213175,5.472892764545433
0.988298101919438,0.0,0.005679307495519351,0.0,-2.056432841392389,0.0,1.8732748675252087,2.988203120397734,5.4734875546633805
0.9882976265473256,0.0,0.005674974486119577,0.0,-2.057232841392389,0.0,1.8734414207659011,2.9881770062953628,5.474080864051649
0.9882971518204263,0.0,0.0056706464208001245,0.0,-2.058032841392389,0.0,1.8736081393502078,2.9881508713048435,5.474672687819457
0.9882966777376812,0.0,0.005666323292070785,0.0,-2.058832841392389,0.0,1.8737750232299764,2.9881247154169213,5.475263021084745
0.9882962042980344,0.0,0.005662005092455579,0.0,-2.059632841392389,0.0,1.8739420723574547,2.98809853862217,5.475851858914627
0.9882957315004325,0.0,0.005657691814492628,0.0,-2.0604328413923887,0.0,1.8741092866851152,2.988072340911165,5.476439196441863
0.988295259343823,0.0,0.005653383450734204,0.0,-2.0612328413923886,0.0,1.874276666165788,2.98804612227444,5.477025028704093
0.9882947878271561,0.0,0.005649079993746604,0.0,-2.0620328413923885,0.0,1.874444210752533,2.9880198827025177,5.47760935073809
0.9882943169493825,0.0,0.005644781436110275,0.0,-2.0628328413923884,0.0,1.8746119203988234,2.9879936221858694,5.478192157665596
0.9882938467094569,0.0,0.00564048777041959,0.0,-2.0636328413923883,0.0,1.8747797950583163,2.987967340714901,5.478773444407572
0.988293377106335,0.0,0.005636198989282944,0.0,-2.0644328413923883,0.0,1.874947834685,2.987941038279976,5.479353206065097
0.9882929081389729,0.0,0.005631915085322697,0.0,-2.065232841392388,0.0,1.8751160392332575,2.987914714871536,5.479931437588954
0.988292439806332,0.0,0.005627636051175131,0.0,-2.066032841392388,0.0,1.875284408657597,2.987888370479756,5.480508134006371
0.988291972107371,0.0,0.005623361879490445,0.0,-2.066832841392388,0.0,1.8754529429130427,2.987862005095046,5.481083290258466
0.9882915050410553,0.0,0.005619092562932587,0.0,-2.067632841392388,0.0,1.8756216419546712,2.9878356187075648,5.481656901349186
0.9882910386063486,0.0,0.005614828094179537,0.0,-2.068432841392388,0.0,1.8757905057381106,2.9878092113075114,5.482228962183248
0.9882905728022184,0.0,0.0056105684659228825,0.0,-2.0692328413923877,0.0,1.875959534219087,2.987782782885053,5.482799467692306
0.9882901076276333,0.0,0.005606313670868062,0.0,-2.0700328413923876,0.0,1.8761287273536829,2.987756333430328,5.483368412831123
0.9882896430815644,0.0,0.005602063701734255,0.0,-2.0708328413923875,0.0,1.8762980850983428,2.9877298629333655,5.483935792479871
0.988289179162984,0.0,0.005597818551254318,0.0,-2.0716328413923875,0.0,1.876467607409723,2.9877033713842502,5.484501601539072
0.9882887158708662,0.0,0.005593578212174845,0.0,-2.0724328413923874,0.0,1.8766372942448486,2.98767685877296,5.485065834888217
0.9882882532041882,0.0,0.005589342677255963,0.0,-2.0732328413923873,0.0,1.876807145560959,2.987650325089459,5.485628487405743
0.9882877911619273,0.0,0.005585111939271513,0.0,-2.074032841392387,0.0,1.8769771613156518,2.9876237703236965,5.486189553866296
0.9882873297430644,0.0,0.005580885991008862,0.0,-2.074832841392387,0.0,1.8771473414668078,2.987597194465523,5.486749029212
0.9882868689465812,0.0,0.0055766648252689715,0.0,-2.075632841392387,0.0,1.877317685972571,2.987570597504778,5.487306908144522
0.9882864087714605,0.0,0.005572448434866288,0.0,-2.076432841392387,0.0,1.8774881947914572,2.987543979431342,5.48786318559312
0.9882859492166891,0.0,0.005568236812628749,0.0,-2.077232841392387,0.0,1.877658867882167,2.98751734023491,5.4884178562527035
0.9882854902812537,0.0,0.005564029951397781,0.0,-2.0780328413923868,0.0,1.8778297052037851,2.987490679905261,5.48897091496602
0.9882850319641444,0.0,0.005559827844028234,0.0,-2.0788328413923867,0.0,1.8780007067156657,2.987463998432017,5.489522356454724
0.9882845742643516,0.0,0.005555630483388318,0.0,-2.0796328413923866,0.0,1.8781718723774297,2.987437295804912,5.490072175471785
0.9882841171808694,0.0,0.005551437862359636,0.0,-2.0804328413923865,0.0,1.878343202148963,2.9874105720134843,5.490620366778989
0.9882836607126907,0.0,0.005547249973837197,0.0,-2.0812328413923864,0.0,1.8785146959906023,2.987383827047384,5.49116692506734
0.9882832048588145,0.0,0.00554306681072918,0.0,-2.0820328413923863,0.0,1.878686353862738,2.987357060896067,5.491711845025042
0.9882827496182373,0.0,0.005538888365957176,0.0,-2.0828328413923862,0.0,1.8788581757262757,2.987330273549105,5.492255121424455
0.9882822949899608,0.0,0.005534714632455966,0.0,-2.083632841392386,0.0,1.879030161542275,2.987303464995871,5.492796748864084
0.9882818409729868,0.0,0.0055305456031735254,0.0,-2.084432841392386,0.0,1.8792023112720813,2.987276635225834,5.493336722025518
0.988281387566319,0.0,0.005526381271071065,0.0,-2.085232841392386,0.0,1.8793746248774201,2.9872497842283723,5.493875035549326
0.9882809347689632,0.0,0.0055222216291229455,0.0,-2.086032841392386,0.0,1.8795471023202694,2.987222911992826,5.494411684093646
0.9882804825799274,0.0,0.005518066670316652,0.0,-2.086832841392386,0.0,1.879719743562849,2.9871960185084623,5.494946662210166
0.9882800309982201,0.0,0.005513916387652801,0.0,-2.0876328413923857,0.0,1.879892548567766,2.987169103764579,5.49547996459896
0.9882795800228539,0.0,0.00550977077414502,0.0,-2.0884328413923856,0.0,1.8800655172978005,2.9871421677503474,5.496011585771367
0.9882791296528403,0.0,0.00550562982282002,0.0,-2.0892328413923855,0.0,1.88023864971611,2.9871152104550216,5.496541520297891
0.9882786798871953,0.0,0.005501493526717534,0.0,-2.0900328413923854,0.0,1.8804119457861317,2.9870882318676637,5.497069762792885
0.9882782307249347,0.0,0.005497361878890249,0.0,-2.0908328413923853,0.0,1.8805854054714959,2.987061231977437,5.497596307767122
0.9882777821650777,0.0,0.005493234872403817,0.0,-2.0916328413923853,0.0,1.880759028736245,2.9870342107733627,5.49812114971953
0.9882773342066435,0.0,0.005489112500336861,0.0,-2.092432841392385,0.0,1.8809328155446765,2.9870071682444816,5.498644283204248
0.9882768868486544,0.0,0.005484994755780837,0.0,-2.093232841392385,0.0,1.8811067658613225,2.986980104379792,5.499165702676137
0.9882764400901344,0.0,0.0054808816318400976,0.0,-2.094032841392385,0.0,1.881280879651058,2.9869530191682196,5.4996854026231
0.9882759939301091,0.0,0.005476773121631849,0.0,-2.094832841392385,0.0,1.8814551568790112,2.9869259125986387,5.5002033775230705
0.9882755483676053,0.0,0.00547266921828606,0.0,-2.095632841392385,0.0,1.8816295975105815,2.986898784659979,5.5007196218871135
0.9882751034016527,0.0,0.005468569914945556,0.0,-2.0964328413923847,0.0,1.8818042015115264,2.9868716353409948,5.5012341300494
0.9882746590312812,0.0,0.005464475204765842,0.0,-2.0972328413923846,0.0,1.8819789688478268,2.986844464630553,5.501746896463778
0.9882742152555242,0.0,0.0054603850809152345,0.0,-2.0980328413923846,0.0,1.882153899485764,2.9868172725173077,5.502257915531834
0.9882737720734157,0.0,0.005456299536574649,0.0,-2.0988328413923845,0.0,1.882328993391894,2.986790058990021,5.502767181704963
0.9882733294839918,0.0,0.005452218564937724,0.0,-2.0996328413923844,0.0,1.8825042505330718,2.9867628240373554,5.503274689244631
0.9882728874862904,0.0,0.005448142159210759,0.0,-2.1004328413923843,0.0,1.8826796708764462,2.9867355676479157,5.503780432581379
0.9882724460793512,0.0,0.005444070312612638,0.0,-2.101232841392384,0.0,1.8828552543894554,2.986708289810278,5.50428440601001
0.9882720052622156,0.0,0.00544000301837477,0.0,-2.102032841392384,0.0,1.883031001039735,2.9866809905130287,5.5047866039272275
0.9882715650339262,0.0,0.005435940269741239,0.0,-2.102832841392384,0.0,1.8832069107953164,2.9866536697446664,5.505287020580006
0.9882711253935283,0.0,0.0054318820599686115,0.0,-2.103632841392384,0.0,1.8833829836244782,2.9866263274936093,5.505785650287759
0.9882706863400683,0.0,0.005427828382325918,0.0,-2.104432841392384,0.0,1.883559219495764,2.9865989637483246,5.506282487319464
0.9882702478725944,0.0,0.005423779230094685,0.0,-2.1052328413923838,0.0,1.8837356183780125,2.9865715784971947,5.5067775259443845
0.9882698099901569,0.0,0.00541973459656891,0.0,-2.1060328413923837,0.0,1.8839121802403085,2.986544171728534,5.507270760397244
0.9882693726918071,0.0,0.00541569447505493,0.0,-2.1068328413923836,0.0,1.88408890505209,2.986516743430716,5.507762184878093
0.9882689359765997,0.0,0.0054116588588715795,0.0,-2.1076328413923835,0.0,1.8842657927829984,2.9864892935918874,5.508251793668011
0.9882684998435877,0.0,0.005407627741350012,0.0,-2.1084328413923834,0.0,1.884442843403068,2.986461822200403,5.508739580937598
0.9882680642918298,0.0,0.005403601115833641,0.0,-2.1092328413923833,0.0,1.8846200568824503,2.986434329244382,5.509225540866693
0.9882676293203841,0.0,0.005399578975678322,0.0,-2.1100328413923832,0.0,1.8847974331917121,2.9864068147119447,5.5097096675674955
0.9882671949283114,0.0,0.005395561314252056,0.0,-2.110832841392383,0.0,1.884974972301635,2.9863792785912286,5.510191955281115
0.9882667611146724,0.0,0.0053915481249352465,0.0,-2.111632841392383,0.0,1.8851526741833535,2.986351720870301,5.510672398059446
0.9882663278785326,0.0,0.005387539401120361,0.0,-2.112432841392383,0.0,1.88533053880814,2.9863241415371355,5.511150990061909
0.9882658952189559,0.0,0.005383535136212172,0.0,-2.113232841392383,0.0,1.88550856614774,2.9862965405798,5.511627725381713
0.9882654631350097,0.0,0.005379535323627632,0.0,-2.114032841392383,0.0,1.8856867561739943,2.9862689179861794,5.512102598137227
0.9882650316257638,0.0,0.005375539956795733,0.0,-2.1148328413923827,0.0,1.8858651088591114,2.98624127374417,5.512575602298362
0.988264600690288,0.0,0.005371549029157716,0.0,-2.1156328413923826,0.0,1.8860436241756102,2.986213607841634,5.513046731982514
0.9882641703276543,0.0,0.005367562534166822,0.0,-2.1164328413923825,0.0,1.8862223020962239,2.986185920266414,5.513515981228819
0.9882637405369372,0.0,0.005363580465288386,0.0,-2.1172328413923824,0.0,1.8864011425939622,2.986158211006261,5.513983344032303
0.9882633113172126,0.0,0.005359602815999763,0.0,-2.1180328413923823,0.0,1.886580145642111,2.986130480048904,5.514448814414823
0.9882628826675558,0.0,0.005355629579790395,0.0,-2.1188328413923823,0.0,1.8867593112143723,2.9861027273821072,5.514912386292355
0.9882624545870474,0.0,0.0053516607501616,0.0,-2.119632841392382,0.0,1.8869386392845142,2.9860749529934667,5.515374053719167
0.9882620270747676,0.0,0.005347696320626719,0.0,-2.120432841392382,0.0,1.8871181298266924,2.9860471568706126,5.515833810572612
0.9882616001297988,0.0,0.00534373628471102,0.0,-2.121232841392382,0.0,1.8872977828153499,2.9860193390011,5.516291650834436
0.9882611737512249,0.0,0.0053397806359516565,0.0,-2.122032841392382,0.0,1.887477598225141,2.98599149937247,5.516747568392798
0.9882607479381307,0.0,0.005335829367897671,0.0,-2.122832841392382,0.0,1.8876575760310859,2.985963637972268,5.517201557164242
0.9882603226896047,0.0,0.005331882474109955,0.0,-2.1236328413923817,0.0,1.887837716208384,2.9859357547878593,5.5176536109778365
0.9882598980047349,0.0,0.0053279399481612425,0.0,-2.1244328413923816,0.0,1.888018018732567,2.985907849806715,5.518103723764554
0.9882594738826124,0.0,0.005324001783636065,0.0,-2.1252328413923816,0.0,1.8881984835794363,2.985879923016152,5.518551889336077
0.9882590503223281,0.0,0.0053200679741307174,0.0,-2.1260328413923815,0.0,1.8883791107250967,2.9858519744035874,5.518998101518046
0.9882586273229775,0.0,0.005316138513253229,0.0,-2.1268328413923814,0.0,1.8885599001458289,2.9858240039562114,5.5194423541103905
0.9882582048836551,0.0,0.0053122133946234,0.0,-2.1276328413923813,0.0,1.8887408518182676,2.985796011661316,5.519884640959937
0.9882577830034585,0.0,0.005308292611872663,0.0,-2.128432841392381,0.0,1.888921965719346,2.985767997506099,5.520324955773208
0.9882573616814861,0.0,0.005304376158644168,0.0,-2.129232841392381,0.0,1.8891032418261702,2.985739961477724,5.520763292374328
0.9882569409168377,0.0,0.0053004640285927475,0.0,-2.130032841392381,0.0,1.8892846801162528,2.9857119035633337,5.521199644441617
0.9882565207086172,0.0,0.005296556215384738,0.0,-2.130832841392381,0.0,1.8894662805672091,2.9856838237499206,5.521634005708569
0.9882561010559263,0.0,0.005292652712698188,0.0,-2.131632841392381,0.0,1.8896480431571074,2.985655722024628,5.522066369920233
0.9882556819578705,0.0,0.005288753514222639,0.0,-2.1324328413923808,0.0,1.8898299678641741,2.985627598374447,5.52249673072526
0.9882552634135574,0.0,0.005284858613659221,0.0,-2.1332328413923807,0.0,1.8900120546669226,2.9855994527862766,5.522925081863253
0.9882548454220956,0.0,0.005280968004720589,0.0,-2.1340328413923806,0.0,1.890194303544187,2.9855712852469996,5.523351416884113
0.9882544279825941,0.0,0.005277081681130838,0.0,-2.1348328413923805,0.0,1.8903767144750432,2.985543095743594,5.52377572948051
0.9882540110941653,0.0,0.0052731996366255605,0.0,-2.1356328413923804,0.0,1.890559287438803,2.985514884262839,5.524198013241522
0.9882535947559228,0.0,0.005269321864951805,0.0,-2.1364328413923803,0.0,1.8907420224150706,2.9854866507915023,5.52461826184769
0.9882531789669812,0.0,0.005265448359868035,0.0,-2.1372328413923802,0.0,1.8909249193837667,2.9854583953163383,5.525036468735782
0.9882527637264569,0.0,0.0052615791151440884,0.0,-2.13803284139238,0.0,1.8911079783250633,2.985430117824068,5.525452627538535
0.9882523490334683,0.0,0.00525771412456118,0.0,-2.13883284139238,0.0,1.8912911992193542,2.985401818301341,5.525866731817761
0.9882519348871347,0.0,0.005253853381911858,0.0,-2.13963284139238,0.0,1.8914745820473406,2.985373496734809,5.52627877513693
0.9882515212865776,0.0,0.0052499968810000444,0.0,-2.14043284139238,0.0,1.891658126790023,2.9853451531110116,5.526688750847567
0.9882511082309201,0.0,0.005246144615640881,0.0,-2.14123284139238,0.0,1.8918418334285882,2.9853167874164823,5.5270966526057865
0.9882506957192866,0.0,0.005242296579660769,0.0,-2.1420328413923797,0.0,1.892025701944549,2.985288399637768,5.5275024738171705
0.988250283750803,0.0,0.005238452766897465,0.0,-2.1428328413923796,0.0,1.892209732319728,2.985259989761259,5.527906207905772
0.9882498723245962,0.0,0.005234613171199868,0.0,-2.1436328413923795,0.0,1.8923939245361774,2.9852315577734334,5.528307848327879
0.9882494614397964,0.0,0.00523077778642803,0.0,-2.1444328413923794,0.0,1.8925782785761809,2.9852031036606173,5.528707388494646
0.9882490510955343,0.0,0.005226946606453255,0.0,-2.1452328413923794,0.0,1.8927627944222696,2.985174627409127,5.529104821781292
0.988248641290942,0.0,0.005223119625157928,0.0,-2.1460328413923793,0.0,1.8929474720573671,2.985146129005283,5.529500141572171
0.9882482320251536,0.0,0.005219296836435634,0.0,-2.146832841392379,0.0,1.8931323114645653,2.985117608435286,5.529893341256521
0.9882478232973047,0.0,0.005215478234190987,0.0,-2.147632841392379,0.0,1.8933173126272533,2.985089065685335,5.530284414150052
0.9882474151065312,0.0,0.0052116638123397025,0.0,-2.148432841392379,0.0,1.8935024755290986,2.985060500741656,5.5306733535408
0.9882470074519737,0.0,0.0052078535648085265,0.0,-2.149232841392379,0.0,1.893687800153975,2.985031913590258,5.531060152789205
0.9882466003327707,0.0,0.005204047485535257,0.0,-2.150032841392379,0.0,1.893873286486101,2.985003304217301,5.531444805104316
0.9882461937480642,0.0,0.005200245568468699,0.0,-2.1508328413923787,0.0,1.8940589345099839,2.984974672608778,5.531827303832753
0.9882457876969978,0.0,0.005196447807568609,0.0,-2.1516328413923786,0.0,1.894244744210266,2.9849460187506685,5.53220764215298
0.9882453821787163,0.0,0.005192654196805671,0.0,-2.1524328413923786,0.0,1.894430715571953,2.9849173426289406,5.532585813307003
0.9882449771923661,0.0,0.005188864730161557,0.0,-2.1532328413923785,0.0,1.89461684858028,2.9848886442294633,5.532961810471432
0.9882445727370944,0.0,0.005185079401628865,0.0,-2.1540328413923784,0.0,1.894803143220844,2.9848599235381155,5.533335626880659
0.9882441688120509,0.0,0.005181298205210964,0.0,-2.1548328413923783,0.0,1.8949895994793662,2.984831180540751,5.533707255645938
0.9882437654163866,0.0,0.005177521134922183,0.0,-2.155632841392378,0.0,1.8951762173419144,2.984802415223105,5.534076689954475
0.9882433625492548,0.0,0.005173748184787663,0.0,-2.156432841392378,0.0,1.8953629967947856,2.984773627570842,5.534443922916886
0.9882429602098086,0.0,0.005169979348843348,0.0,-2.157232841392378,0.0,1.8955499378245924,2.9847448175697133,5.534808947643173
0.9882425583972033,0.0,0.005166214621135935,0.0,-2.158032841392378,0.0,1.8957370404181348,2.9847159852054057,5.535171757167254
0.9882421571105965,0.0,0.0051624539957229485,0.0,-2.158832841392378,0.0,1.8959243045625624,2.9846871304634606,5.535532344633126
0.9882417563491468,0.0,0.005158697466672623,0.0,-2.1596328413923778,0.0,1.8961117302452097,2.984658253329431,5.535890703019906
0.9882413561120144,0.0,0.005154945028063912,0.0,-2.1604328413923777,0.0,1.8962993174537488,2.9846293537888275,5.536246825445869
0.9882409563983598,0.0,0.005151196673986468,0.0,-2.1612328413923776,0.0,1.896487066176095,2.984600431827187,5.536600704811159
0.9882405572073473,0.0,0.005147452398540608,0.0,-2.1620328413923775,0.0,1.896674976400358,2.9845714874298785,5.5369523341722875
0.9882401585381406,0.0,0.005143712195837327,0.0,-2.1628328413923774,0.0,1.8968630481150242,2.984542520582308,5.5373017064708545
0.9882397603899069,0.0,0.005139976059998199,0.0,-2.1636328413923773,0.0,1.8970512813087401,2.9845135312697764,5.537648814619148
0.9882393627618125,0.0,0.005136243985155439,0.0,-2.1644328413923772,0.0,1.8972396759704686,2.984484519477655,5.5379936515847135
0.9882389656530279,0.0,0.005132515965451807,0.0,-2.165232841392377,0.0,1.897428232089436,2.98445548519111,5.538336210237889
0.9882385690627229,0.0,0.005128791995040658,0.0,-2.166032841392377,0.0,1.8976169496551158,2.984426428395409,5.538676483518612
0.9882381729900698,0.0,0.005125072068085863,0.0,-2.166832841392377,0.0,1.8978058286572599,2.9843973490756914,5.539014464250726
0.9882377774342416,0.0,0.005121356178761805,0.0,-2.167632841392377,0.0,1.8979948690858761,2.984368247217123,5.539350145227962
0.988237382394414,0.0,0.005117644321253345,0.0,-2.168432841392377,0.0,1.8981840709312026,2.9843391228047453,5.539683519377654
0.9882369878697634,0.0,0.00511393648975583,0.0,-2.1692328413923767,0.0,1.8983734341837932,2.9843099758236074,5.540014579464286
0.988236593859468,0.0,0.005110232678475023,0.0,-2.1700328413923766,0.0,1.8985629588344075,2.984280806258698,5.540343318214148
0.988236200362707,0.0,0.0051065328816271805,0.0,-2.1708328413923765,0.0,1.8987526448741385,2.9842516140949407,5.540669728420095
0.9882358073786611,0.0,0.0051028370934388285,0.0,-2.1716328413923764,0.0,1.8989424922942568,2.9842223993173187,5.540993802846685
0.9882354149065139,0.0,0.005099145308146982,0.0,-2.1724328413923764,0.0,1.8991325010863405,2.9841931619105857,5.541315534156445
0.9882350229454485,0.0,0.0050954575199989955,0.0,-2.1732328413923763,0.0,1.8993226712422584,2.9841639018595894,5.541634915108432
0.9882346314946503,0.0,0.0050917737232524865,0.0,-2.174032841392376,0.0,1.8995130027540437,2.984134619149141,5.541951938358426
0.9882342405533061,0.0,0.005088093912175444,0.0,-2.174832841392376,0.0,1.8997034956141166,2.9841053137639575,5.542266596497072
0.9882338501206042,0.0,0.005084418081046126,0.0,-2.175632841392376,0.0,1.8998941498150272,2.9840759856887242,5.54257888223941
0.9882334601957352,0.0,0.005080746224153047,0.0,-2.176432841392376,0.0,1.9000849653496676,2.9840466349080206,5.542888788154626
0.988233070777889,0.0,0.005077078335795012,0.0,-2.177232841392376,0.0,1.900275942211188,2.9840172614065086,5.543196306852771
0.988232681866259,0.0,0.0050734144102809525,0.0,-2.1780328413923757,0.0,1.900467080392976,2.9839878651687375,5.543501430907197
0.9882322934600394,0.0,0.005069754441930087,0.0,-2.1788328413923757,0.0,1.9006583798886998,2.983958446179174,5.543804152825022
0.9882319055584263,0.0,0.005066098425071745,0.0,-2.1796328413923756,0.0,1.9008498406921748,2.9839290044222713,5.544104465145464
0.9882315181606156,0.0,0.005062446354045489,0.0,-2.1804328413923755,0.0,1.9010414627976935,2.9838995398824864,5.544402360419756
0.9882311312658061,0.0,0.005058798223200945,0.0,-2.1812328413923754,0.0,1.9012332461996166,2.98387005254419,5.544697831051754
0.9882307448731983,0.0,0.005055154026897867,0.0,-2.1820328413923753,0.0,1.9014251908926365,2.983840542391672,5.544990869558854
0.9882303589819925,0.0,0.005051513759506132,0.0,-2.182832841392375,0.0,1.9016172968717087,2.983811009409264,5.545281468344549
0.9882299735913916,0.0,0.005047877415405667,0.0,-2.183632841392375,0.0,1.9018095641320731,2.983781453581189,5.545569619857133
0.9882295887006007,0.0,0.005044244988986397,0.0,-2.184432841392375,0.0,1.9020019926690985,2.9837518748916185,5.545855316464115
0.9882292043088251,0.0,0.005040616474648311,0.0,-2.185232841392375,0.0,1.9021945824785476,2.983722273324725,5.546138550489469
0.9882288204152719,0.0,0.005036991866801459,0.0,-2.186032841392375,0.0,1.902387333556426,2.983692648864549,5.546419314435101
0.9882284370191489,0.0,0.005033371159865782,0.0,-2.1868328413923748,0.0,1.902580245898934,2.9836630014952448,5.5466976004479775
0.9882280541196659,0.0,0.005029754348271227,0.0,-2.1876328413923747,0.0,1.902773319502592,2.9836333312008074,5.546973400943787
0.9882276717160354,0.0,0.005026141426457679,0.0,-2.1884328413923746,0.0,1.9029665543641139,2.983603637965114,5.547246708125266
0.9882272898074697,0.0,0.005022532388874904,0.0,-2.1892328413923745,0.0,1.903159950480485,2.9835739217721597,5.547517514328611
0.9882269083931816,0.0,0.005018927229982643,0.0,-2.1900328413923744,0.0,1.9033535078490404,2.983544182605855,5.547785811740448
0.9882265274723886,0.0,0.005015325944250423,0.0,-2.1908328413923743,0.0,1.9035472264672246,2.983514420449943,5.548051592632014
0.9882261470443059,0.0,0.005011728526157701,0.0,-2.1916328413923742,0.0,1.9037411063328655,2.9834846352882973,5.548314849087848
0.9882257671081531,0.0,0.005008134970193699,0.0,-2.192432841392374,0.0,1.9039351474439297,2.983454827104601,5.548575573361896
0.9882253876631496,0.0,0.005004545270857538,0.0,-2.193232841392374,0.0,1.9041293497987737,2.9834249958825314,5.548833757550472
0.9882250087085158,0.0,0.005000959422658031,0.0,-2.194032841392374,0.0,1.9043237133958906,2.9833951416058353,5.549089393849209
0.9882246302434748,0.0,0.004997377420113843,0.0,-2.194832841392374,0.0,1.9045182382341272,2.983365264258045,5.549342474321303
0.988224252267251,0.0,0.004993799257753346,0.0,-2.195632841392374,0.0,1.9047129243124346,2.983335363822703,5.549592990949656
0.9882238747790689,0.0,0.004990224930114642,0.0,-2.1964328413923737,0.0,1.904907771630232,2.9833054402833774,5.549840935855709
0.9882234977781557,0.0,0.004986654431745587,0.0,-2.1972328413923736,0.0,1.9051027801870164,2.9832754936234807,5.550086301056634
0.9882231212637391,0.0,0.004983087757203653,0.0,-2.1980328413923735,0.0,1.9052979499826128,2.983245523826481,5.550329078606351
0.9882227452350485,0.0,0.004979524901056034,0.0,-2.1988328413923734,0.0,1.9054932810171197,2.9832155308757553,5.550569260487429
0.988222369691315,0.0,0.00497596585787957,0.0,-2.1996328413923734,0.0,1.9056887732908716,2.983185514754588,5.550806838549585
0.9882219946317712,0.0,0.0049724106222606805,0.0,-2.2004328413923733,0.0,1.9058844268044002,2.983155475446276,5.551041804833741
0.9882216200556498,0.0,0.0049688591887954575,0.0,-2.201232841392373,0.0,1.9060802415585931,2.983125412934066,5.551274151226631
0.9882212459621855,0.0,0.004965311552089499,0.0,-2.202032841392373,0.0,1.9062762175545185,2.983095327201224,5.55150386953969
0.9882208723506163,0.0,0.004961767706758047,0.0,-2.202832841392373,0.0,1.9064723547934805,2.9830652182307347,5.551730951695626
0.988220499220178,0.0,0.004958227647425854,0.0,-2.203632841392373,0.0,1.9066686532771842,2.9830350860058257,5.551955389526883
0.9882201265701107,0.0,0.004954691368727163,0.0,-2.204432841392373,0.0,1.906865113007372,2.9830049305095,5.552177174871217
0.9882197543996547,0.0,0.004951158865305765,0.0,-2.2052328413923727,0.0,1.9070617339861706,2.9829747517247673,5.552396299516103
0.9882193827080512,0.0,0.004947630131814954,0.0,-2.2060328413923727,0.0,1.9072585162159974,2.9829445496345937,5.552612755118245
0.988219011494544,0.0,0.004944105162917393,0.0,-2.2068328413923726,0.0,1.907455459699397,2.982914324221899,5.55282653361968
0.988218640758377,0.0,0.004940583953285319,0.0,-2.2076328413923725,0.0,1.9076525644392623,2.9828840754695403,5.553037626526455
0.9882182704987966,0.0,0.004937066497600303,0.0,-2.2084328413923724,0.0,1.907849830438721,2.982853803360289,5.55324602564003
0.9882179007150493,0.0,0.004933552790553318,0.0,-2.2092328413923723,0.0,1.9080472577011145,2.9828235078770104,5.553451722587242
0.9882175314063835,0.0,0.004930042826844806,0.0,-2.210032841392372,0.0,1.9082448462301047,2.982793189002379,5.553654709035543
0.9882171625720491,0.0,0.004926536601184479,0.0,-2.210832841392372,0.0,1.9084425960295965,2.9827628467190896,5.5538549766200145
0.9882167942112983,0.0,0.004923034108291413,0.0,-2.211632841392372,0.0,1.9086405071035846,2.9827324810097178,5.554052516858199
0.9882164263233826,0.0,0.004919535342894029,0.0,-2.212432841392372,0.0,1.9088385794565825,2.9827020918569156,5.554247321419002
0.9882160589075556,0.0,0.004916040299730063,0.0,-2.213232841392372,0.0,1.9090368130931743,2.9826716792432215,5.5544393817835545
0.9882156919630735,0.0,0.0049125489735464935,0.0,-2.2140328413923718,0.0,1.909235208018194,2.982641243151078,5.5546286894756385
0.9882153254891912,0.0,0.004909061359099642,0.0,-2.2148328413923717,0.0,1.9094337642368617,2.9826107835629863,5.55481523595486
0.9882149594851684,0.0,0.004905577451154978,0.0,-2.2156328413923716,0.0,1.9096324817545298,2.9825803004612617,5.554999012720609
0.9882145939502631,0.0,0.004902097244487263,0.0,-2.2164328413923715,0.0,1.9098313605768185,2.9825497938283005,5.555180011196134
0.9882142288837356,0.0,0.0048986207338804185,0.0,-2.2172328413923714,0.0,1.9100304007096398,2.982519263646463,5.555358222853334
0.9882138642848489,0.0,0.004895147914127603,0.0,-2.2180328413923713,0.0,1.9102296021591292,2.982488709897866,5.555533638996923
0.9882135001528646,0.0,0.0048916787800311265,0.0,-2.2188328413923712,0.0,1.9104289649316577,2.9824581325648394,5.555706251024855
0.988213136487048,0.0,0.004888213326402431,0.0,-2.219632841392371,0.0,1.9106284890338943,2.9824275316294733,5.5558760502500455
0.9882127732866642,0.0,0.004884751548062128,0.0,-2.220432841392371,0.0,1.9108281744727518,2.9823969070738956,5.556043028042353
0.9882124105509807,0.0,0.004881293439839859,0.0,-2.221232841392371,0.0,1.9110280212553425,2.98236625888019,5.556207175641428
0.9882120482792655,0.0,0.004877838996574457,0.0,-2.222032841392371,0.0,1.9112280293890906,2.982335587030347,5.556368484373715
0.9882116864707882,0.0,0.004874388213113734,0.0,-2.222832841392371,0.0,1.9114281988816066,2.982304891506365,5.556526945333883
0.9882113251248202,0.0,0.004870941084314626,0.0,-2.2236328413923707,0.0,1.9116285297407971,2.982274172290098,5.556682549831184
0.9882109642406333,0.0,0.00486749760504306,0.0,-2.2244328413923706,0.0,1.9118290219747884,2.9822434293634803,5.556835288987379
0.9882106038175011,0.0,0.004864057770173997,0.0,-2.2252328413923705,0.0,1.9120296755920143,2.9822126627082994,5.556985154030601
0.9882102438546984,0.0,0.004860621574591422,0.0,-2.2260328413923705,0.0,1.9122304906011507,2.9821818723063185,5.557132136041905
0.9882098843515008,0.0,0.004857189013188183,0.0,-2.2268328413923704,0.0,1.9124314670109834,2.98215105813936,5.55727622609717
0.9882095253071869,0.0,0.004853760080866258,0.0,-2.2276328413923703,0.0,1.9126326048307714,2.9821202201889347,5.5574174153193425
0.9882091667210339,0.0,0.004850334772536401,0.0,-2.22843284139237,0.0,1.9128339040698492,2.9820893584368378,5.557555694769965
0.988208808592323,0.0,0.004846913083118396,0.0,-2.22923284139237,0.0,1.9130353647378469,2.982058472864524,5.557691055350244
0.988208450920334,0.0,0.004843495007540888,0.0,-2.23003284139237,0.0,1.9132369868447427,2.9820275634536264,5.557823488164386
0.9882080937043504,0.0,0.004840080540741394,0.0,-2.23083284139237,0.0,1.9134387704006057,2.981996630185586,5.5579529841361275
0.9882077369436562,0.0,0.004836669677666301,0.0,-2.23163284139237,0.0,1.9136407154158026,2.9819656730418087,5.558079534216077
0.9882073806375354,0.0,0.0048332624132708755,0.0,-2.2324328413923697,0.0,1.913842821901062,2.981934692003726,5.5582031293112735
0.9882070247852759,0.0,0.004829858742519166,0.0,-2.2332328413923697,0.0,1.9140450898671897,2.9819036870525935,5.558323760280418
0.9882066693861633,0.0,0.0048264586603840596,0.0,-2.2340328413923696,0.0,1.9142475193254083,2.9818726581698227,5.558441418027911
0.9882063144394879,0.0,0.004823062161847194,0.0,-2.2348328413923695,0.0,1.914450110286988,2.981841605336573,5.5585560932915445
0.9882059599445391,0.0,0.004819669241899062,0.0,-2.2356328413923694,0.0,1.9146528627636872,2.9818105285340346,5.558667776990524
0.9882056059006087,0.0,0.004816279895538786,0.0,-2.2364328413923693,0.0,1.9148557767672931,2.981779427743379,5.55877645979706
0.9882052523069889,0.0,0.004812894117774333,0.0,-2.237232841392369,0.0,1.915058852310011,2.9817483029456904,5.5588821324658735
0.9882048991629728,0.0,0.004809511903622374,0.0,-2.238032841392369,0.0,1.9152620894042263,2.9817171541220313,5.558984785776508
0.9882045464678572,0.0,0.00480613324810817,0.0,-2.238832841392369,0.0,1.9154654880624933,2.981685981253367,5.559084410367436
0.9882041942209381,0.0,0.0048027581462658075,0.0,-2.239632841392369,0.0,1.9156690482977312,2.9816547843205834,5.5591809968567265
0.9882038424215119,0.0,0.004799386593137958,0.0,-2.240432841392369,0.0,1.9158727701230536,2.9816235633046855,5.559274535974479
0.9882034910688788,0.0,0.004796018583775919,0.0,-2.241232841392369,0.0,1.9160766535518166,2.9815923181864514,5.559365018228512
0.9882031401623381,0.0,0.004792654113239672,0.0,-2.2420328413923687,0.0,1.916280698597661,2.9815610489467064,5.559452434211046
0.9882027897011916,0.0,0.004789293176597782,0.0,-2.2428328413923686,0.0,1.9164849052744612,2.9815297555661573,5.559536774535014
0.9882024396847416,0.0,0.004785935768927395,0.0,-2.2436328413923685,0.0,1.9166892735963301,2.9814984380255147,5.559618029624983
0.9882020901122913,0.0,0.004782581885314251,0.0,-2.2444328413923684,0.0,1.9168938035776681,2.981467096305469,5.559696189992483
0.9882017409831472,0.0,0.004779231520852596,0.0,-2.2452328413923683,0.0,1.9170984952329735,2.9814357303865355,5.5597712461326605
0.9882013922966143,0.0,0.00477588467064527,0.0,-2.2460328413923683,0.0,1.9173033485771918,2.981404340249319,5.5598431883913895
0.9882010440520007,0.0,0.004772541329803588,0.0,-2.246832841392368,0.0,1.9175083636253778,2.9813729258742976,5.559912007304844
0.9882006962486151,0.0,0.004769201493447408,0.0,-2.247632841392368,0.0,1.9177135403929362,2.981341487241896,5.559977693122271
0.988200348885767,0.0,0.004765865156705039,0.0,-2.248432841392368,0.0,1.9179188788954094,2.981310024332539,5.560040236195643
0.9882000019627678,0.0,0.00476253231471326,0.0,-2.249232841392368,0.0,1.9181243791486629,2.9812785371265713,5.560099626892704
0.9881996554789304,0.0,0.004759202962617291,0.0,-2.250032841392368,0.0,1.9183300411687838,2.981247025604252,5.560155855423153
0.9881993094335674,0.0,0.004755877095570831,0.0,-2.2508328413923677,0.0,1.9185358649721413,2.981215489745863,5.560208912053493
0.9881989638259944,0.0,0.004752554708735919,0.0,-2.2516328413923676,0.0,1.9187418505752403,2.9811839295315714,5.560258787067626
0.9881986186555266,0.0,0.004749235797283064,0.0,-2.2524328413923675,0.0,1.9189479979950284,2.98115234494154,5.560305470642964
0.9881982739214825,0.0,0.004745920356391063,0.0,-2.2532328413923675,0.0,1.919154307248438,2.9811207359558205,5.5603489527736265
0.9881979296231798,0.0,0.004742608381247167,0.0,-2.2540328413923674,0.0,1.9193607783528814,2.981089102554467,5.560389223824716
0.9881975857599374,0.0,0.004739299867046924,0.0,-2.2548328413923673,0.0,1.919567411325948,2.981057444717517,5.5604262737061845
0.9881972423310772,0.0,0.004735994808994206,0.0,-2.255632841392367,0.0,1.9197742061854108,2.9810257624248484,5.560460092630652
0.9881968993359216,0.0,0.004732693202301179,0.0,-2.256432841392367,0.0,1.9199811629492842,2.980994055656331,5.560490670555925
0.9881965567737921,0.0,0.004729395042188357,0.0,-2.257232841392367,0.0,1.9201882816359548,2.9809623243918955,5.560517997477065
0.9881962146440149,0.0,0.0047261003238844735,0.0,-2.258032841392367,0.0,1.9203955622639486,2.9809305686112237,5.560542063442689
0.9881958729459143,0.0,0.004722809042626544,0.0,-2.258832841392367,0.0,1.920603004852063,2.980898788294124,5.560562858336828
0.9881955316788184,0.0,0.004719521193659803,0.0,-2.2596328413923668,0.0,1.9208106094192978,2.9808669834202055,5.560580372067513
0.9881951908420538,0.0,0.004716236772237746,0.0,-2.2604328413923667,0.0,1.9210183759850215,2.9808351539691733,5.560594594592955
0.9881948504349508,0.0,0.004712955773622041,0.0,-2.2612328413923666,0.0,1.9212263045686964,2.9808032999205336,5.560605515600145
0.9881945104568383,0.0,0.0047096781930825535,0.0,-2.2620328413923665,0.0,1.9214343951901702,2.9807714212539356,5.5606131251877535
0.9881941709070498,0.0,0.0047064040258973225,0.0,-2.2628328413923664,0.0,1.9216426478693798,2.98073951794869,5.560617412848183
0.9881938317849172,0.0,0.004703133267352535,0.0,-2.2636328413923663,0.0,1.9218510626266518,2.980707589984293,5.560618368485788
0.9881934930897737,0.0,0.004699865912742542,0.0,-2.2644328413923662,0.0,1.9220596394825151,2.9806756373401493,5.560615981813234
0.9881931548209552,0.0,0.004696601957369787,0.0,-2.265232841392366,0.0,1.9222683784577055,2.980643659995528,5.560610242485907
0.9881928169777967,0.0,0.00469334139654485,0.0,-2.266032841392366,0.0,1.9224772795732554,2.9806116579297584,5.56060114021167
0.9881924795596377,0.0,0.004690084225586325,0.0,-2.266832841392366,0.0,1.922686342850347,2.9805796311219552,5.560588664558992
0.9881921425658154,0.0,0.0046868304398209595,0.0,-2.267632841392366,0.0,1.9228955683105255,2.980547579551356,5.560572805220758
0.9881918059956697,0.0,0.004683580034583555,0.0,-2.268432841392366,0.0,1.9231049559755484,2.9805155031970267,5.56055355164671
0.9881914698485417,0.0,0.004680333005216869,0.0,-2.2692328413923657,0.0,1.923314505867367,2.98048340203806,5.560530893411973
0.9881911341237731,0.0,0.004677089347071759,0.0,-2.2700328413923656,0.0,1.923524218008203,2.9804512760534516,5.560504820074393
0.9881907988207072,0.0,0.0046738490555070684,0.0,-2.2708328413923655,0.0,1.9237340924205826,2.98041912522216,5.5604753210026185
0.9881904639386886,0.0,0.0046706121258896244,0.0,-2.2716328413923654,0.0,1.9239441291271941,2.9803869495230346,5.560442385720724
0.9881901294770626,0.0,0.004667378553594183,0.0,-2.2724328413923653,0.0,1.924154328150996,2.980354748935002,5.560406003490309
0.988189795435176,0.0,0.004664148334003531,0.0,-2.2732328413923653,0.0,1.9243646895151794,2.9803225234368016,5.5603661638678545
0.9881894618123768,0.0,0.004660921462508346,0.0,-2.274032841392365,0.0,1.924575213243228,2.9802902730071787,5.560322856019753
0.9881891286080141,0.0,0.004657697934507238,0.0,-2.274832841392365,0.0,1.9247858993588023,2.980257997624796,5.560276069330891
0.9881887958214366,0.0,0.0046544777454067526,0.0,-2.275632841392365,0.0,1.9249967478859424,2.980225697268386,5.560225793066397
0.9881884634519978,0.0,0.0046512608906212494,0.0,-2.276432841392365,0.0,1.925207758848651,2.9801933719163918,5.560172016347838
0.9881881314990477,0.0,0.004648047365573081,0.0,-2.277232841392365,0.0,1.925418932271589,2.980161021547472,5.560114728558169
0.9881877999619426,0.0,0.004644837165692308,0.0,-2.2780328413923647,0.0,1.9256302681791948,2.9801286461399563,5.56005391874611
0.9881874688400345,0.0,0.004641630286416983,0.0,-2.2788328413923646,0.0,1.9258417665965504,2.9800962456724003,5.559989575998218
0.98818713813268,0.0,0.004638426723192882,0.0,-2.2796328413923646,0.0,1.9260534275487977,2.980063820123143,5.559921689476388
0.9881868078392368,0.0,0.004635226471473625,0.0,-2.2804328413923645,0.0,1.9262652510612777,2.980031369470427,5.559850248258759
0.9881864779590633,0.0,0.004632029526720609,0.0,-2.2812328413923644,0.0,1.9264772371596168,2.9799988936925077,5.559775241348018
0.9881861484915166,0.0,0.004628835884403038,0.0,-2.2820328413923643,0.0,1.9266893858698089,2.979966392767735,5.559696657733623
0.9881858194359586,0.0,0.004625645539997856,0.0,-2.282832841392364,0.0,1.9269016972179334,2.979933866674142,5.559614486360947
0.9881854907917507,0.0,0.0046224584889897734,0.0,-2.283632841392364,0.0,1.9271141712304007,2.9799013153898075,5.559528716238941
0.9881851625582554,0.0,0.004619274726871187,0.0,-2.284432841392364,0.0,1.927326807933769,2.9798687388928,5.559439336093652
0.9881848347348353,0.0,0.004616094249142273,0.0,-2.285232841392364,0.0,1.9275396073550055,2.9798361371611612,5.559346334950131
0.988184507320856,0.0,0.004612917051310841,0.0,-2.286032841392364,0.0,1.9277525695211548,2.979803510172787,5.55924970146196
0.9881841803156839,0.0,0.004609743128892408,0.0,-2.2868328413923638,0.0,1.9279656944595644,2.979770857905523,5.559149424507052
0.988183853718685,0.0,0.0046065724774101684,0.0,-2.2876328413923637,0.0,1.9281789821978672,2.9797381803372582,5.559045492793365
0.9881835275292282,0.0,0.0046034050923949655,0.0,-2.2884328413923636,0.0,1.9283924327639148,2.9797054774456866,5.558937895046893
0.9881832017466828,0.0,0.004600240969385247,0.0,-2.2892328413923635,0.0,1.928606046185726,2.97967274920855,5.5588266199750915
0.9881828763704171,0.0,0.0045970801039271324,0.0,-2.2900328413923634,0.0,1.9288198224917605,2.9796399956036455,5.558711656080067
0.9881825513998056,0.0,0.004593922491574319,0.0,-2.2908328413923633,0.0,1.9290337617104611,2.9796072166083167,5.558592992177857
0.9881822268342191,0.0,0.0045907681278880424,0.0,-2.2916328413923632,0.0,1.9292478638706516,2.979574412200315,5.558470616709459
0.9881819026730311,0.0,0.004587617008437198,0.0,-2.292432841392363,0.0,1.92946212900146,2.979541582357096,5.55834451818813
0.9881815789156169,0.0,0.004584469128798217,0.0,-2.293232841392363,0.0,1.9296765571321666,2.9795087270560385,5.558214685111027
0.9881812555613521,0.0,0.004581324484555024,0.0,-2.294032841392363,0.0,1.9298911482923176,2.9794758462745765,5.558081105949361
0.9881809326096133,0.0,0.004578183071299106,0.0,-2.294832841392363,0.0,1.9301059025116671,2.9794429399900615,5.557943769104272
0.9881806100597788,0.0,0.004575044884629468,0.0,-2.295632841392363,0.0,1.930320819820294,2.9794100081797277,5.557802663002313
0.9881802879112276,0.0,0.004571909920152591,0.0,-2.2964328413923627,0.0,1.9305359002484523,2.9793770508208093,5.557657775997059
0.9881799661633405,0.0,0.004568778173482465,0.0,-2.2972328413923626,0.0,1.930751143826655,2.979344067890401,5.557509096314628
0.9881796448154967,0.0,0.004565649640240495,0.0,-2.2980328413923625,0.0,1.9309665505857063,2.979311059365809,5.557356612262403
0.9881793238670813,0.0,0.004562524316055607,0.0,-2.2988328413923624,0.0,1.9311821205565316,2.979278025223813,5.55720031205831
0.988179003317476,0.0,0.004559402196564077,0.0,-2.2996328413923623,0.0,1.9313978537704246,2.979244965441601,5.557040183940009
0.9881786831660654,0.0,0.004556283277409686,0.0,-2.3004328413923623,0.0,1.9316137502588981,2.979211879996061,5.556876216102335
0.9881783634122355,0.0,0.00455316755424358,0.0,-2.301232841392362,0.0,1.9318298100536517,2.9791787688640294,5.556708396507302
0.9881780440553725,0.0,0.004550055022724275,0.0,-2.302032841392362,0.0,1.9320460331866658,2.9791456320224095,5.55653671332035
0.9881777250948645,0.0,0.004546945678517704,0.0,-2.302832841392362,0.0,1.9322624196901899,2.9791124694479008,5.556361154604868
0.9881774065300998,0.0,0.004543839517297117,0.0,-2.303632841392362,0.0,1.9324789695966549,2.97907928111728,5.5561817084323195
0.9881770883604685,0.0,0.004540736534743167,0.0,-2.304432841392362,0.0,1.9326956829387962,2.979046067007145,5.555998362567816
0.9881767705853621,0.0,0.004537636726543746,0.0,-2.3052328413923617,0.0,1.9329125597494772,2.9790128270941025,5.55581110510509
0.9881764532041715,0.0,0.004534540088394173,0.0,-2.3060328413923616,0.0,1.933129600061993,2.9789795613547314,5.555619923808246
0.9881761362162899,0.0,0.004531446615996981,0.0,-2.3068328413923616,0.0,1.933346803909752,2.978946269765526,5.555424806631262
0.9881758196211125,0.0,0.004528356305062009,0.0,-2.3076328413923615,0.0,1.9335641713263794,2.9789129523028315,5.555225741303969
0.9881755034180321,0.0,0.004525269151306432,0.0,-2.3084328413923614,0.0,1.93378170234591,2.9788796089431555,5.555022715678554
0.9881751876064474,0.0,0.004522185150454555,0.0,-2.3092328413923613,0.0,1.9339993970023797,2.978846239662672,5.554815717400697
0.9881748721857543,0.0,0.004519104298238032,0.0,-2.310032841392361,0.0,1.9342172553302468,2.9788128444377184,5.5546047341134965
0.9881745571553513,0.0,0.0045160265903956874,0.0,-2.310832841392361,0.0,1.9344352773641365,2.978779423244492,5.554389753658378
0.9881742425146378,0.0,0.004512952022673594,0.0,-2.311632841392361,0.0,1.9346534631389987,2.9787459760591117,5.554170763448379
0.9881739282630145,0.0,0.004509880590825006,0.0,-2.312432841392361,0.0,1.9348718126898956,2.9787125028576282,5.55394775113785
0.9881736143998817,0.0,0.004506812290610355,0.0,-2.313232841392361,0.0,1.9350903260523082,2.9786790036161728,5.55372070425763
0.9881733009246431,0.0,0.004503747117797235,0.0,-2.3140328413923608,0.0,1.9353090032617557,2.978645478310619,5.553489610307043
