x,y,z,xdot,ydot,zdot,Period,JC,Stability
0.837924003836651,0.0,0.0,0.0,-0.008384355906478628,0.0,2.6917861024681726,3.1882823489659873,2674.041947386105
0.8385833786607672,0.0,0.0,0.0,-0.013798321262422936,0.0,2.692137798116445,3.1881823489658916,2671.69718225445
0.8390539494017405,0.0,0.0,0.0,-0.017631061424578574,0.0,2.6924897129518146,3.1880823489659744,2669.353866972014
0.8394422962641936,0.0,0.0,0.0,-0.020775014882669907,0.0,2.692841847197224,3.1879823489659858,2667.0120009745333
0.8397815140709362,0.0,0.0,0.0,-0.023507322310626494,0.0,2.6931942010756083,3.1878823489659855,2664.671583759857
0.8400871038050812,0.0,0.0,0.0,-0.025957801752234416,0.0,2.6935467748139716,3.1877823489659853,2662.332614843453
0.8403678101494574,0.0,0.0,0.0,-0.028199694262725287,0.0,2.6938995686148695,3.1876823489654966,2659.995093459941
0.8406291413531836,0.0,0.0,0.0,-0.03027913780265361,0.0,2.6942525827672186,3.187582348965829,2657.659019834639
0.8408748327853789,0.0,0.0,0.0,-0.03222742286330578,0.0,2.694605817446609,3.1874823489659265,2655.3243928850975
0.8411075557301506,0.0,0.0,0.0,-0.0340669280398998,0.0,2.694959272888202,3.1873823489659596,2652.991212210298
0.8413292987899524,0.0,0.0,0.0,-0.035814314079795136,0.0,2.6953129493211874,3.1872823489659723,2650.6594773373085
0.8415415896865546,0.0,0.0,0.0,-0.03748238141003221,0.0,2.695666846973523,3.1871823489659787,2648.3291877758215
0.8417456322096175,0.0,0.0,0.0,-0.0390812170862745,0.0,2.6960209660731334,3.1870823489659816,2646.000343031465
0.8419423949057373,0.0,0.0,0.0,-0.040618937591698226,0.0,2.6963753068480516,3.186982348965983,2643.6729426076595
0.842132670795903,0.0,0.0,0.0,-0.0421021890065007,0.0,2.69672986952664,3.1868823489659825,2641.346986007922
0.8423171189113486,0.0,0.0,0.0,-0.04353649490725955,0.0,2.6970846543374756,3.1867823489659832,2639.022472735384
0.8424962939877254,0.0,0.0,0.0,-0.04492650509014164,0.0,2.6974396615094913,3.186682348965983,2636.699402292843
0.8426706681994885,0.0,0.0,0.0,-0.04627617762774853,0.0,2.6977948912718954,3.1865823489659832,2634.3777741830904
0.842840647396627,0.0,0.0,0.0,-0.0475889148797022,0.0,2.6981503438542136,3.1864823489659826,2632.057587909173
0.8430065834533875,0.0,0.0,0.0,-0.04886766693793957,0.0,2.698506019486291,3.186382348965983,2629.738842975006
0.8431687838097081,0.0,0.0,0.0,-0.050115011558003145,0.0,2.6988619183982507,3.186282348965983,2627.421538882389
0.8433275189480269,0.0,0.0,0.0,-0.05133321679645837,0.0,2.699218040820545,3.1861823489659824,2625.1056751347983
0.8434830283265506,0.0,0.0,0.0,-0.052524290718874427,0.0,2.6995743869839433,3.186082348965982,2622.791251235251
0.8436355251414459,0.0,0.0,0.0,-0.05369002129802815,0.0,2.699930957119505,3.185982348965983,2620.4782666868023
0.84378520018861,0.0,0.0,0.0,-0.054832008769358245,0.0,2.700287751458612,3.1858823489659818,2618.1667209926636
0.8439322250247427,0.0,0.0,0.0,-0.05595169211656554,0.0,2.7006447702329592,3.1857823489659816,2615.85661365568
0.844076754577122,0.0,0.0,0.0,-0.05705037093879862,0.0,2.7010020136745547,3.185682348965982,2613.5479441793077
0.8442189293151958,0.0,0.0,0.0,-0.05812922364693523,0.0,2.701359482015704,3.1855823489659816,2611.2407120659113
0.8443588770707048,0.0,0.0,0.0,-0.05918932271530414,0.0,2.7017171754890486,3.1854823489659805,2608.9349168193776
0.8444967145734312,0.0,0.0,0.0,-0.06023164755095618,0.0,2.702075094327519,3.1853823489659807,2606.63055794235
0.844632548755087,0.0,0.0,0.0,-0.0612570954203096,0.0,2.7024332387643812,3.1852823489659805,2604.3276349386424
0.8447664778627023,0.0,0.0,0.0,-0.062266490779754165,0.0,2.7027916090332016,3.18518234896598,2602.026147310652
0.8448985924144954,0.0,0.0,0.0,-0.063260593286409,0.0,2.7031502053678698,3.1850823489659796,2599.7260945620164
0.8450289760246077,0.0,0.0,0.0,-0.06424010471015798,0.0,2.7035090280025873,3.1849823489659803,2597.427476196105
0.8451577061180576,0.0,0.0,0.0,-0.06520567492579858,0.0,2.703868077171871,3.1848823489659797,2595.130291715871
0.8452848545532463,0.0,0.0,0.0,-0.0661579071305462,0.0,2.7042273531105505,3.1847823489659794,2592.8345406242524
0.8454104881662323,0.0,0.0,0.0,-0.06709736240598804,0.0,2.7045868560537945,3.184682348965979,2590.5402224251716
0.8455346692484498,0.0,0.0,0.0,-0.06802456372233426,0.0,2.704946586237051,3.184582348965979,2588.247336621795
0.8456574559675676,0.0,0.0,0.0,-0.06893999946616484,0.0,2.705306543896123,3.184482348965979,2585.955882717221
0.8457789027395365,0.0,0.0,0.0,-0.0698441265591454,0.0,2.705666729267111,3.184382348965978,2583.6658602148623
0.8458990605585729,0.0,0.0,0.0,-0.07073737322422609,0.0,2.706027142586425,3.184282348965979,2581.37726861747
0.8460179772907591,0.0,0.0,0.0,-0.07162014144691141,0.0,2.706387784090838,3.1841823489659786,2579.0901074294206
0.8461356979360207,0.0,0.0,0.0,-0.07249280917154285,0.0,2.706748654017399,3.1840823489659775,2576.8043761536765
0.8462522648625761,0.0,0.0,0.0,-0.07335573226682524,0.0,2.707109752603486,3.1839823489659778,2574.5200742931743
0.8463677180172908,0.0,0.0,0.0,-0.07420924628943013,0.0,2.70747108008682,3.183882348965978,2572.2372013521012
0.8464820951149046,0.0,0.0,0.0,-0.07505366807052334,0.0,2.7078326367054233,3.183782348965977,2569.9557568332743
0.8465954318086661,0.0,0.0,0.0,-0.07588929714644112,0.0,2.7081944226976424,3.183682348965977,2567.6757402404633
0.8467077618445621,0.0,0.0,0.0,-0.07671641705186907,0.0,2.7085564383021614,3.183582348965977,2565.3971510768474
0.8468191172010225,0.0,0.0,0.0,-0.07753529649127697,0.0,2.7089186837579637,3.1834823489659763,2563.1199888462966
0.8469295282157453,0.0,0.0,0.0,-0.07834619040238555,0.0,2.7092811593043784,3.1833823489659765,2560.84425305189
0.8470390237010599,0.0,0.0,0.0,-0.0791493409235559,0.0,2.7096438651810457,3.1832823489659763,2558.569943197392
0.8471476310490698,0.0,0.0,0.0,-0.07994497827550352,0.0,2.7100068016279395,3.1831823489659765,2556.2970587861596
0.8472553763276631,0.0,0.0,0.0,-0.08073332156645124,0.0,2.7103699688853444,3.1830823489659763,2554.0255993219207
0.8473622843683339,0.0,0.0,0.0,-0.08151457952864717,0.0,2.7107333671938965,3.182982348965975,2551.7555643079977
0.847468378846662,0.0,0.0,0.0,-0.08228895119331106,0.0,2.711096996794533,3.182882348965975,2549.4869532482726
0.8475736823561821,0.0,0.0,0.0,-0.08305662651018472,0.0,2.7114608579285213,3.182782348965975,2547.219765645976
0.8476782164762936,0.0,0.0,0.0,-0.08381778691709686,0.0,2.7118249508374794,3.1826823489659746,2544.9540010051624
0.84778200183479,0.0,0.0,0.0,-0.08457260586444063,0.0,2.712189275763329,3.182582348965975,2542.6896588292448
0.8478850581655184,0.0,0.0,0.0,-0.0853212492988027,0.0,2.712553832948327,3.1824823489659746,2540.4267386216234
0.8479874043616282,0.0,0.0,0.0,-0.08606387610961683,0.0,2.712918622635063,3.182382348965974,2538.165239886331
0.8480890585248057,0.0,0.0,0.0,-0.0868006385421671,0.0,2.7132836450664506,3.1822823489659746,2535.9051621269837
0.8481900380108742,0.0,0.0,0.0,-0.0875316825801051,0.0,2.713648900485733,3.182182348965974,2533.6465048470673
0.8482903594720603,0.0,0.0,0.0,-0.08825714830001409,0.0,2.7140143891365005,3.1820823489659738,2531.389267550324
0.8483900388962414,0.0,0.0,0.0,-0.08897717020067132,0.0,2.7143801112626518,3.1819823489659735,2529.1334497407183
0.8484890916434196,0.0,0.0,0.0,-0.08969187750903498,0.0,2.7147460671084342,3.1818823489659724,2526.8790509219057
0.8485875324796582,0.0,0.0,0.0,-0.09040139446497311,0.0,2.7151122569184127,3.1817823489659727,2524.6260705977656
0.8486853756087085,0.0,0.0,0.0,-0.09110584058659753,0.0,2.7154786809375002,3.181682348965973,2522.3745082715977
0.8487826347014895,0.0,0.0,0.0,-0.09180533091761886,0.0,2.7158453394109325,3.1815823489659723,2520.1243634477537
0.848879322923623,0.0,0.0,0.0,-0.09249997625837653,0.0,2.716212232584287,3.1814823489659725,2517.8756356299414
0.8489754529611624,0.0,0.0,0.0,-0.09318988338172253,0.0,2.716579360703459,3.1813823489659727,2515.6283243217526
0.8490710370446614,0.0,0.0,0.0,-0.09387515523498198,0.0,2.716946724014706,3.181282348965972,2513.382429027375
0.8491660869717127,0.0,0.0,0.0,-0.094555891129097,0.0,2.7173143227645977,3.1811823489659714,2511.1379492500964
0.8492606141280746,0.0,0.0,0.0,-0.09523218691589318,0.0,2.717682157200053,3.1810823489659716,2508.894884494524
0.8493546295074917,0.0,0.0,0.0,-0.09590413515442742,0.0,2.7180502275683223,3.180982348965971,2506.6532342641335
0.8494481437303038,0.0,0.0,0.0,-0.09657182526715517,0.0,2.7184185341169895,3.180882348965971,2504.412998063042
0.8495411670609373,0.0,0.0,0.0,-0.09723534368672321,0.0,2.718787077093979,3.180782348965971,2502.174175394917
0.8496337094243577,0.0,0.0,0.0,-0.09789477399404928,0.0,2.7191558567475655,3.180682348965971,2499.936765763991
0.8497257804215546,0.0,0.0,0.0,-0.09855019704829462,0.0,2.7195248733263417,3.180582348965971,2497.700768674208
0.8498173893441346,0.0,0.0,0.0,-0.09920169110934401,0.0,2.71989412707925,3.1804823489659713,2495.466183629369
0.8499085451880799,0.0,0.0,0.0,-0.09984933195327804,0.0,2.7202636182555877,3.1803823489659706,2493.2330101335465
0.8499992566667254,0.0,0.0,0.0,-0.10049319298132009,0.0,2.7206333471049606,3.1802823489659704,2491.001247690753
0.8500895322230196,0.0,0.0,0.0,-0.10113334532274315,0.0,2.721003313877338,3.18018234896597,2488.7708958051458
0.8501793800411087,0.0,0.0,0.0,-0.10176985793210742,0.0,2.7213735188230337,3.1800823489659695,2486.5419539811073
0.850268808057286,0.0,0.0,0.0,-0.10240279768119394,0.0,2.72174396219268,3.1799823489659693,2484.3144217219433
0.8503578239703612,0.0,0.0,0.0,-0.1030322294460322,0.0,2.722114644237283,3.1798823489659696,2482.088298532323
0.8504464352514723,0.0,0.0,0.0,-0.103658216189289,0.0,2.7224855652081676,3.1797823489659685,2479.8635839159715
0.8505346491533842,0.0,0.0,0.0,-0.10428081903832805,0.0,2.722856725357011,3.1796823489659682,2477.640277377257
0.8506224727193077,0.0,0.0,0.0,-0.10490009735925329,0.0,2.7232281249358454,3.179582348965969,2475.4183784203033
0.8507099127912648,0.0,0.0,0.0,-0.10551610882714078,0.0,2.7235997641970267,3.1794823489659683,2473.1978865494725
0.8507969760180266,0.0,0.0,0.0,-0.10612890949269259,0.0,2.7239716433932726,3.1793823489659685,2470.9788012684635
0.8508836688626573,0.0,0.0,0.0,-0.10673855384558026,0.0,2.7243437627776412,3.179282348965968,2468.7611220818376
0.8509699976096842,0.0,0.0,0.0,-0.10734509487464428,0.0,2.7247161226035392,3.1791823489659676,2466.5448484935773
0.8510559683719111,0.0,0.0,0.0,-0.10794858412511216,0.0,2.725088723124721,3.1790823489659674,2464.3299800081318
0.851141587096908,0.0,0.0,0.0,-0.1085490717530921,0.0,2.725461564595285,3.178982348965967,2462.1165161297386
0.8512268595731819,0.0,0.0,0.0,-0.10914660657739914,0.0,2.725834647269677,3.178882348965967,2459.9044563624066
0.8513117914360617,0.0,0.0,0.0,-0.10974123612896544,0.0,2.7262079714026983,3.1787823489659672,2457.6938002106112
0.8513963881733022,0.0,0.0,0.0,-0.1103330066979096,0.0,2.7265815372495013,3.1786823489659666,2455.4845471787744
0.851480655130425,0.0,0.0,0.0,-0.11092196337839942,0.0,2.7269553450655737,3.1785823489659664,2453.2766967708562
0.8515645975158219,0.0,0.0,0.0,-0.11150815011149712,0.0,2.7273293951067763,3.178482348965967,2451.070248491737
0.8516482204056165,0.0,0.0,0.0,-0.11209160972600732,0.0,2.7277036876292984,3.178382348965966,2448.8652018449043
0.8517315287483109,0.0,0.0,0.0,-0.11267238397749828,0.0,2.7280782228896965,3.178282348965966,2446.661556335721
0.8518145273692264,0.0,0.0,0.0,-0.11325051358560283,0.0,2.728453001144875,3.178182348965966,2444.459311467972
0.8518972209747423,0.0,0.0,0.0,-0.11382603826962885,0.0,2.7288280226520842,3.1780823489659658,2442.2584667459987
0.8519796141563555,0.0,0.0,0.0,-0.11439899678264932,0.0,2.7292032876689385,3.1779823489659655,2440.059021674534
0.8520617113945601,0.0,0.0,0.0,-0.11496942694410098,0.0,2.729578796453412,3.177882348965965,2437.8609757577697
0.8521435170625573,0.0,0.0,0.0,-0.11553736567095069,0.0,2.7299545492638067,3.1777823489659647,2435.6643285002892
0.8522250354298165,0.0,0.0,0.0,-0.11610284900760401,0.0,2.730330546358811,3.1776823489659645,2433.4690794067865
0.852306270665477,0.0,0.0,0.0,-0.11666591215449248,0.0,2.7307067879974514,3.1775823489659643,2431.275227981327
0.8523872268416122,0.0,0.0,0.0,-0.117226589495491,0.0,2.7310832744391145,3.177482348965964,2429.0827737286063
0.8524679079363575,0.0,0.0,0.0,-0.11778491462420354,0.0,2.7314600059435405,3.1773823489659643,2426.8917161532095
0.8525483178369121,0.0,0.0,0.0,-0.11834092036917579,0.0,2.7318369827708353,3.177282348965964,2424.7020547596376
0.8526284603424137,0.0,0.0,0.0,-0.11889463881805956,0.0,2.7322142051814624,3.1771823489659634,2422.513789052193
0.8527083391667027,0.0,0.0,0.0,-0.11944610134082939,0.0,2.732591673436233,3.1770823489659628,2420.3269185359422
0.8527879579409726,0.0,0.0,0.0,-0.11999533861206142,0.0,2.7329693877963326,3.1769823489659625,2418.1414427150357
0.852867320216318,0.0,0.0,0.0,-0.12054238063233881,0.0,2.7333473485232918,3.1768823489659628,2415.9573610941625
0.8529464294661803,0.0,0.0,0.0,-0.12108725674880469,0.0,2.7337255558790154,3.176782348965963,2413.7746731783222
0.8530252890886993,0.0,0.0,0.0,-0.12162999567492852,0.0,2.7341040101257654,3.1766823489659624,2411.5933784717768
0.8531039024089744,0.0,0.0,0.0,-0.12217062550950489,0.0,2.734482711526154,3.1765823489659626,2409.4134764790524
0.8531822726812401,0.0,0.0,0.0,-0.12270917375493538,0.0,2.7348616603431726,3.1764823489659624,2407.2349667051767
0.8532604030909559,0.0,0.0,0.0,-0.12324566733479587,0.0,2.73524085684017,3.1763823489659617,2405.057848654834
0.8533382967568204,0.0,0.0,0.0,-0.1237801326107676,0.0,2.735620301280851,3.176282348965961,2402.882121832419
0.85341595673271,0.0,0.0,0.0,-0.12431259539892492,0.0,2.735999993929289,3.1761823489659617,2400.707785743047
0.8534933860095465,0.0,0.0,0.0,-0.12484308098543744,0.0,2.736379935049934,3.1760823489659615,2398.534839891124
0.8535705875170936,0.0,0.0,0.0,-0.1253716141416662,0.0,2.7367601249075895,3.17598234896596,2396.3632837817668
0.853647564125688,0.0,0.0,0.0,-0.12589821913872284,0.0,2.737140563767415,3.175882348965961,2394.193116919396
0.8537243186479132,0.0,0.0,0.0,-0.12642291976153616,0.0,2.737521251894957,3.175782348965961,2392.024338808809
0.853800853840209,0.0,0.0,0.0,-0.12694573932237152,0.0,2.737902189556121,3.1756823489659607,2389.8569489551987
0.8538771724044204,0.0,0.0,0.0,-0.12746670067387542,0.0,2.738283377017173,3.1755823489659605,2387.69094686296
0.8539532769893039,0.0,0.0,0.0,-0.12798582622170868,0.0,2.7386648145447676,3.1754823489659594,2385.526332037469
0.8540291701919628,0.0,0.0,0.0,-0.12850313793664622,0.0,2.7390465024058956,3.17538234896596,2383.3631039828656
0.8541048545592547,0.0,0.0,0.0,-0.12901865736637955,0.0,2.7394284408679512,3.17528234896596,2381.2012622046955
0.8541803325891295,0.0,0.0,0.0,-0.1295324056467884,0.0,2.739810630198675,3.175182348965959,2379.0408062076517
0.854255606731937,0.0,0.0,0.0,-0.13004440351292354,0.0,2.7401930706661988,3.1750823489659585,2376.8817354964594
0.8543306793916808,0.0,0.0,0.0,-0.13055467130955453,0.0,2.740575762539004,3.1749823489659583,2374.724049576116
0.8544055529272357,0.0,0.0,0.0,-0.1310632290014032,0.0,2.740958706085964,3.1748823489659577,2372.567747951951
0.8544802296535207,0.0,0.0,0.0,-0.13157009618301208,0.0,2.741341901576306,3.1747823489659583,2370.412830128488
0.8545547118426354,0.0,0.0,0.0,-0.13207529208829677,0.0,2.741725349279642,3.1746823489659586,2368.259295610695
0.8546290017249585,0.0,0.0,0.0,-0.1325788355997794,0.0,2.742109049465962,3.1745823489659584,2366.10714390384
0.8547031014902086,0.0,0.0,0.0,-0.13308074525752028,0.0,2.7424930024056184,3.1744823489659577,2363.9563745128403
0.8547770132884723,0.0,0.0,0.0,-0.133581039267757,0.0,2.742877208369348,3.174382348965958,2361.806986942504
0.8548507392312005,0.0,0.0,0.0,-0.13407973551127925,0.0,2.743261667628261,3.1742823489659577,2359.6589806983775
0.8549242813921698,0.0,0.0,0.0,-0.13457685155152446,0.0,2.743646380453848,3.174182348965957,2357.5123552853547
0.8549976418084125,0.0,0.0,0.0,-0.1350724046423998,0.0,2.7440313471179576,3.174082348965957,2355.3671102082876
0.855070822481124,0.0,0.0,0.0,-0.1355664117359016,0.0,2.7444165678928374,3.173982348965957,2353.223244972498
0.8551438253765354,0.0,0.0,0.0,-0.1360588894894641,0.0,2.7448020430511084,3.1738823489659564,2351.0807590828877
0.8552166524267584,0.0,0.0,0.0,-0.13654985427306932,0.0,2.745187772865769,3.1737823489659567,2348.939652044798
0.85528930553061,0.0,0.0,0.0,-0.13703932217617618,0.0,2.7455737576101957,3.1736823489659556,2346.79992336348
0.8553617865544044,0.0,0.0,0.0,-0.1375273090143931,0.0,2.7459599975581392,3.1735823489659554,2344.6615725436927
0.8554340973327296,0.0,0.0,0.0,-0.1380138303359935,0.0,2.7463464929837422,3.173482348965955,2342.524599091057
0.8555062396691907,0.0,0.0,0.0,-0.13849890142819118,0.0,2.746733244161523,3.1733823489659554,2340.38900251058
0.8555782153371403,0.0,0.0,0.0,-0.1389825373232602,0.0,2.7471202513663835,3.173282348965955,2338.254782307649
0.855650026080378,0.0,0.0,0.0,-0.13946475280444526,0.0,2.7475075148736097,3.173182348965955,2336.1219379871523
0.8557216736138362,0.0,0.0,0.0,-0.13994556241171432,0.0,2.7478950349588627,3.1730823489659548,2333.990469054611
0.8557931596242445,0.0,0.0,0.0,-0.1404249804473459,0.0,2.7482828118982043,3.172982348965954,2331.8603750154316
0.8558644857707676,0.0,0.0,0.0,-0.14090302098132104,0.0,2.748670845968057,3.172882348965954,2329.731655374509
0.8559356536856374,0.0,0.0,0.0,-0.14137969785660986,0.0,2.749059137445251,3.172782348965954,2327.604309637699
0.8560066649747546,0.0,0.0,0.0,-0.14185502469425637,0.0,2.7494476866069903,3.172682348965954,2325.4783373099235
0.856077521218281,0.0,0.0,0.0,-0.14232901489835112,0.0,2.74983649373087,3.1725823489659537,2323.3537378966807
0.8561482239712083,0.0,0.0,0.0,-0.142801681660827,0.0,2.7502255590948654,3.1724823489659535,2321.2305109032727
0.8562187747639192,0.0,0.0,0.0,-0.14327303796617205,0.0,2.7506148829773487,3.172382348965953,2319.108655834812
0.8562891751027242,0.0,0.0,0.0,-0.1437430965959493,0.0,2.7510044656570742,3.172282348965953,2316.988172197171
0.8563594264703892,0.0,0.0,0.0,-0.1442118701332392,0.0,2.751394307413194,3.1721823489659524,2314.8690594957047
0.8564295303266442,0.0,0.0,0.0,-0.144679370966923,0.0,2.7517844085252303,3.1720823489659526,2312.7513172354875
0.8564994881086826,0.0,0.0,0.0,-0.1451456112958777,0.0,2.752174769273122,3.171982348965952,2310.634944922301
0.8565693012316413,0.0,0.0,0.0,-0.14561060313302465,0.0,2.7525653899371796,3.171882348965952,2308.5199420614804
0.8566389710890719,0.0,0.0,0.0,-0.14607435830929263,0.0,2.7529562707981055,3.1717823489659525,2306.4063081585523
0.8567084990533999,0.0,0.0,0.0,-0.14653688847747504,0.0,2.7533474121370145,3.171682348965952,2304.294042718972
0.8567778864763634,0.0,0.0,0.0,-0.14699820511594325,0.0,2.753738814235388,3.1715823489659516,2302.18314524825
0.8568471346894525,0.0,0.0,0.0,-0.14745831953232208,0.0,2.7541304773751114,3.1714823489659514,2300.073615251871
0.8569162450043266,0.0,0.0,0.0,-0.14791724286701396,0.0,2.754522401838478,3.1713823489659507,2297.9654522355268
0.8569852187132246,0.0,0.0,0.0,-0.14837498609665445,0.0,2.7549145879081562,3.17128234896595,2295.8586557047565
0.8570540570893639,0.0,0.0,0.0,-0.1488315600374693,0.0,2.7553070358672125,3.171182348965951,2293.753225165252
0.8571227613873329,0.0,0.0,0.0,-0.14928697534857185,0.0,2.755699745999129,3.17108234896595,2291.6491601222574
0.8571913328434626,0.0,0.0,0.0,-0.14974124253510165,0.0,2.756092718587758,3.1709823489659503,2289.5464600817554
0.8572597726762016,0.0,0.0,0.0,-0.1501943719513762,0.0,2.756485953917365,3.1708823489659506,2287.4451245492533
0.857328082086472,0.0,0.0,0.0,-0.15064637380388912,0.0,2.756879452272611,3.1707823489659503,2285.3451530302095
0.8573962622580212,0.0,0.0,0.0,-0.15109725815426642,0.0,2.7572732139385603,3.1706823489659497,2283.246545030735
0.8574643143577597,0.0,0.0,0.0,-0.15154703492212823,0.0,2.757667239200663,3.1705823489659495,2281.149300055906
0.8575322395360984,0.0,0.0,0.0,-0.15199571388790412,0.0,2.758061528344784,3.1704823489659493,2279.0534176121005
0.8576000389272688,0.0,0.0,0.0,-0.15244330469554965,0.0,2.758456081657182,3.170382348965949,2276.9588972047923
0.8576677136496403,0.0,0.0,0.0,-0.15288981685521005,0.0,2.758850899424518,3.170282348965949,2274.8657383395953
0.8577352648060279,0.0,0.0,0.0,-0.15333525974581363,0.0,2.75924598193385,3.1701823489659486,2272.7739405220664
0.8578026934839943,0.0,0.0,0.0,-0.15377964261760882,0.0,2.7596413294726587,3.1700823489659484,2270.683503258513
0.8578700007561392,0.0,0.0,0.0,-0.15422297459461548,0.0,2.760036942328799,3.169982348965948,2268.5944260543083
0.8579371876803894,0.0,0.0,0.0,-0.15466526467705047,0.0,2.760432820790556,3.169882348965948,2266.5067084156694
0.8580042553002736,0.0,0.0,0.0,-0.15510652174366066,0.0,2.7608289651465996,3.1697823489659482,2264.420349847966
0.8580712046451989,0.0,0.0,0.0,-0.1555467545540339,0.0,2.761225375686023,3.1696823489659476,2262.335349857261
0.858138036730712,0.0,0.0,0.0,-0.15598597175080822,0.0,2.76162205269831,3.169582348965947,2260.2517079495046
0.8582047525587603,0.0,0.0,0.0,-0.15642418186187665,0.0,2.7620189964733615,3.169482348965947,2258.169423630375
0.8582713531179456,0.0,0.0,0.0,-0.15686139330251306,0.0,2.7624162073014817,3.1693823489659465,2256.0884964058264
0.8583378393837697,0.0,0.0,0.0,-0.15729761437744474,0.0,2.7628136854733896,3.169282348965947,2254.0089257819973
0.8584042123188761,0.0,0.0,0.0,-0.157732853282893,0.0,2.7632114312802,3.169182348965947,2251.93071126445
0.8584704728732857,0.0,0.0,0.0,-0.15816711810855216,0.0,2.76360944501345,3.1690823489659463,2249.8538523593097
0.8585366219846251,0.0,0.0,0.0,-0.15860041683952034,0.0,2.764007726965082,3.168982348965946,2247.778348572715
0.8586026605783535,0.0,0.0,0.0,-0.15903275735820482,0.0,2.764406277427445,3.1688823489659455,2245.7041994103365
0.8586685895679805,0.0,0.0,0.0,-0.1594641474461579,0.0,2.7648050966933075,3.168782348965946,2243.631404378309
0.8587344098552818,0.0,0.0,0.0,-0.15989459478589713,0.0,2.7652041850558478,3.168682348965946,2241.5599629827643
0.8588001223305072,0.0,0.0,0.0,-0.16032410696265345,0.0,2.7656035428086607,3.1685823489659453,2239.489874729423
0.858865727872585,0.0,0.0,0.0,-0.16075269146610202,0.0,2.766003170245742,3.168482348965944,2237.4211391247622
0.8589312273493234,0.0,0.0,0.0,-0.16118035569204922,0.0,2.7664030676615146,3.1683823489659444,2235.3537556747415
0.8589966216176054,0.0,0.0,0.0,-0.1616071069440826,0.0,2.7668032353508085,3.1682823489659446,2233.287723885004
0.8590619115235802,0.0,0.0,0.0,-0.16203295243517699,0.0,2.767203673608877,3.168182348965945,2231.22304326233
0.85912709790285,0.0,0.0,0.0,-0.1624578992892722,0.0,2.7676043827313936,3.1680823489659447,2229.159713312103
0.8591921815806511,0.0,0.0,0.0,-0.16288195454280202,0.0,2.7680053630144297,3.167982348965944,2227.097733540966
0.8592571633720347,0.0,0.0,0.0,-0.1633051251462137,0.0,2.7684066147544923,3.167882348965944,2225.0371034551044
0.8593220440820404,0.0,0.0,0.0,-0.16372741796543352,0.0,2.7688081382484997,3.1677823489659445,2222.97782256052
0.8593868245058682,0.0,0.0,0.0,-0.16414883978331027,0.0,2.7692099337937957,3.167682348965944,2220.9198903632864
0.8594515054290437,0.0,0.0,0.0,-0.1645693973010177,0.0,2.7696120016881363,3.1675823489659436,2218.863306369823
0.859516087627583,0.0,0.0,0.0,-0.16498909713943472,0.0,2.770014342229701,3.1674823489659434,2216.8080700861606
0.8595805718681533,0.0,0.0,0.0,-0.16540794584050533,0.0,2.770416955717095,3.1673823489659423,2214.7541810186303
0.8596449589082277,0.0,0.0,0.0,-0.16582594986853724,0.0,2.7708198424493395,3.1672823489659425,2212.7016386737387
0.8597092494962395,0.0,0.0,0.0,-0.16624311561151506,0.0,2.7712230027258795,3.1671823489659423,2210.650442557299
0.8597734443717323,0.0,0.0,0.0,-0.16665944938234695,0.0,2.7716264368465917,3.167082348965942,2208.6005921760316
0.8598375442655065,0.0,0.0,0.0,-0.16707495742011694,0.0,2.772030145111767,3.166982348965942,2206.5520870359533
0.8599015499002378,0.0,0.0,0.0,-0.1674896458937288,0.0,2.772434127832606,3.1668823489654088,2204.50492675044
0.8600292812363597,0.0,0.0,0.0,-0.16831658844358752,0.0,2.7732429177833797,3.166682348965942,2200.4146381269197
0.8601566439924098,0.0,0.0,0.0,-0.16914032496298342,0.0,2.774052809144657,3.166482348965942,2196.329722676837
0.8602836436499026,0.0,0.0,0.0,-0.16996090228459831,0.0,2.77486380432708,3.1662823489659413,2192.250176344831
0.8604102855660328,0.0,0.0,0.0,-0.17077836618954456,0.0,2.775675905758642,3.1660823489659418,2188.175995182425
0.8605365749771346,0.0,0.0,0.0,-0.1715927614380922,0.0,2.7764891158742415,3.165882348965942,2184.107175241261
0.860662517002451,0.0,0.0,0.0,-0.1724041318014621,0.0,2.7773034371156755,3.165682348965941,2180.043712573534
0.8607881166477592,0.0,0.0,0.0,-0.1732125200924035,0.0,2.778118871931682,3.165482348965942,2175.985603231529
0.8609133788088542,0.0,0.0,0.0,-0.17401796819456916,0.0,2.778935422777961,3.1652823489659427,2171.932843267576
0.8610383082748929,0.0,0.0,0.0,-0.17482051709071986,0.0,2.7797530921172138,3.1650823489659423,2167.8854287350528
0.8611629097316073,0.0,0.0,0.0,-0.1756202068898446,0.0,2.7805718824191232,3.1648823489659423,2163.8433556866867
0.861287187764401,0.0,0.0,0.0,-0.17641707685326855,0.0,2.781391796160427,3.1646823489659415,2159.806620176243
0.8614111468613205,0.0,0.0,0.0,-0.17721116541972806,0.0,2.782212835824898,3.1644823489659424,2155.7752182570753
0.861534791415921,0.0,0.0,0.0,-0.17800251022954505,0.0,2.7830350039034064,3.164282348965942,2151.7491459834537
0.8616581257300185,0.0,0.0,0.0,-0.1787911481478544,0.0,2.7838583028939157,3.1640823489659424,2147.728399409531
0.8617811540163455,0.0,0.0,0.0,-0.17957711528700637,0.0,2.7846827353015233,3.1638823489659416,2143.7129745899174
0.8619038804011037,0.0,0.0,0.0,-0.18036044702812165,0.0,2.7855083036384674,3.163682348965942,2139.7028675793385
0.8620263089264293,0.0,0.0,0.0,-0.18114117804188007,0.0,2.786335010424179,3.163482348965942,2135.698074432985
0.8621484435527623,0.0,0.0,0.0,-0.18191934230853504,0.0,2.787162858185266,3.1632823489659416,2131.698591206192
0.8622702881611377,0.0,0.0,0.0,-0.18269497313723676,0.0,2.787991849455583,3.163082348965941,2127.7044139545233
0.8623918465553876,0.0,0.0,0.0,-0.18346810318463713,0.0,2.7888219867762185,3.1628823489659417,2123.715538734096
0.8625131224642725,0.0,0.0,0.0,-0.18423876447287288,0.0,2.789653272695539,3.162682348965942,2119.7319616007485
0.8626341195435335,0.0,0.0,0.0,-0.18500698840688576,0.0,2.7904857097692117,3.162482348965943,2115.753678611211
0.8627548413778733,0.0,0.0,0.0,-0.18577280579116007,0.0,2.7913193005602217,3.1622823489659417,2111.780685822354
0.8628752914828689,0.0,0.0,0.0,-0.18653624684587147,0.0,2.7921540476389026,3.162082348965942,2107.812979290988
0.8629954733068206,0.0,0.0,0.0,-0.18729734122249503,0.0,2.7929899535829548,3.161882348965943,2103.8505550742884
0.8631153902325382,0.0,0.0,0.0,-0.18805611801888628,0.0,2.793827020977493,3.1616823489659427,2099.893409230335
0.8632350455790608,0.0,0.0,0.0,-0.1888126057938202,0.0,2.794665252415032,3.161482348965942,2095.94153781656
0.8633544426033263,0.0,0.0,0.0,-0.18956683258108004,0.0,2.795504650495545,3.1612823489659423,2091.994936891131
0.8634735845017835,0.0,0.0,0.0,-0.19031882590307653,0.0,2.7963452178264814,3.1610823489659423,2088.0536025125402
0.8635924744119468,0.0,0.0,0.0,-0.19106861278398507,0.0,2.7971869570227814,3.160882348965943,2084.11753073947
0.8637111154139062,0.0,0.0,0.0,-0.19181621976249696,0.0,2.798029870706916,3.160682348965942,2080.1867176308147
0.8638295105317811,0.0,0.0,0.0,-0.19256167290410675,0.0,2.7988739615088964,3.160482348965942,2076.261159246028
0.8639476627351341,0.0,0.0,0.0,-0.19330499781305616,0.0,2.799719232066312,3.160282348965942,2072.3408516444388
0.8640655749403342,0.0,0.0,0.0,-0.19404621964385343,0.0,2.8005656850243503,3.160082348965943,2068.4257908859486
0.86418325001188,0.0,0.0,0.0,-0.194785363112452,0.0,2.801413323035836,3.1598823489659424,2064.515973030419
0.8643006907636775,0.0,0.0,0.0,-0.19552245250705258,0.0,2.8022621487612316,3.1596823489659425,2060.6113941385006
0.8644178999602816,0.0,0.0,0.0,-0.196257511698595,0.0,2.8031121648686943,3.1594823489659416,2056.7120502706716
0.864534880318093,0.0,0.0,0.0,-0.19699056415088545,0.0,2.8039633740340535,3.159282348965943,2052.8179374875854
0.8646516345065294,0.0,0.0,0.0,-0.19772163293046674,0.0,2.8048157789409127,3.1590823489659434,2048.9290518509824
0.8647681651491449,0.0,0.0,0.0,-0.19845074071612043,0.0,2.8056693822806027,3.1588823489659426,2045.0453894217196
0.8648844748247275,0.0,0.0,0.0,-0.1991779098081171,0.0,2.806524186752248,3.158682348965943,2041.1669462620002
0.865000566068359,0.0,0.0,0.0,-0.19990316213718787,0.0,2.807380195062778,3.1584823489659426,2037.2937184338186
0.865116441372441,0.0,0.0,0.0,-0.20062651927320832,0.0,2.8082374099269574,3.158282348965943,2033.4257019989486
0.8652321031876962,0.0,0.0,0.0,-0.20134800243364087,0.0,2.809095834067431,3.158082348965942,2029.5628930206947
0.865347553924129,0.0,0.0,0.0,-0.2020676324916946,0.0,2.809955470214706,3.1578823489659427,2025.7052875613256
0.8654627959519713,0.0,0.0,0.0,-0.2027854299842905,0.0,2.8108163211072257,3.157682348965943,2021.8528816842206
0.8655778316025902,0.0,0.0,0.0,-0.20350141511975842,0.0,2.8116783894913806,3.1574823489659436,2018.0056714527586
0.8656926631693727,0.0,0.0,0.0,-0.2042156077853181,0.0,2.8125416781215207,3.1572823489659427,2014.1636529306645
0.8658072929085844,0.0,0.0,0.0,-0.20492802755434064,0.0,2.8134061897599913,3.157082348965943,2010.3268221819003
0.8659217230402054,0.0,0.0,0.0,-0.20563869369342364,0.0,2.81427192717718,3.156882348965943,2006.495175270572
0.8660359557487388,0.0,0.0,0.0,-0.20634762516922642,0.0,2.8151388931515133,3.156682348965943,2002.6687082612175
0.866149993183999,0.0,0.0,0.0,-0.2070548406551466,0.0,2.816007090469509,3.1564823489659424,1998.8474172187202
0.8662638374618745,0.0,0.0,0.0,-0.20776035853777575,0.0,2.81687652192578,3.156282348965943,1995.031298208093
0.8663774906650746,0.0,0.0,0.0,-0.2084641969232107,0.0,2.8177471903230886,3.1560823489659433,1991.2203472948854
0.8664909548438492,0.0,0.0,0.0,-0.2091663736431571,0.0,2.818619098472357,3.1558823489659433,1987.4145605445444
0.866604232016692,0.0,0.0,0.0,-0.20986690626087431,0.0,2.819492249192695,3.1556823489659434,1983.6139340229674
0.8667173241710241,0.0,0.0,0.0,-0.21056581207696692,0.0,2.820366645311436,3.155482348965943,1979.8184637964446
0.8668302332638579,0.0,0.0,0.0,-0.21126310813500074,0.0,2.821242289664164,3.155282348965943,1976.0281459312378
0.8669429612224437,0.0,0.0,0.0,-0.21195881122698113,0.0,2.8221191850947362,3.155082348965943,1972.2429764944625
0.8670555099448979,0.0,0.0,0.0,-0.2126529378986708,0.0,2.8229973344553123,3.154882348965943,1968.4629515527083
0.8671678813008155,0.0,0.0,0.0,-0.2133455044547787,0.0,2.823876740606393,3.1546823489659426,1964.688067173676
0.8672800771318642,0.0,0.0,0.0,-0.21403652696398964,0.0,2.8247574064168366,3.1544823489659426,1960.918319424869
0.867392099252365,0.0,0.0,0.0,-0.2147260212638844,0.0,2.8256393347638906,3.1542823489659426,1957.1537043740245
0.8675039494498555,0.0,0.0,0.0,-0.2154140029657099,0.0,2.8265225285332174,3.1540823489659426,1953.3942180892082
0.8676156294856413,0.0,0.0,0.0,-0.2161004874590439,0.0,2.827406990618946,3.1538823489659435,1949.6398566390558
0.8677271410953279,0.0,0.0,0.0,-0.21678548991631522,0.0,2.8282927239236666,3.153682348965943,1945.8906160922525
0.8678384859893434,0.0,0.0,0.0,-0.21746902529722134,0.0,2.8291797313584826,3.153482348965943,1942.1464925177731
0.8679496658534454,0.0,0.0,0.0,-0.21815110835303086,0.0,2.8300680158430285,3.153282348965943,1938.40748198483
0.8680606823492162,0.0,0.0,0.0,-0.21883175363077517,0.0,2.83095758030551,3.153082348965943,1934.6735805629778
0.868171537114544,0.0,0.0,0.0,-0.21951097547732756,0.0,2.8318484276827247,3.152882348965943,1930.9447843220275
0.868282231764092,0.0,0.0,0.0,-0.22018878804338457,0.0,2.832740560920093,3.152682348965943,1927.2210893322224
0.8683927678897573,0.0,0.0,0.0,-0.2208652052873489,0.0,2.833633982971691,3.1524823489659437,1923.502491663844
0.8685031470611161,0.0,0.0,0.0,-0.22154024097910935,0.0,2.834528696800283,3.1522823489659433,1919.788987387346
0.8686133708258588,0.0,0.0,0.0,-0.22221390870372743,0.0,2.835424705377341,3.152082348965943,1916.0805725739829
0.8687234407102137,0.0,0.0,0.0,-0.22288622186503215,0.0,2.836322011683086,3.1518823489659433,1912.3772432950586
0.8688333582193621,0.0,0.0,0.0,-0.22355719368913674,0.0,2.837220618706505,3.1516823489659433,1908.6789956218995
0.8689431248378404,0.0,0.0,0.0,-0.22422683722785333,0.0,2.838120529445404,3.1514823489659434,1904.9858256263976
0.8690527420299332,0.0,0.0,0.0,-0.22489516536202675,0.0,2.839021746906403,3.151282348965943,1901.297729380469
0.8691622112400597,0.0,0.0,0.0,-0.22556219080480744,0.0,2.8399242741050057,3.151082348965943,1897.6147029566278
0.8692715338931449,0.0,0.0,0.0,-0.22622792610481174,0.0,2.8408281140655993,3.1508823489659448,1893.9367424273523
0.8693807113949904,0.0,0.0,0.0,-0.22689238364924819,0.0,2.8417332698215194,3.150682348965944,1890.2638438657843
0.8694897451326247,0.0,0.0,0.0,-0.22755557566691603,0.0,2.842639744415025,3.150482348965944,1886.5960033449985
0.8695986364746562,0.0,0.0,0.0,-0.22821751423118367,0.0,2.843547540897387,3.1502823489659435,1882.9332169385789
0.8697073867716125,0.0,0.0,0.0,-0.2288782112628731,0.0,2.844456662328891,3.1500823489659435,1879.2754807201284
0.8698159973562717,0.0,0.0,0.0,-0.22953767853306975,0.0,2.845367111778873,3.149882348965944,1875.6227907638327
0.8699244695439875,0.0,0.0,0.0,-0.2301959276658887,0.0,2.84627889232575,3.1496823489659436,1871.9751431439945
0.8700328046330049,0.0,0.0,0.0,-0.2308529701411503,0.0,2.8471920070570533,3.149482348965943,1868.332533935145
0.8701410039047702,0.0,0.0,0.0,-0.23150881729701306,0.0,2.848106459069455,3.1492823489659436,1864.6949592124447
0.8702490686242336,0.0,0.0,0.0,-0.23216348033254713,0.0,2.84902225146881,3.1490823489659436,1861.0624150507158
0.870357000040144,0.0,0.0,0.0,-0.23281697031023157,0.0,2.849939387370183,3.148882348965943,1857.4348975256585
0.8704647993853375,0.0,0.0,0.0,-0.23346929815841014,0.0,2.8508578698978733,3.148682348965943,1853.8124027130027
0.8705724678770183,0.0,0.0,0.0,-0.2341204746736817,0.0,2.8517777021854487,3.1484823489659437,1850.1949266886684
0.8706800067170366,0.0,0.0,0.0,-0.23477051052325126,0.0,2.8526988873757926,3.1482823489659446,1846.5824655292427
0.8707874170921568,0.0,0.0,0.0,-0.23541941624721494,0.0,2.853621428621122,3.1480823489659433,1842.9750153108675
0.8708947001743194,0.0,0.0,0.0,-0.2360672022607861,0.0,2.8545453290830136,3.147882348965944,1839.372572110801
0.8710018571209007,0.0,0.0,0.0,-0.2367138788565028,0.0,2.855470591932465,3.1476823489659433,1835.7751320061059
0.8711088890749629,0.0,0.0,0.0,-0.2373594562063509,0.0,2.8563972203498893,3.1474823489659434,1832.182691074278
0.8712157971655006,0.0,0.0,0.0,-0.23800394436386577,0.0,2.8573252175251733,3.147282348965944,1828.5952453930008
0.8713225825076826,0.0,0.0,0.0,-0.2386473532661793,0.0,2.85825458665771,3.147082348965944,1825.0127910403578
0.8714292462030846,0.0,0.0,0.0,-0.23928969273601344,0.0,2.85918533095641,3.146882348965944,1821.4353240945063
0.8715357893399235,0.0,0.0,0.0,-0.23993097248365158,0.0,2.86011745363977,3.1466823489659443,1817.8628406342523
0.871642212993279,0.0,0.0,0.0,-0.24057120210884728,0.0,2.8610509579358725,3.1464823489659444,1814.2953367382747
0.8717485182253164,0.0,0.0,0.0,-0.24121039110270062,0.0,2.86198584708244,3.1462823489659435,1810.732808485889
0.8718547060855,0.0,0.0,0.0,-0.24184854884948956,0.0,2.862922124326846,3.146082348965944,1807.1752519565039
0.8719607776108081,0.0,0.0,0.0,-0.24248568462848483,0.0,2.8638597929261906,3.1458823489659444,1803.6226632298399
0.8720667338259354,0.0,0.0,0.0,-0.24312180761568455,0.0,2.8647988561472815,3.145682348965944,1800.0750383857408
0.8721725757434978,0.0,0.0,0.0,-0.2437569268855488,0.0,2.865739317266716,3.1454823489659445,1796.532373504977
0.8722783043642292,0.0,0.0,0.0,-0.24439105141268616,0.0,2.8666811795708744,3.145282348965944,1792.9946646676722
0.8723839206771757,0.0,0.0,0.0,-0.245024190073496,0.0,2.8676244463559817,3.145082348965944,1789.4619079550098
0.8724894256598859,0.0,0.0,0.0,-0.24565635164779331,0.0,2.868569120928133,3.144882348965944,1785.9340994480349
0.8725948202785951,0.0,0.0,0.0,-0.24628754482038484,0.0,2.869515206603325,3.144682348965944,1782.4112352281206
0.87270010548841,0.0,0.0,0.0,-0.2469177781826245,0.0,2.870462706707497,3.1444823489659446,1778.893311377167
0.8728052822334837,0.0,0.0,0.0,-0.2475470602339282,0.0,2.871411624576561,3.144282348965944,1775.3803239770793
0.8729103514471928,0.0,0.0,0.0,-0.24817539938326175,0.0,2.8723619635564344,3.144082348965944,1771.8722691102453
0.873015314052307,0.0,0.0,0.0,-0.24880280395060142,0.0,2.873313727003081,3.1438823489659447,1768.3691428594072
0.8731201709611573,0.0,0.0,0.0,-0.24942928216835886,0.0,2.8742669182825438,3.1436823489659447,1764.8709413072613
0.8732249230757998,0.0,0.0,0.0,-0.250054842182781,0.0,2.87522154077098,3.143482348965944,1761.3776605371174
0.8733295712881759,0.0,0.0,0.0,-0.25067949205531953,0.0,2.8761775978546833,3.1432823489659443,1757.8892966322285
0.8734341164802712,0.0,0.0,0.0,-0.25130323976397934,0.0,2.8771350929301485,3.143082348965944,1754.405845676552
0.8735385595242698,0.0,0.0,0.0,-0.2519260932046348,0.0,2.878094029404088,3.142882348965944,1750.9273037541923
0.8736429012827043,0.0,0.0,0.0,-0.25254806019231796,0.0,2.879054410693457,3.142682348965945,1747.453666949454
0.8737471426086055,0.0,0.0,0.0,-0.25316914846249045,0.0,2.88001624022552,3.1424823489659444,1743.9849313468387
0.8738512843456467,0.0,0.0,0.0,-0.2537893656722753,0.0,2.880979521437856,3.142282348965944,1740.521093031223
0.873955327328288,0.0,0.0,0.0,-0.2544087194016824,0.0,2.88194425777841,3.142082348965944,1737.0621480880966
0.8740592723819142,0.0,0.0,0.0,-0.25502721715480153,0.0,2.882910452705529,3.1418823489659444,1733.6080926028262
0.8741631203229732,0.0,0.0,0.0,-0.25564486636097167,0.0,2.883878109687997,3.141682348965944,1730.1589226610506
0.8742668719591096,0.0,0.0,0.0,-0.2562616743759219,0.0,2.8848472322050753,3.1414823489659445,1726.7146343490658
0.8743705280892972,0.0,0.0,0.0,-0.25687764848291217,0.0,2.8858178237465197,3.141282348965944,1723.2752237532159
0.8744740895039669,0.0,0.0,0.0,-0.25749279589382174,0.0,2.886789887812644,3.1410823489659445,1719.8406869599776
0.8745775569851367,0.0,0.0,0.0,-0.25810712375025074,0.0,2.8877634279143507,3.1408823489659445,1716.4110200565276
0.8746809313065316,0.0,0.0,0.0,-0.25872063912456317,0.0,2.8887384475731466,3.1406823489659446,1712.9862191299335
0.8747842132337093,0.0,0.0,0.0,-0.2593333490209477,0.0,2.889714950321208,3.1404823489659446,1709.5662802680258
0.8748874035241783,0.0,0.0,0.0,-0.25994526037643273,0.0,2.8906929397014047,3.1402823489659446,1706.1511995583676
0.8749905029275152,0.0,0.0,0.0,-0.2605563800618915,0.0,2.8916724192673353,3.1400823489659446,1702.7409730892032
0.8750935121854818,0.0,0.0,0.0,-0.2611667148830341,0.0,2.892653392583374,3.139882348965944,1699.335596948916
0.8751964320321343,0.0,0.0,0.0,-0.26177627158135924,0.0,2.8936358632246955,3.139682348965945,1695.9350672263122
0.8752992631939388,0.0,0.0,0.0,-0.26238505683512825,0.0,2.89461983477732,3.139482348965945,1692.5393800102008
0.8754020063898779,0.0,0.0,0.0,-0.2629930772602795,0.0,2.8956053108381634,3.1392823489659456,1689.1485313900434
0.8755046623315577,0.0,0.0,0.0,-0.26360033941135164,0.0,2.8965922950150538,3.1390823489659447,1685.7625174553375
0.875607231723313,0.0,0.0,0.0,-0.26420684978237663,0.0,2.8975807909267814,3.1388823489659448,1682.3813342961205
0.8757097152623108,0.0,0.0,0.0,-0.26481261480777063,0.0,2.8985708022031362,3.1386823489659443,1679.004978002578
0.87581211363865,0.0,0.0,0.0,-0.26541764086319264,0.0,2.899562332484944,3.1384823489659444,1675.6334446650205
0.8759144275354623,0.0,0.0,0.0,-0.2660219342664018,0.0,2.9005553854241053,3.1382823489659453,1672.2667303741944
0.8760166576290109,0.0,0.0,0.0,-0.2666255012780965,0.0,2.901549964683654,3.138082348965945,1668.904831221564
0.8761188045887818,0.0,0.0,0.0,-0.2672283481027218,0.0,2.9025460739377467,3.137882348965945,1665.5477432980615
0.8762208690775822,0.0,0.0,0.0,-0.26783048088928907,0.0,2.9035437168717637,3.1376823489659444,1662.195462695692
0.8763228517516308,0.0,0.0,0.0,-0.2684319057321637,0.0,2.904542897182293,3.1374823489659445,1658.8479855061057
0.8764247532606492,0.0,0.0,0.0,-0.26903262867184385,0.0,2.905543618577216,3.137282348965945,1655.5053078218134
0.8765265742479507,0.0,0.0,0.0,-0.2696326556957256,0.0,2.9065458847757157,3.137082348965945,1652.1674257353172
0.8766283153505279,0.0,0.0,0.0,-0.2702319927388526,0.0,2.907549699508326,3.136882348965946,1648.8343353394184
0.8767299771991393,0.0,0.0,0.0,-0.27083064568466236,0.0,2.9085550665169837,3.136682348965945,1645.5060327273136
0.876831560418392,0.0,0.0,0.0,-0.2714286203656982,0.0,2.9095619895550406,3.1364823489659446,1642.182513992399
0.8769330656268272,0.0,0.0,0.0,-0.2720259225643329,0.0,2.910570472387339,3.136282348965945,1638.8637752285917
0.8770344934369992,0.0,0.0,0.0,-0.2726225580134679,0.0,2.9115805187902155,3.1360823489659455,1635.5498125296995
0.8771358444555585,0.0,0.0,0.0,-0.27321853239722343,0.0,2.912592132551579,3.135882348965945,1632.24062199038
0.8772371192833269,0.0,0.0,0.0,-0.27381385135160863,0.0,2.913605317470917,3.135682348965945,1628.9361997050532
0.8773383185153785,0.0,0.0,0.0,-0.2744085204651974,0.0,2.9146200773593587,3.135482348965945,1625.6365417686977
0.8774394427411134,0.0,0.0,0.0,-0.2750025452797764,0.0,2.915636416039715,3.135282348965945,1622.3416442766436
0.8775404925443329,0.0,0.0,0.0,-0.27559593129098753,0.0,2.9166543373464946,3.1350823489659456,1619.051503324526
0.8776414685033139,0.0,0.0,0.0,-0.27618868394896895,0.0,2.9176738451259863,3.1348823489659456,1615.7661150079446
0.8777423711908812,0.0,0.0,0.0,-0.2767808086589718,0.0,2.9186949432362783,3.1346823489659448,1612.4854754234088
0.8778432011744752,0.0,0.0,0.0,-0.27737231078196317,0.0,2.9197176355472694,3.1344823489659457,1609.209580667064
0.8779439590162281,0.0,0.0,0.0,-0.2779631956352512,0.0,2.920741925940787,3.1342823489659453,1605.9384268359443
0.8780446452730261,0.0,0.0,0.0,-0.2785534684930516,0.0,2.921767818310547,3.134082348965945,1602.6720100269797
0.8781452604965803,0.0,0.0,0.0,-0.2791431345870863,0.0,2.9227953165622518,3.1338823489659453,1599.4103263375011
0.8782458052334937,0.0,0.0,0.0,-0.2797321991071525,0.0,2.9238244246136116,3.133682348965945,1596.1533718653898
0.8783462800253233,0.0,0.0,0.0,-0.28032066720167864,0.0,2.9248551463943793,3.1334823489659454,1592.901142708384
0.8784466854086476,0.0,0.0,0.0,-0.2809085439782896,0.0,2.9258874858464132,3.1332823489659445,1589.653634964997
0.8785470219151275,0.0,0.0,0.0,-0.28149583450434296,0.0,2.9269214469237,3.1330823489659454,1586.4108447337517
0.8786472900715699,0.0,0.0,0.0,-0.2820825438074738,0.0,2.92795703359241,3.132882348965945,1583.172768113385
0.8787474903999882,0.0,0.0,0.0,-0.2826686768761145,0.0,2.928994249830945,3.132682348965945,1579.9394012033417
0.8788476234176613,0.0,0.0,0.0,-0.28325423866001703,0.0,2.9300330996299593,3.1324823489659455,1576.710740103068
0.8789476896371946,0.0,0.0,0.0,-0.2838392340707674,0.0,2.931073586992423,3.1322823489659455,1573.4867809123161
0.8790476895665776,0.0,0.0,0.0,-0.2844236679822869,0.0,2.932115715933669,3.1320823489659455,1570.267519731355
0.8791476237092397,0.0,0.0,0.0,-0.28500754523132293,0.0,2.9331594904814096,3.131882348965946,1567.0529526604992
0.8792474925641082,0.0,0.0,0.0,-0.2855908706179417,0.0,2.9342049146758056,3.1316823489659464,1563.8430758006182
0.8793472966256635,0.0,0.0,0.0,-0.28617364890600944,0.0,2.935251992569516,3.131482348965945,1560.6378852527046
0.8794470363839914,0.0,0.0,0.0,-0.28675588482365155,0.0,2.9363007282277005,3.1312823489659456,1557.43737711803
0.8795467123248397,0.0,0.0,0.0,-0.2873375830637351,0.0,2.9373511257281155,3.1310823489659456,1554.2415474983943
0.8796463249296712,0.0,0.0,0.0,-0.287918748284322,0.0,2.938403189161135,3.1308823489659456,1551.0503924958755
0.8797458746757107,0.0,0.0,0.0,-0.2884993851091047,0.0,2.9394569226297786,3.1306823489659457,1547.863908212652
0.8798453620360028,0.0,0.0,0.0,-0.2890794981278722,0.0,2.9405123302497875,3.1304823489659452,1544.6820907513293
0.8799447874794566,0.0,0.0,0.0,-0.28965909189692807,0.0,2.9415694161496484,3.1302823489659453,1541.5049362148532
0.8800441514708992,0.0,0.0,0.0,-0.2902381709395336,0.0,2.942628184470651,3.1300823489659457,1538.3324407066502
0.8801434544711221,0.0,0.0,0.0,-0.29081673974632477,0.0,2.943688639366923,3.129882348965946,1535.16460033002
0.8802426969369307,0.0,0.0,0.0,-0.2913948027757347,0.0,2.9447507850054886,3.1296823489659453,1532.0014111889132
0.8803418793211895,0.0,0.0,0.0,-0.29197236445439395,0.0,2.9458146255662894,3.1294823489659453,1528.84286938753
0.8804410020728707,0.0,0.0,0.0,-0.29254942917754734,0.0,2.94688016524226,3.1292823489659463,1525.688971030338
0.8805400656370996,0.0,0.0,0.0,-0.2931260013094499,0.0,2.947947408239367,3.1290823489659454,1522.5397122222926
0.8806390704551981,0.0,0.0,0.0,-0.29370208518375024,0.0,2.9490163587766247,3.128882348965946,1519.3950890684196
0.8807380169647322,0.0,0.0,0.0,-0.2942776851038978,0.0,2.950087021086194,3.1286823489659454,1516.2550976741013
0.8808369055995512,0.0,0.0,0.0,-0.2948528053434951,0.0,2.951159399413381,3.128482348965946,1513.1197341452141
0.8809357367898357,0.0,0.0,0.0,-0.29542745014670346,0.0,2.9522334980167124,3.128282348965946,1509.9889945878474
0.8810345109621367,0.0,0.0,0.0,-0.2960016237285918,0.0,2.953309321167975,3.1280823489659455,1506.8628751083565
0.8811332285394173,0.0,0.0,0.0,-0.2965753302755073,0.0,2.9543868731522416,3.1278823489659455,1503.741371813404
0.8812318899410965,0.0,0.0,0.0,-0.29714857394544003,0.0,2.955466158267963,3.1276823489659455,1500.6244808102024
0.881330495583087,0.0,0.0,0.0,-0.29772135886837087,0.0,2.9565471808269748,3.127482348965947,1497.5121982060552
0.8814290458778374,0.0,0.0,0.0,-0.29829368914662907,0.0,2.957629945154574,3.127282348965946,1494.40452010867
0.8815275412343678,0.0,0.0,0.0,-0.2988655688552173,0.0,2.958714455589528,3.1270823489659456,1491.3014426258292
0.8816259820583136,0.0,0.0,0.0,-0.29943700204217427,0.0,2.9598007164841724,3.126882348965946,1488.2029618660704
0.8817243687519593,0.0,0.0,0.0,-0.3000079927288921,0.0,2.960888732204421,3.1266823489659457,1485.1090739381507
0.8818227017142777,0.0,0.0,0.0,-0.30057854491045183,0.0,2.961978507129824,3.126482348965946,1482.0197749508097
0.8819209813409687,0.0,0.0,0.0,-0.30114866255595313,0.0,2.963070045653634,3.126282348965946,1478.9350610135243
0.8820192080244919,0.0,0.0,0.0,-0.30171834960882044,0.0,2.964163352182818,3.1260823489659466,1475.8549282358317
0.882117382154106,0.0,0.0,0.0,-0.3022876099871349,0.0,2.965258431138152,3.125882348965946,1472.7793727276855
0.8822155041159022,0.0,0.0,0.0,-0.30285644758393215,0.0,2.966355286954226,3.125682348965946,1469.7083905994305
0.8823135742928405,0.0,0.0,0.0,-0.30342486626751874,0.0,2.9674539240795257,3.1254823489659462,1466.6419779617686
0.8824115930647828,0.0,0.0,0.0,-0.3039928698817695,0.0,2.9685543469764624,3.1252823489659463,1463.5801309253438
0.8825095608085273,0.0,0.0,0.0,-0.3045604622464244,0.0,2.969656560121427,3.1250823489659463,1460.5228456016562
0.8826074778978419,0.0,0.0,0.0,-0.30512764715738944,0.0,2.97076056800485,3.1248823489659467,1457.4701181021553
0.882705344703498,0.0,0.0,0.0,-0.3056944283870226,0.0,2.9718663751312424,3.124682348965946,1454.4219445389224
0.8828031615933007,0.0,0.0,0.0,-0.3062608096844132,0.0,2.972973986019232,3.124482348965947,1451.3783210241852
0.8829009289321229,0.0,0.0,0.0,-0.30682679477568087,0.0,2.9740834052016454,3.1242823489659464,1448.3392436703202
0.8829986470821397,0.0,0.0,0.0,-0.3073923873648921,0.0,2.9751946372265907,3.1240823489658522,1445.3047086143988
0.8831939372481021,0.0,0.0,0.0,-0.30852240973502104,0.0,2.977422558057411,3.1236823489659464,1439.249249706048
0.8833890349307085,0.0,0.0,0.0,-0.3096509059803903,0.0,2.9796577851778236,3.1232823489659465,1433.2119132807575
0.8835839429241877,0.0,0.0,0.0,-0.31077790493795365,0.0,2.981900355480709,3.122882348965947,1427.1926682300832
0.8837786639794232,0.0,0.0,0.0,-0.31190343510756346,0.0,2.984150306092604,3.1224823489659466,1421.1914834747804
0.8839732008046571,0.0,0.0,0.0,-0.3130275246593665,0.0,2.9864076743743153,3.1220823489659457,1415.2083279411002
0.8841675560663697,0.0,0.0,0.0,-0.3141502014416326,0.0,2.9886724979225536,3.121682348965947,1409.2431705606923
0.8843617323901393,0.0,0.0,0.0,-0.31527149298841434,0.0,2.990944814571666,3.1212823489659467,1403.2959802706555
0.884555732361472,0.0,0.0,0.0,-0.31639142652695507,0.0,2.9932246623952774,3.1208823489659467,1397.366726013662
0.8847495585266147,0.0,0.0,0.0,-0.3175100289849547,0.0,2.9955120797080204,3.120482348965947,1391.4553767379405
0.8849432133933434,0.0,0.0,0.0,-0.31862732699762997,0.0,2.9978071050672512,3.120082348965947,1385.5619013970772
0.8851366994317283,0.0,0.0,0.0,-0.3197433469145876,0.0,3.0001097772747602,3.1196823489659473,1379.6862689505388
0.8853300190748832,0.0,0.0,0.0,-0.3208581148065487,0.0,3.0024201353785305,3.119282348965947,1373.8284483632015
0.8855231747196896,0.0,0.0,0.0,-0.32197165647188075,0.0,3.0047382186744764,3.1188823489659465,1367.9884086056445
0.8857161687275054,0.0,0.0,0.0,-0.3230839974429867,0.0,3.0070640667082142,3.118482348965947,1362.1661186541612
0.8859090034248523,0.0,0.0,0.0,-0.3241951629925277,0.0,3.0093977192768375,3.1180823489659466,1356.3615474906528
0.8861016811040878,0.0,0.0,0.0,-0.3253051781394992,0.0,3.011739216430715,3.1176823489659466,1350.5746641030416
0.8862942040240551,0.0,0.0,0.0,-0.32641406765515385,0.0,3.014088598475272,3.1172823489659462,1344.8054374845656
0.8864865744107211,0.0,0.0,0.0,-0.32752185606878537,0.0,3.01644590597283,3.1168823489659476,1339.0538366349415
0.8866787944577951,0.0,0.0,0.0,-0.3286285676733895,0.0,3.0188111797444246,3.1164823489659463,1333.3198305589963
0.8868708663273288,0.0,0.0,0.0,-0.3297342265311473,0.0,3.0211844608716127,3.1160823489659477,1327.60338826802
0.8870627921503084,0.0,0.0,0.0,-0.330838856478844,0.0,3.0235657906983873,3.1156823489659473,1321.9044787788898
0.8872545740272244,0.0,0.0,0.0,-0.331942481133106,0.0,3.025955210833002,3.115282348965948,1316.223071114789
0.8874462140286287,0.0,0.0,0.0,-0.33304512389554314,0.0,3.0283527631498504,3.1148823489659474,1310.559134304468
0.8876377141956774,0.0,0.0,0.0,-0.33414680795776286,0.0,3.030758489791351,3.1144823489659474,1304.9126373829904
0.8878290765406649,0.0,0.0,0.0,-0.33524755630629144,0.0,3.033172433169895,3.114082348965947,1299.2835493915431
0.8880203030475348,0.0,0.0,0.0,-0.33634739172734845,0.0,3.0355946359696997,3.1136823489659475,1293.6718393773212
0.8882113956723872,0.0,0.0,0.0,-0.3374463368115539,0.0,3.038025141148805,3.113282348965947,1288.077476393676
0.8884023563439651,0.0,0.0,0.0,-0.3385444139584863,0.0,3.040463991940943,3.1128823489659476,1282.5004295002072
0.888593186964139,0.0,0.0,0.0,-0.3396416453811959,0.0,3.0429112318575764,3.112482348965948,1276.9406677629115
0.888783889408366,0.0,0.0,0.0,-0.3407380531105572,0.0,3.045366904689782,3.1120823489659473,1271.398160253725
0.8889744655261506,0.0,0.0,0.0,-0.3418336589995785,0.0,3.0478310545103064,3.1116823489659478,1265.872876051354
0.8891649171414853,0.0,0.0,0.0,-0.34292848472759174,0.0,3.050303725675521,3.1112823489659474,1260.3647842405771
0.889355246053284,0.0,0.0,0.0,-0.3440225518043558,0.0,3.0527849628274377,3.110882348965948,1254.8738539127187
0.8895454540358047,0.0,0.0,0.0,-0.34511588157408457,0.0,3.0552748108957424,3.110482348965948,1249.4000541656496
0.889735542839061,0.0,0.0,0.0,-0.3462084952193753,0.0,3.057773315099825,3.110082348965948,1243.9433541037934
0.8899255141892224,0.0,0.0,0.0,-0.34730041376506177,0.0,3.060280520950817,3.109682348965948,1238.5037228379579
0.8901153697890083,0.0,0.0,0.0,-0.348391658081992,0.0,3.0627964742536724,3.1092823489659476,1233.0811294858408
0.8903051113180691,0.0,0.0,0.0,-0.34948224889072416,0.0,3.065321221109233,3.1088823489659476,1227.675543171671
0.8904947404333605,0.0,0.0,0.0,-0.3505722067651448,0.0,3.0678548079163246,3.108482348965948,1222.2869330265676
0.8906842587695055,0.0,0.0,0.0,-0.35166155213601785,0.0,3.070397281373848,3.108082348965949,1216.9152681883083
0.8908736679391531,0.0,0.0,0.0,-0.35275030529446755,0.0,3.0729486884829136,3.1076823489659477,1211.560517801582
0.8910629695333225,0.0,0.0,0.0,-0.35383848639537957,0.0,3.0755090765489626,3.107282348965948,1206.2226510180212
0.8912521651217417,0.0,0.0,0.0,-0.3549261154607401,0.0,3.0780784931838885,3.1068823489659487,1200.9016369963579
0.8914412562531805,0.0,0.0,0.0,-0.35601321238292977,0.0,3.0806569863082514,3.106482348965949,1195.597444902101
0.8916302444557699,0.0,0.0,0.0,-0.35709979692791466,0.0,3.083244604153383,3.1060823489659497,1190.3100439080458
0.8918191312373198,0.0,0.0,0.0,-0.3581858887384156,0.0,3.085841395263618,3.1056823489659484,1185.0394031940434
0.8920079180856242,0.0,0.0,0.0,-0.35927150733698743,0.0,3.0884474084984697,3.1052823489659485,1179.7854919472525
0.8921966064687631,0.0,0.0,0.0,-0.36035667212906336,0.0,3.0910626930348504,3.1048823489659494,1174.5482793621395
0.8923851978353956,0.0,0.0,0.0,-0.36144140240593153,0.0,3.0936872983693027,3.1044823489659485,1169.3277346405132
0.8925736936150438,0.0,0.0,0.0,-0.36252571734764705,0.0,3.096321274320214,3.104082348965949,1164.123826991498
0.8927620952183746,0.0,0.0,0.0,-0.36360963602591384,0.0,3.0989646710300978,3.103682348965949,1158.93652563189
0.892950404037473,0.0,0.0,0.0,-0.3646931774069029,0.0,3.1016175389678615,3.1032823489659487,1153.7657997859123
0.8931386214461055,0.0,0.0,0.0,-0.36577636035400496,0.0,3.104279928931049,3.1028823489659483,1148.6116186855816
0.8933267487999828,0.0,0.0,0.0,-0.36685920363056357,0.0,3.1069518920481722,3.1024823489659488,1143.473951570428
0.8935147874370141,0.0,0.0,0.0,-0.36794172590254126,0.0,3.1096334797810115,3.102082348965949,1138.3527676879971
0.8937027386775526,0.0,0.0,0.0,-0.36902394574113634,0.0,3.112324743926923,3.1016823489659493,1133.2480362934627
0.8938906038246414,0.0,0.0,0.0,-0.37010588162537555,0.0,3.1150257366211944,3.101282348965949,1128.1597266501517
0.8940783841642471,0.0,0.0,0.0,-0.37118755194463315,0.0,3.117736510339368,3.1008823489659485,1123.0878080293292
0.8942660809654922,0.0,0.0,0.0,-0.3722689750011318,0.0,3.12045711789962,3.100482348965949,1118.0322497103566
0.8944536954808809,0.0,0.0,0.0,-0.37335016901239265,0.0,3.1231876124651348,3.100082348965949,1112.993020980844
0.8946412289465198,0.0,0.0,0.0,-0.3744311521136447,0.0,3.1259280475464974,3.099682348965949,1107.9700911366754
0.8948286825823315,0.0,0.0,0.0,-0.3755119423601922,0.0,3.1286784770040716,3.099282348965949,1102.9634294819662
0.8950160575922658,0.0,0.0,0.0,-0.3765925577297443,0.0,3.131438955050439,3.098882348965949,1097.9730053294638
0.8952033551645073,0.0,0.0,0.0,-0.3776730161247253,0.0,3.134209536252844,3.098482348965949,1092.9987880003669
0.8953905764716719,0.0,0.0,0.0,-0.3787533353745127,0.0,3.1369902755355983,3.0980823489659493,1088.0407468245662
0.8955777226710044,0.0,0.0,0.0,-0.37983353323767066,0.0,3.139781228182547,3.0976823489659493,1083.098851140588
0.8957647949045704,0.0,0.0,0.0,-0.3809136274041393,0.0,3.1425824498395647,3.0972823489659493,1078.1730702958803
0.8959517942994419,0.0,0.0,0.0,-0.38199363549738546,0.0,3.145393996516998,3.096882348965949,1073.2633736468265
0.8961387219678799,0.0,0.0,0.0,-0.383073575076526,0.0,3.148215924592198,3.09648234896595,1068.3697305587689
0.8963255790075131,0.0,0.0,0.0,-0.38415346363842545,0.0,3.151048290812002,3.0960823489659495,1063.4921104061666
0.8965123665015101,0.0,0.0,0.0,-0.38523331861974175,0.0,3.1538911522952655,3.09568234896595,1058.6304825728407
0.8966990855187513,0.0,0.0,0.0,-0.3863131573989727,0.0,3.1567445665354072,3.09528234896595,1053.7848164517707
0.8968857371139914,0.0,0.0,0.0,-0.3873929972984366,0.0,3.159608591402915,3.0948823489659496,1048.9550814455351
0.8970723223280253,0.0,0.0,0.0,-0.3884728555862661,0.0,3.1624832851479727,3.0944823489659496,1044.141246966196
0.8972588421878416,0.0,0.0,0.0,-0.38955274947833196,0.0,3.165368706402958,3.0940823489659497,1039.3432824355118
0.8974452977067794,0.0,0.0,0.0,-0.3906326961401713,0.0,3.1682649141850847,3.09368234896595,1034.5611572850216
0.8976316898846789,0.0,0.0,0.0,-0.39171271268887986,0.0,3.171171967898976,3.0932823489659502,1029.794840956155
0.8978180197080267,0.0,0.0,0.0,-0.3927928161949699,0.0,3.17408992733928,3.0928823489659503,1025.0443029004127
0.898004288150099,0.0,0.0,0.0,-0.393873023684212,0.0,3.1770188526932785,3.09248234896595,1020.3095125793698
0.898190496171103,0.0,0.0,0.0,-0.3949533521394535,0.0,3.179958804543534,3.0920823489659495,1015.5904394649481
0.89837664471831,0.0,0.0,0.0,-0.3960338185024012,0.0,3.1829098438705143,3.09168234896595,1010.8870530394295
0.8985627347261933,0.0,0.0,0.0,-0.39711443967541,0.0,3.185872032055292,3.09128234896595,1006.199322795607
0.898748767116553,0.0,0.0,0.0,-0.39819523252320627,0.0,3.188845430882168,3.0908823489659496,1001.5272182369783
0.8989347427986458,0.0,0.0,0.0,-0.3992762138746269,0.0,3.191830102541376,3.0904823489659505,996.8707088778567
0.8991206626693058,0.0,0.0,0.0,-0.4003574005243161,0.0,3.194826109631751,3.09008234896595,992.2297642433446
0.8993065276130678,0.0,0.0,0.0,-0.4014388092344133,0.0,3.197833515163479,3.0896823489659506,987.6043538698026
0.8994923385022823,0.0,0.0,0.0,-0.40252045673621106,0.0,3.2008523825607527,3.0892823489659498,982.9944473047007
0.8996780961972287,0.0,0.0,0.0,-0.4036023597317926,0.0,3.2038827756645203,3.0888823489659503,978.4000141069353
0.8998638015462298,0.0,0.0,0.0,-0.404684534895667,0.0,3.206924758735223,3.0884823489659503,973.8210238468449
0.9000494553857591,0.0,0.0,0.0,-0.40576699887636836,0.0,3.209978396455547,3.0880823489659504,969.2574461065153
0.900235058540544,0.0,0.0,0.0,-0.406849768298038,0.0,3.2130437539331473,3.08768234896595,964.7092504796763
0.9004206118236722,0.0,0.0,0.0,-0.4079328597619956,0.0,3.2161208967034387,3.0872823489659504,960.1764065722804
0.9006061160366899,0.0,0.0,0.0,-0.40901628984829697,0.0,3.2192098907323587,3.086882348965951,955.6588840022512
0.9007915719696996,0.0,0.0,0.0,-0.41010007511725965,0.0,3.22231080241915,3.086482348965951,951.1566523998772
0.9009769804014556,0.0,0.0,0.0,-0.41118423211099026,0.0,3.2254236985991644,3.0860823489659506,946.669681407835
0.9011623420994556,0.0,0.0,0.0,-0.4122687773548775,0.0,3.228548646546642,3.085682348965951,942.1979406815683
0.9013476578200301,0.0,0.0,0.0,-0.4133537273590852,0.0,3.231685713977535,3.08528234896595,937.7413998892298
0.9015329283084308,0.0,0.0,0.0,-0.41443909862002015,0.0,3.234834969052311,3.084882348965951,933.300028712013
0.9017181542989146,0.0,0.0,0.0,-0.4155249076217981,0.0,3.2379964803788024,3.0844823489659507,928.8737968441991
0.9019033365148271,0.0,0.0,0.0,-0.41661117083767646,0.0,3.2411703170150266,3.0840823489659512,924.4626739935829
0.9020884756686807,0.0,0.0,0.0,-0.4176979047314857,0.0,3.2443565484720036,3.0836823489659513,920.0666298813546
0.9022735724622345,0.0,0.0,0.0,-0.41878512575905,0.0,3.24755524471665,3.0832823489659504,915.6856342425172
0.9024586275865664,0.0,0.0,0.0,-0.41987285036957694,0.0,3.250766476174555,3.082882348965951,911.3196568259078
0.902643641722152,0.0,0.0,0.0,-0.42096109500706724,0.0,3.2539903137329556,3.082482348965951,906.9686673946394
0.9028286155389297,0.0,0.0,0.0,-0.4220498761116712,0.0,3.2572268287434953,3.082082348965951,902.6326357260514
0.9030135496963712,0.0,0.0,0.0,-0.42313921012106026,0.0,3.2604760930251198,3.081682348965951,898.3115316119998
0.9031984448435497,0.0,0.0,0.0,-0.4242291134717827,0.0,3.263738178866996,3.0812823489659515,894.0053248591804
0.903383301619204,0.0,0.0,0.0,-0.4253196026006069,0.0,3.267013159031362,3.080882348965951,889.7139852891802
0.9035681206517979,0.0,0.0,0.0,-0.426410693945838,0.0,3.2703011067563903,3.0804823489659503,885.4374827387896
0.903752902559583,0.0,0.0,0.0,-0.42750240394864547,0.0,3.273602095759094,3.080082348965952,881.1757870602
0.9039376479506579,0.0,0.0,0.0,-0.4285947490543805,0.0,3.2769162002382495,3.079682348965951,876.928868121219
0.9041223574230218,0.0,0.0,0.0,-0.42968774571385404,0.0,3.2802434948772348,3.079282348965951,872.6966958055482
0.9043070315646299,0.0,0.0,0.0,-0.430781410384637,0.0,3.2835840548469535,3.0788823489659514,868.4792400129737
0.9044916709534455,0.0,0.0,0.0,-0.4318757595323355,0.0,3.2869379558087335,3.0784823489659514,864.2764706596108
0.9046762761574909,0.0,0.0,0.0,-0.4329708096318588,0.0,3.2903052739172196,3.0780823489659515,860.0883576781739
0.9048608477348935,0.0,0.0,0.0,-0.4340665771686713,0.0,3.293686085823253,3.0776823489659515,855.9148710181717
0.9050453862339365,0.0,0.0,0.0,-0.43516307864005543,0.0,3.2970804686768216,3.077282348965952,851.7559806462899
0.9052298921930992,0.0,0.0,0.0,-0.43626033055634306,0.0,3.300488500129907,3.0768823489659516,847.6116565464595
0.9054143661411015,0.0,0.0,0.0,-0.4373583494421431,0.0,3.3039102583393882,3.076482348965952,843.4818687202858
0.9055988085969464,0.0,0.0,0.0,-0.4384571518375799,0.0,3.3073458219699767,3.0760823489659517,839.366587187226
0.9057832200699562,0.0,0.0,0.0,-0.43955675429949226,0.0,3.310795270197064,3.0756823489659513,835.2657819849437
0.9059676010598117,0.0,0.0,0.0,-0.44065717340265137,0.0,3.314258682709616,3.0752823489659518,831.1794231694679
0.906151952056587,0.0,0.0,0.0,-0.44175842574095364,0.0,3.3177361397130825,3.074882348965952,827.1074808156009
0.9063362735407848,0.0,0.0,0.0,-0.4428605279286195,0.0,3.321227721932264,3.0744823489659527,823.0499250171288
0.9065205659833673,0.0,0.0,0.0,-0.4439634966013766,0.0,3.324733510614195,3.074082348965952,819.0067258871611
0.9067048298457853,0.0,0.0,0.0,-0.44506734841762513,0.0,3.3282535875309756,3.0736823489659515,814.9778535583961
0.9068890655800097,0.0,0.0,0.0,-0.4461721000596258,0.0,3.331788034982694,3.073282348965951,810.9632781834591
0.9070732736285562,0.0,0.0,0.0,-0.4472777682346473,0.0,3.3353369358002127,3.0728823489659516,806.9629699352026
0.9072574544245121,0.0,0.0,0.0,-0.44838436967613593,0.0,3.3389003733480864,3.072482348965952,802.9768990070381
0.9074416083915608,0.0,0.0,0.0,-0.4494919211448616,0.0,3.3424784315273532,3.0720823489659526,799.0050356132273
0.9076257359440018,0.0,0.0,0.0,-0.4506004394300601,0.0,3.346071194778376,3.0716823489659513,795.0473499892286
0.9078098374867696,0.0,0.0,0.0,-0.45170994135055625,0.0,3.3496787480835963,3.0712823489659518,791.1038123920581
0.9079939134154582,0.0,0.0,0.0,-0.45282044375592534,0.0,3.3533011769704464,3.0708823489659522,787.1743931006038
0.9081779641163344,0.0,0.0,0.0,-0.4539319635275982,0.0,3.3569385675140735,3.070482348965953,783.2590624160016
0.9083619899663538,0.0,0.0,0.0,-0.4550445175799849,0.0,3.36059100634011,3.0700823489659532,779.3577906619207
0.9085459913331749,0.0,0.0,0.0,-0.4561581228615861,0.0,3.3642585806274345,3.0696823489659524,775.4705481850276
0.9087299685751726,0.0,0.0,0.0,-0.457272796356105,0.0,3.3679413781109413,3.0692823489659524,771.5973053553099
0.9089139220414488,0.0,0.0,0.0,-0.4583885550835507,0.0,3.3716394870842357,3.0688823489659525,767.7380325664208
0.909097852071842,0.0,0.0,0.0,-0.45950541610133605,0.0,3.3753529964023667,3.068482348965953,763.8927002360872
0.9092817589969343,0.0,0.0,0.0,-0.46062339650536405,0.0,3.3790819954844906,3.068082348965953,760.0612788065465
0.9094656431380593,0.0,0.0,0.0,-0.4617425134311251,0.0,3.3828265743165513,3.067682348965952,756.2437387448254
0.9096495048073058,0.0,0.0,0.0,-0.4628627840547666,0.0,3.3865868234539116,3.067282348965953,752.4400505433027
0.9098333443075226,0.0,0.0,0.0,-0.46398422559418734,0.0,3.3903628340240046,3.0668823489659527,748.6501847199659
0.9100171619323176,0.0,0.0,0.0,-0.4651068553100866,0.0,3.3941546977288612,3.066482348965953,744.87411181895
0.9102009579660629,0.0,0.0,0.0,-0.4662306905070601,0.0,3.397962506847777,3.0660823489659528,741.111802410875
0.9103847326838889,0.0,0.0,0.0,-0.4673557485346358,0.0,3.4017863542397557,3.0656823489659533,737.3632270933613
0.9105684863516842,0.0,0.0,0.0,-0.4684820467883502,0.0,3.4056263333460772,3.065282348965952,733.6283564913884
0.910752219226093,0.0,0.0,0.0,-0.46960960271079705,0.0,3.4094825381927865,3.064882348965953,729.9071612578352
0.9109359315545069,0.0,0.0,0.0,-0.47073843379267827,0.0,3.413355063393118,3.0644823489659534,726.1996120738605
0.911119623575059,0.0,0.0,0.0,-0.4718685575738426,0.0,3.4172440041498975,3.064082348965953,722.505679649394
0.9113032955166169,0.0,0.0,0.0,-0.4729999916443353,0.0,3.421149456257984,3.0636823489659535,718.8253347236581
0.9114869475987705,0.0,0.0,0.0,-0.47413275364542595,0.0,3.4250715161065353,3.063282348965952,715.1585480655748
0.9116705800318238,0.0,0.0,0.0,-0.4752668612706495,0.0,3.4290102806813962,3.0628823489659527,711.5052904743227
0.9118541930167786,0.0,0.0,0.0,-0.4764023322668215,0.0,3.432965847567273,3.0624823489659536,707.8655327797917
0.9120377867453253,0.0,0.0,0.0,-0.4775391844350829,0.0,3.4369383149500803,3.0620823489659528,704.2392458431254
0.912221361399821,0.0,0.0,0.0,-0.47867743563188553,0.0,3.4409277816189547,3.0616823489659533,700.6264005572466
0.9124049171532799,0.0,0.0,0.0,-0.479817103770047,0.0,3.4449343469685663,3.0612823489659533,697.0269678473327
0.9125884541693485,0.0,0.0,0.0,-0.4809582068197303,0.0,3.448958111001075,3.0608823489659533,693.4409186714198
0.9127719726022918,0.0,0.0,0.0,-0.48210076280947284,0.0,3.452999174328262,3.0604823489659534,689.8682240208926
0.9129554725969649,0.0,0.0,0.0,-0.4832447898271628,0.0,3.4570576381733944,3.0600823489659534,686.3088549211055
0.9131389542887985,0.0,0.0,0.0,-0.48439030602107125,0.0,3.461133604373313,3.0596823489659535,682.7627824318782
0.9133224178037685,0.0,0.0,0.0,-0.48553732960081564,0.0,3.465227175380169,3.059282348965953,679.2299776481416
0.9135058632583742,0.0,0.0,0.0,-0.48668587883836767,0.0,3.469338454263321,3.0588823489659536,675.7104117004708
0.9136892907596107,0.0,0.0,0.0,-0.4878359720690378,0.0,3.4734675447110845,3.0584823489659527,672.2040557557043
0.9138727004049383,0.0,0.0,0.0,-0.4889876276924423,0.0,3.4776145510323615,3.058082348965953,668.710881017578
0.9140560922822588,0.0,0.0,0.0,-0.49014086417350705,0.0,3.4817795781584024,3.0576823489659537,665.2308587272853
0.9142394664698784,0.0,0.0,0.0,-0.4912957000434178,0.0,3.485962731644236,3.0572823489659537,661.7639601641447
0.9144228230364777,0.0,0.0,0.0,-0.4924521539005943,0.0,3.4901641176702203,3.056882348965954,658.3101566462462
0.9146061620410785,0.0,0.0,0.0,-0.4936102444116593,0.0,3.4943838430434613,3.056482348965954,654.8694195310941
0.9147894835330073,0.0,0.0,0.0,-0.49476999031239427,0.0,3.4986220151991456,3.056082348965954,651.4417202162506
0.9149727875518597,0.0,0.0,0.0,-0.495931410408697,0.0,3.5028787422018177,3.0556823489659544,648.0270301400442
0.9151560741274626,0.0,0.0,0.0,-0.49709452357753303,0.0,3.507154132746575,3.055282348965954,644.6253207822322
0.9153393432798319,0.0,0.0,0.0,-0.4982593487678706,0.0,3.5114482961601055,3.0548823489659545,641.2365636646875
0.9155225950191369,0.0,0.0,0.0,-0.4994259050016452,0.0,3.5157613424018237,3.054482348965954,637.8607303521335
0.9157058293456534,0.0,0.0,0.0,-0.5005942113746712,0.0,3.5200933820646787,3.0540823489659537,634.4977924528484
0.9158890462497192,0.0,0.0,0.0,-0.5017642870575747,0.0,3.5244445263759934,3.0536823489659546,631.1477216194439
0.9160722457116961,0.0,0.0,0.0,-0.5029361512967505,0.0,3.5288148871983447,3.053282348965954,627.8104895495019
0.916255427701915,0.0,0.0,0.0,-0.5041098234152408,0.0,3.5332045770300065,3.0528823489659542,624.4860679864705
0.9164385921806332,0.0,0.0,0.0,-0.5052853228136803,0.0,3.5376137090056177,3.0524823489659543,621.1744287203201
0.9166217390979826,0.0,0.0,0.0,-0.5064626689711922,0.0,3.5420423968965555,3.0520823489659548,617.8755435883854
0.9168048683939197,0.0,0.0,0.0,-0.507641881446298,0.0,3.5464907551112663,3.0516823489659544,614.5893844761738
0.916987979998173,0.0,0.0,0.0,-0.5088229798778124,0.0,3.550958898695471,3.0512823489659544,611.3159233181524
0.9171710738301905,0.0,0.0,0.0,-0.5100059839857434,0.0,3.5554469433322713,3.0508823489659544,608.0551320985464
0.9173541497990831,0.0,0.0,0.0,-0.5111909135721726,0.0,3.559955005342106,3.0504823489659545,604.806982852217
0.9175372078035683,0.0,0.0,0.0,-0.512377788522136,0.0,3.564483201682579,3.050082348965954,601.5714476654945
0.9177202477319114,0.0,0.0,0.0,-0.5135666288044954,0.0,3.5690316499481853,3.0496823489659546,598.3484986770951
0.9179032694618708,0.0,0.0,0.0,-0.5147574544728267,0.0,3.573600468369973,3.0492823489659546,595.1381080788395
0.9180862728606279,0.0,0.0,0.0,-0.5159502856662397,0.0,3.578189775814809,3.048882348965955,591.9402481167928
0.918269257784735,0.0,0.0,0.0,-0.5171451426102789,0.0,3.582799691784909,3.048482348965955,588.7548910919377
0.9184522240800435,0.0,0.0,0.0,-0.5183420456177334,0.0,3.587430336416826,3.048082348965955,585.5820093612738
0.9186351715816415,0.0,0.0,0.0,-0.5195410150894904,0.0,3.592081830480519,3.0476823489659552,582.4215753386227
0.9188181001137902,0.0,0.0,0.0,-0.5207420715153782,0.0,3.5967542953782905,3.047282348965954,579.2735614956265
0.9190010094898468,0.0,0.0,0.0,-0.5219452354749521,0.0,3.601447853143282,3.0468823489659553,576.1379403628164
0.9191838995122065,0.0,0.0,0.0,-0.5231505276383666,0.0,3.606162626438307,3.0464823489659554,573.0146845303955
0.9193667699722209,0.0,0.0,0.0,-0.524357968767127,0.0,3.6108987385539266,3.0460823489659554,569.9037666493916
0.9195496206501305,0.0,0.0,0.0,-0.525567579714918,0.0,3.6156563134068076,3.045682348965955,566.8051594326573
0.919732451314989,0.0,0.0,0.0,-0.5267793814283851,0.0,3.620435475537701,3.045282348965955,563.7188356558086
0.9199152617245886,0.0,0.0,0.0,-0.5279933949479176,0.0,3.625236350109272,3.044882348965955,560.6447681583429
0.9200980516253796,0.0,0.0,0.0,-0.529209641408407,0.0,3.630059062903703,3.044482348965955,557.5829298447477
0.9202808207523959,0.0,0.0,0.0,-0.5304281420400255,0.0,3.6349037403202207,3.044082348965955,554.5332936854444
0.9204635688291719,0.0,0.0,0.0,-0.5316489181689632,0.0,3.639770509372271,3.0436823489659552,551.4958327179388
0.9206462955676604,0.0,0.0,0.0,-0.532871991218169,0.0,3.644659497684576,3.0432823489659553,548.4705200480632
0.9208290006681502,0.0,0.0,0.0,-0.53409738270808,0.0,3.649570833489967,3.0428823489659553,545.4573288508404
0.9210116838191801,0.0,0.0,0.0,-0.5353251142573365,0.0,3.654504645625985,3.0424823489659554,542.4562323719588
0.9211943446974545,0.0,0.0,0.0,-0.5365552075834975,0.0,3.6594610635312903,3.042082348965956,539.4672039285201
0.9213769829677521,0.0,0.0,0.0,-0.5377876845037171,0.0,3.6644402172417623,3.041682348965955,536.4902169106784
0.921559598282839,0.0,0.0,0.0,-0.5390225669354404,0.0,3.669442237386475,3.0412823489659546,533.5252447824645
0.9217421902833733,0.0,0.0,0.0,-0.5402598768970475,0.0,3.6744672551832536,3.040882348965956,530.572261083234
0.9219247585978211,0.0,0.0,0.0,-0.5414996365085557,0.0,3.6795154024343413,3.040482348965956,527.6312394287198
0.92210730284235,0.0,0.0,0.0,-0.5427418679921991,0.0,3.6845868115212324,3.040082348965955,524.7021535124854
0.922289822620742,0.0,0.0,0.0,-0.5439865936730952,0.0,3.6896816153998016,3.039682348965955,521.7849771069916
0.9224723175242934,0.0,0.0,0.0,-0.545233835979847,0.0,3.694799947594878,3.0392823489659557,518.8796840649431
0.922654787131715,0.0,0.0,0.0,-0.546483617445139,0.0,3.6999419421945627,3.0388823489659558,515.9862483207323
0.9228372310090299,0.0,0.0,0.0,-0.5477359607063047,0.0,3.705107733844266,3.0384823489659554,513.1046438915723
0.9230196487094748,0.0,0.0,0.0,-0.5489908885059125,0.0,3.7102974577405528,3.038082348965956,510.23484487889766
0.9232020397733938,0.0,0.0,0.0,-0.5502484236923024,0.0,3.7155112496245555,3.0376823489659563,507.3768254697585
0.9233844037281298,0.0,0.0,0.0,-0.5515085892201014,0.0,3.7207492457750684,3.037282348965956,504.5305599382219
0.9235667400879227,0.0,0.0,0.0,-0.5527714081507615,0.0,3.726011583001496,3.036882348965955,501.6960226466465
0.9237490483537966,0.0,0.0,0.0,-0.554036903653031,0.0,3.731298398636267,3.036482348965957,498.8731880471951
0.9239313280134516,0.0,0.0,0.0,-0.5553050990034513,0.0,3.736609830527087,3.036082348965956,496.0620306832884
0.9241135785411475,0.0,0.0,0.0,-0.5565760175867763,0.0,3.7419460170286345,3.035682348965956,493.26252519097454
0.9242957993975958,0.0,0.0,0.0,-0.5578496828964467,0.0,3.747307096994188,3.035282348965956,490.47464630040463
0.9244779900298379,0.0,0.0,0.0,-0.5591261185349664,0.0,3.752693209766604,3.034882348965956,487.6983688374402
0.9246601498711331,0.0,0.0,0.0,-0.5604053482143212,0.0,3.7581044951691545,3.034482348965956,484.93366772501963
0.9248422783408355,0.0,0.0,0.0,-0.5616873957563253,0.0,3.7635410934958013,3.034082348965956,482.18051798476677
0.9250243748442759,0.0,0.0,0.0,-0.562972285092978,0.0,3.769003145501203,3.0336823489659563,479.4388947385656
0.9252064387726395,0.0,0.0,0.0,-0.5642600402667878,0.0,3.77449079239031,3.0332823489659564,476.7087732099615
0.9253884695028411,0.0,0.0,0.0,-0.5655506854310617,0.0,3.7800041758074823,3.0328823489659564,473.9901287259828
0.9255704663973979,0.0,0.0,0.0,-0.5668442448501663,0.0,3.7855434378251664,3.032482348965956,471.2829367186157
0.9257524288043059,0.0,0.0,0.0,-0.5681407428997933,0.0,3.7911087209323178,3.032082348965957,468.587172726331
0.9259343560569088,0.0,0.0,0.0,-0.569440204067171,0.0,3.7967001680222197,3.031682348965956,465.90281239592366
0.9261162474737652,0.0,0.0,0.0,-0.5707426529512308,0.0,3.802317922379795,3.0312823489659566,463.2298314841565
0.9262981023585221,0.0,0.0,0.0,-0.5720481142628079,0.0,3.807962127668748,3.0308823489659567,460.5682058591744
0.9264799199997722,0.0,0.0,0.0,-0.5733566128247242,0.0,3.8136329279177668,3.0304823489659567,457.91791150261895
0.9266616996709268,0.0,0.0,0.0,-0.5746681735719327,0.0,3.8193304675067847,3.030082348965957,455.27892451097887
0.9268434406300718,0.0,0.0,0.0,-0.5759828215515506,0.0,3.8250548911522477,3.029682348965957,452.65122109755475
0.9270251421198354,0.0,0.0,0.0,-0.5773005819229334,0.0,3.8308063438922972,3.029282348965957,450.03477759400585
0.9272068033672377,0.0,0.0,0.0,-0.578621479957625,0.0,3.8365849710709847,3.028882348965957,447.4295704524669
0.9273884235835558,0.0,0.0,0.0,-0.5799455410393648,0.0,3.842390918322347,3.028482348965957,444.8355762469501
0.9275700019641785,0.0,0.0,0.0,-0.5812727906640169,0.0,3.8482243315538085,3.0280823489659565,442.25277167541304
0.9277515376884559,0.0,0.0,0.0,-0.5826032544394355,0.0,3.8540853569288274,3.0276823489659574,439.681133561478
0.9279330299195577,0.0,0.0,0.0,-0.5839369580853611,0.0,3.8599741408493546,3.0272823489659575,437.1206388562895
0.9281144778043215,0.0,0.0,0.0,-0.5852739274332173,0.0,3.8658908299373596,3.026882348965957,434.5712646403663
0.9282958804730975,0.0,0.0,0.0,-0.5866141884258719,0.0,3.871835571015814,3.0264823489659562,432.03298812563065
0.9284772370396039,0.0,0.0,0.0,-0.5879577671174127,0.0,3.877808511089372,3.0260823489659576,429.5057866570398
0.9286585466007679,0.0,0.0,0.0,-0.589304689672821,0.0,3.883809797324017,3.025682348965957,426.98963771463747
0.9288398082365688,0.0,0.0,0.0,-0.590654982367612,0.0,3.8898395770262604,3.0252823489659573,424.4845189156284
0.9290210210098822,0.0,0.0,0.0,-0.5920086715874522,0.0,3.895897997621696,3.0248823489659573,421.9904080160526
0.9292021839663228,0.0,0.0,0.0,-0.5933657838277294,0.0,3.9019852066329235,3.0244823489659574,419.50728291283735
0.92938329613408,0.0,0.0,0.0,-0.5947263456930449,0.0,3.908101351656643,3.0240823489659574,417.03512164590774
0.9295643565237566,0.0,0.0,0.0,-0.5960903838966826,0.0,3.914246580340146,3.0236823489659574,414.57390240002314
0.9297453641282056,0.0,0.0,0.0,-0.5974579252600258,0.0,3.920421040357145,3.023282348965958,412.1236035068189
0.9299263179223645,0.0,0.0,0.0,-0.5988289967119169,0.0,3.9266248793827683,3.0228823489659575,409.6842034468392
0.9301072168630874,0.0,0.0,0.0,-0.600203625287964,0.0,3.9328582450678957,3.022482348965957,407.25568085155214
0.9302880598889772,0.0,0.0,0.0,-0.601581838129792,0.0,3.9391212850126776,3.0220823489659576,404.8380145054065
0.9304688459202126,0.0,0.0,0.0,-0.6029636624842322,0.0,3.945414146739248,3.0216823489659577,402.43118334793326
0.9306495738583824,0.0,0.0,0.0,-0.604349125702492,0.0,3.951736977663928,3.021282348965957,400.03516647568983
0.9308302425863049,0.0,0.0,0.0,-0.6057382552391894,0.0,3.958089925068096,3.0208823489659578,397.64994314440264
0.9310108509678597,0.0,0.0,0.0,-0.6071310786514185,0.0,3.964473136068838,3.020482348965958,395.2754927710214
0.9311913978478068,0.0,0.0,0.0,-0.6085276235976688,0.0,3.970886757588233,3.0200823489659565,392.911794936046
0.9313718820516111,0.0,0.0,0.0,-0.6099279178367343,0.0,3.977330936322149,3.0196823489659574,390.55882938516834
0.931552302385265,0.0,0.0,0.0,-0.6113319892265494,0.0,3.9838058187080305,3.0192823489659584,388.2165760317581
0.9317326576351056,0.0,0.0,0.0,-0.6127398657229359,0.0,3.990311550891799,3.018882348965958,385.8850149588628
0.9319129465676331,0.0,0.0,0.0,-0.6141515753782854,0.0,3.9968482786937694,3.018482348965958,383.5641264214197
0.9320931679293311,0.0,0.0,0.0,-0.6155671463402015,0.0,4.0034161475738905,3.018082348965957,381.2538908480392
0.9322733204464759,0.0,0.0,0.0,-0.6169866068500093,0.0,4.0100153025956695,3.017682348965958,378.9542888437679
0.932453402824963,0.0,0.0,0.0,-0.6184099852412928,0.0,4.016645888389727,3.0172823489659577,376.6653011914399
0.9326334137501061,0.0,0.0,0.0,-0.6198373099382032,0.0,4.023308049115554,3.0168823489659577,374.38690885454866
0.9328133518864593,0.0,0.0,0.0,-0.6212686094538354,0.0,4.030001928423049,3.016482348965958,372.1190929789012
0.9329932158776262,0.0,0.0,0.0,-0.6227039123884489,0.0,4.036727669412667,3.016082348965959,369.8618348948976
0.9331730043460693,0.0,0.0,0.0,-0.6241432474276188,0.0,4.043485414594601,3.0156823489659583,367.6151161197805
0.9333527158929197,0.0,0.0,0.0,-0.6255866433402988,0.0,4.0502753058469025,3.015282348965958,365.378918359482
0.9335323490977825,0.0,0.0,0.0,-0.627034128976792,0.0,4.057097484372495,3.0148823489659584,363.1532235111996
0.9337119025185526,0.0,0.0,0.0,-0.6284857332666923,0.0,4.063952090655482,3.014482348965959,360.9380136648573
0.9338913746912116,0.0,0.0,0.0,-0.6299414852166252,0.0,4.070839264415697,3.014082348965959,358.73327110595653
0.9340707641296375,0.0,0.0,0.0,-0.6314014139079818,0.0,4.077759144562642,3.0136823489659585,356.5389783172309
0.9342500693254138,0.0,0.0,0.0,-0.632865548494554,0.0,4.084711869148292,3.013282348965959,354.35511798063965
0.934429288747627,0.0,0.0,0.0,-0.6343339182000116,0.0,4.091697575318396,3.0128823489659586,352.1816729799032
0.9346084208426768,0.0,0.0,0.0,-0.6358065523153521,0.0,4.0987163992629965,3.0124823489659587,350.0186264021371
0.9347874640340754,0.0,0.0,0.0,-0.6372834801961885,0.0,4.105768476165472,3.012082348965959,347.8659615401582
0.9349664167222514,0.0,0.0,0.0,-0.6387647312599702,0.0,4.112853940150547,3.0116823489659583,345.7236618944404
0.9351452772843558,0.0,0.0,0.0,-0.6402503349830985,0.0,4.119972924231123,3.011282348965959,343.5917111750115
0.9353240440740596,0.0,0.0,0.0,-0.641740320897897,0.0,4.127125560253663,3.0108823489659584,341.4700933037376
0.9355027154213599,0.0,0.0,0.0,-0.6432347185895124,0.0,4.134311978842533,3.0104823489659585,339.3587924159673
0.9356812896323814,0.0,0.0,0.0,-0.6447335576926816,0.0,4.141532309343003,3.0100823489659585,337.2577928626472
0.9358597649891761,0.0,0.0,0.0,-0.6462368678883647,0.0,4.148786679762842,3.0096823489659585,335.16707921227555
0.9360381397495292,0.0,0.0,0.0,-0.6477446789003022,0.0,4.156075216712863,3.0092823489659586,333.0866362527279
0.9362164121467623,0.0,0.0,0.0,-0.6492570204914321,0.0,4.163398045346023,3.0088823489659595,331.016448993032
0.9363945803895326,0.0,0.0,0.0,-0.6507739224601511,0.0,4.170755289295042,3.0084823489659596,328.9565026653639
0.9365726426616386,0.0,0.0,0.0,-0.6522954146364929,0.0,4.1781470706088975,3.0080823489659587,326.90678272668515
0.9367505971218256,0.0,0.0,0.0,-0.6538215268781673,0.0,4.185573509687926,3.0076823489659588,324.86727486061045
0.9369284419035869,0.0,0.0,0.0,-0.6553522890664458,0.0,4.193034725217363,3.007282348965959,322.8379649789364
0.9371061751149743,0.0,0.0,0.0,-0.6568877311019542,0.0,4.200530834099839,3.0068823489659584,320.8188392234465
0.9372837948383994,0.0,0.0,0.0,-0.658427882900274,0.0,4.208061951386012,3.00648234896596,318.8098839675371
0.9374612991304463,0.0,0.0,0.0,-0.659972774387469,0.0,4.2156281902042885,3.006082348965959,316.81108581769297
0.9376386860216762,0.0,0.0,0.0,-0.6615224354954014,0.0,4.223229661688673,3.0056823489659594,314.8224316150885
0.9378159535164398,0.0,0.0,0.0,-0.6630768961569568,0.0,4.230866474905433,3.0052823489659595,312.8439084368001
0.9379930995926903,0.0,0.0,0.0,-0.6646361863011103,0.0,4.238538736778356,3.00488234896596,310.87550359749355
0.9381701222017935,0.0,0.0,0.0,-0.6662003358478131,0.0,4.246246552012278,3.00448234896596,308.9172046507689
0.9383470192683465,0.0,0.0,0.0,-0.6677693747027674,0.0,4.253990023015469,3.00408234896596,306.96899939011826
0.9385237886899939,0.0,0.0,0.0,-0.6693433327520297,0.0,4.2617692498203095,3.003682348965959,305.0308758503453
0.9387004283372464,0.0,0.0,0.0,-0.6709222398564382,0.0,4.269584330002581,3.00328234896596,303.1028223086857
0.9388769360533052,0.0,0.0,0.0,-0.672506125845921,0.0,4.277435358599296,3.0028823489659597,301.18482728575555
0.9390533096538844,0.0,0.0,0.0,-0.6740950205135999,0.0,4.285322428024931,3.0024823489659602,299.2768795466144
0.9392295469270378,0.0,0.0,0.0,-0.6756889536097442,0.0,4.2932456279862095,3.0020823489659603,297.378968101792
0.9394056456329916,0.0,0.0,0.0,-0.6772879548355776,0.0,4.301205045395471,3.00168234896596,295.49108220775975
0.9395816035039808,0.0,0.0,0.0,-0.6788920538369152,0.0,4.309200764282614,3.0012823489659595,293.6132113675639
0.9397574182440737,0.0,0.0,0.0,-0.6805012801975213,0.0,4.317232865704832,3.000882348965958,291.74534533227427
0.9399330875290275,0.0,0.0,0.0,-0.6821156634324894,0.0,4.325301427656057,3.000482348965961,289.8874741004082
0.9401086090061244,0.0,0.0,0.0,-0.6837352329812799,0.0,4.333406524973941,3.000082348965961,288.03958791915386
0.9402839802940209,0.0,0.0,0.0,-0.6853600182006351,0.0,4.341548229245618,2.9996823489659596,286.20167728440356
0.9404591989826029,0.0,0.0,0.0,-0.6869900483573245,0.0,4.349726608712128,2.9992823489659592,284.3737329406291
0.94063426263284,0.0,0.0,0.0,-0.6886253526206788,0.0,4.357941728171132,2.9988823489659606,282.5557458815432
0.9408091687766484,0.0,0.0,0.0,-0.6902659600549527,0.0,4.366193648878292,2.9984823489659598,280.7477073500087
0.9409839149167621,0.0,0.0,0.0,-0.6919118996115202,0.0,4.374482428447238,2.9980823489659603,278.9496088372499
0.9411584985265965,0.0,0.0,0.0,-0.693563200120795,0.0,4.38280812074776,2.9976823489659603,277.16144208349476
0.9413329170501394,0.0,0.0,0.0,-0.6952198902841155,0.0,4.391170775803198,2.9972823489659595,275.38319907672076
0.9415071679018232,0.0,0.0,0.0,-0.6968819986652398,0.0,4.399570439685586,2.9968823489659604,273.614872052692
0.941681248466422,0.0,0.0,0.0,-0.6985495536818062,0.0,4.40800715441009,2.996482348965961,271.85645349416245
0.9418551560989443,0.0,0.0,0.0,-0.7002225835964915,0.0,4.416480957827557,2.99608234896596,270.1079361297957
0.942028888124542,0.0,0.0,0.0,-0.701901116508052,0.0,4.424991883516225,2.9956823489659605,268.36931293348255
0.9422024418384173,0.0,0.0,0.0,-0.7035851803420993,0.0,4.433539960671613,2.9952823489659606,266.6405771230719
0.9423758145057425,0.0,0.0,0.0,-0.7052748028416994,0.0,4.442125213995386,2.994882348965961,264.9217221589548
0.9425490033615812,0.0,0.0,0.0,-0.7069700115577324,0.0,4.450747663582576,2.994482348965961,263.21274174320195
0.9427220056108344,0.0,0.0,0.0,-0.7086708338391707,0.0,4.459407324808435,2.9940823489659616,261.5136298169749
0.9428948184281712,0.0,0.0,0.0,-0.7103772968229707,0.0,4.468104208212896,2.993682348965961,259.82438055967395
0.9430674389579835,0.0,0.0,0.0,-0.712089427423867,0.0,4.476838319384591,2.9932823489659612,258.14498838633995
0.9432398643143515,0.0,0.0,0.0,-0.7138072523239878,0.0,4.4856096588438,2.99288234896596,256.4754479460413
0.9434120915810064,0.0,0.0,0.0,-0.7155307979621465,0.0,4.494418221923798,2.9924823489659604,254.81575411896006
0.9435841178113193,0.0,0.0,0.0,-0.7172600905230747,0.0,4.50326399865184,2.9920823489659614,253.16590201434025
0.9437559400282839,0.0,0.0,0.0,-0.7189951559262963,0.0,4.512146973628372,2.9916823489659623,251.52588696735438
0.9439275552245225,0.0,0.0,0.0,-0.7207360198149135,0.0,4.521067125906038,2.991282348965961,249.8957045369184
0.9440989603622963,0.0,0.0,0.0,-0.7224827075441098,0.0,4.530024428867295,2.9908823489659606,248.27535050153597
0.9442701523735317,0.0,0.0,0.0,-0.7242352441695046,0.0,4.539018850101557,2.990482348965961,246.66482085666422
0.944441128159851,0.0,0.0,0.0,-0.7259936544352256,0.0,4.548050351281213,2.9900823489659616,245.0641118112237
0.9446118845926246,0.0,0.0,0.0,-0.7277579627618551,0.0,4.5571188880372615,2.989682348965961,243.47321978350203
0.9447824185130321,0.0,0.0,0.0,-0.7295281932341456,0.0,4.566224409834346,2.9892823489659617,241.89214139719888
0.9449527267321353,0.0,0.0,0.0,-0.7313043695885137,0.0,4.575366859845029,2.9888823489659617,240.32087347734506
0.9451228060309653,0.0,0.0,0.0,-0.7330865152003506,0.0,4.584546174823691,2.9884823489659613,238.75941304609773
0.945292653160624,0.0,0.0,0.0,-0.7348746530711203,0.0,4.593762284980002,2.9880823489659614,237.20775731731277
0.9454622648424006,0.0,0.0,0.0,-0.7366688058152833,0.0,4.60301511385223,2.9876823489659605,235.6659036926028
0.9456316377679046,0.0,0.0,0.0,-0.7384689956470304,0.0,4.612304578180286,2.9872823489659623,234.1338497553907
0.9458007685992081,0.0,0.0,0.0,-0.7402752443667795,0.0,4.621630587778472,2.9868823489659615,232.61159326604064
0.945969653969019,0.0,0.0,0.0,-0.7420875733476092,0.0,4.630993045408901,2.9864823489659607,231.0991321554564
0.9461382904808374,0.0,0.0,0.0,-0.7439060035212253,0.0,4.64039184665326,2.9860823489659625,229.59646452052715
0.9463066747091771,0.0,0.0,0.0,-0.7457305553641784,0.0,4.64982687978745,2.9856823489659625,228.1035886166752
0.9464748031997555,0.0,0.0,0.0,-0.7475612488834606,0.0,4.659298025653718,2.9852823489659626,226.62050285211006
0.9466426724697466,0.0,0.0,0.0,-0.7493981036023515,0.0,4.668805157535886,2.9848823489659617,225.14720578068375
0.9468102790080064,0.0,0.0,0.0,-0.7512411385456772,0.0,4.6783481410324175,2.9844823489659618,223.6836960955327
0.9469776192753588,0.0,0.0,0.0,-0.7530903722253034,0.0,4.687926833932592,2.9840823489659627,222.22997262112557
0.9471446897048655,0.0,0.0,0.0,-0.7549458226251358,0.0,4.697541086091482,2.9836823489659627,220.78603430698803
0.9473114867021437,0.0,0.0,0.0,-0.7568075071862499,0.0,4.707190739307331,2.983282348965962,219.35188021868663
0.9474780066456889,0.0,0.0,0.0,-0.7586754427917356,0.0,4.716875627199319,2.982882348965961,217.92750953040303
0.947644245887213,0.0,0.0,0.0,-0.7605496457513563,0.0,4.72659557508615,2.982482348965963,216.51292151672504
0.9478102007520263,0.0,0.0,0.0,-0.7624301317863169,0.0,4.736350399867261,2.982082348965963,215.10811554364716
0.9479758675394087,0.0,0.0,0.0,-0.7643169160135805,0.0,4.746139909903669,2.981682348965963,213.71309106036728
0.9481412425230269,0.0,0.0,0.0,-0.7662100129303329,0.0,4.755963904902003,2.981282348965963,212.32784758988396
0.9483063219513749,0.0,0.0,0.0,-0.7681094363983446,0.0,4.765822175800212,2.980882348965963,210.95238471922158
0.9484711020482115,0.0,0.0,0.0,-0.770015199627999,0.0,4.775714504653866,2.980482348965964,209.58670209074148
0.9486355790130504,0.0,0.0,0.0,-0.7719273151625214,0.0,4.78564066452624,2.980082348965963,208.23079939113154
0.9487997490216588,0.0,0.0,0.0,-0.7738457948619989,0.0,4.795600419379849,2.9796823489659627,206.8846763416617
0.9489636082265784,0.0,0.0,0.0,-0.77577064988732,0.0,4.805593523970378,2.9792823489659632,205.54833268829128
0.9491271527576791,0.0,0.0,0.0,-0.7777018906841486,0.0,4.815619723743749,2.978882348965963,204.22176818988078
0.9492903787227284,0.0,0.0,0.0,-0.7796395269667794,0.0,4.825678754735384,2.9784823489659633,202.90498260794834
0.9494532822079956,0.0,0.0,0.0,-0.7815835677020639,0.0,4.835770343473288,2.978082348965964,201.59797569528416
0.9496158592788649,0.0,0.0,0.0,-0.7835340210931506,0.0,4.845894206883036,2.9776823489659634,200.30074718445417
0.9497781059805,0.0,0.0,0.0,-0.7854908945635036,0.0,4.856050052197944,2.977282348965963,199.0132967754294
0.9499400183385056,0.0,0.0,0.0,-0.78745419474063,0.0,4.866237576870994,2.976882348965964,197.73562412459495
0.9501015923596342,0.0,0.0,0.0,-0.7894239274400375,0.0,4.876456468491568,2.9764823489659653,196.46772883164635
0.9502628240325175,0.0,0.0,0.0,-0.7914000976492148,0.0,4.886706404706162,2.9760823489659636,195.209610427668
0.9504237093284114,0.0,0.0,0.0,-0.7933827095115272,0.0,4.896987053142392,2.9756823489659645,193.9612683618414
0.9505842442019862,0.0,0.0,0.0,-0.7953717663103966,0.0,4.907298071338483,2.9752823489659646,192.7227019892182
0.9507444245921312,0.0,0.0,0.0,-0.7973672704534149,0.0,4.91763910667652,2.974882348965965,191.49391055664165
0.9509042464227884,0.0,0.0,0.0,-0.7993692234566026,0.0,4.92800979632058,2.974482348965966,190.27489319015592
0.951063705603821,0.0,0.0,0.0,-0.8013776259288623,0.0,4.9384097671603335,2.9740823489659642,189.06564888099746
0.9512227980318969,0.0,0.0,0.0,-0.8033924775564304,0.0,4.9488386357588725,2.9736823489659656,187.8661764718653
0.9513815195914114,0.0,0.0,0.0,-0.8054137770876365,0.0,4.959296008306796,2.9732823489659648,186.6764746429007
0.9515398661554303,0.0,0.0,0.0,-0.8074415223177348,0.0,4.9697814805813465,2.9728823489659644,185.49654189784547
0.9516978335866647,0.0,0.0,0.0,-0.8094757100739892,0.0,4.9802946379114434,2.972482348965967,184.3263765491285
0.9518554177384707,0.0,0.0,0.0,-0.8115163362009497,0.0,4.9908350551488,2.9720823489659653,183.1659767042512
0.9520126144558764,0.0,0.0,0.0,-0.8135633955459363,0.0,5.001402296644833,2.971682348965966,182.01534025024296
0.9521694195766386,0.0,0.0,0.0,-0.8156168819448285,0.0,5.011995916234395,2.971282348965966,180.87446483928136
0.952325828932325,0.0,0.0,0.0,-0.8176767882080859,0.0,5.0226154572256645,2.970882348965966,179.74334787481558
0.9524818383494246,0.0,0.0,0.0,-0.8197431061070869,0.0,5.033260452397098,2.970482348965966,178.62198649456917
0.9526374436504853,0.0,0.0,0.0,-0.8218158263607787,0.0,5.0439304240011555,2.970082348965966,177.51037755702964
0.9527926406552751,0.0,0.0,0.0,-0.8238949386226256,0.0,5.05462488377503,2.9696823489659674,176.40851762603916
0.9529474251819736,0.0,0.0,0.0,-0.8259804314679631,0.0,5.065343332958852,2.9692823489659665,175.3164029552093
0.9531017930483826,0.0,0.0,0.0,-0.8280722923816375,0.0,5.076085262320971,2.968882348965968,174.23402947290953
0.9532557400731726,0.0,0.0,0.0,-0.8301705077461756,0.0,5.086850152191598,2.968482348965969,173.16139276758946
0.9534092620771538,0.0,0.0,0.0,-0.8322750628303555,0.0,5.097637472504076,2.9680823489659676,172.09848807062502
0.9535623548845504,0.0,0.0,0.0,-0.8343859417779593,0.0,5.108446682842698,2.967682348965969,171.04531024319675
0.9537150143243295,0.0,0.0,0.0,-0.8365031275973666,0.0,5.11927723250081,2.967282348965969,170.00185376010234
0.9538672362315376,0.0,0.0,0.0,-0.8386266021514198,0.0,5.130128560545955,2.966882348965969,168.96811269386086
0.9540190164486518,0.0,0.0,0.0,-0.8407563461476996,0.0,5.141000095892756,2.96648234896597,167.9440807006377
0.9541703508269804,0.0,0.0,0.0,-0.8428923391296594,0.0,5.1518912573863584,2.966082348965969,166.92975100461388
0.954321235228046,0.0,0.0,0.0,-0.8450345594678161,0.0,5.162801453891742,2.96568234896597,165.9251163831472
0.9544716655250279,0.0,0.0,0.0,-0.847182984351994,0.0,5.173730084394194,2.96528234896597,164.9301691513308
0.9546216376042035,0.0,0.0,0.0,-0.8493375897838837,0.0,5.184676538107548,2.96488234896597,163.94490114679007
0.9547711473663999,0.0,0.0,0.0,-0.8514983505701043,0.0,5.195640194590292,2.96448234896597,162.96930371819178
0.9549201907284918,0.0,0.0,0.0,-0.8536652403162404,0.0,5.2066204238729625,2.964082348965971,162.00336770596664
0.9550687636248931,0.0,0.0,0.0,-0.8558382314212404,0.0,5.217616586592708,2.9636823489659707,161.04708343171603
0.9552168620090642,0.0,0.0,0.0,-0.8580172950724491,0.0,5.22862803413693,2.963282348965973,160.10044068240126
0.9553644818550568,0.0,0.0,0.0,-0.8602024012416496,0.0,5.2396541087977475,2.962882348965972,159.16342869684706
0.9555116191590386,0.0,0.0,0.0,-0.8623935186813216,0.0,5.2506941439331,2.962482348965974,158.2360361530292
0.9556582699408632,0.0,0.0,0.0,-0.8645906149220901,0.0,5.261747464139307,2.9620823489659713,157.31825115297494
0.9558044302456286,0.0,0.0,0.0,-0.8667936562705575,0.0,5.272813385431114,2.961682348965975,156.41006121067807
0.9559500961452524,0.0,0.0,0.0,-0.8690026078080304,0.0,5.283891215431444,2.961282348965973,155.5114532406294
0.9560952637400568,0.0,0.0,0.0,-0.8712174333899607,0.0,5.294980253570085,2.9608823489659737,154.6224135422765
0.956239929160366,0.0,0.0,0.0,-0.8734380956462909,0.0,5.30607979129195,2.960482348965976,153.7429277911208
0.9563840885681023,0.0,0.0,0.0,-0.8756645559824622,0.0,5.317189112273823,2.9600823489659756,152.8729810244679
0.956527738158372,0.0,0.0,0.0,-0.8778967745810313,0.0,5.3283074926485146,2.959682348965976,152.01255763280585
0.9566708741610946,0.0,0.0,0.0,-0.880134710404662,0.0,5.339434201241304,2.959282348965977,151.16164134603008
0.9568134928425889,0.0,0.0,0.0,-0.882378321199324,0.0,5.35056849981126,2.9588823489659775,150.32021522457717
0.9569555905071867,0.0,0.0,0.0,-0.88462756349872,0.0,5.361709643303394,2.958482348965977,149.48826164942665
0.9570971634988341,0.0,0.0,0.0,-0.8868823926293956,0.0,5.372856880108413,2.958082348965977,148.6657623116797
0.9572382082026885,0.0,0.0,0.0,-0.8891427627166986,0.0,5.3840094523304565,2.95768234896598,147.8526982041975
0.9573787210467156,0.0,0.0,0.0,-0.8914086266916729,0.0,5.395166596063376,2.9572823489659807,147.04904961304823
0.9575186985032784,0.0,0.0,0.0,-0.8936799362987714,0.0,5.4063275416747745,2.956882348965981,146.2547961072401
0.9576581370907041,0.0,0.0,0.0,-0.8959566421042672,0.0,5.417491514096306,2.956482348965981,145.46991653520422
0.9577970333748691,0.0,0.0,0.0,-0.898238693505926,0.0,5.428657733124147,2.9560823489659827,144.6943890136797
0.957935383970744,0.0,0.0,0.0,-0.9005260387431474,0.0,5.439825413723747,2.955682348965982,143.92819092348032
0.9580731855439311,0.0,0.0,0.0,-0.9028186249080535,0.0,5.450993766342436,2.9552823489659836,143.17129890275055
0.9582104348122077,0.0,0.0,0.0,-0.9051163979577753,0.0,5.462161997230127,2.9548823489659823,142.4236888419203
0.9583471285470119,0.0,0.0,0.0,-0.9074193027269827,0.0,5.473329308763057,2.9544823489659837,141.68533587958586
0.9584832635749502,0.0,0.0,0.0,-0.9097272829419069,0.0,5.484494899776907,2.954082348965986,140.9562143957703
0.9586188367792601,0.0,0.0,0.0,-0.9120402812348399,0.0,5.49565796590365,2.953682348965985,140.23629801245272
0.9587538451012524,0.0,0.0,0.0,-0.9143582391595054,0.0,5.506817699913872,2.9532823489659865,139.5255595860611
0.9588882855417366,0.0,0.0,0.0,-0.9166810972073993,0.0,5.517973292064672,2.9528823489659874,138.82397120830984
0.9590221551624111,0.0,0.0,0.0,-0.9190087948248011,0.0,5.529123930451494,2.952482348965988,138.1315042050063
0.9591554510872393,0.0,0.0,0.0,-0.9213412704308163,0.0,5.54026880136545,2.9520823489659884,137.4481291306261
0.9592881705037752,0.0,0.0,0.0,-0.9236784614358936,0.0,5.551407089652361,2.951682348965989,136.77381577448858
0.9594203106644801,0.0,0.0,0.0,-0.9260203042614795,0.0,5.562537979077829,2.951282348965992,136.10853315351022
0.9595518688879888,0.0,0.0,0.0,-0.928366734360175,0.0,5.57366065269325,2.9508823489659926,135.4522495209058
0.9596828425603472,0.0,0.0,0.0,-0.9307176862367057,0.0,5.584774293205148,2.9504823489659944,134.80493236181854
0.9598132291362272,0.0,0.0,0.0,-0.9330730934698904,0.0,5.595878083348308,2.9500823489659944,134.1665483971721
0.9599430261400757,0.0,0.0,0.0,-0.935432888734823,0.0,5.6069712062575725,2.949682348965993,133.5370635876887
0.9600722311672478,0.0,0.0,0.0,-0.9377970038261594,0.0,5.618052845843648,2.9492823489659954,132.91644313734508
0.960200841885097,0.0,0.0,0.0,-0.9401653696820161,0.0,5.629122187169222,2.948882348965996,132.3046514954048
0.9603288560340062,0.0,0.0,0.0,-0.9425379164082396,0.0,5.64017841682427,2.948482348965999,131.70165236437896
0.960456271428402,0.0,0.0,0.0,-0.9449145733037463,0.0,5.651220723303621,2.9480823489659986,131.1074087022784
0.9605830859576964,0.0,0.0,0.0,-0.9472952688859737,0.0,5.662248297381751,2.947682348965999,130.5218827318506
0.9607092975872152,0.0,0.0,0.0,-0.9496799309174686,0.0,5.673260332489363,2.9472823489660014,129.94503594518875
0.9608349043590408,0.0,0.0,0.0,-0.95206848643235,0.0,5.684256025085425,2.946882348966002,129.37682911064985
0.9609599043928416,0.0,0.0,0.0,-0.9544608617638805,0.0,5.695234575030434,2.9464823489660033,128.81722228182008
0.961084295886634,0.0,0.0,0.0,-0.9568569825722094,0.0,5.706195185955833,2.946082348966002,128.2661748093457
0.9612080771174987,0.0,0.0,0.0,-0.9592567738726298,0.0,5.7171370656310705,2.9456823489660033,127.72364534224502
0.9613312464422442,0.0,0.0,0.0,-0.9616601600642456,0.0,5.728059426327442,2.945282348966005,127.18959184594587
0.9614538022980326,0.0,0.0,0.0,-0.9640670649592489,0.0,5.738961485179527,2.944882348966008,126.66397160609341
0.9615757432029319,0.0,0.0,0.0,-0.9664774118122113,0.0,5.749842464540985,2.9444823489660084,126.14674124365604
0.9616970677564215,0.0,0.0,0.0,-0.9688911233497679,0.0,5.760701592336036,2.944082348966008,125.6378567245317
0.9618177746398684,0.0,0.0,0.0,-0.9713081218010694,0.0,5.771538102408853,2.9436823489660093,125.13727337160788
0.9619378626168973,0.0,0.0,0.0,-0.9737283289275191,0.0,5.782351234862406,2.9432823489660107,124.64494587928112
0.9620573305337826,0.0,0.0,0.0,-0.9761516660541378,0.0,5.793140236399187,2.9428823489660108,124.16082832037057
0.9621761773197023,0.0,0.0,0.0,-0.9785780540995747,0.0,5.8039043606477945,2.9424823489660126,123.68487416777762
0.9622944019870022,0.0,0.0,0.0,-0.9810074136074891,0.0,5.814642868489212,2.942082348966013,123.21703630146627
0.9624120036313721,0.0,0.0,0.0,-0.9834396647774183,0.0,5.825355028373623,2.9416823489660158,122.75726702530895
0.9625289814319791,0.0,0.0,0.0,-0.9858747274959764,0.0,5.8360401166305795,2.941282348966017,122.30551808396771
0.9626453346515372,0.0,0.0,0.0,-0.9883125213679251,0.0,5.8466974177714475,2.9408823489660176,121.86174067388768
0.9627610626363394,0.0,0.0,0.0,-0.990752965747581,0.0,5.857326224785386,2.9404823489660177,121.42588546091781
0.9628761648162113,0.0,0.0,0.0,-0.9931959797697684,0.0,5.8679258394251805,2.940082348966021,120.99790259638328
0.9629906407044432,0.0,0.0,0.0,-0.9956414823813374,0.0,5.878495572487514,2.939682348966022,120.57774173207054
0.9631044898976215,0.0,0.0,0.0,-0.9980893923716853,0.0,5.88903474408025,2.939282348966023,120.16535203680078
0.9632177120754674,0.0,0.0,0.0,-1.000539628404339,0.0,5.899542683886882,2.938882348966024,119.76068221401931
0.9633303070005496,0.0,0.0,0.0,-1.0029921090469707,0.0,5.910018731414272,2.938482348966026,119.36368052101011
0.9634422745180414,0.0,0.0,0.0,-1.0054467528031135,0.0,5.920462236240589,2.9380823489660273,118.97429477724236
0.9635536145553163,0.0,0.0,0.0,-1.0079034781414873,0.0,5.930872558243152,2.937682348966029,118.59247239259349
0.9636643271215765,0.0,0.0,0.0,-1.0103622035267552,0.0,5.941249067824383,2.937282348966029,118.21816037999687
0.9637744123074024,0.0,0.0,0.0,-1.0128228474494085,0.0,5.951591146124828,2.9368823489660274,117.8513053729987
0.9638838702842506,0.0,0.0,0.0,-1.0152853284552992,0.0,5.961898185226338,2.936482348966032,117.49185364018356
0.9639927013038931,0.0,0.0,0.0,-1.0177495651746284,0.0,5.9721695883435295,2.9360823489660293,117.13975111497146
0.9641009056978497,0.0,0.0,0.0,-1.020215476351366,0.0,5.98240477000888,2.935682348966032,116.79494339894265
0.964208483876732,0.0,0.0,0.0,-1.022682980871462,0.0,5.9926031562433355,2.9352823489660356,116.45737579244133
0.9643154363295564,0.0,0.0,0.0,-1.0251519977908687,0.0,6.00276418471776,2.934882348966033,116.12699330538456
0.964421763623044,0.0,0.0,0.0,-1.0276224463637924,0.0,6.012887304906401,2.9344823489660374,115.80374067553075
0.9645274664008165,0.0,0.0,0.0,-1.0300942460692029,0.0,6.022971978224491,2.9340823489660384,115.48756239444813
0.9646325453826023,0.0,0.0,0.0,-1.0325673166378888,0.0,6.033017678159102,2.9336823489660384,115.17840271739342
0.964737001363391,0.0,0.0,0.0,-1.0350415780788065,0.0,6.04302389038922,2.9332823489660367,114.87620568644132
0.9648408352125498,0.0,0.0,0.0,-1.037516950704883,0.0,6.0529901128946335,2.932882348966041,114.58091514380754
0.9649440478728812,0.0,0.0,0.0,-1.0399933551578138,0.0,6.062915856052132,2.9324823489660385,114.29247475934673
0.9650466403596771,0.0,0.0,0.0,-1.0424707124329609,0.0,6.072800642724292,2.932082348966043,114.01082803534783
0.9651486137597216,0.0,0.0,0.0,-1.0449489439033413,0.0,6.082644008336292,2.931682348966043,113.73591834048455
0.965249969230268,0.0,0.0,0.0,-1.0474279713431223,0.0,6.092445500942497,2.931282348966043,113.46768891532884
0.9653507079979877,0.0,0.0,0.0,-1.0499077169506044,0.0,6.102204681283396,2.930882348966045,113.20608289081454
0.9654508313578559,0.0,0.0,0.0,-1.0523881033697933,0.0,6.111921122828882,2.9304823489660476,112.95104331854279
0.9655503406720871,0.0,0.0,0.0,-1.0548690537131284,0.0,6.121594411818975,2.9300823489660446,112.70251317114605
0.9656492373689524,0.0,0.0,0.0,-1.057350491581445,0.0,6.131224147285546,2.9296823489660433,112.46043536825431
0.9657475229416282,0.0,0.0,0.0,-1.0598323410845887,0.0,6.140809941070042,2.9292823489660442,112.22475279580519
0.9658451989470228,0.0,0.0,0.0,-1.062314526861373,0.0,6.15035141783113,2.928882348966047,111.99540831956719
0.9659422670045531,0.0,0.0,0.0,-1.0647969740982441,0.0,6.159848215040887,2.928482348966047,111.77234480158032
0.9660387287949165,0.0,0.0,0.0,-1.0672796085475855,0.0,6.169299982972017,2.928082348966048,111.55550511364814
0.9661345860588424,0.0,0.0,0.0,-1.069762356545322,0.0,6.178706384677151,2.927682348966047,111.34483216526112
0.9662298405958474,0.0,0.0,0.0,-1.0722451450283217,0.0,6.188067095960251,2.927282348966049,111.14026890266675
0.9663244942629255,0.0,0.0,0.0,-1.074727901549935,0.0,6.197381805334846,2.9268823489660534,110.94175833656925
0.9664185489732787,0.0,0.0,0.0,-1.0772105542961328,0.0,6.206650213979176,2.9264823489660494,110.7492435574176
0.9665120066950089,0.0,0.0,0.0,-1.0796930321003304,0.0,6.215872035680449,2.926082348966051,110.56266774248152
0.9666048694497826,0.0,0.0,0.0,-1.0821752644571263,0.0,6.2250469967694935,2.925682348966055,110.38197417567986
0.9666971393115356,0.0,0.0,0.0,-1.0846571815365538,0.0,6.234174836052601,2.925282348966055,110.20710626228404
0.9667888184051164,0.0,0.0,0.0,-1.087138714196345,0.0,6.243255304730438,2.9248823489660563,110.03800754250048
0.9668799089049569,0.0,0.0,0.0,-1.0896197939943328,0.0,6.252288166313335,2.9244823489660527,109.87462170547329
0.9669704130337264,0.0,0.0,0.0,-1.0921003531999087,0.0,6.261273196528112,2.924082348966053,109.71689259934408
0.9670603330609837,0.0,0.0,0.0,-1.0945803248048391,0.0,6.270210183218587,2.9236823489660555,109.56476424801667
0.9671496713018208,0.0,0.0,0.0,-1.0970596425332788,0.0,6.279098926239038,2.9232823489660547,109.41818087200826
0.9672384301155323,0.0,0.0,0.0,-1.0995382408517864,0.0,6.287939237343989,2.922882348966052,109.27708687616735
0.9673266119042283,0.0,0.0,0.0,-1.1020160549772484,0.0,6.296730940066515,2.922482348966056,109.1414268913561
0.9674142191115287,0.0,0.0,0.0,-1.1044930208862414,0.0,6.305473869598895,2.9220823489660517,109.01114576173936
0.9675012542211671,0.0,0.0,0.0,-1.106969075321289,0.0,6.314167872658456,2.9216823489660566,108.88618857363949
0.9675877197556958,0.0,0.0,0.0,-1.1094441557991084,0.0,6.322812807358341,2.921282348966054,108.76650066193284
0.9676736182751119,0.0,0.0,0.0,-1.1119182006159671,0.0,6.331408543064573,2.9208823489660585,108.65202760947099
0.9677589523755454,0.0,0.0,0.0,-1.1143911488539842,0.0,6.3399549602546275,2.920482348966054,108.54271527667086
0.9678437246879255,0.0,0.0,0.0,-1.116862940385998,0.0,6.348451950368508,2.9200823489660586,108.43850978972645
0.967927937876668,0.0,0.0,0.0,-1.1193335158802868,0.0,6.356899415657219,2.9196823489660577,108.33935757276566
0.9680115946383662,0.0,0.0,0.0,-1.1218028168044825,0.0,6.365297269026739,2.9192823489660595,108.24520533781086
0.9680946977004866,0.0,0.0,0.0,-1.1242707854288538,0.0,6.373645433878268,2.9188823489660543,108.15600010874118
0.9681772498200923,0.0,0.0,0.0,-1.126737364829452,0.0,6.381943843946555,2.91848234896606,108.07168921612907
0.9682592537825625,0.0,0.0,0.0,-1.1292024988903575,0.0,6.390192443133957,2.9180823489660597,107.99222031485189
0.9683407124003298,0.0,0.0,0.0,-1.1316661323055017,0.0,6.398391185342032,2.9176823489660544,107.91754139269054
0.9684216285116343,0.0,0.0,0.0,-1.1341282105800958,0.0,6.406540034301014,2.9172823489660527,107.84760076575051
0.9685020049792804,0.0,0.0,0.0,-1.1365886800312797,0.0,6.414638963396117,2.9168823489660585,107.78234710319936
0.9685818446894188,0.0,0.0,0.0,-1.1390474877885581,0.0,6.422687955492513,2.916482348966056,107.72172941963413
0.9686611505503568,0.0,0.0,0.0,-1.1415045817941598,0.0,6.43068700276011,2.9160823489660546,107.66569708811787
0.9687399254913333,0.0,0.0,0.0,-1.1439599108014717,0.0,6.438636106491256,2.9156823489660573,107.6141998477577
0.9688181724613869,0.0,0.0,0.0,-1.1464134243752873,0.0,6.446535276925338,2.915282348966052,107.56718779495569
0.9688958944281653,0.0,0.0,0.0,-1.1488650728893601,0.0,6.454384533063827,2.914882348966054,107.52461141621603
0.9689730943768065,0.0,0.0,0.0,-1.1513148075252353,0.0,6.46218390249075,2.9144823489660516,107.4864215694108
0.9690497753088071,0.0,0.0,0.0,-1.1537625802697005,0.0,6.46993342118851,2.9140823489660557,107.45256950027553
0.9691259402409359,0.0,0.0,0.0,-1.1562083439127189,0.0,6.477633133356429,2.913682348966055,107.42300683220628
0.9692015922041207,0.0,0.0,0.0,-1.158652052043613,0.0,6.485283091224084,2.913282348966055,107.39768560226813
0.9692767342424102,0.0,0.0,0.0,-1.161093659048585,0.0,6.492883354870161,2.912882348966052,107.37655822777447
0.9693513694119152,0.0,0.0,0.0,-1.1635331201067047,0.0,6.500433992037371,2.9124823489660527,107.35957753334372
0.9694255007797926,0.0,0.0,0.0,-1.1659703911862849,0.0,6.507935077949812,2.9120823489660506,107.3466967440778
0.9694991314232203,0.0,0.0,0.0,-1.1684054290400585,0.0,6.515386695127708,2.9116823489660506,107.33786949314074
0.969572264428422,0.0,0.0,0.0,-1.1708381912009809,0.0,6.5227889332057085,2.9112823489660506,107.33304982697248
0.9696449028897073,0.0,0.0,0.0,-1.1732686359775983,0.0,6.530141888751376,2.910882348966047,107.3321922056343
0.9697170499085135,0.0,0.0,0.0,-1.1756967224485941,0.0,6.537445665082321,2.9104823489660516,107.33525149324439
0.969788708592484,0.0,0.0,0.0,-1.1781224104575678,0.0,6.544700372086391,2.9100823489660517,107.3421829793104
0.9698598820545666,0.0,0.0,0.0,-1.1805456606075542,0.0,6.551906126042666,2.9096823489660464,107.35294237480454
0.9699305734121151,0.0,0.0,0.0,-1.1829664342547666,0.0,6.5590630494409625,2.9092823489660464,107.3674857995228
0.9700007857860473,0.0,0.0,0.0,-1.1853846935032937,0.0,6.566171270808122,2.9088823489660487,107.3857698034547
0.970070522299987,0.0,0.0,0.0,-1.1878004011983847,0.0,6.573230924530187,2.9084823489660465,107.40775135287947
0.9701397860794262,0.0,0.0,0.0,-1.1902135209195472,0.0,6.580242150677376,2.9080823489660457,107.43338785093837
0.970208580250962,0.0,0.0,0.0,-1.1926240169752176,0.0,6.587205094834975,2.90768234896605,107.46263710337183
0.9702769079414805,0.0,0.0,0.0,-1.1950318543948821,0.0,6.594119907929639,2.9072823489660458,107.4954573490657
0.970344772277396,0.0,0.0,0.0,-1.1974369989221607,0.0,6.600986746060202,2.9068823489660485,107.53180726462375
0.9704121763839356,0.0,0.0,0.0,-1.1998394170085844,0.0,6.607805770333417,2.906482348966044,107.57164593299856
0.970479123384393,0.0,0.0,0.0,-1.2022390758055512,0.0,6.614577146695907,2.906082348966046,107.61493286472529
0.9705456163994337,0.0,0.0,0.0,-1.2046359431572045,0.0,6.621301045772047,2.9056823489660495,107.6616280016384
0.9706116585464254,0.0,0.0,0.0,-1.207029987593362,0.0,6.627977642704021,2.9052823489660424,107.71169169978754
0.9706772529387474,0.0,0.0,0.0,-1.2094211783209654,0.0,6.634607116989653,2.9048823489660416,107.7650847498349
0.9707424026851817,0.0,0.0,0.0,-1.21180948521755,0.0,6.641189652329569,2.9044823489660447,107.82176835208412
0.9708071108892803,0.0,0.0,0.0,-1.2141948788231602,0.0,6.647725436471524,2.9040823489660434,107.88170412868288
0.9708713806487336,0.0,0.0,0.0,-1.216577330331567,0.0,6.654214661055446,2.9036823489660373,107.94485413724652
0.9709352150548335,0.0,0.0,0.0,-1.2189568115839915,0.0,6.660657521468384,2.9032823489660426,108.01118083367882
0.9709986171918712,0.0,0.0,0.0,-1.221333295059929,0.0,6.667054216693732,2.9028823489660436,108.08064709679383
0.9710615901366016,0.0,0.0,0.0,-1.2237067538695308,0.0,6.673404949167301,2.902482348966041,108.15321623324672
0.9711241369577163,0.0,0.0,0.0,-1.2260771617456234,0.0,6.679709924634973,2.902082348966035,108.22885194750805
0.9711862607153277,0.0,0.0,0.0,-1.2284444930354772,0.0,6.68596935201247,2.901682348966034,108.30751836411272
0.9712479644604771,0.0,0.0,0.0,-1.2308087226927242,0.0,6.692183443247623,2.90128234896604,108.38918000842881
0.9713092512346619,0.0,0.0,0.0,-1.2331698262693442,0.0,6.698352413186068,2.900882348966033,108.47380182660154
0.9713701240693715,0.0,0.0,0.0,-1.2355277799073021,0.0,6.704476479437917,2.9004823489660367,108.5613491600034
0.971430585985638,0.0,0.0,0.0,-1.2378825603301449,0.0,6.710555862247335,2.9000823489660394,108.65178777018772
0.971490639993643,0.0,0.0,0.0,-1.2402341448359737,0.0,6.716590784368391,2.8996823489660324,108.74508378746586
0.9715502890922589,0.0,0.0,0.0,-1.2425825112874722,0.0,6.72258147093514,2.8992823489660298,108.84120377788389
0.9716095362686991,0.0,0.0,0.0,-1.2449276381053316,0.0,6.728528149343596,2.8988823489660325,108.94011467479604
0.971668384498117,0.0,0.0,0.0,-1.24726950425925,0.0,6.73443104913012,2.8984823489660285,109.04178382161078
0.9717268367432502,0.0,0.0,0.0,-1.2496080892599908,0.0,6.740290401854367,2.8980823489660383,109.1461789416085
0.9717848959540719,0.0,0.0,0.0,-1.2519433731512541,0.0,6.7461064409848595,2.8976823489660317,109.25326816851367
0.971842565067466,0.0,0.0,0.0,-1.254275336501827,0.0,6.751879401787487,2.8972823489660358,109.36301998676234
0.9718998470068995,0.0,0.0,0.0,-1.2566039603971941,0.0,6.757609521215079,2.8968823489660265,109.47540329459719
0.9719567446821185,0.0,0.0,0.0,-1.2589292264314735,0.0,6.7632970378002115,2.8964823489660274,109.59038735056873
0.9720132609888783,0.0,0.0,0.0,-1.2612511167002134,0.0,6.768942191552701,2.89608234896603,109.7079417830058
0.9720693988086362,0.0,0.0,0.0,-1.26356961379126,0.0,6.774545223854581,2.8956823489660306,109.8280366311794
0.9721251610083166,0.0,0.0,0.0,-1.26588470077795,0.0,6.7801063773631105,2.895282348966034,109.95064225830905
0.9721805504400332,0.0,0.0,0.0,-1.2681963612101994,0.0,6.785625895910957,2.894882348966025,110.0757294340898
0.972235569940891,0.0,0.0,0.0,-1.2705045791082317,0.0,6.791104024415458,2.8944823489660276,110.20326925630386
0.9722902223327248,0.0,0.0,0.0,-1.2728093389534516,0.0,6.7965410087825315,2.894082348966024,110.33323320652406
0.9723445104218958,0.0,0.0,0.0,-1.2751106256811342,0.0,6.801937095817928,2.8936823489660277,110.46559311805356
0.9723984369991082,0.0,0.0,0.0,-1.2774084246735224,0.0,6.807292533140956,2.893282348966022,110.6003211808231
0.9724520048391944,0.0,0.0,0.0,-1.2797027217512962,0.0,6.8126075690973185,2.8928823489660247,110.7373899284596
0.9725052167009582,0.0,0.0,0.0,-1.281993503166981,0.0,6.817882452677841,2.8924823489660296,110.87677224695565
0.9725580753269961,0.0,0.0,0.0,-1.2842807555970819,0.0,6.823117433436891,2.8920823489660195,111.01844137378677
0.9726105834435365,0.0,0.0,0.0,-1.2865644661346098,0.0,6.828312761413506,2.8916823489660244,111.16237086480078
0.9726627437603039,0.0,0.0,0.0,-1.288844622282297,0.0,6.833468687056103,2.8912823489660218,111.30853463530983
0.9727145589703754,0.0,0.0,0.0,-1.2911212119450874,0.0,6.838585461147947,2.8908823489660262,111.45690691838311
0.9727660317500536,0.0,0.0,0.0,-1.2933942234230869,0.0,6.8436633347352664,2.8904823489660227,111.60746229863875
0.9728171647587565,0.0,0.0,0.0,-1.2956636454047938,0.0,6.848702559057537,2.8900823489660254,111.76017566866494
0.9728679606389046,0.0,0.0,0.0,-1.2979294669600072,0.0,6.853703385480254,2.8896823489660224,111.9150222355108
0.9729184220158148,0.0,0.0,0.0,-1.3001916775326503,0.0,6.858666065427782,2.8892823489660193,112.07197756120777
0.9729685514976152,0.0,0.0,0.0,-1.302450266934224,0.0,6.863590850320445,2.8888823489660234,112.2310174937245
0.9730183516751735,0.0,0.0,0.0,-1.3047052253375695,0.0,6.868477991514102,2.888482348966022,112.39211820313838
0.9730678251220071,0.0,0.0,0.0,-1.3069565432695742,0.0,6.873327740238464,2.888082348966016,112.5552561678526
0.9731169743942155,0.0,0.0,0.0,-1.3092042116045732,0.0,6.878140347539269,2.887682348966023,112.72040817926444
0.9731658020304526,0.0,0.0,0.0,-1.311448221559232,0.0,6.882916064225305,2.8872823489660204,112.88755132485718
0.9732143105518274,0.0,0.0,0.0,-1.313688564684125,0.0,6.887655140809574,2.886882348966017,113.05666298213674
0.9732625024618939,0.0,0.0,0.0,-1.3159252328588853,0.0,6.8923578274600406,2.8864823489660196,113.22772084939507
0.9733103802466099,0.0,0.0,0.0,-1.3181582182858522,0.0,6.897024373948889,2.886082348966021,113.40070289627047
0.9733579463742993,0.0,0.0,0.0,-1.3203875134836578,0.0,6.901655029602734,2.8856823489660197,113.57558738308745
0.9734052032956259,0.0,0.0,0.0,-1.3226131112810668,0.0,6.906250043255337,2.8852823489660198,113.75235286940304
0.9734521534435839,0.0,0.0,0.0,-1.324835004811425,0.0,6.910809663202758,2.884882348966019,113.9309781804152
0.9734987992334951,0.0,0.0,0.0,-1.3270531875071685,0.0,6.915334137160457,2.884482348966015,114.1114424155158
0.9735451430629708,0.0,0.0,0.0,-1.329267653092643,0.0,6.919823712217686,2.8840823489660146,114.29372498096552
0.9735911873119449,0.0,0.0,0.0,-1.3314783955798974,0.0,6.924278634800073,2.8836823489660066,114.47780552563563
0.9736369343426713,0.0,0.0,0.0,-1.3336854092627002,0.0,6.928699150629556,2.8832823489660147,114.66366396943218
0.9736823864997185,0.0,0.0,0.0,-1.335888688710373,0.0,6.933085504685107,2.8828823489660076,114.8512805178122
0.9737275461100097,0.0,0.0,0.0,-1.338088228763397,0.0,6.937437941168864,2.882482348966005,115.04063560445965
0.9737724154828156,0.0,0.0,0.0,-1.340284024526866,0.0,6.941756703468218,2.882082348966005,115.23170995823023
0.9738169969098085,0.0,0.0,0.0,-1.3424760713665183,0.0,6.946042034125729,2.8816823489660024,115.42448453409003
0.9738612926650824,0.0,0.0,0.0,-1.3446643649031293,0.0,6.950294174805645,2.8812823489660087,115.6189405539979
0.973905305005155,0.0,0.0,0.0,-1.346848901005968,0.0,6.954513366260026,2.880882348966014,115.8150594932979
0.9739490361690722,0.0,0.0,0.0,-1.3490296757908118,0.0,6.9586998483057485,2.880482348966008,116.01282305693672
0.9739924883783893,0.0,0.0,0.0,-1.351206685612219,0.0,6.962853859790103,2.880082348966011,116.21221319966796
0.9740356638372376,0.0,0.0,0.0,-1.3533799270596572,0.0,6.966975638566217,2.8796823489660053,116.41321211681714
0.9740785647323936,0.0,0.0,0.0,-1.355549396953598,0.0,6.971065421468491,2.8792823489660115,116.61580224149051
0.9741211932332943,0.0,0.0,0.0,-1.3577150923391077,0.0,6.97512344428467,2.878882348966007,116.8199662372831
0.9741635514921335,0.0,0.0,0.0,-1.359877010483086,0.0,6.979149941736011,2.8784823489660107,117.02568700699726
0.9742056416438952,0.0,0.0,0.0,-1.3620351488684985,0.0,6.983145147452262,2.878082348966,117.2329476562119
0.9742474658064129,0.0,0.0,0.0,-1.3641895051897341,0.0,6.987109293949893,2.8776823489660086,117.44173155075342
0.9742890260804736,0.0,0.0,0.0,-1.3663400773501166,0.0,6.9910426126156295,2.8772823489659967,117.6520222210392
0.9743303245498284,0.0,0.0,0.0,-1.3684868634547318,0.0,6.994945333681313,2.8768823489659985,117.86380349880642
0.9743713632813168,0.0,0.0,0.0,-1.3706298618088453,0.0,6.998817686210924,2.8764823489660003,118.07705935411101
0.9744121443249091,0.0,0.0,0.0,-1.3727690709121765,0.0,7.002659898080064,2.8760823489660075,118.29177399693742
0.9744526697137947,0.0,0.0,0.0,-1.3749044894554436,0.0,7.006472195960568,2.8756823489660026,118.50793185845703
0.9744929414644611,0.0,0.0,0.0,-1.3770361163163407,0.0,7.010254805305441,2.875282348965997,118.72551756760427
0.9745329615767669,0.0,0.0,0.0,-1.3791639505552695,0.0,7.014007950333101,2.874882348965999,118.94451594217165
0.9745727320340273,0.0,0.0,0.0,-1.3812879914115646,0.0,7.0177318540138165,2.874482348966004,119.16491202750956
0.974612254803112,0.0,0.0,0.0,-1.383408238300392,0.0,7.0214267380583735,2.8740823489660086,119.3866910526124
0.9746515318345138,0.0,0.0,0.0,-1.3855246908081025,0.0,7.025092822904165,2.873682348965993,119.60983844691478
0.9746905650624456,0.0,0.0,0.0,-1.3876373486889755,0.0,7.028730327704336,2.873282348966007,119.83433981150245
0.9747293564049309,0.0,0.0,0.0,-1.3897462118617288,0.0,7.032339470317447,2.8728823489659945,120.06018096973187
0.974767907763894,0.0,0.0,0.0,-1.3918512804058303,0.0,7.035920467297576,2.8724823489659963,120.28734788762026
0.9748062210252485,0.0,0.0,0.0,-1.3939525545578577,0.0,7.039473533884759,2.872082348966001,120.51582681324422
0.9748442980590131,0.0,0.0,0.0,-1.3960500347091782,0.0,7.042998883998383,2.8716823489660035,120.7456040264841
0.9748821407193652,0.0,0.0,0.0,-1.3981437214004528,0.0,7.046496730225456,2.871282348966001,120.97666613743189
0.9749197508447962,0.0,0.0,0.0,-1.4002336153213482,0.0,7.049967283819312,2.870882348966001,121.20899982881068
0.9749571302581491,0.0,0.0,0.0,-1.4023197173042234,0.0,7.05341075468701,2.8704823489659965,121.44259199660621
0.9749942807667662,0.0,0.0,0.0,-1.4044020283234724,0.0,7.056827351388484,2.8700823489659966,121.67742972170399
0.9750312041625582,0.0,0.0,0.0,-1.4064805494908357,0.0,7.060217281127831,2.869682348965992,121.9135002273253
0.9750679022221275,0.0,0.0,0.0,-1.408555282053515,0.0,7.063580749751068,2.8692823489659895,122.15079091338251
0.9751043767068424,0.0,0.0,0.0,-1.4106262273897383,0.0,7.066917961739396,2.8688823489660003,122.38928939228319
0.9751406293629872,0.0,0.0,0.0,-1.4126933870083713,0.0,7.070229120209767,2.8684823489659945,122.62898332643633
0.9751766619218055,0.0,0.0,0.0,-1.4147567625428337,0.0,7.073514426906485,2.8680823489660003,122.86986063298318
0.9752124760996543,0.0,0.0,0.0,-1.4168163557509836,0.0,7.076774082203077,2.8676823489659906,123.1119093939268
0.9752480735980823,0.0,0.0,0.0,-1.4188721685109351,0.0,7.080008285097713,2.8672823489659907,123.35511779399013
0.9752834561039502,0.0,0.0,0.0,-1.4209242028192037,0.0,7.083217233213252,2.866882348965995,123.59947414867881
0.975318625289511,0.0,0.0,0.0,-1.4229724607866725,0.0,7.086401122793359,2.8664823489659956,123.8449670467561
0.9753535828125577,0.0,0.0,0.0,-1.425016944638253,0.0,7.089560148705759,2.8660823489659912,124.09158507108455
0.9753883303164859,0.0,0.0,0.0,-1.427057656707962,0.0,7.092694504438108,2.8656823489659935,124.3393170926876
0.9754228694304343,0.0,0.0,0.0,-1.429094599438288,0.0,7.095804382100692,2.865282348966,124.58815201895695
0.9754572017693734,0.0,0.0,0.0,-1.4311277753767264,0.0,7.098889972425631,2.864882348966001,124.83807894692745
0.9754913289342114,0.0,0.0,0.0,-1.4331571871733235,0.0,7.101951464767494,2.8644823489659883,125.08908716355677
0.9755252525119263,0.0,0.0,0.0,-1.4351828375796896,0.0,7.104989047106581,2.864082348965989,125.3411659715693
0.9755589740756352,0.0,0.0,0.0,-1.4372047294445875,0.0,7.108002906047249,2.8636823489659893,125.59430491590714
0.975592495184738,0.0,0.0,0.0,-1.439222865713695,0.0,7.11099322682301,2.8632823489659978,125.84849363155152
0.9756258173849899,0.0,0.0,0.0,-1.4412372494254189,0.0,7.113960193295494,2.8628823489659854,126.10372193391927
0.9756589422086513,0.0,0.0,0.0,-1.4432478837110994,0.0,7.116903987960928,2.862482348965986,126.35997967916029
0.9756918711745594,0.0,0.0,0.0,-1.4452547717908657,0.0,7.119824791949624,2.8620823489659997,126.61725691077487
0.975724605788244,0.0,0.0,0.0,-1.4472579169720714,0.0,7.122722785029812,2.861682348965994,126.87554384642786
0.9757571475420572,0.0,0.0,0.0,-1.4492573226484273,0.0,7.1255981456131225,2.8612823489659918,127.13483071843973
0.9757894979152475,0.0,0.0,0.0,-1.4512529922962043,0.0,7.1284510507552135,2.860882348965998,127.39510797506202
0.9758216583740847,0.0,0.0,0.0,-1.4532449294732663,0.0,7.131281676161458,2.8604823489659923,127.65636614798507
0.9758536303719749,0.0,0.0,0.0,-1.4552331378175896,0.0,7.13409019619136,2.8600823489659946,127.9185958883046
0.9758854153495462,0.0,0.0,0.0,-1.4572176210442351,0.0,7.136876783861555,2.8596823489659835,128.18178795651113
0.9759170147347708,0.0,0.0,0.0,-1.4591983829443613,0.0,7.139641610851593,2.8592823489659893,128.44593325482464
0.9759484299430711,0.0,0.0,0.0,-1.4611754273834716,0.0,7.142384847508703,2.8588823489659982,128.71102280663723
0.9759796623774095,0.0,0.0,0.0,-1.4631487582986924,0.0,7.14510666285152,2.8584823489659836,128.9770477034345
0.9760107134284153,0.0,0.0,0.0,-1.4651183796982687,0.0,7.1478072245772095,2.858082348965986,129.24399918380777
0.9760415844744695,0.0,0.0,0.0,-1.4670842956587438,0.0,7.150486699064983,2.8576823489659855,129.51186861080663
0.9760722768818385,0.0,0.0,0.0,-1.469046510324944,0.0,7.153145251384129,2.8572823489659913,129.7806473792523
0.9761027920047377,0.0,0.0,0.0,-1.4710050279059963,0.0,7.155783045296574,2.8568823489659967,130.0503270916733
0.9761331311854763,0.0,0.0,0.0,-1.472959852676132,0.0,7.1584002432659535,2.85648234896599,130.32089937331523
0.976163295754519,0.0,0.0,0.0,-1.4749109889706387,0.0,7.1609970064600965,2.8560823489659892,130.5923560419455
0.9761932870306411,0.0,0.0,0.0,-1.476858441187464,0.0,7.163573494762107,2.855682348965991,130.8646888870266
0.9762231063209734,0.0,0.0,0.0,-1.478802213782247,0.0,7.166129866771216,2.855282348965992,131.13788996088414
0.976252754921151,0.0,0.0,0.0,-1.4807423112696834,0.0,7.1686662798136895,2.8548823489659823,131.41195126840375
0.9762822341154015,0.0,0.0,0.0,-1.4826787382212643,0.0,7.171182889948116,2.8544823489659907,131.68686494250136
0.9763115451766112,0.0,0.0,0.0,-1.484611499261796,0.0,7.173679851968998,2.8540823489659846,131.9626233400424
0.9763406893664887,0.0,0.0,0.0,-1.486540599071803,0.0,7.176157319419366,2.8536823489659944,132.23921874962787
0.9763696679356133,0.0,0.0,0.0,-1.48846604238312,0.0,7.178615444592912,2.853282348965985,132.5166436398103
0.9763984821235545,0.0,0.0,0.0,-1.490387833978705,0.0,7.181054378542883,2.852882348965989,132.79489056122463
0.9764271331589723,0.0,0.0,0.0,-1.492305978691525,0.0,7.183474271089359,2.8524823489659825,133.07395208494341
0.9764556222597144,0.0,0.0,0.0,-1.4942204814031732,0.0,7.185875270826422,2.8520823489659763,133.35382100790866
0.9764839506329054,0.0,0.0,0.0,-1.4961313470421416,0.0,7.188257525128629,2.851682348965978,133.63449006769525
0.9765121194750465,0.0,0.0,0.0,-1.4980385805827392,0.0,7.1906211801585265,2.8512823489659933,133.91595222047886
0.9765401299721231,0.0,0.0,0.0,-1.4999421870446474,0.0,7.192966380875284,2.8508823489659956,134.19820040800914
0.9765679832996902,0.0,0.0,0.0,-1.5018421714910482,0.0,7.195293271041109,2.850482348965977,134.48122774502417
0.9765956806229671,0.0,0.0,0.0,-1.5037385390274922,0.0,7.197601993228715,2.8500823489659775,134.7650273120061
0.9766232230969365,0.0,0.0,0.0,-1.5056312948010673,0.0,7.1998926888297365,2.8496823489659815,135.04959240318317
0.9766506118664356,0.0,0.0,0.0,-1.5075204439991257,0.0,7.202165498061545,2.8492823489659798,135.33491627702978
0.9766778480662501,0.0,0.0,0.0,-1.5094059918482388,0.0,7.20442055997549,2.848882348965993,135.62099232050565
0.9767049328212001,0.0,0.0,0.0,-1.5112879436127657,0.0,7.206658012464006,2.8484823489659803,135.9078141089716
0.9767318672462593,0.0,0.0,0.0,-1.5131663045955335,0.0,7.208877992270501,2.848082348965986,136.19537505343942
0.9767586524465989,0.0,0.0,0.0,-1.5150410801338103,0.0,7.211080634993418,2.8476823489659946,136.4836688387404
0.9767852895177258,0.0,0.0,0.0,-1.5169122756013922,0.0,7.213266075098175,2.847282348965979,136.77268914094634
0.9768117795455321,0.0,0.0,0.0,-1.5187798964049781,0.0,7.215434445921398,2.8468823489659845,137.06242978093002
0.976838123606427,0.0,0.0,0.0,-1.5206439479860667,0.0,7.21758587968241,2.8464823489659867,137.35288455820427
0.9768643227673778,0.0,0.0,0.0,-1.522504435816885,0.0,7.219720507487562,2.846082348965986,137.64404740252252
0.97689037808604,0.0,0.0,0.0,-1.524361365402248,0.0,7.221838459341391,2.845682348965981,137.93591227840295
0.9769162906108165,0.0,0.0,0.0,-1.526214742276843,0.0,7.2239398641521815,2.8452823489659886,138.22847329314567
0.9769420613809477,0.0,0.0,0.0,-1.5280645720045778,0.0,7.226024849740557,2.844882348965993,138.52172457541752
0.9769676914266282,0.0,0.0,0.0,-1.5299108601798017,0.0,7.228093542849763,2.8444823489659896,138.81566022734626
0.9769931817690457,0.0,0.0,0.0,-1.5317536124233913,0.0,7.230146069149996,2.8440823489659777,139.110274572805
0.9770185334204836,0.0,0.0,0.0,-1.5335928343831122,0.0,7.232182553247697,2.843682348965982,139.40556201336398
0.97704374738443,0.0,0.0,0.0,-1.535428531734556,0.0,7.234203118695942,2.8432823489659813,139.70151676796092
0.9770688246556146,0.0,0.0,0.0,-1.5372607101772244,0.0,7.236207887998315,2.8428823489659867,139.99813345609044
0.9770937662201274,0.0,0.0,0.0,-1.5390893754362203,0.0,7.238196982620043,2.8424823489659876,140.2954065087511
0.9771185730554925,0.0,0.0,0.0,-1.5409145332609637,0.0,7.240170522995355,2.8420823489659788,140.59333053403083
0.9771432461307306,0.0,0.0,0.0,-1.542736189423184,0.0,7.242128628533765,2.8416823489659833,140.89190016852393
0.9771677864064695,0.0,0.0,0.0,-1.544554349718309,0.0,7.244071417630703,2.8412823489659735,141.19111011775948
0.9771921948349971,0.0,0.0,0.0,-1.5463690199628495,0.0,7.245999007673172,2.8408823489659882,141.49095510046897
0.9772164723603428,0.0,0.0,0.0,-1.548180205993968,0.0,7.247911515048092,2.840482348965985,141.79143007127703
0.9772406199183911,0.0,0.0,0.0,-1.549987913671168,0.0,7.2498090551524985,2.840082348965977,142.09252974107653
0.9772646384368964,0.0,0.0,0.0,-1.5517921488713315,0.0,7.25169174239715,2.8396823489659804,142.3942491629345
0.9772885288356273,0.0,0.0,0.0,-1.5535929174927334,0.0,7.253559690219295,2.8392823489659866,142.696583270105
0.9773122920263948,0.0,0.0,0.0,-1.5553902254510559,0.0,7.2554130110867865,2.838882348965992,142.99952709840966
0.9773359289131385,0.0,0.0,0.0,-1.557184078679532,0.0,7.257251816506828,2.838482348965988,143.30307579422288
0.9773594403920115,0.0,0.0,0.0,-1.5589744831290135,0.0,7.259076217034622,2.838082348965976,143.6072245748211
0.9773828273514702,0.0,0.0,0.0,-1.5607614447684817,0.0,7.260886322282255,2.837682348965973,143.9119684436082
0.9774060906722828,0.0,0.0,0.0,-1.562544969579877,0.0,7.262682240921348,2.8372823489659833,144.21730288257498
0.9774292312276872,0.0,0.0,0.0,-1.564325063563556,0.0,7.264464080697425,2.8368823489659776,144.52322311449853
0.9774522498834097,0.0,0.0,0.0,-1.5661017327339026,0.0,7.266231948433653,2.8364823489659923,144.829724460607
0.977475147497739,0.0,0.0,0.0,-1.5678749831189975,0.0,7.267985950038226,2.836082348965973,145.13680243586236
0.97749792492162,0.0,0.0,0.0,-1.5696448207616653,0.0,7.26972619051434,2.835682348965978,145.44445241012488
0.9775205829987074,0.0,0.0,0.0,-1.5714112517178023,0.0,7.271452773965931,2.8352823489659746,145.7526699234965
0.9775431225654343,0.0,0.0,0.0,-1.573174282055773,0.0,7.273165803605602,2.8348823489659787,146.0614506118801
0.9775655444510979,0.0,0.0,0.0,-1.574933917857105,0.0,7.274865381763336,2.8344823489659903,146.37078997638923
0.9775878494779058,0.0,0.0,0.0,-1.5766901652144332,0.0,7.276551609891857,2.8340823489659854,146.68068367628672
0.9776100384610537,0.0,0.0,0.0,-1.5784430302317045,0.0,7.278224588575445,2.8336823489659873,146.99112746953546
0.9776321122087924,0.0,0.0,0.0,-1.5801925190237394,0.0,7.279884417537078,2.833282348965993,147.30211715725557
0.9776540715225008,0.0,0.0,0.0,-1.5819386377162235,0.0,7.281531195646224,2.832882348965986,147.61364839055983
0.9776759171967413,0.0,0.0,0.0,-1.5836813924445132,0.0,7.283165020925554,2.832482348965979,147.9257171410382
0.9776976500193273,0.0,0.0,0.0,-1.585420789353369,0.0,7.284785990558207,2.832082348965973,148.23831912579863
0.9777192707713873,0.0,0.0,0.0,-1.5871568345964702,0.0,7.286394200895114,2.8316823489659706,148.55145046200983
0.9777407802274358,0.0,0.0,0.0,-1.5888895343365124,0.0,7.287989747462728,2.831282348965991,148.86510691830472
0.9777621791554221,0.0,0.0,0.0,-1.5906188947437352,0.0,7.289572724969226,2.830882348965992,149.17928464763656
0.9777834683168116,0.0,0.0,0.0,-1.5923449219968837,0.0,7.291143227312728,2.8304823489659863,149.49397968364485
0.9778046484666316,0.0,0.0,0.0,-1.5940676222815702,0.0,7.292701347587224,2.8300823489659903,149.80918801622494
0.9778257203535424,0.0,0.0,0.0,-1.5957870017906541,0.0,7.29424717809055,2.8296823489659846,150.1249058576244
0.9778466847198944,0.0,0.0,0.0,-1.597503066723531,0.0,7.295780810330789,2.8292823489659917,150.44112931296195
0.9778675423017796,0.0,0.0,0.0,-1.5992158232851215,0.0,7.2973023350328345,2.8288823489659696,150.7578547454192
0.9778882938291258,0.0,0.0,0.0,-1.6009252776880767,0.0,7.2988118421475345,2.828482348965995,151.07507809959174
0.9779089400257,0.0,0.0,0.0,-1.6026314361482636,0.0,7.300309420854739,2.828082348965995,151.39279602703357
0.9779294816092151,0.0,0.0,0.0,-1.6043343048880017,0.0,7.301795159573373,2.8276823489659897,151.7110045844185
0.9779499192913649,0.0,0.0,0.0,-1.6060338901339797,0.0,7.303269145966567,2.8272823489659746,152.02970024779916
0.977970253777886,0.0,0.0,0.0,-1.6077301981172922,0.0,7.304731466948901,2.826882348965983,152.34887934219944
0.9779904857686207,0.0,0.0,0.0,-1.6094232350735471,0.0,7.306182208693209,2.8264823489659885,152.66853834988422
0.9780106159575613,0.0,0.0,0.0,-1.611113007241658,0.0,7.307621456636415,2.8260823489659845,152.98867369292452
0.9780306450329115,0.0,0.0,0.0,-1.612799520863892,0.0,7.309049295486728,2.8256823489659886,153.30928191848648
0.9780505736771465,0.0,0.0,0.0,-1.6144827821860326,0.0,7.310465809230047,2.825282348965983,153.63035955970366
0.9780704025670652,0.0,0.0,0.0,-1.616162797456801,0.0,7.311871081136879,2.8248823489659873,153.95190311246023
0.9780901323738292,0.0,0.0,0.0,-1.6178395729264512,0.0,7.313265193766965,2.8244823489659763,154.27390930424554
0.9781097637630507,0.0,0.0,0.0,-1.6195131148491102,0.0,7.314648228978719,2.8240823489659936,154.59637460377837
0.9781292973947977,0.0,0.0,0.0,-1.6211834294788077,0.0,7.316020267931809,2.823682348965977,154.91929589516502
0.9781487339236968,0.0,0.0,0.0,-1.6228505230730725,0.0,7.31738139109713,2.8232823489659826,155.24266969285736
0.9781680739989483,0.0,0.0,0.0,-1.6245144018898219,0.0,7.3187316782603355,2.8228823489659747,155.56649278315047
0.9781873182643939,0.0,0.0,0.0,-1.6261750721883301,0.0,7.3200712085292725,2.822482348965987,155.8907619071138
0.9782064673585588,0.0,0.0,0.0,-1.6278325402283194,0.0,7.321400060339484,2.822082348965991,156.21547401133233
0.9782255219147168,0.0,0.0,0.0,-1.6294868122708226,0.0,7.322718311461102,2.821682348965981,156.5406257163765
0.978244482560919,0.0,0.0,0.0,-1.6311378945762407,0.0,7.324026039003653,2.8212823489659846,156.86621396497685
0.9782633499200709,0.0,0.0,0.0,-1.6327857934063579,0.0,7.325323319423972,2.820882348965975,157.19223566066296
0.9782821246099433,0.0,0.0,0.0,-1.6344305150209908,0.0,7.326610228529335,2.820482348965994,157.51868771674532
0.9783008072432647,0.0,0.0,0.0,-1.6360720656813559,0.0,7.327886841486532,2.820082348965973,157.84556700899213
0.9783193984277349,0.0,0.0,0.0,-1.637710451646992,0.0,7.329153232825245,2.819682348965988,158.17287053326834
0.9783378987660805,0.0,0.0,0.0,-1.6393456791762746,0.0,7.330409476444418,2.819282348965989,158.50059535676803
0.9783563088561166,0.0,0.0,0.0,-1.6409777545273132,0.0,7.331655645619147,2.818882348965969,158.82873846888293
0.9783746292907782,0.0,0.0,0.0,-1.6426066839565305,0.0,7.33289181300503,2.8184823489659685,159.1572969102142
0.978392860658162,0.0,0.0,0.0,-1.6442324737180993,0.0,7.334118050643964,2.8180823489659943,159.48626777481178
0.9784110035415966,0.0,0.0,0.0,-1.6458551300658053,0.0,7.335334429971053,2.817682348965998,159.8156481145162
0.9784290585196591,0.0,0.0,0.0,-1.6474746592504297,0.0,7.336541021818454,2.8172823489659833,160.14543519765738
0.9784470261662326,0.0,0.0,0.0,-1.6490910675206234,0.0,7.337737896421544,2.8168823489659873,160.4756260824073
0.9784649070505553,0.0,0.0,0.0,-1.6507043611231678,0.0,7.338925123425113,2.816482348965986,160.80621799670644
0.9784827017372623,0.0,0.0,0.0,-1.6523145463025548,0.0,7.3401027718879845,2.8160823489659954,161.13720801408476
0.9785004107863996,0.0,0.0,0.0,-1.6539216292984384,0.0,7.341270910287262,2.815682348965968,161.4685936635716
0.9785180347535278,0.0,0.0,0.0,-1.6555256163504226,0.0,7.342429606526976,2.81528234896599,161.80037187960875
0.9785355741897005,0.0,0.0,0.0,-1.6571265136926374,0.0,7.343578927939498,2.8148823489659844,162.13254025854246
0.978553029641555,0.0,0.0,0.0,-1.65872432755758,0.0,7.344718941293832,2.8144823489659974,162.46509584647936
0.9785704016513218,0.0,0.0,0.0,-1.6603190641732841,0.0,7.3458497127988736,2.814082348965978,162.79803607960764
0.978587690756876,0.0,0.0,0.0,-1.661910729763964,0.0,7.346971308109088,2.813682348965973,163.131358352902
0.9786048974917818,0.0,0.0,0.0,-1.6634993305502175,0.0,7.348083792329721,2.813282348965973,163.46506011439368
0.9786220223853467,0.0,0.0,0.0,-1.66508487275004,0.0,7.349187230023061,2.8128823489659682,163.79913847240874
0.9786390659626135,0.0,0.0,0.0,-1.6666673625745658,0.0,7.350281685210053,2.8124823489659967,164.13359122366364
0.9786560287444571,0.0,0.0,0.0,-1.6682468062328344,0.0,7.351367221379191,2.8120823489659803,164.46841551544804
0.9786729112475886,0.0,0.0,0.0,-1.6698232099286006,0.0,7.352443901489011,2.8116823489659795,164.80360902168053
0.9786897139845981,0.0,0.0,0.0,-1.6713965798605892,0.0,7.353511787973293,2.8112823489659857,165.13916918217052
0.9787064374640059,0.0,0.0,0.0,-1.6729669222234183,0.0,7.354570942746704,2.810882348965968,165.47509354910903
0.9787230821902966,0.0,0.0,0.0,-1.6745342432071568,0.0,7.355621427209417,2.810482348965996,165.8113793695553
0.978739648663934,0.0,0.0,0.0,-1.6760985489952422,0.0,7.356663302250208,2.8100823489659783,166.14802452739923
0.9787561373814339,0.0,0.0,0.0,-1.677659845767352,0.0,7.357696628253537,2.809682348965983,166.48502650638517
0.9787725488353742,0.0,0.0,0.0,-1.6792181396970816,0.0,7.358721465102716,2.8092823489659904,166.82238286021533
0.9787888835144486,0.0,0.0,0.0,-1.6807734369532077,0.0,7.359737872185191,2.8088823489659873,167.1600912640522
0.9788051419034828,0.0,0.0,0.0,-1.6823257436979062,0.0,7.36074590839633,2.808482348965968,167.49814934205966
0.97882132448349,0.0,0.0,0.0,-1.6838750660883053,0.0,7.361745632144733,2.8080823489659954,167.83655476944773
0.9788374317317017,0.0,0.0,0.0,-1.6854214102760348,0.0,7.36273710135679,2.8076823489659937,168.1753050759823
0.9788534641215875,0.0,0.0,0.0,-1.6869647824057235,0.0,7.363720373480057,2.8072823489659946,168.51439815329263
0.9788694221229097,0.0,0.0,0.0,-1.6885051886166746,0.0,7.364695505488859,2.806882348965994,168.85383162509572
0.9788853062017508,0.0,0.0,0.0,-1.6900426350421414,0.0,7.365662553888331,2.806482348965987,169.19360315582492
0.9789011168205308,0.0,0.0,0.0,-1.6915771278077427,0.0,7.366621574717596,2.8060823489659996,169.533710657345
0.9789168544380736,0.0,0.0,0.0,-1.6931086730343279,0.0,7.367572623556252,2.805682348965973,169.8741517295996
0.9789325195096027,0.0,0.0,0.0,-1.6946372768344233,0.0,7.368515755526115,2.805282348965983,170.2149242870396
0.9789481124868122,0.0,0.0,0.0,-1.6961629453156597,0.0,7.369451025297814,2.804882348965996,170.55602601068875
0.978963633817871,0.0,0.0,0.0,-1.6976856845780501,0.0,7.370378487093424,2.8044823489659687,170.8974548216674
0.978979083947458,0.0,0.0,0.0,-1.6992055007141689,0.0,7.371298194690413,2.804082348965991,171.23920857650705
0.9789944633168087,0.0,0.0,0.0,-1.7007223998104204,0.0,7.372210201426924,2.8036823489659883,171.58128506479153
0.9790097723637374,0.0,0.0,0.0,-1.702236387946069,0.0,7.373114560205185,2.803282348965968,171.9236821637728
0.9790250115226656,0.0,0.0,0.0,-1.7037474711928782,0.0,7.374011323495158,2.8028823489659844,172.2663978561681
0.9790401812246629,0.0,0.0,0.0,-1.7052556556159761,0.0,7.374900543339388,2.802482348965983,172.6094297559872
0.9790552818974526,0.0,0.0,0.0,-1.7067609472714582,0.0,7.375782271355333,2.8020823489659747,172.95277621430284
0.9790703139654838,0.0,0.0,0.0,-1.7082633522100936,0.0,7.376656558741627,2.801682348965967,173.29643484016447
0.9790852778499205,0.0,0.0,0.0,-1.7097628764735273,0.0,7.377523456279714,2.8012823489659997,173.64040372451444
0.9791001739686974,0.0,0.0,0.0,-1.711259526096641,0.0,7.3783830143390565,2.8008823489659926,173.98468090582776
0.9791150027365453,0.0,0.0,0.0,-1.7127533071070131,0.0,7.379235282880861,2.800482348965982,174.32926416434935
0.9791297645649941,0.0,0.0,0.0,-1.7142442255224988,0.0,7.380080311460089,2.8000823489659767,174.67415167217797
0.9791444598624455,0.0,0.0,0.0,-1.7157322873551764,0.0,7.3809181492318015,2.7996823489659834,175.0193413147718
0.9791590890341669,0.0,0.0,0.0,-1.717217498608127,0.0,7.381748844953048,2.7992823489659724,175.36483122604415
0.9791736524823259,0.0,0.0,0.0,-1.7186998652758396,0.0,7.382572446986463,2.798882348965986,175.71061956691597
0.9791881506060419,0.0,0.0,0.0,-1.7201793933464715,0.0,7.383389003305674,2.7984823489659796,176.05670411102284
0.9792025838013783,0.0,0.0,0.0,-1.7216560887983607,0.0,7.384198561496492,2.798082348965982,176.40308303736697
0.9792169524613923,0.0,0.0,0.0,-1.723129957602134,0.0,7.385001168761967,2.797682348965998,176.74975452462837
0.9792312569761566,0.0,0.0,0.0,-1.7246010057201033,0.0,7.385796871925485,2.797282348965966,177.0967165484965
0.9792454977327865,0.0,0.0,0.0,-1.7260692391061672,0.0,7.386585717434132,2.796882348965993,177.44396737917083
0.9792596751154639,0.0,0.0,0.0,-1.7275346637056617,0.0,7.387367751362369,2.796482348965999,177.79150509025874
0.979273789505464,0.0,0.0,0.0,-1.7289972854551905,0.0,7.3881430194150735,2.7960823489659816,178.1393278776278
0.9792878412811945,0.0,0.0,0.0,-1.730457110283876,0.0,7.388911566931808,2.795682348965988,178.48743380705793
0.9793018308181937,0.0,0.0,0.0,-1.7319141441106611,0.0,7.389673438888554,2.795282348965998,178.83582098006974
0.9793157584891816,0.0,0.0,0.0,-1.7333683928467378,0.0,7.390428679902673,2.7948823489659658,179.1844876749622
0.9793296246640639,0.0,0.0,0.0,-1.7348198623933462,0.0,7.391177334234679,2.794482348965968,179.53343219301502
0.9793434297099893,0.0,0.0,0.0,-1.7362685586449504,0.0,7.39191944579346,2.7940823489659703,179.8826524571087
0.9793571739913346,0.0,0.0,0.0,-1.737714487485293,0.0,7.39265505813729,2.7936823489659903,180.23214693991275
0.9793708578697501,0.0,0.0,0.0,-1.7391576547894056,0.0,7.393384214478049,2.793282348965988,180.58191380661356
0.9793844817041881,0.0,0.0,0.0,-1.7405980664239216,0.0,7.394106957684878,2.792882348965995,180.93195135635239
0.9793980458509179,0.0,0.0,0.0,-1.742035728246193,0.0,7.394823330286447,2.792482348965976,181.28225770800833
0.9794115506635455,0.0,0.0,0.0,-1.7434706461038036,0.0,7.395533374474122,2.792082348965998,181.63283127894908
0.9794249964930513,0.0,0.0,0.0,-1.7449028258359978,0.0,7.396237132105618,2.791682348965987,181.98367037228394
0.9794383836878103,0.0,0.0,0.0,-1.7463322732732243,0.0,7.396934644707957,2.7912823489659964,182.3347731662176
0.9794517125935935,0.0,0.0,0.0,-1.7477589942350333,0.0,7.397625953479184,2.790882348965972,182.68613803804925
0.9794649835536222,0.0,0.0,0.0,-1.749182994533088,0.0,7.398311099293317,2.7904823489659853,183.03776310096555
0.9794781969085661,0.0,0.0,0.0,-1.750604279968761,0.0,7.398990122701492,2.7900823489660027,183.3896470075918
0.9794913529965796,0.0,0.0,0.0,-1.7520228563344473,0.0,7.399663063936218,2.7896823489659814,183.741787903751
0.9795044521533212,0.0,0.0,0.0,-1.7534387294131875,0.0,7.400329962913485,2.7892823489659677,184.09418419896474
0.9795174947119702,0.0,0.0,0.0,-1.7548519049782236,0.0,7.400990859235946,2.7888823489659926,184.44683429193356
0.9795304810032526,0.0,0.0,0.0,-1.7562623887932842,0.0,7.401645792195458,2.7884823489659905,184.79973658058304
0.9795434113554715,0.0,0.0,0.0,-1.7576701866135154,0.0,7.4022948007767715,2.7880823489659705,185.1528891970927
0.9795562860945013,0.0,0.0,0.0,-1.7590753041826446,0.0,7.40293792365859,2.787682348965969,185.5062908288188
0.9795691055438349,0.0,0.0,0.0,-1.760477747235653,0.0,7.403575199217845,2.7872823489659675,185.85993977893094
0.9795818700245981,0.0,0.0,0.0,-1.7618775214980271,0.0,7.40420666553199,2.7868823489659658,186.21383448288162
0.9795945798555644,0.0,0.0,0.0,-1.763274632685194,0.0,7.404832360381428,2.7864823489659707,186.5679734405723
0.9796072353531807,0.0,0.0,0.0,-1.7646690865029542,0.0,7.405452321252424,2.7860823489659934,186.92235489494453
0.9796198368315926,0.0,0.0,0.0,-1.7660608886480296,0.0,7.4060665853401435,2.785682348966001,187.2769772832832
0.9796323846026355,0.0,0.0,0.0,-1.7674500448050627,0.0,7.406675189549604,2.7852823489659815,187.6318394595222
0.9796448789759,0.0,0.0,0.0,-1.7688365606512004,0.0,7.40727817050073,2.78488234896598,187.98693953469268
0.9796573202587244,0.0,0.0,0.0,-1.7702204418533278,0.0,7.4078755645292675,2.7844823489659656,188.34227590066132
0.9796697087561986,0.0,0.0,0.0,-1.771601694066444,0.0,7.408467407689063,2.7840823489659643,188.6978472302103
0.9796820447712248,0.0,0.0,0.0,-1.7729803229378653,0.0,7.409053735756151,2.7836823489659794,189.05365219611286
0.9796943286045068,0.0,0.0,0.0,-1.7743563341041804,0.0,7.40963458422991,2.7832823489660012,189.4096888836105
0.979706560554567,0.0,0.0,0.0,-1.775729733190996,0.0,7.4102099883356845,2.7828823489659777,189.76595625610844
0.9797187409177898,0.0,0.0,0.0,-1.7771005258154373,0.0,7.410779983028092,2.7824823489660018,190.122452430922
0.9797308699884153,0.0,0.0,0.0,-1.778468717583643,0.0,7.411344602992339,2.782082348965966,190.47917629000153
0.9797429480585664,0.0,0.0,0.0,-1.7798343140915274,0.0,7.411903882647227,2.7816823489659974,190.8361260873595
0.9797549754182696,0.0,0.0,0.0,-1.7811973209251653,0.0,7.412457856147369,2.7812823489659744,191.19330050355944
0.9797669523554697,0.0,0.0,0.0,-1.7825577436603206,0.0,7.413006557385657,2.780882348965989,191.55069835321513
0.9797788791560567,0.0,0.0,0.0,-1.7839155878634319,0.0,7.413550019995661,2.7804823489660024,191.9083176187703
0.9797907561038552,0.0,0.0,0.0,-1.7852708590886686,0.0,7.414088277353171,2.7800823489659847,192.26615748319801
0.9798025834806924,0.0,0.0,0.0,-1.786623562883075,0.0,7.414621362580149,2.7796823489659968,192.62421595213146
0.9798143615663536,0.0,0.0,0.0,-1.7879737047802495,0.0,7.415149308544631,2.7792823489660035,192.98249215928286
0.9798260906386473,0.0,0.0,0.0,-1.7893212903052365,0.0,7.415672147865015,2.7788823489659755,193.3409845362662
0.9798377709734081,0.0,0.0,0.0,-1.7906663249730448,0.0,7.416189912911596,2.7784823489659636,193.6996915567408
0.9798494028444992,0.0,0.0,0.0,-1.7920088142871875,0.0,7.4167026358081625,2.778082348966003,194.05861200444605
0.9798609865238541,0.0,0.0,0.0,-1.7933487637422962,0.0,7.41721034843527,2.7776823489659828,194.4177442681172
0.979872522281469,0.0,0.0,0.0,-1.7946861788214823,0.0,7.41771308243129,2.777282348965991,194.7770871857379
0.9798840103854266,0.0,0.0,0.0,-1.7960210649972055,0.0,7.418210869194962,2.7768823489659953,195.13663953337448
0.9798954511019325,0.0,0.0,0.0,-1.7973534277333951,0.0,7.4187037398883255,2.7764823489659816,195.49639962846436
0.9799068446952959,0.0,0.0,0.0,-1.7986832724816193,0.0,7.419191725437229,2.776082348965983,195.85636645231847
0.979918191427979,0.0,0.0,0.0,-1.8000106046847488,0.0,7.41967485653504,2.7756823489659967,196.21653821090644
0.9799294915605771,0.0,0.0,0.0,-1.8013354297730644,0.0,7.420153163642897,2.775282348965989,196.57691417991413
0.9799407453518711,0.0,0.0,0.0,-1.8026577531682313,0.0,7.420626676993498,2.77488234896599,196.93749274172467
0.9799519530588254,0.0,0.0,0.0,-1.8039775802814,0.0,7.4210954265923315,2.7744823489659756,197.29827270751326
0.9799631149365948,0.0,0.0,0.0,-1.8052949165123193,0.0,7.421559442219316,2.77408234896599,197.65925231206188
0.9799742312385522,0.0,0.0,0.0,-1.8066097672506811,0.0,7.422018753431219,2.7736823489660036,198.02043081793585
0.9799853022163,0.0,0.0,0.0,-1.8079221378757195,0.0,7.42247338956361,2.7732823489659997,198.3818067049121
0.9799963281196875,0.0,0.0,0.0,-1.809232033756488,0.0,7.4229233797327705,2.772882348965989,198.74337881078623
0.9800073091968124,0.0,0.0,0.0,-1.8105394602504068,0.0,7.423368752837141,2.772482348965973,199.1051457319693
0.9800182456940607,0.0,0.0,0.0,-1.811844422706018,0.0,7.4238095375601585,2.7720823489659816,199.46710628798007
0.9800291378560975,0.0,0.0,0.0,-1.8131469264604592,0.0,7.424245762371331,2.771682348965976,199.82925901305305
0.9800399859258818,0.0,0.0,0.0,-1.8144469768394593,0.0,7.424677455527974,2.7712823489659715,200.19160301277657
0.980050790144705,0.0,0.0,0.0,-1.8157445791599913,0.0,7.425104645078097,2.7708823489659724,200.55413662889595
0.9800615507521724,0.0,0.0,0.0,-1.8170397387267707,0.0,7.4255273588609505,2.7704823489659822,200.91685921072326
0.9800722679862456,0.0,0.0,0.0,-1.8183324608353302,0.0,7.4259456245098505,2.770082348965988,201.27976906625884
0.9800829420832412,0.0,0.0,0.0,-1.8196227507703953,0.0,7.426359469453578,2.769682348965985,201.64286491034983
0.9800935732778358,0.0,0.0,0.0,-1.8209106138048978,0.0,7.426768920917598,2.7692823489659886,202.00614558796485
0.9801041618030977,0.0,0.0,0.0,-1.8221960552020429,0.0,7.4271740059265525,2.7688823489659877,202.3696102492127
0.9801147078904987,0.0,0.0,0.0,-1.8234790802150782,0.0,7.427574751306268,2.7684823489659856,202.73325742013856
0.9801252117699175,0.0,0.0,0.0,-1.8247596940862445,0.0,7.427971183684515,2.768082348965974,203.0970854964591
0.9801356736696412,0.0,0.0,0.0,-1.826037902045449,0.0,7.428363329492733,2.7676823489659923,203.46109427494963
0.9801460938164147,0.0,0.0,0.0,-1.8273137093143994,0.0,7.428751214969052,2.7672823489659684,203.82528194862323
0.9801564724354299,0.0,0.0,0.0,-1.8285871211038385,0.0,7.429134866158758,2.7668823489659995,204.1896470821494
0.9801668097503287,0.0,0.0,0.0,-1.8298581426125973,0.0,7.429514308915992,2.7664823489659875,204.55418897280106
0.980177105983235,0.0,0.0,0.0,-1.8311267790296808,0.0,7.429889568905796,2.766082348965985,204.91890615996948
0.9801873613547615,0.0,0.0,0.0,-1.832393035533613,0.0,7.430260671605682,2.7656823489660076,205.28379765387893
0.9801975760840123,0.0,0.0,0.0,-1.833656917291451,0.0,7.430627642306902,2.7652823489659912,205.64886250054866
0.980207750388618,0.0,0.0,0.0,-1.834918429461234,0.0,7.430990506116728,2.7648823489660006,206.01409908533026
0.9802178844847218,0.0,0.0,0.0,-1.8361775771891433,0.0,7.431349287959225,2.7644823489659753,206.3795064246346
0.9802279785869997,0.0,0.0,0.0,-1.837434365610345,0.0,7.431704012577132,2.764082348965968,206.74508336921673
0.9802380329086828,0.0,0.0,0.0,-1.8386887998502273,0.0,7.432054704533546,2.763682348966001,207.11082925459198
0.9802480476615633,0.0,0.0,0.0,-1.8399408850237537,0.0,7.432401388213571,2.763282348966007,207.47674227417946
0.9802580230559973,0.0,0.0,0.0,-1.8411906262344457,0.0,7.432744087825241,2.7628823489659764,207.84282184109907
0.9802679593009306,0.0,0.0,0.0,-1.8424380285759305,0.0,7.433082827401707,2.7624823489659938,208.20906629810884
0.9802778566038931,0.0,0.0,0.0,-1.8436830971301237,0.0,7.4334176308020945,2.762082348966009,208.57547476781417
0.9802877151710331,0.0,0.0,0.0,-1.8449258369697688,0.0,7.433748521713595,2.7616823489659987,208.94204632338977
0.9802975352071038,0.0,0.0,0.0,-1.8461662531556426,0.0,7.434075523652389,2.7612823489659784,209.3087800157436
0.980307316915495,0.0,0.0,0.0,-1.847404350738867,0.0,7.43439865996558,2.760882348965995,209.67567403244783
0.9803170604982274,0.0,0.0,0.0,-1.8486401347590866,0.0,7.434717953832069,2.7604823489659984,210.0427280291487
0.9803267661559811,0.0,0.0,0.0,-1.8498736102464002,0.0,7.43503342826461,2.7600823489659976,210.409940424686
0.980336434088086,0.0,0.0,0.0,-1.8511047822190487,0.0,7.435345106110516,2.7596823489659967,210.77731072014382
0.9803460644925488,0.0,0.0,0.0,-1.852333655685299,0.0,7.435653010053722,2.7592823489660026,211.14483727216134
0.9803556575660628,0.0,0.0,0.0,-1.853560235643369,0.0,7.435957162615783,2.758882348965968,211.51251912480456
0.9803652135040004,0.0,0.0,0.0,-1.8547845270792753,0.0,7.436257586157084,2.758482348965969,211.88035560349226
0.9803747325004543,0.0,0.0,0.0,-1.8560065349704848,0.0,7.436554302878888,2.7580823489659947,212.2483450986262
0.9803842147482069,0.0,0.0,0.0,-1.8572262642811552,0.0,7.4368473348234705,2.757682348965988,212.61648720250076
0.9803936604387969,0.0,0.0,0.0,-1.8584437199686445,0.0,7.437136703877236,2.7572823489659766,212.98477986954674
0.980403069762459,0.0,0.0,0.0,-1.8596589069753202,0.0,7.437422431769785,2.756882348965971,213.35322328308968
0.9804124429082016,0.0,0.0,0.0,-1.8608718302365403,0.0,7.437704540077385,2.756482348966007,213.7218153464347
0.9804217800637727,0.0,0.0,0.0,-1.8620824946754047,0.0,7.437983050222817,2.7560823489659936,214.09055529989013
0.980431081415677,0.0,0.0,0.0,-1.8632909052036573,0.0,7.438257983476929,2.7556823489660007,214.45944302714685
0.980440347149212,0.0,0.0,0.0,-1.8644970667247696,0.0,7.43852936096064,2.755282348966008,214.82847642272418
0.9804495774484439,0.0,0.0,0.0,-1.8657009841299976,0.0,7.4387972036453105,2.7548823489659804,215.19765473852567
0.9804587724962334,0.0,0.0,0.0,-1.866902662300261,0.0,7.439061532354333,2.754482348966004,215.56697701578247
0.9804679324742415,0.0,0.0,0.0,-1.8681021061057443,0.0,7.439322367764237,2.7540823489659965,215.93644239129668
0.9804770575629452,0.0,0.0,0.0,-1.8692993204066202,0.0,7.439579730406239,2.7536823489660076,216.30604978625217
0.9804861479416361,0.0,0.0,0.0,-1.8704943100517895,0.0,7.439833640667043,2.7532823489659948,216.6757983146528
0.9804952037884508,0.0,0.0,0.0,-1.8716870798814176,0.0,7.440084118790553,2.7528823489659957,217.0456863505787
0.9805042252803441,0.0,0.0,0.0,-1.8728776347226583,0.0,7.440331184878278,2.7524823489659993,217.41571363769674
0.9805132125931246,0.0,0.0,0.0,-1.8740659793928078,0.0,7.440574858890959,2.7520823489659634,217.78587926804994
0.9805221659014703,0.0,0.0,0.0,-1.8752521187000781,0.0,7.440815160650178,2.751682348965972,218.15618135882846
0.9805310853789161,0.0,0.0,0.0,-1.8764360574411028,0.0,7.441052109838705,2.7512823489659928,218.52661974797445
0.9805399711978696,0.0,0.0,0.0,-1.877617800401766,0.0,7.441285726001964,2.750882348966,218.89719324938198
0.980548823529625,0.0,0.0,0.0,-1.8787973523577752,0.0,7.441516028549296,2.750482348965988,219.26790077140066
0.9805576425443662,0.0,0.0,0.0,-1.8799747180740347,0.0,7.441743036754826,2.750082348965967,219.6387417333326
0.9805664284111882,0.0,0.0,0.0,-1.8811499023062206,0.0,7.441966769759001,2.7496823489659885,220.00971460326969
0.9805751812980779,0.0,0.0,0.0,-1.882322909797384,0.0,7.44218724656895,2.7492823489659726,220.3808186090546
0.9805839013719537,0.0,0.0,0.0,-1.8834937452818048,0.0,7.442404486060398,2.7488823489659633,220.75205339040036
0.9805925887986652,0.0,0.0,0.0,-1.8846624134838545,0.0,7.442618506978377,2.748482348965982,221.12341693969637
0.9806012437429711,0.0,0.0,0.0,-1.8858289191144144,0.0,7.442829327937782,2.7480823489659962,221.4949090806345
0.9806098663686027,0.0,0.0,0.0,-1.8869932668775464,0.0,7.443036967425573,2.747682348965995,221.8665285347803
0.980618456838222,0.0,0.0,0.0,-1.888155461464409,0.0,7.443241443800709,2.747282348965996,222.23827507946157
0.9806270153134641,0.0,0.0,0.0,-1.889315507557482,0.0,7.4434427752959955,2.7468823489659706,222.61014643410806
0.9806355419549154,0.0,0.0,0.0,-1.8904734098269032,0.0,7.4436409800184045,2.7464823489660026,222.9821429483461
0.9806440369221487,0.0,0.0,0.0,-1.8916291729338495,0.0,7.443836075950713,2.7460823489659716,223.35426314139363
0.9806525003737215,0.0,0.0,0.0,-1.8927828015292982,0.0,7.444028080952325,2.745682348966011,223.72650627445245
0.9806609324671699,0.0,0.0,0.0,-1.8939343002524336,0.0,7.444217012759895,2.745282348966005,224.0988709969767
0.980669333359039,0.0,0.0,0.0,-1.8950836737333736,0.0,7.444402888988923,2.744882348966001,224.47135706164386
0.9806777032048777,0.0,0.0,0.0,-1.8962309265915849,0.0,7.444585727134386,2.744482348966015,224.84396263690235
0.9806860421592449,0.0,0.0,0.0,-1.8973760634358277,0.0,7.444765544571666,2.7440823489659834,225.2166878099166
0.9806943503757206,0.0,0.0,0.0,-1.8985190888644454,0.0,7.444942358557622,2.7436823489659883,225.58953136005096
0.9807026280069209,0.0,0.0,0.0,-1.8996600074664656,0.0,7.445116186231754,2.7432823489660025,225.9624921399523
0.9807108752044891,0.0,0.0,0.0,-1.9007988238195246,0.0,7.445287044616668,2.7428823489660066,226.33556928916005
0.9807190921191192,0.0,0.0,0.0,-1.9019355424918858,0.0,7.445454950619539,2.7424823489660035,226.7087617314528
0.9807272789005372,0.0,0.0,0.0,-1.9030701680391937,0.0,7.4456199210322955,2.742082348965998,227.08206960739568
0.98073543569756,0.0,0.0,0.0,-1.9042027050110237,0.0,7.4457819725337995,2.741682348965971,227.45549077431838
0.9807435626580379,0.0,0.0,0.0,-1.9053331579427029,0.0,7.445941121689326,2.741282348965966,227.82902487244036
0.9807516599289053,0.0,0.0,0.0,-1.9064615313609072,0.0,7.44609738495231,2.740882348965997,228.20267154946185
0.980759727656179,0.0,0.0,0.0,-1.9075878297824864,0.0,7.446250778665236,2.7404823489659615,228.57642921881938
0.9807677659849611,0.0,0.0,0.0,-1.9087120577139762,0.0,7.446401319060258,2.7400823489660158,228.95029729030125
0.9807757750594376,0.0,0.0,0.0,-1.9098342196506868,0.0,7.446549022260044,2.739682348965963,229.3242746988156
0.9807837550229035,0.0,0.0,0.0,-1.9109543200788082,0.0,7.4466939042789315,2.7392823489660003,229.69836086949016
0.9807917060177578,0.0,0.0,0.0,-1.9120723634741565,0.0,7.44683598102359,2.738882348965972,230.0725542808775
0.980799628185509,0.0,0.0,0.0,-1.9131883543018722,0.0,7.446975268293882,2.7384823489660013,230.4468548391398
0.9808075216667825,0.0,0.0,0.0,-1.9143022970166208,0.0,7.447111781783674,2.7380823489659853,230.8212617617043
0.9808153866013405,0.0,0.0,0.0,-1.9154141960642388,0.0,7.44724553708193,2.7376823489660143,231.19577362672828
0.9808232231280729,0.0,0.0,0.0,-1.9165240558798453,0.0,7.447376549673314,2.737282348966014,231.57038978440664
0.9808310313850047,0.0,0.0,0.0,-1.9176318808878623,0.0,7.447504834938982,2.736882348966006,231.94510940677992
0.9808388115093115,0.0,0.0,0.0,-1.9187376755032624,0.0,7.447630408157512,2.736482348965979,232.31993213295328
0.9808465636373215,0.0,0.0,0.0,-1.9198414441309848,0.0,7.447753284505815,2.7360823489659882,232.69485607910377
0.9808542879045113,0.0,0.0,0.0,-1.9209431911646666,0.0,7.447873479059488,2.7356823489659625,233.06988166560967
0.9808619844455381,0.0,0.0,0.0,-1.9220429209898617,0.0,7.447991006794348,2.73528234896599,233.44500720818888
0.9808696533942183,0.0,0.0,0.0,-1.9231406379806837,0.0,7.4481058825864865,2.7348823489660017,233.82023191389243
0.9808772948835489,0.0,0.0,0.0,-1.9242363465016326,0.0,7.448218121213518,2.7344823489660097,234.19555537080595
0.9808849090457133,0.0,0.0,0.0,-1.9253300509076483,0.0,7.448327737355189,2.734082348965971,234.57097595271483
0.9808924960120712,0.0,0.0,0.0,-1.9264217555419625,0.0,7.4484347455939925,2.733682348965978,234.94649401781686
0.9809000559131908,0.0,0.0,0.0,-1.9275114647396423,0.0,7.448539160416299,2.7332823489660085,235.32210821028048
0.9809075888788383,0.0,0.0,0.0,-1.9285991828253493,0.0,7.448640996212866,2.7328823489659793,235.69781778272005
0.9809150950379856,0.0,0.0,0.0,-1.9296849141136265,0.0,7.4487402672795815,2.73248234896597,236.07362174811703
0.980922574518816,0.0,0.0,0.0,-1.9307686629089291,0.0,7.4488369878182334,2.7320823489660158,236.44951877848916
0.9809300274487261,0.0,0.0,0.0,-1.9318504335050999,0.0,7.448931171937212,2.731682348965982,236.82550935258473
0.9809374539543577,0.0,0.0,0.0,-1.9329302301887845,0.0,7.449022833652535,2.7312823489659657,237.20159132103345
0.9809448541615496,0.0,0.0,0.0,-1.934008057232442,0.0,7.449111986887872,2.7308823489659675,237.57776489394269
0.9809522281954048,0.0,0.0,0.0,-1.9350839189023843,0.0,7.449198645476119,2.730482348966009,237.9540290582293
0.9809595761802562,0.0,0.0,0.0,-1.9361578194536164,0.0,7.44928282315946,2.7300823489659845,238.3303826224212
0.9809668982396796,0.0,0.0,0.0,-1.9372297631307618,0.0,7.449364533590349,2.7296823489659694,238.70682566297904
0.9809741944965124,0.0,0.0,0.0,-1.9382997541698155,0.0,7.449443790332179,2.729282348965994,239.08335586489005
0.9809814650728368,0.0,0.0,0.0,-1.9393677967953407,0.0,7.449520606859845,2.7288823489659815,239.4599741387642
0.9809887100900152,0.0,0.0,0.0,-1.940433895224279,0.0,7.449594996560695,2.7284823489660033,239.83667860101838
0.9809959296686569,0.0,0.0,0.0,-1.9414980536609732,0.0,7.4496669727347955,2.728082348966014,240.21346935467898
0.981003123928671,0.0,0.0,0.0,-1.9425602763034566,0.0,7.449736548596141,2.72768234896598,240.5903446652918
0.9810102929892194,0.0,0.0,0.0,-1.9436205673364972,0.0,7.449803737272741,2.7272823489660163,240.967304256469
0.9810174369687661,0.0,0.0,0.0,-1.9446789309375354,0.0,7.449868551807728,2.7268823489660052,241.34434777234742
0.9810245559850606,0.0,0.0,0.0,-1.9457353712737446,0.0,7.449931005159824,2.7264823489659644,241.72147332233703
0.9810316501551369,0.0,0.0,0.0,-1.9467898925012423,0.0,7.449991110203858,2.7260823489660106,242.09868104095682
0.9810387195953457,0.0,0.0,0.0,-1.9478424987687544,0.0,7.450048879731794,2.7256823489660182,242.4759699072202
0.981045764421325,0.0,0.0,0.0,-1.9488931942129992,0.0,7.450104326452908,2.7252823489659934,242.85333944363128
0.9810527847480363,0.0,0.0,0.0,-1.9499419829628817,0.0,7.45015746299477,2.7248823489660072,243.2307881608188
0.9810597806897459,0.0,0.0,0.0,-1.950988869136354,0.0,7.450208301903667,2.7244823489659855,243.6083161738028
0.9810667523600471,0.0,0.0,0.0,-1.9520338568427265,0.0,7.450256855645351,2.7240823489659722,243.98592239785717
0.9810736998718507,0.0,0.0,0.0,-1.953076950180718,0.0,7.450303136605507,2.7236823489660127,244.3636058684499
0.9810806233374015,0.0,0.0,0.0,-1.9541181532402028,0.0,7.450347157090536,2.723282348965986,244.74136631106802
0.9810875228682789,0.0,0.0,0.0,-1.9551574701014163,0.0,7.450388929328018,2.7228823489660052,245.11920217502694
0.9810943985753995,0.0,0.0,0.0,-1.9561949048348803,0.0,7.450428465467393,2.7224823489660164,245.4971137365277
0.9811012505690203,0.0,0.0,0.0,-1.9572304615011429,0.0,7.4504657775804874,2.722082348966015,245.875099635097
0.9811080789587494,0.0,0.0,0.0,-1.958264144151578,0.0,7.450500877662156,2.721682348965982,246.2531590564776
0.9811148838535512,0.0,0.0,0.0,-1.9592959568284953,0.0,7.450533777630839,2.721282348966017,246.63129179059695
0.9811216653617404,0.0,0.0,0.0,-1.9603259035638054,0.0,7.450564489329141,2.720882348965963,247.00949695957513
0.9811284235910036,0.0,0.0,0.0,-1.9613539883811766,0.0,7.450593024524444,2.720482348965993,247.38777293759188
0.9811351586483782,0.0,0.0,0.0,-1.9623802152927352,0.0,7.450619394909351,2.7200823489659696,247.76612050318653
0.9811418706402907,0.0,0.0,0.0,-1.9634045883035867,0.0,7.450643612102441,2.719682348965962,248.1445378562821
0.9811485596725362,0.0,0.0,0.0,-1.9644271114084744,0.0,7.450665687648655,2.719282348965987,248.5230243077582
0.9811552258502803,0.0,0.0,0.0,-1.9654477885914172,0.0,7.450685633019917,2.7188823489659715,248.9015797167957
0.9811618692780865,0.0,0.0,0.0,-1.9664666238289248,0.0,7.450703459615706,2.718482348965968,249.28020260779277
0.9811684900598958,0.0,0.0,0.0,-1.9674836210865674,0.0,7.45071917876353,2.7180823489659764,249.65889335484002
0.9811750882990554,0.0,0.0,0.0,-1.96849878432237,0.0,7.450732801719558,2.717682348966006,250.03765042222943
0.9811816640982969,0.0,0.0,0.0,-1.9695121174832628,0.0,7.4507443396690665,2.7172823489660036,250.41647346435457
0.9811882175597553,0.0,0.0,0.0,-1.9705236245070954,0.0,7.450753803727004,2.7168823489660108,250.79536185800595
0.9811947487849878,0.0,0.0,0.0,-1.971533309324706,0.0,7.450761204938564,2.7164823489660055,251.17431397729212
0.9812012578749308,0.0,0.0,0.0,-1.9725411758533629,0.0,7.450766554279574,2.716082348966001,251.5533305391237
0.9812077449299662,0.0,0.0,0.0,-1.9735472280054338,0.0,7.45076986265717,2.7156823489659976,251.93240970337774
0.9812142100498717,0.0,0.0,0.0,-1.974551469680959,0.0,7.450771140910192,2.715282348965983,252.31155127158547
0.9812206533338611,0.0,0.0,0.0,-1.9755539047726267,0.0,7.450770399809745,2.7148823489659755,252.69075406052917
0.9812270748805647,0.0,0.0,0.0,-1.9765545371625832,0.0,7.450767650059671,2.714482348966014,253.07001836563467
0.9812334747880443,0.0,0.0,0.0,-1.9775533707239559,0.0,7.450762902297089,2.714082348966005,253.4493423452597
0.981239853153806,0.0,0.0,0.0,-1.9785504093220578,0.0,7.450756167092845,2.713682348965994,253.82872646832254
0.9812462100747777,0.0,0.0,0.0,-1.979545656810781,0.0,7.450747454952031,2.7132823489659823,254.20816965102756
0.9812525456473458,0.0,0.0,0.0,-1.980539117037139,0.0,7.450736776314451,2.712882348965965,254.587670538223
0.981258859967331,0.0,0.0,0.0,-1.9815307938374134,0.0,7.450724141555106,2.7124823489660077,254.96722863724403
0.9812651531300066,0.0,0.0,0.0,-1.982520691039174,0.0,7.450709560984695,2.712082348965999,255.34684443779082
0.9812714252301067,0.0,0.0,0.0,-1.9835088124618727,0.0,7.450693044850049,2.711682348965971,255.7265154660313
0.9812776763618073,0.0,0.0,0.0,-1.9844951619137186,0.0,7.4506746033346385,2.7112823489659825,256.10624298457356
0.9812839066187626,0.0,0.0,0.0,-1.9854797431962863,0.0,7.450654246559011,2.7108823489659897,256.48602436678334
0.9812901160940775,0.0,0.0,0.0,-1.9864625601000692,0.0,7.450631984581265,2.710482348966002,256.8658604039414
0.9812963048803345,0.0,0.0,0.0,-1.9874436164078773,0.0,7.450607827397513,2.7100823489660177,257.2457498572426
0.981302473069584,0.0,0.0,0.0,-1.9884229158928666,0.0,7.4505817849423135,2.7096823489659783,257.62569240577625
0.9813086207533591,0.0,0.0,0.0,-1.9894004623201762,0.0,7.450553867089106,2.7092823489660045,258.0056865188353
0.9813147480226562,0.0,0.0,0.0,-1.9903762594436838,0.0,7.450524083650773,2.7088823489660023,258.38573235281774
0.9813208549679755,0.0,0.0,0.0,-1.9913503110113018,0.0,7.4504924443799,2.7084823489660055,258.7658289109778
0.981326941679284,0.0,0.0,0.0,-1.9923226207591618,0.0,7.450458958969371,2.708082348965996,259.14597605142853
0.9813330082460543,0.0,0.0,0.0,-1.9932931924167003,0.0,7.450423637052683,2.707682348965963,259.5261726128613
0.981339054757245,0.0,0.0,0.0,-1.994262029703379,0.0,7.450386488204495,2.7072823489659843,259.90641747815494
0.9813450813013125,0.0,0.0,0.0,-1.9952291363298802,0.0,7.450347521940943,2.706882348966013,260.2867108212928
0.9813510879662087,0.0,0.0,0.0,-1.9961945159973595,0.0,7.450306747720181,2.706482348965999,260.66705265932455
0.9813570748394015,0.0,0.0,0.0,-1.9971581723997875,0.0,7.45026417494265,2.7060823489660257,261.0474407605336
0.9813630420078606,0.0,0.0,0.0,-1.9981201092216294,0.0,7.450219812951606,2.7056823489659836,261.4278744859963
0.98136898955806,0.0,0.0,0.0,-1.999080330137518,0.0,7.450173671033558,2.7052823489660223,261.80835425735756
0.9813749175759879,0.0,0.0,0.0,-2.0000388388134698,0.0,7.4501257584186344,2.704882348965983,262.1888791340318
0.9813808261471635,0.0,0.0,0.0,-2.0009956389085777,0.0,7.450076084280857,2.7044823489660024,262.56944802853184
0.9813867153566107,0.0,0.0,0.0,-2.0019507340710185,0.0,7.450024657738799,2.7040823489659935,262.95006071455555
0.9813925852888811,0.0,0.0,0.0,-2.0029041279407296,0.0,7.449971487855848,2.703682348965981,263.33071716634277
0.9813984360280642,0.0,0.0,0.0,-2.003855824150553,0.0,7.449916583640484,2.7032823489660194,263.71141556676196
0.9814042676577668,0.0,0.0,0.0,-2.0048058263227677,0.0,7.449859954046922,2.70288234896599,264.09215513152685
0.9814100802611253,0.0,0.0,0.0,-2.0057541380704116,0.0,7.449801607975412,2.7024823489659626,264.4729370115854
0.9814158739208279,0.0,0.0,0.0,-2.0067007630000577,0.0,7.449741554272448,2.702082348966025,264.85375911540575
0.9814216487190927,0.0,0.0,0.0,-2.007645704708328,0.0,7.449679801731395,2.7016823489659805,265.23462089603834
0.9814274047376838,0.0,0.0,0.0,-2.008588966783586,0.0,7.449616359092709,2.7012823489659867,265.6155218776238
0.9814331420579071,0.0,0.0,0.0,-2.00953055280507,0.0,7.449551235044455,2.700882348966016,265.9964616685105
0.9814388607606237,0.0,0.0,0.0,-2.0104704663443504,0.0,7.4494844382224885,2.700482348965995,266.3774389403785
0.981444560926232,0.0,0.0,0.0,-2.011408710962278,0.0,7.449415977211118,2.7000823489659984,266.75845465512384
0.981450242634706,0.0,0.0,0.0,-2.0123452902142183,0.0,7.449345860543056,2.6996823489660144,267.13950681727965
0.981455905965562,0.0,0.0,0.0,-2.0132802076447014,0.0,7.449274096700213,2.6992823489660154,267.5205950144905
0.9814615509978857,0.0,0.0,0.0,-2.0142134667910527,0.0,7.44920069411374,2.6988823489659666,267.90171882633285
0.9814671778103191,0.0,0.0,0.0,-2.0151450711809424,0.0,7.4491256611645875,2.698482348965995,268.28287789946637
0.9814727864810747,0.0,0.0,0.0,-2.016075024334191,0.0,7.4490490061838015,2.6980823489659675,268.66407077348947
0.9814783770879351,0.0,0.0,0.0,-2.0170033297621908,0.0,7.448970737452792,2.697682348965988,269.0452978989482
0.9814839497082517,0.0,0.0,0.0,-2.0179299909674375,0.0,7.448890863203823,2.69728234896598,269.426557984963
0.9814895044189581,0.0,0.0,0.0,-2.018855011444967,0.0,7.448809391620201,2.696882348965981,269.8078505088845
0.9814950412965572,0.0,0.0,0.0,-2.0197783946801438,0.0,7.448726330836818,2.6964823489659873,270.1891751533393
0.9815005604171368,0.0,0.0,0.0,-2.0207001441505588,0.0,7.448641688940318,2.69608234896602,270.5705309315241
0.9815060618563711,0.0,0.0,0.0,-2.021620263325829,0.0,7.44855547396948,2.6956823489660087,270.95191733699767
0.9815115456895134,0.0,0.0,0.0,-2.022538755666142,0.0,7.448467693915674,2.6952823489660105,271.33333384688547
0.9815170119914117,0.0,0.0,0.0,-2.023455624624215,0.0,7.4483783567229995,2.694882348966014,271.7147805706792
0.9815224608365059,0.0,0.0,0.0,-2.0243708736444175,0.0,7.448287470288707,2.694482348965992,272.09625600259324
0.9815278922988273,0.0,0.0,0.0,-2.0252845061624116,0.0,7.448195042463601,2.694082348965999,272.47775909206405
0.9815333064520024,0.0,0.0,0.0,-2.0261965256052443,0.0,7.448101081052302,2.693682348965991,272.8592904462862
0.9815387033692631,0.0,0.0,0.0,-2.027106935392548,0.0,7.448005593813477,2.6932823489659787,273.2408497890516
0.9815440831234465,0.0,0.0,0.0,-2.0280157389361544,0.0,7.447908588460206,2.6928823489660134,273.6224341406793
0.98154944578698,0.0,0.0,0.0,-2.028922939637425,0.0,7.4478100726605785,2.6924823489659904,274.0040454722273
0.9815547914319142,0.0,0.0,0.0,-2.0298285408918546,0.0,7.447710054037476,2.692082348966024,274.3856813151166
0.9815601201298985,0.0,0.0,0.0,-2.030732546085078,0.0,7.447608540169432,2.6916823489660073,274.76734246007345
0.9815654319522044,0.0,0.0,0.0,-2.0316349585959124,0.0,7.447505538590448,2.691282348965995,275.14902783271793
0.9815707269697098,0.0,0.0,0.0,-2.032535781793706,0.0,7.447401056790751,2.6908823489660163,275.5307373766759
0.9815760052529168,0.0,0.0,0.0,-2.03343501904063,0.0,7.447295102216739,2.6904823489660084,275.91246994232097
0.9815812668719455,0.0,0.0,0.0,-2.034332673690425,0.0,7.447187682271505,2.6900823489659675,276.29422491542994
0.9815865118965404,0.0,0.0,0.0,-2.0352287490889442,0.0,7.4470788043149465,2.68968234896599,276.6760008084376
0.9815917403960653,0.0,0.0,0.0,-2.036123248573065,0.0,7.446968475664395,2.689282348966027,277.0577989055033
0.9815969524395207,0.0,0.0,0.0,-2.037016175473032,0.0,7.446856703594453,2.688882348965979,277.4396175355405
0.9816021480955223,0.0,0.0,0.0,-2.0379075331087044,0.0,7.446743495337852,2.6884823489659846,277.8214572167742
0.9816073274323407,0.0,0.0,0.0,-2.0387973247954134,0.0,7.446628858084924,2.6880823489659766,278.2033153450533
0.9816124905178599,0.0,0.0,0.0,-2.0396855538371614,0.0,7.446512798984874,2.6876823489659607,278.58519325918337
0.981617637419612,0.0,0.0,0.0,-2.0405722235316186,0.0,7.446395325145291,2.687282348966014,278.9670896221472
0.9816227682047682,0.0,0.0,0.0,-2.0414573371684694,0.0,7.4462764436327795,2.686882348965976,279.349003672726
0.9816278829401338,0.0,0.0,0.0,-2.042340898028188,0.0,7.44615616147333,2.6864823489660017,279.7309359730157
0.981632981692169,0.0,0.0,0.0,-2.043222909385005,0.0,7.446034485652165,2.686082348966007,280.1128837540916
0.9816380645269734,0.0,0.0,0.0,-2.044103374504169,0.0,7.445911423114506,2.6856823489659654,280.4948486510142
0.9816431315102969,0.0,0.0,0.0,-2.044982296643159,0.0,7.445786980765582,2.685282348965993,280.87682874551376
0.9816481827075415,0.0,0.0,0.0,-2.0458596790518504,0.0,7.44566116547095,2.6848823489660196,281.25882402493266
0.9816532181837612,0.0,0.0,0.0,-2.0467355249720285,0.0,7.445533984056745,2.68448234896601,281.64083407481405
0.981658238003663,0.0,0.0,0.0,-2.0476098376372582,0.0,7.445405443310123,2.684082348966003,282.02285843236643
0.9816632422316169,0.0,0.0,0.0,-2.0484826202740654,0.0,7.445275549979165,2.6836823489659984,282.4048958456449
0.9816682309316475,0.0,0.0,0.0,-2.0493538761003673,0.0,7.445144310773539,2.6832823489660083,282.78694649703993
0.9816732041674464,0.0,0.0,0.0,-2.0502236083271166,0.0,7.445011732364441,2.6828823489659728,283.1690089138323
0.9816781620023683,0.0,0.0,0.0,-2.051091820157217,0.0,7.444877821384991,2.682482348966026,283.5510827901902
0.9816831044994233,0.0,0.0,0.0,-2.0519585147841983,0.0,7.444742584430821,2.682082348966013,283.93316914838715
0.9816880317213059,0.0,0.0,0.0,-2.0528236953963073,0.0,7.444606028059565,2.681682348965996,284.3152668140083
0.9816929437303753,0.0,0.0,0.0,-2.0536873651731344,0.0,7.444468158791678,2.6812823489659987,284.6973731205975
0.9816978405886574,0.0,0.0,0.0,-2.0545495272856713,0.0,7.444328983110779,2.6808823489659783,285.07949009800257
0.9817027223578624,0.0,0.0,0.0,-2.055410184898681,0.0,7.444188507463388,2.680482348966005,285.46161594585874
0.9817075890993712,0.0,0.0,0.0,-2.056269341168337,0.0,7.4440467382595905,2.680082348966029,285.8437492962905
0.9817124408742407,0.0,0.0,0.0,-2.0571269992427164,0.0,7.4439036818733095,2.6796823489660158,286.2258920247199
0.9817172777432183,0.0,0.0,0.0,-2.0579831622637355,0.0,7.443759344642068,2.679282348965983,286.6080414221682
0.9817220997667262,0.0,0.0,0.0,-2.0588378333644477,0.0,7.4436137328678385,2.678882348966021,286.9901983685361
0.9817269070048736,0.0,0.0,0.0,-2.059691015670653,0.0,7.443466852816937,2.6784823489660265,287.3723618005763
0.9817316995174556,0.0,0.0,0.0,-2.060542712300396,0.0,7.443318710720374,2.6780823489659946,287.75452966418084
0.9817364773639585,0.0,0.0,0.0,-2.0613929263645074,0.0,7.443169312773914,2.6776823489660257,288.13670393225595
0.9817412406035557,0.0,0.0,0.0,-2.0622416609657486,0.0,7.443018665138628,2.6772823489660027,288.51888308004936
0.9817459892951151,0.0,0.0,0.0,-2.0630889191995663,0.0,7.442866773940857,2.676882348966026,288.9010670908541
0.9817507234972052,0.0,0.0,0.0,-2.063934704154867,0.0,7.442713645272326,2.6764823489659726,289.2832539837922
0.981755443268084,0.0,0.0,0.0,-2.0647790189119184,0.0,7.442559285190898,2.6760823489660135,289.66544457832526
0.9817601486657085,0.0,0.0,0.0,-2.0656218665436445,0.0,7.442403699720279,2.6756823489659682,290.0476366979351
0.9817648397477305,0.0,0.0,0.0,-2.066463250114541,0.0,7.442246894850832,2.675282348965996,290.42983239519117
0.9817695165715201,0.0,0.0,0.0,-2.067303172684256,0.0,7.4420888765387065,2.674882348966002,290.8120291270825
0.9817741791941372,0.0,0.0,0.0,-2.0681416373027544,0.0,7.441929650707352,2.6744823489659986,291.1942278153805
0.981778827672354,0.0,0.0,0.0,-2.068978647013575,0.0,7.4417692232469115,2.674082348965978,291.5764262542075
0.9817834620626448,0.0,0.0,0.0,-2.0698142048519483,0.0,7.441607600014932,2.673682348966005,291.9586253258934
0.9817880824212035,0.0,0.0,0.0,-2.070648313847391,0.0,7.44144478683585,2.673282348965988,292.3408237663464
0.9817926888039268,0.0,0.0,0.0,-2.071480977020592,0.0,7.441280789502117,2.67288234896602,292.7230211514858
0.981797281266426,0.0,0.0,0.0,-2.0723121973852123,0.0,7.441115613773842,2.672482348966029,293.10521713125456
0.9818018598640273,0.0,0.0,0.0,-2.0731419779475653,0.0,7.4409492653792375,2.67208234896598,293.48741115632185
0.9818064246517797,0.0,0.0,0.0,-2.073970321707542,0.0,7.440781750014485,2.671682348965976,293.86960290149636
0.9818109756844413,0.0,0.0,0.0,-2.074797231656341,0.0,7.4406130733445135,2.6712823489660034,294.251790913733
0.9818155130164947,0.0,0.0,0.0,-2.0756227107785405,0.0,7.440443241002745,2.670882348966,294.633976871187
0.9818200367021479,0.0,0.0,0.0,-2.0764467620519973,0.0,7.440272258591361,2.670482348966016,295.01615829211005
0.9818245467953253,0.0,0.0,0.0,-2.0772693884461884,0.0,7.44010013168183,2.670082348966016,295.3983346043217
0.9818290433496827,0.0,0.0,0.0,-2.0780905929243443,0.0,7.439926865814615,2.6696823489659716,295.78050599125413
0.9818335264185984,0.0,0.0,0.0,-2.078910378441709,0.0,7.439752466499943,2.669282348966009,296.16267294620764
0.9818379960551888,0.0,0.0,0.0,-2.079728747947902,0.0,7.439576939217095,2.6688823489659654,296.54483191482905
0.9818424523122852,0.0,0.0,0.0,-2.0805457043828164,0.0,7.439400289416068,2.6684823489659637,296.92698579126613
0.9818468952424622,0.0,0.0,0.0,-2.0813612506810486,0.0,7.439222522516289,2.6680823489660312,297.3091327713395
0.9818513248980286,0.0,0.0,0.0,-2.0821753897701707,0.0,7.43904364390743,2.6676823489660118,297.69127211514126
0.9818557413310252,0.0,0.0,0.0,-2.082988124570004,0.0,7.438863658949817,2.6672823489659727,298.07340312242695
0.9818601445932242,0.0,0.0,0.0,-2.08379945799243,0.0,7.438682572974565,2.6668823489660287,298.4555250793253
0.981864534736147,0.0,0.0,0.0,-2.0846093929439493,0.0,7.438500391283224,2.666482348966018,298.83763854726715
0.9818689118110475,0.0,0.0,0.0,-2.085417932322775,0.0,7.4383171191485475,2.666082348966002,299.21974344119656
0.9818732758689289,0.0,0.0,0.0,-2.086225079021252,0.0,7.438132761814305,2.665682348966018,299.60183599988216
0.9818776269605236,0.0,0.0,0.0,-2.0870308359224294,0.0,7.437947324496194,2.665282348966022,299.98392077377866
0.9818819651363303,0.0,0.0,0.0,-2.0878352059058334,0.0,7.437760812380557,2.6648823489659597,300.36599248602386
0.9818862904465723,0.0,0.0,0.0,-2.0886381918403587,0.0,7.43757323062646,2.6644823489660308,300.74805427247816
0.981890602941235,0.0,0.0,0.0,-2.089439796590333,0.0,7.437384584364241,2.6640823489660272,301.1301032910642
0.9818949026700489,0.0,0.0,0.0,-2.0902400230123175,0.0,7.437194878696579,2.6636823489660015,301.5121395673948
0.9818991896824961,0.0,0.0,0.0,-2.091038873956041,0.0,7.437004118698386,2.6632823489660113,301.89416309521414
0.9819034640278068,0.0,0.0,0.0,-2.0918363522635675,0.0,7.436812309417317,2.6628823489659723,302.2761738637072
0.9819077257549733,0.0,0.0,0.0,-2.0926324607713505,0.0,7.436619455873258,2.6624823489660088,302.65816949342604
0.9819119749127343,0.0,0.0,0.0,-2.0934272023074834,0.0,7.436425563059312,2.6620823489660355,303.0401522090955
0.9819162115495952,0.0,0.0,0.0,-2.094220579694778,0.0,7.436230635941193,2.6616823489659662,303.422120254804
0.9819204357138135,0.0,0.0,0.0,-2.095012595748068,0.0,7.436034679458038,2.6612823489659876,303.8040724859526
0.9819246474534108,0.0,0.0,0.0,-2.095803253276093,0.0,7.435837698522125,2.6608823489659903,304.18600774561446
0.9819288468161659,0.0,0.0,0.0,-2.0965925550800457,0.0,7.435639698019485,2.660482348965984,304.5679272018215
0.9819330338496187,0.0,0.0,0.0,-2.0973805039540228,0.0,7.435440682809901,2.6600823489660286,304.9498294236356
0.9819372086010804,0.0,0.0,0.0,-2.0981671026864928,0.0,7.435240657726603,2.659682348966018,305.33171528238165
0.9819413711176235,0.0,0.0,0.0,-2.0989523540584534,0.0,7.435039627577151,2.659282348965963,305.71358404806267
0.9819455214460853,0.0,0.0,0.0,-2.0997362608436836,0.0,7.434837597143335,2.6588823489660127,306.0954331940087
0.9819496596330778,0.0,0.0,0.0,-2.1005188258103433,0.0,7.434634571180943,2.6584823489660305,306.4772647445478
0.9819537857249802,0.0,0.0,0.0,-2.1013000517193845,0.0,7.434430554420491,2.658082348965965,306.8590766503736
0.9819578997679391,0.0,0.0,0.0,-2.102079941324393,0.0,7.4342255515673275,2.6576823489659978,307.2408682669044
0.9819620018078759,0.0,0.0,0.0,-2.102858497372635,0.0,7.434019567301464,2.657282348965987,307.6226414157745
0.9819660918904937,0.0,0.0,0.0,-2.1036357226060285,0.0,7.43381260627755,2.656882348965964,308.0043920344492
0.9819701700612546,0.0,0.0,0.0,-2.104411619757065,0.0,7.433604673126216,2.6564823489659766,308.38612305981474
0.9819742363654117,0.0,0.0,0.0,-2.105186191553974,0.0,7.433395772452689,2.6560823489660033,308.767833123017
0.9819782908479927,0.0,0.0,0.0,-2.105959440717866,0.0,7.43318590883776,2.6556823489659713,309.1495200330762
0.9819823335537979,0.0,0.0,0.0,-2.1067313699620414,0.0,7.432975086838213,2.6552823489660096,309.5311844351603
0.9819863645274183,0.0,0.0,0.0,-2.107501981994944,0.0,7.432763310986063,2.654882348965966,309.91282627340695
0.9819903838132213,0.0,0.0,0.0,-2.1082712795175014,0.0,7.4325505857896195,2.6544823489660025,310.29444549422817
0.9819943914553525,0.0,0.0,0.0,-2.1090392652232315,0.0,7.432336915733332,2.6540823489659733,310.67603898940513
0.9819983874977519,0.0,0.0,0.0,-2.1098059418007793,0.0,7.43212230527754,2.6536823489660017,311.0576094254833
0.982002371984138,0.0,0.0,0.0,-2.1105713119310345,0.0,7.431906758859237,2.6532823489660107,311.43915540135083
0.9820063449580192,0.0,0.0,0.0,-2.1113353782888864,0.0,7.431690280891892,2.6528823489659867,311.82067726465414
0.9820103064626949,0.0,0.0,0.0,-2.112098143543135,0.0,7.4314728757652455,2.65248234896601,312.20217066187183
0.9820142565412483,0.0,0.0,0.0,-2.1128596103551542,0.0,7.431254547846463,2.6520823489660286,312.58364067875664
0.9820181952365566,0.0,0.0,0.0,-2.1136197813804456,0.0,7.431035301479236,2.6516823489659753,312.96508258545714
0.9820221225912865,0.0,0.0,0.0,-2.1143786592675258,0.0,7.4308151409847225,2.651282348966032,313.34649805078857
0.9820260386479054,0.0,0.0,0.0,-2.1151362466598838,0.0,7.430594070660716,2.6508823489659576,313.72788578490713
0.9820299434486606,0.0,0.0,0.0,-2.115892546192009,0.0,7.430372094783217,2.6504823489659834,314.1092459978023
0.9820338370356138,0.0,0.0,0.0,-2.1166475604952417,0.0,7.430149217604885,2.6500823489660092,314.49057652183876
0.9820377194506045,0.0,0.0,0.0,-2.117401292191305,0.0,7.4299254433569075,2.6496823489659853,314.8718804276989
0.9820415907352876,0.0,0.0,0.0,-2.1181537438984726,0.0,7.429700776247319,2.6492823489659605,315.25315363721757
0.9820454509310999,0.0,0.0,0.0,-2.118904918225701,0.0,7.429475220463248,2.6488823489659614,315.6343978205365
0.9820493000792953,0.0,0.0,0.0,-2.1196548177785277,0.0,7.429248780168711,2.6484823489659677,316.015611227362
0.9820531382209193,0.0,0.0,0.0,-2.120403445154425,0.0,7.42902145950669,2.648082348966029,316.3967927321596
0.9820569653968172,0.0,0.0,0.0,-2.1211508029440767,0.0,7.428793262598587,2.647682348965997,316.7779463514729
0.9820607816476501,0.0,0.0,0.0,-2.121896893733911,0.0,7.428564193543711,2.64728234896599,317.15906742405286
0.9820645870138757,0.0,0.0,0.0,-2.1226417201026355,0.0,7.428334256420202,2.6468823489660354,317.54015552314695
0.9820683815357554,0.0,0.0,0.0,-2.1233852846223495,0.0,7.4281034552852985,2.646482348965975,317.92121151740685
0.9820721652533617,0.0,0.0,0.0,-2.124127589859472,0.0,7.427871794175,2.6460823489660026,318.30223646974423
0.9820759382065832,0.0,0.0,0.0,-2.1248686383755895,0.0,7.4276392771035455,2.6456823489659786,318.68322541240514
0.982079700435102,0.0,0.0,0.0,-2.125608432723285,0.0,7.427405908065505,2.6452823489659876,319.0641824702418
0.9820834519784183,0.0,0.0,0.0,-2.126346975450304,0.0,7.427171691034105,2.644882348966007,319.44510519331527
0.9820871928758498,0.0,0.0,0.0,-2.127084269099159,0.0,7.426936629961731,2.644482348965985,319.8259939716752
0.9820909231665211,0.0,0.0,0.0,-2.1278203162052085,0.0,7.426700728780576,2.6440823489659806,320.2068457539493
0.9820946428893679,0.0,0.0,0.0,-2.128555119297145,0.0,7.426463991402668,2.6436823489660313,320.58766362075596
0.982098352083147,0.0,0.0,0.0,-2.129288680898701,0.0,7.426226421719375,2.643282348965987,320.9684461210022
0.9821020507864243,0.0,0.0,0.0,-2.1300210035261813,0.0,7.425988023602409,2.6428823489660074,321.34919143851903
0.9821057390375915,0.0,0.0,0.0,-2.1307520896913577,0.0,7.4257488009029595,2.6424823489660056,321.72990068938543
0.9821094168748495,0.0,0.0,0.0,-2.1314819418983975,0.0,7.425508757452893,2.6420823489660314,322.1105726338951
0.9821130843362271,0.0,0.0,0.0,-2.1322105626468644,0.0,7.42526789706381,2.6416823489660075,322.4912065958564
0.9821167414595628,0.0,0.0,0.0,-2.13293795442847,0.0,7.4250262235282785,2.641282348966034,322.87180219596905
0.9821203882825257,0.0,0.0,0.0,-2.1336641197305104,0.0,7.424783740618842,2.6408823489660334,323.2523604340555
0.9821240248426032,0.0,0.0,0.0,-2.1343890610336085,0.0,7.424540452088811,2.640482348965997,323.63287901738363
0.9821276511771068,0.0,0.0,0.0,-2.135112780812444,0.0,7.424296361672309,2.6400823489660414,324.0133585981289
0.9821312673231691,0.0,0.0,0.0,-2.1358352815352672,0.0,7.424051473084324,2.639682348965988,324.3937980534089
0.982134873317749,0.0,0.0,0.0,-2.1365565656643715,0.0,7.423805790020938,2.639282348966038,324.77419954130767
0.9821384691976379,0.0,0.0,0.0,-2.1372766356573454,0.0,7.423559316158732,2.638882348966039,325.15455843448603
0.982142054999447,0.0,0.0,0.0,-2.1379954939643886,0.0,7.423312055156111,2.6384823489660416,325.534875757676
0.9821456307596181,0.0,0.0,0.0,-2.138713143030297,0.0,7.42306401065254,2.6380823489659813,325.9151531192824
0.982149196514422,0.0,0.0,0.0,-2.139429585293761,0.0,7.42281518626893,2.6376823489660417,326.2953889316009
0.982152752299962,0.0,0.0,0.0,-2.140144823188127,0.0,7.422565585607486,2.637282348966041,326.6755815240896
0.9821562981521695,0.0,0.0,0.0,-2.1408588591402395,0.0,7.42231521225247,2.63688234896601,327.05573146240533
0.9821598341068078,0.0,0.0,0.0,-2.141571695571035,0.0,7.422064069769725,2.6364823489659734,327.43584005359264
0.9821633601994774,0.0,0.0,0.0,-2.142283334896291,0.0,7.421812161706761,2.6360823489660117,327.8159026117762
0.9821668764656073,0.0,0.0,0.0,-2.1429937795250726,0.0,7.421559491593308,2.6356823489660313,328.1959228293979
0.9821703829404642,0.0,0.0,0.0,-2.1437030318610155,0.0,7.421306062941111,2.635282348966026,328.5758987392843
0.982173879659149,0.0,0.0,0.0,-2.144411094301678,0.0,7.421051879244247,2.6348823489659754,328.955829098688
0.9821773666566065,0.0,0.0,0.0,-2.145117969240016,0.0,7.420796943978483,2.634482348966002,329.3357136418832
0.9821808439676055,0.0,0.0,0.0,-2.145823659060891,0.0,7.420541260602848,2.6340823489659746,329.71555422599226
0.9821843116267668,0.0,0.0,0.0,-2.146528166145635,0.0,7.4202848325582345,2.633682348965987,330.0953493747344
0.9821877696685457,0.0,0.0,0.0,-2.1472314928690155,0.0,7.42002766326827,2.6332823489660386,330.47509563662277
0.9821912181272326,0.0,0.0,0.0,-2.1479336415991117,0.0,7.419769756139685,2.632882348965995,330.8547970437604
0.9821946570369676,0.0,0.0,0.0,-2.1486346146996826,0.0,7.41951111456152,2.6324823489660076,331.23445198125523
0.9821980864317289,0.0,0.0,0.0,-2.149334414528134,0.0,7.419251741905847,2.6320823489659615,331.6140589903806
0.9822015063453373,0.0,0.0,0.0,-2.150033043436011,0.0,7.418991641528074,2.631682348966029,331.99361875649925
0.9822049168114653,0.0,0.0,0.0,-2.1507305037706153,0.0,7.418730816765851,2.6312823489659705,332.3731261570988
0.982208317863611,0.0,0.0,0.0,-2.1514267978701,0.0,7.418469270941677,2.630882348965989,332.75258887623977
0.982211709535143,0.0,0.0,0.0,-2.1521219280714203,0.0,7.418207007359469,2.6304823489659643,333.13199953305923
0.9822150918592564,0.0,0.0,0.0,-2.152815896702227,0.0,7.41794402930802,2.6300823489660266,333.5113628941857
0.9822184648690064,0.0,0.0,0.0,-2.153508706086953,0.0,7.417680340058728,2.6296823489659626,333.8906754515615
0.9822218285972877,0.0,0.0,0.0,-2.1542003585426666,0.0,7.417415942867231,2.629282348966014,334.26993701994513
0.9822251830768508,0.0,0.0,0.0,-2.154890856382205,0.0,7.417150840972415,2.628882348965978,334.6491475137341
0.9822285283402913,0.0,0.0,0.0,-2.155580201911822,0.0,7.416885037597298,2.628482348965986,335.0283086724065
0.9822318644200592,0.0,0.0,0.0,-2.156268397432911,0.0,7.4166185359485395,2.6280823489660037,335.40741665398536
0.9822351913484563,0.0,0.0,0.0,-2.156955445241343,0.0,7.416351339216783,2.6276823489659806,335.78647321413973
0.9822385091576287,0.0,0.0,0.0,-2.1576413476259564,0.0,7.416083450577315,2.627282348965969,336.1654776936724
0.9822418178795894,0.0,0.0,0.0,-2.1583261068725146,0.0,7.4158148731886815,2.626882348966036,336.544428645455
0.9822451175461968,0.0,0.0,0.0,-2.1590097252597436,0.0,7.415545610194234,2.6264823489660003,336.92332579092204
0.9822484081891644,0.0,0.0,0.0,-2.1596922050608636,0.0,7.415275664721805,2.626082348965981,337.30217098686796
0.9822516898400607,0.0,0.0,0.0,-2.1603735485435287,0.0,7.41500503988368,2.6256823489660004,337.68096212938804
0.9822549625303132,0.0,0.0,0.0,-2.16105375797033,0.0,7.414733738776486,2.625282348966018,338.0596982261965
0.9822582262912098,0.0,0.0,0.0,-2.1617328355990226,0.0,7.414461764481098,2.624882348966038,338.43837981934723
0.9822614811538922,0.0,0.0,0.0,-2.1624107836811053,0.0,7.4141891200637735,2.624482348966003,338.8170054773101
0.9822647271493579,0.0,0.0,0.0,-2.1630876044621012,0.0,7.413915808575586,2.6240823489660183,339.1955761631175
0.9822679643084681,0.0,0.0,0.0,-2.163763300182909,0.0,7.4136418330522735,2.623682348966007,339.5740912698799
0.9822711926619471,0.0,0.0,0.0,-2.1644378730794456,0.0,7.413367196514309,2.6232823489660317,339.9525489660897
0.9822744122403716,0.0,0.0,0.0,-2.1651113253807237,0.0,7.41309190196801,2.622882348966022,340.3309526827363
0.9822776230741921,0.0,0.0,0.0,-2.165783659312474,0.0,7.412815952403877,2.6224823489660327,340.70929796822907
0.9822808251937132,0.0,0.0,0.0,-2.1664548770935625,0.0,7.412539350798252,2.6220823489660408,341.08758465029155
0.9822840186291034,0.0,0.0,0.0,-2.1671249809375936,0.0,7.412262100112959,2.621682348966023,341.46581460811444
0.9822872034103958,0.0,0.0,0.0,-2.167793973052878,0.0,7.411984203295113,2.621282348966006,341.8439861471436
0.9822903795674933,0.0,0.0,0.0,-2.168461855643347,0.0,7.411705663276837,2.620882348966033,342.2220984831524
0.9822935471301589,0.0,0.0,0.0,-2.1691286309066005,0.0,7.411426482976508,2.620482348965992,342.60015203950525
0.9822967061280252,0.0,0.0,0.0,-2.1697943010355023,0.0,7.411146665297835,2.620082348966042,342.97814620612087
0.9822998565905892,0.0,0.0,0.0,-2.1704588682172083,0.0,7.410866213130356,2.6196823489660233,343.3560807825968
0.9823029985472155,0.0,0.0,0.0,-2.171122334633551,0.0,7.410585129349714,2.619282348966,343.73395580486965
0.9823061320271438,0.0,0.0,0.0,-2.171784702462278,0.0,7.410303416816759,2.618882348965977,344.111770076247
0.9823092570594729,0.0,0.0,0.0,-2.17244597387406,0.0,7.4100210783792,2.618482348966028,344.48952260486715
0.9823123736731794,0.0,0.0,0.0,-2.173106151035794,0.0,7.409738116870226,2.618082348966009,344.86721460120566
0.9823154818971064,0.0,0.0,0.0,-2.1737652361083986,0.0,7.409454535109586,2.6176823489660386,345.2448444674951
0.9823185817599736,0.0,0.0,0.0,-2.174423231248554,0.0,7.409170335902622,2.6172823489659933,345.6224113668402
0.9823216732903616,0.0,0.0,0.0,-2.1750801386056953,0.0,7.408885522042337,2.61688234896603,345.9999200019935
0.9823247565167367,0.0,0.0,0.0,-2.1757359603264854,0.0,7.4086000963065,2.6164823489660236,346.3773626738074
0.9823278314674354,0.0,0.0,0.0,-2.1763906985518275,0.0,7.408314061460048,2.6160823489660148,346.7547414959615
0.9823308981706618,0.0,0.0,0.0,-2.177044355416265,0.0,7.40802742025492,2.6156823489660104,347.132057045437
0.9823339566544989,0.0,0.0,0.0,-2.177696933050003,0.0,7.407740175429216,2.6152823489659918,347.509309950339
0.9823370069469065,0.0,0.0,0.0,-2.1783484335783534,0.0,7.407452329707796,2.6148823489660025,347.8864970381361
0.9823400490757179,0.0,0.0,0.0,-2.1789988591210165,0.0,7.407163885802528,2.614482348966047,348.2636232588359
0.9823430830686484,0.0,0.0,0.0,-2.17964821179361,0.0,7.406874846411374,2.614082348965967,348.6406810882013
0.9823461089532843,0.0,0.0,0.0,-2.180296493705444,0.0,7.406585214220259,2.613682348965966,349.017674551201
0.9823491267570936,0.0,0.0,0.0,-2.1809437069614153,0.0,7.40629499190145,2.6132823489659582,349.3946019652865
0.9823521365074234,0.0,0.0,0.0,-2.181589853661432,0.0,7.406004182114495,2.612882348966031,349.7714623521339
0.9823551382314938,0.0,0.0,0.0,-2.1822349358992574,0.0,7.405712787506487,2.612482348966007,350.14825803814847
0.9823581319564184,0.0,0.0,0.0,-2.182878955765998,0.0,7.40542081071073,2.6120823489660285,350.5249850761312
0.9823611177091758,0.0,0.0,0.0,-2.1835219153449104,0.0,7.405128254348949,2.6116823489659735,350.9016470934399
0.9823640955166386,0.0,0.0,0.0,-2.184163816716557,0.0,7.4048351210295404,2.611282348966003,351.2782401734489
0.9823670654055561,0.0,0.0,0.0,-2.1848046619555475,0.0,7.40454141334832,2.610882348966034,351.6547656809968
0.9823700274025593,0.0,0.0,0.0,-2.1854444531313995,0.0,7.404247133889028,2.610482348965995,352.03122123899914
0.9823729815341627,0.0,0.0,0.0,-2.186083192308632,0.0,7.403952285223003,2.6100823489660474,352.4076096117667
0.9823759278267629,0.0,0.0,0.0,-2.1867208815465564,0.0,7.403656869909065,2.609682348965963,352.7839308921996
0.9823788663066502,0.0,0.0,0.0,-2.1873575229012183,0.0,7.403360890493327,2.60928234896602,353.16018054839765
0.9823817969999892,0.0,0.0,0.0,-2.1879931184218004,0.0,7.403064349510262,2.608882348965982,353.53636278858664
0.9823847199328375,0.0,0.0,0.0,-2.1886276701538585,0.0,7.402767249482017,2.6084823489660094,353.91247174765897
0.9823876351311331,0.0,0.0,0.0,-2.189261180137027,0.0,7.402469592918695,2.6080823489659695,354.2885135984785
0.9823905426207057,0.0,0.0,0.0,-2.1898936504068494,0.0,7.402171382318399,2.607682348966037,354.6644795385138
0.9823934424272701,0.0,0.0,0.0,-2.1905250829936884,0.0,7.4018726201672065,2.6072823489660415,355.040378560969
0.9823963345764265,0.0,0.0,0.0,-2.1911554799224495,0.0,7.40157330893979,2.6068823489659936,355.41620500769307
0.9823992190936703,0.0,0.0,0.0,-2.1917848432144207,0.0,7.401273451098179,2.606482348966015,355.79196001609364
0.9824020960043842,0.0,0.0,0.0,-2.1924131748856976,0.0,7.400973049093124,2.6060823489660256,356.1676415701203
0.9824049653338387,0.0,0.0,0.0,-2.1930404769471994,0.0,7.400672105363662,2.6056823489659733,356.54325205320185
0.982407827107191,0.0,0.0,0.0,-2.193666751404274,0.0,7.4003706223376975,2.605282348966041,356.9187890511
0.9824106813494993,0.0,0.0,0.0,-2.1942920002594253,0.0,7.400068602430708,2.604882348966016,357.29425364813756
0.9824135280857077,0.0,0.0,0.0,-2.1949162255092527,0.0,7.399766048047068,2.6044823489660187,357.66964277588215
0.9824163673406486,0.0,0.0,0.0,-2.1955394291448878,0.0,7.399462961580165,2.6040823489659726,358.044959118369
0.9824191991390518,0.0,0.0,0.0,-2.196161613153532,0.0,7.399159345411743,2.603682348966027,358.42020078028804
0.9824220235055423,0.0,0.0,0.0,-2.1967827795180654,0.0,7.3988552019118465,2.6032823489660473,358.7953691069549
0.9824248404646374,0.0,0.0,0.0,-2.197402930216339,0.0,7.398550533439511,2.602882348966032,359.1704607154908
0.982427650040744,0.0,0.0,0.0,-2.1980220672205464,0.0,7.398245342343128,2.602482348965988,359.54547655990825
0.9824304522581722,0.0,0.0,0.0,-2.1986401924997474,0.0,7.3979396309593515,2.602082348965989,359.92041677485327
0.9824332471411202,0.0,0.0,0.0,-2.1992573080169167,0.0,7.397633401614121,2.601682348966004,360.295280860308
0.9824360347136846,0.0,0.0,0.0,-2.1998734157307447,0.0,7.397326656622414,2.601282348966018,360.67007207530287
0.9824388149998615,0.0,0.0,0.0,-2.2004885175958937,0.0,7.397019398288086,2.6008823489659925,361.0447837047527
0.9824415880235424,0.0,0.0,0.0,-2.201102615561943,0.0,7.396711628904011,2.600482348965973,361.4194163430735
0.9824443538085125,0.0,0.0,0.0,-2.2017157115730996,0.0,7.396403350753049,2.6000823489660423,361.7939741476629
0.9824471123784604,0.0,0.0,0.0,-2.2023278075699944,0.0,7.396094566106312,2.5996823489660468,362.16845387108003
0.982449863756973,0.0,0.0,0.0,-2.202938905488472,0.0,7.395785277224892,2.599282348966031,362.5428547827379
0.9824526079675344,0.0,0.0,0.0,-2.203549007259425,0.0,7.395475486358799,2.598882348966014,362.9171794972732
0.9824553450335297,0.0,0.0,0.0,-2.204158114809345,0.0,7.3951651957479365,2.59848234896596,363.29142210577925
0.9824580749782424,0.0,0.0,0.0,-2.204766230059784,0.0,7.394854407621534,2.5980823489660176,363.66558617939404
0.9824607978248591,0.0,0.0,0.0,-2.20537335492819,0.0,7.39454312419829,2.5976823489659635,364.03967160310333
0.982463513596467,0.0,0.0,0.0,-2.2059794913272914,0.0,7.394231347686504,2.5972823489659858,364.41367843499756
0.9824662223160523,0.0,0.0,0.0,-2.2065846411647283,0.0,7.393919080284568,2.5968823489659645,364.78760550676316
0.9824689240065124,0.0,0.0,0.0,-2.2071888063452665,0.0,7.3936063241795456,2.5964823489660462,365.16144814025154
0.9824716186906348,0.0,0.0,0.0,-2.207791988766781,0.0,7.393293081549624,2.5960823489660187,365.53521350803976
0.9824743063911219,0.0,0.0,0.0,-2.2083941903247597,0.0,7.392979354561662,2.595682348966034,365.90889675926417
0.9824769871305713,0.0,0.0,0.0,-2.2089954129086284,0.0,7.392665145373341,2.595282348965961,366.2824988531597
0.9824796609314903,0.0,0.0,0.0,-2.209595658404225,0.0,7.392350456131667,2.5948823489660384,366.65601768766044
0.9824823278162905,0.0,0.0,0.0,-2.210194928692939,0.0,7.3920352889736884,2.5944823489660234,367.02945543256715
0.9824849878072849,0.0,0.0,0.0,-2.2107932256508547,0.0,7.391719646027033,2.594082348965993,367.40280958394567
0.982487640926695,0.0,0.0,0.0,-2.211390551150171,0.0,7.391403529408966,2.5936823489659844,367.7760835496525
0.982490287196653,0.0,0.0,0.0,-2.2119869070594156,0.0,7.391086941226649,2.5932823489660084,368.1492713711233
0.9824929266391892,0.0,0.0,0.0,-2.2125822952411194,0.0,7.390769883578338,2.592882348966035,368.5223785316973
0.9824955592762464,0.0,0.0,0.0,-2.2131767175543637,0.0,7.3904523585517214,2.592482348966014,368.89540145990054
0.982498185129677,0.0,0.0,0.0,-2.213770175854149,0.0,7.390134368225121,2.5920823489659703,369.26833639911297
0.9825008042212351,0.0,0.0,0.0,-2.214362671989849,0.0,7.389815914667343,2.591682348966006,369.64118832031306
0.9825034165725871,0.0,0.0,0.0,-2.2149542078072053,0.0,7.38949699993776,2.5912823489659758,370.0139588991767
0.9825060222053122,0.0,0.0,0.0,-2.2155447851482077,0.0,7.389177626085522,2.590882348966046,370.3866405497495
0.9825086211408919,0.0,0.0,0.0,-2.216134405849159,0.0,7.388857795151015,2.5904823489659723,370.7592404837296
0.9825112134007207,0.0,0.0,0.0,-2.2167230717425297,0.0,7.3885375091653085,2.5900823489659635,371.13175117313676
0.9825137990061067,0.0,0.0,0.0,-2.2173107846570512,0.0,7.388216770149381,2.589682348966048,371.5041779842006
0.9825163779782685,0.0,0.0,0.0,-2.217897546417105,0.0,7.387895580114915,2.589282348965974,371.87651692457234
0.9825189503383287,0.0,0.0,0.0,-2.2184833588412043,0.0,7.387573941065489,2.588882348966022,372.2487712980226
0.9825215161073322,0.0,0.0,0.0,-2.219068223745684,0.0,7.387251854993908,2.5884823489660302,372.62093430218033
0.982524075306229,0.0,0.0,0.0,-2.2196521429411664,0.0,7.3869293238849885,2.588082348965961,372.99301235708356
0.9825266279558796,0.0,0.0,0.0,-2.2202351182335094,0.0,7.386606349714292,2.5876823489659904,373.3650063050585
0.9825291740770709,0.0,0.0,0.0,-2.2208171514268757,0.0,7.386282934447082,2.5872823489659877,373.7369070847258
0.9825317136904892,0.0,0.0,0.0,-2.221398244318459,0.0,7.385959080041278,2.586882348966042,374.1087203208284
0.9825342468167404,0.0,0.0,0.0,-2.221978398702235,0.0,7.38563478844492,2.5864823489660482,374.4804465987354
0.9825367734763473,0.0,0.0,0.0,-2.22255761636842,0.0,7.385310061597032,2.58608234896598,374.85208195700216
0.982539293689742,0.0,0.0,0.0,-2.2231358991018935,0.0,7.384984901428283,2.585682348965995,375.22362957471967
0.9825418074772794,0.0,0.0,0.0,-2.223713248684752,0.0,7.384659309859787,2.585282348966042,375.5950849009928
0.9825443148592192,0.0,0.0,0.0,-2.2242896668928474,0.0,7.38433328880513,2.584882348966002,375.96645503744685
0.9825468158557512,0.0,0.0,0.0,-2.224865155500396,0.0,7.384006840167468,2.5844823489660387,376.33773232205976
0.9825493104869681,0.0,0.0,0.0,-2.2254397162749027,0.0,7.3836799658427585,2.5840823489659686,376.70892075050006
0.9825517987728926,0.0,0.0,0.0,-2.226013350982079,0.0,7.383352667717173,2.5836823489659757,377.0800116662641
0.9825542807334517,0.0,0.0,0.0,-2.2265860613810617,0.0,7.383024947669607,2.5832823489659935,377.4510184130437
0.9825567563885024,0.0,0.0,0.0,-2.227157849229055,0.0,7.382696807568657,2.5828823489660486,377.82193151869103
0.9825592257578112,0.0,0.0,0.0,-2.2277287162775603,0.0,7.382368249276059,2.5824823489660176,378.19275251312456
0.9825616888610692,0.0,0.0,0.0,-2.2282986642749942,0.0,7.382039274643957,2.5820823489659794,378.5634825301071
0.9825641457178831,0.0,0.0,0.0,-2.228867694964982,0.0,7.381709885516582,2.5816823489659955,378.93411861119637
0.9825665963477771,0.0,0.0,0.0,-2.229435810086706,0.0,7.381380083730105,2.5812823489659946,379.30466111810233
0.982569040770204,0.0,0.0,0.0,-2.2300030113769176,0.0,7.381049871111413,2.5808823489659583,379.675112552393
0.9825714790045241,0.0,0.0,0.0,-2.230569300565746,0.0,7.380719249480198,2.5804823489660516,380.0454710375453
0.982573911070032,0.0,0.0,0.0,-2.231134679381995,0.0,7.38038822064699,2.58008234896601,380.4157337943009
0.9825763369859332,0.0,0.0,0.0,-2.2316991495483256,0.0,7.380056786414595,2.5796823489660063,380.7859041513383
0.9825787567713602,0.0,0.0,0.0,-2.2322627127844763,0.0,7.379724948577602,2.579282348966033,381.1559774244805
0.9825811704453653,0.0,0.0,0.0,-2.23282537080571,0.0,7.379392708922299,2.5788823489660464,381.5259584420585
0.982583578026919,0.0,0.0,0.0,-2.2333871253224773,0.0,7.379060069227732,2.5784823489660074,381.895845884943
0.9825859795349262,0.0,0.0,0.0,-2.2339479780435036,0.0,7.378727031263253,2.5780823489659976,382.26563374662317
0.9825883749882013,0.0,0.0,0.0,-2.2345079306708326,0.0,7.3783935967919385,2.577682348965994,382.63532725685434
0.9825907644054892,0.0,0.0,0.0,-2.2350669849039333,0.0,7.378059767568191,2.577282348966013,383.00492714069753
0.9825931478054589,0.0,0.0,0.0,-2.235625142438327,0.0,7.377725545338468,2.5768823489660244,383.37442984338463
0.9825955252067022,0.0,0.0,0.0,-2.2361824049653016,0.0,7.377390931841202,2.5764823489659747,383.74383715537886
0.9825978966277338,0.0,0.0,0.0,-2.2367387741718012,0.0,7.377055928807578,2.5760823489659783,384.11314746137384
0.9826002620869964,0.0,0.0,0.0,-2.2372942517414884,0.0,7.376720537960355,2.5756823489660015,384.4823603081419
0.982602621602858,0.0,0.0,0.0,-2.237848839354079,0.0,7.376384761014745,2.575282348965996,384.85147193323587
0.9826049751936065,0.0,0.0,0.0,-2.238402538684123,0.0,7.376048599679089,2.5748823489660007,385.22049362325663
0.9826073228774631,0.0,0.0,0.0,-2.23895535140381,0.0,7.375712055652709,2.5744823489660265,385.5894115273296
0.9826096646725725,0.0,0.0,0.0,-2.2395072791807626,0.0,7.375375130628012,2.574082348965973,385.9582322582562
0.9826120005970072,0.0,0.0,0.0,-2.2400583236789027,0.0,7.3750378262897724,2.5736823489659866,386.3269539217596
0.9826143306687586,0.0,0.0,0.0,-2.2406084865566824,0.0,7.374700144315949,2.573282348966038,386.6955785388301
0.9826166549057617,0.0,0.0,0.0,-2.241157769471838,0.0,7.3743620863751085,2.5728823489660035,387.06410045592236
0.9826189733258639,0.0,0.0,0.0,-2.2417061740751616,0.0,7.374023654130603,2.572482348966048,387.432528334548
0.9826212859468508,0.0,0.0,0.0,-2.2422537020156033,0.0,7.373684849236568,2.5720823489660303,387.8008529472189
0.9826235927864296,0.0,0.0,0.0,-2.2428003549368425,0.0,7.373345673340801,2.571682348966025,388.1690805248934
0.9826258938622433,0.0,0.0,0.0,-2.243346134480117,0.0,7.373006128083153,2.571282348966009,388.53720287508133
0.982628189191857,0.0,0.0,0.0,-2.24389104228141,0.0,7.372666215096857,2.570882348966057,388.9052267353911
0.9826304787927694,0.0,0.0,0.0,-2.244435079973722,0.0,7.372325936007129,2.5704823489659647,389.27314874329784
0.9826327626824093,0.0,0.0,0.0,-2.244978249186153,0.0,7.371985292432409,2.570082348966057,389.6409711611601
0.9826350408781321,0.0,0.0,0.0,-2.2455205515434717,0.0,7.371644285984218,2.5696823489659755,390.00869417140564
0.982637313397232,0.0,0.0,0.0,-2.2460619886680795,0.0,7.371302918265563,2.5692823489660155,390.3763108770339
0.9826395802569221,0.0,0.0,0.0,-2.246602562176328,0.0,7.370961190874378,2.568882348966052,390.74382772030344
0.9826418414743602,0.0,0.0,0.0,-2.247142273683471,0.0,7.3706191053992445,2.568482348965964,391.11123988765974
0.98264409706662,0.0,0.0,0.0,-2.2476811247977966,0.0,7.370276663424301,2.5680823489660174,391.4785525993731
0.9826463470507234,0.0,0.0,0.0,-2.248219117127129,0.0,7.369933866524182,2.567682348966027,391.8457605645908
0.9826485914436142,0.0,0.0,0.0,-2.248756252273503,0.0,7.369590716267843,2.5672823489659633,392.21286816506483
0.9826508302621729,0.0,0.0,0.0,-2.2492925318360077,0.0,7.36924721421702,2.566882348965959,392.5798683279339
0.9826530635232088,0.0,0.0,0.0,-2.2498279574091518,0.0,7.36890336192691,2.5664823489660353,392.94676475036795
0.9826552912434695,0.0,0.0,0.0,-2.2503625305848436,0.0,7.368559160945378,2.566082348966024,393.3135569742925
0.9826575134396327,0.0,0.0,0.0,-2.2508962529505174,0.0,7.368214612813623,2.5656823489659724,393.68024934539767
0.9826597301283134,0.0,0.0,0.0,-2.2514291260906063,0.0,7.367869719065619,2.56528234896596,394.0468320010043
0.9826619413260542,0.0,0.0,0.0,-2.251961151584525,0.0,7.367524481229706,2.564882348966033,394.41331249721816
0.9826641470493406,0.0,0.0,0.0,-2.2524923310097393,0.0,7.36717890082628,2.564482348966056,394.7796845610395
0.9826663473145864,0.0,0.0,0.0,-2.2530226659387327,0.0,7.3668329793696765,2.5640823489660134,395.1459546744369
0.9826685421381468,0.0,0.0,0.0,-2.2535521579415456,0.0,7.366486718366988,2.5636823489660587,395.51211206770745
0.9826707315363021,0.0,0.0,0.0,-2.2540808085825366,0.0,7.366140119320109,2.563282348966017,395.8781710939211
0.9826729155252794,0.0,0.0,0.0,-2.2546086194245736,0.0,7.36579318372268,2.56288234896604,396.2441212409377
0.9826750941212358,0.0,0.0,0.0,-2.2551355920257947,0.0,7.365445913062488,2.5624823489660082,396.60996627043994
0.9826772673402681,0.0,0.0,0.0,-2.255661727941278,0.0,7.365098308820693,2.5620823489660083,396.97570228046084
0.9826794351984041,0.0,0.0,0.0,-2.2561870287214028,0.0,7.364750372472485,2.5616823489660305,397.34133152205357
0.9826815977116184,0.0,0.0,0.0,-2.25671149591495,0.0,7.364402105485242,2.5612823489659835,397.70684850618693
0.9826837548958116,0.0,0.0,0.0,-2.257235131064731,0.0,7.36405350932161,2.5608823489660013,398.0722639193408
0.9826859067668272,0.0,0.0,0.0,-2.2577579357111723,0.0,7.36370458543696,2.5604823489659916,398.4375709428317
0.9826880533404511,0.0,0.0,0.0,-2.258279911391949,0.0,7.363355335280056,2.5600823489660556,398.80276492127507
0.9826901946323979,0.0,0.0,0.0,-2.2588010596393757,0.0,7.363005760293898,2.559682348966003,399.1678557674587
0.9826923306583271,0.0,0.0,0.0,-2.2593213819833546,0.0,7.362655861914836,2.55928234896598,399.5328346206377
0.9826944614338383,0.0,0.0,0.0,-2.2598408799506395,0.0,7.362305641572801,2.5588823489660353,399.8977032646966
0.9826965869744633,0.0,0.0,0.0,-2.2603595550630198,0.0,7.3619551006922,2.558482348965976,400.26246383887235
0.9826987072956787,0.0,0.0,0.0,-2.260877408839854,0.0,7.361604240690625,2.5580823489659767,400.6271156817269
0.9827008224129004,0.0,0.0,0.0,-2.261394442796927,0.0,7.361253062979358,2.5576823489660487,400.9916518650674
0.9827029323414802,0.0,0.0,0.0,-2.2619106584457422,0.0,7.360901568964259,2.557282348966056,401.35608415111756
0.982705037096715,0.0,0.0,0.0,-2.2624260572952344,0.0,7.360549760044466,2.556882348966007,401.72040308338467
0.9827071366938394,0.0,0.0,0.0,-2.262940640850315,0.0,7.360197637613224,2.5564823489659894,402.084612713532
0.9827092311480304,0.0,0.0,0.0,-2.263454410612771,0.0,7.359845203057517,2.5560823489659743,402.4487110924406
0.9827113204744021,0.0,0.0,0.0,-2.263967368080052,0.0,7.359492457759198,2.555682348965976,402.81269779362594
0.9827134046880165,0.0,0.0,0.0,-2.2644795147475443,0.0,7.359139403092481,2.5552823489659646,403.1765745495484
0.982715483803873,0.0,0.0,0.0,-2.264990852106295,0.0,7.358786040427111,2.55488234896605,403.540331448277
0.9827175578369106,0.0,0.0,0.0,-2.2655013816435106,0.0,7.358432371126464,2.5544823489660455,403.9039832717615
0.9827196268020172,0.0,0.0,0.0,-2.2660111048442495,0.0,7.35807839654766,2.5540823489659887,404.26752066753727
0.9827216907140172,0.0,0.0,0.0,-2.266520023188957,0.0,7.357724118042495,2.5536823489660385,404.6309451357081
0.9827237495876768,0.0,0.0,0.0,-2.2670281381545547,0.0,7.357369536956742,2.553282348966035,404.9942590708571
0.9827258034377137,0.0,0.0,0.0,-2.2675354512161916,0.0,7.357014654629601,2.5528823489659853,405.35745551198056
0.9827278522787795,0.0,0.0,0.0,-2.2680419638437983,0.0,7.356659472395847,2.5524823489659667,405.7205404995899
0.9827298961254759,0.0,0.0,0.0,-2.268547677505215,0.0,7.356303991583017,2.55208234896602,406.0835092885012
0.9827319349923399,0.0,0.0,0.0,-2.2690525936632002,0.0,7.355948213515103,2.5516823489660423,406.4463677447636
0.9827339688938631,0.0,0.0,0.0,-2.2695567137792962,0.0,7.355592139507564,2.5512823489660477,406.8091068258876
0.9827359978444742,0.0,0.0,0.0,-2.270060039310219,0.0,7.355235770872424,2.5508823489659873,407.1717355054061
0.9827380218585484,0.0,0.0,0.0,-2.270562571709717,0.0,7.354879108915153,2.5504823489659625,407.53425047028054
0.9827400409504083,0.0,0.0,0.0,-2.2710643124287175,0.0,7.354522154935371,2.5500823489659776,407.8966444039447
0.9827420551343155,0.0,0.0,0.0,-2.2715652629135628,0.0,7.354164910228102,2.549682348966021,408.2589285140191
0.9827440644244816,0.0,0.0,0.0,-2.2720654246083187,0.0,7.353807376081636,2.5492823489659973,408.6210946004413
0.9827460688350639,0.0,0.0,0.0,-2.272564798953624,0.0,7.353449553779663,2.5488823489660284,408.9831444772774
0.9827480683801629,0.0,0.0,0.0,-2.2730633873863675,0.0,7.3530914445997935,2.548482348966048,409.3450769071071
0.9827500630738306,0.0,0.0,0.0,-2.273561191341188,0.0,7.352733049813785,2.548082348966056,409.7068902227363
0.982752052930053,0.0,0.0,0.0,-2.2740582122469393,0.0,7.352374370689904,2.5476823489660125,410.0685913599481
0.982754037962779,0.0,0.0,0.0,-2.2745544515325387,0.0,7.352015408488292,2.5472823489660286,410.4301742138391
0.9827560181858895,0.0,0.0,0.0,-2.2750499106205515,0.0,7.351656164466166,2.5468823489659798,410.7916429356495
0.9827579936132254,0.0,0.0,0.0,-2.275544590932926,0.0,7.351296639873029,2.5464823489660198,411.15298825926527
0.9827599642585627,0.0,0.0,0.0,-2.276038493885933,0.0,7.3509368359553715,2.5460823489660314,411.51422222618794
0.982761930135635,0.0,0.0,0.0,-2.276531620894549,0.0,7.350576753952665,2.545682348965972,411.87533660193105
0.9827638912581215,0.0,0.0,0.0,-2.2770239733701083,0.0,7.350216395098885,2.545282348965979,412.23632754656956
0.9827658476396411,0.0,0.0,0.0,-2.2775155527189987,0.0,7.349855760625133,2.5448823489659604,412.5972050414608
0.9827677992937736,0.0,0.0,0.0,-2.2780063603469016,0.0,7.3494948517543826,2.544482348966012,412.95795925669086
0.9827697462340387,0.0,0.0,0.0,-2.2784963976546555,0.0,7.349133669706109,2.54408234896599,413.3185956235725
0.9827716884739085,0.0,0.0,0.0,-2.278985666040519,0.0,7.3487722156939945,2.5436823489659695,413.67910721288433
0.9827736260267973,0.0,0.0,0.0,-2.279474166898167,0.0,7.348410490927721,2.5432823489659944,414.03951325346156
0.982775558906083,0.0,0.0,0.0,-2.2799619016211032,0.0,7.348048496609229,2.5428823489659758,414.39978982758043
0.9827774871250805,0.0,0.0,0.0,-2.2804488715969953,0.0,7.347686233937579,2.5424823489660078,414.7599469843311
0.9827794106970534,0.0,0.0,0.0,-2.28093507821022,0.0,7.347323704107058,2.5420823489659847,415.11999000642027
0.9827813296352277,0.0,0.0,0.0,-2.281420522844462,0.0,7.346960908304608,2.5416823489660523,415.4799021121398
0.9827832439527658,0.0,0.0,0.0,-2.2819052068775445,0.0,7.346597847714226,2.5412823489659875,415.8396991067284
0.9827851536627901,0.0,0.0,0.0,-2.2823891316859553,0.0,7.346234523514004,2.54088234896599,416.1993727416087
0.9827870587783682,0.0,0.0,0.0,-2.2828722986420833,0.0,7.345870936877024,2.5404823489659902,416.55892667569856
0.98278895931252,0.0,0.0,0.0,-2.283354709115354,0.0,7.345507088971973,2.540082348965959,416.91836006758626
0.9827908552782171,0.0,0.0,0.0,-2.283836364472288,0.0,7.3451429809619375,2.539682348965999,417.27766881046125
0.9827927466883836,0.0,0.0,0.0,-2.2843172660765183,0.0,7.3447786140052305,2.539282348965978,417.6368544597469
0.9827946335558919,0.0,0.0,0.0,-2.2847974152878847,0.0,7.344413989255391,2.5388823489660233,417.99592049511284
0.982796515893569,0.0,0.0,0.0,-2.285276813463731,0.0,7.344049107861142,2.5384823489660047,418.35486080665646
0.9827983937141893,0.0,0.0,0.0,-2.285755461957378,0.0,7.34368397096677,2.5380823489660047,418.7136818172213
0.982800267030485,0.0,0.0,0.0,-2.2862333621201847,0.0,7.34331857971116,2.537682348966026,419.07237692684987
0.9828021358551385,0.0,0.0,0.0,-2.2867105153000824,0.0,7.342952935227842,2.537282348965973,419.4309517317364
0.9828040002007847,0.0,0.0,0.0,-2.287186922841751,0.0,7.342587038646796,2.536882348966043,419.7894025558319
0.9828058600800104,0.0,0.0,0.0,-2.287662586086757,0.0,7.342220891092716,2.5364823489660386,420.14772346250913
0.9828077155053592,0.0,0.0,0.0,-2.2881375063743747,0.0,7.3418544936848456,2.5360823489659943,420.50592299771097
0.9828095664893184,0.0,0.0,0.0,-2.288611685038791,0.0,7.3414878475398355,2.535682348965973,420.8640013273139
0.9828114130443404,0.0,0.0,0.0,-2.289085123413603,0.0,7.341120953767354,2.5352823489660006,421.2219537955459
0.9828132551828268,0.0,0.0,0.0,-2.2895578228284887,0.0,7.3407538134729595,2.534882348965966,421.579778670501
0.9828150929171302,0.0,0.0,0.0,-2.290029784609444,0.0,7.340386427758628,2.5344823489659625,421.93747878032946
0.9828169262595594,0.0,0.0,0.0,-2.2905010100799275,0.0,7.340018797720691,2.534082348965981,422.29505456614345
0.9828187552223782,0.0,0.0,0.0,-2.290971500560535,0.0,7.339650924451377,2.533682348965959,422.65250554641705
0.9828205798178041,0.0,0.0,0.0,-2.2914412573687,0.0,7.339282809038235,2.533282348966046,423.00983279710874
0.9828224000580098,0.0,0.0,0.0,-2.291910281818972,0.0,7.3389144525639,2.5328823489660035,423.36703028607906
0.9828242159551247,0.0,0.0,0.0,-2.2923785752232684,0.0,7.338545856106597,2.532482348966038,423.7240996998388
0.9828260275212272,0.0,0.0,0.0,-2.2928461388892916,0.0,7.338177020740854,2.5320823489659867,424.08104647820676
0.9828278347683576,0.0,0.0,0.0,-2.2933129741231095,0.0,7.337807947535684,2.5316823489660436,424.4378644765137
0.9828296377085072,0.0,0.0,0.0,-2.293779082226952,0.0,7.337438637556373,2.5312823489660152,424.7945548094207
0.9828314363536288,0.0,0.0,0.0,-2.2942444645012507,0.0,7.337069091862796,2.5308823489659744,425.15111917463435
0.9828332307156219,0.0,0.0,0.0,-2.294709122241546,0.0,7.336699311511981,2.5304823489660535,425.5075552271271
0.9828350208063514,0.0,0.0,0.0,-2.2951730567424975,0.0,7.33632929755481,2.530082348965978,425.8638646156586
0.982836806637633,0.0,0.0,0.0,-2.2956362692945107,0.0,7.33595905103892,2.5296823489660563,426.2200449009923
0.9828385882212415,0.0,0.0,0.0,-2.2960987611858186,0.0,7.335588573007054,2.529282348966027,426.5760959012498
0.9828403655689065,0.0,0.0,0.0,-2.2965605337012,0.0,7.335217864498117,2.528882348965972,426.93201635551213
0.9828421386923143,0.0,0.0,0.0,-2.297021588122483,0.0,7.334846926546476,2.528482348965996,427.2878128104038
0.9828439076031115,0.0,0.0,0.0,-2.297481925729361,0.0,7.334475760181765,2.528082348965979,427.64348037522564
0.9828456723128981,0.0,0.0,0.0,-2.29794154779776,0.0,7.334104366429951,2.527682348966053,427.9990124967868
0.9828474328332347,0.0,0.0,0.0,-2.2984004556014224,0.0,7.333732746312285,2.5272823489660468,428.354419779551
0.982849189175636,0.0,0.0,0.0,-2.29885865041042,0.0,7.333360900846477,2.5268823489660477,428.7096948569192
0.9828509413515775,0.0,0.0,0.0,-2.299316133492614,0.0,7.332988831045204,2.526482348965989,429.0648431052042
0.9828526893724944,0.0,0.0,0.0,-2.299772906113348,0.0,7.332616537916904,2.5260823489659687,429.41985888937563
0.9828544332497735,0.0,0.0,0.0,-2.300228969533701,0.0,7.332244022467115,2.5256823489660167,429.77474581362924
0.9828561729947655,0.0,0.0,0.0,-2.30068432501308,0.0,7.331871285695929,2.5252823489660248,430.12949997419537
0.9828579086187788,0.0,0.0,0.0,-2.30113897380788,0.0,7.331498328599606,2.524882348966032,430.484125314366
0.9828596401330787,0.0,0.0,0.0,-2.3015929171712606,0.0,7.331125152170479,2.52448234896603,430.8386179758078
0.9828613675488929,0.0,0.0,0.0,-2.3020461563542645,0.0,7.330751757396614,2.524082348965975,431.1929800892525
0.982863090877404,0.0,0.0,0.0,-2.3024986926042215,0.0,7.330378145262133,2.523682348966057,431.54721248938495
0.9828648101297582,0.0,0.0,0.0,-2.3029505271666295,0.0,7.330004316746834,2.5232823489660205,431.9013040746403
0.982866525317056,0.0,0.0,0.0,-2.3034016612829684,0.0,7.3296302728272105,2.5228823489659913,432.2552720197741
0.9828682364503625,0.0,0.0,0.0,-2.3038520961930615,0.0,7.3292560144747565,2.522482348965972,432.6091077263641
0.9828699435407006,0.0,0.0,0.0,-2.3043018331334433,0.0,7.328881542657662,2.5220823489660615,432.9628048411671
0.9828716465990518,0.0,0.0,0.0,-2.3047508733376714,0.0,7.328506858340019,2.5216823489659603,433.3163752637623
0.9828733456363612,0.0,0.0,0.0,-2.3051992180370884,0.0,7.328131962481165,2.5212823489660012,433.66981387463295
0.982875040663532,0.0,0.0,0.0,-2.305646868459917,0.0,7.327756856037788,2.5208823489660652,434.0231124546592
0.9828767316914262,0.0,0.0,0.0,-2.306093825831213,0.0,7.327381539962074,2.52048234896598,434.3762834472923
0.9828784187308736,0.0,0.0,0.0,-2.3065400913747305,0.0,7.327006015201375,2.5200823489660538,434.7293133042708
0.9828801017926542,0.0,0.0,0.0,-2.3069856663093153,0.0,7.326630282701197,2.519682348966011,435.08221659790286
0.9828817808875174,0.0,0.0,0.0,-2.3074305518527476,0.0,7.326254343401277,2.519282348966011,435.4349808553071
0.9828834560261713,0.0,0.0,0.0,-2.3078747492195517,0.0,7.325878198238453,2.518882348966022,435.7876142811899
0.9828851272192853,0.0,0.0,0.0,-2.3083182596215366,0.0,7.325501848145532,2.518482348966038,436.1401093245472
0.9828867944774901,0.0,0.0,0.0,-2.308761084267703,0.0,7.325125294051172,2.5180823489660407,436.4924741242645
0.9828884578113799,0.0,0.0,0.0,-2.3092032243647727,0.0,7.324748536880515,2.5176823489660594,436.8447010794988
0.9828901172315057,0.0,0.0,0.0,-2.3096446811155933,0.0,7.324371577555712,2.5172823489660487,437.19679473627787
0.9828917727483891,0.0,0.0,0.0,-2.310085455722228,0.0,7.323994416993212,2.5168823489659706,437.5487499122978
0.9828934243725054,0.0,0.0,0.0,-2.310525549382086,0.0,7.323617056107714,2.516482348965982,437.9005703196882
0.9828950721142975,0.0,0.0,0.0,-2.310964963291137,0.0,7.323239495809038,2.5160823489660524,438.2522560344314
0.9828967159841681,0.0,0.0,0.0,-2.3114036986420397,0.0,7.322861737003706,2.515682348966016,438.60380513076586
0.982898355992487,0.0,0.0,0.0,-2.3118417566257197,0.0,7.322483780594065,2.515282348965968,438.95521833641874
0.9828999921495811,0.0,0.0,0.0,-2.3122791384291506,0.0,7.322105627479661,2.514882348966048,439.3064940783363
0.982901624465743,0.0,0.0,0.0,-2.312715845237294,0.0,7.32172727855558,2.5144823489660304,439.6576356271821
0.9829032529512318,0.0,0.0,0.0,-2.3131518782331235,0.0,7.321348734713315,2.5140823489659754,440.00863140413685
0.9829048776162628,0.0,0.0,0.0,-2.3135872385953995,0.0,7.320969996841471,2.5136823489660314,440.35949636202236
0.9829064984710203,0.0,0.0,0.0,-2.3140219275015323,0.0,7.320591065824341,2.5132823489659657,440.71022311320064
0.9829081155256508,0.0,0.0,0.0,-2.3144559461258387,0.0,7.320211942542815,2.5128823489660457,441.0608119441125
0.9829097287902664,0.0,0.0,0.0,-2.3148892956404987,0.0,7.319832627873965,2.5124823489660146,441.4112627506353
0.9829113382749372,0.0,0.0,0.0,-2.3153219772137237,0.0,7.319453122692321,2.512082348966052,441.76157939717973
0.9829129439897066,0.0,0.0,0.0,-2.3157539920131542,0.0,7.319073427867148,2.511682348966053,442.1117511767209
0.9829145459445737,0.0,0.0,0.0,-2.316185341201882,0.0,7.3186935442656695,2.5112823489660228,442.46178752855315
0.9829161441495093,0.0,0.0,0.0,-2.3166160259420123,0.0,7.318313472750574,2.5108823489660352,442.81168398127704
0.9829177386144419,0.0,0.0,0.0,-2.3170460473915497,0.0,7.317933214182224,2.510482348966052,443.1614445472085
0.9829193293492721,0.0,0.0,0.0,-2.3174754067075565,0.0,7.317552769416114,2.5100823489660007,443.51105962336885
0.9829209163638561,0.0,0.0,0.0,-2.3179041050424347,0.0,7.317172139305821,2.509682348966032,443.86054436448524
0.9829224996680253,0.0,0.0,0.0,-2.318332143548197,0.0,7.316791324699976,2.509282348966023,444.20987768836994
0.9829240792715719,0.0,0.0,0.0,-2.3187595233734255,0.0,7.316410326444195,2.508882348966024,444.55907629635783
0.9829256551842498,0.0,0.0,0.0,-2.319186245663264,0.0,7.316029145381571,2.5084823489660346,444.90813608272595
0.982927227415784,0.0,0.0,0.0,-2.319612311561554,0.0,7.315647782350912,2.5080823489660125,445.2570572352769
0.9829287959758622,0.0,0.0,0.0,-2.320037722208949,0.0,7.315266238187987,2.5076823489660285,445.60583744244354
0.9829303608741413,0.0,0.0,0.0,-2.3204624787442727,0.0,7.314884513724567,2.507282348965993,445.95447244648756
0.9829319221202382,0.0,0.0,0.0,-2.3208865823025286,0.0,7.314502609790111,2.5068823489660597,446.30296567742266
0.9829334797237419,0.0,0.0,0.0,-2.321310034017578,0.0,7.314120527209802,2.506482348966027,446.6513197120346
0.9829350336942033,0.0,0.0,0.0,-2.3217328350197035,0.0,7.31373826680658,2.50608234896604,446.99953538878924
0.982936584041143,0.0,0.0,0.0,-2.322154986437457,0.0,7.3133558293985885,2.5056823489660447,447.347609223758
0.9829381307740468,0.0,0.0,0.0,-2.3225764893965772,0.0,7.312973215801719,2.505282348966011,447.6955374617237
0.9829396739023669,0.0,0.0,0.0,-2.3229973450202523,0.0,7.312590426828458,2.50488234896605,448.0433254396431
0.9829412134355221,0.0,0.0,0.0,-2.3234175544291253,0.0,7.312207463288012,2.504482348966053,448.39097462395125
0.9829427493828987,0.0,0.0,0.0,-2.323837118741484,0.0,7.311824325986156,2.5040823489660378,448.73847340526015
0.9829442817538493,0.0,0.0,0.0,-2.3242560390729325,0.0,7.311441015725636,2.5036823489659916,449.085834232063
0.9829458105576966,0.0,0.0,0.0,-2.324674316537229,0.0,7.311057533305392,2.5032823489660263,449.4330487044075
0.9829473358037256,0.0,0.0,0.0,-2.325091952244587,0.0,7.310673879522566,2.5028823489660645,449.78012562499725
0.9829488575011954,0.0,0.0,0.0,-2.3255089473041743,0.0,7.310290055169005,2.502482348966038,450.12705691216433
0.9829503756593261,0.0,0.0,0.0,-2.325925302821229,0.0,7.3099060610354964,2.502082348966021,450.473851590957
0.9829518902873112,0.0,0.0,0.0,-2.326341019899826,0.0,7.309521897908194,2.501682348965965,450.82048757799976
0.9829534013943085,0.0,0.0,0.0,-2.3267560996407024,0.0,7.309137566570756,2.5012823489660407,451.16698778346654
0.9829549089894439,0.0,0.0,0.0,-2.327170543142283,0.0,7.308753067803835,2.5008823489660186,451.51334483022686
0.982956413081815,0.0,0.0,0.0,-2.327584351501239,0.0,7.308368402384242,2.5004823489660595,451.8595573372136
0.9829579136804832,0.0,0.0,0.0,-2.3279975258108894,0.0,7.307983571086636,2.500082348966056,452.20562474519977
0.982959410794483,0.0,0.0,0.0,-2.328410067163092,0.0,7.307598574681642,2.499682348966063,452.5515456000285
0.9829609044328135,0.0,0.0,0.0,-2.3288219766464633,0.0,7.307213413937658,2.4992823489660356,452.897316586933
0.9829623946044438,0.0,0.0,0.0,-2.3292332553474706,0.0,7.306828089619502,2.4988823489660428,453.2429548195329
0.982963881318314,0.0,0.0,0.0,-2.3296439043506516,0.0,7.306442602488823,2.49848234896605,453.5884363524665
0.9829653645833297,0.0,0.0,0.0,-2.330053924737386,0.0,7.306056953305022,2.498082348965996,453.93378151859883
0.9829668444083688,0.0,0.0,0.0,-2.3304633175873266,0.0,7.305671142823425,2.497682348966033,454.27897337892693
0.9829683208022755,0.0,0.0,0.0,-2.3308720839771837,0.0,7.305285171797225,2.4972823489659737,454.6240206344151
0.9829697937738671,0.0,0.0,0.0,-2.3312802249820175,0.0,7.3048990409757995,2.496882348965964,454.96892708231013
0.9829712633319274,0.0,0.0,0.0,-2.3316877416739095,0.0,7.304512751106218,2.4964823489659995,455.3136778374799
0.9829727294852098,0.0,0.0,0.0,-2.332094635122538,0.0,7.304126302932822,2.496082348965974,455.65829032101095
0.9829741922424389,0.0,0.0,0.0,-2.3325009063955706,0.0,7.303739697196165,2.4956823489660076,456.00275280411074
0.9829756516123109,0.0,0.0,0.0,-2.332906556558689,0.0,7.303352934633859,2.495282348966021,456.34706588270365
0.9829771076034864,0.0,0.0,0.0,-2.3333115866739633,0.0,7.302966015981958,2.4948823489660494,456.69123917133385
0.9829785602246027,0.0,0.0,0.0,-2.3337159978026016,0.0,7.302578941971542,2.494482348966039,457.035256162417
0.9829800094842638,0.0,0.0,0.0,-2.334119791002672,0.0,7.302191713332154,2.4940823489660398,457.3791266052745
0.9829814553910421,0.0,0.0,0.0,-2.334522967329518,0.0,7.301804330791043,2.493682348965989,457.7228567290728
0.9829828979534877,0.0,0.0,0.0,-2.3349255278376724,0.0,7.301416795070312,2.493282348965991,458.066427399959
0.982984337180112,0.0,0.0,0.0,-2.335327473577344,0.0,7.301029106891739,2.492882348966022,458.40986181607167
0.9829857730794069,0.0,0.0,0.0,-2.3357288055985648,0.0,7.300641266972218,2.492482348966046,458.7531391050629
0.982987205659825,0.0,0.0,0.0,-2.336129524946821,0.0,7.300253276027479,2.492082348966041,459.0962772241087
0.9829886349298006,0.0,0.0,0.0,-2.336529632667674,0.0,7.299865134768553,2.4916823489659734,459.4392607727601
0.9829900608977288,0.0,0.0,0.0,-2.336929129802047,0.0,7.299476843906061,2.491282348966056,459.7820940436355
0.982991483571985,0.0,0.0,0.0,-2.3373280173906905,0.0,7.29908840414554,2.490882348965987,460.12478121789394
0.9829929029609104,0.0,0.0,0.0,-2.33772629647072,0.0,7.298699816190691,2.490482348966072,460.4673099611999
0.9829943190728182,0.0,0.0,0.0,-2.3381239680772152,0.0,7.2983110807429075,2.490082348966051,460.8096998021111
0.9829957319159954,0.0,0.0,0.0,-2.338521033243372,0.0,7.297922198500203,2.489682348966012,461.1519343743724
0.9829971414986991,0.0,0.0,0.0,-2.3389174929997867,0.0,7.297533170158099,2.4892823489659834,461.49402228797913
0.9829985478291614,0.0,0.0,0.0,-2.3393133483755224,0.0,7.297143996408487,2.488882348966002,461.83594836667726
0.9829999509155771,0.0,0.0,0.0,-2.33970860039535,0.0,7.296754677942934,2.4884823489659835,462.1777406460131
0.9830013507661264,0.0,0.0,0.0,-2.3401032500846806,0.0,7.29636521544735,2.488082348966037,462.5193758907658
0.983002747388952,0.0,0.0,0.0,-2.3404972984646384,0.0,7.29597560960652,2.48768234896606,462.8608572641893
0.9830041407921728,0.0,0.0,0.0,-2.340890746554924,0.0,7.295585861102556,2.48728234896599,463.20219520831955
0.9830055309838786,0.0,0.0,0.0,-2.3412835953726336,0.0,7.295195970614317,2.4868823489659713,463.5433779748717
0.9830069179721337,0.0,0.0,0.0,-2.3416758459331355,0.0,7.294805938818398,2.486482348966063,463.8844021456155
0.9830083017649726,0.0,0.0,0.0,-2.342067499249048,0.0,7.294415766388761,2.48608234896599,464.22527718120284
0.9830096823704034,0.0,0.0,0.0,-2.3424585563309295,0.0,7.2940254539968405,2.485682348965965,464.5660110450673
0.9830110597964091,0.0,0.0,0.0,-2.3428490181875508,0.0,7.293635002310575,2.4852823489660096,464.90658495266484
0.9830124340509439,0.0,0.0,0.0,-2.3432388858251407,0.0,7.293244411995899,2.484882348966064,465.24700632081635
0.9830138051419326,0.0,0.0,0.0,-2.3436281602472295,0.0,7.292853683717141,2.4844823489660532,465.5872787059338
0.9830151730772775,0.0,0.0,0.0,-2.3440168424560017,0.0,7.292462818134378,2.484082348966023,465.9273938378643
0.9830165378648538,0.0,0.0,0.0,-2.3444049334514174,0.0,7.292071815905791,2.4836823489660365,466.2673655744816
0.9830178995125084,0.0,0.0,0.0,-2.344792434230901,0.0,7.291680677686464,2.483282348966025,466.6071706154295
0.9830192580280606,0.0,0.0,0.0,-2.345179345789406,0.0,7.29128940413048,2.482882348965985,466.94683888036934
0.983020613419307,0.0,0.0,0.0,-2.3455656691205697,0.0,7.290897995887542,2.4824823489660197,467.2863478185441
0.9830219656940158,0.0,0.0,0.0,-2.345951405215349,0.0,7.290506453605605,2.4820823489660624,467.62568995912534
0.9830233148599284,0.0,0.0,0.0,-2.3463365550624853,0.0,7.2901147779306505,2.481682348966042,467.9648935477574
0.9830246609247617,0.0,0.0,0.0,-2.3467211196487896,0.0,7.289722969504914,2.481282348966067,468.30393552734324
0.9830260038962065,0.0,0.0,0.0,-2.347105099959006,0.0,7.289331028968628,2.4808823489660714,468.6428276870091
0.9830273437819248,0.0,0.0,0.0,-2.347488496974996,0.0,7.288938956960718,2.4804823489660706,468.98156942259845
0.983028680589559,0.0,0.0,0.0,-2.3478713116779035,0.0,7.2885467541154565,2.480082348966003,469.3201476414313
0.98303001432672,0.0,0.0,0.0,-2.3482535450454094,0.0,7.288154421066253,2.479682348966012,469.6585784171625
0.983031345000996,0.0,0.0,0.0,-2.348635198053689,0.0,7.287761958443697,2.479282348965987,469.9968579065338
0.9830326726199489,0.0,0.0,0.0,-2.349016271676604,0.0,7.2873693668755894,2.4788823489660192,470.33496706799156
0.9830339971911175,0.0,0.0,0.0,-2.3493967668864255,0.0,7.286976646987217,2.478482348966076,470.6729289227511
0.9830353187220111,0.0,0.0,0.0,-2.349776684652339,0.0,7.286583799402338,2.478082348966061,471.0107421586305
0.9830366372201198,0.0,0.0,0.0,-2.35015602594274,0.0,7.286190824741071,2.4776823489660176,471.34838888678996
0.9830379526929007,0.0,0.0,0.0,-2.3505347917221293,0.0,7.2857977236221805,2.477282348966069,471.68588595540916
0.9830392651477947,0.0,0.0,0.0,-2.350912982954902,0.0,7.285404496661358,2.4768823489660106,472.0232323755131
0.9830405745922132,0.0,0.0,0.0,-2.351290600602266,0.0,7.2850111444716426,2.4764823489659618,472.36041254445377
0.9830418810335423,0.0,0.0,0.0,-2.3516676456232397,0.0,7.284617667664896,2.476082348966024,472.6974404623069
0.9830431844791456,0.0,0.0,0.0,-2.3520441189752566,0.0,7.284224066849696,2.4756823489660365,473.03431493693915
0.9830444849363624,0.0,0.0,0.0,-2.352420021613689,0.0,7.2838303426317985,2.475282348965994,473.37103285588114
0.9830457824125041,0.0,0.0,0.0,-2.352795354491035,0.0,7.283436495616323,2.474882348966049,473.7075887197847
0.9830470769148635,0.0,0.0,0.0,-2.353170118559107,0.0,7.283042526404117,2.474482348966066,474.04398605192745
0.9830483684507045,0.0,0.0,0.0,-2.3535443147665505,0.0,7.282648435594828,2.4740823489660038,474.38022911139444
0.9830496570272672,0.0,0.0,0.0,-2.353917944059966,0.0,7.28225422378579,2.4736823489660527,474.7163192786825
0.9830509426517727,0.0,0.0,0.0,-2.3542910073851706,0.0,7.281859891570983,2.4732823489659808,475.052244455035
0.9830522253314109,0.0,0.0,0.0,-2.3546635056841656,0.0,7.281465439543896,2.472882348966026,475.3880204143622
0.9830535050733528,0.0,0.0,0.0,-2.3550354398981255,0.0,7.28107086829425,2.47248234896606,475.72363148522703
0.9830547818847459,0.0,0.0,0.0,-2.3554068109662505,0.0,7.280676178409349,2.4720823489660084,476.0590896288345
0.9830560557727098,0.0,0.0,0.0,-2.3557776198246443,0.0,7.280281370475875,2.4716823489660253,476.3943899419921
0.9830573267443461,0.0,0.0,0.0,-2.35614786740874,0.0,7.279886445076232,2.4712823489660067,476.7295249353466
0.9830585948067277,0.0,0.0,0.0,-2.356517554650744,0.0,7.279491402792359,2.470882348966051,477.06450880653995
0.9830598599669118,0.0,0.0,0.0,-2.356886682482571,0.0,7.279096244201857,2.470482348965966,477.39932384046097
0.9830611222319198,0.0,0.0,0.0,-2.3572552518312615,0.0,7.278700969883198,2.4700823489660717,477.73398763958977
0.9830623816087618,0.0,0.0,0.0,-2.3576232636246575,0.0,7.278305580409554,2.46968234896603,478.06848821050676
0.983063638104423,0.0,0.0,0.0,-2.3579907187880442,0.0,7.277910076352996,2.469282348966015,478.40283088591633
0.9830648917258562,0.0,0.0,0.0,-2.3583576182426857,0.0,7.277514458284523,2.468882348966,478.73702283790124
0.9830661424800065,0.0,0.0,0.0,-2.3587239629112307,0.0,7.277118726770625,2.468482348965984,479.07104844551117
0.9830673903737808,0.0,0.0,0.0,-2.359089753710921,0.0,7.276722882378346,2.468082348966033,479.4049114266695
0.9830686354140742,0.0,0.0,0.0,-2.359454991559466,0.0,7.276326925670367,2.467682348966049,479.73861960149924
0.9830698776077557,0.0,0.0,0.0,-2.3598196773718096,0.0,7.275930857207989,2.467282348966017,480.0721643924664
0.9830711169616706,0.0,0.0,0.0,-2.3601838120606846,0.0,7.275534677550428,2.466882348965995,480.4055489187269
0.983072353482644,0.0,0.0,0.0,-2.3605473965373305,0.0,7.275138387254558,2.4664823489659744,480.73877578460974
0.9830735871774762,0.0,0.0,0.0,-2.3609104317104883,0.0,7.274741986875618,2.4660823489660606,481.0718385083617
0.9830748180529473,0.0,0.0,0.0,-2.3612729184874897,0.0,7.274345476965974,2.465682348965993,481.4047457501199
0.983076046115814,0.0,0.0,0.0,-2.3616348577733177,0.0,7.273948858076454,2.465282348966074,481.7374847598652
0.9830772713728124,0.0,0.0,0.0,-2.361996250471468,0.0,7.273552130755446,2.464882348965989,482.07006363363763
0.9830784938306554,0.0,0.0,0.0,-2.362357097483112,0.0,7.27315529554933,2.4644823489659737,482.4024807256838
0.9830797134960335,0.0,0.0,0.0,-2.3627173997074764,0.0,7.272758353002291,2.464082348966005,482.7347396709466
0.9830809303756166,0.0,0.0,0.0,-2.3630771580420915,0.0,7.272361303657193,2.4636823489659925,483.0668331107716
0.9830821444760535,0.0,0.0,0.0,-2.3634363733826964,0.0,7.271964148053456,2.4632823489660316,483.39877025662867
0.9830833558039686,0.0,0.0,0.0,-2.36379504662254,0.0,7.271566886729652,2.462882348966076,483.7305435397541
0.983084564365968,0.0,0.0,0.0,-2.364153178653702,0.0,7.271169520221419,2.4624823489660495,484.0621497979896
0.9830857701686343,0.0,0.0,0.0,-2.3645107703658037,0.0,7.27077204906302,2.4620823489660344,484.3936027137729
0.9830869732185303,0.0,0.0,0.0,-2.364867822647034,0.0,7.270374473786176,2.4616823489659954,484.7248829645223
0.9830881735221959,0.0,0.0,0.0,-2.36522433638324,0.0,7.269976794920862,2.461282348965975,485.0560020966409
0.9830893710861492,0.0,0.0,0.0,-2.3655803124583024,0.0,7.269579012995299,2.4608823489660248,485.3869645271114
0.9830905659168877,0.0,0.0,0.0,-2.3659357517543027,0.0,7.269181128535798,2.4604823489660665,485.7177687485884
0.9830917580208922,0.0,0.0,0.0,-2.3662906551524823,0.0,7.268783142064719,2.4600823489660524,486.04839637617073
0.9830929474046178,0.0,0.0,0.0,-2.3666450235310816,0.0,7.268385054104823,2.4596823489659965,486.37886245614936
0.9830941340744969,0.0,0.0,0.0,-2.3669988577660104,0.0,7.267986865176562,2.4592823489660676,486.7091697831612
0.9830953180369474,0.0,0.0,0.0,-2.3673521587328907,0.0,7.2675885757969185,2.458882348966049,487.0393121510333
0.9830964992983608,0.0,0.0,0.0,-2.3677049273040676,0.0,7.267190186482478,2.458482348966041,487.36929642637824
0.9830976778651126,0.0,0.0,0.0,-2.3680571643510953,0.0,7.266791697746657,2.458082348965992,487.69909605522855
0.9830988537435532,0.0,0.0,0.0,-2.3684088707426874,0.0,7.266393110102253,2.457682348965994,488.0287589267331
0.9831000269400165,0.0,0.0,0.0,-2.368760047346577,0.0,7.265994424058465,2.4572823489660394,488.3582408569972
0.983101197460813,0.0,0.0,0.0,-2.369110695028006,0.0,7.265595640124367,2.4568823489660376,488.6875674646286
0.9831023653122363,0.0,0.0,0.0,-2.369460814651116,0.0,7.2651967588049,2.456482348965995,489.0167176274857
0.9831035305005541,0.0,0.0,0.0,-2.3698104070769626,0.0,7.264797780606029,2.456082348966019,489.34570999349023
0.9831046930320199,0.0,0.0,0.0,-2.3701594731660958,0.0,7.264398706028967,2.4556823489659907,489.6745376162544
0.9831058529128653,0.0,0.0,0.0,-2.37050801377685,0.0,7.263999535574432,2.4552823489660787,490.00319692792675
0.983107010149301,0.0,0.0,0.0,-2.3708560297655303,0.0,7.263600269740864,2.4548823489660174,490.3316838484733
0.9831081647475157,0.0,0.0,0.0,-2.3712035219861396,0.0,7.263200909025609,2.4544823489659873,490.66002381705437
0.9831093167136844,0.0,0.0,0.0,-2.371550491292255,0.0,7.262801453922723,2.4540823489660406,490.9881856522992
0.9831104660539567,0.0,0.0,0.0,-2.371896938534425,0.0,7.262401904925202,2.4536823489660433,491.3161765606767
0.9831116127744631,0.0,0.0,0.0,-2.3722428645615072,0.0,7.262002262525238,2.4532823489659643,491.6440200374783
0.9831127568813183,0.0,0.0,0.0,-2.3725882702213412,0.0,7.261602527210582,2.4528823489660105,491.97169136772266
0.9831138983806142,0.0,0.0,0.0,-2.3729331563593976,0.0,7.261202699469151,2.4524823489659875,492.29917860878334
0.9831150372784239,0.0,0.0,0.0,-2.3732775238193233,0.0,7.2608027797867845,2.452082348966031,492.6265162035671
0.9831161735808007,0.0,0.0,0.0,-2.3736213734430773,0.0,7.2604027686468555,2.4516823489660124,492.9536814081322
0.9831173072937813,0.0,0.0,0.0,-2.3739647060712956,0.0,7.26000266653091,2.4512823489660347,493.2806809876172
0.9831184384233795,0.0,0.0,0.0,-2.374307522542105,0.0,7.259602473919332,2.450882348965993,493.6075080981964
0.9831195669755896,0.0,0.0,0.0,-2.3746498236916858,0.0,7.259202191290999,2.450482348966081,493.93417741910343
0.9831206929563916,0.0,0.0,0.0,-2.374991610355726,0.0,7.258801819121323,2.450082348965976,494.2606744828514
0.9831218163717423,0.0,0.0,0.0,-2.3753328833669802,0.0,7.258401357885364,2.4496823489660153,494.58700509249013
0.9831229372275821,0.0,0.0,0.0,-2.3756736435571573,0.0,7.258000808055722,2.449282348966001,494.9131638283393
0.9831240555298297,0.0,0.0,0.0,-2.376013891755513,0.0,7.2576001701039266,2.4488823489660385,495.2391664305195
0.9831251712843875,0.0,0.0,0.0,-2.3763536287901603,0.0,7.257199444498696,2.4484823489660448,495.5649925408251
0.983126284497139,0.0,0.0,0.0,-2.376692855487445,0.0,7.256798631707867,2.448082348966002,495.89065085154186
0.9831273951739469,0.0,0.0,0.0,-2.377031572671388,0.0,7.256397732197135,2.4476823489660173,496.2161338719235
0.9831285033206568,0.0,0.0,0.0,-2.377369781164721,0.0,7.255996746430665,2.447282348966045,496.5414577624191
0.9831296089430961,0.0,0.0,0.0,-2.377707481788451,0.0,7.2555956748707375,2.446882348965973,496.8666111287596
0.9831307120470745,0.0,0.0,0.0,-2.378044675362009,0.0,7.2551945179772925,2.4464823489660734,497.1915984829353
0.9831318126383816,0.0,0.0,0.0,-2.3783813627028074,0.0,7.254793276209548,2.446082348966014,497.51641194004765
0.9831329107227875,0.0,0.0,0.0,-2.3787175446261553,0.0,7.254391950025118,2.4456823489660575,497.8410648305072
0.9831340063060496,0.0,0.0,0.0,-2.3790532219469656,0.0,7.253990539878043,2.4452823489660345,498.16554268178015
0.9831350993939009,0.0,0.0,0.0,-2.3793883954769877,0.0,7.253589046223007,2.4448823489659635,498.4898451409705
0.9831361899920593,0.0,0.0,0.0,-2.379723066026961,0.0,7.253187469511915,2.4444823489660585,498.8139961984165
0.9831372781062255,0.0,0.0,0.0,-2.3800572344061317,0.0,7.252785810194092,2.4440823489660666,499.13795410142006
0.9831383637420797,0.0,0.0,0.0,-2.3803909014214435,0.0,7.252384068719024,2.443682348966023,499.4617559181595
0.9831394469052857,0.0,0.0,0.0,-2.3807240678784427,0.0,7.25198224553363,2.4432823489660134,499.7853801184584
0.9831405276014896,0.0,0.0,0.0,-2.3810567345811102,0.0,7.251580341082346,2.44288234896608,500.1088465042891
0.9831416058363209,0.0,0.0,0.0,-2.3813889023319517,0.0,7.2511783558092775,2.4424823489659753,500.4321412221972
0.9831426816153883,0.0,0.0,0.0,-2.3817205719310213,0.0,7.2507762901563,2.4420823489659833,500.7552562548592
0.9831437549442852,0.0,0.0,0.0,-2.38205174417729,0.0,7.250374144563317,2.4416823489660695,501.07820843378636
0.9831448258285888,0.0,0.0,0.0,-2.3823824198683914,0.0,7.249971919468684,2.4412823489660704,501.40097594476504
0.9831458942738533,0.0,0.0,0.0,-2.382712599798999,0.0,7.249569615309969,2.4408823489660554,501.72358334444846
0.9831469602856222,0.0,0.0,0.0,-2.3830422847635786,0.0,7.2491672325224155,2.440482348966074,502.04602244905936
0.9831480238694175,0.0,0.0,0.0,-2.383371475554114,0.0,7.2487647715390064,2.440082348965979,502.3682850358517
0.9831490850307446,0.0,0.0,0.0,-2.383700172960985,0.0,7.248362232792574,2.439682348966059,502.690375924411
0.9831501437750924,0.0,0.0,0.0,-2.3840283777731393,0.0,7.247959616713356,2.4392823489660405,503.0123024906967
0.9831512001079334,0.0,0.0,0.0,-2.384356090778073,0.0,7.247556923729563,2.4388823489660023,503.3340499154493
0.9831522540347215,0.0,0.0,0.0,-2.3846833127611773,0.0,7.247154154269183,2.438482348965998,503.65562293544644
0.9831533055608935,0.0,0.0,0.0,-2.3850100445063007,0.0,7.246751308757367,2.43808234896602,503.9770392332415
0.9831543546918708,0.0,0.0,0.0,-2.3853362867959538,0.0,7.246348387618445,2.437682348966076,504.29826916019715
0.9831554014330558,0.0,0.0,0.0,-2.385662040410549,0.0,7.2459453912751,2.4372823489660806,504.61932942050703
0.9831564457898373,0.0,0.0,0.0,-2.3859873061296444,0.0,7.2455423201472335,2.436882348966008,504.94021007736706
0.983157487767583,0.0,0.0,0.0,-2.386312084730111,0.0,7.245139174655455,2.4364823489659972,505.26093731873414
0.983158527371647,0.0,0.0,0.0,-2.386636376987925,0.0,7.24473595521657,2.4360823489659724,505.58147562402496
0.9831595646073669,0.0,0.0,0.0,-2.3869601836775116,0.0,7.244332662247135,2.4356823489660115,505.90184592725745
0.9831605994800618,0.0,0.0,0.0,-2.387283505571268,0.0,7.243929296161801,2.4352823489660116,506.2220450065587
0.9831616319950351,0.0,0.0,0.0,-2.3876063434400696,0.0,7.243525857373884,2.4348823489660365,506.54207663478326
0.9831626621575765,0.0,0.0,0.0,-2.387928698053901,0.0,7.243122346294365,2.434482348966079,506.8619198789196
0.9831636899729529,0.0,0.0,0.0,-2.3882505701796726,0.0,7.242718763333894,2.434082348966002,507.18159416500066
0.9831647154464203,0.0,0.0,0.0,-2.3885719605838776,0.0,7.242315108901159,2.433682348966064,507.50109907975104
0.9831657385832187,0.0,0.0,0.0,-2.3888928700315772,0.0,7.241911383402237,2.4332823489660624,507.82043930355974
0.9831667593885675,0.0,0.0,0.0,-2.389213299285161,0.0,7.241507587243352,2.4328823489660545,508.13958924603594
0.9831677778676744,0.0,0.0,0.0,-2.3895332491064876,0.0,7.24110372082815,2.432482348966027,508.45857674962895
0.9831687940257287,0.0,0.0,0.0,-2.3898527202552664,0.0,7.240699784559241,2.432082348965964,508.77738296224686
0.9831698078679032,0.0,0.0,0.0,-2.3901717134895595,0.0,7.240295778837822,2.4316823489659756,509.09601926527625
0.9831708193993569,0.0,0.0,0.0,-2.390490229566314,0.0,7.239891704063357,2.431282348966059,509.414477550352
0.9831718286252322,0.0,0.0,0.0,-2.3908082692408192,0.0,7.239487560633161,2.4308823489660423,509.73275732030515
0.9831728355506523,0.0,0.0,0.0,-2.3911258332659266,0.0,7.239083348945151,2.430482348966078,510.05086923158603
0.9831738401807313,0.0,0.0,0.0,-2.391442922394597,0.0,7.238679069393135,2.4300823489659864,510.3688153211966
0.983174842520561,0.0,0.0,0.0,-2.3917595373765494,0.0,7.238274722371215,2.4296823489660815,510.68656513939925
0.9831758425752216,0.0,0.0,0.0,-2.39207567896107,0.0,7.237870308271716,2.429282348966022,511.00415605680223
0.9831768403497766,0.0,0.0,0.0,-2.3923913478954817,0.0,7.237465827485115,2.4288823489660345,511.32157072107054
0.9831778358492728,0.0,0.0,0.0,-2.392706544925399,0.0,7.237061280400811,2.428482348966016,511.6388021834134
0.9831788290787428,0.0,0.0,0.0,-2.3930212707951486,0.0,7.23665666740637,2.42808234896608,511.9558592756996
0.9831798200432041,0.0,0.0,0.0,-2.393335526247656,0.0,7.236251988888567,2.427682348966054,512.2727341266707
0.9831808087476569,0.0,0.0,0.0,-2.393649312023749,0.0,7.235847245232325,2.4272823489660507,512.5894423442166
0.983181795197089,0.0,0.0,0.0,-2.393962628863544,0.0,7.23544243682076,2.426882348965969,512.9059816154098
0.9831827793964695,0.0,0.0,0.0,-2.394275477504667,0.0,7.23503756403658,2.4264823489660543,513.2223392796662
0.9831837613507566,0.0,0.0,0.0,-2.3945878586844187,0.0,7.234632627259788,2.4260823489660073,513.538523874448
0.9831847410648882,0.0,0.0,0.0,-2.3948997731372095,0.0,7.2342276268705366,2.425682348966083,513.8545133465761
0.98318571854379,0.0,0.0,0.0,-2.3952112215967265,0.0,7.233822563246118,2.4252823489660784,514.1703486382012
0.9831866937923747,0.0,0.0,0.0,-2.39552220479555,0.0,7.233417436762919,2.4248823489660207,514.4859938102685
0.9831876668155352,0.0,0.0,0.0,-2.3958327234636427,0.0,7.233012247796719,2.4244823489660234,514.8014683557235
0.9831886376181539,0.0,0.0,0.0,-2.396142778330526,0.0,7.23260699672089,2.4240823489660164,515.1167670846233
0.9831896062050959,0.0,0.0,0.0,-2.396452370123613,0.0,7.232201683907623,2.4236823489659685,515.4318844975877
0.9831905725812111,0.0,0.0,0.0,-2.396761499568733,0.0,7.231796309728191,2.4232823489660715,515.7468257737978
0.9831915367513363,0.0,0.0,0.0,-2.3970701673906674,0.0,7.231390874552359,2.4228823489660005,516.0615909146989
0.9831924987202937,0.0,0.0,0.0,-2.3973783743126478,0.0,7.230985378747814,2.4224823489660157,516.3761747643722
0.9831934584928881,0.0,0.0,0.0,-2.3976861210558384,0.0,7.2305798226820155,2.4220823489660566,516.690586640443
0.9831944160739128,0.0,0.0,0.0,-2.3979934083406396,0.0,7.230174206720574,2.4216823489660424,517.0048142866841
0.983195371468146,0.0,0.0,0.0,-2.398300236885804,0.0,7.229768531227206,2.4212823489660726,517.3188724541309
0.9831963246803498,0.0,0.0,0.0,-2.3986066074083054,0.0,7.22936279656491,2.420882348966038,517.632751822058
0.9831972757152732,0.0,0.0,0.0,-2.398912520623855,0.0,7.228957003095355,2.420482348966063,517.9464374245727
0.9831982245776498,0.0,0.0,0.0,-2.3992179772465922,0.0,7.228551151179121,2.4200823489659777,518.2599600119538
0.9831991712722004,0.0,0.0,0.0,-2.3995229779893603,0.0,7.228145241174576,2.4196823489660657,518.5733009856859
0.9832001158036309,0.0,0.0,0.0,-2.399827523563639,0.0,7.227739273439394,2.419282348965967,518.8864603516469
0.9832010581766316,0.0,0.0,0.0,-2.4001316146789136,0.0,7.227333248330085,2.4188823489660463,519.1994448006287
0.9832019983958816,0.0,0.0,0.0,-2.4004352520440486,0.0,7.226927166200985,2.418482348966003,519.5122465336979
0.9832029364660412,0.0,0.0,0.0,-2.4007384363652577,0.0,7.226521027406701,2.418082348966081,519.8248799840378
0.9832038723917624,0.0,0.0,0.0,-2.4010411683488053,0.0,7.226114832298363,2.4176823489660526,520.1373189756698
0.9832048061776786,0.0,0.0,0.0,-2.401343448698277,0.0,7.225708581228186,2.4172823489660287,520.4495860726195
0.9832057378284106,0.0,0.0,0.0,-2.4016452781162494,0.0,7.225302274545662,2.416882348966036,520.7616722575827
0.9832066673485667,0.0,0.0,0.0,-2.4019466573041393,0.0,7.224895912599029,2.4164823489660687,521.0735795223624
0.9832075947427396,0.0,0.0,0.0,-2.402247586961581,0.0,7.224489495735273,2.416082348966037,521.3853171024535
0.9832085200155102,0.0,0.0,0.0,-2.402548067787189,0.0,7.22408302430051,2.4156823489660733,521.6968448880748
0.983209443171441,0.0,0.0,0.0,-2.4028481004771285,0.0,7.223676498639904,2.415282348965963,522.008218396825
0.9832103642150859,0.0,0.0,0.0,-2.4031476857272493,0.0,7.223269919096595,2.4148823489660076,522.3194220380874
0.9832112831509836,0.0,0.0,0.0,-2.4034468242317217,0.0,7.222863286012388,2.4144823489660165,522.6304266901999
0.983212199983659,0.0,0.0,0.0,-2.4037455166832187,0.0,7.2224565997284795,2.4140823489660272,522.9412451005294
0.9832131147176225,0.0,0.0,0.0,-2.4040437637727545,0.0,7.2220498605843915,2.4136823489660353,523.2518863943498
0.9832140273573708,0.0,0.0,0.0,-2.4043415661899616,0.0,7.221643068918862,2.4132823489660007,523.5623704174126
0.9832149379073903,0.0,0.0,0.0,-2.404638924623716,0.0,7.221236225068824,2.412882348966071,523.8726507401349
0.9832158463721504,0.0,0.0,0.0,-2.4049358397607574,0.0,7.220829329370235,2.4124823489660177,524.1827567829275
0.9832167527561083,0.0,0.0,0.0,-2.4052323122866186,0.0,7.220422382157657,2.4120823489660026,524.4926763529057
0.9832176570637086,0.0,0.0,0.0,-2.405528342885629,0.0,7.220015383765241,2.411682348966024,524.8024197492441
0.9832185592993811,0.0,0.0,0.0,-2.4058239322404007,0.0,7.219608334524376,2.4112823489660853,525.1119839136867
0.9832194594675449,0.0,0.0,0.0,-2.406119081032736,0.0,7.219201234766773,2.4108823489660587,525.4213661459512
0.9832203575726025,0.0,0.0,0.0,-2.406413789942234,0.0,7.218794084822199,2.4104823489660836,525.730562984967
0.9832212536189471,0.0,0.0,0.0,-2.4067080596480053,0.0,7.218386885019014,2.41008234896605,526.0395771133192
0.9832221476109564,0.0,0.0,0.0,-2.4070018908272597,0.0,7.217979635684747,2.409682348965961,526.3484153311475
0.9832230395529946,0.0,0.0,0.0,-2.407295284155654,0.0,7.217572337145909,2.40928234896598,526.6570620684374
0.9832239294494134,0.0,0.0,0.0,-2.407588240307635,0.0,7.217164989727374,2.4088823489659887,526.9655506241737
0.9832248173045539,0.0,0.0,0.0,-2.4078807599568313,0.0,7.216757593752893,2.408482348966074,527.27382906203
0.9832257031227404,0.0,0.0,0.0,-2.4081728437746097,0.0,7.216350149545629,2.408082348965994,527.5819431387766
0.9832265869082878,0.0,0.0,0.0,-2.408464492431726,0.0,7.215942657427049,2.407682348966026,527.8898721234405
0.9832274686654957,0.0,0.0,0.0,-2.408755706597035,0.0,7.21553511771714,2.407282348966074,528.1976085049763
0.9832283483986531,0.0,0.0,0.0,-2.409046486938556,0.0,7.215127530734952,2.406882348966051,528.5051558938143
0.9832292261120334,0.0,0.0,0.0,-2.4093368341222328,0.0,7.214719896799452,2.4064823489660183,528.8125392652987
0.9832301018099012,0.0,0.0,0.0,-2.40962674881359,0.0,7.214312216226478,2.4060823489659837,529.1197359009279
0.9832309754965046,0.0,0.0,0.0,-2.40991623167589,0.0,7.21390448933253,2.4056823489660477,529.4267428141794
0.9832318471760816,0.0,0.0,0.0,-2.41020528337167,0.0,7.2134967164317745,2.4052823489660193,529.7335712335604
0.9832327168528572,0.0,0.0,0.0,-2.410493904561969,0.0,7.213088897837442,2.404882348966086,530.0402177744891
0.9832335845310425,0.0,0.0,0.0,-2.4107820959062156,0.0,7.212681033862551,2.404482348966048,530.3466829221803
0.9832344502148389,0.0,0.0,0.0,-2.4110698580631036,0.0,7.212273124817743,2.4040823489659955,530.652954351135
0.9832353139084333,0.0,0.0,0.0,-2.4113571916894805,0.0,7.211865171012891,2.40368234896607,530.9590434966814
0.9832361756159989,0.0,0.0,0.0,-2.4116440974406066,0.0,7.211457172757806,2.4032823489660506,531.2649802995492
0.9832370353417015,0.0,0.0,0.0,-2.411930575971582,0.0,7.211049130359121,2.4028823489660587,531.5706922156537
0.9832378930896899,0.0,0.0,0.0,-2.4122166279350203,0.0,7.210641044124101,2.4024823489660667,531.8762304780611
0.9832387488641026,0.0,0.0,0.0,-2.4125022539826952,0.0,7.210232914358476,2.4020823489660525,532.1815923107273
0.9832396026690658,0.0,0.0,0.0,-2.4127874547650685,0.0,7.20982474136629,2.4016823489660606,532.4867732443437
0.9832404545086939,0.0,0.0,0.0,-2.4130722309312884,0.0,7.209416525450856,2.4012823489660775,532.7917573271397
0.9832413043870868,0.0,0.0,0.0,-2.4133565831287243,0.0,7.2090082669150615,2.4008823489660616,533.0965697232418
0.9832421523083369,0.0,0.0,0.0,-2.4136405120044606,0.0,7.208599966059322,2.400482348966076,533.401182824851
0.9832429982765207,0.0,0.0,0.0,-2.413924018203404,0.0,7.208191623183805,2.4000823489659915,533.7056261475786
0.9832438422957042,0.0,0.0,0.0,-2.4142071023693994,0.0,7.207783238587886,2.3996823489660315,534.0098608299909
0.9832446843699408,0.0,0.0,0.0,-2.414489765145002,0.0,7.207374812569512,2.3992823489660653,534.3139433083895
0.9832455245032741,0.0,0.0,0.0,-2.4147720071718184,0.0,7.206966345424495,2.3988823489660875,534.6178071915434
0.9832463626997314,0.0,0.0,0.0,-2.4150538290892496,0.0,7.2065578374502035,2.3984823489660148,534.921525875771
0.9832471989633342,0.0,0.0,0.0,-2.41533523153668,0.0,7.206149288939661,2.3980823489660397,535.2250219872169
0.9832480332980873,0.0,0.0,0.0,-2.415616215151131,0.0,7.205740700187537,2.397682348966078,535.528346996117
0.9832488657079866,0.0,0.0,0.0,-2.41589678056905,0.0,7.205332071485975,2.3972823489660176,535.8314941687007
0.9832496961970142,0.0,0.0,0.0,-2.416176928424965,0.0,7.204923403126568,2.3968823489660593,536.1344572781029
0.9832505247691431,0.0,0.0,0.0,-2.416456659352887,0.0,7.204514695399424,2.3964823489660407,536.4372074231276
0.9832513514283331,0.0,0.0,0.0,-2.416735973985063,0.0,7.204105948594567,2.396082348966063,536.7398091489338
0.9832521761785318,0.0,0.0,0.0,-2.417014872952381,0.0,7.2036971629997275,2.39568234896604,537.0421921478863
0.9832529990236777,0.0,0.0,0.0,-2.4172933568849966,0.0,7.20328833890214,2.3952823489660737,537.3444042049623
0.9832538199676931,0.0,0.0,0.0,-2.4175714264107158,0.0,7.202879476589003,2.3948823489660773,537.6464337347113
0.983254639014496,0.0,0.0,0.0,-2.417849082157743,0.0,7.202470576344248,2.394482348965991,537.9482698648878
0.9832554561679872,0.0,0.0,0.0,-2.4181263247516664,0.0,7.202061638452887,2.3940823489660232,538.2499212008709
0.983256271432058,0.0,0.0,0.0,-2.4184031548172698,0.0,7.201652663197961,2.3936823489660277,538.5513994735386
0.9832570848105892,0.0,0.0,0.0,-2.418679572978265,0.0,7.201243650861403,2.39328234896601,538.8526646477936
0.9832578963074483,0.0,0.0,0.0,-2.4189555798566342,0.0,7.200834601724787,2.392882348966067,539.153758015395
0.9832587059264941,0.0,0.0,0.0,-2.4192311760737444,0.0,7.200425516067447,2.3924823489659683,539.454658433587
0.9832595136715723,0.0,0.0,0.0,-2.4195063622491926,0.0,7.200016394169249,2.392082348965964,539.7553854002699
0.9832603195465186,0.0,0.0,0.0,-2.4197811390017097,0.0,7.199607236307806,2.391682348965978,540.0558928603675
0.9832611235551565,0.0,0.0,0.0,-2.42005550694845,0.0,7.199198042760437,2.3912823489660555,540.3562433237631
0.9832619257012997,0.0,0.0,0.0,-2.420329466705714,0.0,7.1987888138033815,2.3908823489660493,540.6564049652492
0.9832627259887495,0.0,0.0,0.0,-2.420603018888233,0.0,7.198379549710935,2.3904823489659677,540.9563609714164
0.983263524421297,0.0,0.0,0.0,-2.420876164109608,0.0,7.197970250758684,2.390082348966005,541.2561558184627
0.9832643210027229,0.0,0.0,0.0,-2.421148902982432,0.0,7.197560917218641,2.389682348966044,541.5557572937553
0.9832651157367962,0.0,0.0,0.0,-2.4214212361179404,0.0,7.197151549362852,2.389282348966037,541.855146569937
0.9832659086272745,0.0,0.0,0.0,-2.421693164125926,0.0,7.196742147462685,2.3888823489660016,542.1543715465066
0.9832666996779059,0.0,0.0,0.0,-2.4219646876153416,0.0,7.196332711788844,2.3884823489660265,542.453408508654
0.9832674888924269,0.0,0.0,0.0,-2.422235807193702,0.0,7.195923242610053,2.3880823489660576,542.752239764574
0.9832682762745626,0.0,0.0,0.0,-2.4225065234672454,0.0,7.195513740194527,2.387682348965975,543.0508926420068
0.9832690618280292,0.0,0.0,0.0,-2.4227768370413263,0.0,7.195104204809537,2.387282348965994,543.3493495028102
0.9832698455565301,0.0,0.0,0.0,-2.423046748519654,0.0,7.19469463672228,2.3868823489660596,543.6476465669546
0.9832706274637603,0.0,0.0,0.0,-2.423316258505327,0.0,7.194285036196312,2.3864823489659672,543.9457192428656
0.9832714075534015,0.0,0.0,0.0,-2.423585367599503,0.0,7.193875403497592,2.3860823489659824,544.2436220556855
0.983272185829127,0.0,0.0,0.0,-2.423854076402721,0.0,7.193465738889109,2.3856823489660606,544.5413284674147
0.983272962294599,0.0,0.0,0.0,-2.4241223855142224,0.0,7.1930560426336045,2.3852823489660366,544.8388383916969
0.983273736953469,0.0,0.0,0.0,-2.424390295531934,0.0,7.192646314991867,2.3848823489660473,545.1361733402268
0.9832745098093776,0.0,0.0,0.0,-2.424657807052584,0.0,7.192236556225021,2.384482348966074,545.4333180543842
0.9832752808659553,0.0,0.0,0.0,-2.4249249206717636,0.0,7.19182676659328,2.38408234896601,545.7302730263086
0.9832760501268231,0.0,0.0,0.0,-2.4251916369840685,0.0,7.191416946354414,2.3836823489659684,546.0270339572043
0.9832768175955893,0.0,0.0,0.0,-2.425457956582375,0.0,7.191007095767123,2.383282348966027,546.3236099492726
0.9832775832758555,0.0,0.0,0.0,-2.4257238800592895,0.0,7.19059721508809,2.3828823489660103,546.6199954386741
0.9832783471712094,0.0,0.0,0.0,-2.425989408005348,0.0,7.190187304572803,2.38248234896606,546.9161885604879
0.983279109285231,0.0,0.0,0.0,-2.4262545410105214,0.0,7.1897773644767335,2.3820823489660254,547.2122051988033
0.9832798696214877,0.0,0.0,0.0,-2.4265192796630726,0.0,7.189367395054108,2.3816823489660646,547.5080121527398
0.9832806281835397,0.0,0.0,0.0,-2.4267836245507914,0.0,7.188957396557907,2.3812823489660513,547.803638325265
0.9832813849749338,0.0,0.0,0.0,-2.4270475762595574,0.0,7.188547369240857,2.38088234896607,548.0990739759719
0.9832821399992098,0.0,0.0,0.0,-2.4273111353748202,0.0,7.188137313353825,2.380482348966045,548.3943111611063
0.983282893259895,0.0,0.0,0.0,-2.4275743024803114,0.0,7.187727229147822,2.380082348966021,548.6893587126731
0.9832836447605071,0.0,0.0,0.0,-2.4278370781586656,0.0,7.187317116872362,2.3796823489659653,548.9842227195379
0.9832843945045551,0.0,0.0,0.0,-2.4280994629917005,0.0,7.186906976776274,2.3792823489660666,549.2788991880763
0.9832851424955369,0.0,0.0,0.0,-2.4283614575599155,0.0,7.186496809106976,2.3788823489660373,549.5733858596597
0.9832858887369408,0.0,0.0,0.0,-2.4286230624426186,0.0,7.186086614111782,2.3784823489660116,549.867685507221
0.9832866332322452,0.0,0.0,0.0,-2.428884278218024,0.0,7.185676392037087,2.3780823489660605,550.1617675195155
0.9832873759849184,0.0,0.0,0.0,-2.4291451054632027,0.0,7.185266143127147,2.377682348966018,550.455685455408
0.9832881169984194,0.0,0.0,0.0,-2.4294055447541125,0.0,7.184855867627069,2.3772823489660615,550.74939781801
0.9832888562761957,0.0,0.0,0.0,-2.429665596665263,0.0,7.184445565780338,2.376882348966011,551.0429335471047
0.9832895938216876,0.0,0.0,0.0,-2.4299252617706277,0.0,7.184035237829193,2.376482348966035,551.3362662608787
0.9832903296383237,0.0,0.0,0.0,-2.4301845406426006,0.0,7.183624884015415,2.376082348966003,551.6294157948696
0.9832910637295238,0.0,0.0,0.0,-2.430443433852566,0.0,7.183214504580115,2.3756823489660537,551.9223678658664
0.9832917960986988,0.0,0.0,0.0,-2.430701941971112,0.0,7.182804099762587,2.3752823489660573,552.2151334901968
0.9832925267492462,0.0,0.0,0.0,-2.430960065566731,0.0,7.182393669802833,2.3748823489660555,552.50770846785
0.9832932556845598,0.0,0.0,0.0,-2.431217805208241,0.0,7.181983214938331,2.3744823489660325,552.8000734976048
0.9832939829080188,0.0,0.0,0.0,-2.431475161462081,0.0,7.181572735406957,2.3740823489660468,553.0922670591597
0.9832947084229948,0.0,0.0,0.0,-2.431732134894105,0.0,7.181162231445653,2.3736823489660503,553.3842688557629
0.9832954322328515,0.0,0.0,0.0,-2.431988726069445,0.0,7.1807517032885935,2.373282348966023,553.676038071249
0.9832961543409381,0.0,0.0,0.0,-2.4322449355508553,0.0,7.180341151172685,2.3728823489660567,553.9676625392389
0.9832968747506012,0.0,0.0,0.0,-2.4325007639017415,0.0,7.179930575330799,2.37248234896604,554.2590818460945
0.9832975934651724,0.0,0.0,0.0,-2.432756211682946,0.0,7.1795199759963975,2.372082348966045,554.5502923465419
0.983298310487976,0.0,0.0,0.0,-2.4330112794547825,0.0,7.179109353402147,2.3716823489660426,554.8413460589213
0.9832990258223273,0.0,0.0,0.0,-2.4332659677765354,0.0,7.17869870777924,2.371282348966089,555.1321716484159
0.9832997394715326,0.0,0.0,0.0,-2.4335202772064832,0.0,7.178288039358155,2.3708823489660658,555.4228267747384
0.9833004514388887,0.0,0.0,0.0,-2.433774208301747,0.0,7.177877348369262,2.3704823489659974,555.7132608474639
0.9833011617276793,0.0,0.0,0.0,-2.434027761617429,0.0,7.177466635041883,2.370082348966055,556.0035274508515
0.9833018703411852,0.0,0.0,0.0,-2.4342809377090737,0.0,7.177055899603802,2.3696823489660135,556.293608131554
0.9833025772826751,0.0,0.0,0.0,-2.4345337371304385,0.0,7.176645142282339,2.3692823489660473,556.5834744944483
0.983303282555407,0.0,0.0,0.0,-2.4347861604338386,0.0,7.176234363304465,2.368882348966075,556.8731701697151
0.983303986162632,0.0,0.0,0.0,-2.4350382081710813,0.0,7.175823562896088,2.368482348965996,557.1626434829283
0.9833046881075919,0.0,0.0,0.0,-2.4352898808927144,0.0,7.17541274128191,2.3680823489660847,557.4519385631429
0.9833053883935173,0.0,0.0,0.0,-2.435541179147921,0.0,7.175001898686482,2.3676823489660297,557.7410502580435
0.9833060870236331,0.0,0.0,0.0,-2.4357921034853955,0.0,7.174591035333223,2.367282348966004,558.0299460757386
0.9833067840011511,0.0,0.0,0.0,-2.436042654451902,0.0,7.174180151444539,2.3668823489660786,558.3186860387996
0.9833074793292798,0.0,0.0,0.0,-2.4362928325944964,0.0,7.173769247242212,2.366482348965971,558.60717756928
0.9833081730112125,0.0,0.0,0.0,-2.4365426384576314,0.0,7.173358322947309,2.366082348966044,558.8955128528986
0.9833088650501374,0.0,0.0,0.0,-2.436792072585625,0.0,7.172947378780773,2.365682348965983,559.1836617344636
0.9833095554492333,0.0,0.0,0.0,-2.437041135521629,0.0,7.172536414961125,2.365282348965999,559.4715864232973
0.9833102442116689,0.0,0.0,0.0,-2.4372898278074286,0.0,7.172125431707926,2.3648823489660904,559.7593256306802
0.9833109313406058,0.0,0.0,0.0,-2.437538149984178,0.0,7.171714429238269,2.364482348966095,560.0468554764137
0.9833116168391954,0.0,0.0,0.0,-2.437786102591675,0.0,7.171303407769684,2.3640823489660585,560.3342232345664
0.9833123007105807,0.0,0.0,0.0,-2.4380336861686613,0.0,7.170892367518644,2.363682348966064,560.621382253609
0.9833129829578962,0.0,0.0,0.0,-2.4382809012529707,0.0,7.1704813087006665,2.3632823489659955,560.9083642936978
0.9833136635842671,0.0,0.0,0.0,-2.43852774838123,0.0,7.170070231530999,2.36288234896608,561.1951314626692
0.9833143425928111,0.0,0.0,0.0,-2.4387742280893527,0.0,7.169659136222943,2.36248234896601,561.4817133905038
0.9833150199866361,0.0,0.0,0.0,-2.4390203409117897,0.0,7.1692480229906765,2.3620823489660943,561.7680810225214
0.9833156957688419,0.0,0.0,0.0,-2.4392660873823027,0.0,7.168836892045524,2.36168234896608,562.0542698488124
0.9833163699425198,0.0,0.0,0.0,-2.43951146803345,0.0,7.168425743600408,2.3612823489660766,562.340265777249
0.9833170425107524,0.0,0.0,0.0,-2.4397564833968284,0.0,7.168014577866107,2.360882348965996,562.6260514845735
0.9833177134766126,0.0,0.0,0.0,-2.440001134002664,0.0,7.167603395052474,2.3604823489660847,562.9116548212077
0.9833183828431671,0.0,0.0,0.0,-2.440245420380804,0.0,7.16719219536977,2.3600823489660145,563.1970441701565
0.9833190506134721,0.0,0.0,0.0,-2.440489343059464,0.0,7.166780979026444,2.3596823489660927,563.4822659105565
0.9833197167905771,0.0,0.0,0.0,-2.4407329025663356,0.0,7.166369746230264,2.3592823489660626,563.7672841712966
0.9833203813775214,0.0,0.0,0.0,-2.4409760994276866,0.0,7.165958497189025,2.3588823489660378,564.0521059883092
0.983321044377337,0.0,0.0,0.0,-2.4412189341689374,0.0,7.165547232109305,2.3584823489660467,564.3367054123813
0.9833213752830164,0.0,0.0,0.0,-2.441340215908401,0.0,7.165341593619123,2.3582823489659708,564.4789626128647
0.9833217057930468,0.0,0.0,0.0,-2.4414614073143817,0.0,7.165135951196949,2.358082348966045,564.6211493633976
0.9833220359078052,0.0,0.0,0.0,-2.4415825084524485,0.0,7.164930304867135,2.3578823489660277,564.7632704308147
0.9833223656276663,0.0,0.0,0.0,-2.4417035193875454,0.0,7.164724654656417,2.357682348965999,564.9053775472577
0.9833226949530067,0.0,0.0,0.0,-2.441824440185207,0.0,7.164519000590191,2.3574823489659735,565.047433289944
0.9833230238842022,0.0,0.0,0.0,-2.4419452709107645,0.0,7.164313342693094,2.3572823489660744,565.1894209193399
0.9833233524216256,0.0,0.0,0.0,-2.4420660116289867,0.0,7.164107680991236,2.3570823489660526,565.3313678208865
0.9833236805656528,0.0,0.0,0.0,-2.4421866624053834,0.0,7.163902015509751,2.3568823489660407,565.4732473594294
0.9833240083166551,0.0,0.0,0.0,-2.4423072233044425,0.0,7.163696346274629,2.356682348966056,565.6150978193157
0.9833243356750078,0.0,0.0,0.0,-2.442427694391659,0.0,7.163490673309922,2.3564823489659865,565.7568937001882
0.9833246626410806,0.0,0.0,0.0,-2.44254807573126,0.0,7.163284996642344,2.356282348966027,565.8986520993428
0.983324989215249,0.0,0.0,0.0,-2.442668367388885,0.0,7.163079316296282,2.356082348966088,566.0403309395572
0.9833253153978819,0.0,0.0,0.0,-2.442788569428731,0.0,7.162873632296449,2.3558823489660616,566.1819984826153
0.9833256411893504,0.0,0.0,0.0,-2.442908681915495,0.0,7.162667944669306,2.355682348966069,566.3236041288459
0.9833259665900268,0.0,0.0,0.0,-2.443028704914293,0.0,7.162462253438377,2.3554823489660626,566.4651353178311
0.9833262916002785,0.0,0.0,0.0,-2.4431486384890917,0.0,7.1622565586300455,2.355282348965983,566.6066599687917
0.9833266162204766,0.0,0.0,0.0,-2.4432684827047657,0.0,7.162050860268687,2.3550823489659836,566.7480962380204
0.9833269404509897,0.0,0.0,0.0,-2.443388237625732,0.0,7.161845158379081,2.3548823489659796,566.889509864529
0.9833272642921861,0.0,0.0,0.0,-2.443507903316331,0.0,7.161639452986284,2.354682348966043,567.0308625602778
0.9833275877444331,0.0,0.0,0.0,-2.4436274798407616,0.0,7.161433744115535,2.354482348966034,567.1721628329872
0.983327910808099,0.0,0.0,0.0,-2.4437469672635217,0.0,7.161228031791124,2.3542823489659783,567.31342095469
0.9833282334835498,0.0,0.0,0.0,-2.4438663656485446,0.0,7.161022316037699,2.3540823489660516,567.4546178025856
0.9833285557711527,0.0,0.0,0.0,-2.443985675060217,0.0,7.160816596880573,2.3538823489660965,567.5957791039065
0.9833288776712734,0.0,0.0,0.0,-2.444104895562571,0.0,7.160610874344563,2.353682348966,567.7368913835176
0.9833291991842766,0.0,0.0,0.0,-2.4442240272194304,0.0,7.160405148453416,2.3534823489660432,567.8779637796628
0.9833295203105279,0.0,0.0,0.0,-2.4443430700949316,0.0,7.160199419232295,2.3532823489660624,568.0189771361793
0.9833298410503918,0.0,0.0,0.0,-2.44446202425304,0.0,7.159993686705687,2.3530823489659705,568.159949174345
0.983330161404232,0.0,0.0,0.0,-2.444580889757489,0.0,7.159787950898037,2.3528823489660518,568.3008569624621
0.9833304813724114,0.0,0.0,0.0,-2.444699666671957,0.0,7.159582211833755,2.352682348966093,568.441688818787
0.9833308009552932,0.0,0.0,0.0,-2.4448183550602467,0.0,7.159376469537482,2.352482348966096,568.582507571207
0.9833311201532402,0.0,0.0,0.0,-2.444936954986081,0.0,7.159170724033123,2.352282348966085,568.7232843016922
0.9833314389666135,0.0,0.0,0.0,-2.445055466512877,0.0,7.158964975345541,2.352082348966018,568.8639883463933
0.9833317573957749,0.0,0.0,0.0,-2.4451738897042654,0.0,7.158759223498875,2.351882348966029,569.0046542153318
0.9833320754410848,0.0,0.0,0.0,-2.4452922246235533,0.0,7.158553468517457,2.351682348966004,569.1452833971913
0.9833323931029044,0.0,0.0,0.0,-2.4454104713343754,0.0,7.158347710425373,2.3514823489659777,569.2858318090346
0.9833327103815933,0.0,0.0,0.0,-2.4455286298999437,0.0,7.158141949246222,2.3512823489660875,569.4263507687484
0.9833330272775112,0.0,0.0,0.0,-2.445646700383662,0.0,7.1579361850049334,2.351082348966087,569.5668275831806
0.9833333437910161,0.0,0.0,0.0,-2.445764682848555,0.0,7.157730417725632,2.3508823489660253,569.7072445890883
0.9833336599224677,0.0,0.0,0.0,-2.4458825773580024,0.0,7.157524647431754,2.3506823489660835,569.8476026475619
0.9833339756722225,0.0,0.0,0.0,-2.4460003839748183,0.0,7.157318874147779,2.350482348966062,569.9879386588403
