x,y,z,xdot,ydot,zdot,Period,JC,Stability
1.0078099281694557,0.0,-6.592640525942784e-16,0.0,0.009214458097847836,0.0,3.10232198125233,3.000714110575991,1689.4785866345026
1.0077943838936423,0.0,0.0005488343979969261,0.0,0.009224458097847835,0.0,3.1006118628569013,3.0007126090831853,1671.5393938860557
1.0077914076524035,0.0,0.0005711070975512096,0.0,0.009234458097847835,0.0,3.1005679095045897,3.000712372018405,1669.553016649016
1.0077884302561793,0.0,0.0005925441721981647,0.0,0.009244458097847835,0.0,3.1005238916544045,3.0007121348043166,1667.567213953365
1.0077854517060394,0.0,0.000613233227154514,0.0,0.009254458097847834,0.0,3.1004798092732497,3.000711897441146,1665.581989368107
1.007782472002594,0.0,0.0006332475560346581,0.0,0.009264458097847834,0.0,3.100435662266148,3.000711659929082,1663.5973467008089
1.007779491146603,0.0,0.0006526492071207969,0.0,0.009274458097847833,0.0,3.100391450558059,3.0007114222683264,1661.6132898598123
1.0077765091388249,0.0,0.0006714912616491824,0.0,0.009284458097847833,0.0,3.1003471740734074,3.0007111844590817,1659.6298227683037
1.007773525980017,0.0,0.0006898195493118858,0.0,0.009294458097847833,0.0,3.100302832736481,3.0007109465015493,1657.6469493317227
1.0077705416709377,0.0,0.0007076739635114068,0.0,0.009304458097847832,0.0,3.1002584264712523,3.000710708395933,1655.6646734319195
1.0077675562123452,0.0,0.0007250894849705622,0.0,0.009314458097847832,0.0,3.100213955201626,3.000710470142434,1653.682998946131
1.0077645696049984,0.0,0.0007420969889690419,0.0,0.009324458097847831,0.0,3.1001694188512614,3.000710231741256,1651.701929754088
1.0077615818496573,0.0,0.0007587238896896534,0.0,0.009334458097847831,0.0,3.1001248173437084,3.0007099931926,1649.7214697112724
1.0077585929470803,0.0,0.000774994660111078,0.0,0.00934445809784783,0.0,3.1000801506024156,3.000709754496668,1647.741622679092
1.007755602898029,0.0,0.0007909312555299947,0.0,0.00935445809784783,0.0,3.100035418550623,3.000709515653664,1645.7623924930676
1.0077526117032642,0.0,0.0008065534618602029,0.0,0.00936445809784783,0.0,3.0999906211114507,3.0007092766637893,1643.7837830037765
1.0077496193635478,0.0,0.0008218791842623434,0.0,0.00937445809784783,0.0,3.0999457582079053,3.000709037527247,1641.8057980386507
1.0077466258796421,0.0,0.0008369246882318609,0.0,0.009384458097847829,0.0,3.0999008297628183,3.000708798244241,1639.828441416613
1.007743631252309,0.0,0.0008517048023523835,0.0,0.009394458097847828,0.0,3.0998558356989485,3.0007085588149716,1637.8517169641893
1.007740635482312,0.0,0.0008662330898852347,0.0,0.009404458097847828,0.0,3.0998107759388596,3.000708319239644,1635.875628481511
1.0077376385704162,0.0,0.0008805219949083714,0.0,0.009414458097847828,0.0,3.099765650404984,3.000708079518458,1633.9001797639535
1.0077346405173853,0.0,0.0008945829674519675,0.0,0.009424458097847827,0.0,3.099720459019638,3.000707839651619,1631.9253746168088
1.0077316413239852,0.0,0.0009084265711672765,0.0,0.009434458097847827,0.0,3.099675201704988,3.0007075996393295,1629.9512168178421
1.007728640990982,0.0,0.0009220625764806567,0.0,0.009444458097847826,0.0,3.0996298783830083,3.0007073594817926,1627.9777101433083
1.0077256395191405,0.0,0.0009355000415372751,0.0,0.009454458097847826,0.0,3.0995844889757254,3.0007071191792103,1626.0048583722526
1.0077226369092303,0.0,0.0009487473827572778,0.0,0.009464458097847826,0.0,3.099539033404755,3.0007068787317865,1624.032665253095
1.0077196331620177,0.0,0.0009618124367550998,0.0,0.009474458097847825,0.0,3.099493511591773,3.0007066381397247,1622.0611345455716
1.0077166282782704,0.0,0.0009747025147128034,0.0,0.009484458097847825,0.0,3.0994479234583,3.000706397403227,1620.0902700003714
1.0077136222587595,0.0,0.000987424450356678,0.0,0.009494458097847824,0.0,3.0994022689256253,3.000706156522498,1618.1200753476282
1.007710615104253,0.0,0.0009999846425264567,0.0,0.009504458097847824,0.0,3.0993565479149456,3.0007059154977394,1616.1505543263224
1.0077076068155222,0.0,0.0010123890928882794,0.0,0.009514458097847824,0.0,3.0993107603473162,3.000705674329157,1614.1817106525677
1.0077045973933356,0.0,0.00102464343964037,0.0,0.009524458097847823,0.0,3.0992649061437727,3.000705433016952,1612.2135480463357
1.0077015868384689,0.0,0.0010367529875014115,0.0,0.009534458097847823,0.0,3.099218985224975,3.0007051915613294,1610.2460702137312
1.0076985751516914,0.0,0.0010487227347582772,0.0,0.009544458097847822,0.0,3.099172997511595,3.0007049499624925,1608.2792808529628
1.0076955623337753,0.0,0.0010605573974183634,0.0,0.009554458097847822,0.0,3.099126942924255,3.0007047082206446,1606.3131836553973
1.0076925483854975,0.0,0.001072261430987845,0.0,0.009564458097847821,0.0,3.0990808213831014,3.0007044663359896,1604.3477823086537
1.0076895333076277,0.0,0.001083839050262463,0.0,0.009574458097847821,0.0,3.099034632808616,3.000704224308731,1602.383080490129
1.007686517100944,0.0,0.001095294247018083,0.0,0.00958445809784782,0.0,3.098988377120747,3.000703982139073,1600.419081865847
1.0076834997662203,0.0,0.001106630806254625,0.0,0.00959445809784782,0.0,3.0989420542394805,3.000703739827219,1598.4557900940329
1.0076804813042333,0.0,0.0011178523208350642,0.0,0.00960445809784782,0.0,3.09889566408464,3.000703497373374,1596.493208829617
1.0076774617157596,0.0,0.0011289622048693624,0.0,0.00961445809784782,0.0,3.0988492065758453,3.0007032547777412,1594.5313417183595
1.007674441001576,0.0,0.0011399637059061017,0.0,0.009624458097847819,0.0,3.0988026816327006,3.0007030120405256,1592.5701924017567
1.0076714191624618,0.0,0.0011508599160703955,0.0,0.009634458097847819,0.0,3.09875608917454,3.0007027691619297,1590.6097645024022
1.0076683961991943,0.0,0.0011616537822910166,0.0,0.009644458097847818,0.0,3.098709429120721,3.0007025261421596,1588.6500616441774
1.0076653721125537,0.0,0.0011723481156269602,0.0,0.009654458097847818,0.0,3.098662701390238,3.000702282981418,1586.6910874421565
1.007662346903319,0.0,0.001182945599897892,0.0,0.009664458097847817,0.0,3.0986159059021166,3.0007020396799096,1584.7328455070585
1.0076593205722726,0.0,0.0011934487995689533,0.0,0.009674458097847817,0.0,3.0985690425751464,3.000701796237839,1582.775339429326
1.007656293120194,0.0,0.0012038601670713008,0.0,0.009684458097847817,0.0,3.0985221113281125,3.0007015526554115,1580.8185727994905
1.0076532645478677,0.0,0.0012141820494821081,0.0,0.009694458097847816,0.0,3.0984751120794276,3.0007013089328307,1578.862549207939
1.0076502348560734,0.0,0.001224416694808881,0.0,0.009704458097847816,0.0,3.0984280447476227,3.000701065070301,1576.9072722267638
1.007647204045596,0.0,0.0012345662576734636,0.0,0.009714458097847815,0.0,3.098380909250965,3.000700821068027,1574.9527454193503
1.00764417211722,0.0,0.0012446328046770245,0.0,0.009724458097847815,0.0,3.0983337055074527,3.0007005769262145,1572.9989723507056
1.0076411390717295,0.0,0.0012546183193551104,0.0,0.009734458097847815,0.0,3.0982864334351956,3.0007003326450667,1571.0459565582137
1.0076381049099086,0.0,0.0012645247067513852,0.0,0.009744458097847814,0.0,3.098239092951993,3.0007000882247894,1569.0937016118837
1.007635069632546,0.0,0.0012743537976895422,0.0,0.009754458097847814,0.0,3.098191683975555,3.000699843665588,1567.1422110213912
1.007632033240427,0.0,0.0012841073527721197,0.0,0.009764458097847813,0.0,3.0981442064234335,3.000699598967666,1565.1914883241448
1.0076289957343394,0.0,0.0012937870660659169,0.0,0.009774458097847813,0.0,3.098096660213047,3.0006993541312297,1563.2415370399385
1.007625957115071,0.0,0.0013033945685790907,0.0,0.009784458097847813,0.0,3.09804904526166,3.000699109156484,1561.29236068669
1.007622917383411,0.0,0.0013129314314826756,0.0,0.009794458097847812,0.0,3.098001361486408,3.000698864043633,1559.3439627626158
1.0076198765317275,0.0,0.001322399237438258,0.0,0.009804458097847812,0.0,3.0979536083626695,3.0006986187920477,1557.3963392354344
1.0076137915219798,0.0,0.0013411330589028472,0.0,0.009824458097847811,0.0,3.0978578963867096,3.0006981278785054,1553.5034744919026
1.007607702066893,0.0,0.001359607319703255,0.0,0.00984445809784781,0.0,3.097761907341978,3.000697636414994,1549.6137716904204
1.0076016081812313,0.0,0.0013778322880310737,0.0,0.00986445809784781,0.0,3.0976656410008347,3.0006971444039925,1545.7272660443805
1.0075955098713458,0.0,0.0013958176232552572,0.0,0.009884458097847808,0.0,3.0975690966918212,3.000696651847147,1541.8439851177168
1.0075894071436022,0.0,0.0014135723679648375,0.0,0.009904458097847808,0.0,3.0974722737410167,3.000696158746102,1537.963956347648
1.0075833000043761,0.0,0.001431105001637663,0.0,0.009924458097847807,0.0,3.097375171472374,3.0006956651025036,1534.0872070321534
1.0075771884600524,0.0,0.0014484234884061449,0.0,0.009944458097847806,0.0,3.0972777892074466,3.000695170918002,1530.2137643789058
1.0075710725170322,0.0,0.0014655353197369784,0.0,0.009964458097847805,0.0,3.0971801262654743,3.000694676194244,1526.3436554240727
1.0075649521817243,0.0,0.0014824475527095162,0.0,0.009984458097847804,0.0,3.0970821819633976,3.000694180932881,1522.4769071039857
1.0075588274605503,0.0,0.0014991668443659618,0.0,0.010004458097847804,0.0,3.0969839556158347,3.0006936851355626,1518.613546233842
1.0075526983599448,0.0,0.0015156994826567196,0.0,0.010024458097847803,0.0,3.0968854465350617,3.000693188803942,1514.7535994804416
1.0075465648863515,0.0,0.0015320514143909055,0.0,0.010044458097847802,0.0,3.0967866540310665,3.0006926919396713,1510.897093395226
1.0075404270462314,0.0,0.001548228270478139,0.0,0.010064458097847801,0.0,3.096687577411374,3.000692194544404,1507.0440544049166
1.0075342848460493,0.0,0.0015642353889098208,0.0,0.0100844580978478,0.0,3.0965882159813747,3.0006916966197963,1503.1945088136877
1.0075281382922907,0.0,0.0015800778355136045,0.0,0.0101044580978478,0.0,3.096488569043899,3.000691198167503,1499.3484827828952
1.0075219873914454,0.0,0.001595760422979163,0.0,0.010124458097847799,0.0,3.0963886358996127,3.0006906991891826,1495.506002368257
1.007515832150023,0.0,0.0016112877280923211,0.0,0.010144458097847798,0.0,3.09628841584665,3.0006901996864923,1491.6670934680856
1.0075096725745385,0.0,0.0016266641076090448,0.0,0.010164458097847797,0.0,3.0961879081809727,3.0006896996610912,1487.8317818846417
1.007503508671522,0.0,0.0016418937126696348,0.0,0.010184458097847796,0.0,3.096087112196022,3.0006891991146394,1484.0000932846465
1.007497340447518,0.0,0.0016569805020926075,0.0,0.010204458097847795,0.0,3.0959860271829043,3.000688698048799,1480.1720532012002
1.0074911679090792,0.0,0.00167192825457896,0.0,0.010224458097847795,0.0,3.095884652430449,3.000688196465231,1476.3476870429595
1.0074849910627761,0.0,0.0016867405798923923,0.0,0.010244458097847794,0.0,3.0957829872249287,3.000687694365599,1472.5270200856462
1.0074788099151866,0.0,0.0017014209292324214,0.0,0.010264458097847793,0.0,3.0956810308504292,3.0006871917515676,1468.710077492246
1.0074726244729035,0.0,0.0017159726047419395,0.0,0.010284458097847792,0.0,3.0955787825885697,3.000686688624802,1464.8968842845816
1.0074664347425333,0.0,0.0017303987683238969,0.0,0.010304458097847791,0.0,3.0954762417184836,3.000686184986969,1461.0874653642104
1.0074602407306945,0.0,0.0017447024497952766,0.0,0.01032445809784779,0.0,3.0953734075169956,3.0006856808397355,1457.2818455043566
1.0074540424440164,0.0,0.001758886554458336,0.0,0.01034445809784779,0.0,3.095270279258595,3.0006851761847706,1453.4800493537828
1.0074478398891442,0.0,0.0017729538700754265,0.0,0.010364458097847789,0.0,3.0951668562152443,3.000684671023743,1449.6821014250131
1.007441633072735,0.0,0.001786907073401178,0.0,0.010384458097847788,0.0,3.095063137656523,3.0006841653583236,1445.8880261055845
1.0074354220014592,0.0,0.0018007487362298338,0.0,0.010404458097847787,0.0,3.0949591228496516,3.000683659190185,1442.09784766736
1.007429206681999,0.0,0.0018144813310332938,0.0,0.010424458097847786,0.0,3.0948548110593554,3.000683152520999,1438.3115902413779
1.007422987121052,0.0,0.001828107236208673,0.0,0.010444458097847786,0.0,3.094750201548015,3.00068264535244,1434.5292778327848
1.0074167633253275,0.0,0.0018416287409830719,0.0,0.010464458097847785,0.0,3.0946452935754656,3.0006821376861814,1430.7509343263891
1.007410535301547,0.0,0.0018550480499981933,0.0,0.010484458097847784,0.0,3.0945400863992667,3.0006816295239003,1426.9765834762052
1.0074043030564492,0.0,0.00186836728757004,0.0,0.010504458097847783,0.0,3.094434579274382,3.0006811208672737,1423.2062489063392
1.0073980665967832,0.0,0.001881588501721333,0.0,0.010524458097847782,0.0,3.0943287714534478,3.0006806117179794,1419.4399541102239
1.0073918259293113,0.0,0.0018947136679185413,0.0,0.010544458097847782,0.0,3.094222662186584,3.000680102077697,1415.6777224707034
1.0073855810608123,0.0,0.001907744692590582,0.0,0.01056445809784778,0.0,3.0941162507214583,3.0006795919481055,1411.9195772173807
1.0073793319980762,0.0,0.0019206834164430225,0.0,0.01058445809784778,0.0,3.094009536303332,3.0006790813308872,1408.1655414724546
1.0073730787479083,0.0,0.0019335316175492128,0.0,0.010604458097847779,0.0,3.093902518174958,3.0006785702277243,1404.4156382173398
1.0073668213171252,0.0,0.0019462910142804745,0.0,0.010624458097847778,0.0,3.0937951955766687,3.000678058640299,1400.6698903171023
1.00736055971256,0.0,0.001958963268033554,0.0,0.010644458097847777,0.0,3.0936875677462576,3.0006775465702975,1396.9283205071533
1.0073542939410594,0.0,0.001971549985828105,0.0,0.010664458097847777,0.0,3.093579633919097,3.0006770340194047,1393.1909513912224
1.0073480240094834,0.0,0.001984052722743821,0.0,0.010684458097847776,0.0,3.093471393328074,3.0006765209893063,1389.4578054400322
1.0073417499247053,0.0,0.0019964729842135115,0.0,0.010704458097847775,0.0,3.093362845203553,3.000676007481691,1385.7289050182462
1.007335471693614,0.0,0.0020088122281930504,0.0,0.010724458097847774,0.0,3.093253988773492,3.000675493498248,1382.0042723347256
1.007329189323113,0.0,0.0020210718672046433,0.0,0.010744458097847773,0.0,3.09314482326321,3.000674979040666,1378.2839294938149
1.0073229028201194,0.0,0.002033253270286595,0.0,0.010764458097847773,0.0,3.0930353478956873,3.000674464110637,1374.5678984505194
1.007316612191563,0.0,0.002045357764818943,0.0,0.010784458097847772,0.0,3.092925561891325,3.0006739487098515,1370.8562010569185
1.007310317444391,0.0,0.002057386638248648,0.0,0.010804458097847771,0.0,3.0928154644679715,3.0006734328400047,1367.1488590262195
1.007304018585563,0.0,0.0020693411397466567,0.0,0.01082445809784777,0.0,3.0927050548410544,3.0006729165027894,1363.4458939412202
1.007297715622055,0.0,0.0020812224817535275,0.0,0.01084445809784777,0.0,3.0925943322234293,3.0006723996999005,1359.747327256093
1.0072914085608557,0.0,0.0020930318414648604,0.0,0.010864458097847769,0.0,3.0924832958254442,3.000671882433035,1356.053180304947
1.0072850974089695,0.0,0.0021047703622228226,0.0,0.010884458097847768,0.0,3.0923719448549303,3.0006713647038916,1352.3634742905872
1.0072787821734166,0.0,0.00211643915485182,0.0,0.010904458097847767,0.0,3.092260278517125,3.000670846514167,1348.6782302898287
1.0072724628612288,0.0,0.0021280392989292485,0.0,0.010924458097847766,0.0,3.0921482960148947,3.000670327865562,1344.997469255619
1.0072661394794566,0.0,0.0021395718439697485,0.0,0.010944458097847765,0.0,3.0920359965483852,3.0006698087597763,1341.3212120033813
1.0072598120351648,0.0,0.0021510378105791994,0.0,0.010964458097847764,0.0,3.091923379315234,3.0006692891985125,1337.6494792287313
1.0072534805354318,0.0,0.0021624381915460156,0.0,0.010984458097847764,0.0,3.0918104435106133,3.0006687691834735,1333.9822914980887
1.0072471449873506,0.0,0.002173773952875814,0.0,0.011004458097847763,0.0,3.091697188327108,3.0006682487163636,1330.319669257647
1.0072408053980306,0.0,0.002185046034768112,0.0,0.011024458097847762,0.0,3.0915836129547443,3.000667727798888,1326.6616328207451
1.0072344617745983,0.0,0.0021962553525604724,0.0,0.011044458097847761,0.0,3.0914697165809133,3.0006672064327513,1323.0082023693947
1.0072281141241932,0.0,0.0022074027976354176,0.0,0.01106445809784776,0.0,3.0913554983905374,3.0006666846196635,1319.3593979619645
1.0072217624539699,0.0,0.00221848923827012,0.0,0.01108445809784776,0.0,3.091240957565947,3.000666162361331,1315.7152395361907
1.0072154067711008,0.0,0.0022295155204449897,0.0,0.011104458097847759,0.0,3.0911260932868356,3.000665639659464,1312.075746896245
1.0072090470827708,0.0,0.002240482468645394,0.0,0.011124458097847758,0.0,3.0910109047304655,3.000665116515773,1308.440939717908
1.0072026833961834,0.0,0.00225139088657983,0.0,0.011144458097847757,0.0,3.0908953910713177,3.0006645929319706,1304.8108375596507
1.007196315718556,0.0,0.0022622415579165505,0.0,0.011164458097847756,0.0,3.0907795514814373,3.0006640689097686,1301.185459844377
1.0071899440571221,0.0,0.002273035246950755,0.0,0.011184458097847755,0.0,3.090663385130189,3.0006635444508816,1297.5648258712213
1.0071835684191333,0.0,0.0022837726992613826,0.0,0.011204458097847755,0.0,3.090546891184374,3.0006630195570243,1293.9489548140077
1.0071771888118521,0.0,0.0022944546423436093,0.0,0.011224458097847754,0.0,3.0904300688082493,3.000662494229913,1290.337865719635
1.007170805242561,0.0,0.0023050817861916197,0.0,0.011244458097847753,0.0,3.09031291716338,3.0006619684712654,1286.7315775120624
1.0071644177185608,0.0,0.0023156548238713937,0.0,0.011264458097847752,0.0,3.090195435408675,3.0006614422827993,1283.1301089706058
1.0071580262471604,0.0,0.002326174432100848,0.0,0.011284458097847751,0.0,3.0900776227006377,3.0006609156662347,1279.5334787798956
1.0071516308356934,0.0,0.0023366412717254863,0.0,0.01130445809784775,0.0,3.089959478192932,3.000660388623293,1275.9417054742967
1.007145231491504,0.0,0.002347055988269453,0.0,0.01132445809784775,0.0,3.0898410010367274,3.0006598611556936,1272.3548074715745
1.0071388282219558,0.0,0.0023574192123894436,0.0,0.011344458097847749,0.0,3.0897221903805234,3.000659333265162,1268.7728030592139
1.007132421034428,0.0,0.0023677315603547297,0.0,0.011364458097847748,0.0,3.0896030453701915,3.0006588049534204,1265.195710400833
1.007126009936315,0.0,0.0023779936344902213,0.0,0.011384458097847747,0.0,3.0894835651489565,3.0006582762221945,1261.6235475376905
1.0071195949350307,0.0,0.0023882060236008616,0.0,0.011404458097847747,0.0,3.0893637488574073,3.0006577470732103,1258.0563323775834
1.0071131760380028,0.0,0.0023983693033903875,0.0,0.011424458097847746,0.0,3.089243595633524,3.000657217508196,1254.494082712809
1.0071067532526763,0.0,0.0024084840368569066,0.0,0.011444458097847745,0.0,3.0891231046126264,3.000656687528878,1250.936816202136
1.0071003265865144,0.0,0.002418550774664565,0.0,0.011464458097847744,0.0,3.089002274927364,3.0006561571369894,1247.3845503824282
1.0070938960469964,0.0,0.002428570055518562,0.0,0.011484458097847743,0.0,3.088881105707673,3.000655626334258,1243.8373026615031
1.0070874616416168,0.0,0.0024385424065220705,0.0,0.011504458097847742,0.0,3.0887595960809837,3.000655095122416,1240.2950903304804
1.007081023377891,0.0,0.002448468343497958,0.0,0.011524458097847742,0.0,3.0886377451719085,3.0006545635031965,1236.7579305416893
1.0070745812633481,0.0,0.002458348371334651,0.0,0.01154445809784774,0.0,3.088515552102456,3.000654031478334,1233.2258403364913
1.0070681353055349,0.0,0.00246818298429148,0.0,0.01156445809784774,0.0,3.088393015991973,3.0006534990495637,1229.6988366267788
1.007061685512017,0.0,0.0024779726662995153,0.0,0.01158445809784774,0.0,3.0882701359570994,3.000652966218621,1226.176936195468
1.007055231890376,0.0,0.002487717891260759,0.0,0.011604458097847738,0.0,3.0881469111118194,3.000652432987244,1222.660155701365
1.00704877444821,0.0,0.0024974191233267623,0.0,0.011624458097847738,0.0,3.0880233405674327,3.000651899357172,1219.1485116866281
1.0070423131931359,0.0,0.002507076817167861,0.0,0.011644458097847737,0.0,3.0878994234325523,3.0006513653301425,1215.6420205605923
1.0070358481327888,0.0,0.0025166914182340613,0.0,0.011664458097847736,0.0,3.0877751588130438,3.000650830907898,1212.140698613235
1.00702937927482,0.0,0.0025262633630152003,0.0,0.011684458097847735,0.0,3.0876505458121386,3.00065029609218,1208.644562003789
1.0070229066269003,0.0,0.0025357930792747666,0.0,0.011704458097847734,0.0,3.087525583530311,3.0006497608847313,1205.1536267737106
1.0070164301967135,0.0,0.00254528098630342,0.0,0.011724458097847733,0.0,3.087400271065445,3.000649225287296,1201.6679088416076
1.0070099499919671,0.0,0.0025547274951177525,0.0,0.011744458097847733,0.0,3.0872746075125725,3.0006486893016207,1198.1874239957895
1.0070034660203826,0.0,0.002564133008707614,0.0,0.011764458097847732,0.0,3.0871485919641084,3.000648152929449,1194.7121879089075
1.0069969782897021,0.0,0.002573497922229343,0.0,0.011784458097847731,0.0,3.08702222350969,3.0006476161725315,1191.2422161189893
1.0069904868076822,0.0,0.0025828226232265565,0.0,0.01180445809784773,0.0,3.0868955012363197,3.000647079032614,1187.777524054779
1.0069839915821017,0.0,0.002592107491811086,0.0,0.01182445809784773,0.0,3.0867684242281417,3.0006465415114483,1184.3181270097616
1.0069774926207542,0.0,0.0026013529008710274,0.0,0.011844458097847729,0.0,3.0866409915667083,3.0006460036107847,1180.8640401550574
1.0069709899314534,0.0,0.0026105592162455737,0.0,0.011864458097847728,0.0,3.0865132023307904,3.000645465332375,1177.4152785519577
1.0069644835220315,0.0,0.0026197267969047607,0.0,0.011884458097847727,0.0,3.086385055596349,3.0006449266779724,1173.9718571228639
1.0069579734003382,0.0,0.00262885599513156,0.0,0.011904458097847726,0.0,3.0862565504366977,3.000644387649331,1170.533790672031
1.00695145957424,0.0,0.002637947156686021,0.0,0.011924458097847725,0.0,3.0861276859224454,3.000643848248206,1167.1010938900708
1.0069449420516257,0.0,0.002647000620956902,0.0,0.011944458097847725,0.0,3.0859984611213225,3.0006433084763557,1163.673781330301
1.0069384208404004,0.0,0.002656016721134479,0.0,0.011964458097847724,0.0,3.0858688750983863,3.0006427683355352,1160.25186743616
1.0069318959484872,0.0,0.0026649957843592853,0.0,0.011984458097847723,0.0,3.0857389269159547,3.0006422278275036,1156.8353665231148
1.0069253673838303,0.0,0.002673938131860169,0.0,0.012004458097847722,0.0,3.0856086156335447,3.000641686954023,1153.4242927854896
1.0069188351543907,0.0,0.002682844079111206,0.0,0.012024458097847721,0.0,3.0854779403079284,3.0006411457168527,1150.0186602930962
1.0069122992681483,0.0,0.0026917139359617414,0.0,0.01204445809784772,0.0,3.085346899993136,3.000640604117754,1146.6184830021514
1.0069057597331035,0.0,0.002700548006772662,0.0,0.01206445809784772,0.0,3.08521549374039,3.000640062158492,1143.2237747386816
1.0068992165572745,0.0,0.002709346590545772,0.0,0.012084458097847719,0.0,3.0850837205981616,3.00063951984083,1139.8345492120732
1.0068926697486986,0.0,0.002718109981056788,0.0,0.012104458097847718,0.0,3.084951579612175,3.0006389771665334,1136.4508200102543
1.0068861193154333,0.0,0.002726838466966376,0.0,0.012124458097847717,0.0,3.084819069825274,3.0006384341373695,1133.0726005942352
1.0068795652655544,0.0,0.0027355323319501537,0.0,0.012144458097847716,0.0,3.084686190277658,3.000637890755105,1129.6999043114338
1.006873007607157,0.0,0.0027441918548098115,0.0,0.012164458097847716,0.0,3.0845529400066534,3.00063734702151,1126.3327443867806
1.006866446348356,0.0,0.0027528173095817173,0.0,0.012184458097847715,0.0,3.08441931804679,3.000636802938354,1122.9711339226883
1.006859881497285,0.0,0.0027614089656553685,0.0,0.012204458097847714,0.0,3.084285323429893,3.0006362585074076,1119.6150859053616
1.0068533130620985,0.0,0.0027699670878642826,0.0,0.012224458097847713,0.0,3.0841509551848825,3.000635713730443,1116.264613194116
1.0068467410509698,0.0,0.00277849193660358,0.0,0.012244458097847712,0.0,3.084016212337932,3.0006351686092354,1112.9197285305895
1.0068401654720922,0.0,0.002786983767920547,0.0,0.012264458097847711,0.0,3.0838810939124244,3.0006346231455563,1109.5804445370586
1.0068335863336773,0.0,0.002795442833616308,0.0,0.01228445809784771,0.0,3.0837455989289344,3.0006340773411835,1106.2467737232691
1.0068270036439584,0.0,0.0028038693813347277,0.0,0.01230445809784771,0.0,3.0836097264051814,3.0006335311978924,1102.9187284688533
1.0068204174111879,0.0,0.002812263654658996,0.0,0.012324458097847709,0.0,3.0834734753561333,3.0006329847174618,1099.596321036914
1.0068138276436398,0.0,0.002820625893194177,0.0,0.012344458097847708,0.0,3.0833368447938696,3.00063243790167,1096.2795635719958
1.006807234349604,0.0,0.0028289563326650367,0.0,0.012364458097847707,0.0,3.083199833727753,3.000631890752297,1092.9684681038193
1.0068006375373946,0.0,0.0028372552049877615,0.0,0.012384458097847707,0.0,3.0830624411642598,3.000631343271125,1089.6630465367089
1.0067940372153454,0.0,0.002845522738353716,0.0,0.012404458097847706,0.0,3.0829246661070075,3.0006307954599345,1086.3633106599323
1.006787433391807,0.0,0.0028537591573212892,0.0,0.012424458097847705,0.0,3.08278650755688,3.00063024732051,1083.0692721460423
1.0067808260751552,0.0,0.002861964682873192,0.0,0.012444458097847704,0.0,3.082647964511858,3.000629698854637,1079.7809425415076
1.0067742152737829,0.0,0.0028701395325085952,0.0,0.012464458097847703,0.0,3.0825090359671043,3.000629150064098,1076.4983332865377
1.0067676009961042,0.0,0.0028782839203089616,0.0,0.012484458097847703,0.0,3.0823697209149556,3.0006286009506833,1073.2214556924787
1.0067609832505544,0.0,0.0028863980570098128,0.0,0.012504458097847702,0.0,3.0822300183449105,3.0006280515161783,1069.9503209604704
1.006754362045589,0.0,0.002894482150068319,0.0,0.012524458097847701,0.0,3.0820899272436018,3.0006275017623736,1066.6849401732043
1.0067477373896845,0.0,0.002902536403737306,0.0,0.0125444580978477,0.0,3.0819494465948645,3.000626951691058,1063.4253242906775
1.0067411092913368,0.0,0.002910561019125613,0.0,0.0125644580978477,0.0,3.0818085753796267,3.000626401304023,1060.1714841627554
1.0067344777590652,0.0,0.0029185561942603236,0.0,0.012584458097847698,0.0,3.0816673125760157,3.000625850603061,1056.923430515562
1.0067278428014075,0.0,0.0029265221241568514,0.0,0.012604458097847698,0.0,3.0815256571592857,3.000625299589966,1053.6811739655745
1.0067212044269234,0.0,0.0029344590008726,0.0,0.012624458097847697,0.0,3.08138360810183,3.000624748266531,1050.4447250083963
1.0067145626441945,0.0,0.00294236701356813,0.0,0.012644458097847696,0.0,3.0812411643731727,3.0006241966345533,1047.2140940242462
1.0067079174618223,0.0,0.0029502463485666865,0.0,0.012664458097847695,0.0,3.081098324939992,3.0006236446958283,1043.9892912795133
1.0067012688884305,0.0,0.0029580971894089645,0.0,0.012684458097847694,0.0,3.080955088766127,3.000623092452155,1040.7703269198437
1.0066946169326627,0.0,0.002965919716910268,0.0,0.012704458097847694,0.0,3.08081145481251,3.000622539905331,1037.5572109804534
1.006687961603185,0.0,0.0029737141092091354,0.0,0.012724458097847693,0.0,3.080667422037216,3.000621987057157,1034.349953378142
1.0066813029086847,0.0,0.0029814805418243873,0.0,0.012744458097847692,0.0,3.0805229893954764,3.0006214339094344,1031.1485639166208
1.0066746408578715,0.0,0.0029892191877009815,0.0,0.012764458097847691,0.0,3.080378155839559,3.000620880463964,1027.9530522809441
1.0066679754594743,0.0,0.0029969302172675053,0.0,0.01278445809784769,0.0,3.0802329203189758,3.0006203267225513,1024.7634280485734
1.006661306722245,0.0,0.003004613798478123,0.0,0.01280445809784769,0.0,3.080087281780333,3.000619772686999,1021.5797006724465
1.006654634654959,0.0,0.0030122700968565285,0.0,0.012824458097847689,0.0,3.0799412391672436,3.0006192183591134,1018.4018795009111
1.00664795926641,0.0,0.0030198992755548315,0.0,0.012844458097847688,0.0,3.0797947914205985,3.000618663740701,1015.2299737599772
1.0066412805654166,0.0,0.0030275014953841713,0.0,0.012864458097847687,0.0,3.079647937478274,3.0006181088335686,1012.0639925672142
1.0066345985608167,0.0,0.003035076914869518,0.0,0.012884458097847686,0.0,3.079500676275332,3.000617553639526,1008.9039449298607
1.006627913261474,0.0,0.0030426256902827695,0.0,0.012904458097847685,0.0,3.079353006743926,3.000616998160382,1005.7498397289055
1.0066212246762694,0.0,0.003050147975696964,0.0,0.012924458097847685,0.0,3.079204927813312,3.0006164423979493,1002.601685745338
1.006614532814109,0.0,0.0030576439230153764,0.0,0.012944458097847684,0.0,3.0790564384098777,3.0006158863540384,999.4594916434108
1.006607837683921,0.0,0.003065113682016526,0.0,0.012964458097847683,0.0,3.0789075374570896,3.0006153300304623,996.3232659700102
1.0066011392946557,0.0,0.0030725574003906703,0.0,0.012984458097847682,0.0,3.0787582238754863,3.0006147734290365,993.193017165622
1.0065944376552853,0.0,0.003079975223784942,0.0,0.013004458097847681,0.0,3.0786084965827762,3.0006142165515755,990.0687535495629
1.006587732774804,0.0,0.003087367295831999,0.0,0.01302445809784768,0.0,3.078458354493701,3.0006136593998955,986.9504833444164
1.0065810246622307,0.0,0.0030947337581894423,0.0,0.01304445809784768,0.0,3.078307796520182,3.0006131019758144,983.8382146479835
1.0065743133266039,0.0,0.003102074750576615,0.0,0.013064458097847679,0.0,3.078156821571127,3.00061254428115,980.7319554505918
1.0065675987769866,0.0,0.00310939041080883,0.0,0.013084458097847678,0.0,3.078005428552617,3.0006119863177227,977.6317136306915
1.006560881022465,0.0,0.0031166808748282846,0.0,0.013104458097847677,0.0,3.077853616367804,3.0006114280873533,974.5374969585907
1.0065541600721457,0.0,0.003123946276745252,0.0,0.013124458097847676,0.0,3.0777013839169527,3.000610869591861,971.4493130897415
1.0065474359351614,0.0,0.003131186748856088,0.0,0.013144458097847676,0.0,3.077548730097333,3.000610310833073,968.3671695711075
1.006540708620665,0.0,0.0031384024216909094,0.0,0.013164458097847675,0.0,3.0773956538034017,3.000609751812809,965.2910738414639
1.0065339781378346,0.0,0.00314559342403294,0.0,0.013184458097847674,0.0,3.077242153926623,3.000609192532896,962.2210332228891
1.0065272444958684,0.0,0.0031527598829581387,0.0,0.013204458097847673,0.0,3.0770882293556494,3.0006086329951605,959.1570549361809
1.0065205077039914,0.0,0.003159901923853858,0.0,0.013224458097847672,0.0,3.0769338789760963,3.0006080732014273,956.099146086854
1.0065137677714504,0.0,0.003167019670455072,0.0,0.013244458097847672,0.0,3.076779101670699,3.000607513153527,953.0473136731089
1.006507024707514,0.0,0.003174113244875182,0.0,0.01326445809784767,0.0,3.0766238963193,3.0006069528532877,950.0015645825557
1.0065002785214758,0.0,0.0031811827676274437,0.0,0.01328445809784767,0.0,3.076468261798813,3.000606392302539,946.9619055989789
1.0064935292226527,0.0,0.0031882283576541034,0.0,0.013304458097847669,0.0,3.07631219698324,3.0006058315031128,943.9283433878809
1.0064867768203842,0.0,0.003195250132353427,0.0,0.013324458097847668,0.0,3.076155700743592,3.0006052704568416,940.9008845192413
1.0064800213240355,0.0,0.003202248207605502,0.0,0.013344458097847667,0.0,3.0759987719480453,3.0006047091655583,937.8795354444408
1.0064732627429915,0.0,0.003209222697802109,0.0,0.013364458097847667,0.0,3.075841409461821,3.000604147631097,934.8643025130102
1.0064665010866651,0.0,0.003216173715860916,0.0,0.013384458097847666,0.0,3.0756836121471953,3.000603585855295,931.8551919643086
1.0064597363644923,0.0,0.0032231013732575953,0.0,0.013404458097847665,0.0,3.0755253788634875,3.0006030238399863,928.8522099297807
1.0064529685859303,0.0,0.003230005780051942,0.0,0.013424458097847664,0.0,3.0753667084671377,3.0006024615870106,925.8553624387418
1.0064461977604628,0.0,0.003236887044904703,0.0,0.013444458097847663,0.0,3.075207599811673,3.000601899098205,922.8646554066595
1.0064394238975958,0.0,0.003243745275105396,0.0,0.013464458097847663,0.0,3.075048051747634,3.00060133637541,919.8800946489177
1.0064326470068605,0.0,0.003250580576591054,0.0,0.013484458097847662,0.0,3.0748880631227,3.000600773420466,916.9016858734277
1.0064258670978128,0.0,0.0032573930539685453,0.0,0.013504458097847661,0.0,3.0747276327815283,3.000600210235214,913.9294346778352
1.0064190841800311,0.0,0.003264182810540912,0.0,0.01352445809784766,0.0,3.0745667595659136,3.000599646821498,910.9633465607487
1.0064122982631194,0.0,0.00327094994832198,0.0,0.01354445809784766,0.0,3.0744054423147236,3.0005990831811595,908.0034269103869
1.0064055093567061,0.0,0.003277694568060389,0.0,0.013564458097847659,0.0,3.0742436798638373,3.0005985193160463,905.0496810119334
1.0063987174704423,0.0,0.003284416769261412,0.0,0.013584458097847658,0.0,3.074081471046241,3.000597955228002,902.102114046696
1.0063919226140063,0.0,0.003291116650201663,0.0,0.013604458097847657,0.0,3.0739188146919845,3.000597390918874,899.1607310917773
1.006385124797099,0.0,0.0032977943079534485,0.0,0.013624458097847656,0.0,3.073755709628217,3.0005968263905105,896.2255371143242
1.0063783240294477,0.0,0.003304449838398532,0.0,0.013644458097847655,0.0,3.0735921546790443,3.000596261644759,893.2965369841074
1.0063715203208015,0.0,0.003311083336256178,0.0,0.013664458097847654,0.0,3.0734281486657706,3.000595696683471,890.3737354675238
1.0063647136809377,0.0,0.003317694895088167,0.0,0.013684458097847654,0.0,3.073263690406648,3.0005951315084967,887.4571372210517
1.0063579041196562,0.0,0.0033242846073289903,0.0,0.013704458097847653,0.0,3.0730987787171147,3.0005945661216873,884.5467468060039
1.0063510916467826,0.0,0.0033308525642963653,0.0,0.013724458097847652,0.0,3.0729334124095584,3.0005940005248957,881.6425686753882
1.0063442762721688,0.0,0.003337398856208462,0.0,0.013744458097847651,0.0,3.0727675902934934,3.000593434719977,878.7446071785848
1.0063374580056874,0.0,0.003343923572208979,0.0,0.01376445809784765,0.0,3.072601311175554,3.000592868708785,875.8528665742749
1.0063306368572427,0.0,0.0033504268003684773,0.0,0.01378445809784765,0.0,3.072434573859305,3.000592302493175,872.9673510005074
1.0063238128367578,0.0,0.0033569086277178933,0.0,0.013804458097847649,0.0,3.0722673771455073,3.0005917360750054,870.0880645099774
1.0063169859541858,0.0,0.0033633691402503553,0.0,0.013824458097847648,0.0,3.072099719831919,3.0005911694561327,867.2150110450721
1.0063101562195036,0.0,0.003369808422943523,0.0,0.013844458097847647,0.0,3.071931600713352,3.000590602638416,864.3481944497305
1.0063033236427115,0.0,0.0033762265597792433,0.0,0.013864458097847646,0.0,3.0717630185817644,3.0005900356237154,861.4876184684965
1.0062964882338379,0.0,0.003382623633746612,0.0,0.013884458097847645,0.0,3.071593972226118,3.0005894684138914,858.6332867456044
1.006289650002937,0.0,0.003388999726865776,0.0,0.013904458097847645,0.0,3.0714244604324494,3.000588901010805,855.7852028187951
1.0062828089600862,0.0,0.003395354920201964,0.0,0.013924458097847644,0.0,3.0712544819839054,3.0005883334163204,852.9433701362715
1.0062759651153903,0.0,0.003401689293876482,0.0,0.013944458097847643,0.0,3.0710840356606535,3.0005877656322992,850.107792036272
1.0062691184789807,0.0,0.003408002927079742,0.0,0.013964458097847642,0.0,3.070913120239928,3.000587197660608,847.2784717654775
1.0062622690610108,0.0,0.003414295898094415,0.0,0.013984458097847641,0.0,3.0707417344961683,3.000586629503111,844.4554124689914
1.0062554168716666,0.0,0.0034205682842901155,0.0,0.01400445809784764,0.0,3.070569877200646,3.0005860611616755,841.638617188645
1.0062485619211523,0.0,0.0034268201621615274,0.0,0.01402445809784764,0.0,3.070397547121957,3.000585492638169,838.8280888786057
1.0062417042197034,0.0,0.003433051607318914,0.0,0.014044458097847639,0.0,3.070224743025602,3.000584923934459,836.0238303830863
1.0062348437775803,0.0,0.003439262694511992,0.0,0.014064458097847638,0.0,3.0700514636742398,3.0005843550524154,833.2258444579543
1.0062279806050691,0.0,0.00344545349764174,0.0,0.014084458097847637,0.0,3.0698777078275787,3.000583785993909,830.4341337538644
1.006221114712483,0.0,0.0034516240897693165,0.0,0.014104458097847637,0.0,3.069703474242383,3.0005832167608113,827.6487008296419
1.0062142461101593,0.0,0.0034577745431341135,0.0,0.014124458097847636,0.0,3.0695287616726,3.000582647354993,824.869548146778
1.006207374808465,0.0,0.00346390492915662,0.0,0.014144458097847635,0.0,3.069353568869129,3.0005820777783274,822.096678065315
1.0062005008177906,0.0,0.003470015318458447,0.0,0.014164458097847634,0.0,3.0691778945800445,3.00058150803269,819.3300928562267
1.0061936241485547,0.0,0.00347610578086868,0.0,0.014184458097847633,0.0,3.069001737550452,3.0005809381199553,816.5697946900395
1.0061867448112023,0.0,0.003482176385437965,0.0,0.014204458097847632,0.0,3.0688250965226076,3.000580368041998,813.8157856414762
1.0061798628162046,0.0,0.0034882272004464416,0.0,0.014224458097847632,0.0,3.068647970235785,3.0005797978006967,811.068067692142
1.0061729781740603,0.0,0.0034942582934183444,0.0,0.01424445809784763,0.0,3.068470357426386,3.0005792273979273,808.326642728665
1.0061660908952936,0.0,0.003500269731129556,0.0,0.01426445809784763,0.0,3.068292256827918,3.0005786568355703,805.5915125386357
1.006159200990457,0.0,0.0035062615796200612,0.0,0.01428445809784763,0.0,3.068113667170976,3.0005780861155036,802.8626788199717
1.0061523084701292,0.0,0.003512233904201128,0.0,0.014304458097847628,0.0,3.067934587183229,3.0005775152396086,800.1401431770634
1.0061454133449157,0.0,0.0035181867694714093,0.0,0.014324458097847628,0.0,3.0677550155894617,3.0005769442097656,797.4239071131975
1.0061385156254485,0.0,0.0035241202393209276,0.0,0.014344458097847627,0.0,3.06757495111159,3.000576373027858,794.7139720501891
1.0061316153223892,0.0,0.0035300343769411233,0.0,0.014364458097847626,0.0,3.0673943924685965,3.0005758016957693,792.0103393038016
1.0061247124464232,0.0,0.0035359292448400048,0.0,0.014384458097847625,0.0,3.0672133383765505,3.000575230215382,789.3130101080391
1.0061178070082666,0.0,0.0035418049048441627,0.0,0.014404458097847624,0.0,3.067031787548705,3.0005746585885813,786.6219855968194
1.0061108990186598,0.0,0.003547661418115162,0.0,0.014424458097847623,0.0,3.0668497386953653,3.000574086817254,783.9372668146631
1.0061039884883718,0.0,0.0035534988451534993,0.0,0.014444458097847623,0.0,3.0666671905239675,3.000573514903286,781.2588547155074
1.0060970754283518,0.0,0.0035593172451346008,0.0,0.014464458097847622,0.0,3.0664841420874023,3.0005729428485957,778.5867511604561
1.0060832417615255,0.0,0.0035708972041728383,0.0,0.014504458097847622,0.0,3.0661165371326695,3.000571798324417,773.2614666657997
1.0060693981055606,0.0,0.003582401759331461,0.0,0.014544458097847622,0.0,3.065746914455045,3.000570653259929,767.9614214045974
1.0060555445476718,0.0,0.003593831367549934,0.0,0.014584458097847622,0.0,3.0653752632392237,3.0005695076702312,762.6866180034509
1.0060416811756696,0.0,0.0036051864754998953,0.0,0.014624458097847622,0.0,3.0650015729724185,3.0005683615704672,757.4370586558227
1.0060278080778142,0.0,0.0036164675205054885,0.0,0.014664458097847622,0.0,3.064625833096128,3.000567214975796,752.21274413178
1.0060139253428122,0.0,0.003627674930796099,0.0,0.014704458097847622,0.0,3.064248033006296,3.0005660679013877,747.0136737894682
1.0060000330598249,0.0,0.0036388091257356977,0.0,0.014744458097847623,0.0,3.0638681620533896,3.000564920362426,741.8398455864229
1.0059861313184644,0.0,0.0036498705160589954,0.0,0.014784458097847623,0.0,3.063486209542576,3.0005637723741088,736.6912560878183
1.0059722202088002,0.0,0.003660859504087715,0.0,0.014824458097847623,0.0,3.063102164733773,3.000562623951644,731.5679004782396
1.0059582998213568,0.0,0.0036717764839536756,0.0,0.014864458097847623,0.0,3.0627160168419088,3.000561475110255,726.469772574321
1.0059443702471198,0.0,0.0036826218417997016,0.0,0.014904458097847623,0.0,3.0623277550369745,3.000560325865175,721.3968648323653
1.0059304315775355,0.0,0.003693395955987251,0.0,0.014944458097847623,0.0,3.0619373684442204,3.000559176231653,716.3491683600548
1.0059164839045125,0.0,0.0037040991972926325,0.0,0.014984458097847623,0.0,3.061544846144356,3.000558026224944,711.3266729301105
1.0059025273204256,0.0,0.0037147319290927122,0.0,0.015024458097847623,0.0,3.0611501771736154,3.000556875860322,706.329366984176
1.0058885619181155,0.0,0.003725294507555101,0.0,0.015064458097847623,0.0,3.0607533505239917,3.0005557251530686,701.3572376549058
1.0058745877908928,0.0,0.0037357872818140417,0.0,0.015104458097847624,0.0,3.060354355143448,3.0005545741184765,696.4102707658916
1.0058606050325378,0.0,0.0037462105941452484,0.0,0.015144458097847624,0.0,3.0599531799360578,3.0005534227718527,691.4884508471448
1.0058466137373034,0.0,0.003756564780135587,0.0,0.015184458097847624,0.0,3.059549813762235,3.0005522711285124,686.5917611475595
1.0058326139999185,0.0,0.003766850168844076,0.0,0.015224458097847624,0.0,3.0591442454388442,3.000551119203784,681.7201836448227
1.005818605915586,0.0,0.0037770670829644394,0.0,0.015264458097847624,0.0,3.058736463739559,3.0005499670130047,676.8736990546515
1.0058045895799863,0.0,0.0037872158389802074,0.0,0.015304458097847624,0.0,3.0583264573949664,3.0005488145715247,672.0522868456824
1.0057905650892818,0.0,0.003797296747309994,0.0,0.015344458097847624,0.0,3.057914215092842,3.0005476618947027,667.2559252461112
1.0057765325401151,0.0,0.003807310112457287,0.0,0.015384458097847624,0.0,3.0574997254783254,3.000546508997908,662.4845912585854
1.0057624920296118,0.0,0.003817256233153514,0.0,0.015424458097847624,0.0,3.05708297715426,3.000545355896521,657.7382606675606
1.0057484436553832,0.0,0.0038271354024907067,0.0,0.015464458097847624,0.0,3.0566639586812645,3.000544202605931,653.0169080570175
1.0057343875155267,0.0,0.0038369479080620538,0.0,0.015504458097847625,0.0,3.056242658578233,3.0005430491415357,648.3205068138952
1.005720323708627,0.0,0.00384669403208909,0.0,0.015544458097847625,0.0,3.055819065322347,3.000541895518746,643.6490291462135
1.0057062523337608,0.0,0.0038563740515468624,0.0,0.015584458097847625,0.0,3.0553931673494983,3.000540741752979,639.0024460873202
1.005692173490494,0.0,0.0038659882382924863,0.0,0.015624458097847625,0.0,3.054964953054542,3.000539587859661,634.3807275144436
1.005678087278888,0.0,0.003875536859179253,0.0,0.015664458097847625,0.0,3.05453441079151,3.000538433854227,629.7838421562631
1.0056639937994973,0.0,0.0038850201761797816,0.0,0.015704458097847623,0.0,3.054101528874034,3.0005372797521215,625.2117576009143
1.0056498931533735,0.0,0.0038944384464941187,0.0,0.015744458097847622,0.0,3.0536662955754883,3.000536125568799,620.6644403168409
1.0056357854420643,0.0,0.003903791922667457,0.0,0.01578445809784762,0.0,3.0532286991294226,3.0005349713197176,616.1418556554404
1.0056216707676209,0.0,0.003913080852688555,0.0,0.01582445809784762,0.0,3.0527887277298253,3.0005338170203477,611.6439678634842
1.0056075492325893,0.0,0.003922305480107045,0.0,0.015864458097847617,0.0,3.0523463695314668,3.000532662686164,607.1707401012247
1.0055934209400224,0.0,0.0039314660441263855,0.0,0.015904458097847615,0.0,3.0519016126502403,3.000531508332651,602.7221344450297
1.0055792859934762,0.0,0.003940562779705662,0.0,0.015944458097847614,0.0,3.0514544451634458,3.0005303539752997,598.2981119057984
1.0055651444970106,0.0,0.003949595917661863,0.0,0.015984458097847612,0.0,3.051004855110243,3.0005291996296086,593.8986324346902
1.005550996555193,0.0,0.003958565684760267,0.0,0.01602445809784761,0.0,3.050552830491916,3.0005280453110803,589.5236549385543
1.0055368422730977,0.0,0.003967472303808835,0.0,0.01606445809784761,0.0,3.0500983592723365,3.0005268910352276,585.1731372917482
1.0055226817563092,0.0,0.0039763159937472444,0.0,0.016104458097847607,0.0,3.049641429378215,3.000525736817567,580.8470363433009
1.0055085151109222,0.0,0.003985096969737324,0.0,0.016144458097847605,0.0,3.0491820286996316,3.0005245826736235,576.5453079331076
1.0054943424435439,0.0,0.003993815443246732,0.0,0.016184458097847604,0.0,3.048720145090353,3.0005234286189233,572.2679069006358
1.005480163861293,0.0,0.004002471622135201,0.0,0.016224458097847602,0.0,3.0482557663681975,3.0005222746690037,568.0147870973547
1.0054659794718042,0.0,0.0040110657107342565,0.0,0.0162644580978476,0.0,3.047788880315593,3.0005211208394034,563.7859013979548
1.0054517893832253,0.0,0.004019597909930407,0.0,0.0163044580978476,0.0,3.0473194746798447,3.0005199671456664,559.5812017125143
1.0054375937042255,0.0,0.004028068417236704,0.0,0.016344458097847597,0.0,3.0468475371736634,3.000518813603343,555.400638995804
1.0054233925439866,0.0,0.004036477426878365,0.0,0.016384458097847596,0.0,3.0463730554755672,3.000517660227986,551.244163262266
1.0054091860122125,0.0,0.00404482512985934,0.0,0.016424458097847594,0.0,3.045896017230384,3.0005165070351545,547.1117235939173
1.0053949742191248,0.0,0.004053111714040562,0.0,0.016464458097847592,0.0,3.045416410049648,3.0005153540404104,543.0032681556208
1.0053807572754678,0.0,0.0040613373642077785,0.0,0.01650445809784759,0.0,3.0449342215121433,3.0005142012593176,538.9187442017669
1.0053665352925087,0.0,0.004069502262139971,0.0,0.01654445809784759,0.0,3.044449439164312,3.0005130487074467,534.8580980924316
1.0053523083820344,0.0,0.00407760658668381,0.0,0.016584458097847588,0.0,3.0439620505208294,3.0005118964003694,530.8212753022283
1.0053380766563593,0.0,0.004085650513812069,0.0,0.016624458097847586,0.0,3.043472043065038,3.00051074435366,526.8082204306081
1.0053238402283207,0.0,0.004093634216694251,0.0,0.016664458097847584,0.0,3.0429794042494867,3.0005095925828935,522.8188772175665
1.0053095992112822,0.0,0.004101557865757739,0.0,0.016704458097847583,0.0,3.04248412149649,3.000508441103652,518.8531885508901
1.005295353719133,0.0,0.004109421628751377,0.0,0.01674445809784758,0.0,3.0419861821985688,3.000507289931515,514.9110964801923
1.0052811038662917,0.0,0.004117225670803645,0.0,0.01678445809784758,0.0,3.0414855737191315,3.000506139082066,510.99254222498024
1.0052668497677026,0.0,0.0041249701544865455,0.0,0.016824458097847578,0.0,3.0409822833929088,3.000504988570888,507.09746619198677
1.00525259153884,0.0,0.004132655239870015,0.0,0.016864458097847576,0.0,3.0404762985265714,3.0005038384135676,503.2258079805466
1.0052383292957086,0.0,0.004140281084579835,0.0,0.016904458097847574,0.0,3.0399676063992898,3.0005026886256885,499.37750639611204
1.005224063154842,0.0,0.004147847843855644,0.0,0.016944458097847573,0.0,3.0394561942633684,3.000501539222837,495.55249946198
1.005209793233305,0.0,0.004155355670602119,0.0,0.01698445809784757,0.0,3.0389420493447528,3.0005003902206,491.7507244323274
1.0051955196486937,0.0,0.004162804715446769,0.0,0.01702445809784757,0.0,3.0384251588437508,3.0004992416345617,487.97211779905615
1.0051812425191367,0.0,0.004170195126788077,0.0,0.017064458097847568,0.0,3.0379055099355687,3.0004980934803087,484.2166153058423
1.0051669619632944,0.0,0.004177527050849489,0.0,0.017104458097847566,0.0,3.0373830897709713,3.0004969457734245,480.48415196201915
1.00515267810036,0.0,0.004184800631731021,0.0,0.017144458097847565,0.0,3.036857885476942,3.0004957985294918,476.7746620471646
1.0051383910500595,0.0,0.004192016011455195,0.0,0.017184458097847563,0.0,3.03632988415727,3.000494651764092,473.08807912926466
1.0051241009326564,0.0,0.004199173330015178,0.0,0.01722445809784756,0.0,3.035799072893303,3.000493505492805,469.42433607008275
1.005109807868941,0.0,0.004206272725430417,0.0,0.01726445809784756,0.0,3.0352654387446196,3.000492359731207,465.78336504138406
1.0050955119802447,0.0,0.0042133143337808095,0.0,0.017304458097847558,0.0,3.034728968749595,3.000491214494874,462.165097532553
1.0050812133884297,0.0,0.0042202982892623675,0.0,0.017344458097847557,0.0,3.0341896499262453,3.000490069799376,458.5694643628085
1.0050669122158937,0.0,0.0042272247242263975,0.0,0.017384458097847555,0.0,3.0336474692728763,3.000488925660283,454.99639569312865
1.0050526085855702,0.0,0.004234093769226443,0.0,0.017424458097847553,0.0,3.0331024137688174,3.0004877820931584,451.4458210349918
1.0050383026209257,0.0,0.004240905553059586,0.0,0.01746445809784755,0.0,3.03255447037511,3.0004866391135643,447.917669264967
1.0050239944459642,0.0,0.004247660202809163,0.0,0.01750445809784755,0.0,3.032003626035339,3.0004854967370567,444.4118686319573
1.005009684185224,0.0,0.0042543578438863595,0.0,0.01754445809784755,0.0,3.031449867676321,3.0004843549791866,440.92834677071494
1.0049953719637752,0.0,0.004260998600074524,0.0,0.017584458097847547,0.0,3.030893182208934,3.0004832138555013,437.4670307125583
1.0049810579072287,0.0,0.004267582593560487,0.0,0.017624458097847545,0.0,3.030333556528814,3.000482073381543,434.0278468938226
1.004966742141725,0.0,0.004274109944982995,0.0,0.017664458097847544,0.0,3.0297709775172166,3.0004809335728466,430.61072117070785
1.0049524247939423,0.0,0.004280580773466391,0.0,0.017704458097847542,0.0,3.029205432041851,3.000479794444941,427.21557882670174
1.0049381059910922,0.0,0.004286995196659578,0.0,0.01774445809784754,0.0,3.0286369069575834,3.00047865601335,423.8423445848117
1.0049237858609201,0.0,0.004293353330774546,0.0,0.01778445809784754,0.0,3.028065389107397,3.00047751829359,420.4909426186472
1.0049094645317052,0.0,0.004299655290620856,0.0,0.017824458097847537,0.0,3.027490865323144,3.000476381301168,417.16129656213
1.0048951421322623,0.0,0.004305901189642064,0.0,0.017864458097847535,0.0,3.0269133224264544,3.0004752450515872,413.853329521154
1.0048808187919362,0.0,0.0043120911399537,0.0,0.017904458097847534,0.0,3.02633274722956,3.00047410956034,410.5669640827417
1.0048664946406047,0.0,0.004318225252375695,0.0,0.017944458097847532,0.0,3.0257491265361995,3.0004729748429106,407.3021223282684
1.0048521698086799,0.0,0.004324303636464977,0.0,0.01798445809784753,0.0,3.025162447142524,3.0004718409147757,404.05872584122403
1.0048378444271022,0.0,0.00433032640055405,0.0,0.01802445809784753,0.0,3.0245726958379713,3.000470707791402,400.83669571955227
1.0048235186273453,0.0,0.004336293651778937,0.0,0.018064458097847527,0.0,3.023979859406211,3.0004695754882467,397.63595258447424
1.0048091925414113,0.0,0.004342205496115658,0.0,0.018104458097847526,0.0,3.0233839246260437,3.000468444020756,394.4564165933149
1.0047948663018327,0.0,0.00434806203840854,0.0,0.018144458097847524,0.0,3.0227848782723763,3.000467313404368,391.29800744787167
1.0047805400416694,0.0,0.004353863382405684,0.0,0.018184458097847522,0.0,3.022182707117145,3.0004661836545075,388.1606444048781
1.0047662138945088,0.0,0.004359609630788339,0.0,0.01822445809784752,0.0,3.0215773979302982,3.000465054786589,385.0442462879072
1.0047518879944675,0.0,0.004365300885197879,0.0,0.01826445809784752,0.0,3.0209689374808164,3.000463926816017,381.9487314951542
1.0047375624761832,0.0,0.004370937246273888,0.0,0.018304458097847517,0.0,3.02035731253761,3.000462799758182,378.874018012673
1.0047232374748225,0.0,0.004376518813675218,0.0,0.018344458097847516,0.0,3.019742509870616,3.0004616736284624,375.82002342088686
1.0047089131260738,0.0,0.0043820456861143955,0.0,0.018384458097847514,0.0,3.0191245162517975,3.0004605484422244,372.78666490821456
1.0046945895661474,0.0,0.004387517961384831,0.0,0.018424458097847513,0.0,3.0185033184561108,3.00045942421482,369.77385927863054
1.004680266931776,0.0,0.004392935736388866,0.0,0.01846445809784751,0.0,3.017878903262637,3.000458300961588,366.7815229627729
1.004665945360211,0.0,0.004398299107165768,0.0,0.01850445809784751,0.0,3.0172512574556065,3.000457178697853,363.80957202814704
1.0046516249892212,0.0,0.004403608168920551,0.0,0.018544458097847508,0.0,3.0166203678254115,3.0004560574389254,360.8579221880892
1.0046373059570963,0.0,0.0044088630160470065,0.0,0.018584458097847506,0.0,3.015986221169817,3.0004549372000997,357.92648881150933
1.0046229884026372,0.0,0.004414063742159966,0.0,0.018624458097847504,0.0,3.015348804294913,3.0004538179966564,355.0151869345377
1.0046086724651628,0.0,0.004419210440116033,0.0,0.018664458097847503,0.0,3.014708104016337,3.000452699843857,352.123931267348
1.0045943582845005,0.0,0.004424303202044525,0.0,0.0187044580978475,0.0,3.0140641071603103,3.0004515827569507,349.2526362070075
1.0045800460009913,0.0,0.00442934211936901,0.0,0.0187444580978475,0.0,3.013416800564822,3.0004504667511673,346.40121584442375
1.0045657357554858,0.0,0.004434327282833263,0.0,0.018784458097847498,0.0,3.012766171080779,3.000449351841721,343.5695839752251
1.004551427689337,0.0,0.004439258782530211,0.0,0.018824458097847496,0.0,3.0121122055731497,3.000448238043806,340.75765410958115
1.0045371219444095,0.0,0.004444136707919376,0.0,0.018864458097847495,0.0,3.01145489092211,3.0004471253726006,337.96533948006595
1.0045228186630668,0.0,0.004448961147856714,0.0,0.018904458097847493,0.0,3.01079421402428,3.0004460138432636,335.19255305332285
1.0045085179881763,0.0,0.004453732190615608,0.0,0.01894445809784749,0.0,3.0101301617938803,3.0004449034709344,332.43920753643215
1.0044942200631028,0.0,0.004458449923912126,0.0,0.01898445809784749,0.0,3.009462721163975,3.0004437942707343,329.70521538963123
1.0044799250317102,0.0,0.004463114434925682,0.0,0.019024458097847488,0.0,3.0087918790876733,3.0004426862577622,326.99048883309615
1.004465633038356,0.0,0.004467725810325528,0.0,0.019064458097847486,0.0,3.0081176225393924,3.0004415794470987,324.2949398560953
1.0044513442278897,0.0,0.00447228413629027,0.0,0.019104458097847485,0.0,3.007439938516043,3.000440473853802,321.61848022803497
1.0044370587456533,0.0,0.004476789498530575,0.0,0.019144458097847483,0.0,3.0067588140383683,3.00043936949291,318.9610215050691
1.004422776737475,0.0,0.004481241982312938,0.0,0.01918445809784748,0.0,3.0060742361522,3.0004382663794393,316.32247504063207
1.004408498349668,0.0,0.004485641672480459,0.0,0.01922445809784748,0.0,3.0053861919296896,3.0004371645283814,313.70275199448736
1.0043942237290298,0.0,0.0044899886534729375,0.0,0.01926445809784748,0.0,3.004694668470666,3.000436063954708,311.10176333964773
1.004379953022836,0.0,0.004494283009351237,0.0,0.019304458097847477,0.0,3.0039996529039423,3.0004349646733655,308.5194198735528
1.004365686378842,0.0,0.004498524823813551,0.0,0.019344458097847475,0.0,3.00330113238863,3.000433866699277,305.95563222537487
1.0043514239452744,0.0,0.004502714180221641,0.0,0.019384458097847473,0.0,3.0025990941154332,3.000432770047342,303.41031086508144
1.0043371658708355,0.0,0.004506851161616517,0.0,0.019424458097847472,0.0,3.0018935253081014,3.0004316747324338,300.88336611115346
1.0043229123046935,0.0,0.004510935850740658,0.0,0.01946445809784747,0.0,3.0011844132246743,3.000430580769402,298.37470814091614
1.0043086633964822,0.0,0.004514968330059269,0.0,0.01950445809784747,0.0,3.000471745158938,3.0004294881730695,295.88424699738835
1.0042944192962975,0.0,0.00451894868177775,0.0,0.019544458097847467,0.0,2.999755508441756,3.0004283969582337,293.4118925983288
1.0042801801546983,0.0,0.004522876987860195,0.0,0.019584458097847465,0.0,2.999035690442536,3.0004273071396623,290.9575547439406
1.004265946122696,0.0,0.004526753330052182,0.0,0.019624458097847464,0.0,2.998312278570565,3.0004262187321005,288.5211431261406
1.0042517173517553,0.0,0.0045305777898977115,0.0,0.019664458097847462,0.0,2.9975852602764586,3.000425131750262,286.10256733606434
1.0042374939937895,0.0,0.004534350448758444,0.0,0.01970445809784746,0.0,2.9968546230536006,3.0004240462088325,283.7017368719137
1.0042232762011603,0.0,0.004538071387830493,0.0,0.01974445809784746,0.0,2.996120354439599,3.000422962122472,281.3185611477752
1.0042090641266685,0.0,0.004541740688165915,0.0,0.019784458097847457,0.0,2.9953824420177417,3.0004218795058057,278.9529495008246
1.0041948579235564,0.0,0.004545358430687544,0.0,0.019824458097847455,0.0,2.9946408734184162,3.000420798373434,276.6048111996249
1.0041806577454961,0.0,0.004548924696211276,0.0,0.019864458097847454,0.0,2.99389563632064,3.0004197187399257,274.2740554521911
1.0041664637465975,0.0,0.004552439565457472,0.0,0.019904458097847452,0.0,2.9931467184535596,3.0004186406198157,271.96059141301055
1.0041522760813901,0.0,0.0045559031190758265,0.0,0.01994445809784745,0.0,2.9923941075979053,3.0004175640276105,269.66432819143085
1.0041380949048317,0.0,0.004559315437656195,0.0,0.01998445809784745,0.0,2.9916377915875376,3.0004164889777845,267.3851748588786
1.0041239203722963,0.0,0.004562676601749924,0.0,0.020024458097847447,0.0,2.9908777583109853,3.000415415484778,265.12304045663825
1.0041097526395732,0.0,0.004565986691885013,0.0,0.020064458097847446,0.0,2.9901139957129166,3.000414343563,262.8778340030865
1.0040955918628616,0.0,0.004569245788583391,0.0,0.020104458097847444,0.0,2.989346491795785,3.000413273226824,260.6494645013985
1.004081438198767,0.0,0.004572453972377635,0.0,0.020144458097847442,0.0,2.9885752346212913,3.000412204490592,258.43784094648197
1.0040672918042959,0.0,0.0045756113238269065,0.0,0.02018445809784744,0.0,2.987800212311997,3.0004111373686086,256.2428723327263
1.004053152836853,0.0,0.004578717923533029,0.0,0.02022445809784744,0.0,2.9870214130528945,3.000410071875144,254.0644676604768
1.0040390214542343,0.0,0.004581773852157257,0.0,0.020264458097847438,0.0,2.9862388250930127,3.000409008024435,251.90253594415412
1.0040248978146231,0.0,0.0045847791904362846,0.0,0.020304458097847436,0.0,2.9854524367469812,3.0004079458306787,249.75698621836625
1.0040107820765867,0.0,0.004587734019196248,0.0,0.020344458097847434,0.0,2.984662236396651,3.000406885308038,247.62772754529897
1.003996674399069,0.0,0.004590638419370403,0.0,0.020384458097847433,0.0,2.983868212492727,3.0004058264706366,245.51466902169727
1.0039825749413882,0.0,0.004593492472013484,0.0,0.02042445809784743,0.0,2.983070353556384,3.000404769332561,243.41771978508234
1.0039684838632301,0.0,0.0045962962583159265,0.0,0.02046445809784743,0.0,2.9822686481809013,3.000403713907859,241.33678902147398
1.003954401324642,0.0,0.004599049859621487,0.0,0.020504458097847428,0.0,2.9814630850332864,3.000402660210541,239.27178597140164
1.00394032748603,0.0,0.004601753357439305,0.0,0.020544458097847426,0.0,2.980653652855991,3.0004016082545752,237.22261993632304
1.003926262508151,0.0,0.00460440683346039,0.0,0.020584458097847425,0.0,2.979840340468522,3.000400558053892,235.18920028603213
1.0039122065521107,0.0,0.004607010369571441,0.0,0.020624458097847423,0.0,2.9790231367691162,3.000399509622379,233.1714364639405
1.003898159779355,0.0,0.0046095640478690655,0.0,0.02066445809784742,0.0,2.9782020307364565,3.000398462973883,231.1692379943699
1.0038841223516632,0.0,0.004612067950675231,0.0,0.02070445809784742,0.0,2.9773770114313067,3.0003974181222106,229.18251448873605
1.003870094431148,0.0,0.0046145221605498245,0.0,0.020744458097847418,0.0,2.9765480679982756,3.0003963750811247,227.2111756509762
1.0038560761802442,0.0,0.004616926760305248,0.0,0.020784458097847416,0.0,2.975715189667469,3.0003953338643448,225.2551312849635
1.0038420677617041,0.0,0.0046192818330206865,0.0,0.020824458097847415,0.0,2.974878365756213,3.000394294485548,223.31429129946025
1.003828069338594,0.0,0.0046215874620547095,0.0,0.020864458097847413,0.0,2.9740375856707946,3.0003932569583665,221.3885657148494
1.0038140810742848,0.0,0.004623843731059637,0.0,0.02090445809784741,0.0,2.973192838908177,3.0003922212963876,219.4778646685669
1.0038001031324475,0.0,0.004626050723994195,0.0,0.02094445809784741,0.0,2.9723441150577297,3.000391187513155,217.58209842159732
1.0037861356770474,0.0,0.004628208525137558,0.0,0.020984458097847408,0.0,2.971491403802951,3.0003901556221635,215.7011773633463
1.0037721788723355,0.0,0.0046303172191020266,0.0,0.021024458097847407,0.0,2.97063469492328,3.000389125636864,213.83501201820633
1.0037582328828452,0.0,0.004632376890844544,0.0,0.021064458097847405,0.0,2.9697739782957937,3.000388097570661,211.9835130507684
1.0037442978733835,0.0,0.004634387625682042,0.0,0.021104458097847403,0.0,2.96890924389697,3.0003870714369083,210.14659127129278
1.003730374009024,0.0,0.004636349509302294,0.0,0.0211444580978474,0.0,2.96804048180446,3.0003860472489143,208.32415764157753
1.0037164614551017,0.0,0.004638262627777168,0.0,0.0211844580978474,0.0,2.9671676821988853,3.0003850250199373,206.51612327980746
1.003702560377206,0.0,0.004640127067573739,0.0,0.0212244580978474,0.0,2.9662908353656063,3.0003840047631867,204.72239946653565
1.003688670941173,0.0,0.0046419429155680645,0.0,0.021264458097847397,0.0,2.9654099316964673,3.0003829864918217,202.94289764940106
1.0036747933130772,0.0,0.00464371025905665,0.0,0.021304458097847395,0.0,2.96452496169161,3.000381970218952,201.177529448663
1.003660927659228,0.0,0.004645429185767886,0.0,0.021344458097847394,0.0,2.9636359159612837,3.000380955957634,199.42620666198707
1.0036470741461596,0.0,0.004647099783874323,0.0,0.021384458097847392,0.0,2.9627427852276003,3.000379943720875,197.68884126982744
1.0036332329406228,0.0,0.004648722142004408,0.0,0.02142445809784739,0.0,2.9618455603263807,3.000378933521629,195.96534544026832
1.0036194042095825,0.0,0.00465029634925282,0.0,0.02146445809784739,0.0,2.9609442322089197,3.0003779253727956,194.25563153370462
1.0036055881202024,0.0,0.004651822495195001,0.0,0.021504458097847387,0.0,2.9600387919437696,3.0003769192872234,192.55961210794703
1.003591784839846,0.0,0.004653300669893592,0.0,0.021544458097847385,0.0,2.959129230718649,3.000375915277705,190.87719992278886
1.003577994536061,0.0,0.004654730963914262,0.0,0.021584458097847384,0.0,2.9582155398421297,3.00037491335698,189.20830794468003
1.0035642173765769,0.0,0.004656113468333437,0.0,0.021624458097847382,0.0,2.9572977107455403,3.0003739135377314,187.55284935162518
1.0035504535292967,0.0,0.0046574482747498225,0.0,0.02166445809784738,0.0,2.9563757349847775,3.0003729158325867,185.91073753702688
1.003536703162284,0.0,0.004658735475297085,0.0,0.02170445809784738,0.0,2.955449604242038,3.0003719202541177,184.2818861148499
1.003522966443761,0.0,0.004659975162651404,0.0,0.021744458097847377,0.0,2.954519310327752,3.000370926814838,182.66620892361703
1.003509243542097,0.0,0.00466116743004369,0.0,0.021784458097847376,0.0,2.9535848451823465,3.000369935527204,181.06362003084968
1.0034955346257994,0.0,0.004662312371270239,0.0,0.021824458097847374,0.0,2.9526462008780467,3.0003689464036145,179.47403373709932
1.003481839863509,0.0,0.004663410080700789,0.0,0.021864458097847372,0.0,2.9517033696207684,3.000367959456407,177.89736458038038
1.0034681594239871,0.0,0.004664460653290909,0.0,0.02190445809784737,0.0,2.950756343751864,3.0003669746978643,176.33352734006957
1.0034544934761094,0.0,0.004665464184590833,0.0,0.02194445809784737,0.0,2.94980511574997,3.000365992140204,174.78243704094416
1.0034408421888574,0.0,0.004666420770754524,0.0,0.021984458097847367,0.0,2.948849678232885,3.0003650117955867,173.24400895722806
1.0034272057313074,0.0,0.004667330508551091,0.0,0.022024458097847366,0.0,2.947890023959271,3.000364033676109,171.71815861630625
1.0034135842726262,0.0,0.00466819349537146,0.0,0.022064458097847364,0.0,2.946926145830626,3.0003630577938085,170.2048018026984
1.003399977982055,0.0,0.004669009829241272,0.0,0.022104458097847363,0.0,2.94595803689295,3.0003620841606575,168.70385456168884
1.0033863870289095,0.0,0.004669779608826599,0.0,0.02214445809784736,0.0,2.9449856903386853,3.000361112788567,167.21523320282512
1.003372811582559,0.0,0.004670502933446563,0.0,0.02218445809784736,0.0,2.9440090995083903,3.000360143689384,165.73885430393915
1.0033592518124304,0.0,0.004671179903077947,0.0,0.022224458097847358,0.0,2.943028257892736,3.000359176874891,164.27463471427433
1.003345707887989,0.0,0.004671810618367796,0.0,0.022264458097847356,0.0,2.9420431591341516,3.0003582123568053,162.822491558019
1.0033321799787318,0.0,0.004672395180640653,0.0,0.022304458097847354,0.0,2.9410537970286947,3.00035725014678,161.38234223786446
1.00331866825418,0.0,0.004672933691906356,0.0,0.022344458097847353,0.0,2.9400601655278513,3.0003562902564,159.954104438125
1.0033051728838662,0.0,0.00467342625486971,0.0,0.02238445809784735,0.0,2.939062258740327,3.0003553326971852,158.53769612800153
1.003291694037328,0.0,0.004673872972937559,0.0,0.02242445809784735,0.0,2.938060070933819,3.0003543774805888,157.1330355649087
1.0032782318840943,0.0,0.004674273950228001,0.0,0.022464458097847348,0.0,2.9370535965368183,3.0003534246179937,155.74004129740894
1.0032647865936795,0.0,0.004674629291577282,0.0,0.022504458097847346,0.0,2.936042830140408,3.000352474120717,154.35863216829705
1.0032513583355696,0.0,0.00467493910254823,0.0,0.022544458097847345,0.0,2.935027766499995,3.0003515260000033,152.98872731771763
1.0032379472792152,0.0,0.004675203489437784,0.0,0.022584458097847343,0.0,2.9340084005371194,3.0003505802670305,151.63024618587332
1.0032245535940207,0.0,0.00467542255928439,0.0,0.02262445809784734,0.0,2.9329847273411938,3.000349636932906,150.2831085158673
1.0032111774493302,0.0,0.004675596419876102,0.0,0.02266445809784734,0.0,2.931956742171215,3.000348696008665,148.94723435677514
1.0031978190144248,0.0,0.004675725179756239,0.0,0.022704458097847338,0.0,2.9309244404576287,3.000347757505271,147.6225440658926
1.0031844784585027,0.0,0.0046758089482327875,0.0,0.022744458097847337,0.0,2.9298878178039085,3.0003468214336175,146.30895831179845
1.0031711559506789,0.0,0.004675847835382496,0.0,0.022784458097847335,0.0,2.928846869988449,3.0003458878045235,145.00639807662685
1.0031578516599646,0.0,0.004675841952060529,0.0,0.022824458097847333,0.0,2.927801592966151,3.0003449566287346,143.71478465883348
1.0031445657552638,0.0,0.0046757914099053305,0.0,0.02286445809784733,0.0,2.926751982870203,3.0003440279169236,142.43403967544683
1.003131298405359,0.0,0.004675696321345653,0.0,0.02290445809784733,0.0,2.9256980360137708,3.0003431016796878,141.16408506454263
1.0031180497789014,0.0,0.0046755567996069995,0.0,0.02294445809784733,0.0,2.9246397488916807,3.00034217792755,139.9048430875713
1.0031048200443988,0.0,0.004675372958718028,0.0,0.022984458097847327,0.0,2.9235771181820844,3.000341256670957,138.65623633162514
1.0030916093702076,0.0,0.004675144913515537,0.0,0.023024458097847325,0.0,2.922510140748195,3.0003403379202807,137.41818771156585
1.0030784179245162,0.0,0.004674872779652572,0.0,0.023064458097847323,0.0,2.921438813639814,3.0003394216858137,136.19062047226197
1.0030652458753408,0.0,0.00467455667360152,0.0,0.023104458097847322,0.0,2.920363134095153,3.0003385079777725,134.97345819061024
1.0030520933905083,0.0,0.004674196712661716,0.0,0.02314445809784732,0.0,2.9192830995423162,3.0003375968062973,133.76662477752836
1.0030389606376462,0.0,0.004673793014964502,0.0,0.02318445809784732,0.0,2.918198707600964,3.000336688181445,132.57004447994728
1.0030258477841743,0.0,0.004673345699477825,0.0,0.023224458097847317,0.0,2.917109956083958,3.0003357821131993,131.38364188273846
1.0030127549972894,0.0,0.004672854886012099,0.0,0.023264458097847315,0.0,2.9160168429989097,3.000334878611459,130.20734191043465
1.0029996824439562,0.0,0.004672320695224572,0.0,0.023304458097847314,0.0,2.9149193665498245,3.000333977686046,129.04106982918685
1.0029866302908925,0.0,0.004671743248625588,0.0,0.023344458097847312,0.0,2.9138175251385126,3.0003330793466985,127.88475124826226
1.0029735987045625,0.0,0.004671122668581371,0.0,0.02338445809784731,0.0,2.9127113173663215,3.000332183603076,126.73831212184743
1.0029605878511598,0.0,0.004670459078319808,0.0,0.02342445809784731,0.0,2.9116007420355627,3.0003312904647528,125.60167875068336
1.0029475978966003,0.0,0.004669752601934341,0.0,0.023464458097847307,0.0,2.91048579815107,3.000330399941224,124.47477778345558
1.002934629006504,0.0,0.004669003364388916,0.0,0.023504458097847306,0.0,2.909366484921613,3.0003295120419,123.35753621843509
1.002921681347052,0.0,0.004668211490728551,0.0,0.023544458097847304,0.0,2.908242802331904,3.000328626776162,122.24988157791108
1.002895850374589,0.0,0.004666500347560186,0.0,0.023624458097847304,0.0,2.905982324342738,3.0003268641819902,120.0630431915732
1.0028701062977974,0.0,0.00466462019437736,0.0,0.023704458097847304,0.0,2.9037043653739487,3.0003251122317947,117.91368900744757
1.0028444504261724,0.0,0.004662572070513874,0.0,0.023784458097847305,0.0,2.901408927713876,3.000323370997057,115.80125041379304
1.0028188840640313,0.0,0.004660357028829269,0.0,0.023864458097847305,0.0,2.8990960176448657,3.00032164054792,113.72516470600613
1.0027934085092487,0.0,0.004657976136592839,0.0,0.023944458097847305,0.0,2.8967656449156194,3.000319920953119,111.68487494630872
1.0027680250528643,0.0,0.004655430475561315,0.0,0.024024458097847305,0.0,2.894417822782812,3.0003182122799568,109.67982999347211
1.0027427349786675,0.0,0.0046527211420503,0.0,0.024104458097847305,0.0,2.8920525680508202,3.000316514594295,107.70948452912035
1.0027175395627959,0.0,0.004649849246990945,0.0,0.024184458097847306,0.0,2.8896699011104605,3.000314827960529,105.77329908103883
1.0026924400733244,0.0,0.0046468159159772145,0.0,0.024264458097847306,0.0,2.8872698459758337,3.0003131524415796,103.87074004329378
1.0026674377698486,0.0,0.004643622289302531,0.0,0.024344458097847306,0.0,2.884852430319594,3.000311488098871,102.001279693376
1.002642533903075,0.0,0.004640269521983219,0.0,0.024424458097847306,0.0,2.8824176855067996,3.0003098349923167,100.16439620636032
1.0026177297143999,0.0,0.00463675878377286,0.0,0.024504458097847306,0.0,2.8799656466266614,3.0003081931803046,98.35957366629938
1.002593026435494,0.0,0.0046330912591633295,0.0,0.024584458097847307,0.0,2.877496352522828,3.00030656271968,96.58630207468863
1.0025684252878824,0.0,0.004629268147375516,0.0,0.024664458097847307,0.0,2.875009845821637,3.000304943665733,94.84407735622227
1.0025439274825227,0.0,0.004625290662337959,0.0,0.024744458097847307,0.0,2.8725061729585586,3.000303336072182,93.13240136193738
1.0025195342193858,0.0,0.004621160032653641,0.0,0.024824458097847307,0.0,2.8699853842026455,3.0003017399911602,91.45078186972901
1.0024952466870334,0.0,0.004616877501555569,0.0,0.024904458097847307,0.0,2.8674475336790137,3.000300155473201,89.798732582339
1.0024710660621976,0.0,0.004612444326849866,0.0,0.024984458097847308,0.0,2.8648926793892486,3.0002985825672246,88.17577312287096
1.0024469935093576,0.0,0.004607861780847864,0.0,0.025064458097847308,0.0,2.8623208832296805,3.0002970213205264,86.58142902799375
1.0024230301803245,0.0,0.0046031311502850785,0.0,0.025144458097847308,0.0,2.859732211007653,3.000295471778762,85.01523173871908
1.0023991772138154,0.0,0.00459825373622987,0.0,0.02522445809784731,0.0,2.857126732455313,3.0002939339859354,83.47671858905795
1.0023754357350407,0.0,0.004593230853978507,0.0,0.02530445809784731,0.0,2.854504521241477,3.00029240798439,81.96543279248613
1.002351806855284,0.0,0.004588063832939785,0.0,0.02538445809784731,0.0,2.8518656549809123,3.0002908938147903,80.4809234260772
1.0023282916714924,0.0,0.004582754016505973,0.0,0.02546445809784731,0.0,2.849210215241605,3.0002893915161204,79.02274541293559
1.0023048912658596,0.0,0.004577302761913805,0.0,0.02554445809784731,0.0,2.846538287549297,3.000287901125666,77.5904595025062
1.0022816067054223,0.0,0.00457171144009152,0.0,0.02562445809784731,0.0,2.8438499613899864,3.000286422679007,76.18363224888134
1.0022584390416516,0.0,0.004565981435495367,0.0,0.02570445809784731,0.0,2.84114533020973,3.0002849562100087,74.80183598743477
1.0022353893100509,0.0,0.004560114145933827,0.0,0.02578445809784731,0.0,2.838424491412057,3.0002835017508116,73.44464880962423
1.0022124585297594,0.0,0.004554110982379629,0.0,0.02586445809784731,0.0,2.8356875463529483,3.0002820593318242,72.11165453598898
1.0021896477031573,0.0,0.004547973368770619,0.0,0.02594445809784731,0.0,2.8329346003331377,3.0002806289817148,70.8024426877453
1.0021669578154784,0.0,0.0045417027417981965,0.0,0.02602445809784731,0.0,2.8301657625880825,3.0002792107274034,69.51660845648163
1.0021443898344253,0.0,0.004535300550684914,0.0,0.02610445809784731,0.0,2.8273811462751395,3.0002778045940572,68.2537526726698
1.0021219447097907,0.0,0.0045287682569500835,0.0,0.02618445809784731,0.0,2.824580868458273,3.000276410605081,67.01348177248533
1.0020996233730874,0.0,0.00452210733416382,0.0,0.02626445809784731,0.0,2.8217650500901774,3.000275028782115,65.79540776332757
1.0020774267371793,0.0,0.00451531926769069,0.0,0.02634445809784731,0.0,2.818933815991662,3.0002736591450283,64.59914818799629
1.0020553556959262,0.0,0.00450840555442076,0.0,0.02642445809784731,0.0,2.8160872948286024,3.0002723017119157,63.42432608766174
1.0020334111238274,0.0,0.004501367702491311,0.0,0.02650445809784731,0.0,2.8132256190860105,3.0002709564990924,62.27056996343447
1.0020115938756822,0.0,0.004494207230996407,0.0,0.026584458097847312,0.0,2.810348925039754,3.000269623521094,61.13751373706967
1.0019899047862482,0.0,0.004486925669686706,0.0,0.026664458097847312,0.0,2.8074573527253346,3.000268302790672,60.02479671023025
1.0019683446699157,0.0,0.004479524558658321,0.0,0.026744458097847312,0.0,2.8045510459043532,3.000266994318791,58.93206352303797
1.001946914320389,0.0,0.004472005448031675,0.0,0.026824458097847313,0.0,2.801630152028067,3.0002656981146307,57.85896411142396
1.0019256145103743,0.0,0.004464369897620184,0.0,0.026904458097847313,0.0,2.7986948221986068,3.0002644141855854,56.80515366357184
1.0019044459912763,0.0,0.004456619476589665,0.0,0.026984458097847313,0.0,2.7957452111272545,3.0002631425372632,55.770292575560745
1.0018834094929112,0.0,0.004448755763107408,0.0,0.027064458097847313,0.0,2.79278147709059,3.000261883173486,54.754046406088946
1.0018625057232213,0.0,0.00444078034398278,0.0,0.027144458097847313,0.0,2.7898037818835824,3.000260636096296,53.756085830421384
1.0018417353680056,0.0,0.0044326948142983935,0.0,0.027224458097847314,0.0,2.786812290770596,3.000259401305954,52.7760865937901
1.0018210990906602,0.0,0.004424500777032705,0.0,0.027304458097847314,0.0,2.7838071724336357,3.0002581788009444,51.81372946374903
1.001800597531928,0.0,0.0044161998426741345,0.0,0.027384458097847314,0.0,2.7807885989181704,3.0002569685779785,50.86870018224312
1.00178023130966,0.0,0.0044077936288276914,0.0,0.027464458097847314,0.0,2.777756745576547,3.0002557706320014,49.9406894168869
1.001760001018591,0.0,0.004399283759812849,0.0,0.027544458097847314,0.0,2.7747117910089623,3.000254584956197,49.029392711717875
1.001739907230124,0.0,0.004390671866254945,0.0,0.027624458097847315,0.0,2.7716539170021712,3.0002534115419923,48.13451043754185
1.0017199504921301,0.0,0.00438195958466902,0.0,0.027704458097847315,0.0,2.7685833084658333,3.000252250379066,47.25574774179195
1.0017001313287575,0.0,0.004373148557037193,0.0,0.027784458097847315,0.0,2.7655001533665997,3.000251101455357,46.39281449776209
1.0016804502402539,0.0,0.0043642404303797675,0.0,0.027864458097847315,0.0,2.76240464265991,3.0002499647570726,45.54542525379986
1.0016609077028056,0.0,0.004355236856320038,0.0,0.027944458097847315,0.0,2.7592969702198644,3.0002488402686973,44.71329918193378
1.001641504168386,0.0,0.004346139490644244,0.0,0.028024458097847316,0.0,2.7561773327668107,3.000247727973004,43.89616002623039
1.001622240064617,0.0,0.004336949992855739,0.0,0.028104458097847316,0.0,2.753045929792939,3.000246627851063,43.093736050973746
1.0016031157946477,0.0,0.004327670025724807,0.0,0.028184458097847316,0.0,2.749902963485956,3.000245539882256,42.30575998843811
1.0015841317370455,0.0,0.004318301254834043,0.0,0.028264458097847316,0.0,2.746748638650982,3.0002444640442865,41.531968986745156
1.0015652882456965,0.0,0.004308845348120088,0.0,0.028344458097847317,0.0,2.743583162630249,3.0002434003131944,40.77210455722536
1.0015465856497274,0.0,0.004299303975411439,0.0,0.028424458097847317,0.0,2.740406745221512,3.000242348663369,40.025912521978356
1.0015280242534383,0.0,0.004289678807964106,0.0,0.028504458097847317,0.0,2.7372195985945544,3.0002413090675635,39.29314296105812
1.0015096043362472,0.0,0.0042799715179935305,0.0,0.028584458097847317,0.0,2.73402193720599,3.0002402814969105,38.57355015981565
1.0014913261526543,0.0,0.004270183778205621,0.0,0.028664458097847317,0.0,2.730813977712915,3.0002392659209383,37.86689255601944
1.0014731899322142,0.0,0.0042603172613253585,0.0,0.028744458097847318,0.0,2.727595938884725,3.0002382623075876,37.17293268712665
1.0014551958795292,0.0,0.004250373639624457,0.0,0.028824458097847318,0.0,2.7243680415138725,3.0002372706232268,36.491437137452905
1.0014373441742521,0.0,0.004240354584448105,0.0,0.028904458097847318,0.0,2.7211305083252295,3.000236290832676,35.822176485443066
1.0014196349711064,0.0,0.004230261765741939,0.0,0.028984458097847318,0.0,2.717883563884384,3.000235322899215,35.16492525110884
1.0014020683999207,0.0,0.004220096851578348,0.0,0.02906445809784732,0.0,2.7146274345048744,3.000234366784616,34.51946184323178
1.0013846445656762,0.0,0.004209861507684315,0.0,0.02914445809784732,0.0,2.711362348154227,3.0002334224491527,33.88556850723303
1.0013673635485667,0.0,0.004199557396969617,0.0,0.02922445809784732,0.0,2.7080885343593453,3.0002324898516255,33.263031272547295
1.001350225404081,0.0,0.004189186179057084,0.0,0.02930445809784732,0.0,2.704806224111114,3.0002315689493853,32.65163990072308
1.0013332301630913,0.0,0.004178749509814539,0.0,0.02938445809784732,0.0,2.7015156497681607,3.000230659698348,32.051187833380794
1.0013163778319563,0.0,0.004168249040889221,0.0,0.02946445809784732,0.0,2.69821704495999,3.0002297620530247,31.46147214043353
1.0012996683926456,0.0,0.004157686419245308,0.0,0.02954445809784732,0.0,2.6949106444898754,3.0002288759665396,30.8822934686525
1.0012831018028698,0.0,0.004147063286704489,0.0,0.02962445809784732,0.0,2.6915966842370596,3.000228001390657,30.31345599023833
1.001266677996227,0.0,0.004136381279490614,0.0,0.02970445809784732,0.0,2.688275401058783,3.0002271382758003,29.754767352000002
1.0012503968823654,0.0,0.004125642027778142,0.0,0.02978445809784732,0.0,2.68494703269213,3.0002262865710834,29.206038624432487
1.0012342583471558,0.0,0.004114847155245454,0.0,0.02986445809784732,0.0,2.681611817655626,3.0002254462243307,28.667084251387955
1.001218262252881,0.0,0.004103998278633244,0.0,0.02994445809784732,0.0,2.6782699951510596,3.0002246171821043,28.13772199985621
1.0012024084384321,0.0,0.004093097007308052,0.0,0.03002445809784732,0.0,2.6749218049650954,3.0002237993897296,27.61777291019731
1.0011866967195227,0.0,0.004082144942831854,0.0,0.03010445809784732,0.0,2.671567487371209,3.000222992791321,27.107061246590064
1.0011711268889143,0.0,0.00407114367853766,0.0,0.03018445809784732,0.0,2.668207283031954,3.000222197329812,26.605414447983044
1.0011556987166532,0.0,0.004060094799111855,0.0,0.03026445809784732,0.0,2.6648414329015018,3.0002214129469773,26.112663079227353
1.0011404119503184,0.0,0.0040489998801834,0.0,0.030344458097847322,0.0,2.6614701781286647,3.000220639583463,25.628640782749258
1.0011252663152825,0.0,0.004037860487920203,0.0,0.030424458097847322,0.0,2.65809375996045,3.0002198771788176,25.153184230483802
1.0011102615149832,0.0,0.0040266781786329735,0.0,0.030504458097847322,0.0,2.65471241964629,3.0002191256715127,24.68613307626925
1.0010953972312036,0.0,0.004015454498387547,0.0,0.030584458097847322,0.0,2.6513263983429076,3.0002183849989774,24.227329908565316
1.0010806731243698,0.0,0.004004190982624883,0.0,0.030664458097847323,0.0,2.6479359370202715,3.000217655097625,23.776620203726587
1.0010660888338465,0.0,0.003992889155789735,0.0,0.030744458097847323,0.0,2.6445412763679497,3.0002169359028823,23.333852279493534
1.0010516439782566,0.0,0.003981550530968308,0.0,0.030824458097847323,0.0,2.641142656703002,3.000216227349218,22.89887724914726
1.0010373381557987,0.0,0.0039701766095347375,0.0,0.030904458097847323,0.0,2.6377403178785026,3.0002155293701733,22.471548975860088
1.001023170944579,0.0,0.003958768880807096,0.0,0.030984458097847323,0.0,2.6343344991934434,3.0002148418983907,22.05172402762618
1.0010091419029523,0.0,0.0039473288217128305,0.0,0.031064458097847324,0.0,2.630925439303794,3.0002141648656413,21.63926163263246
1.0009952505698676,0.0,0.003935857896463942,0.0,0.031144458097847324,0.0,2.6275133761347056,3.00021349820286,21.234023635028365
1.000981496465226,0.0,0.003924357556242478,0.0,0.031224458097847324,0.0,2.6240985467944165,3.0002128418401695,20.835874451204994
1.0009678790902403,0.0,0.003912829238895378,0.0,0.03130445809784732,0.0,2.6206811874890565,3.0002121957069146,20.444681026453402
1.0009543979278088,0.0,0.0039012743686408897,0.0,0.03138445809784732,0.0,2.6172615334395424,3.000211559731689,20.060312792183673
1.0009410524428894,0.0,0.00388969435578442,0.0,0.031464458097847314,0.0,2.613839818799619,3.000210933842368,19.682641623476258
1.0009278420828804,0.0,0.0038780905964451167,0.0,0.03154445809784731,0.0,2.610416276575384,3.0002103179661352,19.31154179734291
1.0009147662780133,0.0,0.0038664644722941795,0.0,0.03162445809784731,0.0,2.606991138547135,3.0002097120295153,18.946889951127687
1.0009018244417422,0.0,0.003854817350302743,0.0,0.031704458097847305,0.0,2.603564635192129,3.0002091159584032,18.58856504166267
1.0008890159711452,0.0,0.003843150582501462,0.0,0.0317844580978473,0.0,2.600136995609711,3.0002085296780936,18.236448304734623
1.0008763402473229,0.0,0.003831465505751082,0.0,0.0318644580978473,0.0,2.596708447447836,3.0002079531133092,17.890423215104626
1.0008637966358103,0.0,0.003819763441523972,0.0,0.031944458097847295,0.0,2.5932792168318675,3.0002073861882343,17.55037544692494
1.0008513844869837,0.0,0.0038080456956967124,0.0,0.03202445809784729,0.0,2.5898495282948324,3.0002068288265384,17.216192834704465
1.0008391031364754,0.0,0.0037963135583539173,0.0,0.03210445809784729,0.0,2.586419604709914,3.000206280951411,16.887765334758264
1.000826951905587,0.0,0.0037845683036032084,0.0,0.032184458097847285,0.0,2.5829896672247146,3.000205742485588,16.564984986971062
1.000814930101713,0.0,0.003772811189401726,0.0,0.03226445809784728,0.0,2.5795599351978042,3.0002052133513804,16.24774587726455
1.0008030370187577,0.0,0.0037610434573931467,0.0,0.03234445809784728,0.0,2.576130626136917,3.000204693470705,15.935944100330396
1.000791271937556,0.0,0.0037492663327561566,0.0,0.032424458097847275,0.0,2.572701955639355,3.0002041827651094,15.629477722928094
1.0007796341262987,0.0,0.0037374810240642224,0.0,0.03250445809784727,0.0,2.5692741373346304,3.0002036811558037,15.328246747607189
1.000768122840955,0.0,0.003725688723155904,0.0,0.03258445809784727,0.0,2.565847382828889,3.0002031885636873,15.032153076917698
1.000756737325697,0.0,0.0037138906050168015,0.0,0.032664458097847265,0.0,2.5624219016517005,3.0002027049093747,14.741100478052793
1.0007454768133224,0.0,0.0037020878276713648,0.0,0.03274445809784726,0.0,2.5589979012047226,3.000202230113225,14.45499454790189
1.0007343405256781,0.0,0.0036902815320867173,0.0,0.03282445809784726,0.0,2.555575586712655,3.0002017640953698,14.173742678623512
1.0007233276740832,0.0,0.0036784728420860163,0.0,0.032904458097847256,0.0,2.552155161176243,3.0002013067757347,13.897254023580128
1.0007124374597507,0.0,0.0036666628642731923,0.0,0.03298445809784725,0.0,2.5487368253274836,3.000200858074072,13.62543946376346
1.0007016690742052,0.0,0.003654852687967412,0.0,0.03306445809784725,0.0,2.5453207775867424,3.000200417909985,13.358211574570255
1.0006910216997045,0.0,0.0036430433851487036,0.0,0.033144458097847246,0.0,2.541907214022367,3.000199986202947,13.095484593081821
1.000680494509649,0.0,0.003631236010412519,0.0,0.03322445809784724,0.0,2.53849632831191,3.000199562872338,12.837174385688755
1.0006700866690055,0.0,0.0036194316009357666,0.0,0.03330445809784724,0.0,2.5350883117061365,3.000199147837458,12.583198416067987
1.0006597973347053,0.0,0.0036076311764510357,0.0,0.033384458097847236,0.0,2.531683352994336,3.0001987410175617,12.333475713704487
1.000649625656061,0.0,0.0035958357392316576,0.0,0.03346445809784723,0.0,2.5282816384723623,3.0001983423318728,12.087926842596563
1.0006395707751663,0.0,0.003584046274085756,0.0,0.03354445809784723,0.0,2.5248833519124774,3.0001979516996142,11.84647387049602
1.000629631827296,0.0,0.0035722637483595232,0.0,0.033624458097847226,0.0,2.5214886745352025,3.0001975690400298,11.609040338338879
1.0006198079413056,0.0,0.0035604891119497112,0.0,0.03370445809784722,0.0,2.5180977849833677,3.0001971942724044,11.375551230168387
1.0006100982400197,0.0,0.0035487232973247127,0.0,0.03378445809784722,0.0,2.5147108592979635,3.0001968273160884,11.145932943274932
1.0006005018406217,0.0,0.0035369672195545462,0.0,0.033864458097847217,0.0,2.51132807089618,3.0001964680905187,10.920113258701761
1.0005910178550383,0.0,0.0035252217763492725,0.0,0.03394445809784721,0.0,2.507949590551316,3.00019611651524,10.698021311962798
1.0005816453903147,0.0,0.003513487848105212,0.0,0.03402445809784721,0.0,2.50457558637452,3.0001957725099246,10.47958756416633
1.0005723835489901,0.0,0.0035017662979598243,0.0,0.03410445809784721,0.0,2.5012062237986705,3.0001954359943945,10.264743773236805
1.0005632314294657,0.0,0.003490057971853834,0.0,0.0341844580978472,0.0,2.497841665563926,3.0001951068886408,10.053422965471405
1.0005541881263662,0.0,0.0034783636986006907,0.0,0.0342644580978472,0.0,2.4944820717051615,3.0001947851128405,9.845559407259199
1.0005452527308978,0.0,0.0034666842899642477,0.0,0.0343444580978472,0.0,2.4911275995413,3.0001944705873793,9.641088576968922
1.0005364243311978,0.0,0.0034550205407422514,0.0,0.034424458097847194,0.0,2.487778403666246,3.000194163232865,9.439947137010286
1.0005277020126835,0.0,0.0034433732288579617,0.0,0.03450445809784719,0.0,2.484434635941856,3.0001938629701512,9.242072905967039
1.0005190848583863,0.0,0.003431743115456971,0.0,0.03458445809784719,0.0,2.481096445492164,3.000193569720349,9.047404830863158
1.0005105719492893,0.0,0.0034201309450116266,0.0,0.034664458097847184,0.0,2.4777639786997,3.0001932834048475,8.855882959430662
1.0005021623646517,0.0,0.0034085374454307965,0.0,0.03474445809784718,0.0,2.4744373792031724,3.0001930039453275,8.667448412340491
1.0004938551823306,0.0,0.003396963328175486,0.0,0.03482445809784718,0.0,2.471116787896819,3.0001927312637817,8.482043355483302
1.0004856494790935,0.0,0.0033854092883807323,0.0,0.034904458097847174,0.0,2.4678023429313036,3.0001924652825225,8.29961097200777
1.0004775443309262,0.0,0.003373876004981966,0.0,0.03498445809784717,0.0,2.46449417971606,3.000192205924206,8.120095434320874
1.0004695388133333,0.0,0.0033623641408471396,0.0,0.03506445809784717,0.0,2.4611924309231585,3.000191953111838,7.943441875748983
1.0004616320016346,0.0,0.0033508743429138885,0.0,0.035144458097847164,0.0,2.4578972264925976,3.0001917067687933,7.769596361907707
1.0004538229712483,0.0,0.003339407242330454,0.0,0.03522445809784716,0.0,2.45460869363888,3.0001914668188276,7.598505861747697
1.000446110797975,0.0,0.0033279634546022757,0.0,0.03530445809784716,0.0,2.4513269568590403,3.0001912331860887,7.430118218001512
1.0004384945582683,0.0,0.0033165435797416734,0.0,0.035384458097847155,0.0,2.448052137941831,3.0001910057951315,7.264382117127372
1.000430973329504,0.0,0.0033051482024221935,0.0,0.03546445809784715,0.0,2.44478435597826,3.0001907845709272,7.101247058456478
1.0004235461902393,0.0,0.00329377789213661,0.0,0.03554445809784715,0.0,2.441523727373356,3.000190569438879,6.940663322496887
1.0004162122204665,0.0,0.0032824332033580127,0.0,0.035624458097847145,0.0,2.4382703658589593,3.0001903603248268,6.78258193821676
1.0004089705018553,0.0,0.0032711146757048374,0.0,0.03570445809784714,0.0,2.4350243825076974,3.000190157155063,6.62695464921309
1.0004018201179978,0.0,0.003259822834108516,0.0,0.03578445809784714,0.0,2.4317858857481065,3.0001899598563413,6.473733878257548
1.0003947601546366,0.0,0.0032485581889841637,0.0,0.035864458097847135,0.0,2.428554981380727,3.0001897683558867,6.3228726904357835
1.000387789699892,0.0,0.0032373212364041246,0.0,0.03594445809784713,0.0,2.4253317725951287,3.0001895825814,6.174324754153719
1.0003809078444807,0.0,0.003226112458273193,0.0,0.03602445809784713,0.0,2.4221163599879767,3.000189402461074,6.028044300134162
1.0003741136819266,0.0,0.0032149323225075612,0.0,0.036104458097847125,0.0,2.418908841581964,3.000189227923597,5.883986077481456
1.0003674063087664,0.0,0.003203781283214127,0.0,0.03618445809784712,0.0,2.4157093128456233,3.0001890588981617,5.742105307063063
1.0003607848247502,0.0,0.003192659780873113,0.0,0.03626445809784712,0.0,2.4125178667139395,3.0001888953144737,5.602357630965384
1.0003542483330292,0.0,0.00318156824252134,0.0,0.036344458097847115,0.0,2.409334593609774,3.0001887371027562,5.46469905819178
1.0003477959403442,0.0,0.0031705070819377547,0.0,0.03642445809784711,0.0,2.406159581466004,3.0001885841937592,5.329085905170189
1.0003414267572022,0.0,0.0031594766998295984,0.0,0.03650445809784711,0.0,2.4029929157483996,3.000188436518765,5.1954747308608535
1.0003351398980507,0.0,0.003148477484020525,0.0,0.036584458097847106,0.0,2.3998346794791416,3.000188294009594,5.063822264974187
1.000328934481442,0.0,0.0031375098096388583,0.0,0.0366644580978471,0.0,2.396684953260978,3.0001881565986075,4.934085328580709
1.0003228096301913,0.0,0.003126574039307076,0.0,0.0367444580978471,0.0,2.3935438153019315,3.0001880242187196,4.806220745460401
1.000316764471534,0.0,0.003115670523332421,0.0,0.036824458097847096,0.0,2.3904113414406836,3.0001878968033924,4.680185242243908
1.0003107981372685,0.0,0.0031047995998970605,0.0,0.03690445809784709,0.0,2.3872876051723195,3.000187774286651,4.555935335958198
1.0003049097638996,0.0,0.0030939615952491786,0.0,0.03698445809784709,0.0,2.384172677674638,3.00018765660308,4.433427205856278
1.0002990984927735,0.0,0.003083156823894333,0.0,0.037064458097847086,0.0,2.3810666278349526,3.0001875436878276,4.312616546665463
1.0002933634702051,0.0,0.00307238558878673,0.0,0.03714445809784708,0.0,2.3779695222771835,3.0001874354766143,4.193458399584102
1.000287703847603,0.0,0.0030616481815203085,0.0,0.03722445809784708,0.0,2.3748814253894586,3.0001873319057295,4.075906956051458
1.0002821187815878,0.0,0.003050944882520074,0.0,0.037304458097847076,0.0,2.3718023993520294,3.000187232912039,3.9599153286056934
1.000276607434101,0.0,0.0030402759612323895,0.0,0.03738445809784707,0.0,2.368732504165381,3.0001871384329846,3.845435281280735
1.0002711689725152,0.0,0.0030296416763157595,0.0,0.03746445809784707,0.0,2.3656717976789,3.000187048406589,3.7324169100190128
1.0002658025697324,0.0,0.003019042275830238,0.0,0.03754445809784707,0.0,2.3626203356194755,3.0001869627714544,3.6208082611345818
1.0002605074042819,0.0,0.0030084779974267183,0.0,0.03762445809784706,0.0,2.359578171620633,3.0001868814667656,3.510554871625061
1.0002552826604092,0.0,0.002997949068535225,0.0,0.03770445809784706,0.0,2.3565453572516524,3.0001868044322917,3.4015992113008684
1.0002501275281628,0.0,0.0029874557065523674,0.0,0.03778445809784706,0.0,2.3535219420469597,3.000186731608387,3.2938799986597687
1.000245041203475,0.0,0.0029769981190278802,0.0,0.037864458097847054,0.0,2.350507973535682,3.0001866629359903,3.1873313544814694
1.000240022888235,0.0,0.002966576503850127,0.0,0.03794445809784705,0.0,2.3475034972712367,3.000186598356628,3.0818817425565355
1.0002350717903632,0.0,0.0029561910494303716,0.0,0.03802445809784705,0.0,2.344508556861131,3.0001865378124117,2.9774526290580043
1.0002301871238772,0.0,0.0029458419348861024,0.0,0.038104458097847044,0.0,2.341523193996794,3.000186481246039,2.873956762998775
1.0002253681089506,0.0,0.0029355293302224493,0.0,0.03818445809784704,0.0,2.3385474484833817,3.0001864286007955,2.7712959406813287
1.0002206139719738,0.0,0.002925253396513086,0.0,0.03826445809784704,0.0,2.3355813582697915,3.0001863798205513,2.669358049559694
1.000215923945605,0.0,0.0029150142860790667,0.0,0.038344458097847034,0.0,2.3326249594784745,3.0001863348497606,2.5680130910438415
1.0002112972688197,0.0,0.002904812142666259,0.0,0.03842445809784703,0.0,2.3296782864354033,3.000186293633464,2.4671077162563666
1.0002067331869553,0.0,0.00289464710162126,0.0,0.03850445809784703,0.0,2.3267413716999514,3.0001862561172836,2.366457540314445
1.0002022309517529,0.0,0.002884519290066067,0.0,0.038584458097847024,0.0,2.3238142460946825,3.000186222247423,2.265836027899442
1.0001977898213916,0.0,0.0028744288270701308,0.0,0.03866445809784702,0.0,2.3208969387351734,3.0001861919706685,2.164957892095691
1.000193409060525,0.0,0.0028643758238218377,0.0,0.03874445809784702,0.0,2.317989477059604,3.000186165234383,2.0634533024532917
1.000189087940307,0.0,0.002854360383797159,0.0,0.038824458097847014,0.0,2.315091886858408,3.0001861419865077,1.9608258577007405
1.0001848257384218,0.0,0.0028443826029273442,0.0,0.03890445809784701,0.0,2.3122041923036845,3.0001861221755575,1.8563798477840976
1.0001806217391025,0.0,0.002834442569764032,0.0,0.03898445809784701,0.0,2.309326415978581,3.0001861057506223,1.7490841612561852
1.0001764752331517,0.0,0.0028245403656428805,0.0,0.039064458097847005,0.0,2.3064585789063994,3.0001860926613606,1.637289219214886
1.000172385517958,0.0,0.00281467606484531,0.0,0.039144458097847,0.0,2.3036007005796537,3.0001860828580003,1.5180405701049566
1.0001683518975082,0.0,0.0028048497347579974,0.0,0.039224458097847,0.0,2.300752798988936,3.0001860762913357,1.3849438223678958
1.0001643736823966,0.0,0.002795061436030411,0.0,0.039304458097846995,0.0,2.2979148906515423,3.0001860729127228,1.216962581741654
1.000160450189831,0.0,0.0027853112227306134,0.0,0.03938445809784699,0.0,2.295086990639957,3.000186072674078,1.0000301529996238
1.0001565807436381,0.0,0.002775599142498703,0.0,0.03946445809784699,0.0,2.292269112610105,3.0001860755278766,1.0000221121796273
1.0001527646742645,0.0,0.002765925236698447,0.0,0.039544458097846985,0.0,2.2894612688293807,3.0001860814271453,1.000006177194717
1.0001490013187726,0.0,0.0027562895405664175,0.0,0.03962445809784698,0.0,2.2866634702044784,3.0001860903254647,1.0000000000007434
1.0001452900208403,0.0,0.002746692083359742,0.0,0.03970445809784698,0.0,2.2838757263089593,3.000186102176962,1.0000000000137714
1.0001416301307502,0.0,0.0027371328885008894,0.0,0.039784458097846975,0.0,2.2810980454105243,3.000186116936309,1.000003972198586
1.0001380210053847,0.0,0.002727611973721035,0.0,0.03986445809784697,0.0,2.278330434498202,3.000186134558717,1.00000000000729
1.0001344620082107,0.0,0.0027181293512008125,0.0,0.03994445809784697,0.0,2.2755728993090245,3.000186154999938,1.0000027849998636
1.0001309525092703,0.0,0.0027086850277094877,0.0,0.040024458097846966,0.0,2.2728254443546647,3.0001861782162553,1.0000000000048974
1.000127491885161,0.0,0.0026992790047410927,0.0,0.04010445809784696,0.0,2.270088072947654,3.0001862041644842,1.0000000000035554
1.00012407951902,0.0,0.002689911278649604,0.0,0.04018445809784696,0.0,2.2673607872273975,3.0001862328019633,1.000000000003636
1.0001207148005058,0.0,0.00268058184078092,0.0,0.040264458097846956,0.0,2.264643588185832,3.0001862640865578,1.0000000000015186
1.0001173971257726,0.0,0.002671290677603196,0.0,0.04034445809784695,0.0,2.261936475692842,3.0001862979766467,1.000000000004856
1.000114125897453,0.0,0.0026620377708349847,0.0,0.04042445809784695,0.0,2.2592394485214213,3.000186334431128,1.0000060591486697
1.0001109005246274,0.0,0.002652823097571409,0.0,0.040504458097846946,0.0,2.2565525043723706,3.0001863734094076,1.0000021528455207
1.000107720422799,0.0,0.002643646630407632,0.0,0.04058445809784694,0.0,2.25387563989893,3.0001864148713997,1.0000000000052813
1.0001045850138666,0.0,0.00263450833756093,0.0,0.04066445809784694,0.0,2.2512088507308636,3.000186458777518,0.9999999999999359
1.0001014937260948,0.0,0.0026254081829903426,0.0,0.040744458097846936,0.0,2.248552131498371,3.000186505088677,1.0000000000033753
1.0000984459940805,0.0,0.0026163461265138843,0.0,0.04082445809784693,0.0,2.2459054758557015,3.0001865537662833,1.0000000000001743
1.0000954412587224,0.0,0.0026073221239241644,0.0,0.04090445809784693,0.0,2.243268876504368,3.0001866047722348,1.0000044023738726
1.000092478967187,0.0,0.0025983361271017915,0.0,0.040984458097846926,0.0,2.2406423252160588,3.0001866580689134,0.9999999999999127
1.0000895585728717,0.0,0.0025893880841265956,0.0,0.04106445809784692,0.0,2.238025812855289,3.0001867136191827,1.0000031276914594
1.0000866795353707,0.0,0.0025804779393869006,0.0,0.04114445809784692,0.0,2.2354193294016858,3.0001867713863812,1.0000000000034412
1.0000838413204365,0.0,0.0025716056336866195,0.0,0.04122445809784692,0.0,2.232822863971937,3.0001868313343216,1.0000000000013702
1.0000810433999399,0.0,0.002562771104350526,0.0,0.04130445809784691,0.0,2.23023640484148,3.0001868934272835,1.0000039725127408
1.0000782852518337,0.0,0.0025539742853274154,0.0,0.04138445809784691,0.0,2.2276599394657763,3.000186957630011,1.000001316043444
1.0000755663601093,0.0,0.0025452151072913134,0.0,0.04146445809784691,0.0,2.2250934545013443,3.0001870239077046,1.000003985122258
1.0000728862147572,0.0,0.0025364934977407166,0.0,0.041544458097846904,0.0,2.2225369358264278,3.000187092226022,1.000001461564086
1.0000702443117235,0.0,0.002527809381095753,0.0,0.0416244580978469,0.0,2.2199903685613505,3.0001871625510685,1.0000037005272453
1.0000676401528688,0.0,0.0025191626787936655,0.0,0.0417044580978469,0.0,2.2174537370885146,3.000187234849397,1.0000000000010503
1.0000650732459218,0.0,0.002510553309382274,0.0,0.041784458097846894,0.0,2.214927025072213,3.0001873090879996,1.0000000000015954
1.000062543104437,0.0,0.0025019811886112593,0.0,0.04186445809784689,0.0,2.2124102154778673,3.0001873852343057,1.0000034058680014
1.00006004924775,0.0,0.0024934462295223255,0.0,0.04194445809784689,0.0,2.2099032905912153,3.0001874632561774,1.0000020039927744
1.0000575912009295,0.0,0.002484948342536673,0.0,0.042024458097846884,0.0,2.207406232037,3.0001875431219025,1.0000011525066022
1.0000551684947354,0.0,0.002476487435541111,0.0,0.04210445809784688,0.0,2.204919020797464,3.0001876248001933,1.0000000000020102
1.0000527806655648,0.0,0.002468063413972396,0.0,0.04218445809784688,0.0,2.2024416372303617,3.00018770826018,1.0000000000006197
1.000050427255414,0.0,0.002459676180899579,0.0,0.042264458097846874,0.0,2.199974061086883,3.0001877934714085,1.0000010812092672
1.000048107811824,0.0,0.0024513256371048006,0.0,0.04234445809784687,0.0,2.1975162715290417,3.0001878804038307,1.0000033519695204
1.0000458218878359,0.0,0.002443011681162257,0.0,0.04242445809784687,0.0,2.195068247146909,3.0001879690278064,1.000000785755101
1.0000435690419411,0.0,0.0024347342095153296,0.0,0.042504458097846864,0.0,2.1926299659755664,3.0001880593140955,1.000000911274726
1.0000413488380342,0.0,0.0024264931165523785,0.0,0.04258445809784686,0.0,2.1902014055114942,3.000188151233855,1.0000000000004357
1.0000391608453616,0.0,0.002418288294680499,0.0,0.04266445809784686,0.0,2.1877825427290403,3.0001882447586308,1.0000042892370415
1.0000370046384766,0.0,0.0024101196343980693,0.0,0.042744458097846855,0.0,2.185373354096199,3.000188339860358,0.9999999999999538
1.0000348797971854,0.0,0.0024019870243652346,0.0,0.04282445809784685,0.0,2.18297381559044,3.000188436511356,1.000000000002639
1.0000327859065,0.0,0.0023938903514730283,0.0,0.04290445809784685,0.0,2.1805839027140075,3.000188534684322,1.0000000000004599
1.0000307225565888,0.0,0.0023858295009109754,0.0,0.042984458097846845,0.0,2.17820359050907,3.000188634352325,1.0000000000005556
1.0000286893427266,0.0,0.0023778043562332095,0.0,0.04306445809784684,0.0,2.175832853572426,3.0001887354888077,1.0000017176404892
1.000026685865244,0.0,0.0023698147994228222,0.0,0.04314445809784684,0.0,2.1734716660700713,3.0001888380675745,1.0000033145127096
1.0000247117294767,0.0,0.0023618607109549363,0.0,0.043224458097846835,0.0,2.171120001751456,3.0001889420627963,1.0000051152976792
1.0000227665457186,0.0,0.0023539419698583143,0.0,0.04330445809784683,0.0,2.168777833963385,3.0001890474489947,1.0000047413985376
1.0000208499291678,0.0,0.002346058453775391,0.0,0.04338445809784683,0.0,2.1664451356637326,3.0001891542010495,1.0000000000034976
1.0000189614998811,0.0,0.0023382100390210705,0.0,0.043464458097846825,0.0,2.1641218794348567,3.000189262294186,1.0000000000008753
1.0000171008827186,0.0,0.002330396600639948,0.0,0.04354445809784682,0.0,2.161808037496645,3.0001893717039767,1.0000018663531545
1.0000152677072989,0.0,0.0023226180124623083,0.0,0.04362445809784682,0.0,2.1595035817195485,3.000189482406331,1.0000023306302086
1.0000134616079466,0.0,0.0023148741471588547,0.0,0.043704458097846816,0.0,2.1572084836369703,3.0001895943774977,1.000001600501982
1.0000116822236422,0.0,0.0023071648762937784,0.0,0.04378445809784681,0.0,2.154922714457809,3.0001897075940547,1.000001570009376
1.000009929197974,0.0,0.0022994900703768406,0.0,0.04386445809784681,0.0,2.1526462450785133,3.0001898220329086,0.9999999999996739
1.0000082021790877,0.0,0.002291849598914206,0.0,0.043944458097846806,0.0,2.150379046094765,3.0001899376712937,1.0000000000012281
1.0000065008196364,0.0,0.0022842433304577528,0.0,0.0440244580978468,0.0,2.148121087813297,3.0001900544867586,1.0000015242977347
1.0000048247767326,0.0,0.0022766711326535345,0.0,0.0441044580978468,0.0,2.1458723402630366,3.0001901724571707,1.000000000001394
1.0000031737118986,0.0,0.002269132872288539,0.0,0.044184458097846796,0.0,2.1436327732063796,3.000190291560711,1.0000036935566274
1.0000015472910189,0.0,0.002261628415336849,0.0,0.04426445809784679,0.0,2.1414023561499267,3.0001904117758653,1.0000000000009714
0.9999999451842871,0.0,0.0022541576270041453,0.0,0.04434445809784679,0.0,2.1391810583551805,3.0001905330814265,1.000000000000381
0.9999983670661635,0.0,0.0022467203717713483,0.0,0.044424458097846786,0.0,2.136968848848992,3.0001906554564854,1.0000025699546535
0.9999968126153236,0.0,0.002239316513437271,0.0,0.04450445809784678,0.0,2.134765696433508,3.0001907788804316,1.00000000000088
0.9999952815146094,0.0,0.0022319459151596862,0.0,0.04458445809784678,0.0,2.1325715696964087,3.0001909033329457,1.0000000000007188
0.9999937734509825,0.0,0.0022246084394957357,0.0,0.044664458097846776,0.0,2.130386437020502,3.000191028793999,1.1465676908322162
0.9999922881154808,0.0,0.0022173039484413705,0.0,0.04474445809784677,0.0,2.1282102665931433,3.0001911552438467,1.2253821425548084
0.9999908252031622,0.0,0.002210032303469226,0.0,0.04482445809784677,0.0,2.1260430264157453,3.0001912826630273,1.2870778339611446
0.9999893844130674,0.0,0.0022027933655662025,0.0,0.04490445809784677,0.0,2.123884684312629,3.0001914110323558,1.3404364897452783
0.9999879654481666,0.0,0.002195586995269476,0.0,0.04498445809784676,0.0,2.1217352079400746,3.000191540332923,1.3885791809819479
0.9999865680153162,0.0,0.0021884130527017568,0.0,0.04506445809784676,0.0,2.1195945647949355,3.0001916705460903,1.4330438112897135
0.9999851918252126,0.0,0.0021812713976058448,0.0,0.04514445809784676,0.0,2.1174627222230367,3.000191801653485,1.4747213257719487
0.9999838365923465,0.0,0.0021741618893776453,0.0,0.045224458097846754,0.0,2.1153396474276205,3.000191933637,1.5141817907719006
0.9999825020349563,0.0,0.0021670843870990404,0.0,0.04530445809784675,0.0,2.1132253074772502,3.0001920664787893,1.5518155763579595
0.9999811878749848,0.0,0.0021600387495690774,0.0,0.04538445809784675,0.0,2.111119669313918,3.00019220016126,1.5879035835275692
0.9999798938380339,0.0,0.0021530248353351295,0.0,0.045464458097846744,0.0,2.109022699760486,3.000192334667079,1.6226557545038007
0.9999786196533197,0.0,0.0021460425027224877,0.0,0.04554445809784674,0.0,2.1069343655283883,3.000192469979157,1.6562337837642693
0.9999773650536299,0.0,0.0021390916098633903,0.0,0.04562445809784674,0.0,2.1048546332249756,3.000192606080657,1.6887652900123649
0.999976129775279,0.0,0.002132172014725387,0.0,0.045704458097846734,0.0,2.1027834693606384,3.0001927429549813,1.7203530692407654
0.9999749135580653,0.0,0.0021252835751386246,0.0,0.04578445809784673,0.0,2.1007208403557858,3.000192880585776,1.7510813643194134
0.9999737161452293,0.0,0.002118426148822729,0.0,0.04586445809784673,0.0,2.098666712547626,3.000193018956923,1.781020246796952
0.9999725372834091,0.0,0.0021115995934123458,0.0,0.045944458097846724,0.0,2.0966210521970012,3.0001931580525367,1.8102287608553147
0.9999713767225991,0.0,0.0021048037664824844,0.0,0.04602445809784672,0.0,2.0945838254946754,3.0001932978569665,1.8387572304617885
0.9999702342161098,0.0,0.002098038525572919,0.0,0.04610445809784672,0.0,2.092554998567839,3.0001934383547852,1.8666489859472488
0.9999691095205239,0.0,0.0020913037282118668,0.0,0.046184458097846715,0.0,2.0905345374860587,3.000193579530792,1.8939416785013314
0.999968002395657,0.0,0.0020845992319388673,0.0,0.04626445809784671,0.0,2.08852240826754,3.0001937213700107,1.9206682962280874
0.9999669126045166,0.0,0.002077924894327282,0.0,0.04634445809784671,0.0,2.0865185768847985,3.000193863857678,1.9468579600406324
0.999965839913262,0.0,0.0020712805730057956,0.0,0.046424458097846705,0.0,2.0845230092705003,3.0001940069792523,1.9725365548666898
0.999964784091165,0.0,0.00206466612567951,0.0,0.0465044580978467,0.0,2.0825356713229355,3.0001941507204006,1.9977272355716578
0.9999637449105665,0.0,0.002058081410150086,0.0,0.0465844580978467,0.0,2.0805565289115675,3.0001942950670015,2.0224508366287197
0.9999627221468442,0.0,0.0020515262843356983,0.0,0.046664458097846695,0.0,2.078585547882199,3.00019444000514,2.0467262065792147
0.9999617155783695,0.0,0.0020450006062901873,0.0,0.04674445809784669,0.0,2.0766226940621038,3.0001945855211063,2.0705704836371583
0.9999607249864698,0.0,0.002038504234221448,0.0,0.04682445809784669,0.0,2.0746679332650815,3.0001947316013924,2.0939993243319663
0.999959750155391,0.0,0.0020320370265092926,0.0,0.046904458097846685,0.0,2.0727212312964847,3.0001948782326866,2.1170270945495018
0.9999587908722595,0.0,0.002025598841723045,0.0,0.04698445809784668,0.0,2.0707825539577174,3.000195025401876,2.139667030159543
0.9999578469270466,0.0,0.002019189538638348,0.0,0.04706445809784668,0.0,2.0688518670509612,3.000195173096039,2.1619313729308063
0.9999569181125302,0.0,0.0020128089762533816,0.0,0.047144458097846675,0.0,2.0669291363836226,3.0001953213024466,2.1838314861169614
0.9999560042242586,0.0,0.002006457013804489,0.0,0.04722445809784667,0.0,2.0650143277729125,3.0001954700085554,2.2053779533358018
0.9999551050605163,0.0,0.002000133510781753,0.0,0.04730445809784667,0.0,2.063107407049798,3.000195619202009,2.226580663435189
0.9999542204222854,0.0,0.0019938383269434384,0.0,0.047384458097846666,0.0,2.06120834006336,3.0001957688706336,2.2474488838529667
0.9999533501132144,0.0,0.0019875713223304974,0.0,0.04746445809784666,0.0,2.0593170926846334,3.000195919002435,2.2679913240793925
0.9999524939395782,0.0,0.001981332357280041,0.0,0.04754445809784666,0.0,2.057433630810766,3.000196069585599,2.288216191035653
0.9999516517102509,0.0,0.001975121292439029,0.0,0.047624458097846656,0.0,2.05555792036851,3.0001962206084847,2.3081312372697433
0.9999508232366641,0.0,0.0019689379887767723,0.0,0.04770445809784665,0.0,2.0536899273182265,3.000196372059623,2.327743803435118
0.9999500083327786,0.0,0.001962782307597519,0.0,0.04778445809784665,0.0,2.0518296176571833,3.0001965239277193,2.3470608554477175
0.9999492068150491,0.0,0.001956654110552457,0.0,0.047864458097846646,0.0,2.0499769574232527,3.0001966762016443,2.3660890174371425
0.9999484185023915,0.0,0.0019505532596511197,0.0,0.04794445809784664,0.0,2.048131912698173,3.000196828870435,2.3848346008623875
0.999947643216151,0.0,0.0019444796172726894,0.0,0.04802445809784664,0.0,2.046294449610883,3.0001969819232914,2.403303630361762
0.9999468807800702,0.0,0.0019384330461766728,0.0,0.048104458097846636,0.0,2.0444645343406402,3.0001971353495773,2.4215018667936135
0.999946131020255,0.0,0.0019324134095131068,0.0,0.04818445809784663,0.0,2.04264213312029,3.000197289138812,2.4394348278515396
0.9999453937651472,0.0,0.001926420570832831,0.0,0.04826445809784663,0.0,2.0408272122389297,3.0001974432806735,2.4571078064263667
0.99994466884549,0.0,0.0019204543940967655,0.0,0.048344458097846627,0.0,2.039019738045194,3.0001975977649953,2.4745258871989018
0.9999439560943002,0.0,0.0019145147436853338,0.0,0.04842445809784662,0.0,2.037219676949829,3.0001977525817614,2.491693961500449
0.9999432553468344,0.0,0.0019086014844071576,0.0,0.04850445809784662,0.0,2.035426995428569,3.0001979077211067,2.5086167407668167
0.9999425664405635,0.0,0.0019027144815079008,0.0,0.04858445809784662,0.0,2.033641660024498,3.000198063173314,2.5252987686410755
0.99994188921514,0.0,0.0018968536006780902,0.0,0.048664458097846613,0.0,2.031863637351054,3.000198218928814,2.5417444320025986
0.9999412235123704,0.0,0.0018910187080611609,0.0,0.04874445809784661,0.0,2.0300928940942398,3.000198374978179,2.5579579709696434
0.9999405691761842,0.0,0.0018852096702610477,0.0,0.04882445809784661,0.0,2.0283293970149305,3.000198531312124,2.57394348796734
0.9999399260526103,0.0,0.0018794263543493385,0.0,0.048904458097846604,0.0,2.0265731129514677,3.000198687921508,2.589704956021688
0.9999392939897418,0.0,0.0018736686278721314,0.0,0.0489844580978466,0.0,2.0248240088217853,3.00019884479732,2.6052462263726186
0.9999386728377146,0.0,0.0018679363588568168,0.0,0.0490644580978466,0.0,2.0230820516255252,3.0001990019306928,2.620571035354109
0.9999380624486779,0.0,0.0018622294158184259,0.0,0.049144458097846594,0.0,2.0213472084462025,3.0001991593128885,2.63568301077066
0.999937462676765,0.0,0.0018565476677655567,0.0,0.04922445809784659,0.0,2.019619446453224,3.0001993169353045,2.650585677773167
0.9999368733780694,0.0,0.0018508909842062547,0.0,0.04930445809784659,0.0,2.0178987329039026,3.0001994747894676,2.665282464198264
0.9999362944106173,0.0,0.0018452592351535196,0.0,0.049384458097846584,0.0,2.0161850351453503,3.0001996328670324,2.6797767055536443
0.9999357256343413,0.0,0.0018396522911306487,0.0,0.04946445809784658,0.0,2.0144783206161745,3.0001997911597815,2.6940716495830053
0.9999351669110557,0.0,0.001834070023176159,0.0,0.04954445809784658,0.0,2.0127785568484073,3.0001999496596214,2.7081704604952184
0.9999346181044293,0.0,0.001828512302848639,0.0,0.049624458097846574,0.0,2.0110857114690996,3.0002001083585843,2.722076222921684
0.9999340790799627,0.0,0.0018229790022311885,0.0,0.04970445809784657,0.0,2.0093997522021088,3.0002002672488204,2.735791945530618
0.9999335497049612,0.0,0.0018174699939358663,0.0,0.04978445809784657,0.0,2.00772064686945,3.000200426322603,2.7493205644310987
0.9999330298485118,0.0,0.001811985151107622,0.0,0.049864458097846565,0.0,2.006048363393054,3.00020058557232,2.762664946321032
0.9999325193814584,0.0,0.0018065243474282347,0.0,0.04994445809784656,0.0,2.0043828697961508,3.000200744990478,2.775827891432427
0.9999320181763794,0.0,0.0018010874571199788,0.0,0.05002445809784656,0.0,2.0027241342045925,3.0002009045697005,2.7888121362664497
0.9999315261075613,0.0,0.0017956743549490724,0.0,0.050104458097846555,0.0,2.0010721248482723,3.000201064302719,2.8016203561647384
0.9999310430509794,0.0,0.001790284916228835,0.0,0.05018445809784655,0.0,1.999426810062468,3.0002012241823803,2.8142551677001557
0.9999305688842708,0.0,0.0017849190168228108,0.0,0.05026445809784655,0.0,1.9977881582890473,3.00020138420164,2.8267191309875184
0.999930103486715,0.0,0.0017795765331475306,0.0,0.050344458097846545,0.0,1.9961561380777815,3.0002015443535623,2.8390147517042426
0.9999296467392098,0.0,0.0017742573421752853,0.0,0.05042445809784654,0.0,1.9945307180873078,3.0002017046313174,2.8511444831712494
0.9999291985242512,0.0,0.001768961321436612,0.0,0.05050445809784654,0.0,1.9929118670863224,3.000201865028184,2.8631107281452577
0.9999287587259085,0.0,0.0017636883490225275,0.0,0.050584458097846535,0.0,1.991299553954614,3.00020202553754,2.8749158406423603
0.9999283272298065,0.0,0.001758438303586722,0.0,0.05066445809784653,0.0,1.989693747684126,3.000202186152869,2.886562127595673
0.9999279039231014,0.0,0.0017532110643474976,0.0,0.05074445809784653,0.0,1.988094417379957,3.0002023468677548,2.898051850387702
0.9999274886944612,0.0,0.0017480065110896106,0.0,0.050824458097846525,0.0,1.9865015322611999,3.00020250767588,2.9093872263808094
0.999927081434046,0.0,0.00174282452416602,0.0,0.05090445809784652,0.0,1.9849150616617395,3.0002026685710264,2.9205704303090005
0.9999266820334862,0.0,0.0017376649844992162,0.0,0.05098445809784652,0.0,1.9833349750313425,3.0002028295470713,2.931603595599322
0.999926290385863,0.0,0.0017325277735827614,0.0,0.051064458097846516,0.0,1.981761241936181,3.0002029905979883,2.9424888156752442
0.9999259063856883,0.0,0.0017274127734824435,0.0,0.05114445809784651,0.0,1.9801938320596946,3.000203151717845,2.9532281451262334
0.9999255299288865,0.0,0.0017223198668372497,0.0,0.05122445809784651,0.0,1.978632715203582,3.0002033129008003,2.9638236008638654
0.9999251609127733,0.0,0.0017172489368605705,0.0,0.051304458097846506,0.0,1.977077861287875,3.0002034741411068,2.9742771632222498
0.9999247992360385,0.0,0.0017121998673407875,0.0,0.0513844580978465,0.0,1.975529240352182,3.0002036354331043,2.9845907769760447
0.9999244447987256,0.0,0.0017071725426420423,0.0,0.0514644580978465,0.0,1.9739868225559982,3.0002037967712236,2.9947663523583725
0.999924097502214,0.0,0.0017021668477048058,0.0,0.051544458097846496,0.0,1.972450578179321,3.000203958149982,3.004805765996233
0.9999237572492032,0.0,0.0016971826680464738,0.0,0.05162445809784649,0.0,1.9709204776231346,3.0002041195639833,3.0147108617817864
0.9999234239436902,0.0,0.001692219889761411,0.0,0.05170445809784649,0.0,1.9693964914101536,3.000204281007916,3.024483451775181
0.999923097490954,0.0,0.0016872783995214315,0.0,0.051784458097846486,0.0,1.9678785901849765,3.0002044424765524,3.0341253170465077
0.9999227777975399,0.0,0.0016823580845756886,0.0,0.05186445809784648,0.0,1.966366744714917,3.000204603964749,3.043638208418711
0.9999224647712398,0.0,0.001677458832751055,0.0,0.05194445809784648,0.0,1.9648609258898353,3.0002047654674415,3.05302384725686
0.9999221583210752,0.0,0.0016725805324515597,0.0,0.05202445809784648,0.0,1.9633611047232293,3.0002049269796465,3.0622839262213577
0.9999218583572826,0.0,0.0016677230726586422,0.0,0.05210445809784647,0.0,1.9618672523519594,3.0002050884964597,3.071420109887818
0.999921564791294,0.0,0.001662886342930454,0.0,0.05218445809784647,0.0,1.9603793400371314,3.0002052500130563,3.0804340355250157
0.9999212775357235,0.0,0.0016580702334019132,0.0,0.05226445809784647,0.0,1.9588973391639017,3.0002054115246866,3.0893273136907005
0.9999209965043478,0.0,0.0016532746347838576,0.0,0.052344458097846464,0.0,1.9574212212420665,3.000205573026678,3.098101528815753
0.9999207216120941,0.0,0.0016484994383627492,0.0,0.05242445809784646,0.0,1.955950957906213,3.000205734514431,3.1067582398905706
0.9999204527750218,0.0,0.0016437445359999208,0.0,0.05250445809784646,0.0,1.9544865209159392,3.000205895983421,3.1152989809794613
0.9999201899103068,0.0,0.0016390098201308986,0.0,0.052584458097846454,0.0,1.9530278821559939,3.000206057429196,3.123725261815017
0.999919932936229,0.0,0.001634295183764568,0.0,0.05266445809784645,0.0,1.9515750136367052,3.000206218847376,3.1320385683117693
0.9999196817721544,0.0,0.0016296005204824075,0.0,0.05274445809784645,0.0,1.950127887493622,3.0002063802336507,3.140240363085117
0.9999194363385213,0.0,0.0016249257244373872,0.0,0.052824458097846444,0.0,1.9486864759883376,3.0002065415837786,3.1483320859977155
0.9999191965568259,0.0,0.0016202706903530907,0.0,0.05290445809784644,0.0,1.9472507515079363,3.000206702893589,3.1563151545945147
0.999918962349608,0.0,0.0016156353135226155,0.0,0.05298445809784644,0.0,1.9458206865654348,3.0002068641589767,3.1641909646059587
0.9999187336404362,0.0,0.0016110194898073416,0.0,0.053064458097846434,0.0,1.9443962537998354,3.000207025375904,3.171960890351131
0.9999185103538939,0.0,0.0016064231156358412,0.0,0.05314445809784643,0.0,1.942977425976018,3.000207186540401,3.1796262852880144
0.9999182924155664,0.0,0.0016018460880024817,0.0,0.05322445809784643,0.0,1.9415641759849778,3.000207347648558,3.187188482315839
0.9999180797520256,0.0,0.0015972883044661716,0.0,0.053304458097846424,0.0,1.9401564768436068,3.0002075086965325,3.1946487942716
0.9999178722908172,0.0,0.0015927496631489596,0.0,0.05338445809784642,0.0,1.9387543016947921,3.000207669680544,3.2020085142997603
0.9999176699604493,0.0,0.0015882300627346065,0.0,0.05346445809784642,0.0,1.937357623807455,3.000207830596874,3.2092689162488144
0.9999174726903766,0.0,0.0015837294024670853,0.0,0.053544458097846415,0.0,1.9359664165762869,3.000207991441866,3.216431255035025
0.9999172804109887,0.0,0.001579247582148962,0.0,0.05362445809784641,0.0,1.9345806535219336,3.0002081522119215,3.223496767074633
0.9999170930535973,0.0,0.0015747845021398953,0.0,0.05370445809784641,0.0,1.933200308290777,3.0002083129035033,3.2304666704954372
0.9999169105504241,0.0,0.001570340063354973,0.0,0.053784458097846405,0.0,1.9318253546548683,3.0002084735131334,3.2373421656799963
0.9999167328345864,0.0,0.0015659141672629267,0.0,0.0538644580978464,0.0,1.9304557665117617,3.000208634037391,3.2441244354700363
0.9999165598400885,0.0,0.0015615067158845511,0.0,0.0539444580978464,0.0,1.9290915178845387,3.0002087944729094,3.2508146454824876
0.9999163915018063,0.0,0.0015571176117908467,0.0,0.054024458097846395,0.0,1.9277325829213947,3.000208954816382,3.257413944543297
0.9999162277554772,0.0,0.0015527467581012181,0.0,0.05410445809784639,0.0,1.926378935895736,3.0002091150645556,3.2639234648675464
0.9999160685376873,0.0,0.001548394058481521,0.0,0.05418445809784639,0.0,1.9250305512060637,3.0002092752142313,3.270344322464232
0.9999159137858618,0.0,0.0015440594171423842,0.0,0.054264458097846385,0.0,1.9236874033753222,3.000209435262265,3.2766776174022727
0.9999157634382501,0.0,0.0015397427388370718,0.0,0.05434445809784638,0.0,1.9223494670514014,3.0002095952055643,3.2829244340549257
0.9999156174339191,0.0,0.0015354439288596234,0.0,0.05442445809784638,0.0,1.9210167170062953,3.0002097550410913,3.2890858414266364
0.9999154757127385,0.0,0.0015311628930429237,0.0,0.054504458097846376,0.0,1.9196891281361845,3.000209914765857,3.2951628934014043
0.9999153382153716,0.0,0.001526899537756524,0.0,0.05458445809784637,0.0,1.9183666754611846,3.0002100743769233,3.3011566290555163
0.9999152048832641,0.0,0.0015226537699046688,0.0,0.05466445809784637,0.0,1.9170493341251345,3.0002102338714045,3.3070680728435056
0.9999150756586325,0.0,0.0015184254969241476,0.0,0.054744458097846366,0.0,1.9157370793952913,3.000210393246462,3.3128982349318448
0.999914950484457,0.0,0.0015142146267824307,0.0,0.05482445809784636,0.0,1.914429886661795,3.000210552499306,3.3186481113660595
0.9999148293044665,0.0,0.001510021067975094,0.0,0.05490445809784636,0.0,1.913127731438097,3.0002107116271968,3.3243186843824235
0.9999147120631319,0.0,0.0015058447295240814,0.0,0.054984458097846356,0.0,1.9118305893597989,3.000210870627439,3.329910922626425
0.9999145987056546,0.0,0.0015016855209752493,0.0,0.05506445809784635,0.0,1.910538436185112,3.0002110294973856,3.3354257813275776
0.9999144891779572,0.0,0.0014975433523962676,0.0,0.05514445809784635,0.0,1.9092512477940753,3.0002111882344344,3.340864202623594
0.9999143834266733,0.0,0.0014934181343743533,0.0,0.055224458097846346,0.0,1.907969000188463,3.00021134683603,3.3462271157160806
0.999914281399138,0.0,0.001489309778014097,0.0,0.05530445809784634,0.0,1.906691669491291,3.000211505299659,3.3515154370836746
0.9999141830433792,0.0,0.0014852181949350425,0.0,0.05538445809784634,0.0,1.9054192319467007,3.0002116636228564,3.3567300707142143
0.9999140883081054,0.0,0.0014811432972695062,0.0,0.055464458097846336,0.0,1.9041516639195437,3.0002118218031946,3.3618719083153703
0.9999139971427018,0.0,0.001477084997660349,0.0,0.05554445809784633,0.0,1.902888941894789,3.0002119798382942,3.3669418294899263
0.9999139094972156,0.0,0.0014730432092584127,0.0,0.05562445809784633,0.0,1.9016310424776444,3.0002121377258146,3.3719407019942818
0.99991382532235,0.0,0.0014690178457203897,0.0,0.05570445809784633,0.0,1.9003779423928149,3.000212295463459,3.3768693818370314
0.9999137445694558,0.0,0.0014650088212064519,0.0,0.05578445809784632,0.0,1.8991296184842466,3.0002124530489684,3.381728713534218
0.9999136671905196,0.0,0.0014610160503777242,0.0,0.05586445809784632,0.0,1.8978860477148218,3.000212610480127,3.38651953030733
0.9999135931381596,0.0,0.0014570394483941406,0.0,0.05594445809784632,0.0,1.8966472071658445,3.0002127677547583,3.391242654215326
0.9999135223656138,0.0,0.001453078930911898,0.0,0.056024458097846314,0.0,1.8954130740367225,3.000212924870724,3.3958988963522563
0.9999134548267323,0.0,0.0014491344140810818,0.0,0.05610445809784631,0.0,1.8941836256446678,3.000213081825925,3.4004890570161557
0.9999133904759703,0.0,0.0014452058145432848,0.0,0.05618445809784631,0.0,1.8929588394240995,3.0002132386183002,3.405013925935325
0.9999133292683782,0.0,0.0014412930494291673,0.0,0.056264458097846304,0.0,1.8917386929264455,3.0002133952458268,3.40947428232787
0.9999132711595948,0.0,0.0014373960363560034,0.0,0.0563444580978463,0.0,1.890523163819557,3.000213551706518,3.4138708951795893
0.9999132161058389,0.0,0.0014335146934253025,0.0,0.0564244580978463,0.0,1.889312229887509,3.000213707998424,3.41820452329467
0.999913164063903,0.0,0.0014296489392203607,0.0,0.056504458097846294,0.0,1.8881058690298347,3.00021386411963,3.422475915564711
0.9999131149911427,0.0,0.001425798692803774,0.0,0.05658445809784629,0.0,1.8869040592613435,3.0002140200682583,3.4266858110141944
0.9999130688454713,0.0,0.0014219638737149518,0.0,0.05666445809784629,0.0,1.8857067787118797,3.0002141758424656,3.430834939047754
0.9999130255853511,0.0,0.0014181444019677222,0.0,0.056744458097846284,0.0,1.8845140056254772,3.000214331440443,3.434924019566889
0.9999129851697887,0.0,0.0014143401980479008,0.0,0.05682445809784628,0.0,1.8833257183600507,3.0002144868604144,3.4389537630297204
0.9999129475583232,0.0,0.0014105511829106483,0.0,0.05690445809784628,0.0,1.8821418953872635,3.00021464210064,3.4429248707464386
0.9999129127110234,0.0,0.0014067772779782182,0.0,0.056984458097846274,0.0,1.8809625152916205,3.0002147971594098,3.446838034932207
0.9999128805884778,0.0,0.0014030184051373326,0.0,0.05706445809784627,0.0,1.879787556770284,3.000214952035047,3.4506939387961086
0.99991285115179,0.0,0.0013992744867367495,0.0,0.05714445809784627,0.0,1.8786169986325663,3.0002151067259097,3.454493256795764
0.9999128243625685,0.0,0.0013955454455847032,0.0,0.057224458097846265,0.0,1.8774508197997242,3.000215261230385,3.458236654700239
0.9999128001829245,0.0,0.0013918312049466793,0.0,0.05730445809784626,0.0,1.8762889993037695,3.0002154155468914,3.4619247897163605
0.9999127785754609,0.0,0.0013881316885425634,0.0,0.05738445809784626,0.0,1.8751315162879865,3.0002155696738777,3.4655583105810277
0.9999127595032684,0.0,0.0013844468205444509,0.0,0.057464458097846255,0.0,1.8739783500057103,3.0002157236098257,3.4691378578249847
0.9999127429299178,0.0,0.0013807765255740572,0.0,0.05754445809784625,0.0,1.8728294798201184,3.0002158773532437,3.472664063762439
0.9999127288194531,0.0,0.0013771207287001672,0.0,0.05762445809784625,0.0,1.8716848852040269,3.0002160309026706,3.4761375526236478
0.9999127171363884,0.0,0.0013734793554363207,0.0,0.057704458097846245,0.0,1.870544545738865,3.0002161842566757,3.4795589407421597
0.9999127078456975,0.0,0.0013698523317381812,0.0,0.05778445809784624,0.0,1.8694084411147533,3.000216337413855,3.482928836649745
0.9999127009128087,0.0,0.0013662395840011038,0.0,0.05786445809784624,0.0,1.8682765511296242,3.0002164903728343,3.486247841116347
0.9999126963036018,0.0,0.0013626410390577672,0.0,0.057944458097846235,0.0,1.867148855689038,3.000216643132265,3.4895165473733964
0.9999126939843994,0.0,0.001359056624175556,0.0,0.05802445809784623,0.0,1.866025334805275,3.0002167956908283,3.49273554111641
0.9999126939219599,0.0,0.0013554862670541153,0.0,0.05810445809784623,0.0,1.8649059685975615,3.0002169480472314,3.4959054007360923
0.9999126960834747,0.0,0.0013519298958228996,0.0,0.058184458097846226,0.0,1.8637907372910223,3.000217100200208,3.499026697302158
0.9999127004365614,0.0,0.0013483874390388718,0.0,0.05826445809784622,0.0,1.8626796212161407,3.0002172521485173,3.5020999947572053
0.9999127069492574,0.0,0.0013448588256837319,0.0,0.05834445809784622,0.0,1.8615726008088314,3.0002174038909457,3.505125849976719
0.9999127155900135,0.0,0.001341343985161729,0.0,0.058424458097846216,0.0,1.8604696566094308,3.000217555426304,3.50810481284977
0.9999127263276922,0.0,0.0013378428472971397,0.0,0.05850445809784621,0.0,1.8593707692623085,3.0002177067534297,3.511037426471858
0.9999127391315584,0.0,0.0013343553423317532,0.0,0.05858445809784621,0.0,1.8582759195156977,3.0002178578711836,3.51392422712027
0.9999127539712744,0.0,0.0013308814009224757,0.0,0.058664458097846206,0.0,1.8571850882207745,3.000218008778451,3.516765744422506
0.999912770816898,0.0,0.0013274209541389356,0.0,0.0587444580978462,0.0,1.8560982563315667,3.0002181594741417,3.5195625014615333
0.9999127896388734,0.0,0.0013239739334610812,0.0,0.0588244580978462,0.0,1.8550154049040735,3.0002183099571895,3.522315014790465
0.9999128104080279,0.0,0.0013205402707766696,0.0,0.058904458097846196,0.0,1.8539365150959626,3.0002184602265505,3.5250237946437144
0.9999128330955663,0.0,0.0013171198983788414,0.0,0.05898445809784619,0.0,1.8528615681663774,3.000218610281206,3.5276893449596476
0.9999128576730671,0.0,0.0013137127489638734,0.0,0.05906445809784619,0.0,1.8517905454747474,3.0002187601201564,3.5303121633766485
0.9999128841124761,0.0,0.0013103187556285925,0.0,0.059144458097846186,0.0,1.8507234284810845,3.0002189097424288,3.5328927415316826
0.9999129123861019,0.0,0.001306937851868136,0.0,0.05922445809784618,0.0,1.8496601987448495,3.0002190591470685,3.535431564946949
0.9999129424666127,0.0,0.0013035699715734609,0.0,0.05930445809784618,0.0,1.848600837924876,3.000219208333146,3.537929113231954
0.9999129743270277,0.0,0.0013002150490289683,0.0,0.05938445809784618,0.0,1.8475453277787215,3.0002193572997493,3.540385860126432
0.9999130079407179,0.0,0.0012968730189102803,0.0,0.05946445809784617,0.0,1.8464936501619662,3.0002195060459913,3.542802273547784
0.9999130432813965,0.0,0.0012935438162816261,0.0,0.05954445809784617,0.0,1.845445787028316,3.000219654571004,3.5451788157813495
0.9999130803231171,0.0,0.0012902273765937051,0.0,0.05962445809784617,0.0,1.8444017204285104,3.0002198028739397,3.54751594344115
0.9999131190402701,0.0,0.001286923635681332,0.0,0.059704458097846164,0.0,1.8433614325100203,3.000219950953971,3.5498141075199094
0.9999131594075743,0.0,0.0012836325297609125,0.0,0.05978445809784616,0.0,1.8423249055166393,3.000220098810292,3.5520737537065785
0.9999132014000763,0.0,0.0012803539954282957,0.0,0.05986445809784616,0.0,1.8412921217880378,3.000220246442114,3.554295322139367
0.9999132449931456,0.0,0.0012770879696564093,0.0,0.059944458097846154,0.0,1.8402630637592028,3.00022039384867,3.556479247698133
0.9999132901624691,0.0,0.0012738343897929548,0.0,0.06002445809784615,0.0,1.8392377139596365,3.00022054102921,3.558625959957056
0.9999133368840476,0.0,0.001270593193557999,0.0,0.06010445809784615,0.0,1.8382160550136355,3.000220687983004,3.5607358834436442
0.9999133851341915,0.0,0.0012673643190418543,0.0,0.060184458097846144,0.0,1.8371980696390227,3.000220834709341,3.5628094373922394
0.9999134348895181,0.0,0.0012641477047027599,0.0,0.06026445809784614,0.0,1.8361837406468575,3.0002209812075273,3.5648470361417575
0.9999134861269451,0.0,0.0012609432893644244,0.0,0.06034445809784614,0.0,1.835173050941457,3.000221127476887,3.5668490889787594
0.9999135388236894,0.0,0.0012577510122140478,0.0,0.060424458097846134,0.0,1.8341659835191777,3.000221273516763,3.5688160003255938
0.9999135929572597,0.0,0.0012545708127998153,0.0,0.06050445809784613,0.0,1.8331625214683824,3.000221419326515,3.570748169756305
0.9999136485054575,0.0,0.0012514026310288294,0.0,0.06058445809784613,0.0,1.8321626479689952,3.000221564905521,3.5726459920216014
0.9999137054463685,0.0,0.0012482464071647856,0.0,0.060664458097846125,0.0,1.8311663462915997,3.000221710253174,3.5745098572756198
0.9999137637583626,0.0,0.0012451020818257982,0.0,0.06074445809784612,0.0,1.830173599797353,3.0002218553688853,3.576340150885832
0.9999138234200876,0.0,0.0012419695959821231,0.0,0.06082445809784612,0.0,1.8291843919373714,3.0002220002520823,3.578137253736887
0.9999138844104665,0.0,0.0012388488909539969,0.0,0.060904458097846115,0.0,1.828198706252306,3.000222144902209,3.5799015421410436
0.9999139467086955,0.0,0.0012357399084095158,0.0,0.06098445809784611,0.0,1.8272165263717497,3.000222289318726,3.581633387916277
0.9999140102942359,0.0,0.001232642590362206,0.0,0.06106445809784611,0.0,1.8262378360139733,3.0002224335011056,3.5833331586246375
0.9999140751468174,0.0,0.0012295568791692362,0.0,0.061144458097846105,0.0,1.8252626189849774,3.000222577448843,3.5850012172788293
0.999914141246428,0.0,0.0012264827175288825,0.0,0.0612244580978461,0.0,1.8242908591787663,3.000222721161442,3.5866379227584826
0.9999142085733163,0.0,0.0012234200484786497,0.0,0.0613044580978461,0.0,1.823322540576055,3.0002228646384252,3.588243629602385
0.9999142771079823,0.0,0.0012203688153929182,0.0,0.061384458097846095,0.0,1.8223576472444192,3.0002230078793284,3.5898186882672025
0.9999143468311804,0.0,0.001217328961981003,0.0,0.06146445809784609,0.0,1.8213961633375952,3.000223150883703,3.591363445023541
0.9999144177239104,0.0,0.001214300432284878,0.0,0.06154445809784609,0.0,1.8204380730949983,3.0002232936511146,3.5928782421196495
0.999914489767419,0.0,0.0012112831706772103,0.0,0.061624458097846085,0.0,1.8194833608411813,3.000223436181144,3.594363417675651
0.9999145629431917,0.0,0.0012082771218590899,0.0,0.06170445809784608,0.0,1.818532010985564,3.0002235784733835,3.595819306035413
0.9999146372329559,0.0,0.0012052822308581343,0.0,0.06178445809784608,0.0,1.8175840080219279,3.0002237205274422,3.5972462374886747
0.999914712618672,0.0,0.0012022984430263115,0.0,0.061864458097846076,0.0,1.8166393365275508,3.000223862342941,3.5986445385163957
0.9999147890825338,0.0,0.0011993257040378348,0.0,0.06194445809784607,0.0,1.8156979811634928,3.0002240039195156,3.6000145318173047
0.9999148666069644,0.0,0.0011963639598872252,0.0,0.06202445809784607,0.0,1.8147599266734256,3.000224145256813,3.6013565362309183
0.9999149451746122,0.0,0.001193413156887114,0.0,0.062104458097846066,0.0,1.8138251578837998,3.000224286354494,3.6026708670004255
0.9999150247683505,0.0,0.0011904732416664152,0.0,0.06218445809784606,0.0,1.8128936597026304,3.0002244272122343,3.603957835671752
0.9999151053712726,0.0,0.001187544161168073,0.0,0.06226445809784606,0.0,1.8119654171199568,3.00022456782972,3.6052177501085803
0.9999151869666906,0.0,0.0011846258626473144,0.0,0.062344458097846056,0.0,1.8110404152063548,3.0002247082066495,3.606450914721023
0.9999152695381297,0.0,0.001181718293669387,0.0,0.06242445809784605,0.0,1.8101186391134625,3.000224848342736,3.607657630276348
0.9999153530693283,0.0,0.001178821402107711,0.0,0.06250445809784605,0.0,1.8092000740730532,3.0002249882377012,3.6088381941408185
0.9999154375442345,0.0,0.0011759351361419217,0.0,0.06258445809784605,0.0,1.8082847053964122,3.0002251278912815,3.6099929002539093
0.9999155229470024,0.0,0.0011730594442558439,0.0,0.06266445809784604,0.0,1.807372518474332,3.000225267303225,3.6111220391248855
0.9999156092619916,0.0,0.0011701942752355822,0.0,0.06274445809784604,0.0,1.8064634987762784,3.000225406473289,3.6122258979269635
0.9999156964737619,0.0,0.0011673395781675222,0.0,0.06282445809784604,0.0,1.8055576318503357,3.000225545401246,3.6133047605090858
0.9999157845670729,0.0,0.0011644953024364968,0.0,0.06290445809784603,0.0,1.8046549033222399,3.0002256840868755,3.6143589074948146
0.9999158735268803,0.0,0.001161661397723743,0.0,0.06298445809784603,0.0,1.8037552988955452,3.000225822529971,3.6153886163037123
0.999915963338333,0.0,0.0011588378140050338,0.0,0.06306445809784603,0.0,1.8028588043506588,3.0002259607303374,3.6163941611022876
0.9999160539867725,0.0,0.0011560245015489168,0.0,0.06314445809784602,0.0,1.801965405544735,3.000226098687787,3.6173758129720626
0.9999161454577282,0.0,0.0011532214109145496,0.0,0.06322445809784602,0.0,1.8010750884112732,3.000226236402147,3.6183338399412133
0.9999162377369168,0.0,0.0011504284929501256,0.0,0.06330445809784602,0.0,1.8001878389591943,3.0002263738732498,3.6192685068422383
0.9999163308102386,0.0,0.00114764569879078,0.0,0.06338445809784601,0.0,1.7993036432731095,3.0002265111009447,3.6201800756525095
0.9999164246637758,0.0,0.0011448729798568455,0.0,0.06346445809784601,0.0,1.798422487512311,3.0002266480850848,3.6210688052101356
0.9999165192837912,0.0,0.001142110287852023,0.0,0.06354445809784601,0.0,1.7975443579107258,3.000226784825537,3.6219349514533823
0.9999166146567227,0.0,0.0011393575747614367,0.0,0.063624458097846,0.0,1.7966692407763833,3.000226921322177,3.6227787675102077
0.9999167107691845,0.0,0.0011366147928500135,0.0,0.063704458097846,0.0,1.7957971224906049,3.0002270575748904,3.623600503550721
0.9999168076079633,0.0,0.0011338818946604085,0.0,0.063784458097846,0.0,1.794927989508473,3.0002271935835716,3.624400406853503
0.9999169051600156,0.0,0.0011311588330114115,0.0,0.063864458097846,0.0,1.7940618283575056,3.0002273293481245,3.625178722003425
0.9999170034124681,0.0,0.0011284455609961845,0.0,0.06394445809784599,0.0,1.7931986256375818,3.000227464868463,3.6259356907672045
0.9999171023526119,0.0,0.001125742031980271,0.0,0.06402445809784599,0.0,1.7923383680206895,3.0002276001445103,3.626671552189483
0.9999172019679026,0.0,0.0011230481995999917,0.0,0.06410445809784598,0.0,1.791481042250433,3.000227735176198,3.6273865426171303
0.9999173022459575,0.0,0.0011203640177606458,0.0,0.06418445809784598,0.0,1.7906266351413966,3.000227869963466,3.6280808956890453
0.9999174031745551,0.0,0.0011176894406348516,0.0,0.06426445809784598,0.0,1.7897751335789296,3.0002280045062633,3.628754842480129
0.9999175047416307,0.0,0.0011150244226606828,0.0,0.06434445809784597,0.0,1.7889265245186772,3.0002281388045486,3.6294086114615594
0.9999176069352752,0.0,0.0011123689185399677,0.0,0.06442445809784597,0.0,1.7880807949863848,3.000228272858287,3.6300424284834776
0.9999177097437344,0.0,0.001109722883236635,0.0,0.06450445809784597,0.0,1.7872379320772933,3.000228406667453,3.6306565168576386
0.999917813155406,0.0,0.0011070862719750405,0.0,0.06458445809784596,0.0,1.7863979229554445,3.000228540232031,3.6312510974946557
0.9999179171588367,0.0,0.0011044590402381686,0.0,0.06466445809784596,0.0,1.7855607548538468,3.000228673552011,3.6318263887066258
0.9999180217427226,0.0,0.0011018411437660337,0.0,0.06474445809784596,0.0,1.7847264150737976,3.000228806627389,3.632382606425647
0.9999181268959053,0.0,0.00109923253855398,0.0,0.06482445809784596,0.0,1.7838948909845718,3.0002289394581756,3.6329199641806733
0.9999182326073714,0.0,0.0010966331808510271,0.0,0.06490445809784595,0.0,1.7830661700228092,3.000229072044383,3.633438673039348
0.9999183388662495,0.0,0.001094043027158243,0.0,0.06498445809784595,0.0,1.7822402396924095,3.000229204386033,3.633938941856597
0.9999184456618094,0.0,0.001091462034227077,0.0,0.06506445809784595,0.0,1.781417087564081,3.0002293364831556,3.6344209770191194
0.9999185529834598,0.0,0.001088890159057732,0.0,0.06514445809784594,0.0,1.7805967012746844,3.000229468335786,3.634884982679308
0.9999186608207467,0.0,0.0010863273588976121,0.0,0.06522445809784594,0.0,1.779779068527173,3.0002295999439696,3.6353311607074414
0.9999187691633514,0.0,0.0010837735912396416,0.0,0.06530445809784594,0.0,1.778964177090013,3.0002297313077566,3.635759710784253
0.9999188780010898,0.0,0.0010812288138206708,0.0,0.06538445809784593,0.0,1.7781520147971652,3.000229862427206,3.6361708302890254
0.9999189873239086,0.0,0.0010786929846199678,0.0,0.06546445809784593,0.0,1.7773425695469216,3.000229993302381,3.636564714447737
0.9999190971218869,0.0,0.0010761660618575414,0.0,0.06554445809784593,0.0,1.7765358293025064,3.000230123933354,3.6369415563345884
0.999919207385231,0.0,0.0010736480039926903,0.0,0.06562445809784592,0.0,1.7757317820907303,3.0002302543202037,3.637301546913624
0.9999193181042741,0.0,0.0010711387697222973,0.0,0.06570445809784592,0.0,1.7749304160027264,3.0002303844630154,3.637644874929739
0.999919429269477,0.0,0.0010686383179794399,0.0,0.06578445809784592,0.0,1.7741317191925154,3.00023051436188,3.6379717272426433
0.9999195408714229,0.0,0.0010661466079318097,0.0,0.06586445809784591,0.0,1.773335679876977,3.000230644016895,3.6382822884276447
0.9999196529008186,0.0,0.0010636635989801208,0.0,0.06594445809784591,0.0,1.7725422863358882,3.0002307734281644,3.638576741175728
0.9999197653484908,0.0,0.001061189250756678,0.0,0.0660244580978459,0.0,1.771751526911096,3.0002309025958,3.6388552661055877
0.9999198782053856,0.0,0.0010587235231237814,0.0,0.0661044580978459,0.0,1.7709633900064565,3.0002310315199168,3.6391180419418583
0.9999199914625686,0.0,0.0010562663761723887,0.0,0.0661844580978459,0.0,1.7701778640870318,3.000231160200637,3.6393652452349428
0.9999201051112196,0.0,0.0010538177702204732,0.0,0.0662644580978459,0.0,1.769394937679272,3.0002312886380893,3.639597050799439
0.9999202191426347,0.0,0.0010513776658115771,0.0,0.0663444580978459,0.0,1.768614599370351,3.000231416832408,3.6398136315108056
0.9999203335482244,0.0,0.001048946023713477,0.0,0.06642445809784589,0.0,1.7678368378079234,3.000231544783733,3.640015158244757
0.9999204483195099,0.0,0.0010465228049165878,0.0,0.06650445809784589,0.0,1.7670616416992597,3.000231672492209,3.6402018000596756
0.9999205634481224,0.0,0.0010441079706324438,0.0,0.06658445809784588,0.0,1.766288999812294,3.000231799957987,3.640373724271055
0.9999206789258053,0.0,0.001041701482292611,0.0,0.06666445809784588,0.0,1.7655189009733843,3.000231927181224,3.640531096180065
0.9999207947444065,0.0,0.0010393033015468533,0.0,0.06674445809784588,0.0,1.7647513340683858,3.0002320541620806,3.6406740794003256
0.9999209108958841,0.0,0.0010369133902619915,0.0,0.06682445809784587,0.0,1.7639862880415504,3.000232180900724,3.640802835739524
0.999921027372299,0.0,0.0010345317105203509,0.0,0.06690445809784587,0.0,1.7632237518960274,3.000232307397327,3.6409175252174495
0.9999211441658159,0.0,0.0010321582246184183,0.0,0.06698445809784587,0.0,1.7624637146920987,3.0002324336520654,3.641018306220354
0.999921261268704,0.0,0.0010297928950654647,0.0,0.06706445809784586,0.0,1.7617061655484147,3.0002325596651236,3.641105335207453
0.999921378673333,0.0,0.0010274356845821468,0.0,0.06714445809784586,0.0,1.7609510936405979,3.000232685436687,3.6411787671414744
0.999921496372172,0.0,0.0010250865560991447,0.0,0.06722445809784586,0.0,1.7601984882013457,3.000232810966948,3.6412387551468286
0.9999216143577899,0.0,0.0010227454727558016,0.0,0.06730445809784585,0.0,1.7594483385199025,3.0002329362561024,3.6412854508687817
0.9999217326228532,0.0,0.0010204123978987721,0.0,0.06738445809784585,0.0,1.758700633941829,3.0002330613043533,3.6413190040945977
0.9999218511601252,0.0,0.0010180872950807118,0.0,0.06746445809784585,0.0,1.7579553638686904,3.0002331861119065,3.6413395631598235
0.9999219699624629,0.0,0.0010157701280588173,0.0,0.06754445809784584,0.0,1.7572125177578135,3.0002333106789716,3.641347274743303
0.999922089022819,0.0,0.0010134608607936942,0.0,0.06762445809784584,0.0,1.7564720851217486,3.000233435005764,3.6413422838877896
0.9999222083342375,0.0,0.0010111594574478831,0.0,0.06770445809784584,0.0,1.7557340555279006,3.0002335590925022,3.6413247341461434
0.9999223278898569,0.0,0.001008865882384753,0.0,0.06778445809784583,0.0,1.7549984185983425,3.0002336829394114,3.6412947674379237
0.9999224476829024,0.0,0.001006580100166825,0.0,0.06786445809784583,0.0,1.7542651640098847,3.00023380654672,3.641252524210128
0.9999225677066921,0.0,0.0010043020755549676,0.0,0.06794445809784583,0.0,1.7535342814928354,3.0002339299146565,3.6411981434953473
0.9999226879546306,0.0,0.0010020317735067526,0.0,0.06802445809784582,0.0,1.7528057608316572,3.0002340530434615,3.6411317626189
0.9999228084202105,0.0,0.0009997691591753597,0.0,0.06810445809784582,0.0,1.7520795918638843,3.000234175933372,3.641053517589942
0.9999229290970099,0.0,0.0009975141979082023,0.0,0.06818445809784582,0.0,1.7513557644804367,3.0002342985846346,3.6409635428669125
0.9999230499786923,0.0,0.0009952668552458447,0.0,0.06826445809784581,0.0,1.7506342686244867,3.000234420997496,3.640861971530879
0.9999231710590059,0.0,0.000993027096920545,0.0,0.06834445809784581,0.0,1.7499150942923805,3.000234543172208,3.6407489351661484
0.9999232923317808,0.0,0.0009907948888552098,0.0,0.06842445809784581,0.0,1.7491982315319299,3.0002346651090264,3.640624564014754
0.9999234137909309,0.0,0.0009885701971620658,0.0,0.0685044580978458,0.0,1.748483670443184,3.0002347868082104,3.6404889869272172
0.999923535430448,0.0,0.0009863529881413645,0.0,0.0685844580978458,0.0,1.747771401177876,3.000234908270023,3.6403423312907006
0.9999236572444065,0.0,0.0009841432282804033,0.0,0.0686644580978458,0.0,1.7470614139383593,3.0002350294947315,3.6401847232738254
0.9999237792269593,0.0,0.0009819408842521428,0.0,0.0687444580978458,0.0,1.7463536989784143,3.000235150482604,3.640016287522359
0.9999239013723367,0.0,0.000979745922913986,0.0,0.06882445809784579,0.0,1.745648246602367,3.000235271233916,3.6398371474421714
0.9999240236748459,0.0,0.0009775583113067333,0.0,0.06890445809784579,0.0,1.7449450471649077,3.000235391748944,3.63964742518095
0.9999241461288714,0.0,0.0009753780166533292,0.0,0.06898445809784579,0.0,1.7442440910706558,3.0002355120279667,3.639447241526526
0.9999242687288712,0.0,0.0009732050063576736,0.0,0.06906445809784578,0.0,1.7435453687738955,3.0002356320712695,3.6392367158755983
0.9999243914693785,0.0,0.000971039248003488,0.0,0.06914445809784578,0.0,1.7428488707785785,3.0002357518791367,3.6390159665838966
0.9999245143449996,0.0,0.000968880709353155,0.0,0.06922445809784578,0.0,1.7421545876377447,3.000235871451859,3.6387851105914955
0.999924637350413,0.0,0.0009667293583465824,0.0,0.06930445809784577,0.0,1.7414625099533234,3.0002359907897307,3.6385442635514673
0.9999247604803693,0.0,0.0009645851631000738,0.0,0.06938445809784577,0.0,1.7407726283757783,3.000236109893045,3.638293540073795
0.9999248837296891,0.0,0.0009624480919051769,0.0,0.06946445809784577,0.0,1.7400849336037696,3.0002362287621023,3.638033053416271
0.9999250070932625,0.0,0.0009603181132275512,0.0,0.06954445809784576,0.0,1.739399416384222,3.0002363473972045,3.6377629155873903
0.9999251305660494,0.0,0.0009581951957058685,0.0,0.06962445809784576,0.0,1.7387160675116444,3.0002364657986553,3.637483237592101
0.999925254143078,0.0,0.0009560793081507443,0.0,0.06970445809784576,0.0,1.7380348778281438,3.0002365839667635,3.6371941290390337
0.9999253778194412,0.0,0.0009539704195436005,0.0,0.06978445809784575,0.0,1.7373558382225218,3.0002367019018368,3.6368956985789516
0.9999255015903005,0.0,0.0009518684990354862,0.0,0.06986445809784575,0.0,1.736678939631353,3.000236819604191,3.63658805367747
0.9999256254508837,0.0,0.0009497735159462545,0.0,0.06994445809784575,0.0,1.7360041730370008,3.0002369370741397,3.63627130050039
0.9999257493964812,0.0,0.0009476854397631897,0.0,0.07002445809784574,0.0,1.7353315294685883,3.000237054312002,3.6359455443169035
0.999925873422448,0.0,0.000945604240140092,0.0,0.07010445809784574,0.0,1.7346610000011775,3.000237171318097,3.635610889099642
0.999925997524202,0.0,0.0009435298868961732,0.0,0.07018445809784574,0.0,1.7339925757558874,3.00023728809275,3.635267437846661
0.9999261216972253,0.0,0.0009414623500151179,0.0,0.07026445809784573,0.0,1.7333262478989673,3.0002374046362856,3.6349152923913546
0.9999262459370594,0.0,0.0009394015996438295,0.0,0.07034445809784573,0.0,1.7326620076422699,3.000237520949032,3.6345545535603314
0.9999263702393077,0.0,0.0009373476060915463,0.0,0.07042445809784573,0.0,1.7319998462425388,3.0002376370313195,3.6341853211397446
0.9999264945996347,0.0,0.0009353003398287928,0.0,0.07050445809784572,0.0,1.7313397550013354,3.000237752883482,3.633807693769385
0.9999266190137609,0.0,0.0009332597714862466,0.0,0.07058445809784572,0.0,1.7306817252645583,3.000237868505853,3.6334217691279243
0.999926743477469,0.0,0.0009312258718538966,0.0,0.07066445809784572,0.0,1.730025748422308,3.0002379838987707,3.633027643746741
0.9999268679865984,0.0,0.0009291986118798659,0.0,0.07074445809784571,0.0,1.7293718159089946,3.0002380990625728,3.632625413447683
0.9999269925370448,0.0,0.0009271779626694892,0.0,0.07082445809784571,0.0,1.7287199192023464,3.000238213997603,3.6322151726437744
0.999927117124762,0.0,0.0009251638954843907,0.0,0.07090445809784571,0.0,1.7280700498235866,3.0002383287042043,3.631797015034443
0.9999272417457584,0.0,0.0009231563817412431,0.0,0.0709844580978457,0.0,1.7274221993375862,3.000238443182723,3.631371033333209
0.9999273663960984,0.0,0.0009211553930111339,0.0,0.0710644580978457,0.0,1.7267763593513867,3.0002385574335055,3.6309373190768706
0.9999274910718989,0.0,0.0009191609010182473,0.0,0.0711444580978457,0.0,1.7261325215154077,3.000238671456903,3.6304959631350306
0.9999276157693339,0.0,0.0009171728776391935,0.0,0.0712244580978457,0.0,1.7254906775220327,3.0002387852532664,3.630047055151978
0.9999277404846277,0.0,0.0009151912949017856,0.0,0.07130445809784569,0.0,1.7248508191063485,3.000238898822949,3.6295906840517023
0.9999278652140581,0.0,0.000913216124984286,0.0,0.07138445809784569,0.0,1.7242129380449382,3.000239012166306,3.62912693767124
0.9999279899539549,0.0,0.0009112473402143693,0.0,0.07146445809784568,0.0,1.7235770261562373,3.0002391252836955,3.6286559030109635
0.9999281147006984,0.0,0.0009092849130681472,0.0,0.07154445809784568,0.0,1.722943075300058,3.0002392381754754,3.6281776661765184
0.9999282394507205,0.0,0.0009073288161692895,0.0,0.07162445809784568,0.0,1.722311077377782,3.0002393508420075,3.6276923123260927
0.9999283642005021,0.0,0.0009053790222880874,0.0,0.07170445809784567,0.0,1.7216810243313718,3.0002394632836533,3.627199925735571
0.9999284889465743,0.0,0.0009034355043405083,0.0,0.07178445809784567,0.0,1.7210529081438322,3.0002395755007787,3.6267005899109193
0.9999286136855157,0.0,0.0009014982353873274,0.0,0.07186445809784567,0.0,1.7204267208381359,3.0002396874937465,3.626194387289741
0.9999287384139547,0.0,0.0008995671886331218,0.0,0.07194445809784566,0.0,1.7198024544782682,3.0002397992629266,3.625681399716204
0.9999288631285658,0.0,0.0008976423374255014,0.0,0.07202445809784566,0.0,1.7191801011676868,3.000239910808686,3.6251617079127896
0.9999289878260705,0.0,0.0008957236552540167,0.0,0.07210445809784566,0.0,1.7185596530501348,3.0002400221313965,3.6246353919033893
0.9999291125032383,0.0,0.0008938111157495505,0.0,0.07218445809784566,0.0,1.7179411023081281,3.0002401332314284,3.624102530866773
0.9999292371568815,0.0,0.0008919046926831042,0.0,0.07226445809784565,0.0,1.7173244411644952,3.0002402441091554,3.6235632032265293
0.9999293617838614,0.0,0.0008900043599652041,0.0,0.07234445809784565,0.0,1.7167096618804873,3.0002403547649523,3.6230174864913165
0.9999294863810818,0.0,0.0008881100916448766,0.0,0.07242445809784565,0.0,1.7160967567564598,3.0002404651991963,3.6224654573427926
0.9999296109454902,0.0,0.0008862218619087802,0.0,0.07250445809784564,0.0,1.715485718131486,3.0002405754122634,3.621907191834574
0.999929735474079,0.0,0.0008843396450804261,0.0,0.07258445809784564,0.0,1.7148765383828508,3.0002406854045325,3.621342765029273
0.9999298599638832,0.0,0.0008824634156191914,0.0,0.07266445809784564,0.0,1.714269209926689,3.0002407951763836,3.6207722513123994
0.9999299844119806,0.0,0.0008805931481197064,0.0,0.07274445809784563,0.0,1.7136637252160056,3.000240904728198,3.620195724442627
0.9999301088154897,0.0,0.0008787288173106578,0.0,0.07282445809784563,0.0,1.7130600767427486,3.000241014060359,3.61961325711099
0.999930233171573,0.0,0.0008768703980543787,0.0,0.07290445809784563,0.0,1.7124582570353362,3.000241123173249,3.6190249214851677
0.9999303574774316,0.0,0.000875017865345575,0.0,0.07298445809784562,0.0,1.7118582586605415,3.0002412320672533,3.6184307889019793
0.9999304817303087,0.0,0.0008731711943108928,0.0,0.07306445809784562,0.0,1.7112600742214599,3.0002413407427575,3.6178309299973113
0.9999306059274865,0.0,0.0008713303602077657,0.0,0.07314445809784562,0.0,1.710663696358739,3.000241449200149,3.617225414717058
0.9999307300662879,0.0,0.0008694953384239398,0.0,0.07322445809784561,0.0,1.7100691177488963,3.0002415574398165,3.6166143121717487
0.999930854144073,0.0,0.0008676661044762769,0.0,0.07330445809784561,0.0,1.7094763311059693,3.0002416654621475,3.6159976908200617
0.9999309781582427,0.0,0.0008658426340103707,0.0,0.0733844580978456,0.0,1.7088853291791708,3.0002417732675344,3.6153756184023815
0.9999311021062337,0.0,0.0008640249027993458,0.0,0.0734644580978456,0.0,1.7082961047544742,3.0002418808563656,3.614748162042649
0.9999312259855231,0.0,0.0008622128867433799,0.0,0.0735444580978456,0.0,1.7077086506537924,3.0002419882290354,3.6141153880979116
0.9999313497936214,0.0,0.000860406561868735,0.0,0.0736244580978456,0.0,1.7071229597341144,3.000242095385936,3.613477362201091
0.9999314735280795,0.0,0.0008586059043270684,0.0,0.0737044580978456,0.0,1.7065390248882404,3.000242202327461,3.6128341493936924
0.9999315971864827,0.0,0.0008568108903946212,0.0,0.07378445809784559,0.0,1.7059568390440643,3.000242309054006,3.6121858141057177
0.9999317207664531,0.0,0.0008550214964714842,0.0,0.07386445809784559,0.0,1.7053763951645833,3.0002424155659657,3.6115324198922147
0.9999318442656464,0.0,0.0008532376990807161,0.0,0.07394445809784558,0.0,1.7047976862475864,3.000242521863737,3.610874029898387
0.9999319676817552,0.0,0.000851459474867703,0.0,0.07402445809784558,0.0,1.7042207053257414,3.0002426279477183,3.6102107063483766
0.999932091012505,0.0,0.000849686800599417,0.0,0.07410445809784558,0.0,1.7036454454655972,3.0002427338183058,3.6095425111634367
0.9999322142556573,0.0,0.0008479196531636007,0.0,0.07418445809784557,0.0,1.7030718997684147,3.000242839475899,3.608869505332919
0.9999323374090057,0.0,0.0008461580095680408,0.0,0.07426445809784557,0.0,1.702500061369278,3.0002429449208976,3.6081917494071325
0.9999324604703774,0.0,0.0008444018469397809,0.0,0.07434445809784557,0.0,1.7019299234371823,3.000243050153702,3.60750930328995
0.9999325834376326,0.0,0.0008426511425245443,0.0,0.07442445809784556,0.0,1.7013614791746123,3.0002431551747115,3.606822226130717
0.9999327063086642,0.0,0.0008409058736858111,0.0,0.07450445809784556,0.0,1.7007947218176518,3.0002432599843307,3.6061305765978027
0.999932829081397,0.0,0.0008391660179042446,0.0,0.07458445809784556,0.0,1.700229644635678,3.000243364582959,3.6054344127717464
0.9999329517537877,0.0,0.00083743155277686,0.0,0.07466445809784555,0.0,1.6996662409312007,3.000243468971001,3.6047337921830547
0.9999330743238244,0.0,0.0008357024560164653,0.0,0.07474445809784555,0.0,1.6991045040390444,3.0002435731488593,3.604028771580568
0.9999331967895235,0.0,0.0008339787054506647,0.0,0.07482445809784555,0.0,1.6985444273277257,3.000243677116937,3.6033194072473087
0.9999333191489372,0.0,0.0008322602790215673,0.0,0.07490445809784554,0.0,1.6979860041973456,3.0002437808756404,3.6026057549824415
0.999933441400143,0.0,0.0008305471547847365,0.0,0.07498445809784554,0.0,1.697429228080718,3.0002438844253736,3.6018878698479506
0.9999335635412506,0.0,0.0008288393109086177,0.0,0.07506445809784554,0.0,1.6968740924428845,3.0002439877665417,3.6011658064329315
0.9999336855703985,0.0,0.0008271367256739043,0.0,0.07514445809784553,0.0,1.696320590780599,3.0002440908995522,3.6004396188856513
0.999933807485754,0.0,0.0008254393774728042,0.0,0.07522445809784553,0.0,1.6957687166222826,3.00024419382481,3.599709360540777
0.999933929285514,0.0,0.0008237472448083051,0.0,0.07530445809784553,0.0,1.6952184635286762,3.0002442965427227,3.5989750842893824
0.999934050967903,0.0,0.0008220603062936218,0.0,0.07538445809784552,0.0,1.6946698250908954,3.000244399053697,3.5982368426521765
0.9999341725311729,0.0,0.000820378540651418,0.0,0.07546445809784552,0.0,1.694122794932045,3.0002445013581416,3.5974946874063916
0.9999342939736046,0.0,0.000818701926713169,0.0,0.07554445809784552,0.0,1.6935773667059848,3.000244603456464,3.596748669902333
0.999934415293506,0.0,0.0008170304434186068,0.0,0.07562445809784551,0.0,1.6930335340974734,3.000244705349073,3.595998840916355
0.9999345364892117,0.0,0.0008153640698148638,0.0,0.07570445809784551,0.0,1.692491290821975,3.0002448070363767,3.5952452507896133
0.9999346575590824,0.0,0.0008137027850559599,0.0,0.07578445809784551,0.0,1.69195063062543,3.000244908518785,3.5944879492448134
0.9999347785015065,0.0,0.0008120465684021456,0.0,0.0758644580978455,0.0,1.6914115472842293,3.000245009796707,3.5937269854983858
0.9999348993148971,0.0,0.0008103953992191955,0.0,0.0759444580978455,0.0,1.6908740346051618,3.0002451108705532,3.592962408439832
0.999935019997694,0.0,0.000808749256977886,0.0,0.0760244580978455,0.0,1.6903380864241506,3.000245211740733,3.5921942662382196
0.999935140548361,0.0,0.0008071081212531795,0.0,0.0761044580978455,0.0,1.6898036966079764,3.0002453124076554,3.591422606813348
0.9999352609653885,0.0,0.0008054719717237752,0.0,0.07618445809784549,0.0,1.6892708590527474,3.0002454128717337,3.590647477296641
0.9999353812472918,0.0,0.00080384078817141,0.0,0.07626445809784549,0.0,1.6887395676838306,3.0002455131333767,3.5898689246215674
0.9999355013926083,0.0,0.0008022145504801592,0.0,0.07634445809784549,0.0,1.6882098164561101,3.0002456131929947,3.5890869949463498
0.999935621399904,0.0,0.0008005932386360744,0.0,0.07642445809784548,0.0,1.6876815993535468,3.000245713051001,3.5883017343951424
0.9999357412677622,0.0,0.0007989768327261174,0.0,0.07650445809784548,0.0,1.687154910389268,3.000245812707805,3.5875131882051834
0.9999358609947954,0.0,0.000797365312938055,0.0,0.07658445809784548,0.0,1.6866297436051423,3.000245912163819,3.586721401348077
0.9999359805796375,0.0,0.0007957586595595282,0.0,0.07666445809784547,0.0,1.6861060930719087,3.0002460114194545,3.5859264183493837
0.9999361000209447,0.0,0.0007941568529775981,0.0,0.07674445809784547,0.0,1.685583952888068,3.000246110475124,3.5851282832205147
0.9999362193173976,0.0,0.0007925598736780323,0.0,0.07682445809784547,0.0,1.6850633171817244,3.0002462093312374,3.5843270395295397
0.999936338467697,0.0,0.0007909677022448216,0.0,0.07690445809784546,0.0,1.6845441801080028,3.0002463079882085,3.5835227304095123
0.999936457470568,0.0,0.0007893803193595891,0.0,0.07698445809784546,0.0,1.6840265358508488,3.000246406446447,3.582715398547511
0.9999365763247564,0.0,0.0007877977058009112,0.0,0.07706445809784546,0.0,1.683510378621599,3.000246504706368,3.5819050863180837
0.999936695029029,0.0,0.0007862198424437986,0.0,0.07714445809784545,0.0,1.6829957026595157,3.0002466027683816,3.581091835495207
0.999936813582176,0.0,0.0007846467102591292,0.0,0.07722445809784545,0.0,1.6824825022315508,3.0002467006329,3.5802756875686197
0.9999369319830058,0.0,0.0007830782903130739,0.0,0.07730445809784545,0.0,1.6819707716318304,3.000246798300335,3.5794566835027997
0.9999370502303508,0.0,0.0007815145637665211,0.0,0.07738445809784544,0.0,1.6814605051817697,3.000246895771101,3.578634863904549
0.9999371683230619,0.0,0.0007799555118744621,0.0,0.07746445809784544,0.0,1.6809516972300362,3.0002469930456077,3.5778102688554707
0.9999372862600115,0.0,0.0007784011159855542,0.0,0.07754445809784544,0.0,1.6804443421521555,3.0002470901242684,3.576982938193286
0.9999374040400905,0.0,0.0007768513575414026,0.0,0.07762445809784543,0.0,1.679938434350287,3.0002471870074943,3.5761529112902104
0.9999375216622111,0.0,0.0007753062180761404,0.0,0.07770445809784543,0.0,1.6794339682537427,3.0002472836956993,3.5753202271148945
0.9999376391253025,0.0,0.0007737656792157652,0.0,0.07778445809784543,0.0,1.6789309383178268,3.0002473801892924,3.57448492430124
0.999937756428319,0.0,0.0007722297226778145,0.0,0.07786445809784542,0.0,1.6784293390242448,3.000247476488688,3.573647041031487
0.9999378735702276,0.0,0.0007706983302704808,0.0,0.07794445809784542,0.0,1.6779291648814558,3.0002475725942976,3.5728066148914586
0.9999379905500171,0.0,0.0007691714838923484,0.0,0.07802445809784542,0.0,1.6774304104229838,3.0002476685065327,3.5719636835651065
0.999938107366695,0.0,0.0007676491655318113,0.0,0.07810445809784541,0.0,1.6769330702092111,3.0002477642258043,3.571118283969264
0.9999382240192867,0.0,0.0007661313572663827,0.0,0.07818445809784541,0.0,1.6764371388259591,3.0002478597525246,3.570270452691258
0.9999383405068358,0.0,0.000764618041262427,0.0,0.07826445809784541,0.0,1.6759426108844333,3.000247955087105,3.5694202262100507
0.9999384568284037,0.0,0.0007631091997743405,0.0,0.0783444580978454,0.0,1.6754494810217817,3.000248050229956,3.568567640244127
0.9999385729830694,0.0,0.0007616048151443161,0.0,0.0784244580978454,0.0,1.674957743899984,3.0002481451814895,3.567712730585703
0.9999386889699318,0.0,0.0007601048698016543,0.0,0.0785044580978454,0.0,1.6744673942067039,3.000248239942116,3.5668555322797273
0.9999388047881027,0.0,0.0007586093462622778,0.0,0.0785844580978454,0.0,1.673978426654175,3.000248334512247,3.5659960801559443
0.9999389204367132,0.0,0.0007571182271282026,0.0,0.07866445809784539,0.0,1.6734908359800913,3.000248428892291,3.5651344087903216
0.999939035914913,0.0,0.0007556314950871246,0.0,0.07874445809784539,0.0,1.6730046169467825,3.0002485230826608,3.5642705522800795
0.9999391512218654,0.0,0.0007541491329118526,0.0,0.07882445809784538,0.0,1.6725197643406624,3.0002486170837654,3.5634045444783355
0.9999392663567516,0.0,0.000752671123459724,0.0,0.07890445809784538,0.0,1.672036272973507,3.0002487108960145,3.5625364186760846
0.9999393813187701,0.0,0.0007511974496723813,0.0,0.07898445809784538,0.0,1.6715541376806056,3.000248804519818,3.5616662081940382
0.9999394961071331,0.0,0.0007497280945748393,0.0,0.07906445809784537,0.0,1.6710733533225663,3.0002488979555864,3.5607939457769113
0.9999396107210702,0.0,0.0007482630412754909,0.0,0.07914445809784537,0.0,1.6705939147829763,3.0002489912037267,3.559919663835218
0.9999397251598262,0.0,0.0007468022729652481,0.0,0.07922445809784537,0.0,1.6701158169700807,3.00024908426465,3.559043394486657
0.9999398394226608,0.0,0.0007453457729172025,0.0,0.07930445809784537,0.0,1.6696390548156503,3.000249177138764,3.558165169637977
0.9999399535088505,0.0,0.0007438935244861517,0.0,0.07938445809784536,0.0,1.6691636232754299,3.0002492698264764,3.5572850205492568
0.9999400674176862,0.0,0.0007424455111081323,0.0,0.07946445809784536,0.0,1.6686895173286869,3.000249362328197,3.5564029785958486
0.9999401811484712,0.0,0.0007410017162998637,0.0,0.07954445809784536,0.0,1.6682167319778824,3.000249454644332,3.5555190744547565
0.9999402947005278,0.0,0.0007395621236583855,0.0,0.07962445809784535,0.0,1.667745262248988,3.0002495467752897,3.554633338802578
0.9999404080731896,0.0,0.0007381267168604908,0.0,0.07970445809784535,0.0,1.667275103191188,3.000249638721477,3.553745801812247
0.9999405212658062,0.0,0.0007366954796623579,0.0,0.07978445809784535,0.0,1.666806249876707,3.000249730483301,3.5528564934381253
0.9999406342777408,0.0,0.0007352683958989968,0.0,0.07986445809784534,0.0,1.6663386974006216,3.0002498220611695,3.5519654432297147
0.999940747108369,0.0,0.0007338454494838394,0.0,0.07994445809784534,0.0,1.6658724408810681,3.0002499134554856,3.551072680610645
0.9999408597570829,0.0,0.0007324266244083401,0.0,0.08002445809784534,0.0,1.6654074754584582,3.000250004666658,3.550178234535955
0.9999409722232874,0.0,0.0007310119047413935,0.0,0.08010445809784533,0.0,1.6649437962960614,3.0002500956950904,3.549282133576928
0.9999410845063993,0.0,0.0007296012746289685,0.0,0.08018445809784533,0.0,1.6644813985795979,3.0002501865411886,3.5483844064118824
0.9999411966058512,0.0,0.000728194718293717,0.0,0.08026445809784533,0.0,1.664020277517101,3.0002502772053585,3.5474850810871947
0.9999413085210853,0.0,0.0007267922200343808,0.0,0.08034445809784532,0.0,1.6635604283382996,3.000250367688002,3.546584185512099
0.9999414202515607,0.0,0.0007253937642254517,0.0,0.08042445809784532,0.0,1.663101846295778,3.000250457989525,3.545681747269434
0.9999415317967474,0.0,0.0007239993353167747,0.0,0.08050445809784532,0.0,1.6626445266638463,3.000250548110331,3.5447777935276914
0.9999416431561258,0.0,0.0007226089178330038,0.0,0.08058445809784531,0.0,1.6621884647379224,3.000250638050822,3.5438723514925967
0.9999417543291945,0.0,0.0007212224963732747,0.0,0.08066445809784531,0.0,1.661733655836149,3.0002507278114012,3.542965447974634
0.9999418653154586,0.0,0.0007198400556106297,0.0,0.0807444580978453,0.0,1.6612800952980298,3.0002508173924722,3.542057109120874
0.9999419761144376,0.0,0.000718461580291808,0.0,0.0808244580978453,0.0,1.6608277784837608,3.000250906794435,3.5411473614836555
0.9999420867256644,0.0,0.000717087055236629,0.0,0.0809044580978453,0.0,1.6603767007757204,3.0002509960176926,3.540236230867662
0.9999421971486812,0.0,0.0007157164653376789,0.0,0.0809844580978453,0.0,1.6599268575773591,3.0002510850626454,3.539323742925369
0.9999423073830442,0.0,0.0007143497955598518,0.0,0.0810644580978453,0.0,1.6594782443133502,3.0002511739296938,3.5384099232756197
0.9999424174283194,0.0,0.0007129870309399417,0.0,0.08114445809784529,0.0,1.6590308564289487,3.0002512626192392,3.5374947968481028
0.999942527284084,0.0,0.0007116281565862228,0.0,0.08122445809784529,0.0,1.6585846893905847,3.0002513511316797,3.5365783886994806
0.9999426369499291,0.0,0.000710273157678138,0.0,0.08130445809784528,0.0,1.658139738685516,3.0002514394674145,3.5356607235273305
0.9999427464254538,0.0,0.0007089220194656572,0.0,0.08138445809784528,0.0,1.657695999821814,3.000251527626844,3.534741825539736
0.9999428557102706,0.0,0.0007075747272692038,0.0,0.08146445809784528,0.0,1.6572534683275533,3.0002516156103654,3.533821719131775
0.9999429648040014,0.0,0.0007062312664789232,0.0,0.08154445809784527,0.0,1.6568121397518378,3.000251703418377,3.532900428148454
0.9999430737062774,0.0,0.0007048916225544478,0.0,0.08162445809784527,0.0,1.6563720096638033,3.000251791051275,3.5319779761232466
0.9999431824167446,0.0,0.000703555781024655,0.0,0.08170445809784527,0.0,1.6559330736528315,3.0002518785094576,3.5310543867108013
0.9999432909350554,0.0,0.000702223727486871,0.0,0.08178445809784526,0.0,1.6554953273288548,3.000251965793321,3.5301296830027016
0.9999433992608742,0.0,0.000700895447606907,0.0,0.08186445809784526,0.0,1.6550587663210967,3.0002520529032592,3.5292038880828125
0.9999435073938759,0.0,0.0006995709271184025,0.0,0.08194445809784526,0.0,1.654623386279087,3.0002521398396693,3.528277024467084
0.9999436153337451,0.0,0.0006982501518225282,0.0,0.08202445809784525,0.0,1.6541891828722755,3.000252226602947,3.527349114778911
0.9999437230801749,0.0,0.0006969331075875651,0.0,0.08210445809784525,0.0,1.6537561517894874,3.000252313193484,3.526420181182391
0.9999438306328701,0.0,0.0006956197803486111,0.0,0.08218445809784525,0.0,1.653324288739401,3.000252399611676,3.525490245922276
0.9999439379915436,0.0,0.0006943101561071267,0.0,0.08226445809784524,0.0,1.6528935894498218,3.0002524858579145,3.5245593307828855
0.9999440451559196,0.0,0.0006930042209305668,0.0,0.08234445809784524,0.0,1.6524640496683642,3.0002525719325934,3.5236274572098605
0.9999441521257304,0.0,0.0006917019609520145,0.0,0.08242445809784524,0.0,1.652035665161689,3.000252657836105,3.52269464674639
0.9999442589007185,0.0,0.0006904033623698403,0.0,0.08250445809784523,0.0,1.6516084317155928,3.00025274356884,3.521760920322986
0.9999443654806329,0.0,0.00068910841144728,0.0,0.08258445809784523,0.0,1.651182345134944,3.0002528291311896,3.520826299150523
0.9999444718652359,0.0,0.000687817094512149,0.0,0.08266445809784523,0.0,1.6507574012435182,3.000252914523545,3.519890803964688
0.9999445780542958,0.0,0.0006865293979563893,0.0,0.08274445809784522,0.0,1.6503335958842817,3.0002529997462957,3.5189544549045206
0.9999446840475898,0.0,0.0006852453082356986,0.0,0.08282445809784522,0.0,1.649910924918728,3.0002530847998305,3.5180172727721724
0.9999447898449049,0.0,0.0006839648118693189,0.0,0.08290445809784522,0.0,1.649489384226724,3.0002531696845387,3.5170792773569746
0.999944895446037,0.0,0.0006826878954395811,0.0,0.08298445809784522,0.0,1.649068969707252,3.0002532544008096,3.5161404887526673
0.9999450008507879,0.0,0.0006814145455914723,0.0,0.08306445809784521,0.0,1.6486496772769905,3.000253338949028,3.5152009264563566
0.9999451060589705,0.0,0.0006801447490323835,0.0,0.08314445809784521,0.0,1.648231502872148,3.0002534233295832,3.5142606102568497
0.9999452110704049,0.0,0.0006788784925317885,0.0,0.0832244580978452,0.0,1.647814442446235,3.000253507542861,3.51331955907762
0.9999453158849196,0.0,0.0006776157629208497,0.0,0.0833044580978452,0.0,1.6473984919710873,3.000253591589247,3.512377792222117
0.9999454205023504,0.0,0.0006763565470920119,0.0,0.0833844580978452,0.0,1.646983647436555,3.000253675469127,3.5114353286806077
0.9999455249225425,0.0,0.0006751008319987755,0.0,0.0834644580978452,0.0,1.6465699048511637,3.0002537591828853,3.510492187053712
0.9999456291453467,0.0,0.0006738486046552845,0.0,0.08354445809784519,0.0,1.6461572602403092,3.0002538427309053,3.5095483859104157
0.9999457331706241,0.0,0.0006725998521360231,0.0,0.08362445809784519,0.0,1.6457457096479207,3.000253926113572,3.508603943540408
0.9999458369982408,0.0,0.0006713545615753882,0.0,0.08370445809784519,0.0,1.6453352491352222,3.0002540093312664,3.5076588780271867
0.9999459406280728,0.0,0.0006701127201675116,0.0,0.08378445809784518,0.0,1.644925874781421,3.0002540923843735,3.5067132074659724
0.9999460440600022,0.0,0.0006688743151658397,0.0,0.08386445809784518,0.0,1.6445175826823781,3.0002541752732714,3.505766949531495
0.9999461472939188,0.0,0.0006676393338827878,0.0,0.08394445809784518,0.0,1.6441103689526182,3.000254257998343,3.5048201218225827
0.9999462503297191,0.0,0.0006664077636894362,0.0,0.08402445809784517,0.0,1.6437042297226139,3.0002543405599686,3.503872741902909
0.9999463531673078,0.0,0.0006651795920151876,0.0,0.08410445809784517,0.0,1.6432991611414918,3.0002544229585286,3.5029248267597235
0.9999464558065946,0.0,0.0006639548063474473,0.0,0.08418445809784517,0.0,1.6428951593745056,3.0002545051944,3.501976393558936
0.9999465582474989,0.0,0.0006627333942314124,0.0,0.08426445809784516,0.0,1.642492220603994,3.000254587267962,3.5010274593591855
0.9999466604899453,0.0,0.0006615153432695526,0.0,0.08434445809784516,0.0,1.642090341029703,3.0002546691795935,3.5000780405214993
0.9999467625338657,0.0,0.0006603006411214447,0.0,0.08442445809784516,0.0,1.6416895168679866,3.0002547509296713,3.499128153871812
0.9999468643791979,0.0,0.0006590892755033784,0.0,0.08450445809784515,0.0,1.6412897443520547,3.0002548325185723,3.4981778156928502
0.9999469660258866,0.0,0.0006578812341880909,0.0,0.08458445809784515,0.0,1.6408910197317832,3.0002549139466708,3.4972270421821445
0.9999470674738842,0.0,0.0006566765050044667,0.0,0.08466445809784515,0.0,1.6404933392736136,3.000254995214343,3.496275849250475
0.9999471687231468,0.0,0.0006554750758371173,0.0,0.08474445809784514,0.0,1.6400966992603732,3.000255076321963,3.4953242528944446
0.9999472697736401,0.0,0.0006542769346262563,0.0,0.08482445809784514,0.0,1.6397010959917517,3.0002551572699065,3.49437226876908
0.9999473706253341,0.0,0.0006530820693672251,0.0,0.08490445809784514,0.0,1.6393065257831385,3.000255238058545,3.493419912350077
0.9999474712782044,0.0,0.0006518904681102618,0.0,0.08498445809784513,0.0,1.6389129849669464,3.0002553186882515,3.492467199123733
0.9999475717322341,0.0,0.0006507021189602527,0.0,0.08506445809784513,0.0,1.6385204698909945,3.000255399159398,3.491514144394046
0.9999476719874117,0.0,0.0006495170100763241,0.0,0.08514445809784513,0.0,1.6381289769196867,3.0002554794723566,3.4905607630199866
0.9999477720437328,0.0,0.0006483351296716559,0.0,0.08522445809784512,0.0,1.637738502433258,3.0002555596274965,3.4896070700147472
0.9999478719011953,0.0,0.0006471564660130262,0.0,0.08530445809784512,0.0,1.6373490428278634,3.0002556396251876,3.4886530800364888
0.9999479715598065,0.0,0.0006459810074207215,0.0,0.08538445809784512,0.0,1.6369605945154833,3.0002557194658004,3.4876988077739757
0.9999480710195783,0.0,0.0006448087422680903,0.0,0.08546445809784511,0.0,1.6365731539240624,3.000255799149704,3.4867442678010234
0.9999481702805272,0.0,0.0006436396589813462,0.0,0.08554445809784511,0.0,1.6361867174967086,3.000255878677265,3.4857894739838664
0.9999482693426768,0.0,0.0006424737460392319,0.0,0.08562445809784511,0.0,1.6358012816927292,3.0002559580488497,3.4848344409244962
0.999948368206055,0.0,0.0006413109919726946,0.0,0.0857044580978451,0.0,1.635416842986594,3.000256037264827,3.483879182501024
0.999948466870694,0.0,0.0006401513853646428,0.0,0.0857844580978451,0.0,1.6350333978679927,3.0002561163255606,3.4829237123566656
0.9999485653366348,0.0,0.0006389949148497821,0.0,0.0858644580978451,0.0,1.6346509428426002,3.000256195231418,3.4819680445860586
0.9999486636039204,0.0,0.0006378415691141191,0.0,0.0859444580978451,0.0,1.6342694744307458,3.0002562739827625,3.4810121924437505
0.9999487616725996,0.0,0.0006366913368948044,0.0,0.08602445809784509,0.0,1.6338889891679473,3.000256352579957,3.4800561694404397
0.9999488595427274,0.0,0.000635544206979848,0.0,0.08610445809784509,0.0,1.633509483605392,3.0002564310233666,3.479099988953004
0.9999489572143619,0.0,0.0006344001682077752,0.0,0.08618445809784508,0.0,1.6331309543092605,3.0002565093133517,3.478143663958139
0.9999490546875688,0.0,0.0006332592094675429,0.0,0.08626445809784508,0.0,1.6327533978595445,3.0002565874502762,3.477187207693029
0.9999491519624161,0.0,0.0006321213196979561,0.0,0.08634445809784508,0.0,1.6323768108527652,3.0002566654344993,3.476230632812507
0.9999492490389776,0.0,0.0006309864878877441,0.0,0.08642445809784507,0.0,1.6320011898989495,3.000256743266382,3.475273952174648
0.9999493459173323,0.0,0.0006298547030749807,0.0,0.08650445809784507,0.0,1.6316265316236336,3.0002568209462845,3.474317178312301
0.9999494425975631,0.0,0.0006287259543470631,0.0,0.08658445809784507,0.0,1.6312528326664353,3.0002568984745643,3.473360323786592
0.9999495390797578,0.0,0.0006276002308402717,0.0,0.08666445809784507,0.0,1.630880089681945,3.000256975851581,3.4724034009936973
0.999949635364009,0.0,0.000626477521739614,0.0,0.08674445809784506,0.0,1.6305082993390991,3.000257053077692,3.4714464218955885
0.9999497314504129,0.0,0.0006253578162785038,0.0,0.08682445809784506,0.0,1.6301374583211925,3.000257130153254,3.470489398866134
0.9999498273390716,0.0,0.0006242411037385533,0.0,0.08690445809784506,0.0,1.6297675633261297,3.000257207078623,3.4695323435933947
0.9999499230300897,0.0,0.0006231273734492504,0.0,0.08698445809784505,0.0,1.629398611065396,3.000257283854154,3.468575268180186
0.9999500185235771,0.0,0.0006220166147877375,0.0,0.08706445809784505,0.0,1.629030598265681,3.000257360480203,3.4676181841634928
0.9999501138196473,0.0,0.0006209088171785247,0.0,0.08714445809784505,0.0,1.6286635216672818,3.000257436957122,3.4666611031795616
0.9999502089184205,0.0,0.0006198039700934,0.0,0.08722445809784504,0.0,1.6282973780240684,3.0002575132852662,3.4657040366989795
0.9999503038200167,0.0,0.0006187020630508307,0.0,0.08730445809784504,0.0,1.6279321641050915,3.0002575894649874,3.464746996056626
0.9999503985245641,0.0,0.0006176030856161162,0.0,0.08738445809784504,0.0,1.6275678766919748,3.0002576654966373,3.4637899923927096
0.9999504930321907,0.0,0.0006165070274007791,0.0,0.08746445809784503,0.0,1.6272045125811794,3.0002577413805676,3.4628330368938176
0.9999505873430321,0.0,0.0006154138780626123,0.0,0.08754445809784503,0.0,1.6268420685822294,3.000257817117128,3.4618761404479823
0.9999506814572268,0.0,0.0006143236273052493,0.0,0.08762445809784503,0.0,1.6264805415189896,3.00025789270667,3.4609193140820778
0.9999507753749153,0.0,0.0006132362648779508,0.0,0.08770445809784502,0.0,1.6261199282284788,3.0002579681495396,3.4599625685134487
0.9999508690962439,0.0,0.0006121517805754567,0.0,0.08778445809784502,0.0,1.6257602255614,3.0002580434460877,3.459005914140602
0.9999509626213614,0.0,0.0006110701642375666,0.0,0.08786445809784502,0.0,1.6254014303821434,3.00025811859666,3.4580493617113564
0.9999510559504211,0.0,0.0006099914057491016,0.0,0.08794445809784501,0.0,1.6250435395684848,3.000258193601605,3.4570929216400232
0.9999511490835793,0.0,0.0006089154950395194,0.0,0.08802445809784501,0.0,1.6246865500109944,3.0002582684612684,3.4561366041623613
0.9999512420209966,0.0,0.0006078424220827825,0.0,0.088104458097845,0.0,1.6243304586141587,3.0002583431759953,3.455180419411306
0.9999513347628353,0.0,0.0006067721768969681,0.0,0.088184458097845,0.0,1.623975262295443,3.0002584177461293,3.4542243777352644
0.9999514273092635,0.0,0.0006057047495442033,0.0,0.088264458097845,0.0,1.6236209579857446,3.0002584921720166,3.4532684887962053
0.9999515196604507,0.0,0.0006046401301303644,0.0,0.088344458097845,0.0,1.6232675426283507,3.000258566453999,3.4523127625068835
0.999951611816571,0.0,0.000603578308804811,0.0,0.088424458097845,0.0,1.6229150131805927,3.000258640592419,3.4513572087484605
0.9999517037778013,0.0,0.0006025192757602278,0.0,0.08850445809784499,0.0,1.6225633666119228,3.000258714587619,3.450401837108758
0.999951795544321,0.0,0.0006014630212322882,0.0,0.08858445809784499,0.0,1.6222125999044694,3.00025878843994,3.449446657069242
0.999951887116314,0.0,0.0006004095354995441,0.0,0.08866445809784498,0.0,1.6218627100542393,3.0002588621497215,3.448491678121964
0.9999519784939676,0.0,0.0005993588088832084,0.0,0.08874445809784498,0.0,1.621513694068816,3.000258935717305,3.4475369097838073
0.9999520696774701,0.0,0.0005983108317467505,0.0,0.08882445809784498,0.0,1.6211655489698074,3.0002590091430275,3.4465823609800355
0.9999521606670129,0.0,0.0005972655944958183,0.0,0.08890445809784497,0.0,1.6208182717901192,3.0002590824272266,3.445628041089597
0.999952251462794,0.0,0.0005962230875781081,0.0,0.08898445809784497,0.0,1.620471859576036,3.000259155570242,3.444673959208575
0.9999523420650102,0.0,0.0005951833014829014,0.0,0.08906445809784497,0.0,1.6201263093858798,3.0002592285724092,3.443720123967587
0.9999524324738635,0.0,0.0005941462267410544,0.0,0.08914445809784496,0.0,1.6197816182907006,3.0002593014340637,3.442766544370878
0.9999525226895579,0.0,0.000593111853924662,0.0,0.08922445809784496,0.0,1.6194377833740292,3.000259374155542,3.4418132294123827
0.9999526127123008,0.0,0.0005920801736468874,0.0,0.08930445809784496,0.0,1.6190948017310327,3.000259446737178,3.440860187279086
0.999952702542301,0.0,0.0005910511765617293,0.0,0.08938445809784495,0.0,1.6187526704702533,3.000259519179305,3.439907426937328
0.9999527921797722,0.0,0.000590024853363886,0.0,0.08946445809784495,0.0,1.6184113867111796,3.0002595914822554,3.4389549567401922
0.9999528816249289,0.0,0.0005890011947883719,0.0,0.08954445809784495,0.0,1.6180709475866797,3.0002596636463643,3.4380027849329737
0.999952970877989,0.0,0.0005879801916104861,0.0,0.08962445809784494,0.0,1.617731350240587,3.000259735671961,3.4370509200230246
0.9999530599391727,0.0,0.0005869618346454964,0.0,0.08970445809784494,0.0,1.6173925918288532,3.0002598075593774,3.43609936986749
0.9999531488087025,0.0,0.0005859461147484374,0.0,0.08978445809784494,0.0,1.6170546695208365,3.000259879308942,3.435148142817189
0.999953237486805,0.0,0.0005849330228140346,0.0,0.08986445809784493,0.0,1.616717580495435,3.0002599509209857,3.434197246886404
0.999953325973707,0.0,0.0005839225497762523,0.0,0.08994445809784493,0.0,1.616381321945472,3.000260022395837,3.433246690026019
0.9999534142696396,0.0,0.000582914686608306,0.0,0.09002445809784493,0.0,1.6160458910741407,3.000260093733824,3.4322964799419187
0.9999535023748353,0.0,0.000581909424322404,0.0,0.09010445809784492,0.0,1.6157112850970274,3.0002601649352734,3.431346624456447
0.9999535902895282,0.0,0.0005809067539694134,0.0,0.09018445809784492,0.0,1.6153775012414378,3.000260236000512,3.430397131060019
0.9999536780139568,0.0,0.0005799066666389204,0.0,0.09026445809784492,0.0,1.6150445367455337,3.000260306929865,3.4294480076319345
0.9999537655483601,0.0,0.0005789091534587491,0.0,0.09034445809784492,0.0,1.614712388859769,3.000260377723658,3.42849926141511
0.9999538528929807,0.0,0.0005779142055949305,0.0,0.09042445809784491,0.0,1.6143810548461606,3.0002604483822153,3.4275508998427586
0.9999539400480618,0.0,0.0005769218142515056,0.0,0.09050445809784491,0.0,1.614050531977182,3.0002605189058595,3.4266029304046683
0.9999540270138499,0.0,0.0005759319706702539,0.0,0.0905844580978449,0.0,1.6137208175377378,3.000260589294914,3.4256553603023914
0.999954113790594,0.0,0.0005749446661305283,0.0,0.0906644580978449,0.0,1.6133919088233932,3.000260659549702,3.4247081966485595
0.9999542003785439,0.0,0.0005739598919490998,0.0,0.0907444580978449,0.0,1.613063803141187,3.000260729670545,3.423761446449239
0.9999542867779514,0.0,0.0005729776394798713,0.0,0.0908244580978449,0.0,1.6127364978095253,3.0002607996577604,3.4228151166752117
0.9999543729890727,0.0,0.000571997900113846,0.0,0.09090445809784489,0.0,1.612409990157384,3.000260869511671,3.421869214546061
0.9999544590121624,0.0,0.0005710206652787071,0.0,0.09098445809784489,0.0,1.6120842775256012,3.000260939232596,3.420923746636527
0.9999545448474806,0.0,0.0005700459264388936,0.0,0.09106445809784489,0.0,1.6117593572654059,3.0002610088208534,3.419978719854346
0.9999546304952862,0.0,0.0005690736750952069,0.0,0.09114445809784488,0.0,1.6114352267388907,3.000261078276759,3.4190341407509264
0.9999547159558425,0.0,0.0005681039027846722,0.0,0.09122445809784488,0.0,1.611111883320094,3.0002611476006322,3.4180900160679974
0.9999548012294123,0.0,0.0005671366010804011,0.0,0.09130445809784488,0.0,1.6107893243928122,3.0002612167927882,3.4171463522340604
0.9999548863162628,0.0,0.0005661717615914418,0.0,0.09138445809784487,0.0,1.6104675473524863,3.0002612858535436,3.41620315594764
0.9999549712166612,0.0,0.0005652093759624397,0.0,0.09146445809784487,0.0,1.6101465496044622,3.0002613547832118,3.4152604331907677
0.9999550559308761,0.0,0.0005642494358735992,0.0,0.09154445809784487,0.0,1.6098263285652223,3.0002614235821072,3.414318190662593
0.9999551404591798,0.0,0.0005632919330404424,0.0,0.09162445809784486,0.0,1.6095068816622313,3.0002614922505435,3.4133764344027373
0.9999552248018448,0.0,0.0005623368592136655,0.0,0.09170445809784486,0.0,1.6091882063331222,3.000261560788834,3.4124351707888687
0.9999553089591457,0.0,0.0005613842061788765,0.0,0.09178445809784486,0.0,1.6088703000263342,3.0002616291972894,3.411494405755391
0.9999553929313577,0.0,0.0005604339657565236,0.0,0.09186445809784485,0.0,1.6085531602003202,3.000261697476221,3.4105541452511825
0.999955476718759,0.0,0.00055948612980163,0.0,0.09194445809784485,0.0,1.60823678432464,3.0002617656259396,3.4096143952900944
0.9999555603216291,0.0,0.0005585406902036962,0.0,0.09202445809784485,0.0,1.607921169878867,3.0002618336467552,3.4086751619759905
0.9999556437402485,0.0,0.0005575976388864668,0.0,0.09210445809784484,0.0,1.6076063143529535,3.0002619015389773,3.4077364506669396
0.9999557269748997,0.0,0.0005566569678077711,0.0,0.09218445809784484,0.0,1.6072922152472018,3.000261969302912,3.4067982678211237
0.9999558100258659,0.0,0.0005557186689593,0.0,0.09226445809784484,0.0,1.6069788700725316,3.000262036938869,3.405860618421868
0.9999558928934331,0.0,0.0005547827343666462,0.0,0.09234445809784483,0.0,1.6066662763487838,3.0002621044471542,3.404923508545974
0.9999559755778876,0.0,0.000553849156088816,0.0,0.09242445809784483,0.0,1.6063544316072287,3.000262171828074,3.4039869436514096
0.9999560580795172,0.0,0.0005529179262182215,0.0,0.09250445809784483,0.0,1.606043333389438,3.0002622390819336,3.403050929204573
0.9999561403986125,0.0,0.0005519890368806828,0.0,0.09258445809784482,0.0,1.6057329792455157,3.000262306209038,3.4021154705406085
0.9999562225354613,0.0,0.0005510624802348025,0.0,0.09266445809784482,0.0,1.6054233667368625,3.000262373209689,3.401180573034078
0.9999563044903598,0.0,0.0005501382484723667,0.0,0.09274445809784482,0.0,1.6051144934348034,3.0002624400841946,3.400246242214159
0.9999563862635981,0.0,0.0005492163338177032,0.0,0.09282445809784481,0.0,1.6048063569195683,3.000262506832853,3.3993124829401524
0.9999564678554712,0.0,0.0005482967285277683,0.0,0.09290445809784481,0.0,1.6044989547819115,3.000262573455966,3.3983793006479774
0.9999565492662773,0.0,0.0005473794248919754,0.0,0.09298445809784481,0.0,1.6041922846226624,3.000262639953838,3.397446700394911
0.9999566304963101,0.0,0.0005464644152318339,0.0,0.0930644580978448,0.0,1.6038863440519744,3.0002627063267666,3.3965146871910017
0.9999567115458706,0.0,0.0005455516919011178,0.0,0.0931444580978448,0.0,1.603581130689574,3.000262772575052,3.39558326627259
0.999956792415257,0.0,0.0005446412472853423,0.0,0.0932244580978448,0.0,1.6032766421655786,3.000262838698995,3.3946524420504867
0.9999568731047691,0.0,0.0005437330738019038,0.0,0.0933044580978448,0.0,1.6029728761184792,3.00026290469889,3.3937222197976182
0.9999569536147104,0.0,0.0005428271638997291,0.0,0.09338445809784479,0.0,1.602669830197876,3.0002629705750374,3.392792604269615
0.9999570339453825,0.0,0.0005419235100592182,0.0,0.09346445809784479,0.0,1.6023675020617236,3.0002630363277336,3.3918636001344504
0.999957114097089,0.0,0.0005410221047919907,0.0,0.09354445809784478,0.0,1.6020658893779702,3.0002631019572745,3.3909352120062444
0.9999571940701352,0.0,0.0005401229406409326,0.0,0.09362445809784478,0.0,1.6017649898232544,3.0002631674639537,3.3900074448429836
0.9999572738648264,0.0,0.0005392260101797093,0.0,0.09370445809784478,0.0,1.601464801085025,3.0002632328480683,3.3890803029091883
0.9999573534814703,0.0,0.0005383313060129313,0.0,0.09378445809784478,0.0,1.6011653208590362,3.0002632981099118,3.388153790909692
0.9999574329203745,0.0,0.0005374388207758609,0.0,0.09386445809784477,0.0,1.6008665468500027,3.000263363249777,3.387227913111545
0.9999575121818474,0.0,0.0005365485471342089,0.0,0.09394445809784477,0.0,1.6005684767730588,3.0002634282679557,3.386302673951558
0.9999575912661995,0.0,0.0005356604777840735,0.0,0.09402445809784477,0.0,1.6002711083517145,3.0002634931647414,3.385378078110352
0.9999576701737406,0.0,0.0005347746054518122,0.0,0.09410445809784476,0.0,1.5999744393183908,3.000263557940423,3.384454129667901
0.9999577489047823,0.0,0.0005338909228937123,0.0,0.09418445809784476,0.0,1.5996784674159228,3.000263622595292,3.3835308329077334
0.999957827459637,0.0,0.000533009422896054,0.0,0.09426445809784476,0.0,1.5993831903946334,3.000263687129639,3.3826081918804842
0.9999579058386185,0.0,0.0005321300982748699,0.0,0.09434445809784475,0.0,1.5990886060149845,3.000263751543752,3.3816862107179286
0.9999579840420393,0.0,0.0005312529418758051,0.0,0.09442445809784475,0.0,1.5987947120456443,3.0002638158379176,3.3807648940653636
0.9999580620702165,0.0,0.0005303779465739154,0.0,0.09450445809784475,0.0,1.5985015062652705,3.0002638800124273,3.3798442452695934
0.9999581399234639,0.0,0.0005295051052736114,0.0,0.09458445809784474,0.0,1.5982089864604485,3.0002639440675654,3.3789242685152
0.9999582176020986,0.0,0.0005286344109084878,0.0,0.09466445809784474,0.0,1.5979171504271057,3.0002640080036183,3.3780049678745576
0.9999582951064383,0.0,0.0005277658564411425,0.0,0.09474445809784474,0.0,1.5976259959694714,3.000264071820872,3.377086347266866
0.9999583724368003,0.0,0.0005268994348631039,0.0,0.09482445809784473,0.0,1.597335520900845,3.0002641355196116,3.3761684105149032
0.999958449593502,0.0,0.0005260351391945299,0.0,0.09490445809784473,0.0,1.5970457230435524,3.0002641991001187,3.3752511611591602
0.9999585265768653,0.0,0.0005251729624843087,0.0,0.09498445809784473,0.0,1.596756600228755,3.0002642625626805,3.3743346032048565
0.9999586033872074,0.0,0.0005243128978096721,0.0,0.09506445809784472,0.0,1.5964681502953628,3.0002643259075765,3.3734187400818554
0.9999586800248497,0.0,0.000523454938276231,0.0,0.09514445809784472,0.0,1.5961803710915219,3.0002643891350904,3.372503575650443
0.9999587564901148,0.0,0.0005225990770178294,0.0,0.09522445809784472,0.0,1.5958932604739628,3.000264452245503,3.371589113772778
0.9999588327833231,0.0,0.0005217453071962262,0.0,0.09530445809784471,0.0,1.595606816307715,3.000264515239095,3.3706753574765336
0.9999589089047967,0.0,0.0005208936220011601,0.0,0.09538445809784471,0.0,1.5953210364666457,3.000264578116146,3.369762310452522
0.9999589848548598,0.0,0.0005200440146501458,0.0,0.0954644580978447,0.0,1.5950359188321035,3.000264640876936,3.368849976202465
0.9999590606338359,0.0,0.0005191964783882791,0.0,0.0955444580978447,0.0,1.5947514612956422,3.0002647035217427,3.3679383582813625
0.999959136242048,0.0,0.0005183510064881662,0.0,0.0956244580978447,0.0,1.5944676617554658,3.000264766050845,3.3670274595843184
0.999959211679821,0.0,0.0005175075922498175,0.0,0.0957044580978447,0.0,1.5941845181182768,3.0002648284645175,3.3661172839562816
0.9999592869474808,0.0,0.0005166662290004035,0.0,0.0957844580978447,0.0,1.593902028300384,3.0002648907630403,3.3652078343350356
0.9999593620453525,0.0,0.0005158269100942255,0.0,0.09586445809784469,0.0,1.5936201902249698,3.0002649529466865,3.364299114319329
0.999959436973762,0.0,0.000514989628912498,0.0,0.09594445809784469,0.0,1.5933390018241802,3.000265015015733,3.36339112655845
0.9999595117330354,0.0,0.0005141543788633377,0.0,0.09602445809784468,0.0,1.5930584610375886,3.0002650769704515,3.362483874712319
0.9999595863235011,0.0,0.0005133211533815091,0.0,0.09610445809784468,0.0,1.5927785658142832,3.0002651388111183,3.3615773616378855
0.9999596607454861,0.0,0.0005124899459283631,0.0,0.09618445809784468,0.0,1.5924993141098682,3.0002652005380064,3.3606715903848414
0.9999597349993166,0.0,0.0005116607499916612,0.0,0.09626445809784467,0.0,1.5922207038887193,3.0002652621513857,3.359766563914345
0.999959809085324,0.0,0.0005108335590855098,0.0,0.09634445809784467,0.0,1.591942733123753,3.0002653236515324,3.3588622854717656
0.9999598830038344,0.0,0.0005100083667502132,0.0,0.09642445809784467,0.0,1.5916653997945045,3.000265385038712,3.357958757732026
0.9999599567551776,0.0,0.0005091851665520275,0.0,0.09650445809784466,0.0,1.591388701890149,3.0002654463132004,3.3570559837644134
0.9999600303396827,0.0,0.0005083639520832958,0.0,0.09658445809784466,0.0,1.5911126374058526,3.000265507475262,3.3561539663726414
0.9999601037576799,0.0,0.0005075447169619962,0.0,0.09666445809784466,0.0,1.5908372043463028,3.00026556852517,3.3552527081178605
0.9999601770094986,0.0,0.0005067274548318976,0.0,0.09674445809784465,0.0,1.5905624007236145,3.00026562946319,3.354352212192277
0.9999602500954694,0.0,0.0005059121593622909,0.0,0.09682445809784465,0.0,1.5902882245569465,3.000265690289591,3.3534524811864124
0.9999603230159229,0.0,0.000505098824247885,0.0,0.09690445809784465,0.0,1.5900146738738863,3.000265751004639,3.3525535176688357
0.9999603957711903,0.0,0.0005042874432087377,0.0,0.09698445809784464,0.0,1.5897417467095398,3.000265811608602,3.3516553243140534
0.999960468361602,0.0,0.0005034780099900123,0.0,0.09706445809784464,0.0,1.5894694411070174,3.0002658721017434,3.3507579038002833
0.99996054078749,0.0,0.0005026705183620124,0.0,0.09714445809784464,0.0,1.5891977551166818,3.000265932484329,3.349861258870649
0.9999606130491864,0.0,0.0005018649621199339,0.0,0.09722445809784463,0.0,1.5889266867965397,3.0002659927566246,3.348965391989898
0.999960685147023,0.0,0.0005010613350838587,0.0,0.09730445809784463,0.0,1.5886562342122563,3.0002660529188923,3.3480703052544385
0.9999607570813313,0.0,0.0005002596310985096,0.0,0.09738445809784463,0.0,1.5883863954369988,3.0002661129713952,3.3471760017317047
0.9999608288524428,0.0,0.0004994598440331376,0.0,0.09746445809784463,0.0,1.5881171685517088,3.0002661729143947,3.3462824835839857
0.9999609004606927,0.0,0.00049866196778164,0.0,0.09754445809784462,0.0,1.5878485516445044,3.0002662327481553,3.3453897530164967
0.9999609719064108,0.0,0.0004978659962620754,0.0,0.09762445809784462,0.0,1.5875805428110108,3.0002662924729346,3.3444978129866185
0.9999610431899323,0.0,0.0004970719234168708,0.0,0.09770445809784462,0.0,1.5873131401542422,3.000266352088996,3.3436066650297036
0.9999611143115889,0.0,0.0004962797432124963,0.0,0.09778445809784461,0.0,1.5870463417847176,3.000266411596597,3.3427163118597716
0.999961185271714,0.0,0.0004954894496394133,0.0,0.09786445809784461,0.0,1.586780145820103,3.0002664709959976,3.3418267559710495
0.9999612560706415,0.0,0.0004947010367120163,0.0,0.0979444580978446,0.0,1.5865145503854456,3.0002665302874556,3.3409379992648742
0.9999613267087031,0.0,0.0004939144984684235,0.0,0.0980244580978446,0.0,1.586249553612763,3.000266589471229,3.340050044040396
0.999961397186235,0.0,0.0004931298289704464,0.0,0.0981044580978446,0.0,1.5859851536424985,3.000266648547575,3.3391628919369247
0.9999614675035685,0.0,0.0004923470223034597,0.0,0.0981844580978446,0.0,1.5857213486199149,3.00026670751675,3.338276546264283
0.9999615376610382,0.0,0.0004915660725761909,0.0,0.09826445809784459,0.0,1.5854581367002158,3.000266766379009,3.3373910078931375
0.9999616076589788,0.0,0.0004907869739207779,0.0,0.09834445809784459,0.0,1.5851955160440683,3.000266825134608,3.3365062796216534
0.9999616774977226,0.0,0.0004900097204924805,0.0,0.09842445809784459,0.0,1.5849334848199426,3.0002668837838016,3.3356223628911534
0.9999617471776041,0.0,0.0004892343064697691,0.0,0.09850445809784458,0.0,1.5846720412017739,3.0002669423268418,3.3347392604735315
0.9999618166989573,0.0,0.0004884607260539575,0.0,0.09858445809784458,0.0,1.5844111833731485,3.0002670007639844,3.333856973620092
0.9999618860621164,0.0,0.00048768897346936367,0.0,0.09866445809784458,0.0,1.5841509095230448,3.00026705909548,3.332975504827306
0.9999619552674143,0.0,0.00048691904296300104,0.0,0.09874445809784457,0.0,1.583891217847488,3.0002671173215805,3.3320948554459218
0.9999620243151869,0.0,0.0004861509288046551,0.0,0.09882445809784457,0.0,1.583632106549528,3.0002671754425383,3.3312150275635575
0.9999620932057676,0.0,0.0004853846252865493,0.0,0.09890445809784457,0.0,1.5833735738391848,3.000267233458603,3.3303360229930785
0.9999621619394884,0.0,0.0004846201267233346,0.0,0.09898445809784456,0.0,1.583115617933632,3.000267291370025,3.3294578437107702
0.9999622305166865,0.0,0.0004838574274521574,0.0,0.09906445809784456,0.0,1.5828582370567066,3.000267349177054,3.328580491328406
0.9999622989376937,0.0,0.00048309652183224866,0.0,0.09914445809784456,0.0,1.5826014294389903,3.0002674068799378,3.3277039674769067
0.9999623672028443,0.0,0.00048233740424508093,0.0,0.09922445809784455,0.0,1.5823451933172976,3.000267464478924,3.3268282742648263
0.9999624353124726,0.0,0.00048158006909408577,0.0,0.09930445809784455,0.0,1.582089526936503,3.000267521974262,3.3259534130370785
0.9999625032669118,0.0,0.000480824510804629,0.0,0.09938445809784455,0.0,1.5818344285470012,3.000267579366197,3.3250793854261684
0.9999625710664963,0.0,0.000480070723823942,0.0,0.09946445809784454,0.0,1.5815798964066494,3.0002676366549745,3.3242061934039153
0.9999626387115595,0.0,0.00047931870262090114,0.0,0.09954445809784454,0.0,1.58132592877899,3.000267693840842,3.323333838142507
0.9999627062024354,0.0,0.00047856844168608854,0.0,0.09962445809784454,0.0,1.5810725239354855,3.0002677509240434,3.3224623212841435
0.9999627735394563,0.0,0.0004778199355314741,0.0,0.09970445809784453,0.0,1.5808196801534453,3.000267807904822,3.3215916446868827
0.9999628407229574,0.0,0.00047707317869061456,0.0,0.09978445809784453,0.0,1.5805673957164401,3.000267864783424,3.320721809412505
0.9999629077532712,0.0,0.00047632816571822775,0.0,0.09986445809784453,0.0,1.5803156689153228,3.0002679215600896,3.3198528178285
0.9999629746307288,0.0,0.00047558489119025634,0.0,0.09994445809784452,0.0,1.5800644980474203,3.0002679782350614,3.3189846704016968
0.999963041355667,0.0,0.00047484334970387986,0.0,0.10002445809784452,0.0,1.5798138814156277,3.000268034808583,3.3181173688184344
0.9999631079284166,0.0,0.0004741035358771597,0.0,0.10010445809784452,0.0,1.5795638173302116,3.0002680912808954,3.3172509146831275
0.9999631743493098,0.0,0.0004733654443491442,0.0,0.10018445809784451,0.0,1.5793143041069302,3.0002681476522364,3.31638530926234
0.999963240618681,0.0,0.0004726290697796898,0.0,0.10026445809784451,0.0,1.5790653400694667,3.000268203922849,3.315520553960671
0.9999633067368624,0.0,0.0004718944068493272,0.0,0.10034445809784451,0.0,1.5788169235467302,3.000268260092972,3.314656650092759
0.9999633727041842,0.0,0.00047116145025925376,0.0,0.1004244580978445,0.0,1.578569052873544,3.000268316162841,3.313793599156146
0.9999634385209808,0.0,0.0004704301947312273,0.0,0.1005044580978445,0.0,1.5783217263919946,3.0002683721326986,3.3129314019882914
0.999963504187583,0.0,0.00046970063500734795,0.0,0.1005844580978445,0.0,1.5780749424505265,3.0002684280027783,3.312070060211761
0.9999635697043232,0.0,0.00046897276585015354,0.0,0.1006644580978445,0.0,1.5778286994031483,3.000268483773319,3.3112095748735793
0.9999636350715326,0.0,0.00046824658204235145,0.0,0.10074445809784449,0.0,1.5775829956095428,3.0002685394445567,3.310349947403221
0.999963700289543,0.0,0.0004675220783868307,0.0,0.10082445809784449,0.0,1.577337829437714,3.0002685950167267,3.3094911786156516
0.9999637653586838,0.0,0.00046679924970648547,0.0,0.10090445809784448,0.0,1.577093199259477,3.000268650490063,3.3086332699640613
0.9999638302792886,0.0,0.00046607809084427647,0.0,0.10098445809784448,0.0,1.5768491034542955,3.0002687058648014,3.3077762224225684
0.9999638950516875,0.0,0.0004653585966629625,0.0,0.10106445809784448,0.0,1.576605540407127,3.0002687611411765,3.3069200371285983
0.9999639596762097,0.0,0.0004646407620450189,0.0,0.10114445809784448,0.0,1.5763625085093484,3.0002688163194207,3.3060647150793887
0.9999640241531861,0.0,0.00046392458189274265,0.0,0.10122445809784447,0.0,1.5761200061579022,3.000268871399764,3.3052102579779903
0.999964088482946,0.0,0.0004632100511279174,0.0,0.10130445809784447,0.0,1.5758780317558685,3.000268926382441,3.3043566656480303
0.9999641526658205,0.0,0.0004624971646919134,0.0,0.10138445809784447,0.0,1.5756365837127386,3.000268981267683,3.303503940005834
0.9999642167021383,0.0,0.0004617859175454294,0.0,0.10146445809784446,0.0,1.5753956604436568,3.0002690360557205,3.3026520818735015
0.9999642805922292,0.0,0.00046107630466855535,0.0,0.10154445809784446,0.0,1.575155260369845,3.0002690907467833,3.3018010921864525
0.9999643443364212,0.0,0.0004603683210605832,0.0,0.10162445809784446,0.0,1.5749153819180381,3.0002691453411,3.300950971869834
0.9999644079350442,0.0,0.0004596619617399929,0.0,0.10170445809784445,0.0,1.5746760235220194,3.0002691998389017,3.300101721775565
0.9999644713884258,0.0,0.0004589572217442498,0.0,0.10178445809784445,0.0,1.5744371836193365,3.000269254240417,3.2992533429091897
0.9999645346968937,0.0,0.00045825409612981424,0.0,0.10186445809784445,0.0,1.574198860655665,3.00026930854587,3.2984058362055144
0.9999645978607767,0.0,0.00045755257997207076,0.0,0.10194445809784444,0.0,1.573961053081164,3.0002693627554926,3.2975592021678626
0.9999646608804013,0.0,0.00045685266836518264,0.0,0.10202445809784444,0.0,1.5737237593519275,3.0002694168695068,3.29671344224081
0.9999647237560964,0.0,0.0004561543564220322,0.0,0.10210445809784444,0.0,1.573486977930113,3.0002694708881426,3.295868556747961
0.9999647864881875,0.0,0.00045545763927404807,0.0,0.10218445809784443,0.0,1.5732507072834372,3.0002695248116247,3.295024546698778
0.9999648490770013,0.0,0.0004547625120713352,0.0,0.10226445809784443,0.0,1.5730149458854223,3.000269578640175,3.2941814126760622
0.9999649115228646,0.0,0.00045406896998231806,0.0,0.10234445809784443,0.0,1.5727796922151323,3.000269632374022,3.2933391558376903
0.999964973826103,0.0,0.0004533770081938884,0.0,0.10242445809784442,0.0,1.5725449447571724,3.000269686013386,3.29249777640024
0.9999650359870419,0.0,0.00045268662191114893,0.0,0.10250445809784442,0.0,1.5723107020023943,3.000269739558491,3.2916572753456563
0.9999650980060064,0.0,0.00045199780635747584,0.0,0.10258445809784442,0.0,1.5720769624462168,3.0002697930095588,3.290817653617175
0.999965159883323,0.0,0.00045131055677431845,0.0,0.10266445809784441,0.0,1.571843724591027,3.0002698463668147,3.2899789114148366
0.999965221619315,0.0,0.00045062486842117823,0.0,0.10274445809784441,0.0,1.5716109869434067,3.000269899630476,3.2891410497636455
0.9999652832143064,0.0,0.0004499407365754692,0.0,0.1028244580978444,0.0,1.5713787480166932,3.0002699528007666,3.2883040692980336
0.9999653446686217,0.0,0.00044925815653256996,0.0,0.1029044580978444,0.0,1.5711470063280886,3.0002700058779053,3.287467970059178
0.9999654059825844,0.0,0.0004485771236055522,0.0,0.1029844580978444,0.0,1.5709157604023558,3.0002700588621116,3.2866327533585684
0.9999654671565168,0.0,0.0004478976331252678,0.0,0.1030644580978444,0.0,1.5706850087678326,3.0002701117536037,3.285798419417442
0.9999655281907427,0.0,0.0004472196804401497,0.0,0.1031444580978444,0.0,1.5704547499598402,3.000270164552602,3.2849649688230267
0.9999655890855836,0.0,0.00044654326091619786,0.0,0.10322445809784439,0.0,1.570224982518032,3.0002702172593234,3.2841324025660183
0.9999656498413618,0.0,0.00044586836993689983,0.0,0.10330445809784439,0.0,1.5699957049874456,3.000270269873985,3.2833007204524174
0.9999657104584009,0.0,0.0004451950029031617,0.0,0.10338445809784438,0.0,1.5697669159197696,3.000270322396805,3.2824699232621652
0.9999657709370192,0.0,0.0004445231552330863,0.0,0.10346445809784438,0.0,1.5695386138702156,3.000270374827998,3.281640011779045
0.9999658312775385,0.0,0.00044385282236210886,0.0,0.10354445809784438,0.0,1.5693107974004408,3.00027042716778,3.280810986210874
0.9999658914802798,0.0,0.00044318399974282156,0.0,0.10362445809784437,0.0,1.569083465077509,3.0002704794163666,3.2799828472668513
0.9999659515455629,0.0,0.0004425166828448275,0.0,0.10370445809784437,0.0,1.5688566154730887,3.000270531573972,3.279155594715098
0.9999660114737072,0.0,0.0004418508671547704,0.0,0.10378445809784437,0.0,1.5686302471647091,3.0002705836408112,3.2783292298364373
0.9999660712650325,0.0,0.0004411865481762581,0.0,0.10386445809784436,0.0,1.5684043587345466,3.0002706356170967,3.277503752713133
0.9999661309198568,0.0,0.00044052372142966846,0.0,0.10394445809784436,0.0,1.5681789487704976,3.0002706875030407,3.2766791630980974
0.9999661904384989,0.0,0.0004398623824522007,0.0,0.10402445809784436,0.0,1.5679540158652108,3.0002707392988572,3.275855462543013
0.9999662498212767,0.0,0.00043920252679776245,0.0,0.10410445809784435,0.0,1.5677295586161246,3.000270791004756,3.275032650402884
0.999966309068508,0.0,0.00043854415003684424,0.0,0.10418445809784435,0.0,1.5675055756274607,3.0002708426209486,3.274210727460315
0.9999663681805098,0.0,0.0004378872477564782,0.0,0.10426445809784435,0.0,1.5672820655070447,3.000270894147648,3.2733896944144747
0.9999664271575982,0.0,0.00043723181556021854,0.0,0.10434445809784434,0.0,1.5670590268678741,3.0002709455850614,3.272569550714946
0.9999664860000904,0.0,0.00043657784906795695,0.0,0.10442445809784434,0.0,1.566836458328862,3.0002709969334,3.271750297111762
0.9999665447083018,0.0,0.00043592534391598574,0.0,0.10450445809784434,0.0,1.5666143585127343,3.000271048192872,3.27093193414896
0.9999666032825474,0.0,0.0004352742957567526,0.0,0.10458445809784434,0.0,1.5663927260488684,3.0002710993636863,3.2701144612765844
0.9999666617231423,0.0,0.00043462470025896495,0.0,0.10466445809784433,0.0,1.5661715595703014,3.0002711504460504,3.2692978796676644
0.9999667200304012,0.0,0.00043397655310736994,0.0,0.10474445809784433,0.0,1.565950857715558,3.0002712014401727,3.2684821890776368
0.9999667782046384,0.0,0.0004333298500028667,0.0,0.10482445809784433,0.0,1.5657306191277174,3.0002712523462596,3.2676673895261743
0.9999668362461669,0.0,0.0004326845866621661,0.0,0.10490445809784432,0.0,1.5655108424551745,3.000271303164516,3.2668534820300135
0.9999668941552992,0.0,0.00043204075881795483,0.0,0.10498445809784432,0.0,1.5652915263513054,3.000271353895149,3.266040465853173
0.9999669519323495,0.0,0.0004313983622187231,0.0,0.10506445809784432,0.0,1.5650726694745127,3.0002714045383643,3.2652283413383967
0.9999670095776283,0.0,0.0004307573926287312,0.0,0.10514445809784431,0.0,1.5648542704875272,3.000271455094364,3.2644171089761915
0.9999670670914484,0.0,0.0004301178458279076,0.0,0.10522445809784431,0.0,1.5646363280581677,3.000271505563355,3.2636067691373354
0.9999671244741213,0.0,0.0004294797176117576,0.0,0.1053044580978443,0.0,1.5644188408591744,3.0002715559455413,3.2627973212057704
0.9999671817259558,0.0,0.00042884300379132927,0.0,0.1053844580978443,0.0,1.5642018075682873,3.000271606241122,3.261988765478194
0.9999672388472641,0.0,0.00042820770019324475,0.0,0.1054644580978443,0.0,1.5639852268672094,3.000271656450303,3.26118110297974
0.9999672958383551,0.0,0.0004275738026593988,0.0,0.1055444580978443,0.0,1.5637690974437581,3.0002717065732853,3.260374332500509
0.9999673526995386,0.0,0.00042694130704709426,0.0,0.10562445809784429,0.0,1.5635534179891275,3.000271756610271,3.2595684546292945
0.999967409431123,0.0,0.0004263102092288391,0.0,0.10570445809784429,0.0,1.5633381872003045,3.000271806561461,3.25876346993115
0.9999674660334166,0.0,0.00042568050509243235,0.0,0.10578445809784429,0.0,1.563123403778238,3.000271856427054,3.257959377747312
0.9999675225067275,0.0,0.00042505219054072104,0.0,0.10586445809784428,0.0,1.562909066428576,3.0002719062072516,3.2571561781724143
0.9999675788513626,0.0,0.0004244252614916619,0.0,0.10594445809784428,0.0,1.5626951738624373,3.000271955902253,3.2563538719994716
0.99996763506763,0.0,0.00042379971387822036,0.0,0.10602445809784428,0.0,1.5624817247947176,3.000272005512257,3.255552458171904
0.9999676911558333,0.0,0.0004231755436481853,0.0,0.10610445809784427,0.0,1.5622687179450665,3.00027205503746,3.2547519373749383
0.9999677471162804,0.0,0.0004225527467643612,0.0,0.10618445809784427,0.0,1.5620561520384733,3.000272104478062,3.2539523093686666
0.9999678029492776,0.0,0.0004219313192042991,0.0,0.10626445809784427,0.0,1.5618440258036006,3.000272153834262,3.253153573913527
0.9999678586551269,0.0,0.0004213112569602062,0.0,0.10634445809784426,0.0,1.5616323379745443,3.0002722031062525,3.2523557315505767
0.999967914234135,0.0,0.0004206925560390976,0.0,0.10642445809784426,0.0,1.5614210872884469,3.0002722522942324,3.251558781723578
0.9999679696866038,0.0,0.000420075212462445,0.0,0.10650445809784426,0.0,1.5612102724892147,3.000272301398396,3.2507627244066875
0.9999680250128379,0.0,0.0004194592222664186,0.0,0.10658445809784425,0.0,1.5609998923231645,3.000272350418939,3.2499675600235793
0.9999680802131393,0.0,0.0004188445815015516,0.0,0.10666445809784425,0.0,1.560789945541956,3.000272399356056,3.24917328759865
0.9999681352878113,0.0,0.00041823128623280815,0.0,0.10674445809784425,0.0,1.5605804309022404,3.0002724482099437,3.2483799078754343
0.9999681902371542,0.0,0.0004176193325395321,0.0,0.10682445809784424,0.0,1.5603713471640976,3.000272496980791,3.2475874202746082
0.9999682450614706,0.0,0.00041700871651534555,0.0,0.10690445809784424,0.0,1.5601626930929915,3.0002725456687958,3.2467958248017674
0.9999682997610606,0.0,0.00041639943426810295,0.0,0.10698445809784424,0.0,1.5599544674578636,3.000272594274148,3.246005121204142
0.999968354336224,0.0,0.00041579148191978743,0.0,0.10706445809784423,0.0,1.55974666903288,3.0002726427970403,3.245215309750054
0.9999684087872602,0.0,0.00041518485560648424,0.0,0.10714445809784423,0.0,1.5595392965966803,3.000272691237665,3.2444263897206373
0.9999684631144694,0.0,0.00041457955147838205,0.0,0.10722445809784423,0.0,1.559332348930764,3.0002727395962125,3.243638361092332
0.9999685173181492,0.0,0.0004139755656995945,0.0,0.10730445809784422,0.0,1.5591258248225373,3.000272787872873,3.2428512238924037
0.9999685713985977,0.0,0.0004133728944481593,0.0,0.10738445809784422,0.0,1.5589197230629517,3.000272836067838,3.2420649778387625
0.9999686253561129,0.0,0.0004127715339159747,0.0,0.10746445809784422,0.0,1.558714042448074,3.0002728841812956,3.2412796227811107
0.9999686791909913,0.0,0.0004121714803087083,0.0,0.10754445809784421,0.0,1.5585087817773746,3.000272932213437,3.240495158784407
0.9999687329035293,0.0,0.00041157272984580507,0.0,0.10762445809784421,0.0,1.5583039398545113,3.000272980164449,3.2397115843963724
0.9999687864940238,0.0,0.00041097527876038435,0.0,0.10770445809784421,0.0,1.5580995154881085,3.000273028034521,3.238928900812507
0.9999688399627689,0.0,0.00041037912329915165,0.0,0.1077844580978442,0.0,1.5578955074907574,3.0002730758238396,3.2381471071899397
0.9999688933100593,0.0,0.0004097842597223709,0.0,0.1078644580978442,0.0,1.557691914679217,3.0002731235325917,3.237366203255848
0.99996894653619,0.0,0.00040919068430380853,0.0,0.1079444580978442,0.0,1.557488735874213,3.0002731711609663,3.236586188796621
0.9999689996414544,0.0,0.0004085983933307201,0.0,0.1080244580978442,0.0,1.5572859699003678,3.000273218709146,3.2358070637135845
0.999969052626145,0.0,0.00040800738310363687,0.0,0.10810445809784419,0.0,1.5570836155880756,3.0002732661773197,3.2350288276204036
0.9999691054905567,0.0,0.00040741764993653415,0.0,0.10818445809784419,0.0,1.556881671769907,3.000273313565674,3.2342514796438717
0.9999691582349787,0.0,0.0004068291901565858,0.0,0.10826445809784419,0.0,1.5566801372832864,3.000273360874387,3.2334750204616816
0.9999692108597037,0.0,0.00040624200010415883,0.0,0.10834445809784418,0.0,1.5564790109701745,3.0002734081036486,3.2326994493157173
0.9999692633650232,0.0,0.00040565607613281246,0.0,0.10842445809784418,0.0,1.5562782916760218,3.0002734552536414,3.2319247657603034
0.9999693157512269,0.0,0.0004050714146091875,0.0,0.10850445809784418,0.0,1.5560779782505483,3.0002735023245477,3.2311509694536418
0.9999693680186045,0.0,0.00040448801191294225,0.0,0.10858445809784417,0.0,1.5558780695478789,3.0002735493165513,3.230378060347212
0.999969420167446,0.0,0.00040390586443675577,0.0,0.10866445809784417,0.0,1.5556785644256215,3.000273596229834,3.2296060383956045
0.9999694721980389,0.0,0.0004033249685861806,0.0,0.10874445809784417,0.0,1.555479461745749,3.0002736430645762,3.228834902239203
0.9999695241106731,0.0,0.0004027453207797027,0.0,0.10882445809784416,0.0,1.555280760373881,3.0002736898209625,3.2280646517655187
0.9999695759056346,0.0,0.00040216691744855297,0.0,0.10890445809784416,0.0,1.5550824591797086,3.000273736499171,3.2272952874111906
0.999969627583211,0.0,0.00040158975503677707,0.0,0.10898445809784416,0.0,1.5548845570378216,3.0002737830993826,3.226526807846135
0.9999696791436891,0.0,0.00040101383000109073,0.0,0.10906445809784415,0.0,1.554687052825462,3.0002738296217797,3.2257592130927226
0.9999697305873548,0.0,0.00040043913881094326,0.0,0.10914445809784415,0.0,1.5544899454236893,3.0002738760665375,3.2249925028029134
0.9999697819144933,0.0,0.00039986567794820637,0.0,0.10922445809784415,0.0,1.5542932337193167,3.0002739224338395,3.224226676794333
0.999969833125389,0.0,0.00039929344390744173,0.0,0.10930445809784414,0.0,1.554096916601362,3.000273968723861,3.22346173420185
0.9999698842203261,0.0,0.0003987224331956528,0.0,0.10938445809784414,0.0,1.5539009929632326,3.0002740149367804,3.22269767443477
0.9999699351995885,0.0,0.000398152642332301,0.0,0.10946445809784414,0.0,1.5537054617013373,3.0002740610727754,3.2219344974560706
0.99996998606346,0.0,0.0003975840678491802,0.0,0.10954445809784413,0.0,1.5535103217181638,3.0002741071320247,3.22117220288485
0.9999700368122221,0.0,0.00039701670629044663,0.0,0.10962445809784413,0.0,1.5533155719176122,3.0002741531147032,3.220410790278449
0.9999700874461581,0.0,0.00039645055421257103,0.0,0.10970445809784413,0.0,1.5531212112091974,3.000274199020989,3.21965025900696
0.9999701379655478,0.0,0.00039588560818411565,0.0,0.10978445809784412,0.0,1.5529272385049844,3.000274244851056,3.218890608297985
0.9999701883706722,0.0,0.00039532186478593505,0.0,0.10986445809784412,0.0,1.5527336527215732,3.000274290605079,3.21813183802835
0.9999702386618126,0.0,0.00039475932061097544,0.0,0.10994445809784412,0.0,1.5525404527789493,3.000274336283236,3.217373947760397
0.9999702888392477,0.0,0.000394197972264258,0.0,0.11002445809784411,0.0,1.5523476376014707,3.000274381885697,3.2166169369132893
0.9999703389032566,0.0,0.00039363781636276917,0.0,0.11010445809784411,0.0,1.5521552061158739,3.000274427412638,3.2158608048639334
0.9999703888541189,0.0,0.0003930788495355231,0.0,0.1101844580978441,0.0,1.5519631572538388,3.000274472864233,3.2151055515464853
0.9999704386921111,0.0,0.0003925210684233873,0.0,0.1102644580978441,0.0,1.5517714899515727,3.0002745182406545,3.2143511758301058
0.9999704884175116,0.0,0.00039196446967917854,0.0,0.1103444580978441,0.0,1.5515802031455852,3.0002745635420744,3.213597677486963
0.9999705380305965,0.0,0.000391409049967403,0.0,0.1104244580978441,0.0,1.5513892957802953,3.0002746087686654,3.2128450562449675
0.9999705875316426,0.0,0.00039085480596447154,0.0,0.1105044580978441,0.0,1.5511987668004585,3.0002746539205982,3.2120933111240575
0.999970636920926,0.0,0.0003903017343583917,0.0,0.11058445809784409,0.0,1.5510086151574591,3.000274698998047,3.2113424418097307
0.9999706861987193,0.0,0.00038974983184886003,0.0,0.11066445809784409,0.0,1.5508188398026201,3.0002747440011777,3.210592447558873
0.9999707353652998,0.0,0.0003891990951472584,0.0,0.11074445809784408,0.0,1.5506294396948492,3.0002747889301644,3.209843328525342
0.9999707844209403,0.0,0.0003886495209764734,0.0,0.11082445809784408,0.0,1.5504404137933308,3.000274833785175,3.2090950829841955
0.9999708333659145,0.0,0.0003881011060709104,0.0,0.11090445809784408,0.0,1.5502517610627033,3.0002748785663798,3.2083477113619883
0.9999708822004948,0.0,0.0003875538471764624,0.0,0.11098445809784407,0.0,1.55006348047084,3.000274923273947,3.2076012126690463
0.9999709309249533,0.0,0.0003870077410503784,0.0,0.11106445809784407,0.0,1.5498755709896754,3.0002749679080467,3.206855585994947
0.9999709795395613,0.0,0.00038646278446135976,0.0,0.11114445809784407,0.0,1.549688031592782,3.0002750124688435,3.2061108314879463
0.9999710280445904,0.0,0.0003859189741893835,0.0,0.11122445809784406,0.0,1.5495008612597194,3.0002750569565086,3.2053669484089435
0.9999710764403107,0.0,0.00038537630702575144,0.0,0.11130445809784406,0.0,1.5493140589714758,3.0002751013712063,3.204623935436704
0.9999711247269929,0.0,0.0003848347797729351,0.0,0.11138445809784406,0.0,1.5491276237139078,3.0002751457131067,3.2038817926448786
0.9999711729049047,0.0,0.00038429438924460533,0.0,0.11146445809784405,0.0,1.5489415544759586,3.0002751899823714,3.2031405193266744
0.9999712209743166,0.0,0.000383755132265577,0.0,0.11154445809784405,0.0,1.548755850250555,3.0002752341791714,3.2024001141694503
0.9999712689354952,0.0,0.0003832170056717626,0.0,0.11162445809784405,0.0,1.5485705100318952,3.0002752783036684,3.2016605776614355
0.9999713167887079,0.0,0.000382680006310033,0.0,0.11170445809784404,0.0,1.5483855328209657,3.000275322356028,3.20092190857397
0.9999713645342236,0.0,0.0003821441310384217,0.0,0.11178445809784404,0.0,1.5482009176194602,3.0002753663364166,3.2001841063931926
0.9999714121723065,0.0,0.0003816093767257313,0.0,0.11186445809784404,0.0,1.5480166634338106,3.0002754102449956,3.1994471704372516
0.9999714597032238,0.0,0.0003810757402517559,0.0,0.11194445809784404,0.0,1.547832769273731,3.000275454081931,3.198711099654172
0.9999715071272409,0.0,0.00038054321850714847,0.0,0.11202445809784403,0.0,1.5476492341520458,3.0002754978473862,3.197975893802975
0.9999715544446205,0.0,0.00038001180839335636,0.0,0.11210445809784403,0.0,1.5474660570843977,3.0002755415415208,3.19724155281764
0.999971601655629,0.0,0.0003794815068225822,0.0,0.11218445809784403,0.0,1.5472832370913907,3.0002755851645015,3.1965080747303873
0.9999716487605281,0.0,0.00037895231071776136,0.0,0.11226445809784402,0.0,1.547100773195292,3.000275628716486,3.1957754599208013
0.9999716957595814,0.0,0.0003784242170125033,0.0,0.11234445809784402,0.0,1.546918664423301,3.0002756721976382,3.1950437074584435
0.9999717426530512,0.0,0.00037789722265106374,0.0,0.11242445809784402,0.0,1.5467369098036239,3.0002757156081197,3.194312816383797
0.9999717894411991,0.0,0.00037737132458823,0.0,0.11250445809784401,0.0,1.5465555083705176,3.000275758948091,3.193582785846514
0.9999718361242863,0.0,0.00037684651978945666,0.0,0.11258445809784401,0.0,1.5463744591592636,3.0002758022177103,3.192853615692222
0.9999718827025729,0.0,0.00037632280523052164,0.0,0.112664458097844,0.0,1.5461937612106194,3.000275845417139,3.1921253056322425
0.9999719291763202,0.0,0.0003758001778978472,0.0,0.112744458097844,0.0,1.5460134135659478,3.0002758885465375,3.191397853386342
0.9999719755457867,0.0,0.000375278634788132,0.0,0.112824458097844,0.0,1.54583341527184,3.0002759316060637,3.190671259095095
0.9999720218112299,0.0,0.000374758172908434,0.0,0.112904458097844,0.0,1.5456537653777662,3.000275974595874,3.1899455227550004
0.9999720679729103,0.0,0.00037423878927624364,0.0,0.11298445809784399,0.0,1.5454744629360957,3.000276017516132,3.189220643165415
0.9999721140310842,0.0,0.0003737204809192715,0.0,0.11306445809784399,0.0,1.545295507002844,3.0002760603669905,3.188496618603773
0.9999721599860089,0.0,0.00037320324487549197,0.0,0.11314445809784399,0.0,1.545116896636288,3.0002761031486083,3.187773450003913
0.9999722058379403,0.0,0.00037268707819301594,0.0,0.11322445809784398,0.0,1.5449386308987638,3.000276145861142,3.187051135263296
0.9999722515871365,0.0,0.0003721719779302288,0.0,0.11330445809784398,0.0,1.5447607088559905,3.0002761885047518,3.1863296743167338
0.9999722972338506,0.0,0.0003716579411555101,0.0,0.11338445809784398,0.0,1.5445831295756607,3.0002762310795883,3.1856090662711005
0.9999723427783384,0.0,0.000371144964947358,0.0,0.11346445809784397,0.0,1.5444058921296708,3.000276273585812,3.1848893106634786
0.9999723882208528,0.0,0.0003706330463943244,0.0,0.11354445809784397,0.0,1.5442289955927375,3.0002763160235726,3.1841704064022927
0.9999724335616489,0.0,0.00037012218259489143,0.0,0.11362445809784397,0.0,1.5440524390428576,3.000276358393031,3.1834523528611016
0.9999724788009795,0.0,0.00036961237065759447,0.0,0.11370445809784396,0.0,1.543876221560885,3.0002764006943385,3.182735148810933
0.9999725239390957,0.0,0.0003691036077007203,0.0,0.11378445809784396,0.0,1.5437003422308722,3.0002764429276505,3.1820187944603253
0.9999725689762499,0.0,0.0003685958908525866,0.0,0.11386445809784396,0.0,1.5435248001391506,3.0002764850931167,3.1813032883804313
0.9999726139126941,0.0,0.00036808921725122856,0.0,0.11394445809784395,0.0,1.543349594376796,3.0002765271908953,3.1805886299504524
0.9999726587486789,0.0,0.000367583584044492,0.0,0.11402445809784395,0.0,1.543174724037535,3.0002765692211386,3.179874817875709
0.9999727034844542,0.0,0.0003670789883900047,0.0,0.11410445809784395,0.0,1.5430001882166842,3.0002766111839976,3.17916185250714
0.9999727481202686,0.0,0.00036657542745504527,0.0,0.11418445809784394,0.0,1.5428259860137021,3.0002766530796228,3.178449732193327
0.9999727926563727,0.0,0.0003660728984165825,0.0,0.11426445809784394,0.0,1.5426521165313236,3.000276694908171,3.1777384560152324
0.9999728370930128,0.0,0.000365571398461194,0.0,0.11434445809784394,0.0,1.5424785788749753,3.000276736669787,3.177028023727895
0.9999728814304382,0.0,0.00036507092478509865,0.0,0.11442445809784393,0.0,1.5423053721520865,3.000276778364625,3.1763184341668764
0.9999729256688957,0.0,0.0003645714745939724,0.0,0.11450445809784393,0.0,1.5421324954753755,3.000276819992837,3.1756096867374803
0.9999729698086322,0.0,0.0003640730451031226,0.0,0.11458445809784393,0.0,1.5419599479581607,3.0002768615545703,3.174901780544343
0.9999730138498935,0.0,0.00036357563353718234,0.0,0.11466445809784392,0.0,1.541787728718386,3.000276903049978,3.1741947149390444
0.9999730577929251,0.0,0.00036307923713033765,0.0,0.11474445809784392,0.0,1.5416158368755855,3.0002769444792046,3.173488488696689
0.9999731016379722,0.0,0.0003625838531260628,0.0,0.11482445809784392,0.0,1.5414442715537044,3.0002769858424037,3.172783102221911
0.9999731453852782,0.0,0.0003620894787772726,0.0,0.11490445809784391,0.0,1.541273031878582,3.0002770271397208,3.1720785524799173
0.9999731890350877,0.0,0.0003615961113461628,0.0,0.11498445809784391,0.0,1.5411021169788672,3.0002770683713043,3.1713748405537294
0.9999732325876445,0.0,0.00036110374810418064,0.0,0.11506445809784391,0.0,1.5409315259877634,3.0002771095373055,3.1706719652546074
0.9999732760431891,0.0,0.00036061238633206075,0.0,0.1151444580978439,0.0,1.540761258037928,3.0002771506378654,3.1699699246939423
0.9999733194019648,0.0,0.0003601220233196803,0.0,0.1152244580978439,0.0,1.5405913122690882,3.0002771916731357,3.169268719058923
0.9999733626642141,0.0,0.0003596326563661813,0.0,0.1153044580978439,0.0,1.5404216878206298,3.000277232643263,3.168568347503182
0.9999734058301762,0.0,0.000359144282779746,0.0,0.1153844580978439,0.0,1.5402523838361142,3.0002772735483902,3.167868808856077
0.9999734489000925,0.0,0.0003586568998776293,0.0,0.11546445809784389,0.0,1.5400833994625003,3.000277314388667,3.1671701021567378
0.9999734918742018,0.0,0.00035817050498619787,0.0,0.11554445809784389,0.0,1.539914733848832,3.0002773551642368,3.166472227030942
0.9999735347527446,0.0,0.00035768509544084766,0.0,0.11562445809784389,0.0,1.5397463861464882,3.000277395875247,3.1657751820900417
0.9999735775359577,0.0,0.000357200668585896,0.0,0.11570445809784388,0.0,1.53957835551037,3.000277436521837,3.165078967110008
0.9999736202240812,0.0,0.0003567172217746626,0.0,0.11578445809784388,0.0,1.539410641097592,3.000277477104157,3.164383580448206
0.9999736628173509,0.0,0.0003562347523693267,0.0,0.11586445809784388,0.0,1.53924324206952,3.0002775176223477,3.163689022189627
0.9999737053160042,0.0,0.00035575325774093433,0.0,0.11594445809784387,0.0,1.5390761575884953,3.0002775580765526,3.162995290400969
0.999973747720277,0.0,0.000355272735269407,0.0,0.11602445809784387,0.0,1.5389093868214292,3.000277598466915,3.162302384589358
0.9999737900304074,0.0,0.0003547931823435109,0.0,0.11610445809784387,0.0,1.5387429289353043,3.0002776387935812,3.1616103046083954
0.9999738322466276,0.0,0.0003543145963606155,0.0,0.11618445809784386,0.0,1.5385767831033252,3.00027767905669,3.1609190485737497
0.9999738743691725,0.0,0.0003538369747269652,0.0,0.11626445809784386,0.0,1.538410948497964,3.000277719256381,3.160228616525171
0.9999739163982786,0.0,0.0003533603148574544,0.0,0.11634445809784386,0.0,1.5382454242976455,3.000277759392804,3.1595390067982856
0.9999739583341776,0.0,0.0003528846141756322,0.0,0.11642445809784385,0.0,1.538080209680937,3.0002777994660943,3.1588502186865535
0.9999740001771024,0.0,0.00035240987011369565,0.0,0.11650445809784385,0.0,1.537915303830227,3.0002778394763925,3.158162251508998
0.9999740419272856,0.0,0.00035193608011237345,0.0,0.11658445809784385,0.0,1.537750705930822,3.0002778794238414,3.1574751045094187
0.9999740835849594,0.0,0.0003514632416210253,0.0,0.11666445809784384,0.0,1.5375864151697145,3.0002779193085813,3.1567887763550053
0.9999741251503541,0.0,0.00035099135209743887,0.0,0.11674445809784384,0.0,1.5374224307378987,3.000277959130751,3.1561032666151863
0.9999741666237014,0.0,0.0003505204090079836,0.0,0.11682445809784384,0.0,1.537258751828394,3.00027799889049,3.1554185741633
0.9999742080052315,0.0,0.0003500504098274284,0.0,0.11690445809784383,0.0,1.5370953776366154,3.00027803858794,3.1547346979861475
0.9999742492951734,0.0,0.0003495813520389883,0.0,0.11698445809784383,0.0,1.5369323073607493,3.0002780782232374,3.154051637488783
0.9999742904937553,0.0,0.00034911323313422163,0.0,0.11706445809784383,0.0,1.5367695402016843,3.000278117796518,3.1533693911271348
0.9999743316012069,0.0,0.000348646050613046,0.0,0.11714445809784382,0.0,1.536607075363059,3.000278157307925,3.1526879590671633
0.9999743726177568,0.0,0.0003481798019837872,0.0,0.11722445809784382,0.0,1.5364449120515191,3.0002781967575953,3.152007339504438
0.9999744135436305,0.0,0.00034771448476292587,0.0,0.11730445809784382,0.0,1.5362830494746724,3.0002782361456624,3.1513275319077594
0.9999744543790557,0.0,0.0003472500964752861,0.0,0.11738445809784381,0.0,1.5361214868446593,3.000278275472266,3.1506485350296534
0.9999744951242582,0.0,0.0003467866346538046,0.0,0.11746445809784381,0.0,1.535960223375356,3.000278314737544,3.149970348250129
0.9999745357794649,0.0,0.0003463240968397312,0.0,0.11754445809784381,0.0,1.5357992582831386,3.0002783539416327,3.149292970792684
0.9999745763448981,0.0,0.0003458624805824215,0.0,0.1176244580978438,0.0,1.5356385907863428,3.0002783930846606,3.1486164016767044
0.9999746168207859,0.0,0.0003454017834393297,0.0,0.1177044580978438,0.0,1.5354782201074946,3.000278432166774,3.147940639645574
0.9999746572073505,0.0,0.0003449420029759942,0.0,0.1177844580978438,0.0,1.5353181454707938,3.000278471188102,3.14726568374188
0.9999746975048148,0.0,0.00034448313676602903,0.0,0.1178644580978438,0.0,1.5351583661024477,3.0002785101487808,3.1465915336887083
0.9999747377134026,0.0,0.00034402518239107937,0.0,0.11794445809784379,0.0,1.5349988812311328,3.0002785490489456,3.145918187601467
0.9999747778333355,0.0,0.0003435681374407411,0.0,0.11802445809784379,0.0,1.5348396900896712,3.000278587888729,3.145245645422931
0.9999748178648363,0.0,0.0003431119995126849,0.0,0.11810445809784378,0.0,1.5346807919115653,3.0002786266682655,3.144573905349742
0.9999748578081259,0.0,0.00034265676621234373,0.0,0.11818445809784378,0.0,1.53452218593369,3.0002786653876896,3.143902968103043
0.9999748976634241,0.0,0.000342202435153171,0.0,0.11826445809784378,0.0,1.534363871394886,3.000278704047132,3.143232831138623
0.9999749374309523,0.0,0.0003417490039564608,0.0,0.11834445809784377,0.0,1.5342058475366769,3.000278742646727,3.1425634934189106
0.9999749771109293,0.0,0.0003412964702512851,0.0,0.11842445809784377,0.0,1.534048113603504,3.000278781186607,3.1418949550990507
0.9999750167035749,0.0,0.00034084483167460324,0.0,0.11850445809784377,0.0,1.5338906688424034,3.000278819666906,3.1412272153677216
0.9999750562091074,0.0,0.00034039408587109815,0.0,0.11858445809784376,0.0,1.5337335125014053,3.0002788580877535,3.1405602714970025
0.999975095627744,0.0,0.0003399442304931953,0.0,0.11866445809784376,0.0,1.5335766438321614,3.000278896449281,3.1398941241069895
0.9999751349597031,0.0,0.0003394952632010655,0.0,0.11874445809784376,0.0,1.5334200620885288,3.0002789347516194,3.139228771577316
0.999975174205201,0.0,0.00033904718166250663,0.0,0.11882445809784375,0.0,1.5332637665274815,3.000278972994901,3.1385642136881295
0.9999752133644538,0.0,0.0003385999835530274,0.0,0.11890445809784375,0.0,1.5331077564061606,3.000279011179253,3.137900449089955
0.999975252437678,0.0,0.00033815366655570907,0.0,0.11898445809784375,0.0,1.5329520309868927,3.000279049304809,3.13723747602271
0.9999752914250891,0.0,0.0003377082283612649,0.0,0.11906445809784375,0.0,1.5327965895328037,3.0002790873716982,3.1365752950113146
0.9999753303269,0.0,0.00033726366666793036,0.0,0.11914445809784374,0.0,1.5326414313092709,3.000279125380046,3.1359139041018977
0.9999753691433273,0.0,0.00033681997918150305,0.0,0.11922445809784374,0.0,1.5324865555852738,3.0002791633299872,3.1352533024509683
0.9999754078745838,0.0,0.00033637716361527574,0.0,0.11930445809784374,0.0,1.5323319616304432,3.000279201221648,3.134593489092558
0.9999754465208813,0.0,0.0003359352176899761,0.0,0.11938445809784373,0.0,1.5321776487183554,3.0002792390551556,3.133934463320941
0.9999754850824343,0.0,0.0003354941391338515,0.0,0.11946445809784373,0.0,1.5320236161235585,3.0002792768306397,3.1332762243354666
0.9999755235594533,0.0,0.00033505392568247894,0.0,0.11954445809784373,0.0,1.5318698631242043,3.000279314548226,3.1326187709831377
0.9999755619521504,0.0,0.00033461457507886984,0.0,0.11962445809784372,0.0,1.5317163889996601,3.0002793522080444,3.1319621018490675
0.9999756002607367,0.0,0.0003341760850734121,0.0,0.11970445809784372,0.0,1.5315631930323668,3.0002793898102196,3.131306216794315
0.9999756384854233,0.0,0.00033373845342376396,0.0,0.11978445809784372,0.0,1.5314102745071552,3.0002794273548816,3.130651113548578
0.999975676626419,0.0,0.0003333016778949413,0.0,0.11986445809784371,0.0,1.5312576327098462,3.0002794648421514,3.1299967933027624
0.9999757146839326,0.0,0.00033286575625912515,0.0,0.11994445809784371,0.0,1.531105266930896,3.000279502272159,3.129343252189998
0.9999757526581756,0.0,0.0003324306862958675,0.0,0.1200244580978437,0.0,1.5309531764604225,3.0002795396450335,3.1286904919263385
0.9999757905493541,0.0,0.000331996465791877,0.0,0.1201044580978437,0.0,1.5308013605927169,3.000279576960894,3.1280385106002395
0.9999758283576761,0.0,0.00033156309254101375,0.0,0.1201844580978437,0.0,1.5306498186228576,3.000279614219867,3.1273873055483583
0.9999758660833491,0.0,0.00033113056434435256,0.0,0.1202644580978437,0.0,1.530498549849954,3.000279651422078,3.1267368788232934
0.9999759037265804,0.0,0.000330698879010068,0.0,0.12034445809784369,0.0,1.5303475535743476,3.0002796885676526,3.1260872269293696
0.9999759412875754,0.0,0.0003302680343534109,0.0,0.12042445809784369,0.0,1.530196829098143,3.0002797256567137,3.125438350453744
0.99997597876654,0.0,0.0003298380281967804,0.0,0.12050445809784369,0.0,1.5300463757256884,3.0002797626893853,3.124790248355562
0.9999760161636804,0.0,0.00032940885836955084,0.0,0.12058445809784368,0.0,1.5298961927652883,3.0002797996657926,3.1241429182139093
0.9999760534792,0.0,0.0003289805227081689,0.0,0.12066445809784368,0.0,1.5297462795254477,3.000279836586056,3.1234963602999355
0.9999760907133024,0.0,0.00032855301905598545,0.0,0.12074445809784368,0.0,1.5295966353173407,3.0002798734502973,3.1228505736853793
0.9999761278661939,0.0,0.00032812634526345453,0.0,0.12082445809784367,0.0,1.5294472594554618,3.0002799102586453,3.122205556579776
0.9999761649380747,0.0,0.0003277004991878206,0.0,0.12090445809784367,0.0,1.5292981512546264,3.000279947011217,3.1215613086918648
0.999976201929149,0.0,0.00032727547869338113,0.0,0.12098445809784367,0.0,1.529149310033968,3.0002799837081335,3.1209178290551995
0.9999762388396173,0.0,0.0003268512816511307,0.0,0.12106445809784366,0.0,1.5290007351129564,3.000280020349519,3.120275115923788
0.9999762756696831,0.0,0.00032642790593914544,0.0,0.12114445809784366,0.0,1.5288524258137577,3.0002800569354955,3.119633169401248
0.9999763124195463,0.0,0.0003260053494421667,0.0,0.12122445809784366,0.0,1.5287043814614811,3.0002800934661815,3.118991987412098
0.9999763490894074,0.0,0.00032558361005179185,0.0,0.12130445809784365,0.0,1.5285566013822716,3.000280129941699,3.118351568923366
0.9999763856794671,0.0,0.0003251626856664213,0.0,0.12138445809784365,0.0,1.5284090849055978,3.000280166362169,3.117711914369174
0.9999764221899243,0.0,0.0003247425741911676,0.0,0.12146445809784365,0.0,1.5282618313602683,3.0002802027277107,3.117073021649644
0.9999764586209791,0.0,0.0003243232735379194,0.0,0.12154445809784364,0.0,1.5281148400822067,3.0002802390384455,3.116434890190349
0.9999764949728273,0.0,0.0003239047816251623,0.0,0.12162445809784364,0.0,1.527968110404777,3.0002802752944873,3.1157975184233244
0.999976531245669,0.0,0.0003234870963781702,0.0,0.12170445809784364,0.0,1.527821641665596,3.000280311495961,3.1151609057501424
0.999976567439701,0.0,0.0003230702157288108,0.0,0.12178445809784363,0.0,1.527675433204345,3.000280347642984,3.1145250512559457
0.9999766035551201,0.0,0.0003226541376155835,0.0,0.12186445809784363,0.0,1.527529484362037,3.000280383735672,3.1138899544473295
0.9999766395921244,0.0,0.0003222388599836218,0.0,0.12194445809784363,0.0,1.5273837944814257,3.0002804197741493,3.11325561310692
0.9999766755509065,0.0,0.0003218243807845274,0.0,0.12202445809784362,0.0,1.5272383629091792,3.0002804557585256,3.112622027185168
0.9999767114316647,0.0,0.00032141069797655784,0.0,0.12210445809784362,0.0,1.527093188992206,3.0002804916889243,3.111989195398255
0.9999767472345928,0.0,0.0003209978095244111,0.0,0.12218445809784362,0.0,1.526948272081324,3.000280527565463,3.1113571165353555
0.999976782959885,0.0,0.00032058571339938413,0.0,0.12226445809784361,0.0,1.5268036115263512,3.0002805633882543,3.1107257896529763
0.9999768186077371,0.0,0.00032017440757916443,0.0,0.12234445809784361,0.0,1.526659206683037,3.0002805991574206,3.110095213990667
0.9999768541783395,0.0,0.0003197638900478618,0.0,0.12242445809784361,0.0,1.5265150569053882,3.000280634873073,3.109465388302826
0.9999768896718869,0.0,0.00031935415879607405,0.0,0.1225044580978436,0.0,1.5263711615522169,3.0002806705353304,3.108836312180787
0.9999769250885724,0.0,0.00031894521182079,0.0,0.1225844580978436,0.0,1.5262275199838164,3.0002807061443098,3.1082079840783763
0.9999769604285853,0.0,0.0003185370471253078,0.0,0.1226644580978436,0.0,1.5260841315608051,3.000280741700122,3.1075804027476384
0.9999769956921201,0.0,0.0003181296627193882,0.0,0.1227444580978436,0.0,1.5259409956480803,3.0002807772028866,3.106953568036155
0.9999770308793667,0.0,0.00031772305661902485,0.0,0.12282445809784359,0.0,1.5257981116101975,3.0002808126527194,3.1063274777726644
0.9999770659905138,0.0,0.0003173172268464809,0.0,0.12290445809784359,0.0,1.525655478816528,3.00028084804973,3.1057021322593883
0.9999771010257529,0.0,0.0003169121714304164,0.0,0.12298445809784359,0.0,1.525513096635866,3.0002808833940344,3.105077529730204
0.9999771359852736,0.0,0.00031650788840564186,0.0,0.12306445809784358,0.0,1.5253709644401838,3.0002809186857498,3.1044536687531648
0.9999771708692635,0.0,0.00031610437581326245,0.0,0.12314445809784358,0.0,1.5252290816033014,3.0002809539249844,3.103830549684266
0.9999772056779132,0.0,0.00031570163170052847,0.0,0.12322445809784358,0.0,1.5250874475007792,3.0002809891118587,3.103208170503603
0.9999772404114082,0.0,0.0003152996541209351,0.0,0.12330445809784357,0.0,1.5249460615101238,3.0002810242464784,3.102586530029779
0.9999772750699387,0.0,0.00031489844113407695,0.0,0.12338445809784357,0.0,1.5248049230114293,3.000281059328964,3.1019656278369663
0.9999773096536901,0.0,0.00031449799080572865,0.0,0.12346445809784357,0.0,1.524664031385899,3.0002810943594236,3.1013454631780397
0.9999773441628486,0.0,0.00031409830120771823,0.0,0.12354445809784356,0.0,1.524523386016947,3.0002811293379685,3.100726034660897
0.9999773785976002,0.0,0.0003136993704180192,0.0,0.12362445809784356,0.0,1.5243829862902505,3.000281164264712,3.1001073403247217
0.9999774129581316,0.0,0.0003133011965206716,0.0,0.12370445809784356,0.0,1.5242428315927392,3.0002811991397675,3.099489380784816
0.9999774472446277,0.0,0.00031290377760572163,0.0,0.12378445809784355,0.0,1.5241029213132944,3.000281233963245,3.098872154390664
0.9999774814572717,0.0,0.0003125071117692585,0.0,0.12386445809784355,0.0,1.5239632548434363,3.0002812687352534,3.098255659524113
0.999977515596249,0.0,0.0003121111971133119,0.0,0.12394445809784355,0.0,1.5238238315765562,3.000281303455908,3.0976398968664176
0.9999775496617422,0.0,0.00031171603174597084,0.0,0.12402445809784354,0.0,1.5236846509069009,3.000281338125316,3.0970248622552434
0.9999775836539361,0.0,0.00031132161378123367,0.0,0.12410445809784354,0.0,1.5235457122311367,3.000281372743591,3.096410558704044
0.9999776175730114,0.0,0.0003109279413390129,0.0,0.12418445809784354,0.0,1.523407014948192,3.0002814073108395,3.095796982032538
0.999977651419152,0.0,0.0003105350125451919,0.0,0.12426445809784353,0.0,1.5232685584587113,3.0002814418271724,3.0951841327945524
0.9999776851925386,0.0,0.00031014282553142915,0.0,0.12434445809784353,0.0,1.5231303421643052,3.0002814762927,3.094572008760793
0.9999777188933527,0.0,0.00030975137843532717,0.0,0.12442445809784353,0.0,1.522992365470232,3.000281510707532,3.093960610646122
0.9999777525217743,0.0,0.00030936066940028814,0.0,0.12450445809784352,0.0,1.5228546277813346,3.0002815450717746,3.0933499368611748
0.9999777860779845,0.0,0.0003089706965755782,0.0,0.12458445809784352,0.0,1.5227171285062788,3.0002815793855375,3.0927399857978175
0.9999778195621625,0.0,0.00030858145811621596,0.0,0.12466445809784352,0.0,1.5225798670544302,3.0002816136489288,3.0921307568720344
0.9999778529744889,0.0,0.0003081929521830192,0.0,0.12474445809784351,0.0,1.5224428428374521,3.0002816478620593,3.091522247907253
0.9999778863151417,0.0,0.0003078051769425353,0.0,0.12482445809784351,0.0,1.522306055268722,3.0002816820250353,3.090914460147789
0.9999779195842995,0.0,0.00030741813056707414,0.0,0.12490445809784351,0.0,1.5221695037634693,3.0002817161379634,3.090307390906555
0.99997795278214,0.0,0.0003070318112346276,0.0,0.1249844580978435,0.0,1.52203318773803,3.000281750200951,3.0897010390879753
0.9999779859088401,0.0,0.00030664621712884587,0.0,0.1250644580978435,0.0,1.5218971066116946,3.000281784214104,3.0890954050282224
0.9999780189645783,0.0,0.00030626134643915547,0.0,0.1251444580978435,0.0,1.5217612598049512,3.0002818181775317,3.0884904870552328
0.9999780519495296,0.0,0.0003058771973604845,0.0,0.1252244580978435,0.0,1.5216256467401585,3.000281852091338,3.087886283739336
0.9999780848638719,0.0,0.00030549376809349804,0.0,0.1253044580978435,0.0,1.5214902668411487,3.000281885955633,3.087282793781091
0.9999781177077788,0.0,0.0003051110568444094,0.0,0.1253844580978435,0.0,1.521355119533504,3.0002819197705186,3.0866800170304907
0.9999781504814264,0.0,0.0003047290618250201,0.0,0.12546445809784348,0.0,1.5212202042459853,3.000281953536101,3.0860779529978055
0.9999781831849888,0.0,0.0003043477812527067,0.0,0.12554445809784348,0.0,1.5210855204067062,3.000281987252485,3.085476599129519
0.9999782158186417,0.0,0.00030396721335038525,0.0,0.12562445809784348,0.0,1.5209510674474593,3.0002820209197796,3.0848759561304426
0.9999782483825572,0.0,0.00030358735634647015,0.0,0.12570445809784347,0.0,1.5208168448009987,3.0002820545380855,3.0842760211138085
0.9999782808769102,0.0,0.00030320820847492137,0.0,0.12578445809784347,0.0,1.5206828519027957,3.00028208810751,3.083676794118311
0.9999783133018718,0.0,0.0003028297679750757,0.0,0.12586445809784347,0.0,1.520549088187382,3.0002821216281563,3.08307827443162
0.9999783456576161,0.0,0.00030245203309189954,0.0,0.12594445809784346,0.0,1.5204155530939212,3.0002821551001273,3.082480460201432
0.9999783779443135,0.0,0.00030207500207563297,0.0,0.12602445809784346,0.0,1.5202822460620309,3.0002821885235273,3.081883350829745
0.9999784101621367,0.0,0.0003016986731819697,0.0,0.12610445809784346,0.0,1.5201491665344917,3.0002822218984626,3.081286945677273
0.9999784423112558,0.0,0.0003013230446721062,0.0,0.12618445809784345,0.0,1.520016313951485,3.0002822552250303,3.080691242928949
0.999978474391843,0.0,0.00030094811481251837,0.0,0.12626445809784345,0.0,1.519883687760754,3.0002822885033402,3.0800962421819964
0.9999785064040666,0.0,0.0003005738818750144,0.0,0.12634445809784345,0.0,1.5197512874078953,3.0002823217334917,3.0795019428519903
0.9999785383480962,0.0,0.00030020034413682795,0.0,0.12642445809784345,0.0,1.5196191123402623,3.0002823549155844,3.0789083433800872
0.9999785702241034,0.0,0.00029982749988047036,0.0,0.12650445809784344,0.0,1.5194871620100088,3.0002823880497282,3.07831544247253
0.9999786020322552,0.0,0.0002994553473937171,0.0,0.12658445809784344,0.0,1.5193554358669037,3.0002824211360206,3.0777232385912803
0.9999786337727196,0.0,0.00029908388496968587,0.0,0.12666445809784344,0.0,1.5192239333646274,3.00028245417456,3.077131732722935
0.9999786654456646,0.0,0.00029871311090670703,0.0,0.12674445809784343,0.0,1.519092653958849,3.00028248716545,3.0765409220428652
0.9999786970512592,0.0,0.0002983430235083795,0.0,0.12682445809784343,0.0,1.5189615971053507,3.0002825201087964,3.07595080695965
0.9999787285896687,0.0,0.00029797362108352217,0.0,0.12690445809784343,0.0,1.5188307622624775,3.000282553004692,3.075361384654743
0.9999787600610608,0.0,0.0002976049019460848,0.0,0.12698445809784342,0.0,1.5187001488915177,3.000282585853246,3.074772655885744
0.9999787914656011,0.0,0.0002972368644153177,0.0,0.12706445809784342,0.0,1.5185697564527014,3.0002826186545533,3.074184619141446
0.9999788228034547,0.0,0.0002968695068155278,0.0,0.12714445809784342,0.0,1.5184395844096097,3.0002826514087135,3.073597272984628
0.9999788540747887,0.0,0.00029650282747625275,0.0,0.1272244580978434,0.0,1.5183096322265044,3.0002826841158314,3.073010615910611
0.9999788852797663,0.0,0.00029613682473208597,0.0,0.1273044580978434,0.0,1.5181798993711397,3.0002827167760024,3.072424648457949
0.9999789164185527,0.0,0.00029577149692278353,0.0,0.1273844580978434,0.0,1.5180503853104579,3.0002827493893274,3.0718393685584386
0.9999789474913113,0.0,0.0002954068423930954,0.0,0.1274644580978434,0.0,1.517921089514344,3.0002827819559066,3.07125477599774
0.9999789784982058,0.0,0.000295042859492971,0.0,0.1275444580978434,0.0,1.51779201145439,3.0002828144758347,3.070670868827247
0.9999790094393993,0.0,0.00029467954657731027,0.0,0.1276244580978434,0.0,1.5176631506027838,3.000282846949214,3.070087646354589
0.9999790403150538,0.0,0.00029431690200605744,0.0,0.1277044580978434,0.0,1.517534506434887,3.000282879376141,3.069505107595865
0.9999790711253327,0.0,0.000293954924144222,0.0,0.1277844580978434,0.0,1.51740607842637,3.000282911756716,3.0689232521027554
0.999979101870399,0.0,0.00029359361136176816,0.0,0.1278644580978434,0.0,1.5172778660553417,3.000282944091041,3.0683420776293264
0.9999791325504099,0.0,0.0002932329620336116,0.0,0.12794445809784338,0.0,1.5171498688001037,3.000282976379201,3.0677615847160102
0.9999791631655288,0.0,0.00029287297453967233,0.0,0.12802445809784338,0.0,1.5170220861413297,3.000283008621301,3.0671817717210885
0.9999791937159178,0.0,0.0002925136472647998,0.0,0.12810445809784338,0.0,1.516894517563389,3.0002830408174432,3.066602638200706
0.9999792242017341,0.0,0.00029215497859873594,0.0,0.12818445809784337,0.0,1.5167671625478498,3.000283072967717,3.0660241811152815
0.9999792546231392,0.0,0.0002917969669361842,0.0,0.12826445809784337,0.0,1.5166400205806052,3.0002831050722203,3.065446401596453
0.9999792849802915,0.0,0.00029143961067666803,0.0,0.12834445809784337,0.0,1.5165130911498907,3.0002831371310523,3.0648692975844654
0.9999793152733504,0.0,0.0002910829082246233,0.0,0.12842445809784336,0.0,1.5163863737436993,3.0002831691443075,3.064292868512475
0.9999793455024731,0.0,0.00029072685798929034,0.0,0.12850445809784336,0.0,1.5162598678511243,3.0002832011120812,3.0637171134315473
0.9999793756678192,0.0,0.0002903714583848219,0.0,0.12858445809784336,0.0,1.516133572964864,3.0002832330344704,3.0631420308122737
0.9999794057695447,0.0,0.00029001670783008945,0.0,0.12866445809784335,0.0,1.516007488577864,3.000283264911569,3.062567620299861
0.9999794358078091,0.0,0.0002896626047488664,0.0,0.12874445809784335,0.0,1.5158816141842402,3.000283296743476,3.0619938804931937
0.9999794657827651,0.0,0.0002893091475695793,0.0,0.12882445809784335,0.0,1.515755949280809,3.0002833285302777,3.0614208120634423
0.9999794956945718,0.0,0.00028895633472548983,0.0,0.12890445809784334,0.0,1.515630493364243,3.000283360272077,3.060848410517659
0.9999795255433859,0.0,0.0002886041646546705,0.0,0.12898445809784334,0.0,1.5155052459353409,3.000283391968969,3.060276677091042
0.9999795553293611,0.0,0.00028825263579976767,0.0,0.12906445809784334,0.0,1.5153802064934483,3.000283423621045,3.059705611353511
0.999979585052653,0.0,0.0002879017466082813,0.0,0.12914445809784333,0.0,1.5152553745417108,3.0002834552283977,3.0591352111989307
0.9999796147134155,0.0,0.0002875514955322816,0.0,0.12922445809784333,0.0,1.5151307495828257,3.0002834867911226,3.0585654758913408
0.9999796443118032,0.0,0.00028720188102863666,0.0,0.12930445809784333,0.0,1.5150063311226367,3.00028351830931,3.057996405092868
0.9999796738479712,0.0,0.00028685290155878676,0.0,0.12938445809784332,0.0,1.5148821186671078,3.0002835497830604,3.057427996610119
0.9999797033220718,0.0,0.000286504555588867,0.0,0.12946445809784332,0.0,1.5147581117250182,3.000283581212462,3.0568602502514985
0.9999797327342576,0.0,0.00028615684158959074,0.0,0.12954445809784332,0.0,1.5146343098047002,3.000283612597607,3.056293164478638
0.999979762084683,0.0,0.00028580975803632754,0.0,0.12962445809784331,0.0,1.5145107124194699,3.0002836439385936,3.055726739333146
0.9999797913734964,0.0,0.0002854633034089472,0.0,0.1297044580978433,0.0,1.5143873190793473,3.0002836752355035,3.0551609726189115
0.9999798206008537,0.0,0.0002851174761920315,0.0,0.1297844580978433,0.0,1.5142641293,3.0002837064884407,3.054595864613743
0.999979849766903,0.0,0.00028477227487461106,0.0,0.1298644580978433,0.0,1.5141411425952793,3.0002837376974885,3.054031412371531
0.9999798788717976,0.0,0.0002844276979503673,0.0,0.1299444580978433,0.0,1.5140183584836733,3.0002837688627415,3.05346761765658
0.9999799079156884,0.0,0.0002840837439174072,0.0,0.1300244580978433,0.0,1.513895776481981,3.0002837999842953,3.0529044778598178
0.9999799368987234,0.0,0.00028374041127836964,0.0,0.1301044580978433,0.0,1.513773396109953,3.000283831062235,3.052341990954973
0.999979965821054,0.0,0.00028339769854040066,0.0,0.1301844580978433,0.0,1.5136512168897598,3.000283862096656,3.0517801584281137
0.9999799946828277,0.0,0.00028305560421510096,0.0,0.1302644580978433,0.0,1.5135292383432808,3.0002838930876443,3.051218977439167
0.9999800234841957,0.0,0.0002827141268186048,0.0,0.13034445809784329,0.0,1.5134074599939897,3.0002839240352963,3.050658446788053
0.9999800522253055,0.0,0.0002823732648714372,0.0,0.13042445809784328,0.0,1.513285881368239,3.000283954939698,3.0500985676222117
0.9999800809063044,0.0,0.00028203301689852766,0.0,0.13050445809784328,0.0,1.5131645019913622,3.0002839858009387,3.049539337040142
0.9999801095273415,0.0,0.0002816933814292684,0.0,0.13058445809784328,0.0,1.513043321392471,3.0002840166191116,3.0489807543573955
0.9999801380885645,0.0,0.0002813543569974162,0.0,0.13066445809784327,0.0,1.5129223391020667,3.000284047394308,3.0484228192195357
0.9999801665901192,0.0,0.00028101594214115287,0.0,0.13074445809784327,0.0,1.5128015546485931,3.000284078126613,3.0478655303960926
0.9999801950321531,0.0,0.0002806781354029645,0.0,0.13082445809784327,0.0,1.5126809675663888,3.0002841088161194,3.04730888715305
0.999980223414812,0.0,0.000280340935329738,0.0,0.13090445809784326,0.0,1.5125605773888073,3.0002841394629143,3.046752887699964
0.9999802517382409,0.0,0.0002800043404726913,0.0,0.13098445809784326,0.0,1.5124403836493192,3.0002841700670815,3.04619753192258
0.9999802800025862,0.0,0.00027966834938730826,0.0,0.13106445809784326,0.0,1.5123203858859133,3.0002842006287187,3.0456428183363298
0.9999803082079922,0.0,0.0002793329606333892,0.0,0.13114445809784325,0.0,1.5122005836362882,3.000284231147909,3.0450887460151153
0.9999803363546048,0.0,0.0002789981727751605,0.0,0.13122445809784325,0.0,1.5120809764398613,3.000284261624742,3.044535313789501
0.9999803644425669,0.0,0.0002786639843809383,0.0,0.13130445809784325,0.0,1.5119615638349488,3.000284292059303,3.0439825218450007
0.9999803924720234,0.0,0.00027833039402334246,0.0,0.13138445809784324,0.0,1.511842345366919,3.0002843224516864,3.0434303679374657
0.9999804204431173,0.0,0.00027799740027934606,0.0,0.13146445809784324,0.0,1.511723320576142,3.0002843528019723,3.0428788510128455
0.9999804483559913,0.0,0.0002776650017299929,0.0,0.13154445809784324,0.0,1.5116044890085398,3.00028438311025,3.042327972018571
0.9999804762107892,0.0,0.0002773331969606434,0.0,0.13162445809784323,0.0,1.5114858502099344,3.00028441337661,3.0417777264290105
0.9999805040076518,0.0,0.000277001984560822,0.0,0.13170445809784323,0.0,1.5113674037264568,3.0002844436011333,3.0412281168106263
0.9999805317467224,0.0,0.0002766713631242488,0.0,0.13178445809784323,0.0,1.5112491491077562,3.0002844737839105,3.0406791409065184
0.9999805594281427,0.0,0.000276341331248788,0.0,0.13186445809784322,0.0,1.5111310859035567,3.0002845039250294,3.040130796966648
0.9999805870520526,0.0,0.0002760118875364834,0.0,0.13194445809784322,0.0,1.5110132136643208,3.000284534024571,3.0395830852886183
0.9999806146185936,0.0,0.00027568303059347023,0.0,0.13202445809784322,0.0,1.5108955319433912,3.000284564082625,3.0390360038400965
0.9999806421279064,0.0,0.000275354759030065,0.0,0.1321044580978432,0.0,1.5107780402946283,3.000284594099278,3.0384895534221013
0.9999806695801301,0.0,0.00027502707146066996,0.0,0.1321844580978432,0.0,1.510660738272495,3.0002846240746104,3.0379437307068393
0.9999806969754065,0.0,0.00027469996650377864,0.0,0.1322644580978432,0.0,1.5105436254336004,3.0002846540087162,3.0373985358504902
0.9999807243138733,0.0,0.00027437344278198876,0.0,0.1323444580978432,0.0,1.5104267013355097,3.000284683901673,3.036853967245906
0.9999807515956685,0.0,0.0002740474989218908,0.0,0.1324244580978432,0.0,1.5103099655375474,3.000284713753565,3.0363100258733287
0.999980778820933,0.0,0.00027372213355421706,0.0,0.1325044580978432,0.0,1.510193417599715,3.000284743564484,3.035766709493078
0.9999808059898034,0.0,0.0002733973453136911,0.0,0.1325844580978432,0.0,1.5100770570837667,3.0002847733345077,3.0352240153456176
0.9999808331024171,0.0,0.0002730731328390099,0.0,0.1326644580978432,0.0,1.5099608835527174,3.000284803063722,3.034681946085531
0.9999808601589131,0.0,0.0002727494947730122,0.0,0.1327444580978432,0.0,1.5098448965704692,3.0002848327522122,3.034140498518466
0.9999808871594281,0.0,0.00027242642976238625,0.0,0.13282445809784318,0.0,1.5097290957019762,3.000284862400065,3.033599671267249
0.9999809141040992,0.0,0.00027210393645791484,0.0,0.13290445809784318,0.0,1.5096134805146277,3.000284892007361,3.03305946435247
0.9999809409930605,0.0,0.00027178201351424813,0.0,0.13298445809784318,0.0,1.5094980505758866,3.000284921574179,3.0325198774484754
0.9999809678264496,0.0,0.000271460659590045,0.0,0.13306445809784317,0.0,1.5093828054549576,3.0002849511006073,3.031980908575156
0.9999809946044045,0.0,0.0002711398733479456,0.0,0.13314445809784317,0.0,1.5092677447228355,3.000284980586735,3.031442557873938
0.9999810213270558,0.0,0.0002708196534543947,0.0,0.13322445809784317,0.0,1.5091528679497028,3.0002850100326306,3.030904821821338
0.9999810479945421,0.0,0.0002704999985798406,0.0,0.13330445809784316,0.0,1.5090381747094521,3.00028503943839,3.030367702228259
0.9999810746069959,0.0,0.00027018090739856375,0.0,0.13338445809784316,0.0,1.5089236645774333,3.0002850688040894,3.0298311963517537
0.9999811011645527,0.0,0.00026986237858883026,0.0,0.13346445809784316,0.0,1.5088093371260367,3.000285098129812,3.02929530433897
0.9999811276673448,0.0,0.000269544410832675,0.0,0.13354445809784316,0.0,1.5086951919342484,3.000285127415636,3.0287600252822564
0.9999811541155074,0.0,0.0002692270028160144,0.0,0.13362445809784315,0.0,1.5085812285792994,3.000285156661651,3.0282253571681856
0.9999811805091717,0.0,0.0002689101532286043,0.0,0.13370445809784315,0.0,1.5084674466400736,3.0002851858679307,3.0276913002717865
0.9999812068484724,0.0,0.00026859386076407115,0.0,0.13378445809784315,0.0,1.5083538456962993,3.0002852150345625,3.027157853376609
0.9999812331335397,0.0,0.0002682781241197931,0.0,0.13386445809784314,0.0,1.5082404253307906,3.000285244161622,3.026625015426866
0.999981259364508,0.0,0.0002679629419970132,0.0,0.13394445809784314,0.0,1.5081271851250684,3.0002852732491965,3.0260927854476853
0.999981285541508,0.0,0.00026764831310072086,0.0,0.13402445809784314,0.0,1.5080141246638816,3.0002853022973635,3.025561160993764
0.9999813116646716,0.0,0.0002673342361396797,0.0,0.13410445809784313,0.0,1.507901243531051,3.0002853313062077,3.0250301441285647
0.9999813377341278,0.0,0.00026702070982642125,0.0,0.13418445809784313,0.0,1.507788541314057,3.0002853602757993,3.024499731045981
0.9999813637500097,0.0,0.00026670773287723625,0.0,0.13426445809784313,0.0,1.5076760176003576,3.0002853892062302,3.0239699228148376
0.9999813897124455,0.0,0.00026639530401216706,0.0,0.13434445809784312,0.0,1.5075636719770582,3.0002854180975707,3.0234407171814266
0.9999814156215661,0.0,0.00026608342195490105,0.0,0.13442445809784312,0.0,1.5074515040355432,3.0002854469499067,3.0229121146129034
0.9999814414775021,0.0,0.0002657720854329672,0.0,0.13450445809784312,0.0,1.5073395133668603,3.0002854757633184,3.022384112628439
0.9999814672803793,0.0,0.0002654612931774469,0.0,0.1345844580978431,0.0,1.5072276995623342,3.0002855045378745,3.021856712610098
0.9999814930303318,0.0,0.00026515104392323705,0.0,0.1346644580978431,0.0,1.507116062215341,3.0002855332736718,3.0213299096401425
0.9999815187274834,0.0,0.0002648413364087448,0.0,0.1347444580978431,0.0,1.5070046009215958,3.000285561970777,3.0208037062682047
0.9999815443719658,0.0,0.0002645321693762241,0.0,0.1348244580978431,0.0,1.5068933152756372,3.0002855906292765,3.0202781010230697
0.999981569963904,0.0,0.00026422354157146645,0.0,0.1349044580978431,0.0,1.5067822048745458,3.0002856192492375,3.0197530909327663
0.999981595503428,0.0,0.000263915451743861,0.0,0.1349844580978431,0.0,1.5066712693168876,3.000285647830753,3.0192286784680804
0.9999816209906626,0.0,0.00026360789864654245,0.0,0.1350644580978431,0.0,1.5065605082004978,3.000285676373887,3.0187048590351186
0.9999816464257367,0.0,0.00026330088103610654,0.0,0.1351444580978431,0.0,1.506449921127584,3.0002857048787304,3.0181816347028394
0.9999816718087757,0.0,0.0002629943976728724,0.0,0.1352244580978431,0.0,1.5063395076973947,3.0002857333453514,3.0176590030633594
0.9999816971399048,0.0,0.0002626884473206312,0.0,0.13530445809784308,0.0,1.5062292675145084,3.0002857617738306,3.017136963698885
0.9999817224192529,0.0,0.0002623830287468551,0.0,0.13538445809784308,0.0,1.5061192001819912,3.000285790164251,3.0166155142170914
0.9999817476469413,0.0,0.0002620781407224812,0.0,0.13546445809784308,0.0,1.506009305303677,3.000285818516677,3.016094656285128
0.9999817728230997,0.0,0.00026177378202202155,0.0,0.13554445809784307,0.0,1.5058995824876513,3.0002858468312055,3.015574387817287
0.9999817979478496,0.0,0.0002614699514235669,0.0,0.13562445809784307,0.0,1.5057900313384576,3.0002858751078954,3.015054706225472
0.9999818230213172,0.0,0.0002611666477086759,0.0,0.13570445809784307,0.0,1.5056806514663665,3.0002859033468328,3.014535612180057
0.9999818480436244,0.0,0.0002608638696623866,0.0,0.13578445809784306,0.0,1.505571442480126,3.0002859315480874,3.0140171052519404
0.9999818730148975,0.0,0.0002605616160733216,0.0,0.13586445809784306,0.0,1.5054624039896651,3.000285959711743,3.0134991844857235
0.9999818979352589,0.0,0.0002602598857335415,0.0,0.13594445809784306,0.0,1.5053535356068164,3.000285987837872,3.0129818468853125
0.9999819228048316,0.0,0.0002599586774385644,0.0,0.13602445809784305,0.0,1.5052448369442326,3.000286015926549,3.012465094488876
0.9999819476237384,0.0,0.00025965798998739734,0.0,0.13610445809784305,0.0,1.505136307616348,3.0002860439778516,3.011948924554664
0.9999819723921027,0.0,0.00025935782218246983,0.0,0.13618445809784305,0.0,1.5050279472370416,3.000286071991859,3.0114333359906094
0.9999819971100448,0.0,0.0002590581728296822,0.0,0.13626445809784304,0.0,1.5049197554225102,3.0002860999686374,3.010918328444943
0.9999820217776891,0.0,0.0002587590407383188,0.0,0.13634445809784304,0.0,1.504811731790209,3.000286127908275,3.0104039022987727
0.9999820463951558,0.0,0.0002584604247211418,0.0,0.13642445809784304,0.0,1.5047038759580673,3.000286155810838,3.0098900526731573
0.9999820709625646,0.0,0.00025816232359422145,0.0,0.13650445809784303,0.0,1.5045961875449279,3.000286183676399,3.0093767835528
0.9999820954800388,0.0,0.00025786473617710496,0.0,0.13658445809784303,0.0,1.5044886661721195,3.0002862115050393,3.008864091853597
0.9999821199476964,0.0,0.00025756766129264233,0.0,0.13666445809784303,0.0,1.5043813114596205,3.000286239296827,3.008351975801733
0.99998214436566,0.0,0.00025727109776712046,0.0,0.13674445809784302,0.0,1.5042741230307468,3.0002862670518433,3.0078404357258717
0.9999821687340492,0.0,0.00025697504443011963,0.0,0.13682445809784302,0.0,1.5041671005093507,3.0002862947701634,3.0073294702721354
0.9999821930529821,0.0,0.000256679500114645,0.0,0.13690445809784302,0.0,1.5040602435193886,3.000286322451852,3.0068190784267657
0.9999822173225789,0.0,0.00025638446365692586,0.0,0.13698445809784301,0.0,1.503953551686561,3.00028635009699,3.006309259217374
0.9999822415429587,0.0,0.0002560899338966154,0.0,0.137064458097843,0.0,1.5038470246366475,3.00028637770565,3.0058000120909947
0.99998226571424,0.0,0.00025579590967659394,0.0,0.137144458097843,0.0,1.5037406619989422,3.0002864052779064,3.005291336363202
0.9999822898365397,0.0,0.0002555023898430726,0.0,0.137224458097843,0.0,1.50363446340105,3.0002864328138252,3.004783230801968
0.9999823139099777,0.0,0.0002552093732455475,0.0,0.137304458097843,0.0,1.5035284284740027,3.000286460313491,3.0042756941342588
0.9999823379346705,0.0,0.000254916858736844,0.0,0.137384458097843,0.0,1.5034225568481616,3.0002864877769655,3.0037687257995422
0.999982361910736,0.0,0.00025462484517293945,0.0,0.137464458097843,0.0,1.503316848155121,3.0002865152043303,3.0032623248748758
0.9999823858382911,0.0,0.0002543333314131505,0.0,0.137544458097843,0.0,1.5032113020275548,3.0002865425956546,3.0027564905965356
0.9999824097174523,0.0,0.00025404231632002535,0.0,0.137624458097843,0.0,1.5031059181004225,3.000286569951009,3.0022512221815125
0.9999824335483364,0.0,0.0002537517987592891,0.0,0.13770445809784299,0.0,1.5030006960087239,3.0002865972704704,3.0017465184891017
0.9999824573310583,0.0,0.00025346177759998404,0.0,0.13778445809784298,0.0,1.5028956353866578,3.0002866245541013,3.001242378783914
0.9999824810657352,0.0,0.0002531722517142478,0.0,0.13786445809784298,0.0,1.5027907358740804,3.000286651801984,3.0007388028465907
0.9999825047524821,0.0,0.0002528832199775033,0.0,0.13794445809784298,0.0,1.5026859971067357,3.0002866790141858,3.0002357880629487
0.9999825283914141,0.0,0.0002525946812683057,0.0,0.13802445809784297,0.0,1.5025814187254443,3.00028670619078,2.9997333339662133
0.9999825519826447,0.0,0.0002523066344684324,0.0,0.13810445809784297,0.0,1.5024770003677979,3.00028673333183,2.9992314422598954
0.9999825755262924,0.0,0.00025201907846280366,0.0,0.13818445809784297,0.0,1.5023727416782466,3.0002867604374246,2.99873010872457
0.9999825990224679,0.0,0.0002517320121394897,0.0,0.13826445809784296,0.0,1.502268642296608,3.000286787507619,2.998229333328146
0.9999826224712852,0.0,0.0002514454343896852,0.0,0.13834445809784296,0.0,1.5021647018675512,3.0002868145424877,2.9977291157920694
0.9999826458728596,0.0,0.00025115934410779373,0.0,0.13842445809784296,0.0,1.502060920032748,3.000286841542103,2.9972294549573646
0.9999826692273022,0.0,0.00025087374019121646,0.0,0.13850445809784295,0.0,1.5019572964397219,3.000286868506532,2.996730350754734
0.9999826925347292,0.0,0.00025058862154060885,0.0,0.13858445809784295,0.0,1.5018538307348264,3.000286895435855,2.996231802412401
0.99998271579525,0.0,0.00025030398705962274,0.0,0.13866445809784295,0.0,1.5017505225623533,3.0002869223301283,2.99573380631645
0.9999827390089793,0.0,0.0002500198356550748,0.0,0.13874445809784294,0.0,1.5016473715725984,3.0002869491894306,2.995236364994728
0.9999827621760281,0.0,0.0002497361662367584,0.0,0.13882445809784294,0.0,1.5015443774147361,3.000286976013832,2.9947394749967837
0.9999827852965093,0.0,0.0002494529777176803,0.0,0.13890445809784294,0.0,1.501441539738363,3.0002870028034008,2.9942431376307113
0.9999828083705329,0.0,0.0002491702690137806,0.0,0.13898445809784293,0.0,1.501338858193308,3.0002870295582027,2.993747350757852
0.999982831398211,0.0,0.00024888803904414504,0.0,0.13906445809784293,0.0,1.501236332432764,3.0002870562783093,2.993252113759497
0.9999828543796535,0.0,0.00024860628673078865,0.0,0.13914445809784293,0.0,1.5011339621092934,3.0002870829637884,2.992757425538356
0.9999828773149739,0.0,0.00024832501099889773,0.0,0.13922445809784292,0.0,1.5010317468774013,3.000287109614718,2.9922632843559387
0.9999829002042788,0.0,0.00024804421077652525,0.0,0.13930445809784292,0.0,1.5009296863919446,3.000287136231154,2.9917696906708846
0.9999829230476804,0.0,0.000247763884994838,0.0,0.13938445809784292,0.0,1.5008277803079257,3.000287162813173,2.991276644531704
0.9999829458452884,0.0,0.0002474840325879772,0.0,0.1394644580978429,0.0,1.5007260282828503,3.0002871893608423,2.99078414306119
0.9999829685972104,0.0,0.00024720465249303204,0.0,0.1395444580978429,0.0,1.5006244299746854,3.000287215874226,2.9902921862751706
0.9999829913035586,0.0,0.00024692574365017274,0.0,0.1396244580978429,0.0,1.5005229850408452,3.0002872423534,2.9898007730135583
0.9999830139644396,0.0,0.0002466473050023928,0.0,0.1397044580978429,0.0,1.5004216931425602,3.0002872687984277,2.989309903569298
0.9999830365799615,0.0,0.0002463693354957818,0.0,0.1397844580978429,0.0,1.5003205539387432,3.0002872952093704,2.9888195758572054
0.9999830591502348,0.0,0.0002460918340792874,0.0,0.1398644580978429,0.0,1.500219567092185,3.000287321586308,2.9883297881229454
0.9999830816753665,0.0,0.0002458147997048162,0.0,0.1399444580978429,0.0,1.5001187322658476,3.000287347929304,2.9878405418970115
0.999983104155463,0.0,0.00024553823132723336,0.0,0.1400244580978429,0.0,1.5000180491211705,3.0002873742384177,2.987351835684838
0.9999831265906335,0.0,0.0002452621279042976,0.0,0.1401044580978429,0.0,1.4999175173235642,3.0002874005137263,2.9868636660587216
0.9999831489809842,0.0,0.00024498648839664804,0.0,0.14018445809784288,0.0,1.4998171365389819,3.0002874267552926,2.9863760354661033
0.9999831713266221,0.0,0.0002447113117678868,0.0,0.14026445809784288,0.0,1.499716906432288,3.000287452963185,2.9858889411618765
0.9999831936276541,0.0,0.000244436596984441,0.0,0.14034445809784288,0.0,1.4996168266722678,3.0002874791374725,2.985402383297252
0.999983215884186,0.0,0.0002441623430157213,0.0,0.14042445809784287,0.0,1.4995168969249095,3.0002875052782136,2.984916360618317
0.9999832380963242,0.0,0.0002438885488338984,0.0,0.14050445809784287,0.0,1.4994171168598995,3.00028753138548,2.9844308722647184
0.9999832602641742,0.0,0.00024361521341402547,0.0,0.14058445809784287,0.0,1.49931748614846,3.000287557459341,2.9839459173405762
0.999983282387841,0.0,0.00024334233573406115,0.0,0.14066445809784286,0.0,1.4992180044594559,3.0002875834998544,2.983461496078233
0.9999833044674303,0.0,0.00024306991477473082,0.0,0.14074445809784286,0.0,1.4991186714651648,3.000287609507094,2.9829776041951233
0.999983326503047,0.0,0.00024279794951965073,0.0,0.14082445809784286,0.0,1.4990194868387967,3.000287635481123,2.9824942457908024
0.9999833484947955,0.0,0.00024252643895526064,0.0,0.14090445809784286,0.0,1.498920450252357,3.0002876614220058,2.9820114159027704
0.9999833704427794,0.0,0.00024225538207074858,0.0,0.14098445809784285,0.0,1.4988215613826403,3.000287687329806,2.9815291156022825
0.9999833923471023,0.0,0.00024198477785814884,0.0,0.14106445809784285,0.0,1.4987228199020735,3.0002877132045906,2.981047343852916
0.9999834142078705,0.0,0.0002417146253123905,0.0,0.14114445809784285,0.0,1.4986242254888984,3.0002877390464264,2.980566098923888
0.9999834360251861,0.0,0.00024144492343098947,0.0,0.14122445809784284,0.0,1.4985257778188812,3.0002877648553805,2.980085381576527
0.9999834577991521,0.0,0.00024117567121438067,0.0,0.14130445809784284,0.0,1.4984274765710581,3.000287790631514,2.9796051896323843
0.9999834795298707,0.0,0.00024090686766569744,0.0,0.14138445809784284,0.0,1.4983293214237565,3.0002878163748905,2.9791255242081047
0.9999835012174456,0.0,0.00024063851179088593,0.0,0.14146445809784283,0.0,1.4982313120555442,3.000287842085577,2.9786463798624223
0.9999835228619786,0.0,0.00024037060259862153,0.0,0.14154445809784283,0.0,1.4981334481484465,3.0002878677636335,2.9781677628081713
0.9999835444635714,0.0,0.00024010313910025863,0.0,0.14162445809784283,0.0,1.4980357293838895,3.000287893409129,2.9776896648506996
0.9999835660223274,0.0,0.0002398361203100129,0.0,0.14170445809784282,0.0,1.4979381554430706,3.000287919022126,2.9772120897205476
0.9999835875383459,0.0,0.00023956954524463717,0.0,0.14178445809784282,0.0,1.4978407260104745,3.000287944602688,2.9767350368531473
0.9999836090117317,0.0,0.00023930341292382597,0.0,0.14186445809784282,0.0,1.4977434407695545,3.000287970150885,2.976258502045644
0.9999836304425822,0.0,0.00023903772236974317,0.0,0.1419444580978428,0.0,1.4976462994047999,3.0002879956667723,2.975782486847498
0.9999836518309982,0.0,0.0002387724726074089,0.0,0.1420244580978428,0.0,1.4975493016016603,3.000288021150409,2.9753069914725176
0.9999836731770831,0.0,0.00023850766266446564,0.0,0.1421044580978428,0.0,1.4974524470484025,3.0002880466018738,2.9748320118615865
0.9999836944809353,0.0,0.00023824329157126585,0.0,0.1421844580978428,0.0,1.4973557354312768,3.0002880720212186,2.9743575500685164
0.9999837157426552,0.0,0.00023797935836080103,0.0,0.1422644580978428,0.0,1.4972591664391983,3.0002880974085104,2.9738836042098598
0.9999837369623413,0.0,0.0002377158620687105,0.0,0.1423444580978428,0.0,1.4971627397603697,3.0002881227638074,2.973410172979193
0.9999837581400944,0.0,0.0002374528017333142,0.0,0.1424244580978428,0.0,1.4970664550852328,3.0002881480871775,2.9729372560147294
0.999983779276013,0.0,0.00023719017639552134,0.0,0.1425044580978428,0.0,1.4969703121058746,3.000288173378685,2.9724648530624873
0.9999838003701957,0.0,0.00023692798509896765,0.0,0.1425844580978428,0.0,1.4968743105122573,3.0002881986383843,2.9719929620081036
0.9999838214227409,0.0,0.0002366662268898294,0.0,0.14266445809784278,0.0,1.4967784499981116,3.000288223866341,2.9715215830581148
0.9999838424337494,0.0,0.00023640490081697763,0.0,0.14274445809784278,0.0,1.4966827302558392,3.0002882490626237,2.971050716658837
0.9999838634033149,0.0,0.00023614400593175791,0.0,0.14282445809784278,0.0,1.4965871509807136,3.0002882742272803,2.9705803578627394
0.9999838843315393,0.0,0.0002358835412882482,0.0,0.14290445809784277,0.0,1.49649171186654,3.0002882993603883,2.9701105086529807
0.9999839052185181,0.0,0.0002356235059430718,0.0,0.14298445809784277,0.0,1.496396412610307,3.0002883244619993,2.9696411701698535
0.9999839260643497,0.0,0.00023536389895541002,0.0,0.14306445809784277,0.0,1.4963012529081865,3.0002883495321804,2.969172337896085
0.9999839468691295,0.0,0.00023510471938702183,0.0,0.14314445809784276,0.0,1.4962062324570324,3.0002883745709865,2.968704012219004
0.9999839676329554,0.0,0.00023484596630226297,0.0,0.14322445809784276,0.0,1.4961113509570865,3.0002883995784826,2.968236193071245
0.9999839883559245,0.0,0.00023458763876802033,0.0,0.14330445809784276,0.0,1.4960166081055968,3.000288424554733,2.967768880335552
0.9999840090381323,0.0,0.00023432973585372352,0.0,0.14338445809784275,0.0,1.4959220036037935,3.000288449499795,2.967302070236099
0.9999840296796743,0.0,0.0002340722566313465,0.0,0.14346445809784275,0.0,1.4958275371526484,3.000288474413727,2.966835764356254
0.9999840502806476,0.0,0.00023381520017543413,0.0,0.14354445809784275,0.0,1.495733208450736,3.000288499296595,2.966369960759593
0.999984070841146,0.0,0.00023355856556294544,0.0,0.14362445809784274,0.0,1.4956390172043397,3.0002885241484556,2.9659046604601382
0.9999840913612665,0.0,0.00023330235187352542,0.0,0.14370445809784274,0.0,1.4955449631139863,3.00028854896937,2.965439861295511
0.9999841118411037,0.0,0.00023304655818914518,0.0,0.14378445809784274,0.0,1.495451045885853,3.0002885737594025,2.9649755616690303
0.9999841322807502,0.0,0.00023279118359436225,0.0,0.14386445809784273,0.0,1.4953572652220708,3.000288598518602,2.964511761972977
0.9999841526803042,0.0,0.00023253622717627588,0.0,0.14394445809784273,0.0,1.495263620830944,3.000288623247043,2.96404846223184
0.999984173039856,0.0,0.00023228168802433497,0.0,0.14402445809784273,0.0,1.495170112417034,3.0002886479447706,2.963585660388301
0.9999841933595032,0.0,0.0002320275652305826,0.0,0.14410445809784272,0.0,1.4950767396880311,3.0002886726118594,2.9631233550158553
0.9999842136393385,0.0,0.00023177385788948615,0.0,0.14418445809784272,0.0,1.4949835023526965,3.0002886972483633,2.9626615452100733
0.9999842338794532,0.0,0.0002315205650979158,0.0,0.14426445809784272,0.0,1.4948904001176573,3.000288721854333,2.9622002333300506
0.999984254079943,0.0,0.00023126768595526842,0.0,0.14434445809784271,0.0,1.4947974326945406,3.000288746429839,2.961739414198262
0.9999842742409005,0.0,0.00023101521956337374,0.0,0.1444244580978427,0.0,1.4947045997934898,3.000288770974937,2.9612790916604363
0.9999842943624162,0.0,0.00023076316502643063,0.0,0.1445044580978427,0.0,1.494611901123329,3.000288795489677,2.9608192604771943
0.999984314444585,0.0,0.00023051152145115274,0.0,0.1445844580978427,0.0,1.4945193363990044,3.000288819974127,2.9603599222041592
0.9999843344875005,0.0,0.0002302602879466118,0.0,0.1446644580978427,0.0,1.4944269053303825,3.0002888444283546,2.9599010764993503
0.999984354491251,0.0,0.00023000946362425396,0.0,0.1447444580978427,0.0,1.4943346076336268,3.0002888688524028,2.9594427193499175
0.99998437445593,0.0,0.00022975904759805525,0.0,0.1448244580978427,0.0,1.494242443020158,3.0002888932463323,2.9589848547608435
0.9999843943816303,0.0,0.00022950903898428818,0.0,0.1449044580978427,0.0,1.494150411207145,3.0002889176102094,2.958527478149486
0.9999844142684412,0.0,0.00022925943690162742,0.0,0.1449844580978427,0.0,1.494058511908409,3.0002889419440835,2.9580705919326675
0.9999844341164552,0.0,0.00022901024047112888,0.0,0.14506445809784269,0.0,1.4939667448422747,3.0002889662480197,2.9576141920587444
0.999984453925762,0.0,0.00022876144881621175,0.0,0.14514445809784268,0.0,1.4938751097232312,3.0002889905220704,2.9571582792149362
0.9999844736964523,0.0,0.00022851306106267728,0.0,0.14522445809784268,0.0,1.4937836062726624,3.0002890147662953,2.9567028521934993
0.9999844934286173,0.0,0.0002282650763387006,0.0,0.14530445809784268,0.0,1.4936922342082912,3.0002890389807537,2.9562479127967167
0.9999845131223449,0.0,0.00022801749377473386,0.0,0.14538445809784267,0.0,1.4936009932463965,3.000289063165495,2.955793455898906
0.9999845327777297,0.0,0.00022777031250368292,0.0,0.14546445809784267,0.0,1.4935098831110811,3.000289087320595,2.955339484101364
0.9999845523948561,0.0,0.00022752353166065266,0.0,0.14554445809784267,0.0,1.4934189035218715,3.0002891114460915,2.954885995277622
0.9999845719738143,0.0,0.000227277150383182,0.0,0.14562445809784266,0.0,1.4933280542003464,3.000289135542041,2.954432987597632
0.9999845915146971,0.0,0.00022703116781106156,0.0,0.14570445809784266,0.0,1.493237334870036,3.0002891596085233,2.953980461859317
0.9999846110175895,0.0,0.00022678558308643568,0.0,0.14578445809784266,0.0,1.4931467452511955,3.0002891836455716,2.953528417805567
0.9999846304825821,0.0,0.00022654039535372413,0.0,0.14586445809784265,0.0,1.493056285071793,3.000289207653254,2.953076853917764
0.9999846499097634,0.0,0.00022629560375968184,0.0,0.14594445809784265,0.0,1.4929659540530964,3.000289231631625,2.9526257692971054
0.9999846692992194,0.0,0.000226051207453286,0.0,0.14602445809784265,0.0,1.4928757519220568,3.000289255580732,2.9521751626184813
0.9999846886510404,0.0,0.00022580720558584014,0.0,0.14610445809784264,0.0,1.4927856784045928,3.000289279500645,2.951725033671528
0.9999847079653146,0.0,0.0002255635973109328,0.0,0.14618445809784264,0.0,1.4926957332281405,3.000289303391419,2.95127538153722
0.999984727242128,0.0,0.00022532038178440893,0.0,0.14626445809784264,0.0,1.4926059161185548,3.000289327253102,2.9508262055884136
0.999984746481567,0.0,0.0002250775581642912,0.0,0.14634445809784263,0.0,1.4925162268061454,3.000289351085751,2.9503775051091603
0.9999847656837207,0.0,0.000224835125611003,0.0,0.14642445809784263,0.0,1.4924266650190214,3.0002893748894275,2.949929280140819
0.9999847848486748,0.0,0.00022459308328713192,0.0,0.14650445809784263,0.0,1.4923372304860665,3.0002893986641794,2.9494815288037404
0.9999848039765165,0.0,0.00022435143035744415,0.0,0.14658445809784262,0.0,1.492247922939178,3.0002894224100727,2.949034250551577
0.9999848230673302,0.0,0.00022411016598906269,0.0,0.14666445809784262,0.0,1.4921587421079507,3.000289446127146,2.948587443484128
0.9999848421212045,0.0,0.00022386928935123833,0.0,0.14674445809784262,0.0,1.4920696877257096,3.000289469815471,2.9481411098122754
0.999984861138224,0.0,0.00022362879961548507,0.0,0.14682445809784261,0.0,1.4919807595243035,3.000289493475094,2.9476952482167107
0.9999848801184756,0.0,0.00022338869595549921,0.0,0.1469044580978426,0.0,1.4918919572381937,3.000289517106079,2.947249853476294
0.9999848990620431,0.0,0.00022314897754717835,0.0,0.1469844580978426,0.0,1.491803280599322,3.0002895407084704,2.9468049307853637
0.9999849179690116,0.0,0.00022290964356867066,0.0,0.1470644580978426,0.0,1.4917147293438755,3.0002895642823204,2.9463604741413127
0.9999849368394685,0.0,0.00022267069320023865,0.0,0.1471444580978426,0.0,1.491626303206408,3.000289587827699,2.945916485899616
0.9999849556734975,0.0,0.0002224321256243621,0.0,0.1472244580978426,0.0,1.4915380019223818,3.0002896113446544,2.945472965846394
0.999984974471181,0.0,0.00022219394002565465,0.0,0.1473044580978426,0.0,1.4914498252311992,3.0002896348332313,2.9450299124662243
0.9999849932326057,0.0,0.00022195613559100144,0.0,0.1473844580978426,0.0,1.4913617728686863,3.0002896582934917,2.9445873236030855
0.9999850119578544,0.0,0.0002217187115093157,0.0,0.1474644580978426,0.0,1.491273844571824,3.000289681725487,2.9441452009978413
0.9999850306470114,0.0,0.00022148166697173074,0.0,0.14754445809784258,0.0,1.4911860400814552,3.0002897051292745,2.9437035405759513
0.9999850493001612,0.0,0.00022124500117156297,0.0,0.14762445809784258,0.0,1.4910983591359108,3.000289728504907,2.943262344629813
0.9999850679173865,0.0,0.00022100871330417375,0.0,0.14770445809784258,0.0,1.4910108014755983,3.0002897518524403,2.9428216114322954
0.9999850864987707,0.0,0.00022077280256712823,0.0,0.14778445809784257,0.0,1.490923366842503,3.000289775171927,2.9423813412537942
0.9999851050443959,0.0,0.00022053726816011193,0.0,0.14786445809784257,0.0,1.4908360549770185,3.0002897984634136,2.941941530766395
0.9999851235543453,0.0,0.00022030210928490276,0.0,0.14794445809784257,0.0,1.4907488656215742,3.0002898217269576,2.9415021803917734
0.9999851420287021,0.0,0.0002200673251454039,0.0,0.14802445809784257,0.0,1.4906617985199289,3.0002898449626154,2.9410632912521124
0.9999851604675478,0.0,0.00021983291494762493,0.0,0.14810445809784256,0.0,1.4905748534142131,3.000289868170436,2.9406248587414043
0.9999851788709648,0.0,0.000219598877899674,0.0,0.14818445809784256,0.0,1.4904880300498424,3.000289891350473,2.9401868873382004
0.9999851972390368,0.0,0.0002193652132117796,0.0,0.14826445809784256,0.0,1.4904013281710398,3.0002899145027873,2.939749371473686
0.9999852155718432,0.0,0.00021913192009619602,0.0,0.14834445809784255,0.0,1.490314747524688,3.000289937627423,2.939312312285971
0.9999852338694653,0.0,0.00021889899776727874,0.0,0.14842445809784255,0.0,1.490228287856131,3.0002899607244298,2.938875709134785
0.9999852521319852,0.0,0.00021866644544152157,0.0,0.14850445809784255,0.0,1.4901419489115681,3.000289983793863,2.938439563823461
0.9999852703594839,0.0,0.00021843426233733988,0.0,0.14858445809784254,0.0,1.4900557304412112,3.0002900068357805,2.9380038688535137
0.9999852885520425,0.0,0.00021820244767538512,0.0,0.14866445809784254,0.0,1.4899696321896378,3.0002900298502286,2.937568630054503
0.9999853067097434,0.0,0.00021797100067827226,0.0,0.14874445809784254,0.0,1.4898836539088633,3.0002900528372702,2.937133845923471
0.9999853248326624,0.0,0.00021773992057057002,0.0,0.14882445809784253,0.0,1.4897977953469093,3.00029007579694,2.936699513169925
0.999985342920883,0.0,0.00021750920657908276,0.0,0.14890445809784253,0.0,1.4897120562554544,3.0002900987292986,2.9362656297302654
0.9999853609744844,0.0,0.00021727885793247512,0.0,0.14898445809784253,0.0,1.48962643638346,3.0002901216344,2.9358321990904956
0.9999853789935467,0.0,0.00021704887386155366,0.0,0.14906445809784252,0.0,1.4895409354839946,3.000290144512294,2.9353992187910625
0.999985396978149,0.0,0.00021681925359911836,0.0,0.14914445809784252,0.0,1.4894555533077452,3.000290167363029,2.9349666868393594
0.9999854149283711,0.0,0.00021658999637994702,0.0,0.14922445809784252,0.0,1.4893702896086127,3.0002901901866585,2.93453460475783
0.9999854328442922,0.0,0.00021636110144083147,0.0,0.1493044580978425,0.0,1.4892851441402712,3.0002902129832387,2.934102969965026
0.9999854507259899,0.0,0.00021613256802059433,0.0,0.1493844580978425,0.0,1.4892001166561601,3.000290235752809,2.9336717831083994
0.9999854685735454,0.0,0.00021590439536005844,0.0,0.1494644580978425,0.0,1.4891152069119205,3.000290258495435,2.9332410417232744
0.9999854863870344,0.0,0.00021567658270198588,0.0,0.1495444580978425,0.0,1.489030414661641,3.000290281211154,2.9328107485559816
0.999985504166537,0.0,0.00021544912929118547,0.0,0.1496244580978425,0.0,1.4889457396621906,3.0002903039000226,2.932380897240345
0.9999855219121313,0.0,0.00021522203437437967,0.0,0.1497044580978425,0.0,1.4888611816704407,3.000290326562096,2.9319514929795534
0.9999855396238955,0.0,0.00021499529720033774,0.0,0.1497844580978425,0.0,1.4887767404430807,3.000290349197422,2.931522532205566
0.9999855573019053,0.0,0.00021476891701968184,0.0,0.1498644580978425,0.0,1.488692415739117,3.000290371806046,2.931094014204044
0.9999855749462411,0.0,0.00021454289308517203,0.0,0.1499444580978425,0.0,1.488608207315507,3.000290394388023,2.9306659365214953
0.9999855925569768,0.0,0.00021431722465128786,0.0,0.15002445809784248,0.0,1.4885241149308293,3.0002904169433973,2.930238302756405
0.9999856101341925,0.0,0.00021409191097461632,0.0,0.15010445809784248,0.0,1.4884401383483847,3.0002904394722294,2.9298111099220083
0.9999856276779652,0.0,0.00021386695131369807,0.0,0.15018445809784248,0.0,1.4883562773263748,3.0002904619745667,2.92938435648369
0.9999856451883674,0.0,0.00021364234492885365,0.0,0.15026445809784247,0.0,1.4882725316235021,3.000290484450444,2.9289580435259266
0.9999856626654815,0.0,0.00021341809108249045,0.0,0.15034445809784247,0.0,1.4881889010067373,3.000290506899939,2.928532167682848
0.9999856801093789,0.0,0.00021319418903888325,0.0,0.15042445809784247,0.0,1.4881053852333077,3.0002905293230735,2.928106731155527
0.9999856975201381,0.0,0.00021297063806418188,0.0,0.15050445809784246,0.0,1.488021984068837,3.000290551719912,2.9276817323970548
0.9999857148978348,0.0,0.00021274743742650284,0.0,0.15058445809784246,0.0,1.4879386972774753,3.0002905740905033,2.9272571683504136
0.9999857322425445,0.0,0.00021252458639586672,0.0,0.15066445809784246,0.0,1.487855524619762,3.0002905964348914,2.926833043086399
0.9999857495543423,0.0,0.0002123020842441402,0.0,0.15074445809784245,0.0,1.4877724658627915,3.0002906187531266,2.926409349929264
0.9999857668333041,0.0,0.00021207993024507569,0.0,0.15082445809784245,0.0,1.4876895207728809,3.0002906410452654,2.92598609416317
0.9999857840795052,0.0,0.00021185812367442144,0.0,0.15090445809784245,0.0,1.487606689115071,3.0002906633113513,2.9255632695659486
0.9999858012930198,0.0,0.00021163666380970473,0.0,0.15098445809784244,0.0,1.4875239706547037,3.0002906855514295,2.925140879998184
0.999985818473923,0.0,0.00021141554993032996,0.0,0.15106445809784244,0.0,1.4874413651603677,3.000290707765555,2.9247189229961137
0.9999858356222874,0.0,0.00021119478131759526,0.0,0.15114445809784244,0.0,1.4873588723987285,3.0002907299537647,2.924297397905924
0.9999858527381909,0.0,0.00021097435725468596,0.0,0.15122445809784243,0.0,1.4872764921385335,3.0002907521161246,2.9238763046230267
0.9999858698217046,0.0,0.00021075427702660566,0.0,0.15130445809784243,0.0,1.487194224149415,3.000290774252669,2.9234556397028424
0.9999858868729055,0.0,0.00021053453992025655,0.0,0.15138445809784243,0.0,1.4871120681997982,3.0002907963634584,2.92303540473105
0.9999859038918639,0.0,0.00021031514522428427,0.0,0.15146445809784242,0.0,1.4870300240604217,3.0002908184485295,2.9226155991611034
0.9999859208786548,0.0,0.00021009609222926982,0.0,0.15154445809784242,0.0,1.4869480915011897,3.0002908405079336,2.9221962227664156
0.9999859378333525,0.0,0.0002098773802276275,0.0,0.15162445809784242,0.0,1.4868662702939586,3.0002908625417244,2.921777274098576
0.9999859547560298,0.0,0.00020965900851357158,0.0,0.15170445809784242,0.0,1.4867845602104137,3.0002908845499445,2.9213587523942977
0.9999859716467578,0.0,0.00020944097638307576,0.0,0.1517844580978424,0.0,1.4867029610243117,3.0002909065326393,2.9209406557935678
0.9999859885056113,0.0,0.000209223283134051,0.0,0.1518644580978424,0.0,1.4866214725076017,3.0002909284898616,2.920522986715929
0.999986005332663,0.0,0.00020900592806617218,0.0,0.1519444580978424,0.0,1.486540094432161,3.0002909504216597,2.9201057401310955
0.9999860221279845,0.0,0.00020878891048087202,0.0,0.1520244580978424,0.0,1.486458826576685,3.000290972328079,2.9196889174358103
0.9999860388916479,0.0,0.0002085722296814652,0.0,0.1521044580978424,0.0,1.486377668709519,3.0002909942091627,2.919272520568724
0.9999860556237252,0.0,0.00020835588497296773,0.0,0.1521844580978424,0.0,1.4862966206113475,3.0002910160649625,2.9188565474480335
0.9999860723242879,0.0,0.0002081398756622613,0.0,0.1522644580978424,0.0,1.4862156820555696,3.0002910378955203,2.9184409944153225
0.9999860889934103,0.0,0.00020792420105798882,0.0,0.1523444580978424,0.0,1.4861348528211622,3.0002910597009,2.9180258649642483
0.9999861056311602,0.0,0.00020770886047056302,0.0,0.15242445809784239,0.0,1.4860541326821943,3.0002910814811248,2.9176111537276963
0.9999861222376107,0.0,0.0002074938532121754,0.0,0.15250445809784238,0.0,1.4859735214172884,3.0002911032362545,2.9171968632653695
0.9999861388128334,0.0,0.00020727917859678883,0.0,0.15258445809784238,0.0,1.4858930188049089,3.0002911249663367,2.9167829931054707
0.9999861553568986,0.0,0.00020706483594011522,0.0,0.15266445809784238,0.0,1.4858126246242118,3.0002911466714157,2.916369544104886
0.9999861718698746,0.0,0.00020685082455960415,0.0,0.15274445809784237,0.0,1.4857323386530208,3.0002911683515254,2.9159565110237105
0.9999861883518372,0.0,0.0002066371437745512,0.0,0.15282445809784237,0.0,1.4856521606721553,3.000291190006737,2.9155438940328757
0.9999862048028516,0.0,0.0002064237929058208,0.0,0.15290445809784237,0.0,1.485572090464349,3.0002912116370766,2.915131694644216
0.9999862212229925,0.0,0.0002062107712762349,0.0,0.15298445809784236,0.0,1.485492127807056,3.000291233242606,2.914719912772796
0.9999862376123254,0.0,0.00020599807821015232,0.0,0.15306445809784236,0.0,1.4854122724826286,3.000291254823353,2.9143085450632293
0.9999862539709242,0.0,0.00020578571303382057,0.0,0.15314445809784236,0.0,1.4853325242741406,3.000291276379381,2.913897593407183
0.999986270298855,0.0,0.0002055736750750882,0.0,0.15322445809784235,0.0,1.4852528829632683,3.000291297910719,2.913487055417203
0.9999862865961912,0.0,0.00020536196366359384,0.0,0.15330445809784235,0.0,1.4851733483342835,3.0002913194174363,2.9130769319489027
0.9999863028629974,0.0,0.00020515057813063974,0.0,0.15338445809784235,0.0,1.485093920169877,3.0002913408995515,2.9126672174198944
0.9999863190993462,0.0,0.00020493951780931502,0.0,0.15346445809784234,0.0,1.4850145982557594,3.000291362357127,2.912257918378916
0.9999863353053051,0.0,0.00020472878203430767,0.0,0.15354445809784234,0.0,1.4849353823754528,3.000291383790206,2.91184903115512
0.9999863514809441,0.0,0.0002045183701421405,0.0,0.15362445809784234,0.0,1.484856272314535,3.000291405198831,2.9114405539210195
0.9999863676263286,0.0,0.00020430828147086555,0.0,0.15370445809784233,0.0,1.4847772678595308,3.000291426583038,2.9110324889339774
0.9999863837415308,0.0,0.00020409851536031326,0.0,0.15378445809784233,0.0,1.4846983687969244,3.000291447942895,2.910624831802041
0.9999863998266166,0.0,0.0002038890711520322,0.0,0.15386445809784233,0.0,1.4846195749124087,3.000291469278427,2.9102175828421117
0.9999864158816552,0.0,0.0002036799481891959,0.0,0.15394445809784232,0.0,1.4845408859943532,3.0002914905896865,2.909810742672742
0.9999864319067139,0.0,0.000203471145816614,0.0,0.15402445809784232,0.0,1.4844623018314655,3.0002915118767217,2.9094043100902
0.9999864479018598,0.0,0.00020326266338081678,0.0,0.15410445809784232,0.0,1.4843838222125458,3.0002915331395696,2.9089982843050732
0.9999864638671611,0.0,0.00020305450023001126,0.0,0.15418445809784231,0.0,1.4843054469255783,3.0002915543782787,2.9085926669313324
0.9999864798026853,0.0,0.00020284665571403346,0.0,0.1542644580978423,0.0,1.4842271757610317,3.000291575592894,2.908187452173416
0.9999864957084996,0.0,0.00020263912918434091,0.0,0.1543444580978423,0.0,1.4841490085104136,3.0002915967834647,2.9077826435043965
0.9999865115846694,0.0,0.00020243191999410644,0.0,0.1544244580978423,0.0,1.4840709449599576,3.0002916179500203,2.9073782409629874
0.9999865274312641,0.0,0.00020222502749809513,0.0,0.1545044580978423,0.0,1.4839929849060707,3.000291639092623,2.9069742400820924
0.999986543248348,0.0,0.00020201845105271107,0.0,0.1545844580978423,0.0,1.483915128138376,3.0002916602113032,2.9065706427997604
0.9999865590359884,0.0,0.00020181219001601396,0.0,0.1546644580978423,0.0,1.4838373744485431,3.0002916813061087,2.9061674456010063
0.999986574794253,0.0,0.0002016062437476965,0.0,0.1547444580978423,0.0,1.4837597236310331,3.000291702377091,2.9057646535156127
0.9999865905232052,0.0,0.0002014006116090093,0.0,0.1548244580978423,0.0,1.4836821754770992,3.000291723424281,2.9053622608183076
0.9999866062229128,0.0,0.00020119529296289492,0.0,0.15490445809784228,0.0,1.4836047297821633,3.0002917444477317,2.9049602708081217
0.9999866218934411,0.0,0.00020099028717386407,0.0,0.15498445809784228,0.0,1.4835273863419138,3.000291765447485,2.904558679432572
0.9999866375348553,0.0,0.00020078559360805467,0.0,0.15506445809784228,0.0,1.4834501449477424,3.0002917864235803,2.904157487597205
0.9999866531472215,0.0,0.00020058121163319808,0.0,0.15514445809784227,0.0,1.4833730053978156,3.0002918073760663,2.903756694510563
0.9999866687306049,0.0,0.00020037714061864304,0.0,0.15522445809784227,0.0,1.4832959674876283,3.0002918283049835,2.9033562973039286
0.9999866842850716,0.0,0.00020017337993529673,0.0,0.15530445809784227,0.0,1.4832190310132602,3.0002918492103845,2.9029562994787756
0.9999866998106826,0.0,0.0001999699289556457,0.0,0.15538445809784227,0.0,1.4831421957702382,3.000291870092288,2.9025566970430856
0.9999867153075063,0.0,0.0001997667870538148,0.0,0.15546445809784226,0.0,1.4830654615587167,3.0002918909507588,2.9021574916111876
0.9999867307756068,0.0,0.00019956395360548918,0.0,0.15554445809784226,0.0,1.4829888281758428,3.0002919117858347,2.9017586832205895
0.9999867462150475,0.0,0.00019936142798786054,0.0,0.15562445809784226,0.0,1.4829122954191993,3.0002919325975577,2.9013602671278065
0.999986761625894,0.0,0.00019915920957981622,0.0,0.15570445809784225,0.0,1.4828358630885463,3.000291953385971,2.9009622441935687
0.9999867770082095,0.0,0.00019895729776166403,0.0,0.15578445809784225,0.0,1.4827595309845418,3.000291974151121,2.900564616546933
0.9999867923620579,0.0,0.00019875569191542773,0.0,0.15586445809784225,0.0,1.4826832989028513,3.0002919948930376,2.9001673821263454
0.9999868076875035,0.0,0.00019855439142451933,0.0,0.15594445809784224,0.0,1.4826071666482832,3.000292015611777,2.8997705399579994
0.9999868229846088,0.0,0.00019835339567397665,0.0,0.15602445809784224,0.0,1.4825311340202676,3.000292036307377,2.8993740899495974
0.9999868382534383,0.0,0.00019815270405043806,0.0,0.15610445809784224,0.0,1.482455200821721,3.0002920569798768,2.898978028387759
0.9999868534940533,0.0,0.0001979523159420042,0.0,0.15618445809784223,0.0,1.4823793668508751,3.0002920776293114,2.8985823598633482
0.9999868687065208,0.0,0.00019775223073834075,0.0,0.15626445809784223,0.0,1.482303631914881,3.000292098255749,2.8981870802586474
0.9999868838909005,0.0,0.00019755244783067555,0.0,0.15634445809784223,0.0,1.482227995813406,3.0002921188592033,2.897792191551271
0.999986899047257,0.0,0.00019735296661168645,0.0,0.15642445809784222,0.0,1.4821524583511585,3.0002921394397357,2.897397689123788
0.9999869141756512,0.0,0.0001971537864756382,0.0,0.15650445809784222,0.0,1.482077019332095,3.0002921599973726,2.89700357605317
0.9999869292761454,0.0,0.0001969549068182331,0.0,0.15658445809784222,0.0,1.4820016785599972,3.000292180532162,2.8966098480032763
0.9999869443488054,0.0,0.00019675632703685015,0.0,0.1566644580978422,0.0,1.4819264358403854,3.000292201044156,2.8962165083701112
0.9999869593936893,0.0,0.00019655804653016787,0.0,0.1567444580978422,0.0,1.4818512909795545,3.0002922215333827,2.895823555783693
0.9999869744108607,0.0,0.00019636006469853017,0.0,0.1568244580978422,0.0,1.481776243781081,3.000292241999885,2.8954309868629355
0.9999869894003811,0.0,0.00019616238094369268,0.0,0.1569044580978422,0.0,1.4817012940537897,3.000292262443707,2.8950388021795455
0.9999870043623128,0.0,0.00019596499466897338,0.0,0.1569844580978422,0.0,1.481626441602848,3.00029228286489,2.8946470041451606
0.9999870192967174,0.0,0.00019576790527910882,0.0,0.1570644580978422,0.0,1.4815516862365903,3.000292303263479,2.8942555897864555
0.9999870342036551,0.0,0.0001955711121803618,0.0,0.1571444580978422,0.0,1.4814770277600202,3.000292323639506,2.8938645545840656
0.999987049083188,0.0,0.00019537461478048217,0.0,0.1572244580978422,0.0,1.481402465986345,3.0002923439930176,2.89347390476975
0.9999870639353771,0.0,0.00019517841248865178,0.0,0.1573044580978422,0.0,1.4813280007199168,3.0002923643240575,2.893083636492542
0.9999870787602837,0.0,0.00019498250471561336,0.0,0.15738445809784218,0.0,1.4812536317729108,3.0002923846326635,2.892693750595696
0.9999870935579668,0.0,0.000194786890873436,0.0,0.15746445809784218,0.0,1.4811793589532676,3.0002924049188735,2.892304243413542
0.9999871083284888,0.0,0.00019459157037579847,0.0,0.15754445809784218,0.0,1.4811051820730328,3.0002924251827343,2.891915115935409
0.9999871230719087,0.0,0.00019439654263780055,0.0,0.15762445809784217,0.0,1.4810311009392954,3.0002924454242748,2.8915263696151423
0.9999871377882874,0.0,0.0001942018070759273,0.0,0.15770445809784217,0.0,1.4809571153654935,3.000292465643544,2.8911380004807965
0.9999871524776851,0.0,0.0001940073631081677,0.0,0.15778445809784217,0.0,1.4808832251644826,3.0002924858405837,2.8907500109472424
0.9999871671401619,0.0,0.0001938132101539686,0.0,0.15786445809784216,0.0,1.480809430145723,3.0002925060154313,2.890362398255898
0.9999871817757762,0.0,0.00019361934763418776,0.0,0.15794445809784216,0.0,1.48073573012295,3.0002925261681215,2.8899751634933555
0.9999871963845904,0.0,0.00019342577497117634,0.0,0.15802445809784216,0.0,1.4806621249083456,3.0002925462987067,2.8895883009677727
0.9999872109666627,0.0,0.0001932324915886127,0.0,0.15810445809784215,0.0,1.4805886143173712,3.0002925664072264,2.889201819836045
0.9999872255220519,0.0,0.00019303949691170584,0.0,0.15818445809784215,0.0,1.4805151981635576,3.0002925864937127,2.888815712945118
0.9999872400508152,0.0,0.00019284679036701933,0.0,0.15826445809784215,0.0,1.4804418762575928,3.000292606558196,2.8884299746079143
0.999987254553016,0.0,0.00019265437138263862,0.0,0.15834445809784214,0.0,1.480368648418602,3.0002926266007366,2.8880446165176004
0.9999872690287099,0.0,0.00019246223938793842,0.0,0.15842445809784214,0.0,1.4802955144591035,3.000292646621361,2.887659632767911
0.9999872834779572,0.0,0.00019227039381381278,0.0,0.15850445809784214,0.0,1.4802224741952787,3.000292666620111,2.88727501895039
0.9999872979008165,0.0,0.00019207883409246254,0.0,0.15858445809784213,0.0,1.4801495274448775,3.000292686597036,2.8868907759020153
0.9999873122973462,0.0,0.00019188755965760996,0.0,0.15866445809784213,0.0,1.4800766740237201,3.0002927065521647,2.886506906607989
0.9999873266676023,0.0,0.00019169656994425953,0.0,0.15874445809784213,0.0,1.4800039137472685,3.000292726485529,2.8861234070443604
0.9999873410116461,0.0,0.00019150586438889034,0.0,0.15882445809784212,0.0,1.4799312464354657,3.0002927463971876,2.885740280473518
0.9999873553295331,0.0,0.000191315442429335,0.0,0.15890445809784212,0.0,1.4798586719042373,3.000292766287162,2.8853575220813155
0.9999873696213225,0.0,0.0001911253035048411,0.0,0.15898445809784212,0.0,1.4797861899734108,3.000292786155501,2.884975130137719
0.9999873838870728,0.0,0.0001909354470560153,0.0,0.15906445809784212,0.0,1.4797138004610195,3.00029280600225,2.884593110948796
0.9999873981268405,0.0,0.0001907458725249223,0.0,0.1591444580978421,0.0,1.4796415031859256,3.00029282582743,2.884211457657823
0.9999874123406832,0.0,0.0001905565793548205,0.0,0.1592244580978421,0.0,1.4795692979693826,3.000292845631099,2.883830172839351
0.9999874265286562,0.0,0.00019036756699051301,0.0,0.1593044580978421,0.0,1.4794971846301201,3.0002928654132712,2.883449256523369
0.9999874406908196,0.0,0.00019017883487811816,0.0,0.1593844580978421,0.0,1.4794251629886135,3.000292885174006,2.8830687037416816
0.9999874548272286,0.0,0.00018999038246508322,0.0,0.1594644580978421,0.0,1.479353232867445,3.000292904913335,2.8826885184121247
0.9999874689379424,0.0,0.0001898022092002484,0.0,0.1595444580978421,0.0,1.4792813940878355,3.0002929246313097,2.882308697983758
0.999987483023013,0.0,0.00018961431453378712,0.0,0.1596244580978421,0.0,1.4792096464699618,3.000292944327937,2.8819292428439973
0.9999874970825013,0.0,0.00018942669791724212,0.0,0.1597044580978421,0.0,1.4791379898379642,3.0002929640032883,2.8815501495494997
0.9999875111164621,0.0,0.00018923935880355,0.0,0.15978445809784209,0.0,1.47906642401277,3.0002929836573813,2.8811714224033556
0.9999875251249509,0.0,0.00018905229664686318,0.0,0.15986445809784208,0.0,1.4789949488198482,3.000293003290259,2.8807930541296676
0.9999875391080243,0.0,0.00018886551090276953,0.0,0.15994445809784208,0.0,1.4789235640809262,3.000293022901961,2.880415053224163
0.9999875530657408,0.0,0.00018867900102824013,0.0,0.16002445809784208,0.0,1.478852269621694,3.0002930424925345,2.8800374113345244
0.9999875669981511,0.0,0.00018849276648139686,0.0,0.16010445809784207,0.0,1.4787810652652653,3.0002930620619934,2.879660130793105
0.9999875809053143,0.0,0.0001883068067218585,0.0,0.16018445809784207,0.0,1.4787099508372017,3.000293081610395,2.8792832089242393
0.9999875947872857,0.0,0.00018812112121051973,0.0,0.16026445809784207,0.0,1.4786389261632487,3.000293101137774,2.8789066497263436
0.9999876086441204,0.0,0.00018793570940956584,0.0,0.16034445809784206,0.0,1.4785679910670748,3.0002931206441654,2.8785304491253485
0.9999876224758737,0.0,0.00018775057078253174,0.0,0.16042445809784206,0.0,1.47849714537757,3.0002931401296076,2.8781546089378094
0.9999876362825998,0.0,0.00018756570479420794,0.0,0.16050445809784206,0.0,1.4784263889208358,3.000293159594136,2.8777791250893023
0.9999876500643553,0.0,0.0001873811109107827,0.0,0.16058445809784205,0.0,1.4783557215228582,3.0002931790377927,2.877403999902567
0.9999876638211936,0.0,0.00018719678859966548,0.0,0.16066445809784205,0.0,1.4782851430107817,3.0002931984606107,2.8770292316835584
0.9999876775531692,0.0,0.00018701273732960532,0.0,0.16074445809784205,0.0,1.4782146532149059,3.0002932178626236,2.8766548201930027
0.9999876912603389,0.0,0.00018682895657067477,0.0,0.16082445809784204,0.0,1.4781442519602945,3.00029323724388,2.876280765054464
0.9999877049427536,0.0,0.0001866454457941396,0.0,0.16090445809784204,0.0,1.4780739390770563,3.0002932566044027,2.875907064802807
0.9999877186004705,0.0,0.00018646220447267897,0.0,0.16098445809784204,0.0,1.4780037143962883,3.0002932759442404,2.8755337174301117
0.999987732233543,0.0,0.00018627923208016956,0.0,0.16106445809784203,0.0,1.4779335777463631,3.000293295263429,2.8751607282679723
0.9999877458420242,0.0,0.00018609652809182487,0.0,0.16114445809784203,0.0,1.477863528953621,3.000293314561996,2.8747880913966832
0.9999877594259696,0.0,0.0001859140919841339,0.0,0.16122445809784203,0.0,1.4777935678523209,3.000293333839986,2.874415807004671
0.9999877729854312,0.0,0.00018573192323473206,0.0,0.16130445809784202,0.0,1.4777236942731833,3.000293353097437,2.874043877011949
0.9999877865204628,0.0,0.00018555002132274978,0.0,0.16138445809784202,0.0,1.4776539080459965,3.000293372334371,2.8736722975699798
0.9999878000311194,0.0,0.00018536838572837772,0.0,0.16146445809784202,0.0,1.4775842090041937,3.0002933915508487,2.873301068879801
0.9999878135174523,0.0,0.00018518701593316672,0.0,0.16154445809784201,0.0,1.477514596977813,3.000293410746888,2.8729301930945526
0.9999878269795155,0.0,0.0001850059114199841,0.0,0.161624458097842,0.0,1.4774450717989835,3.000293429922523,2.8725596684327885
0.9999878404173637,0.0,0.0001848250716728131,0.0,0.161704458097842,0.0,1.477375633301554,3.0002934490778124,2.8721894936778916
0.9999878538310476,0.0,0.00018464449617699966,0.0,0.161784458097842,0.0,1.4773062813183073,3.0002934682127695,2.8718196652586068
0.999987867220619,0.0,0.00018446418441905253,0.0,0.161864458097842,0.0,1.4772370156832486,3.0002934873274296,2.8714501883546752
0.9999878805861335,0.0,0.00018428413588683336,0.0,0.161944458097842,0.0,1.4771678362298786,3.000293506421841,2.871081057855651
0.9999878939276435,0.0,0.00018410435006931735,0.0,0.162024458097842,0.0,1.47709874279513,3.0002935254960494,2.8707122771257785
0.9999879072451978,0.0,0.00018392482645679427,0.0,0.162104458097842,0.0,1.4770297352094877,3.0002935445500607,2.8703438421566627
0.9999879205388537,0.0,0.00018374556454082375,0.0,0.162184458097842,0.0,1.4769608133120091,3.0002935635839414,2.869975756339444
0.9999879338086595,0.0,0.00018356656381410375,0.0,0.16226445809784198,0.0,1.4768919769342241,3.0002935825977066,2.8696080128001507
0.9999879470546679,0.0,0.00018338782377060354,0.0,0.16234445809784198,0.0,1.476823225914641,3.000293601591395,2.869240617431533
0.9999879602769318,0.0,0.00018320934390553818,0.0,0.16242445809784198,0.0,1.476754560091149,3.000293620565049,2.8688735646583297
0.9999879734755014,0.0,0.00018303112371527102,0.0,0.16250445809784198,0.0,1.4766859792987213,3.000293639518695,2.868506857251338
0.99998798665043,0.0,0.00018285316269746278,0.0,0.16258445809784197,0.0,1.4766174833742705,3.0002936584523794,2.868140493994122
0.9999879998017679,0.0,0.00018267546035096954,0.0,0.16266445809784197,0.0,1.4765490721548835,3.0002936773661255,2.8677744776744114
0.9999880129295664,0.0,0.00018249801617580585,0.0,0.16274445809784197,0.0,1.476480745479029,3.0002936962599733,2.8674087992311463
0.9999880260338775,0.0,0.00018232082967323517,0.0,0.16282445809784196,0.0,1.4764125031860806,3.0002937151339615,2.86704346460284
0.9999880391147532,0.0,0.00018214390034570547,0.0,0.16290445809784196,0.0,1.4763443451142904,3.0002937339881344,2.8666784704162698
0.9999880521722412,0.0,0.0001819672276968679,0.0,0.16298445809784196,0.0,1.4762762711023059,3.000293752822501,2.8663138197929228
0.9999880652063958,0.0,0.00018179081123159525,0.0,0.16306445809784195,0.0,1.4762082809893213,3.000293771637121,2.865949510349924
0.9999880782172648,0.0,0.00018161465045590198,0.0,0.16314445809784195,0.0,1.4761403746153154,3.0002937904320093,2.8655855385375433
0.9999880912049014,0.0,0.00018143874487701954,0.0,0.16322445809784195,0.0,1.476072551822508,3.000293809207221,2.8652219082060895
0.9999881041693528,0.0,0.00018126309400337009,0.0,0.16330445809784194,0.0,1.4760048124477918,3.0002938279627656,2.864858614594368
0.999988117110673,0.0,0.00018108769734454533,0.0,0.16338445809784194,0.0,1.4759371563362569,3.0002938466987046,2.864495662297416
0.9999881300289105,0.0,0.00018091255441132138,0.0,0.16346445809784194,0.0,1.4758695833262405,3.0002938654150606,2.8641330458312946
0.9999881429241143,0.0,0.00018073766471564116,0.0,0.16354445809784193,0.0,1.4758020932605005,3.000293884111859,2.8637707669708474
0.9999881557963367,0.0,0.00018056302777062959,0.0,0.16362445809784193,0.0,1.4757346859824154,3.000293902789152,2.8634088289999453
0.9999881686456245,0.0,0.00018038864309053066,0.0,0.16370445809784193,0.0,1.475667361331643,3.000293921446957,2.8630472246438203
0.9999881814720295,0.0,0.0001802145101908499,0.0,0.16378445809784192,0.0,1.475600119153618,3.0002939400853172,2.862685951921974
0.9999881942756017,0.0,0.00018004062858818356,0.0,0.16386445809784192,0.0,1.4755329592902535,3.0002939587042703,2.862325021009402
0.999988207056388,0.0,0.0001798669978002637,0.0,0.16394445809784192,0.0,1.4754658815869857,3.0002939773038384,2.8619644225435668
0.9999882198144399,0.0,0.00017969361734607354,0.0,0.1640244580978419,0.0,1.4753988858858036,3.000293995884063,2.861604156174296
0.9999882325498064,0.0,0.00017952048674562725,0.0,0.1641044580978419,0.0,1.4753319720312836,3.0002940144449846,2.861244225244398
0.9999882452625352,0.0,0.0001793476055201832,0.0,0.1641844580978419,0.0,1.475265139869825,3.0002940329866217,2.8608846291843886
0.9999882579526771,0.0,0.00017917497319209848,0.0,0.1642644580978419,0.0,1.4751983892455878,3.0002940515090253,2.860525364635899
0.9999882706202803,0.0,0.00017900258928491814,0.0,0.1643444580978419,0.0,1.475131720002479,3.0002940700122167,2.860166431719583
0.9999882832653911,0.0,0.00017883045332320037,0.0,0.1644244580978419,0.0,1.475065131988902,3.0002940884962253,2.8598078303157064
0.9999882958880616,0.0,0.00017865856483280064,0.0,0.1645044580978419,0.0,1.474998625049931,3.0002941069610993,2.859449561242928
0.9999883084883381,0.0,0.00017848692334062564,0.0,0.1645844580978419,0.0,1.474932199030284,3.000294125406859,2.859091622631512
0.9999883210662711,0.0,0.00017831552837468902,0.0,0.1646644580978419,0.0,1.4748658537815666,3.000294143833557,2.858734013092371
0.9999883336219055,0.0,0.0001781443794641454,0.0,0.16474445809784188,0.0,1.4747995891467973,3.0002941622412025,2.8583767342163973
0.9999883461552912,0.0,0.00017797347613929696,0.0,0.16482445809784188,0.0,1.4747334049761014,3.000294180629841,2.858019786162851
0.9999883586664783,0.0,0.0001778028179316051,0.0,0.16490445809784188,0.0,1.4746673011163174,3.000294198999514,2.8576631649554964
0.9999883711555113,0.0,0.00017763240437349153,0.0,0.16498445809784187,0.0,1.4746012774165296,3.0002942173502434,2.857306869917781
0.9999883836224387,0.0,0.00017746223499866712,0.0,0.16506445809784187,0.0,1.4745353337247946,3.0002942356820563,2.85695090380883
0.9999883960673108,0.0,0.00017729230934185973,0.0,0.16514445809784187,0.0,1.474469469890834,3.0002942539950106,2.856595265991717
0.9999884084901695,0.0,0.0001771226269388582,0.0,0.16522445809784186,0.0,1.4744036857632148,3.000294272289101,2.8562399528480875
0.9999884208910669,0.0,0.00017695318732667054,0.0,0.16530445809784186,0.0,1.4743379811921502,3.0002942905643923,2.8558849685596384
0.9999884332700483,0.0,0.00017678399004334686,0.0,0.16538445809784186,0.0,1.4742723560285524,3.0002943088209,2.855530308360483
0.999988445627163,0.0,0.0001766150346280237,0.0,0.16546445809784185,0.0,1.4742068101219659,3.000294327058678,2.8551759696387236
0.999988457962455,0.0,0.0001764463206209326,0.0,0.16554445809784185,0.0,1.4741413433250241,3.000294345277733,2.854821959357398
0.9999884702759729,0.0,0.00017627784756340669,0.0,0.16562445809784185,0.0,1.4740759554862206,3.0002943634781127,2.8544682722264123
0.9999884825677628,0.0,0.00017610961499786755,0.0,0.16570445809784184,0.0,1.4740106464591498,3.0002943816598435,2.8541149081510606
0.999988494837872,0.0,0.00017594162246781223,0.0,0.16578445809784184,0.0,1.4739454160945704,3.0002943998229634,2.8537618685538044
0.999988507086346,0.0,0.0001757738695178425,0.0,0.16586445809784184,0.0,1.4738802642461788,3.0002944179674924,2.853409148739656
0.9999885193132338,0.0,0.0001756063556936233,0.0,0.16594445809784183,0.0,1.4738151907644532,3.0002944360934847,2.853056753931065
0.9999885315185787,0.0,0.00017543908054185202,0.0,0.16602445809784183,0.0,1.473750195504041,3.0002944542009526,2.852704677595968
0.9999885437024284,0.0,0.0001752720436103397,0.0,0.16610445809784183,0.0,1.4736852783179075,3.0002944722899407,2.8523529254447357
0.9999885558648288,0.0,0.00017510524444800565,0.0,0.16618445809784183,0.0,1.4736204390609358,3.0002944903604734,2.8520014926861266
0.9999885680058267,0.0,0.00017493868260478774,0.0,0.16626445809784182,0.0,1.4735556775842062,3.0002945084125874,2.851650380238529
0.9999885801254652,0.0,0.00017477235763161848,0.0,0.16634445809784182,0.0,1.47349099374432,3.000294526446307,2.8512995817124867
0.9999885922237931,0.0,0.0001746062690806169,0.0,0.16642445809784182,0.0,1.4734263873960278,3.000294544461677,2.85094910717971
0.9999886043008547,0.0,0.00017444041650493608,0.0,0.1665044580978418,0.0,1.4733618583922723,3.000294562458716,2.850598951449767
0.9999886163566941,0.0,0.00017427479945866667,0.0,0.1665844580978418,0.0,1.4732974065892581,3.0002945804374566,2.850249112257446
0.9999886283913608,0.0,0.00017410941749711282,0.0,0.1666644580978418,0.0,1.473233031845363,3.0002945983979514,2.849899592942897
0.9999886404048955,0.0,0.00017394427017650502,0.0,0.1667444580978418,0.0,1.473168734012814,3.000294616340201,2.84955038894866
0.9999886523973464,0.0,0.00017377935705417227,0.0,0.1668244580978418,0.0,1.4731045129504707,3.000294634264259,2.849201502456521
0.9999886643687576,0.0,0.00017361467768847188,0.0,0.1669044580978418,0.0,1.473040368514355,3.0002946521701515,2.848852927477126
0.9999886763191747,0.0,0.00017345023163881245,0.0,0.1669844580978418,0.0,1.4729763005617875,3.000294670057913,2.8485046719150335
0.9999886882486387,0.0,0.00017328601846559123,0.0,0.1670644580978418,0.0,1.4729123089477383,3.000294687927549,2.8481567289562504
0.999988700157201,0.0,0.0001731220377303356,0.0,0.16714445809784179,0.0,1.4728483935345242,3.000294705779136,2.8478091034958073
0.9999887120449006,0.0,0.0001729582889955046,0.0,0.16722445809784178,0.0,1.4727845541755278,3.0002947236126642,2.8474617906216784
0.999988723911785,0.0,0.00017279477182461977,0.0,0.16730445809784178,0.0,1.4727207907328368,3.0002947414281915,2.8471147932169854
0.9999887357578975,0.0,0.00017263148578227123,0.0,0.16738445809784178,0.0,1.4726571030622253,3.0002947592257345,2.8467681058297614
0.9999887475832823,0.0,0.00017246843043399544,0.0,0.16746445809784177,0.0,1.4725934910239942,3.0002947770053265,2.8464217324972325
0.9999887593879844,0.0,0.00017230560534637064,0.0,0.16754445809784177,0.0,1.472529954477346,3.0002947947670084,2.846075670164436
0.9999887711720474,0.0,0.0001721430100870336,0.0,0.16762445809784177,0.0,1.4724664932832299,3.0002948125108024,2.8457299209368663
0.9999887829355162,0.0,0.00017198064422461893,0.0,0.16770445809784176,0.0,1.4724031072986845,3.000294830236743,2.845384482121973
0.9999887946784317,0.0,0.00017181850732868111,0.0,0.16778445809784176,0.0,1.4723397963879519,3.0002948479448506,2.8450393535230543
0.9999888064008399,0.0,0.00017165659896991047,0.0,0.16786445809784176,0.0,1.4722765604087489,3.0002948656351642,2.8446945374856045
0.9999888181027846,0.0,0.00017149491871994014,0.0,0.16794445809784175,0.0,1.472213399222658,3.000294883307718,2.8443500276874003
0.9999888297843091,0.0,0.0001713334661514287,0.0,0.16802445809784175,0.0,1.4721503126924165,3.0002949009625364,2.844005828185278
0.9999888414454557,0.0,0.00017117224083796167,0.0,0.16810445809784175,0.0,1.4720873006781043,3.0002949185996517,2.8436619374115573
0.9999888530862695,0.0,0.00017101124235424737,0.0,0.16818445809784174,0.0,1.472024363042172,3.0002949362190963,2.8433183557897115
0.9999888647067928,0.0,0.00017085047027589194,0.0,0.16826445809784174,0.0,1.471961499644829,3.0002949538208967,2.8429750808765593
0.9999888763070686,0.0,0.00017068992417945957,0.0,0.16834445809784174,0.0,1.4718987103546992,3.0002949714050913,2.842632113839022
0.999988887887139,0.0,0.00017052960364261088,0.0,0.16842445809784173,0.0,1.471835995027627,3.0002949889716963,2.842289453903682
0.99998889944705,0.0,0.00017036950824396451,0.0,0.16850445809784173,0.0,1.4717733535321293,3.000295006520762,2.8419470980890122
0.9999889109868412,0.0,0.0001702096375630286,0.0,0.16858445809784173,0.0,1.4717107857272522,3.000295024052302,2.8416050505253643
0.9999889225065557,0.0,0.0001700499911804204,0.0,0.16866445809784172,0.0,1.4716482914790556,3.0002950415663414,2.841263309930892
0.9999889340062367,0.0,0.00016989056867761798,0.0,0.16874445809784172,0.0,1.4715858706537128,3.0002950590629234,2.8409218722413314
0.9999889454859273,0.0,0.00016973136963714888,0.0,0.16882445809784172,0.0,1.4715235231127737,3.0002950765420806,2.840580736483523
0.9999889569456687,0.0,0.00016957239364251487,0.0,0.16890445809784171,0.0,1.471461248721145,3.0002950940038264,2.8402399074864646
0.9999889683855046,0.0,0.0001694136402781082,0.0,0.1689844580978417,0.0,1.4713990473466356,3.0002951114482137,2.839899382344435
0.9999889798054761,0.0,0.00016925510912938147,0.0,0.1690644580978417,0.0,1.471336918852882,3.0002951288752553,2.839559158390305
0.9999889912056248,0.0,0.000169096799782673,0.0,0.1691444580978417,0.0,1.471274863105284,3.000295146284984,2.839219236272681
0.9999890025859929,0.0,0.00016893871182534662,0.0,0.1692244580978417,0.0,1.4712128799686681,3.0002951636774253,2.838879621247759
0.9999890139466232,0.0,0.00016878084484570958,0.0,0.1693044580978417,0.0,1.4711509693115878,3.0002951810526155,2.8385403012837767
0.9999890252875568,0.0,0.0001686231984329817,0.0,0.1693844580978417,0.0,1.471089131000627,3.0002951984105826,2.8382012865140602
0.999989036608835,0.0,0.00016846577217733343,0.0,0.1694644580978417,0.0,1.4710273649025567,3.000295215751357,2.8378625702833435
0.9999890479104995,0.0,0.00016830856566997152,0.0,0.1695444580978417,0.0,1.470965670883064,3.0002952330749615,2.8375241547442855
0.9999890591925922,0.0,0.00016815157850295537,0.0,0.16962445809784168,0.0,1.4709040488117422,3.0002952503814355,2.837186041833489
0.9999890704551558,0.0,0.00016799481026935178,0.0,0.16970445809784168,0.0,1.470842498555376,3.000295267670815,2.836848223810711
0.9999890816982272,0.0,0.00016783826056310846,0.0,0.16978445809784168,0.0,1.470781019982062,3.0002952849430975,2.836510707923708
0.9999890929218511,0.0,0.0001676819289791733,0.0,0.16986445809784168,0.0,1.4707196129615396,3.0002953021983405,2.8361734878098153
0.999989104126069,0.0,0.0001675258151134285,0.0,0.16994445809784167,0.0,1.470658277361876,3.0002953194365705,2.8358365663411025
0.9999891153109178,0.0,0.00016736991856259635,0.0,0.17002445809784167,0.0,1.4705970130505095,3.0002953366577962,2.8354999439595265
0.999989126476442,0.0,0.00016721423892444734,0.0,0.17010445809784167,0.0,1.4705358198986906,3.0002953538620676,2.8351636145393595
0.9999891376226832,0.0,0.00016705877579767825,0.0,0.17018445809784166,0.0,1.470474697777571,3.0002953710494165,2.83482758815983
0.9999891487496777,0.0,0.00016690352878174895,0.0,0.17026445809784166,0.0,1.4704136465534832,3.000295388219854,2.8344918529982728
0.9999891598574695,0.0,0.00016674849747729388,0.0,0.17034445809784166,0.0,1.4703526660996078,3.0002954053734165,2.834156415910755
0.9999891709460974,0.0,0.00016659368148567668,0.0,0.17042445809784165,0.0,1.470291756283697,3.0002954225101286,2.833821272697088
0.9999891820156019,0.0,0.0001664390804092131,0.0,0.17050445809784165,0.0,1.4702309169802885,3.000295439630026,2.8334864225984417
0.9999891930660249,0.0,0.00016628469385121858,0.0,0.17058445809784165,0.0,1.470170148059515,3.000295456733141,2.8331518703383947
0.9999892040974048,0.0,0.00016613052141582603,0.0,0.17066445809784164,0.0,1.4701094493907694,3.000295473819496,2.8328176094641795
0.9999892151097817,0.0,0.00016597656270815023,0.0,0.17074445809784164,0.0,1.4700488208469864,3.0002954908891124,2.832483639225666
0.9999892261031967,0.0,0.00016582281733416737,0.0,0.17082445809784164,0.0,1.4699882623009723,3.0002955079420346,2.832149965384685
0.9999892370776877,0.0,0.00016566928490077066,0.0,0.17090445809784163,0.0,1.4699277736236904,3.0002955249782723,2.831816583349213
0.999989248033296,0.0,0.00016551596501579276,0.0,0.17098445809784163,0.0,1.4698673546876362,3.000295541997863,2.831483493753065
0.999989258970062,0.0,0.00016536285728789595,0.0,0.17106445809784163,0.0,1.4698070053686723,3.00029555900085,2.8311506963500683
0.9999892698880222,0.0,0.0001652099613266998,0.0,0.17114445809784162,0.0,1.4697467255370662,3.0002955759872307,2.8308181878568153
0.9999892807872182,0.0,0.0001650572767427006,0.0,0.17122445809784162,0.0,1.4696865150674372,3.000295592957053,2.830485971056386
0.9999892916676905,0.0,0.00016490480314733396,0.0,0.17130445809784162,0.0,1.4696263738323867,3.0002956099103475,2.8301540434371746
0.9999893025294753,0.0,0.00016475254015282565,0.0,0.1713844580978416,0.0,1.4695663017078153,3.0002956268471253,2.8298224083833032
0.9999893133726139,0.0,0.00016460048737232784,0.0,0.1714644580978416,0.0,1.4695062985687475,3.000295643767436,2.8294910611377393
0.9999893241971449,0.0,0.0001644486444200051,0.0,0.1715444580978416,0.0,1.469446364284808,3.0002956606712865,2.829159998893365
0.9999893350031066,0.0,0.00016429701091067998,0.0,0.1716244580978416,0.0,1.4693864987372804,3.0002956775587184,2.8288292313665324
0.9999893457905396,0.0,0.0001641455864602878,0.0,0.1717044580978416,0.0,1.4693267017977827,3.000295694429755,2.828498747793532
0.9999893565594813,0.0,0.00016399437068543134,0.0,0.1717844580978416,0.0,1.469266973343519,3.0002957112844313,2.828168553867025
0.9999893673099703,0.0,0.00016384336320374328,0.0,0.1718644580978416,0.0,1.4692073132484538,3.000295728122764,2.8278386432689016
0.9999893780420454,0.0,0.00016369256363365996,0.0,0.1719444580978416,0.0,1.469147721389966,3.000295744944783,2.8275090239876124
0.9999893887557463,0.0,0.00016354197159455873,0.0,0.1720244580978416,0.0,1.4690881976442853,3.0002957617505217,2.827179687921818
0.9999893994511091,0.0,0.00016339158670655005,0.0,0.17210445809784158,0.0,1.4690287418881671,3.00029577854,2.826850640669259
0.9999894101281726,0.0,0.0001632414085907663,0.0,0.17218445809784158,0.0,1.4689693539987467,3.000295795313238,2.8265218737431232
0.9999894207869764,0.0,0.0001630914368690784,0.0,0.17226445809784158,0.0,1.4689100338505767,3.0002958120702847,2.8261933967508956
0.9999894314275589,0.0,0.0001629416711643423,0.0,0.17234445809784157,0.0,1.4688507813244351,3.0002958288111587,2.825865201856612
0.9999894420499562,0.0,0.000162792111100144,0.0,0.17242445809784157,0.0,1.4687915962965485,3.00029584553588,2.825537290722348
0.999989452654209,0.0,0.00016264275630103412,0.0,0.17250445809784157,0.0,1.4687324786469866,3.0002958622444953,2.8252096591380838
0.9999894632403515,0.0,0.0001624936063923585,0.0,0.17258445809784156,0.0,1.468673428249738,3.000295878936999,2.8248823185362277
0.999989473808423,0.0,0.00016234466100032436,0.0,0.17266445809784156,0.0,1.46861444498856,3.000295895613435,2.824555256468
0.9999894843584628,0.0,0.00016219591975200949,0.0,0.17274445809784156,0.0,1.4685555287379364,3.0002959122738444,2.824228474318487
0.9999894948905051,0.0,0.00016204738227528897,0.0,0.17282445809784155,0.0,1.4684966793788683,3.0002959289182294,2.8239019811490107
0.9999895054045919,0.0,0.00016189904819901308,0.0,0.17290445809784155,0.0,1.4684378967930851,3.000295945546641,2.8235757619066675
0.9999895159007571,0.0,0.00016175091715272822,0.0,0.17298445809784155,0.0,1.468379180855718,3.000295962159087,2.8232498292078385
0.9999895263790382,0.0,0.00016160298876686518,0.0,0.17306445809784154,0.0,1.4683205314484697,3.0002959787555956,2.8229241741398887
0.9999895368394741,0.0,0.00016145526267273523,0.0,0.17314445809784154,0.0,1.4682619484527795,3.000295995336208,2.8225988019595656
0.9999895472821015,0.0,0.0001613077385024477,0.0,0.17322445809784154,0.0,1.4682034317482031,3.000296011900947,2.8222737037082504
0.9999895577069562,0.0,0.00016116041588898762,0.0,0.17330445809784153,0.0,1.4681449812156326,3.000296028449822,2.821948889856458
0.9999895681140757,0.0,0.00016101329446609232,0.0,0.17338445809784153,0.0,1.4680865967359977,3.0002960449828757,2.8216243504904766
0.9999895785034982,0.0,0.0001608663738684352,0.0,0.17346445809784153,0.0,1.4680282781921752,3.000296061500137,2.821300094836067
0.9999895888752576,0.0,0.00016071965373140384,0.0,0.17354445809784153,0.0,1.4679700254623516,3.000296078001615,2.8209761150440595
0.9999895992293928,0.0,0.00016057313369130679,0.0,0.17362445809784152,0.0,1.4679118384309255,3.0002960944873527,2.820652408788714
0.9999896095659402,0.0,0.00016042681338524663,0.0,0.17370445809784152,0.0,1.4678537169804924,3.000296110957371,2.820328984631611
0.9999896198849361,0.0,0.00016028069245112972,0.0,0.17378445809784152,0.0,1.4677956609890581,3.0002961274116973,2.820005837138958
0.9999896301864154,0.0,0.0001601347705276751,0.0,0.1738644580978415,0.0,1.4677376703456195,3.0002961438503473,2.8196829598910376
0.9999896404704182,0.0,0.000159989047254472,0.0,0.1739444580978415,0.0,1.4676797449282704,3.0002961602733746,2.8193603659696356
0.9999896507369748,0.0,0.00015984352227183007,0.0,0.1740244580978415,0.0,1.4676218846202973,3.0002961766807608,2.8190380447880004
0.9999896609861285,0.0,0.00015969819522099145,0.0,0.1741044580978415,0.0,1.4675640893085609,3.000296193072588,2.818715999023081
0.999989671217909,0.0,0.00015955306574387364,0.0,0.1741844580978415,0.0,1.467506358874308,3.0002962094488344,2.818394222277889
0.9999896814323546,0.0,0.00015940813348335123,0.0,0.1742644580978415,0.0,1.4674486932008601,3.0002962258095334,2.818072726758273
0.9999896916295042,0.0,0.0001592633980829733,0.0,0.1743444580978415,0.0,1.4673910921758506,3.0002962421547505,2.8177515066549437
0.9999897018093891,0.0,0.000159118859187161,0.0,0.1744244580978415,0.0,1.467333555677614,3.000296258484463,2.8174305548428547
0.9999897119720459,0.0,0.00015897451644106587,0.0,0.17450445809784149,0.0,1.4672760835975887,3.0002962747987203,2.8171098764784777
0.9999897221175136,0.0,0.00015883036949081815,0.0,0.17458445809784148,0.0,1.4672186758169705,3.000296291097553,2.816789471241768
0.9999897322458232,0.0,0.00015868641798309896,0.0,0.17466445809784148,0.0,1.4671613322225123,3.0002963073809683,2.8164693368621903
0.9999897423570132,0.0,0.0001585426615655777,0.0,0.17474445809784148,0.0,1.4671040526972,3.0002963236490063,2.8161494754343965
0.999989752451117,0.0,0.00015839909988661651,0.0,0.17482445809784147,0.0,1.4670468371283114,3.0002963399016798,2.815829884373768
0.9999897625281714,0.0,0.00015825573259539046,0.0,0.17490445809784147,0.0,1.4669896854045053,3.00029635613903,2.815510565721077
0.9999897725882112,0.0,0.00015811255934188736,0.0,0.17498445809784147,0.0,1.466932597406941,3.0002963723610745,2.8151915149680615
0.9999897826312717,0.0,0.00015796957977686328,0.0,0.17506445809784146,0.0,1.4668755730250813,3.0002963885678406,2.8148727390740174
0.9999897926573855,0.0,0.00015782679355180181,0.0,0.17514445809784146,0.0,1.466818612145374,3.0002964047593417,2.814554229404519
0.9999898026665914,0.0,0.0001576842003191017,0.0,0.17522445809784146,0.0,1.4667617146548872,3.0002964209356247,2.8142359891669404
0.999989812658923,0.0,0.0001575417997318504,0.0,0.17530445809784145,0.0,1.466704880441052,3.0002964370967042,2.8139180162659856
0.9999898226344147,0.0,0.0001573995914438734,0.0,0.17538445809784145,0.0,1.4666481093923909,3.0002964532426164,2.8136003149414774
0.999989832593098,0.0,0.00015725757510985983,0.0,0.17546445809784145,0.0,1.4665914013924328,3.0002964693733443,2.8132828768093727
0.9999898425350123,0.0,0.0001571157503852489,0.0,0.17554445809784144,0.0,1.4665347563325386,3.00029648548896,2.8129657114972564
0.9999898524601909,0.0,0.000156974116926242,0.0,0.17562445809784144,0.0,1.4664781741018045,3.0002965015894754,2.812648809463309
0.9999898623686659,0.0,0.00015683267438977425,0.0,0.17570445809784144,0.0,1.4664216545866007,3.0002965176749012,2.812332176037078
0.9999898722604738,0.0,0.00015669142243359663,0.0,0.17578445809784143,0.0,1.4663651976758438,3.000296533745278,2.8120158082420783
0.9999898821356497,0.0,0.00015655036071622835,0.0,0.17586445809784143,0.0,1.4663088032599072,3.0002965498006375,2.8116997072172536
0.9999898919942254,0.0,0.00015640948889696443,0.0,0.17594445809784143,0.0,1.4662524712269918,3.0002965658409755,2.8113838704448417
0.9999899018362364,0.0,0.00015626880663573687,0.0,0.17602445809784142,0.0,1.466196201468517,3.000296581866347,2.811068300603651
0.999989911661717,0.0,0.00015612831359341657,0.0,0.17610445809784142,0.0,1.466139993871021,3.0002965978767664,2.81075299277395
0.9999899214706992,0.0,0.00015598800943150825,0.0,0.17618445809784142,0.0,1.466083848325523,3.0002966138722433,2.810437955054293
0.9999899312632183,0.0,0.0001558478938122985,0.0,0.17626445809784141,0.0,1.4660277647264575,3.0002966298528224,2.8101231740592283
0.9999899410393102,0.0,0.00015570796639893372,0.0,0.1763444580978414,0.0,1.4659717429553933,3.0002966458185267,2.8098086609506048
0.999989950799005,0.0,0.00015556822685508525,0.0,0.1764244580978414,0.0,1.4659157829105838,3.000296661769375,2.8094944091968546
0.9999899605423394,0.0,0.0001554286748454266,0.0,0.1765044580978414,0.0,1.4658598844823718,3.000296677705395,2.8091804196742207
0.9999899702693423,0.0,0.00015528931003510243,0.0,0.1765844580978414,0.0,1.465804047559511,3.0002966936266,2.8088666944461353
0.999989979980053,0.0,0.00015515013209035374,0.0,0.1766644580978414,0.0,1.4657482720318513,3.0002967095330293,2.808553232659943
0.999989989674501,0.0,0.0001550111406778439,0.0,0.1767444580978414,0.0,1.465692557794445,3.000296725424696,2.808240027133568
0.99998999935272,0.0,0.0001548723354650749,0.0,0.1768244580978414,0.0,1.4656369047395044,3.000296741301633,2.807927085136341
0.9999900090147423,0.0,0.000154733716120366,0.0,0.1769044580978414,0.0,1.4655813127568176,3.0002967571638455,2.8076144067684394
0.9999900186606068,0.0,0.00015459528231276512,0.0,0.17698445809784139,0.0,1.465525781739796,3.0002967730114047,2.8073019808642505
0.9999900282903385,0.0,0.0001544570337119365,0.0,0.17706445809784138,0.0,1.4654703115817975,3.000296788844273,2.8069898233139803
0.9999900379039773,0.0,0.00015431896998843294,0.0,0.17714445809784138,0.0,1.4654149021736478,3.0002968046625274,2.8066779232525563
0.9999900475015508,0.0,0.00015418109081335885,0.0,0.17722445809784138,0.0,1.4653595534110444,3.000296820466157,2.806366280522701
0.9999900570830947,0.0,0.0001540433958587469,0.0,0.17730445809784137,0.0,1.4653042651867065,3.0002968362551967,2.8060548987914142
0.9999900666486418,0.0,0.0001539058847971948,0.0,0.17738445809784137,0.0,1.465249037392236,3.0002968520296824,2.805743770355024
0.9999900761982226,0.0,0.00015376855730211096,0.0,0.17746445809784137,0.0,1.4651938699220117,3.0002968677896145,2.8054329047363873
0.9999900857318726,0.0,0.00015363141304762724,0.0,0.17754445809784136,0.0,1.4651387626709016,3.0002968835350416,2.8051222956188906
0.9999900952496231,0.0,0.0001534944517085672,0.0,0.17762445809784136,0.0,1.4650837155345315,3.000296899265976,2.804811947642377
0.9999901047515044,0.0,0.00015335767296045168,0.0,0.17770445809784136,0.0,1.4650287284048558,3.0002969149824277,2.8045018536073414
0.9999901142375514,0.0,0.0001532210764795647,0.0,0.17778445809784135,0.0,1.4649738011780813,3.0002969306844425,2.8041920131083433
0.9999901237077969,0.0,0.00015308466194294067,0.0,0.17786445809784135,0.0,1.4649189337484472,3.000296946372042,2.803882431793659
0.9999901331622709,0.0,0.00015294842902823912,0.0,0.17794445809784135,0.0,1.4648641260125241,3.0002969620452333,2.803573102721834
0.999990142601006,0.0,0.00015281237741385687,0.0,0.17802445809784134,0.0,1.464809377864523,3.0002969777040502,2.8032640307968357
0.9999901520240366,0.0,0.00015267650677897398,0.0,0.17810445809784134,0.0,1.4647546891994563,3.0002969933485257,2.802955214155937
0.9999901614313916,0.0,0.00015254081680336542,0.0,0.17818445809784134,0.0,1.4647000599128657,3.000297008978668,2.8026466526828497
0.9999901708231053,0.0,0.00015240530716760685,0.0,0.17826445809784133,0.0,1.464645489906108,3.000297024594514,2.802338345683338
0.9999901801992063,0.0,0.0001522699775529036,0.0,0.17834445809784133,0.0,1.4645909790686953,3.0002970401960645,2.8020302923299485
0.9999901895597296,0.0,0.0001521348276412571,0.0,0.17842445809784133,0.0,1.464536527300246,3.0002970557833635,2.801722484983569
0.9999901989047054,0.0,0.00015199985711526558,0.0,0.17850445809784132,0.0,1.4644821344977534,3.0002970713564294,2.8014149411267852
0.9999902082341672,0.0,0.00015186506565832903,0.0,0.17858445809784132,0.0,1.4644278005572742,3.000297086915294,2.8011076457771353
0.9999902175481429,0.0,0.00015173045295443228,0.0,0.17866445809784132,0.0,1.4643735253757675,3.000297102459956,2.800800600371786
0.9999902268466667,0.0,0.00015159601868833104,0.0,0.1787444580978413,0.0,1.4643193088543807,3.0002971179904634,2.8004938094963965
0.9999902361297689,0.0,0.00015146176254547398,0.0,0.1788244580978413,0.0,1.4642651508853457,3.000297133506825,2.800187270443042
0.9999902453974815,0.0,0.00015132768421197788,0.0,0.1789044580978413,0.0,1.4642110513694735,3.0002971490090715,2.7998809802571456
0.9999902546498348,0.0,0.00015119378337465292,0.0,0.1789844580978413,0.0,1.4641570102039863,3.00029716449722,2.799574943762096
0.9999902638868626,0.0,0.00015106005972103848,0.0,0.1790644580978413,0.0,1.4641030272886655,3.0002971799713105,2.799269156687841
0.9999902731085913,0.0,0.00015092651293925011,0.0,0.1791444580978413,0.0,1.4640491025216356,3.000297195431335,2.798963619730856
0.9999902823150548,0.0,0.0001507931427182199,0.0,0.1792244580978413,0.0,1.46399523580288,3.0002972108773323,2.7986583282038935
0.9999902915062828,0.0,0.00015065994874746916,0.0,0.1793044580978413,0.0,1.463941427028116,3.0002972263093213,2.7983532912926483
0.9999903006823102,0.0,0.00015052693071729344,0.0,0.1793844580978413,0.0,1.4638876760983288,3.000297241727353,2.798048497593501
0.9999903098431635,0.0,0.00015039408831852769,0.0,0.17946445809784128,0.0,1.4638339829139202,3.0002972571314253,2.7977439584491943
0.9999903189888733,0.0,0.0001502614212428328,0.0,0.17954445809784128,0.0,1.4637803473717708,3.000297272521543,2.7974396654749665
0.9999903281194726,0.0,0.00015012892918244195,0.0,0.17962445809784128,0.0,1.463726769375717,3.000297287897764,2.797135617973034
0.9999903372349904,0.0,0.0001499966118303193,0.0,0.17970445809784127,0.0,1.4636732488226132,3.000297303260087,2.7968318195121933
0.9999903463354561,0.0,0.00014986446888002643,0.0,0.17978445809784127,0.0,1.4636197856151112,3.0002973186085367,2.7965282682752703
0.9999903554209032,0.0,0.00014973250002592764,0.0,0.17986445809784127,0.0,1.4635663796516436,3.0002973339431485,2.796224962244663
0.9999903644913603,0.0,0.0001496007049629247,0.0,0.17994445809784126,0.0,1.4635130308355737,3.000297349263941,2.795921903192079
0.9999903735468586,0.0,0.00014946908338669685,0.0,0.18002445809784126,0.0,1.4634597390646318,3.0002973645709323,2.7956190891613644
0.9999903825874255,0.0,0.00014933763499341664,0.0,0.18010445809784126,0.0,1.4634065042440039,3.0002973798641386,2.7953165247149494
0.9999903916130954,0.0,0.00014920635948012414,0.0,0.18018445809784125,0.0,1.4633533262722782,3.000297395143611,2.7950141986683645
0.9999904006238943,0.0,0.00014907525654444205,0.0,0.18026445809784125,0.0,1.4633002050485109,3.000297410409322,2.7947121213019
0.9999904096198569,0.0,0.00014894432588459405,0.0,0.18034445809784125,0.0,1.4632471404813499,3.000297425661355,2.7944102912355646
0.9999904186010069,0.0,0.00014881356719948099,0.0,0.18042445809784124,0.0,1.4631941324685254,3.0002974408996743,2.794108700712409
0.9999904275673788,0.0,0.00014868298018877308,0.0,0.18050445809784124,0.0,1.4631411809126527,3.0002974561243305,2.7938073523262736
0.9999904365190001,0.0,0.0001485525645526142,0.0,0.18058445809784124,0.0,1.4630882857178706,3.0002974713353443,2.793506257607264
0.9999904454559028,0.0,0.00014842231999199717,0.0,0.18066445809784124,0.0,1.463035446783126,3.000297486532738,2.7932053941146266
0.9999904543781137,0.0,0.0001482922462083952,0.0,0.18074445809784123,0.0,1.4629826640133399,3.0002975017165223,2.7929047760992356
0.9999904632856671,0.0,0.00014816234290403692,0.0,0.18082445809784123,0.0,1.4629299373165967,3.0002975168867567,2.792604399149461
0.9999904721785856,0.0,0.00014803260978172837,0.0,0.18090445809784123,0.0,1.4628772665876186,3.000297532043401,2.792304270451806
0.9999904810569029,0.0,0.00014790304654495133,0.0,0.18098445809784122,0.0,1.4628246517350445,3.000297547186524,2.792004378968053
0.9999904899206501,0.0,0.00014777365289789774,0.0,0.18106445809784122,0.0,1.4627720926605368,3.0002975623161516,2.7917047277164464
0.9999904987698524,0.0,0.00014764442854530037,0.0,0.18114445809784122,0.0,1.4627195892714309,3.00029757743227,2.791405315199183
0.9999905076045408,0.0,0.00014751537319256027,0.0,0.1812244580978412,0.0,1.4626671414686523,3.0002975925349267,2.79110614920099
0.9999905164247455,0.0,0.0001473864865457785,0.0,0.1813044580978412,0.0,1.4626147491559962,3.00029760762414,2.7908072202807466
0.9999905252304933,0.0,0.00014725776831161046,0.0,0.1813844580978412,0.0,1.4625624122417793,3.0002976226999185,2.7905085306214708
0.9999905340218138,0.0,0.00014712921819738043,0.0,0.1814644580978412,0.0,1.462510130625566,3.000297637762291,2.790210079506809
0.9999905427987366,0.0,0.00014700083591107633,0.0,0.1815444580978412,0.0,1.4624579042176318,3.0002976528112786,2.789911872805636
0.9999905515612914,0.0,0.0001468726211612855,0.0,0.1816244580978412,0.0,1.4624057329189508,3.0002976678469153,2.789613893851061
0.9999905603095056,0.0,0.00014674457365723928,0.0,0.1817044580978412,0.0,1.4623536166367277,3.0002976828692063,2.789316161346391
0.9999905690434087,0.0,0.0001466166931087887,0.0,0.1817844580978412,0.0,1.4623015552790524,3.0002976978781812,2.7890186666387438
0.9999905777630298,0.0,0.00014648897922639245,0.0,0.1818644580978412,0.0,1.4622495487490432,3.0002977128738744,2.7887214063339054
0.9999905864683953,0.0,0.00014636143172120137,0.0,0.18194445809784118,0.0,1.462197596949045,3.0002977278562732,2.788424381432767
0.9999905951595385,0.0,0.0001462340503049762,0.0,0.18202445809784118,0.0,1.4621456997908602,3.000297742825443,2.788127601824962
0.9999906038364811,0.0,0.00014610683468999883,0.0,0.18210445809784118,0.0,1.4620938571813267,3.0002977577813517,2.7878310500670542
0.9999906124992557,0.0,0.000145979784589256,0.0,0.18218445809784117,0.0,1.4620420690237286,3.0002977727240627,2.7875347400939714
0.999990621147891,0.0,0.00014585289971642335,0.0,0.18226445809784117,0.0,1.461990335224083,3.000297787653585,2.787238662547397
0.9999906297824146,0.0,0.00014572617978569975,0.0,0.18234445809784117,0.0,1.4619386556913136,3.0002978025699374,2.7869428216698453
0.9999906384028527,0.0,0.0001455996245118225,0.0,0.18242445809784116,0.0,1.4618870303359954,3.000297817473141,2.786647219988245
0.9999906470092362,0.0,0.0001454732336103723,0.0,0.18250445809784116,0.0,1.4618354590582263,3.000297832363215,2.7863518442585344
0.9999906556015914,0.0,0.00014534700679731856,0.0,0.18258445809784116,0.0,1.4617839417715033,3.000297847240184,2.7860567090269215
0.9999906641799484,0.0,0.00014522094378939402,0.0,0.18266445809784115,0.0,1.4617324783820627,3.0002978621040794,2.785761806465117
0.9999906727443332,0.0,0.00014509504430387768,0.0,0.18274445809784115,0.0,1.4616810687957262,3.000297876954902,2.7854671362000483
0.9999906812947743,0.0,0.00014496930805863283,0.0,0.18282445809784115,0.0,1.4616297129221612,3.000297891792686,2.785172699689438
0.9999906898312997,0.0,0.00014484373477214934,0.0,0.18290445809784114,0.0,1.4615784106718528,3.000297906617457,2.784878499235627
0.9999906983539377,0.0,0.0001447183241635992,0.0,0.18298445809784114,0.0,1.4615271619525787,3.0002979214292274,2.784584530822209
0.9999907068627114,0.0,0.00014459307595260907,0.0,0.18306445809784114,0.0,1.4614759666675075,3.0002979362279865,2.7842907908681123
0.9999907153576552,0.0,0.0001444679898595634,0.0,0.18314445809784113,0.0,1.46142482473318,3.0002979510138124,2.78399728232736
0.9999907238387931,0.0,0.00014434306560534574,0.0,0.18322445809784113,0.0,1.4613737360551888,3.0002979657866953,2.7837040101413706
0.9999907323061529,0.0,0.00014421830291147183,0.0,0.18330445809784113,0.0,1.4613227005445855,3.0002979805466587,2.7834109646559484
0.9999907407597634,0.0,0.00014409370150007385,0.0,0.18338445809784112,0.0,1.4612717181080404,3.000297995293732,2.7831181536513903
0.9999907491996491,0.0,0.00014396926109382015,0.0,0.18346445809784112,0.0,1.4612207886562238,3.0002980100279157,2.7828255757606852
0.99999075762584,0.0,0.00014384498141602173,0.0,0.18354445809784112,0.0,1.4611699121005655,3.000298024749255,2.7825332225807764
0.999990766038363,0.0,0.00014372086219059283,0.0,0.18362445809784111,0.0,1.461119088352264,3.000298039457765,2.7822410995503124
0.999990774437244,0.0,0.00014359690314203163,0.0,0.1837044580978411,0.0,1.4610683173183117,3.0002980541534487,2.781949209372932
0.9999907828225114,0.0,0.0001434731039953864,0.0,0.1837844580978411,0.0,1.4610175989119965,3.0002980688363463,2.7816575438251414
0.9999907911941912,0.0,0.00014334946447633993,0.0,0.1838644580978411,0.0,1.4609669330411184,3.0002980835064634,2.7813661114571335
0.9999907995523094,0.0,0.00014322598431111173,0.0,0.1839444580978411,0.0,1.4609163196198816,3.0002980981638183,2.7810749069588194
0.9999908078968963,0.0,0.0001431026632266064,0.0,0.1840244580978411,0.0,1.4608657585559603,3.0002981128084527,2.7807839277932227
0.9999908162279745,0.0,0.000142979500950161,0.0,0.1841044580978411,0.0,1.46081524976352,3.000298127440359,2.780493179671079
0.9999908245455742,0.0,0.00014285649720985262,0.0,0.1841844580978411,0.0,1.4607647931524583,3.00029814205958,2.7802026630268943
0.9999908328497209,0.0,0.00014273365173423605,0.0,0.1842644580978411,0.0,1.4607143886346687,3.000298156666128,2.779912361311554
0.9999908411404419,0.0,0.00014261096425248202,0.0,0.18434445809784109,0.0,1.4606640361246008,3.0002981712600296,2.7796222993956414
0.9999908494177641,0.0,0.00014248843449435068,0.0,0.18442445809784108,0.0,1.4606137355280309,3.0002981858413054,2.7793324545681175
0.9999908576817119,0.0,0.00014236606219013645,0.0,0.18450445809784108,0.0,1.4605634867643684,3.000298200409958,2.779042844080775
0.9999908659323127,0.0,0.00014224384707076074,0.0,0.18458445809784108,0.0,1.4605132897383994,3.0002982149660085,2.778753453344129
0.999990874169594,0.0,0.00014212178886767538,0.0,0.18466445809784107,0.0,1.4604631443707137,3.0002982295094967,2.7784642901018652
0.9999908823935796,0.0,0.00014199988731289424,0.0,0.18474445809784107,0.0,1.4604130505688808,3.000298244040419,2.7781753506008777
0.9999908906043012,0.0,0.00014187814213914685,0.0,0.18482445809784107,0.0,1.4603630082463461,3.00029825855883,2.7778866365542147
0.999990898801777,0.0,0.00014175655307943147,0.0,0.18490445809784106,0.0,1.4603130173195087,3.0002982730647,2.7775981515004493
0.9999909069860424,0.0,0.00014163511986767588,0.0,0.18498445809784106,0.0,1.4602630776976486,3.0002982875581132,2.777309884849715
0.999990915157116,0.0,0.00014151384223808113,0.0,0.18506445809784106,0.0,1.4602131892966814,3.0002983020390306,2.777021844264804
0.9999909233150278,0.0,0.00014139271992559576,0.0,0.18514445809784105,0.0,1.4601633520301613,3.000298316507501,2.7767340269002423
0.9999909314598017,0.0,0.00014127175266562107,0.0,0.18522445809784105,0.0,1.4601135658088829,3.0002983309635303,2.7764464303478844
0.9999909395914653,0.0,0.00014115094019418318,0.0,0.18530445809784105,0.0,1.4600638305496276,3.0002983454071552,2.7761590614619895
0.9999909477100433,0.0,0.0001410302822478655,0.0,0.18538445809784104,0.0,1.4600141461683516,3.000298359838374,2.7758719104727687
0.9999909558155622,0.0,0.0001409097785637646,0.0,0.18546445809784104,0.0,1.4599645125746255,3.000298374257225,2.7755849840843196
0.9999909639080483,0.0,0.0001407894288795747,0.0,0.18554445809784104,0.0,1.4599149296898157,3.000298388663732,2.7752982807530593
0.9999909719875241,0.0,0.00014066923293353306,0.0,0.18562445809784103,0.0,1.459865397422744,3.000298403057876,2.7750117939589023
0.9999909800540212,0.0,0.00014054919046448363,0.0,0.18570445809784103,0.0,1.4598159156897912,3.0002984174397365,2.774725532759873
0.9999909881075592,0.0,0.0001404293012117114,0.0,0.18578445809784103,0.0,1.4597664844076377,3.000298431809278,2.7744394962791517
0.9999909961481674,0.0,0.00014030956491516106,0.0,0.18586445809784102,0.0,1.4597171034904288,3.0002984461665556,2.7741536728512246
0.9999910041758696,0.0,0.00014018998131527343,0.0,0.18594445809784102,0.0,1.4596677728537588,3.0002984605115697,2.773868071858553
0.9999910121906898,0.0,0.00014007055015302172,0.0,0.18602445809784102,0.0,1.45961849241254,3.0002984748443318,2.773582694343565
0.9999910201926574,0.0,0.00013995127117003925,0.0,0.186104458097841,0.0,1.459569262083576,3.0002984891648894,2.7732975301193474
0.9999910281817952,0.0,0.00013983214410832442,0.0,0.186184458097841,0.0,1.4595200817843528,3.0002985034732563,2.773012593276208
0.999991036158126,0.0,0.00013971316871055976,0.0,0.186264458097841,0.0,1.4594709514277249,3.0002985177694135,2.77272786927264
0.99999104412168,0.0,0.00013959434471997494,0.0,0.186344458097841,0.0,1.4594218709332267,3.0002985320534283,2.7724433684414267
0.9999910520724791,0.0,0.00013947567188024338,0.0,0.186424458097841,0.0,1.459372840213556,3.0002985463252947,2.77215908049401
0.9999910600105483,0.0,0.00013935714993566195,0.0,0.186504458097841,0.0,1.459323859187737,3.0002985605850276,2.7718750145128426
0.9999910679359153,0.0,0.0001392387786310257,0.0,0.186584458097841,0.0,1.459274927776789,3.00029857483268,2.7715911648410083
0.9999910758486024,0.0,0.0001391205577117045,0.0,0.186664458097841,0.0,1.459226045890544,3.000298589068233,2.7713075341310014
0.9999910837486338,0.0,0.00013900248692351238,0.0,0.186744458097841,0.0,1.4591772134507854,3.000298603291719,2.771024114194349
0.9999910916360376,0.0,0.00013888456601300974,0.0,0.18682445809784098,0.0,1.4591284303739824,3.0002986175031583,2.7707409165152765
0.999991099510836,0.0,0.0001387667947269984,0.0,0.18690445809784098,0.0,1.4590796965760777,3.0002986317025777,2.770457934965427
0.9999911073730552,0.0,0.00013864917281308214,0.0,0.18698445809784098,0.0,1.4590310119756769,3.0002986458899863,2.7701751689042493
0.9999911152227169,0.0,0.00013853170001921342,0.0,0.18706445809784097,0.0,1.4589823764906036,3.0002986600653836,2.769892620634384
0.9999911230598495,0.0,0.00013841437609399086,0.0,0.18714445809784097,0.0,1.4589337900418229,3.000298674228822,2.7696102820896895
0.9999911308844764,0.0,0.0001382972007864431,0.0,0.18722445809784097,0.0,1.458885252544224,3.00029868838032,2.76932816850722
0.9999911386966198,0.0,0.00013818017384622803,0.0,0.18730445809784096,0.0,1.458836763916984,3.0002987025198546,2.769046261162738
0.9999911464963069,0.0,0.00013806329502341554,0.0,0.18738445809784096,0.0,1.4587883240786568,3.000298716647495,2.7687645712214755
0.9999911542835616,0.0,0.00013794656406873195,0.0,0.18746445809784096,0.0,1.458739932950961,3.0002987307632365,2.7684830950515065
0.999991162058407,0.0,0.00013782998073331025,0.0,0.18754445809784095,0.0,1.458691590449223,3.0002987448670955,2.768201828720403
0.9999911698208696,0.0,0.00013771354476888018,0.0,0.18762445809784095,0.0,1.4586432964920022,3.000298758959111,2.767920783830778
0.999991177570972,0.0,0.0001375972559276725,0.0,0.18770445809784095,0.0,1.4585950510015815,3.0002987730392814,2.767639949064258
0.9999911853087355,0.0,0.0001374811139623722,0.0,0.18778445809784095,0.0,1.4585468538955981,3.000298787107606,2.7673593249919595
0.9999911930341886,0.0,0.00013736511862630547,0.0,0.18786445809784094,0.0,1.4584987050929954,3.000298801164138,2.7670789165699636
0.9999912007473538,0.0,0.00013724926967324984,0.0,0.18794445809784094,0.0,1.4584506045181642,3.0002988152088816,2.766798719795696
0.9999912084482552,0.0,0.00013713356685749717,0.0,0.18802445809784094,0.0,1.4584025520837007,3.000298829241855,2.766518732701031
0.9999912161369165,0.0,0.00013701800993381528,0.0,0.18810445809784093,0.0,1.458354547716513,3.0002988432630864,2.7662389632928064
0.9999912238133623,0.0,0.00013690259865756135,0.0,0.18818445809784093,0.0,1.4583065913345354,3.000298857272592,2.7659593972772285
0.9999912314776149,0.0,0.00013678733278458592,0.0,0.18826445809784093,0.0,1.458258682853461,3.000298871270371,2.7656800528249037
0.9999912391297006,0.0,0.00013667221207120132,0.0,0.18834445809784092,0.0,1.4582108222029322,3.000298885256478,2.765400908881943
0.99999124676964,0.0,0.00013655723627429347,0.0,0.18842445809784092,0.0,1.4581630092952607,3.0002988992308888,2.765121981167695
0.999991254397458,0.0,0.0001364424051512014,0.0,0.18850445809784092,0.0,1.4581152440565348,3.0002989131936397,2.7648432580205724
0.999991262013179,0.0,0.00013632771845978653,0.0,0.1885844580978409,0.0,1.4580675264100913,3.000298927144764,2.7645647539031075
0.9999912696168258,0.0,0.00013621317595845385,0.0,0.1886644580978409,0.0,1.4580198562698994,3.000298941084261,2.764286444094897
0.9999912772084214,0.0,0.00013609877740606392,0.0,0.1887444580978409,0.0,1.4579722335603658,3.000298955012149,2.7640083567757587
0.99999128478799,0.0,0.0001359845225620323,0.0,0.1888244580978409,0.0,1.457924658205565,3.000298968928447,2.763730475160298
0.9999912923555563,0.0,0.0001358704111861876,0.0,0.1889044580978409,0.0,1.457877130126572,3.0002989828332023,2.763452802285976
0.9999912999111426,0.0,0.00013575644303898032,0.0,0.1889844580978409,0.0,1.4578296492428986,3.000298996726403,2.7631753330645967
0.9999913074547704,0.0,0.00013564261788124126,0.0,0.1890644580978409,0.0,1.4577822154787252,3.000299010608062,2.762898081406382
0.9999913149864641,0.0,0.0001355289354743637,0.0,0.1891444580978409,0.0,1.4577348287539202,3.0002990244782075,2.762621036240727
0.9999913225062489,0.0,0.00013541539558027072,0.0,0.1892244580978409,0.0,1.4576874889945755,3.00029903833687,2.762344191417204
0.9999913300141448,0.0,0.00013530199796127172,0.0,0.18930445809784088,0.0,1.4576401961217091,3.0002990521840474,2.7620675580564664
0.9999913375101752,0.0,0.0001351887423802719,0.0,0.18938445809784088,0.0,1.4575929500556077,3.000299066019751,2.7617911285839414
0.9999913449943658,0.0,0.00013507562860063288,0.0,0.18946445809784088,0.0,1.4575457507225837,3.000299079844033,2.7615149082467685
0.999991352466738,0.0,0.000134962656386207,0.0,0.18954445809784087,0.0,1.4574985980454753,3.0002990936568907,2.7612388958475043
0.9999913599273133,0.0,0.00013484982550132963,0.0,0.18962445809784087,0.0,1.4574514919446686,3.000299107458327,2.7609630870651403
0.999991367376115,0.0,0.0001347371357108247,0.0,0.18970445809784087,0.0,1.4574044323451862,3.000299121248371,2.7606874788367644
0.9999913748131685,0.0,0.00013462458678005455,0.0,0.18978445809784086,0.0,1.4573574191722634,3.000299135027057,2.7604120823799123
0.9999913822384933,0.0,0.0001345121784747795,0.0,0.18986445809784086,0.0,1.4573104523457003,3.0002991487943778,2.760136888826155
0.9999913896521143,0.0,0.00013439991056132003,0.0,0.18994445809784086,0.0,1.4572635317939946,3.0002991625503723,2.7598619045911317
0.9999913970540554,0.0,0.0001342877828065037,0.0,0.19002445809784085,0.0,1.4572166574371714,3.0002991762950573,2.7595871224595676
0.9999914044443344,0.0,0.00013417579497748182,0.0,0.19010445809784085,0.0,1.4571698292022905,3.0002991900284237,2.7593125409431396
0.9999914118229778,0.0,0.00013406394684208907,0.0,0.19018445809784085,0.0,1.457123047011546,3.0002992037505125,2.7590381626458624
0.9999914191900072,0.0,0.00013395223816850142,0.0,0.19026445809784084,0.0,1.457076310789621,3.0002992174613445,2.758763989032775
0.9999914265454443,0.0,0.00013384066872547146,0.0,0.19034445809784084,0.0,1.4570296204641162,3.0002992311609127,2.7584900247329114
0.9999914338893112,0.0,0.0001337292382821045,0.0,0.19042445809784084,0.0,1.456982975956092,3.000299244849255,2.7582162588719856
0.9999914412216336,0.0,0.00013361794660817029,0.0,0.19050445809784083,0.0,1.456936377191697,3.0002992585263994,2.757942691359105
0.9999914485424274,0.0,0.0001335067934737045,0.0,0.19058445809784083,0.0,1.4568898240939125,3.0002992721923105,2.757669333839912
0.9999914558517219,0.0,0.00013339577864939037,0.0,0.19066445809784083,0.0,1.4568433165936667,3.0002992858470763,2.757396172877619
0.9999914631495348,0.0,0.00013328490190628098,0.0,0.19074445809784082,0.0,1.4567968546135366,3.0002992994906656,2.7571232182115137
0.9999914704358894,0.0,0.00013317416301593353,0.0,0.19082445809784082,0.0,1.4567504380761873,3.0002993131231115,2.7568504606688147
0.9999914777108084,0.0,0.00013306356175039053,0.0,0.19090445809784082,0.0,1.4567040669114404,3.0002993267444347,2.756577908067404
0.9999914849743134,0.0,0.0001329530978821451,0.0,0.19098445809784081,0.0,1.4566577410426809,3.000299340354649,2.756305554273491
0.999991492226425,0.0,0.00013284277118415347,0.0,0.1910644580978408,0.0,1.4566114603945284,3.000299353953758,2.756033406726748
0.9999914994671674,0.0,0.00013273258142989462,0.0,0.1911444580978408,0.0,1.4565652248970014,3.000299367541794,2.755761446113209
0.9999915066965618,0.0,0.00013262252839326823,0.0,0.1912244580978408,0.0,1.4565190344733272,3.0002993811187704,2.755489700374742
0.9999915139146298,0.0,0.0001325126118485987,0.0,0.1913044580978408,0.0,1.4564728890538086,3.000299394684711,2.7552181455231914
0.9999915211213927,0.0,0.0001324028315707303,0.0,0.1913844580978408,0.0,1.4564267885610662,3.000299408239625,2.7549467910960797
0.9999915283168739,0.0,0.0001322931873350087,0.0,0.1914644580978408,0.0,1.4563807329244165,3.0002994217835366,2.754675637694021
0.999991535501092,0.0,0.00013218367891711715,0.0,0.1915444580978408,0.0,1.456334722067956,3.0002994353164456,2.754404685448674
0.9999915426740721,0.0,0.00013207430609336708,0.0,0.1916244580978408,0.0,1.4562887559219202,3.000299448838387,2.7541339256315025
0.9999915498358335,0.0,0.00013196506864037087,0.0,0.19170445809784079,0.0,1.4562428344125422,3.000299462349368,2.753863375990596
0.999991556986398,0.0,0.00013185596633531434,0.0,0.19178445809784078,0.0,1.4561969574653642,3.000299475849396,2.7535930086629787
0.9999915641257882,0.0,0.00013174699895573882,0.0,0.19186445809784078,0.0,1.4561511250090384,3.0002994893385173,2.7533228477930103
0.9999915712540242,0.0,0.00013163816627974166,0.0,0.19194445809784078,0.0,1.4561053369718944,3.00029950281672,2.7530528805704506
0.9999915783711288,0.0,0.0001315294680858426,0.0,0.19202445809784077,0.0,1.4560595932806368,3.0002995162840365,2.7527831131217697
0.9999915854771237,0.0,0.00013142090415300332,0.0,0.19210445809784077,0.0,1.4560138938650944,3.000299529740487,2.752513548651435
0.9999915925720275,0.0,0.00013131247426059474,0.0,0.19218445809784077,0.0,1.4559682386507937,3.0002995431860673,2.75224417259657
0.9999915996558634,0.0,0.0001312041781885273,0.0,0.19226445809784076,0.0,1.4559226275668982,3.0002995566208073,2.7519749958071285
0.9999916067286527,0.0,0.00013109601571712054,0.0,0.19234445809784076,0.0,1.4558770605429534,3.000299570044726,2.7517060100583306
0.9999916137904165,0.0,0.00013098798662714673,0.0,0.19242445809784076,0.0,1.4558315375069548,3.0002995834578368,2.7514372283968616
0.9999916208411768,0.0,0.00013088009069978305,0.0,0.19250445809784075,0.0,1.4557860583905726,3.0002995968601827,2.7511686376567974
0.9999916278809514,0.0,0.00013077232771673016,0.0,0.19258445809784075,0.0,1.4557406231165793,3.0002996102517265,2.7509002491850905
0.9999916349097652,0.0,0.0001306646974601445,0.0,0.19266445809784075,0.0,1.455695231614885,3.000299623632522,2.7506320417049928
0.9999916419276355,0.0,0.00013055719971250584,0.0,0.19274445809784074,0.0,1.4556498838197898,3.000299637002562,2.750364038677954
0.9999916489345854,0.0,0.00013044983425683932,0.0,0.19282445809784074,0.0,1.4556045796546238,3.000299650361884,2.75009622733168
0.9999916559306367,0.0,0.00013034260087662778,0.0,0.19290445809784074,0.0,1.4555593190559768,3.000299663710506,2.7498286131309557
0.9999916629158067,0.0,0.00013023549935570753,0.0,0.19298445809784073,0.0,1.4555141019449294,3.000299677048415,2.7495611872349204
0.9999916698901226,0.0,0.00013012852947848563,0.0,0.19306445809784073,0.0,1.4554689282569324,3.0002996903756878,2.749293958747685
0.9999916768535976,0.0,0.00013002169102964932,0.0,0.19314445809784073,0.0,1.455423797917925,3.0002997036922654,2.7490269196017882
0.9999916838062574,0.0,0.00012991498379444496,0.0,0.19322445809784072,0.0,1.455378710860375,3.0002997169982204,2.7487600798009293
0.9999916907481194,0.0,0.00012980840755852857,0.0,0.19330445809784072,0.0,1.4553336670154569,3.0002997302935235,2.7484934280974964
0.9999916976792073,0.0,0.00012970196210799093,0.0,0.19338445809784072,0.0,1.4552886663121973,3.000299743578227,2.748226974042148
0.99999170459954,0.0,0.00012959564722930401,0.0,0.1934644580978407,0.0,1.4552437086782777,3.000299756852344,2.7479607033745745
0.9999917115091378,0.0,0.0001294894627094688,0.0,0.1935444580978407,0.0,1.4551987940490112,3.0002997701158707,2.7476946294544957
0.9999917184080214,0.0,0.00012938340833583623,0.0,0.1936244580978407,0.0,1.455153922352157,3.000299783368838,2.7474287489804885
0.9999917252962108,0.0,0.0001292774838962451,0.0,0.1937044580978407,0.0,1.4551090935189441,3.000299796611253,2.7471630553176465
0.9999917321737303,0.0,0.0001291716891789927,0.0,0.1937844580978407,0.0,1.4550643074816771,3.0002998098431672,2.7468975550676644
0.9999917390405937,0.0,0.00012906602397268137,0.0,0.1938644580978407,0.0,1.4550195641682924,3.000299823064537,2.746632243105936
0.9999917458968243,0.0,0.00012896048806645345,0.0,0.1939444580978407,0.0,1.454974863513969,3.0002998362754076,2.7463671313936118
0.999991752742444,0.0,0.00012885508124986167,0.0,0.1940244580978407,0.0,1.4549302054490074,3.000299849475815,2.7461022025819704
0.9999917595774712,0.0,0.00012874980331288016,0.0,0.1941044580978407,0.0,1.4548855899035327,3.0002998626657487,2.745837460639255
0.9999917664019253,0.0,0.00012864465404589556,0.0,0.19418445809784068,0.0,1.4548410168071109,3.000299875845217,2.7455729125338997
0.9999917732158282,0.0,0.00012853963323970042,0.0,0.19426445809784068,0.0,1.4547964860980278,3.0002998890142667,2.745308555026337
0.9999917800191996,0.0,0.0001284347406855738,0.0,0.19434445809784068,0.0,1.4547519977037056,3.0002999021729004,2.7450443850473922
0.9999917868120587,0.0,0.0001283299761751775,0.0,0.19442445809784067,0.0,1.454707551555598,3.000299915321124,2.7447804012504364
0.9999917935944248,0.0,0.0001282253395005876,0.0,0.19450445809784067,0.0,1.4546631475868275,3.000299928458948,2.744516608681777
0.9999918003663207,0.0,0.00012812083045431194,0.0,0.19458445809784067,0.0,1.454618785731907,3.0002999415864275,2.744253004779245
0.9999918071277625,0.0,0.00012801644882929022,0.0,0.19466445809784066,0.0,1.4545744659195194,3.0002999547035247,2.743989593380126
0.999991813878773,0.0,0.0001279121944188673,0.0,0.19474445809784066,0.0,1.454530188088457,3.000299967810297,2.743726364280194
0.9999918206193698,0.0,0.00012780806701681878,0.0,0.19482445809784066,0.0,1.454485952161743,3.000299980906728,2.7434633215408026
0.9999918273495739,0.0,0.00012770406641731584,0.0,0.19490445809784065,0.0,1.4544417580809925,3.000299993992855,2.7432004733688085
0.9999918340694071,0.0,0.00012760019241498852,0.0,0.19498445809784065,0.0,1.454397605777411,3.000300007068712,2.742937803418108
0.9999918407788844,0.0,0.00012749644480482232,0.0,0.19506445809784065,0.0,1.4543534951781498,3.0003000201342624,2.74267532909763
0.9999918474780284,0.0,0.0001273928233822324,0.0,0.19514445809784065,0.0,1.4543094262245195,3.000300033189565,2.7424130341356956
0.9999918541668582,0.0,0.00012728932794311038,0.0,0.19522445809784064,0.0,1.4542653988469758,3.000300046234616,2.7421509309549057
0.9999918608453934,0.0,0.00012718595828368188,0.0,0.19530445809784064,0.0,1.4542214129787105,3.000300059269439,2.7418890050223372
0.9999918675136529,0.0,0.00012708271420059817,0.0,0.19538445809784064,0.0,1.4541774685514322,3.0003000722940474,2.7416272693844617
0.9999918741716579,0.0,0.00012697959549102093,0.0,0.19546445809784063,0.0,1.4541335655018075,3.000300085308455,2.7413657147496644
0.9999918808194235,0.0,0.00012687660195227077,0.0,0.19554445809784063,0.0,1.4540897037640084,3.000300098312667,2.7411043499652687
0.999991887456974,0.0,0.0001267737333824128,0.0,0.19562445809784063,0.0,1.4540458832690026,3.0003001113067165,2.7408431744219213
0.999991894084326,0.0,0.00012667098957962447,0.0,0.19570445809784062,0.0,1.454002103954998,3.0003001242906175,2.740582181669395
0.9999919007014987,0.0,0.00012656837034269385,0.0,0.19578445809784062,0.0,1.4539583657512023,3.0003001372643605,2.7403213717703614
0.9999919073085131,0.0,0.0001264658754707059,0.0,0.19586445809784062,0.0,1.4539146686001037,3.0003001502279916,2.7400607383225255
0.9999919139053869,0.0,0.0001263635047631379,0.0,0.1959444580978406,0.0,1.453871012428511,3.000300163181521,2.739800301423804
0.9999919204921401,0.0,0.0001262612580199717,0.0,0.1960244580978406,0.0,1.4538273971751676,3.000300176124954,2.739540041274401
0.9999919270687917,0.0,0.00012615913504148777,0.0,0.1961044580978406,0.0,1.4537838227730582,3.000300189058317,2.7392799642438392
0.9999919336353591,0.0,0.00012605713562841432,0.0,0.1961844580978406,0.0,1.4537402891596254,3.000300201981602,2.7390200702286367
0.9999919401918629,0.0,0.00012595525958189466,0.0,0.1962644580978406,0.0,1.4536967962680116,3.0003002148948394,2.7387603606648385
0.99999194673832,0.0,0.00012585350670340237,0.0,0.1963444580978406,0.0,1.45365334403231,3.0003002277980313,2.7385008321616326
0.9999919532747528,0.0,0.0001257518767949016,0.0,0.1964244580978406,0.0,1.4536099323891,3.000300240691225,2.738241486502879
0.9999919598011795,0.0,0.0001256503696587391,0.0,0.1965044580978406,0.0,1.4535665612751436,3.0003002535744203,2.7379823248822754
0.9999919663176164,0.0,0.00012554898509754104,0.0,0.1965844580978406,0.0,1.4535232306265307,3.000300266447623,2.7377233466581217
0.9999919728240841,0.0,0.0001254477229144904,0.0,0.19666445809784058,0.0,1.4534799403775256,3.0003002793108506,2.7374645420797195
0.9999919793205995,0.0,0.0001253465829130448,0.0,0.19674445809784058,0.0,1.4534366904625196,3.000300292164105,2.7372059226228775
0.9999919858071842,0.0,0.00012524556489715364,0.0,0.19682445809784058,0.0,1.4533934808196196,3.0003003050074284,2.7369474859079226
0.9999919922838572,0.0,0.0001251446686710843,0.0,0.19690445809784057,0.0,1.4533503113877524,3.0003003178408463,2.7366892301892767
0.9999919987506329,0.0,0.0001250438940394791,0.0,0.19698445809784057,0.0,1.4533071820956869,3.000300330664328,2.736431156320142
0.9999920052075335,0.0,0.00012494324080748682,0.0,0.19706445809784057,0.0,1.4532640928869414,3.0003003434779125,2.7361732576645332
0.9999920116545771,0.0,0.00012484270878050186,0.0,0.19714445809784056,0.0,1.4532210436963955,3.0003003562816315,2.7359155439293152
0.9999920180917796,0.0,0.00012474229776439374,0.0,0.19722445809784056,0.0,1.4531780344562544,3.000300369075459,2.735658004554586
0.9999920245191617,0.0,0.00012464200756542087,0.0,0.19730445809784056,0.0,1.4531350651102923,3.000300381859433,2.7354006543983838
0.9999920309367432,0.0,0.00012454183799021678,0.0,0.19738445809784055,0.0,1.4530921355874726,3.0003003946335864,2.735143474775035
0.9999920373445398,0.0,0.0001244417888457417,0.0,0.19746445809784055,0.0,1.4530492458352393,3.000300407397913,2.734886475353022
0.9999920437425692,0.0,0.0001243418599394605,0.0,0.19754445809784055,0.0,1.4530063957787989,3.0003004201523984,2.7346296498616427
0.9999920501308531,0.0,0.00012424205107911814,0.0,0.19762445809784054,0.0,1.4529635853657459,3.0003004328971152,2.73437301166813
0.9999920565094083,0.0,0.00012414236207288618,0.0,0.19770445809784054,0.0,1.4529208145286079,3.000300445632056,2.734116552386946
0.9999920628782516,0.0,0.00012404279272931694,0.0,0.19778445809784054,0.0,1.4528780832034174,3.0003004583572146,2.7338602610093243
0.9999920692374042,0.0,0.0001239433428573298,0.0,0.19786445809784053,0.0,1.4528353913305472,3.0003004710726517,2.733604155367713
0.9999920755868809,0.0,0.00012384401226624595,0.0,0.19794445809784053,0.0,1.4527927388502169,3.000300483778329,2.733348225858715
0.9999920819267011,0.0,0.0001237448007657527,0.0,0.19802445809784053,0.0,1.4527501256939142,3.0003004964742845,2.733092470557029
0.9999920882568839,0.0,0.0001236457081659364,0.0,0.19810445809784052,0.0,1.4527075518024615,3.000300509160538,2.7328368983608677
0.9999920945774465,0.0,0.00012354673427719402,0.0,0.19818445809784052,0.0,1.4526650171199178,3.00030052183711,2.7325814972916636
0.9999921008884062,0.0,0.00012344787891043607,0.0,0.19826445809784052,0.0,1.452622521574072,3.000300534503977,2.732326279801328
0.9999921071897813,0.0,0.0001233491418767521,0.0,0.19834445809784051,0.0,1.4525800651107676,3.0003005471611934,2.7320712294593745
0.9999921134815896,0.0,0.00012325052298779458,0.0,0.1984244580978405,0.0,1.4525376476621736,3.0003005598087493,2.7318163616200133
0.9999921197638512,0.0,0.00012315202205550756,0.0,0.1985044580978405,0.0,1.4524952691754678,3.0003005724466902,2.7315616650425847
0.9999921260365813,0.0,0.00012305363889218105,0.0,0.1985844580978405,0.0,1.452452929582361,3.000300585075005,2.7313071447569093
0.9999921322997977,0.0,0.00012295537331052472,0.0,0.1986644580978405,0.0,1.4524106288267316,3.000300597693703,2.7310528008476225
0.9999921385535182,0.0,0.00012285722512357693,0.0,0.1987444580978405,0.0,1.4523683668445007,3.000300610302809,2.7307986369893036
0.9999921447977631,0.0,0.00012275919414485138,0.0,0.1988244580978405,0.0,1.4523261435763903,3.0003006229023494,2.7305446357268446
0.9999921510325473,0.0,0.0001226612801881229,0.0,0.1989044580978405,0.0,1.4522839589576828,3.00030063549231,2.7302908119208733
0.9999921572578896,0.0,0.00012256348306754298,0.0,0.1989844580978405,0.0,1.452241812931385,3.0003006480727286,2.730037175766993
0.9999921634738065,0.0,0.00012246580259764933,0.0,0.19906445809784049,0.0,1.4521997054382723,3.000300660643607,2.729783698465714
0.9999921696803175,0.0,0.0001223682385933955,0.0,0.19914445809784048,0.0,1.4521576364168007,3.000300673204973,2.729530402302957
0.9999921758774389,0.0,0.00012227079087001383,0.0,0.19922445809784048,0.0,1.4521156058052314,3.000300685756841,2.729277276364038
0.9999921820651868,0.0,0.00012217345924318094,0.0,0.19930445809784048,0.0,1.452073613542142,3.00030069829919,2.7290243242965726
0.9999921882435802,0.0,0.00012207624352891208,0.0,0.19938445809784047,0.0,1.4520316595691234,3.0003007108320583,2.7287715469657208
0.9999921944126378,0.0,0.00012197914354354888,0.0,0.19946445809784047,0.0,1.4519897438294698,3.000300723355487,2.7285189399132834
0.9999922005723757,0.0,0.00012188215910384826,0.0,0.19954445809784047,0.0,1.4519478662613574,3.000300735869466,2.7282665053957027
0.9999922067228093,0.0,0.00012178529002689306,0.0,0.19962445809784046,0.0,1.4519060268007657,3.000300748373985,2.7280142520957904
0.9999922128639583,0.0,0.00012168853613016957,0.0,0.19970445809784046,0.0,1.4518642253929468,3.000300760869085,2.727762156588136
0.9999922189958403,0.0,0.000121591897231461,0.0,0.19978445809784046,0.0,1.4518224619806954,3.000300773354794,2.727510239798548
0.9999922251184694,0.0,0.00012149537314895401,0.0,0.19986445809784045,0.0,1.4517807364945,3.0003007858310813,2.727258496908757
0.9999922312318658,0.0,0.0001213989637012156,0.0,0.19994445809784045,0.0,1.4517390488851099,3.000300798297993,2.727006920581524
0.999992237336046,0.0,0.00012130266870709518,0.0,0.20002445809784045,0.0,1.4516973990909179,3.0003008107555513,2.726755520818525
0.9999922434310266,0.0,0.00012120648798587369,0.0,0.20010445809784044,0.0,1.4516557870526046,3.0003008232037485,2.726504285703071
0.9999922495168241,0.0,0.00012111042135715671,0.0,0.20018445809784044,0.0,1.4516142127080893,3.000300835642595,2.7262532297624316
0.9999922555934576,0.0,0.00012101446864089485,0.0,0.20026445809784044,0.0,1.451572676005289,3.0003008480721385,2.726002334861792
0.9999922616609426,0.0,0.0001209186296574345,0.0,0.20034445809784043,0.0,1.4515311768787402,3.0003008604923593,2.725751619901229
0.9999922677192948,0.0,0.00012082290422739016,0.0,0.20042445809784043,0.0,1.4514897152742163,3.0003008729032747,2.725501069101033
0.9999922737685352,0.0,0.00012072729217186713,0.0,0.20050445809784043,0.0,1.451448291128581,3.000300885304928,2.725250684777917
0.9999922798086751,0.0,0.00012063179331216191,0.0,0.20058445809784042,0.0,1.4514069043888538,3.000300897697281,2.7250004753389443
0.9999922858397362,0.0,0.00012053640747004535,0.0,0.20066445809784042,0.0,1.4513655549963072,3.000300910080401,2.724750432732038
0.999992291861733,0.0,0.00012044113446758998,0.0,0.20074445809784042,0.0,1.451324242888412,3.0003009224542714,2.7245005564134823
0.9999922978746801,0.0,0.00012034597412719263,0.0,0.2008244580978404,0.0,1.4512829680127821,3.000300934818883,2.724250852269653
0.9999923038786006,0.0,0.00012025092627166787,0.0,0.2009044580978404,0.0,1.4512417303104392,3.0003009471743303,2.724001313847695
0.9999923098735046,0.0,0.00012015599072412586,0.0,0.2009844580978404,0.0,1.4512005297182862,3.000300959520534,2.7237519518473765
0.999992315859411,0.0,0.00012006116730802391,0.0,0.2010644580978404,0.0,1.4511593661828197,3.0003009718575444,2.7235027528063838
0.9999923218363388,0.0,0.00011996645584721812,0.0,0.2011444580978404,0.0,1.451118239649147,3.000300984185398,2.723253718943384
0.9999923278043006,0.0,0.00011987185616578834,0.0,0.2012244580978404,0.0,1.4510771500535933,3.0003009965040772,2.7230048538741163
0.999992333763318,0.0,0.00011977736808836365,0.0,0.2013044580978404,0.0,1.4510360973466498,3.0003010088136266,2.722756155718619
0.9999923397134021,0.0,0.00011968299143965994,0.0,0.2013844580978404,0.0,1.4509950814633772,3.000301021114027,2.7225076216738797
0.9999923456545718,0.0,0.00011958872604495602,0.0,0.2014644580978404,0.0,1.4509541023499422,3.0003010334052993,2.7222592623702067
0.9999923515868441,0.0,0.0001194945717297672,0.0,0.20154445809784038,0.0,1.4509131599527934,3.0003010456874666,2.722011065858238
0.9999923575102339,0.0,0.00011940052831992232,0.0,0.20162445809784038,0.0,1.4508722542096972,3.000301057960542,2.721763035901171
0.9999923634247615,0.0,0.00011930659564174815,0.0,0.20170445809784038,0.0,1.450831385067858,3.000301070224558,2.7215151768252612
0.9999923693304359,0.0,0.00011921277352169846,0.0,0.20178445809784037,0.0,1.4507905524664804,3.000301082479453,2.721267463720595
0.9999923752272804,0.0,0.00011911906178670551,0.0,0.20186445809784037,0.0,1.4507497563522944,3.000301094725332,2.7210199381484785
0.9999923811153082,0.0,0.0001190254602639924,0.0,0.20194445809784037,0.0,1.4507089966694091,3.0003011069621683,2.720772573906068
0.9999923869945353,0.0,0.00011893196878115322,0.0,0.20202445809784036,0.0,1.4506682733575254,3.000301119189962,2.7205253691188664
0.9999923928649803,0.0,0.00011883858716610381,0.0,0.20210445809784036,0.0,1.450627586367196,3.000301131408759,2.7202783384626503
0.999992398726656,0.0,0.00011874531524702772,0.0,0.20218445809784036,0.0,1.450586935636718,3.0003011436185436,2.7200314632661278
0.9999924045795799,0.0,0.00011865215285256199,0.0,0.20226445809784036,0.0,1.450546321110106,3.00030115581933,2.719784754793861
0.9999924104237677,0.0,0.00011855909981155694,0.0,0.20234445809784035,0.0,1.4505057427340857,3.0003011680111458,2.719538210743567
0.9999924162592366,0.0,0.00011846615595335642,0.0,0.20242445809784035,0.0,1.4504652004526037,3.0003011801939876,2.7192918317778227
0.9999924220860025,0.0,0.00011837332110745421,0.0,0.20250445809784035,0.0,1.4504246942091528,3.000301192367897,2.7190456214446455
0.999992427904078,0.0,0.00011828059510377401,0.0,0.20258445809784034,0.0,1.4503842239464695,3.000301204532831,2.718799567466022
0.999992433713486,0.0,0.0001181879777725764,0.0,0.20266445809784034,0.0,1.4503437896154565,3.000301216688901,2.718553674979195
0.999992439514236,0.0,0.00011809546894443534,0.0,0.20274445809784034,0.0,1.4503033911520982,3.000301228836022,2.718307947742874
0.9999924453063477,0.0,0.00011800306845025466,0.0,0.20282445809784033,0.0,1.450263028507906,3.000301240974264,2.7180623873412704
0.9999924510898341,0.0,0.00011791077612126028,0.0,0.20290445809784033,0.0,1.4502227016259401,3.0003012531036,2.7178169975894733
0.9999924568647133,0.0,0.00011781859178897862,0.0,0.20298445809784033,0.0,1.4501824104494239,3.0003012652240866,2.7175717525288947
0.9999924626309991,0.0,0.00011772651528530222,0.0,0.20306445809784032,0.0,1.4501421549252445,3.0003012773357045,2.7173266790599997
0.9999924683887081,0.0,0.00011763454644248041,0.0,0.20314445809784032,0.0,1.4501019349986413,3.0003012894384695,2.717081762644601
0.9999924741378585,0.0,0.00011754268509306647,0.0,0.20322445809784032,0.0,1.4500617506134739,3.000301301532422,2.716837014206247
0.9999924798784604,0.0,0.00011745093106983883,0.0,0.2033044580978403,0.0,1.4500216017180925,3.000301313617523,2.716592434672702
0.999992485610534,0.0,0.00011735928420604313,0.0,0.2033844580978403,0.0,1.4499814882519435,3.0003013256938327,2.716348005793713
0.999992491334094,0.0,0.00011726774433520064,0.0,0.2034644580978403,0.0,1.4499414101689232,3.0003013377613463,2.716103734695836
0.999992497049156,0.0,0.00011717631129110817,0.0,0.2035444580978403,0.0,1.4499013674093508,3.000301349820093,2.7158596290840933
0.9999925027557345,0.0,0.00011708498490793875,0.0,0.2036244580978403,0.0,1.4498613599209436,3.0003013618700574,2.715615678216582
0.9999925084538452,0.0,0.00011699376502015458,0.0,0.2037044580978403,0.0,1.449821387645754,3.0003013739112654,2.7153719009078703
0.9999925141435037,0.0,0.00011690265146256674,0.0,0.2037844580978403,0.0,1.4497814505346143,3.0003013859437226,2.7151282733021302
0.9999925198247273,0.0,0.0001168116440702976,0.0,0.2038644580978403,0.0,1.4497415485332907,3.0003013979674704,2.7148848164621335
0.9999925254975272,0.0,0.00011672074267874838,0.0,0.2039444580978403,0.0,1.4497016815859898,3.0003014099824696,2.7146415041610026
0.999992531161925,0.0,0.00011662994712372118,0.0,0.20402445809784028,0.0,1.4496618496435885,3.000301421988811,2.7143983656055104
0.9999925368179278,0.0,0.00011653925724123605,0.0,0.20410445809784028,0.0,1.4496220526455232,3.000301433986396,2.7141553736011033
0.9999925424655586,0.0,0.0001164486728677079,0.0,0.20418445809784028,0.0,1.4495822905414644,3.0003014459753494,2.7139125541141533
0.9999925481048304,0.0,0.00011635819383988457,0.0,0.20426445809784027,0.0,1.4495425632806458,3.0003014579556315,2.7136698839785653
0.9999925537357554,0.0,0.0001162678199946886,0.0,0.20434445809784027,0.0,1.4495028708097544,3.000301469927242,2.7134273816149475
0.9999925593583517,0.0,0.00011617755116952852,0.0,0.20442445809784027,0.0,1.449463213068912,3.000301481890213,2.7131850214001476
0.9999925649726326,0.0,0.00011608738720201527,0.0,0.20450445809784026,0.0,1.4494235900108277,3.000301493844539,2.712942830862234
0.9999925705786155,0.0,0.00011599732793012914,0.0,0.20458445809784026,0.0,1.4493840015818984,3.000301505790263,2.7127007945547033
0.9999925761763153,0.0,0.00011590737319213486,0.0,0.20466445809784026,0.0,1.4493444477313422,3.000301517727396,2.7124589247134376
0.999992581765745,0.0,0.00011581752282662834,0.0,0.20474445809784025,0.0,1.4493049284008963,3.0003015296559137,2.7122172027553257
0.9999925873469228,0.0,0.0001157277766724917,0.0,0.20482445809784025,0.0,1.449265443542994,3.000301541575882,2.711975643947333
0.9999925929198591,0.0,0.00011563813456891824,0.0,0.20490445809784025,0.0,1.4492259931032858,3.0003015534872484,2.7117342434033893
0.9999925984845737,0.0,0.00011554859635545025,0.0,0.20498445809784024,0.0,1.44918657702999,3.0003015653900893,2.7114929938587506
0.9999926040410769,0.0,0.00011545916187189014,0.0,0.20506445809784024,0.0,1.4491471952675123,3.0003015772843526,2.7112519046142474
0.9999926095893878,0.0,0.00011536983095840331,0.0,0.20514445809784024,0.0,1.4491078477679984,3.000301589170104,2.7110109768272848
0.9999926151295201,0.0,0.00011528060345538079,0.0,0.20522445809784023,0.0,1.4490685344804344,3.0003016010473544,2.7107701968084954
0.9999926206614883,0.0,0.00011519147920363553,0.0,0.20530445809784023,0.0,1.4490292553455946,3.000301612916089,2.710529574606627
0.9999926261853053,0.0,0.00011510245804416391,0.0,0.20538445809784023,0.0,1.4489900103173927,3.000301624776306,2.7102891134270766
0.9999926317009892,0.0,0.00011501353981833056,0.0,0.20546445809784022,0.0,1.4489507993430806,3.0003016366280715,2.71004880448315
0.9999926372085527,0.0,0.00011492472436781447,0.0,0.20554445809784022,0.0,1.4489116223695264,3.000301648471358,2.709808653550909
0.999992642708011,0.0,0.00011483601153457227,0.0,0.20562445809784022,0.0,1.4488724793481804,3.000301660306188,2.709568649338816
0.9999926481993785,0.0,0.00011474740116088721,0.0,0.20570445809784021,0.0,1.448833370224121,3.0003016721325637,2.709328811223326
0.9999926536826693,0.0,0.0001146588930892863,0.0,0.2057844580978402,0.0,1.4487942949457382,3.000301683950506,2.7090891201583234
0.9999926591579007,0.0,0.00011457048716272365,0.0,0.2058644580978402,0.0,1.448755253464183,3.000301695760038,2.7088495914723842
0.9999926646250843,0.0,0.00011448218322428718,0.0,0.2059444580978402,0.0,1.44871624572619,3.000301707561158,2.7086102098782474
0.9999926700842359,0.0,0.00011439398111748168,0.0,0.2060244580978402,0.0,1.448677271683603,3.000301719353886,2.7083709804567633
0.9999926755353696,0.0,0.00011430588068613187,0.0,0.2061044580978402,0.0,1.448638331283782,3.00030173113821,2.7081319114831524
0.9999926809785018,0.0,0.00011421788177427042,0.0,0.2061844580978402,0.0,1.448599424476082,3.0003017429141843,2.707892993020998
0.999992686413644,0.0,0.00011412998422624596,0.0,0.2062644580978402,0.0,1.4485605512076443,3.000301754681786,2.7076542300687
0.9999926918408142,0.0,0.00011404218788678266,0.0,0.2063444580978402,0.0,1.4485217114277884,3.0003017664410603,2.707415625461715
0.9999926972600222,0.0,0.00011395449260076695,0.0,0.20642445809784019,0.0,1.4484829050893278,3.000301778191977,2.707177164370335
0.9999927026712864,0.0,0.00011386689821357624,0.0,0.20650445809784018,0.0,1.4484441321382187,3.0003017899345705,2.7069388633158242
0.9999927080746193,0.0,0.00011377940457065799,0.0,0.20658445809784018,0.0,1.4484053925270857,3.000301801668863,2.706700711268821
0.9999927134700352,0.0,0.00011369201151793687,0.0,0.20666445809784018,0.0,1.4483666862023064,3.0003018133948407,2.7064627075232672
0.9999927188575486,0.0,0.00011360471890153243,0.0,0.20674445809784017,0.0,1.448328013114835,3.0003018251125297,2.7062248637439104
0.9999927242371752,0.0,0.00011351752656787431,0.0,0.20682445809784017,0.0,1.4482893732165811,3.0003018368219694,2.70598717846193
0.9999927296089272,0.0,0.00011343043436372071,0.0,0.20690445809784017,0.0,1.4482507664550734,3.0003018485231268,2.705749622420223
0.999992734972818,0.0,0.00011334344213607535,0.0,0.20698445809784016,0.0,1.448212192782916,3.000301860216015,2.70551223784463
0.9999927403288664,0.0,0.00011325654973231456,0.0,0.20706445809784016,0.0,1.4481736521451072,3.000301871900694,2.705275001273507
0.9999927456770817,0.0,0.0001131697569999772,0.0,0.20714445809784016,0.0,1.4481351444969084,3.0003018835771273,2.7050379125464397
0.9999927510174793,0.0,0.00011308306378696238,0.0,0.20722445809784015,0.0,1.4480966697880417,3.000301895245344,2.7048009753833475
0.9999927563500751,0.0,0.00011299646994152374,0.0,0.20730445809784015,0.0,1.4480582279650904,3.000301906905364,2.70456419156378
0.9999927616748795,0.0,0.000112909975312077,0.0,0.20738445809784015,0.0,1.4480198189858406,3.0003019185571613,2.704327552923428
0.9999927669919104,0.0,0.00011282357974742612,0.0,0.20746445809784014,0.0,1.4479814427896012,3.0003019302007985,2.7040910691783164
0.9999927723011813,0.0,0.00011273728309663138,0.0,0.20754445809784014,0.0,1.4479430993367184,3.0003019418362755,2.703854740966295
0.9999927776027033,0.0,0.00011265108520898993,0.0,0.20762445809784014,0.0,1.447904788577118,3.0003019534635738,2.703618551538214
0.9999927828964925,0.0,0.0001125649859341395,0.0,0.20770445809784013,0.0,1.4478665104594333,3.000301965082736,2.703382522897475
0.9999927881825629,0.0,0.00011247898512201843,0.0,0.20778445809784013,0.0,1.4478282649294312,3.0003019766937657,2.703146638940404
0.9999927934609261,0.0,0.00011239308262283274,0.0,0.20786445809784013,0.0,1.4477900519461395,3.000301988296635,2.702910894558961
0.9999927987315995,0.0,0.00011230727828700433,0.0,0.20794445809784012,0.0,1.4477518714610287,3.000301999891438,2.7026753144203783
0.9999928039945934,0.0,0.00011222157196532984,0.0,0.20802445809784012,0.0,1.4477137234224302,3.0003020114781145,2.70243986832396
0.9999928092499255,0.0,0.00011213596350889571,0.0,0.20810445809784012,0.0,1.4476756077766662,3.0003020230567254,2.702204590851033
0.9999928144976064,0.0,0.00011205045276898802,0.0,0.2081844580978401,0.0,1.4476375244846202,3.000302034627248,2.7019694527600984
0.9999928197376518,0.0,0.00011196503959727361,0.0,0.2082644580978401,0.0,1.4475994734886015,3.000302046189707,2.701734458025367
0.9999928249700717,0.0,0.00011187972384554878,0.0,0.2083444580978401,0.0,1.4475614547501474,3.0003020577440913,2.7014996168919314
0.9999928301948843,0.0,0.00011179450536608254,0.0,0.2084244580978401,0.0,1.4475234682130502,3.0003020692904485,2.7012649189628015
0.9999928354120995,0.0,0.00011170938401127286,0.0,0.2085044580978401,0.0,1.4474855138299467,3.000302080828751,2.7010303764743995
0.9999928406217368,0.0,0.00011162435963387368,0.0,0.2085844580978401,0.0,1.4474475915602145,3.000302092359099,2.7007959759581808
0.999992845823802,0.0,0.00011153943208689383,0.0,0.2086644580978401,0.0,1.4474097013472325,3.000302103881379,2.7005617191612914
0.9999928510183134,0.0,0.00011145460122363462,0.0,0.2087444580978401,0.0,1.4473718431444644,3.000302115395673,2.7003276198055524
0.9999928562052848,0.0,0.00011136986689764671,0.0,0.2088244580978401,0.0,1.4473340169071662,3.0003021269020067,2.7000936592966283
0.9999928613847265,0.0,0.00011128522896279087,0.0,0.20890445809784008,0.0,1.4472962225842037,3.0003021384003308,2.699859846842106
0.9999928665566535,0.0,0.00011120068727315782,0.0,0.20898445809784008,0.0,1.4472584601309237,3.0003021498906923,2.699626183709235
0.9999928717210812,0.0,0.00011111624168318334,0.0,0.20906445809784008,0.0,1.4472207294982669,3.0003021613731207,2.699392672246771
0.9999928768780211,0.0,0.00011103189204752066,0.0,0.20914445809784007,0.0,1.4471830306395872,3.0003021728476016,2.6991592954136703
0.999992882027487,0.0,0.0001109476382211012,0.0,0.20922445809784007,0.0,1.4471453635048306,3.0003021843141613,2.6989260716665537
0.9999928871694918,0.0,0.0001108634800591611,0.0,0.20930445809784007,0.0,1.4471077280533515,3.000302195772791,2.698692988828031
0.9999928923040488,0.0,0.00011077941741717512,0.0,0.20938445809784006,0.0,1.4470701242284112,3.0003022072235135,2.698460051678761
0.9999928974311718,0.0,0.00011069545015091742,0.0,0.20946445809784006,0.0,1.4470325519917053,3.0003022186663415,2.698227273088105
0.9999929025508731,0.0,0.00011061157811640928,0.0,0.20954445809784006,0.0,1.4469950112884973,3.0003022301012776,2.6979946254320115
0.9999929076631675,0.0,0.00011052780116997411,0.0,0.20962445809784006,0.0,1.446957502079216,3.000302241528348,2.697762125099162
0.9999929127680668,0.0,0.00011044411916820042,0.0,0.20970445809784005,0.0,1.4469200243100813,3.0003022529475394,2.6975297736664614
0.9999929178655863,0.0,0.00011036053196789784,0.0,0.20978445809784005,0.0,1.446882577941412,3.000302264358913,2.6972975660264273
0.9999929229557359,0.0,0.00011027703942621208,0.0,0.20986445809784005,0.0,1.4468451629184933,3.000302275762413,2.697065497519894
0.9999929280385332,0.0,0.00011019364140054805,0.0,0.20994445809784004,0.0,1.4468077792022827,3.000302287158116,2.696833584597842
0.9999929331139881,0.0,0.00011011033774850011,0.0,0.21002445809784004,0.0,1.4467704267429704,3.000302298546003,2.6966018098349136
0.999992938182113,0.0,0.00011002712832803129,0.0,0.21010445809784004,0.0,1.4467331054913286,3.0003023099260586,2.6963701811743244
0.9999929432429203,0.0,0.00010994401299726928,0.0,0.21018445809784003,0.0,1.4466958154060625,3.0003023212983067,2.696138689159548
0.9999929482964274,0.0,0.0001098609916147759,0.0,0.21026445809784003,0.0,1.446658556435221,3.0003023326627862,2.6959073464173344
0.9999929533426454,0.0,0.00010977806403917729,0.0,0.21034445809784003,0.0,1.4466213285404363,3.0003023440195156,2.6956761454495473
0.9999929583815844,0.0,0.00010969523012947122,0.0,0.21042445809784002,0.0,1.446584131669742,3.000302355368453,2.6954450800402023
0.99999296341326,0.0,0.00010961248974493872,0.0,0.21050445809784002,0.0,1.4465469657761256,3.000302366709639,2.6952141745808325
0.9999929684376859,0.0,0.00010952984274510187,0.0,0.21058445809784002,0.0,1.4465098308187605,3.0003023780430946,2.6949834009675766
0.999992973454872,0.0,0.0001094472889896725,0.0,0.21066445809784,0.0,1.4464727267502573,3.0003023893688074,2.6947527658552572
0.9999929784648361,0.0,0.00010936482833877393,0.0,0.21074445809784,0.0,1.446435653521163,3.0003024006868366,2.6945222844659025
0.999992983467585,0.0,0.0001092824606526289,0.0,0.21082445809784,0.0,1.4463986110902878,3.0003024119971218,2.694291937748295
0.9999929884631337,0.0,0.00010920018579183477,0.0,0.21090445809784,0.0,1.446361599408857,3.000302423299697,2.6940617317125395
0.9999929934514982,0.0,0.00010911800361722785,0.0,0.21098445809784,0.0,1.4463246184319725,3.000302434594625,2.693831672101611
0.9999929984326869,0.0,0.00010903591398984857,0.0,0.21106445809784,0.0,1.446287668117344,3.000302445881858,2.6936017475464924
0.9999930034067138,0.0,0.00010895391677108191,0.0,0.21114445809784,0.0,1.4462507484157427,3.0003024571614136,2.6933719708765587
0.9999930083735943,0.0,0.0001088720118225054,0.0,0.21122445809784,0.0,1.4462138592866185,3.000302468433356,2.693142335079495
0.9999930133333361,0.0,0.0001087901990060095,0.0,0.21130445809784,0.0,1.4461770006778771,3.0003024796976017,2.6929128371143682
0.9999930182859551,0.0,0.0001087084781836798,0.0,0.21138445809783998,0.0,1.4461401725493948,3.0003024909542284,2.6926834707421996
0.9999930232314658,0.0,0.00010862684921789373,0.0,0.21146445809783998,0.0,1.4461033748550458,3.0003025022032803,2.69245426066658
0.9999930281698765,0.0,0.00010854531197132414,0.0,0.21154445809783998,0.0,1.4460666075509825,3.0003025134446784,2.692225194828171
0.9999930331012009,0.0,0.00010846386630683032,0.0,0.21162445809783997,0.0,1.4460298705909151,3.000302524678467,2.6919962607077594
0.9999930380254541,0.0,0.00010838251208753162,0.0,0.21170445809783997,0.0,1.4459931639312433,3.000302535904708,2.691767473762949
0.9999930429426449,0.0,0.00010830124917688445,0.0,0.21178445809783997,0.0,1.4459564875256143,3.0003025471233276,2.6915388144750403
0.9999930478527891,0.0,0.0001082200774385266,0.0,0.21186445809783996,0.0,1.445919841331244,3.0003025583343987,2.69131028766651
0.9999930527558959,0.0,0.00010813899673632939,0.0,0.21194445809783996,0.0,1.4458832253012615,3.000302569537894,2.6910819161195483
0.9999930576519794,0.0,0.00010805800693448576,0.0,0.21202445809783996,0.0,1.445846639393016,3.0003025807338397,2.6908536800141736
0.9999930625410547,0.0,0.00010797710789742309,0.0,0.21210445809783995,0.0,1.4458100835650867,3.0003025919222868,2.6906255836386532
0.9999930674231303,0.0,0.00010789629948983493,0.0,0.21218445809783995,0.0,1.4457735577661617,3.000302603103169,2.6903976281429363
0.9999930722982208,0.0,0.00010781558157654193,0.0,0.21226445809783995,0.0,1.4457370619589023,3.0003026142765754,2.6901698153478297
0.9999930771663351,0.0,0.00010773495402277256,0.0,0.21234445809783994,0.0,1.4457005960978928,3.000302625442436,2.6899421215920483
0.999993082027489,0.0,0.00010765441669397863,0.0,0.21242445809783994,0.0,1.4456641601341167,3.0003026366008076,2.6897145863491265
0.9999930868816953,0.0,0.00010757396945580853,0.0,0.21250445809783994,0.0,1.4456277540304643,3.000302647751719,2.6894871886742084
0.9999930917289627,0.0,0.00010749361217417935,0.0,0.21258445809783993,0.0,1.4455913777352862,3.00030265889512,2.6892599124843732
0.9999930965693077,0.0,0.0001074133447152428,0.0,0.21266445809783993,0.0,1.4455550312128862,3.000302670031105,2.689032791882574
0.9999931014027386,0.0,0.00010733316694544798,0.0,0.21274445809783993,0.0,1.445518714415049,3.000302681159602,2.688805794008646
0.9999931062292697,0.0,0.00010725307873141594,0.0,0.21282445809783992,0.0,1.4454824273019193,3.0003026922806804,2.688578946588322
0.9999931110489114,0.0,0.00010717307994013257,0.0,0.21290445809783992,0.0,1.445446169823898,3.000302703394286,2.688352227767758
0.9999931158616807,0.0,0.00010709317043871357,0.0,0.21298445809783992,0.0,1.4454099419432958,3.0003027145005348,2.6881256520087495
0.999993120667582,0.0,0.0001070133500945305,0.0,0.21306445809783991,0.0,1.4453737436142715,3.0003027255993158,2.687899208601666
0.999993125466634,0.0,0.00010693361877532062,0.0,0.2131444580978399,0.0,1.4453375747901445,3.0003027366907222,2.6876729037439047
0.9999931302588442,0.0,0.00010685397634891509,0.0,0.2132244580978399,0.0,1.4453014354342075,3.00030274777471,2.6874467458320717
0.999993135044227,0.0,0.00010677442268345084,0.0,0.2133044580978399,0.0,1.445265325502219,3.0003027588513365,2.6872207104801924
0.9999931398227949,0.0,0.00010669495764737194,0.0,0.2133844580978399,0.0,1.4452292449466098,3.0003027699205913,2.686994807055047
0.9999931445945582,0.0,0.00010661558110925099,0.0,0.2134644580978399,0.0,1.445193193726189,3.0003027809824836,2.6867690484384346
0.9999931493595302,0.0,0.00010653629293800419,0.0,0.2135444580978399,0.0,1.4451571718021083,3.0003027920370258,2.6865434297124366
0.9999931541177208,0.0,0.00010645709300269746,0.0,0.2136244580978399,0.0,1.445121179126511,3.0003028030842156,2.6863179389356953
0.9999931588691466,0.0,0.00010637798117274795,0.0,0.2137044580978399,0.0,1.44508521566123,3.0003028141241197,2.6860925877681447
0.9999931636138145,0.0,0.00010629895731769039,0.0,0.21378445809783989,0.0,1.4450492813590592,3.000302825156686,2.685867362603505
0.999993168351738,0.0,0.00010622002130741216,0.0,0.21386445809783988,0.0,1.445013376181997,3.0003028361819353,2.685642285717789
0.9999931730829278,0.0,0.00010614117301195428,0.0,0.21394445809783988,0.0,1.4449775000818506,3.0003028471998716,2.6854173413227245
0.9999931778073993,0.0,0.00010606241230167082,0.0,0.21402445809783988,0.0,1.4449416530216037,3.000302858210556,2.6851925203290787
0.9999931825251578,0.0,0.00010598373904708691,0.0,0.21410445809783987,0.0,1.4449058349566632,3.000302869213897,2.6849678516185036
0.999993187236224,0.0,0.00010590515311905114,0.0,0.21418445809783987,0.0,1.4448700458437649,3.0003028802100413,2.6847433054249263
0.9999931919406022,0.0,0.00010582665438856531,0.0,0.21426445809783987,0.0,1.4448342856397194,3.0003028911988814,2.6845188944376024
0.999993196638308,0.0,0.0001057482427268547,0.0,0.21434445809783986,0.0,1.4447985543110933,3.0003029021805165,2.6842946176109503
0.9999932013293502,0.0,0.0001056699180054956,0.0,0.21442445809783986,0.0,1.4447628518051632,3.0003029131548775,2.684070481926662
0.9999932060137402,0.0,0.00010559168009620028,0.0,0.21450445809783986,0.0,1.4447271780829258,3.000302924121983,2.683846471918711
0.999993210691495,0.0,0.00010551352887099552,0.0,0.21458445809783985,0.0,1.444691533105156,3.0003029350819213,2.683622603457084
0.9999932153626213,0.0,0.00010543546420203671,0.0,0.21466445809783985,0.0,1.4446559168285225,3.00030294603464,2.6833988513365052
0.9999932200271345,0.0,0.00010535748596184175,0.0,0.21474445809783985,0.0,1.444620329217358,3.000302956980191,2.6831752432387193
0.9999932246850407,0.0,0.00010527959402302077,0.0,0.21482445809783984,0.0,1.4445847702190768,3.0003029679185182,2.6829517706765587
0.9999932293363516,0.0,0.00010520178825851927,0.0,0.21490445809783984,0.0,1.444549239794891,3.0003029788496245,2.682728436208063
0.9999932339810861,0.0,0.00010512406854158094,0.0,0.21498445809783984,0.0,1.4445137379084463,3.0003029897736146,2.6825052230461335
0.9999932386192497,0.0,0.00010504643474546022,0.0,0.21506445809783983,0.0,1.4444782645147294,3.0003030006904488,2.682282148556258
0.9999932432508561,0.0,0.00010496888674387207,0.0,0.21514445809783983,0.0,1.4444428195737693,3.000303011600136,2.6820591981017126
0.9999932478759138,0.0,0.00010489142441062104,0.0,0.21522445809783983,0.0,1.4444074030436516,3.000303022502651,2.6818363864564936
0.9999932524944392,0.0,0.00010481404761982855,0.0,0.21530445809783982,0.0,1.444372014881585,3.000303033398079,2.681613712331205
0.9999932571064378,0.0,0.00010473675624575063,0.0,0.21538445809783982,0.0,1.4443366550492223,3.000303044286352,2.68139115881872
0.9999932617119258,0.0,0.00010465955016300963,0.0,0.21546445809783982,0.0,1.4443013235050577,3.000303055167529,2.6811687482035156
0.9999932663109116,0.0,0.00010458242924627608,0.0,0.21554445809783981,0.0,1.4442660202095285,3.0003030660416123,2.6809464441059294
0.9999932709034098,0.0,0.00010450539337067761,0.0,0.2156244580978398,0.0,1.4442307451163294,3.000303076908621,2.6807242949223165
0.9999932754894272,0.0,0.0001044284424113443,0.0,0.2157044580978398,0.0,1.4441954981898355,3.000303087768523,2.6805022825145985
0.9999932800689774,0.0,0.00010435157624379,0.0,0.2157844580978398,0.0,1.4441602793858346,3.0003030986213504,2.680280383151597
0.9999932846420722,0.0,0.00010427479474367853,0.0,0.2158644580978398,0.0,1.4441250886694346,3.0003031094671337,2.6800586215670177
0.9999932892087242,0.0,0.00010419809778695949,0.0,0.2159444580978398,0.0,1.4440899259923516,3.000303120305894,2.6798369891557923
0.9999932937689388,0.0,0.00010412148524974502,0.0,0.2160244580978398,0.0,1.444054791318101,3.000303131137545,2.679615496608688
0.9999932983227355,0.0,0.00010404495700842803,0.0,0.2161044580978398,0.0,1.4440196846110778,3.000303141962245,2.679394126086922
0.9999933028701171,0.0,0.00010396851293959362,0.0,0.2161844580978398,0.0,1.4439846058194086,3.0003031527798476,2.6791728765910183
0.9999933074111009,0.0,0.00010389215292005607,0.0,0.21626445809783978,0.0,1.4439495549116055,3.000303163590484,2.6789517607247735
0.9999933119456942,0.0,0.00010381587682685515,0.0,0.21634445809783978,0.0,1.4439145318431243,3.0003031743940944,2.678730787218095
0.9999933164739119,0.0,0.00010373968453729717,0.0,0.21642445809783978,0.0,1.4438795365780759,3.0003031851907425,2.6785099372539505
0.9999933209957623,0.0,0.00010366357592884812,0.0,0.21650445809783977,0.0,1.4438445690752804,3.0003031959804027,2.67828920568447
0.9999933255112551,0.0,0.0001035875508792078,0.0,0.21658445809783977,0.0,1.4438096292908091,3.0003032067630624,2.6780686189369485
0.9999933300204049,0.0,0.00010351160926635412,0.0,0.21666445809783977,0.0,1.4437747171896602,3.000303217538786,2.6778481474823828
0.9999933345232203,0.0,0.00010343575096845994,0.0,0.21674445809783977,0.0,1.4437398327298987,3.0003032283075295,2.6776278150570407
0.9999933390197124,0.0,0.00010335997586383723,0.0,0.21682445809783976,0.0,1.4437049758669933,3.0003032390693427,2.677407604206482
0.9999933435098944,0.0,0.00010328428383117343,0.0,0.21690445809783976,0.0,1.4436701465737853,3.000303249824237,2.677187525630561
0.9999933479937743,0.0,0.00010320867474926008,0.0,0.21698445809783976,0.0,1.4436353447952923,3.000303260572183,2.676967585166269
0.9999933524713648,0.0,0.00010313314849716409,0.0,0.21706445809783975,0.0,1.443600570501555,3.000303271313219,2.6767477531694626
0.9999933569426769,0.0,0.00010305770495414119,0.0,0.21714445809783975,0.0,1.4435658236504398,3.000303282047359,2.676528070551987
0.9999933614077183,0.0,0.00010298234399965713,0.0,0.21722445809783975,0.0,1.4435311042036723,3.000303292774566,2.6763084906442427
0.9999933658665039,0.0,0.00010290706551342687,0.0,0.21730445809783974,0.0,1.4434964121226943,3.000303303494918,2.676089060113236
0.9999933703190433,0.0,0.00010283186937541502,0.0,0.21738445809783974,0.0,1.4434617473638272,3.000303314208388,2.6758697425059013
0.9999933747653464,0.0,0.00010275675546573393,0.0,0.21746445809783974,0.0,1.443427109893657,3.00030332491498,2.675650561436589
0.9999933792054247,0.0,0.00010268172366474692,0.0,0.21754445809783973,0.0,1.4433924996683083,3.0003033356147166,2.6754315037777463
0.9999933836392899,0.0,0.0001026067738530516,0.0,0.21762445809783973,0.0,1.4433579166497388,3.0003033463076156,2.6752125740557955
0.999993388066949,0.0,0.00010253190591140387,0.0,0.21770445809783973,0.0,1.4433233608023777,3.0003033569936366,2.674993770004206
0.9999933924884201,0.0,0.0001024571197208869,0.0,0.21778445809783972,0.0,1.4432888320839559,3.000303367672893,2.6747750909608237
0.9999933969037047,0.0,0.00010238241516263841,0.0,0.21786445809783972,0.0,1.4432543304537024,3.0003033783452633,2.6745565448351147
0.9999934013128179,0.0,0.00010230779211814443,0.0,0.21794445809783972,0.0,1.4432198558768552,3.00030338901082,2.6743381269423026
0.9999934057157736,0.0,0.00010223325046905558,0.0,0.2180244580978397,0.0,1.4431854083175928,3.0003033996696367,2.6741198329201716
0.9999934101125771,0.0,0.00010215879009726808,0.0,0.2181044580978397,0.0,1.443150987730472,3.000303410321613,2.673901647520559
0.9999934145032419,0.0,0.0001020844108848651,0.0,0.2181844580978397,0.0,1.4431165940764168,3.0003034209668096,2.673683606595073
0.9999934188877764,0.0,0.00010201011271409307,0.0,0.2182644580978397,0.0,1.4430822273238435,3.0003034316052233,2.6734656889574464
0.9999934232661934,0.0,0.00010193589546751873,0.0,0.2183444580978397,0.0,1.4430478874264443,3.0003034422368806,2.673247897989696
0.9999934276385044,0.0,0.0001018617590278646,0.0,0.2184244580978397,0.0,1.4430135743524828,3.000303452861805,2.6730302289163124
0.9999934320047158,0.0,0.00010178770327799925,0.0,0.2185044580978397,0.0,1.4429792880595573,3.000303463479964,2.6728126822170633
0.9999934363648415,0.0,0.00010171372810117513,0.0,0.2185844580978397,0.0,1.4429450285132932,3.000303474091381,2.6725952610545214
0.9999934407188894,0.0,0.00010163983338068252,0.0,0.2186644580978397,0.0,1.4429107956705705,3.0003034846960492,2.6723779723249788
0.9999934450668728,0.0,0.00010156601900011307,0.0,0.21874445809783968,0.0,1.4428765894990494,3.0003034952940224,2.6721607870605197
0.9999934494087984,0.0,0.00010149228484322396,0.0,0.21882445809783968,0.0,1.4428424099533044,3.000303505885248,2.67194375457602
0.9999934537446831,0.0,0.0001014186307940425,0.0,0.21890445809783968,0.0,1.442808257004586,3.000303516469842,2.6717268237239273
0.9999934580745306,0.0,0.00010134505673674712,0.0,0.21898445809783967,0.0,1.4427741306079653,3.000303527047696,2.671510037529083
0.9999934623983533,0.0,0.00010127156255574865,0.0,0.21906445809783967,0.0,1.4427400307246796,3.0003035376188585,2.6712933676489654
0.9999934667161615,0.0,0.00010119814813565563,0.0,0.21914445809783967,0.0,1.442705957322344,3.0003035481833393,2.671076818070277
0.9999934710279702,0.0,0.00010112481336131359,0.0,0.21922445809783966,0.0,1.4426719103624244,3.000303558741227,2.6708603870519836
0.9999934753337804,0.0,0.000101051558117753,0.0,0.21930445809783966,0.0,1.4426378898019743,3.000303569292353,2.6706440882410716
0.9999934796336103,0.0,0.00010097838229016359,0.0,0.21938445809783966,0.0,1.4426038956116645,3.000303579836904,2.6704278993428225
0.9999934839274665,0.0,0.00010090528576403786,0.0,0.21946445809783965,0.0,1.442569927747158,3.000303590374793,2.6702118507101176
0.9999934882153598,0.0,0.00010083226842504459,0.0,0.21954445809783965,0.0,1.4425359861748037,3.0003036009060375,2.6699959193658964
0.9999934924973009,0.0,0.00010075933015898623,0.0,0.21962445809783965,0.0,1.4425020708515495,3.0003036114306743,2.6697801138765795
0.9999934967733015,0.0,0.00010068647085198557,0.0,0.21970445809783964,0.0,1.4424681817495446,3.000303621948721,2.669564419831075
0.9999935010433677,0.0,0.0001006136903902565,0.0,0.21978445809783964,0.0,1.4424343188239894,3.0003036324601267,2.669348868565195
0.9999935053075146,0.0,0.00010054098866030797,0.0,0.21986445809783964,0.0,1.4424004820418397,3.0003036429649828,2.6691334246236047
0.9999935095657491,0.0,0.00010046836554884024,0.0,0.21994445809783963,0.0,1.442366671362182,3.00030365346322,2.668918107045618
0.9999935138180812,0.0,0.00010039582094264461,0.0,0.22002445809783963,0.0,1.442332886751113,3.0003036639548926,2.668702908712022
0.9999935180645232,0.0,0.00010032335472885752,0.0,0.22010445809783963,0.0,1.442299128175246,3.0003036744400218,2.668487829323014
0.9999935223050817,0.0,0.0001002509667947726,0.0,0.22018445809783962,0.0,1.4422653955883382,3.000303684918547,2.6682728755134675
0.9999935265397708,0.0,0.00010017865702789586,0.0,0.22026445809783962,0.0,1.4422316889562132,3.000303695390549,2.6680580450938947
0.9999935307685963,0.0,0.00010010642531585794,0.0,0.22034445809783962,0.0,1.4421980082476262,3.0003037058559787,2.667843339838536
0.9999935349915738,0.0,0.00010003427154660786,0.0,0.22042445809783962,0.0,1.44216435342482,3.000303716314929,2.667628744755228
0.9999935392087084,0.0,9.996219560816785e-5,0.0,0.2205044580978396,0.0,1.4421307244472927,3.000303726767343,2.6674142762332638
0.9999935434200126,0.0,9.989019738891119e-5,0.0,0.2205844580978396,0.0,1.4420971212812501,3.0003037372132426,2.6671999346174458
0.9999935476254944,0.0,9.981827677730215e-5,0.0,0.2206644580978396,0.0,1.442063543884162,3.0003037476526124,2.666985697852399
0.999993551825163,0.0,9.974643366196902e-5,0.0,0.2207444580978396,0.0,1.4420299922327107,3.000303758085476,2.6667716018737058
0.9999935560190342,0.0,9.967466793191061e-5,0.0,0.2208244580978396,0.0,1.4419964662777118,3.0003037685119045,2.6665576097772288
0.9999935602071123,0.0,9.960297947614464e-5,0.0,0.2209044580978396,0.0,1.4419629659866917,3.0003037789318348,2.6663437461843356
0.9999935643894065,0.0,9.953136818395233e-5,0.0,0.2209844580978396,0.0,1.4419294913260101,3.000303789345262,2.6661300129478107
0.9999935685659315,0.0,9.945983394486843e-5,0.0,0.2210644580978396,0.0,1.441896042258559,3.000303799752271,2.6659163775421213
0.9999935727366926,0.0,9.938837664855621e-5,0.0,0.22114445809783959,0.0,1.4418626187421066,3.0003038101527886,2.665702865673696
0.999993576901702,0.0,9.93169961848482e-5,0.0,0.22122445809783958,0.0,1.4418292207532268,3.0003038205468915,2.6654894976247094
0.9999935810609694,0.0,9.924569244391224e-5,0.0,0.22130445809783958,0.0,1.4417958482417552,3.0003038309345453,2.665276230582959
0.9999935852145052,0.0,9.917446531597815e-5,0.0,0.22138445809783958,0.0,1.4417625011863808,3.000303841315794,2.6650630828534245
0.9999935893623155,0.0,9.910331469148213e-5,0.0,0.22146445809783957,0.0,1.4417291795386074,3.0003038516905867,2.6648500615737314
0.9999935935044145,0.0,9.903224046113163e-5,0.0,0.22154445809783957,0.0,1.4416958832688567,3.0003038620590012,2.6646371377258022
0.999993597640809,0.0,9.896124251578906e-5,0.0,0.22162445809783957,0.0,1.4416626123430656,3.0003038724209845,2.664424358694638
0.9999936017715103,0.0,9.889032074646179e-5,0.0,0.22170445809783956,0.0,1.4416293667193472,3.000303882776605,2.6642116884037725
0.9999936058965293,0.0,9.881947504445962e-5,0.0,0.22178445809783956,0.0,1.4415961463678824,3.0003038931258605,2.663999134494742
0.9999936100158721,0.0,9.874870530120569e-5,0.0,0.22186445809783956,0.0,1.441562951246377,3.0003039034686996,2.6637867049577357
0.9999936141295496,0.0,9.867801140828354e-5,0.0,0.22194445809783955,0.0,1.4415297813254122,3.0003039138051837,2.663574397992989
