x,y,z,xdot,ydot,zdot,Period,JC,Stability
1.120386238224406,0.0,1.4892603469808228e-8,0.0,0.17604041411386667,0.0,3.4155308796565325,3.152118894460721,1212.2251427062602
1.1203518382173725,0.0,0.0021827171266556285,0.0,0.17614041411386666,0.0,3.415456797869249,3.152079067113347,1211.392722728887
1.1203174337555974,0.0,0.0030866894186844006,0.0,0.17624041411386665,0.0,3.4153826728038896,3.1520392289700716,1210.5604922263035
1.1202830250639253,0.0,0.003780226385375779,0.0,0.17634041411386664,0.0,3.415308506479614,3.1519993803564135,1209.7284614721882
1.120248612146289,0.0,0.004364817501428935,0.0,0.17644041411386663,0.0,3.415234298886903,3.1519595212833065,1208.896630900151
1.1202141950059756,0.0,0.004879775672148163,0.0,0.17654041411386662,0.0,3.41516005001028,3.1519196517605903,1208.0650008702223
1.12017977364799,0.0,0.005345263827330388,0.0,0.1766404141138666,0.0,3.4150857598500193,3.1518797718008673,1207.2335718984855
1.1201453480750219,0.0,0.005773260302495453,0.0,0.1767404141138666,0.0,3.4150114283851627,3.1518398814130726,1206.4023443037536
1.1201109182912152,0.0,0.006171569966003112,0.0,0.17684041411386658,0.0,3.414937055608007,3.1517999806084323,1205.571318523954
1.1200764843003925,0.0,0.0065456143567064655,0.0,0.17694041411386657,0.0,3.4148626415079493,3.1517600693976697,1204.7404949722775
1.1200420461063647,0.0,0.006899341045283495,0.0,0.17704041411386656,0.0,3.4147881860742273,3.151720147791489,1203.9098740589498
1.1200076037129425,0.0,0.007235730264369562,0.0,0.17714041411386655,0.0,3.414713689296058,3.1516802158005905,1203.0794561932069
1.1199731571239326,0.0,0.007557097462882812,0.0,0.17724041411386654,0.0,3.414639151162646,3.151640273435673,1202.249241784624
1.119938706343151,0.0,0.00786528407818273,0.0,0.17734041411386653,0.0,3.414564571663174,3.1516003207074443,1201.4192312417035
1.1199042513744053,0.0,0.008161783207117385,0.0,0.17744041411386652,0.0,3.4144899507868236,3.151560357626604,1200.5894249724602
1.119869792221511,0.0,0.00844782542975735,0.0,0.1775404141138665,0.0,3.41441528852276,3.1515203842038577,1199.7598233839665
1.1198353288882792,0.0,0.00872443922021147,0.0,0.1776404141138665,0.0,3.414340584860133,3.1514804004499104,1198.9304268839269
1.1198008613782842,0.0,0.00899249458416757,0.0,0.17774041411386649,0.0,3.4142658397858643,3.151440406374936,1198.1012358194548
1.1197663896959027,0.0,0.009252735249501699,0.0,0.17784041411386647,0.0,3.414191053294282,3.1514004019908857,1197.2722507343701
1.1197319138445976,0.0,0.009505802969625644,0.0,0.17794041411386646,0.0,3.414116225371239,3.1513603873076876,1196.443471947135
1.119697433828196,0.0,0.009752256062353368,0.0,0.17804041411386645,0.0,3.4140413560059475,3.151320362336077,1195.6148998663375
1.1196629496505235,0.0,0.009992583859294035,0.0,0.17814041411386644,0.0,3.413966445187565,3.151280327086779,1194.7865348974726
1.1196284613154002,0.0,0.01022721808221306,0.0,0.17824041411386643,0.0,3.4138914929052087,3.151240281570512,1193.9583774452901
1.1195939688266467,0.0,0.01045654191505727,0.0,0.17834041411386642,0.0,3.413816499147967,3.1512002257979943,1193.130427913359
1.1195594721880846,0.0,0.010680897317831643,0.0,0.1784404141138664,0.0,3.413741463904907,3.15116015977994,1192.3026867050926
1.1195249714035338,0.0,0.010900590981654067,0.0,0.1785404141138664,0.0,3.4136663871650774,3.1511200835270654,1191.4751542226243
1.1194904664768135,0.0,0.011115899221337027,0.0,0.17864041411386639,0.0,3.413591268917519,3.151079997050084,1190.6478308674132
1.1194559574117484,0.0,0.0113270720282982,0.0,0.17874041411386637,0.0,3.4135161091512427,3.1510399003597143,1189.8207170413275
1.1194214442121584,0.0,0.011534336453801641,0.0,0.17884041411386636,0.0,3.4134409078552608,3.1509997934666694,1188.993813143768
1.1193869268818666,0.0,0.011737899452575928,0.0,0.17894041411386635,0.0,3.4133656650185626,3.1509596763816687,1188.1671195755493
1.1193524054246966,0.0,0.011937950288794803,0.0,0.17904041411386634,0.0,3.4132903806301287,3.150919549115428,1187.340636735886
1.1193178798444723,0.0,0.012134662583816085,0.0,0.17914041411386633,0.0,3.4132150546789295,3.1508794116786656,1186.5143650231944
1.119283350145019,0.0,0.012328196068849731,0.0,0.17924041411386632,0.0,3.413139687153915,3.1508392640821037,1185.6883048362804
1.1192488163301615,0.0,0.012518698092992064,0.0,0.1793404141138663,0.0,3.4130642780440303,3.1507991063364593,1184.8624565728817
1.1192142784037267,0.0,0.012706304926965768,0.0,0.1794404141138663,0.0,3.412988827338204,3.150758938452454,1184.0368206298106
1.119179736369541,0.0,0.012891142895546014,0.0,0.1795404141138663,0.0,3.4129133350253498,3.1507187604408107,1183.211397403981
1.1191451902314318,0.0,0.013073329365332495,0.0,0.17964041411386628,0.0,3.4128378010943763,3.1506785723122506,1182.3861872916173
1.119110639993228,0.0,0.013252973609830522,0.0,0.17974041411386626,0.0,3.4127622255341725,3.1506383740774977,1181.5611906878266
1.119076085658758,0.0,0.013430177570023565,0.0,0.17984041411386625,0.0,3.4126866083336194,3.150598165747277,1180.736407988347
1.1190415272318546,0.0,0.013605036525391046,0.0,0.17994041411386624,0.0,3.4126109494815817,3.1505579473323144,1179.911839586904
1.1190069647163456,0.0,0.013777639688055848,0.0,0.18004041411386623,0.0,3.412535248966918,3.1505177188433344,1179.087485877542
1.1189723981160624,0.0,0.013948070730362255,0.0,0.18014041411386622,0.0,3.4124595067784673,3.150477480291065,1178.2633472546422
1.1189378274348403,0.0,0.014116408254941261,0.0,0.1802404141138662,0.0,3.4123837229050586,3.1504372316862357,1177.439424109506
1.1189032526765084,0.0,0.014282726214791654,0.0,0.1803404141138662,0.0,3.412307897335512,3.150396973039573,1176.6157168357631
1.1188686738449027,0.0,0.01444709428944298,0.0,0.1804404141138662,0.0,3.4122320300586293,3.1503567043618075,1175.7922258244332
1.1188340909438568,0.0,0.014609578223047077,0.0,0.18054041411386618,0.0,3.412156121063205,3.15031642566367,1174.9689514671284
1.1187995039772078,0.0,0.014770240128719919,0.0,0.18064041411386617,0.0,3.4120801703380157,3.150276136955894,1174.1458941543392
1.1187649129487898,0.0,0.0149291387633614,0.0,0.18074041411386615,0.0,3.4120041778718333,3.1502358382492095,1173.323054276052
1.1187303178624393,0.0,0.015086329776197529,0.0,0.18084041411386614,0.0,3.411928143653411,3.1501955295543507,1172.500432222363
1.1186957187219966,0.0,0.015241865934188232,0.0,0.18094041411386613,0.0,3.41185206767149,3.1501552108820534,1171.6780283817623
1.1186611155312969,0.0,0.01539579732691399,0.0,0.18104041411386612,0.0,3.4117759499148024,3.15011488224305,1170.8558431430356
1.1186265082941815,0.0,0.015548171552933915,0.0,0.1811404141138661,0.0,3.411699790372067,3.1500745436480795,1170.0338768940323
1.118591897014489,0.0,0.015699033889966026,0.0,0.1812404141138661,0.0,3.411623589031986,3.150034195107877,1169.2121300224978
1.118557281696061,0.0,0.015848427450280856,0.0,0.1813404141138661,0.0,3.4115473458832537,3.149993836633182,1168.3906029150562
1.118522662342738,0.0,0.015996393323036092,0.0,0.18144041411386608,0.0,3.411471060914551,3.1499534682347328,1167.5692959580203
1.1184880389583647,0.0,0.016142970704743312,0.0,0.18154041411386607,0.0,3.411394734114546,3.1499130899232695,1166.7482095371297
1.1184534115467824,0.0,0.016288197019196697,0.0,0.18164041411386606,0.0,3.4113183654718924,3.149872701709533,1165.9273440376805
1.1184187801118335,0.0,0.016432108027715827,0.0,0.18174041411386604,0.0,3.4112419549752384,3.1498323036042644,1165.1066998449444
1.1183841446573652,0.0,0.016574737930750597,0.0,0.18184041411386603,0.0,3.4111655026132084,3.149791895618206,1164.2862773422528
1.1183495051872225,0.0,0.01671611946167125,0.0,0.18194041411386602,0.0,3.411089008374424,3.149751477762103,1163.466076913562
1.1183148617052507,0.0,0.016856283973418006,0.0,0.182040414113866,0.0,3.4110124722474913,3.1497110500466983,1162.6460989419513
1.1182802142152977,0.0,0.016995261518635573,0.0,0.182140414113866,0.0,3.410935894221003,3.1496706124827387,1161.8263438103545
1.1182455627212113,0.0,0.017133080923994435,0.0,0.182240414113866,0.0,3.41085927428354,3.14963016508097,1161.0068118999775
1.118210907226838,0.0,0.01726976985910063,0.0,0.18234041411386598,0.0,3.410782612423672,3.1495897078521375,1160.187503593178
1.118176247736032,0.0,0.017405354900444377,0.0,0.18244041411386597,0.0,3.4107059086299527,3.149549240806993,1159.3684192699677
1.1181415842526392,0.0,0.017539861591037553,0.0,0.18254041411386596,0.0,3.4106291628909307,3.1495087639562835,1158.5495593114242
1.1181069167805122,0.0,0.01767331449574159,0.0,0.18264041411386595,0.0,3.4105523751951323,3.149468277310758,1157.7309240970044
1.118072245323503,0.0,0.01780573725296043,0.0,0.18274041411386593,0.0,3.410475545531077,3.1494277808811706,1156.9125140063443
1.118037569885465,0.0,0.017937152622847674,0.0,0.18284041411386592,0.0,3.4103986738872716,3.1493872746782716,1156.0943294177255
1.1180028904702513,0.0,0.018067582532325824,0.0,0.1829404141138659,0.0,3.4103217602522147,3.1493467587128134,1155.27637070955
1.1179682070817143,0.0,0.018197048117194123,0.0,0.1830404141138659,0.0,3.4102448046143796,3.14930623299555,1154.458638259891
1.117933519723712,0.0,0.018325569761497223,0.0,0.1831404141138659,0.0,3.4101678069622423,3.1492656975372366,1153.6411324453325
1.1178988284001,0.0,0.018453167134474566,0.0,0.18324041411386588,0.0,3.4100907672842546,3.149225152348629,1152.823853642372
1.1178641331147328,0.0,0.018579859225178876,0.0,0.18334041411386587,0.0,3.410013685568866,3.149184597440484,1152.0068022276173
1.117829433871471,0.0,0.018705664374925615,0.0,0.18344041411386586,0.0,3.4099365618045026,3.1491440328235587,1151.189978575922
1.1177947306741702,0.0,0.018830600307862384,0.0,0.18354041411386585,0.0,3.4098593959795873,3.1491034585086117,1150.3733830630083
1.1177600235266925,0.0,0.018954684159617218,0.0,0.18364041411386584,0.0,3.4097821880825236,3.1490628745064027,1149.5570160626376
1.1177253124328954,0.0,0.019077932504348444,0.0,0.18374041411386582,0.0,3.409704938101711,3.1490222808276918,1148.7408779489272
1.1176905973966416,0.0,0.019200361380133608,0.0,0.1838404141138658,0.0,3.409627646025527,3.148981677483241,1147.9249690952151
1.1176558784217925,0.0,0.019321986312958055,0.0,0.1839404141138658,0.0,3.4095503118423447,3.148941064483812,1147.1092898740171
1.117621155512211,0.0,0.019442822339317167,0.0,0.1840404141138658,0.0,3.4094729355405167,3.1489004418401687,1146.2938406578469
1.1175864286717598,0.0,0.0195628840275655,0.0,0.18414041411386578,0.0,3.409395517108393,3.1488598095630747,1145.4786218184802
1.1175516979043039,0.0,0.019682185498051556,0.0,0.18424041411386577,0.0,3.409318056534302,3.148819167663296,1144.6636337269606
1.1175169632137087,0.0,0.019800740442195278,0.0,0.18434041411386576,0.0,3.409240553806565,3.1487785161515984,1143.8488767537244
1.117482224603839,0.0,0.019918562140507228,0.0,0.18444041411386575,0.0,3.4091630089134872,3.148737855038749,1143.034351269297
1.1174474820785623,0.0,0.020035663479643147,0.0,0.18454041411386574,0.0,3.4090854218433675,3.148697184335516,1142.2200576427736
1.1174127356417458,0.0,0.02015205696857946,0.0,0.18464041411386573,0.0,3.409007792584485,3.148656504052668,1141.4059962435322
1.1173779852972603,0.0,0.020267754753906707,0.0,0.18474041411386571,0.0,3.40893012112511,3.148615814200977,1140.592167439466
1.117343231048973,0.0,0.020382768634408775,0.0,0.1848404141138657,0.0,3.4088524074535025,3.148575114791211,1139.7785715987836
1.1173084729007547,0.0,0.02049711007479705,0.0,0.1849404141138657,0.0,3.4087746515579025,3.148534405834144,1138.9652090892862
1.1172737108564759,0.0,0.020610790218843992,0.0,0.18504041411386568,0.0,3.4086968534265494,3.148493687340548,1138.1520802773316
1.1172389449200097,0.0,0.020723819901792864,0.0,0.18514041411386567,0.0,3.408619013047659,3.148452959321197,1137.3391855289942
1.1172041750952275,0.0,0.020836209662215326,0.0,0.18524041411386566,0.0,3.4085411304094384,3.148412221786866,1136.5265252104693
1.1171694013860056,0.0,0.02094796975322248,0.0,0.18534041411386565,0.0,3.4084632055000856,3.148371474748332,1135.7140996868839
1.117134623796216,0.0,0.02105911015323068,0.0,0.18544041411386564,0.0,3.4083852383077815,3.1483307182163704,1134.9019093228185
1.1170998423297356,0.0,0.021169640576105857,0.0,0.18554041411386563,0.0,3.4083072288206973,3.148289952201759,1134.0899544821746
1.1170650569904401,0.0,0.021279570480899866,0.0,0.18564041411386561,0.0,3.4082291770269912,3.1482491767152774,1133.2782355288866
1.1170302677822062,0.0,0.02138890908112016,0.0,0.1857404141138656,0.0,3.4081510829148067,3.148208391767704,1132.4667528258656
1.1169954747089137,0.0,0.021497665353534305,0.0,0.1858404141138656,0.0,3.408072946472279,3.148167597369821,1131.6555067355077
1.1169606777744387,0.0,0.021605848046643426,0.0,0.18594041411386558,0.0,3.4079947676875304,3.148126793532409,1130.844497619973
1.116925876982664,0.0,0.02171346568867312,0.0,0.18604041411386557,0.0,3.4079165465486643,3.1480859802662504,1130.033725840466
1.1168910723374688,0.0,0.02182052659530432,0.0,0.18614041411386556,0.0,3.407838283043777,3.148045157582131,1129.223191757964
1.1168562638427348,0.0,0.02192703887700134,0.0,0.18624041411386555,0.0,3.407759977160957,3.1480043254908336,1128.4128957327946
1.1168214515023454,0.0,0.02203301044602146,0.0,0.18634041411386554,0.0,3.4076816288882683,3.1479634840031445,1127.6028381244807
1.1167866353201805,0.0,0.022138449023160266,0.0,0.18644041411386553,0.0,3.4076032382137744,3.1479226331298484,1126.7930192930296
1.1167518153001297,0.0,0.022243362144116846,0.0,0.18654041411386552,0.0,3.4075248051255174,3.1478817728817368,1125.9834395962394
1.1167169914460742,0.0,0.022347757165728392,0.0,0.1866404141138655,0.0,3.407446329611532,3.1478409032695946,1125.1740993927333
1.1166821637619007,0.0,0.022451641271791667,0.0,0.1867404141138655,0.0,3.40736781165984,3.147800024304213,1124.3649990404342
1.1166473322514978,0.0,0.022555021478722397,0.0,0.18684041411386548,0.0,3.407289251258449,3.1477591359963837,1123.5561388957576
1.1166124969187508,0.0,0.022657904641000755,0.0,0.18694041411386547,0.0,3.4072106483953566,3.1477182383568953,1122.7475193156918
1.1165776577675506,0.0,0.022760297456297193,0.0,0.18704041411386546,0.0,3.4071320030585444,3.1476773313965416,1121.9391406558955
1.1165428148017849,0.0,0.022862206470495392,0.0,0.18714041411386545,0.0,3.407053315235981,3.147636415126117,1121.1310032723786
1.1165079680253465,0.0,0.022963638082429835,0.0,0.18724041411386544,0.0,3.4069745849156305,3.1475954895564167,1120.3231075194717
1.1164731174421239,0.0,0.02306459854851333,0.0,0.18734041411386543,0.0,3.406895812085437,3.1475545546982326,1119.5154537520743
1.1164382630560126,0.0,0.02316509398707121,0.0,0.18744041411386542,0.0,3.4068169967333346,3.1475136105623664,1118.7080423236391
1.116403404870904,0.0,0.023265130382636216,0.0,0.1875404141138654,0.0,3.4067381388472397,3.1474726571596117,1117.9008735874834
1.1163685428906922,0.0,0.02336471358996636,0.0,0.1876404141138654,0.0,3.4066592384150685,3.1474316945007685,1117.0939478965006
1.1163336771192722,0.0,0.02346384933796157,0.0,0.18774041411386538,0.0,3.4065802954247126,3.1473907225966355,1116.2872656032134
1.1162988075605405,0.0,0.02356254323341711,0.0,0.18784041411386537,0.0,3.4065013098640575,3.1473497414580147,1115.4808270589083
1.1162639342183935,0.0,0.023660800764642033,0.0,0.18794041411386536,0.0,3.406422281720974,3.147308751095706,1114.6746326147022
1.1162290570967304,0.0,0.02375862730491964,0.0,0.18804041411386535,0.0,3.4063432109833207,3.147267751520513,1113.8686826213109
1.1161941761994476,0.0,0.023856028115882288,0.0,0.18814041411386534,0.0,3.406264097638946,3.1472267427432388,1113.0629774289632
1.1161592915304461,0.0,0.023953008350691044,0.0,0.18824041411386533,0.0,3.406184941675682,3.1471857247746877,1112.2575173868338
1.1161244030936261,0.0,0.024049573057176834,0.0,0.18834041411386532,0.0,3.40610574308135,3.1471446976256665,1111.4523028441117
1.1160895108928905,0.0,0.02414572718080033,0.0,0.1884404141138653,0.0,3.4060265018437597,3.147103661306981,1110.6473341492042
1.1160546149321386,0.0,0.024241475567568928,0.0,0.1885404141138653,0.0,3.405947217950709,3.1470626158294386,1109.8426116501955
1.1160197152152769,0.0,0.02433682296676981,0.0,0.18864041411386528,0.0,3.405867891389981,3.1470215612038475,1109.0381356939533
1.115984811746208,0.0,0.024431774033685263,0.0,0.18874041411386527,0.0,3.4057885221493467,3.1469804974410183,1108.2339066278828
1.1159499045288377,0.0,0.024526333332159117,0.0,0.18884041411386526,0.0,3.4057091102165664,3.146939424551762,1107.4299247980407
1.115914993567072,0.0,0.024620505337100862,0.0,0.18894041411386525,0.0,3.405629655579386,3.146898342546888,1106.626190549809
1.115880078864818,0.0,0.0247142944368797,0.0,0.18904041411386524,0.0,3.4055501582255396,3.146857251437212,1105.8227042290368
1.1158451604259831,0.0,0.024807704935665847,0.0,0.18914041411386523,0.0,3.405470618142751,3.1468161512335446,1105.0194661798214
1.115810238254478,0.0,0.024900741055645464,0.0,0.18924041411386522,0.0,3.4053910353187264,3.1467750419467033,1104.216476746502
1.1157753123542111,0.0,0.02499340693922735,0.0,0.1893404141138652,0.0,3.4053114097411656,3.1467339235875027,1103.4137362727279
1.1157403827290926,0.0,0.025085706651112906,0.0,0.1894404141138652,0.0,3.4052317413977518,3.1466927961667577,1102.611245101589
1.1157054493830363,0.0,0.025177644180311046,0.0,0.18954041411386519,0.0,3.4051520302761586,3.146651659695289,1101.8090035753703
1.1156705123199535,0.0,0.025269223442126138,0.0,0.18964041411386517,0.0,3.4050722763640406,3.146610514183914,1101.0070120362464
1.1156355715437596,0.0,0.02536044828001842,0.0,0.18974041411386516,0.0,3.4049924796490494,3.1465693596434536,1100.2052708254419
1.1156006270583663,0.0,0.025451322467473437,0.0,0.18984041411386515,0.0,3.404912640118818,3.1465281960847262,1099.4037802842208
1.115565678867692,0.0,0.025541849709721343,0.0,0.18994041411386514,0.0,3.40483275776097,3.146487023518556,1098.6025407524116
1.1155307269756518,0.0,0.02563203364549521,0.0,0.19004041411386513,0.0,3.404752832563114,3.1464458419557646,1097.8015525702808
1.1154957713861642,0.0,0.025721877848665944,0.0,0.19014041411386512,0.0,3.4046728645128455,3.146404651407177,1097.000816076788
1.1154608121031466,0.0,0.025811385829864506,0.0,0.1902404141138651,0.0,3.4045928535977525,3.146363451883617,1096.2003316107262
1.11542584913052,0.0,0.02590056103801091,0.0,0.1903404141138651,0.0,3.404512799805405,3.146322243395913,1095.4000995104639
1.1153908824722036,0.0,0.02598940686185461,0.0,0.1904404141138651,0.0,3.4044327031233625,3.146281025954889,1094.6001201133722
1.1153559121321184,0.0,0.0260779266314136,0.0,0.19054041411386508,0.0,3.404352563539173,3.1462397995713745,1093.8003937569124
1.1153209381141878,0.0,0.026166123619383006,0.0,0.19064041411386506,0.0,3.4042723810403714,3.1461985642561974,1093.0009207773326
1.1152859604223349,0.0,0.026254001042517936,0.0,0.19074041411386505,0.0,3.404192155614479,3.1461573200201904,1092.2017015108859
1.1152509790604839,0.0,0.02634156206296278,0.0,0.19084041411386504,0.0,3.4041118872490066,3.1461160668741828,1091.4027362932343
1.1152159940325599,0.0,0.026428809789534054,0.0,0.19094041411386503,0.0,3.4040315759314534,3.146074804829007,1090.6040254588156
1.11518100534249,0.0,0.02651574727896594,0.0,0.19104041411386502,0.0,3.4039512216493013,3.146033533895496,1089.8055693424233
1.1151460129942004,0.0,0.02660237753713783,0.0,0.191140414113865,0.0,3.403870824390024,3.145992254084485,1089.007368277982
1.1151110169916199,0.0,0.026688703520233958,0.0,0.191240414113865,0.0,3.403790384141082,3.145950965406809,1088.2094225985693
1.115076017338676,0.0,0.026774728135900823,0.0,0.191340414113865,0.0,3.4037099008899214,3.1459096678733034,1087.4117326374637
1.115041014039303,0.0,0.02686045424432404,0.0,0.19144041411386498,0.0,3.4036293746239776,3.145868361494808,1086.614298726103
1.1150060070974277,0.0,0.02694588465935534,0.0,0.19154041411386497,0.0,3.403548805330676,3.145827046282159,1085.8171211971387
1.114970996516985,0.0,0.02703102214950566,0.0,0.19164041411386495,0.0,3.4034681929974226,3.1457857222461967,1085.0202003813868
1.114935982301907,0.0,0.027115869438993856,0.0,0.19174041411386494,0.0,3.403387537611617,3.1457443893977617,1084.2235366092696
1.1149009644561272,0.0,0.027200429208718204,0.0,0.19184041411386493,0.0,3.403306839160645,3.1457030477476957,1083.4271302112998
1.1148659429835828,0.0,0.027284704097203925,0.0,0.19194041411386492,0.0,3.4032260976318778,3.145661697306841,1082.6309815168688
1.1148309178882085,0.0,0.02736869670155997,0.0,0.1920404141138649,0.0,3.403145313012678,3.145620338086042,1081.8350908548064
1.1147958891739405,0.0,0.027452409578368853,0.0,0.1921404141138649,0.0,3.4030644852903906,3.145578970096142,1081.039458554215
1.1147608568447196,0.0,0.027535845244545967,0.0,0.1922404141138649,0.0,3.4029836144523515,3.1455375933479894,1080.2440849426189
1.1147258209044824,0.0,0.027619006178237218,0.0,0.19234041411386488,0.0,3.402902700485884,3.1454962078524287,1079.4489703476352
1.1146907813571718,0.0,0.027701894819606,0.0,0.19244041411386487,0.0,3.4028217433782983,3.1454548136203098,1078.6541150957962
1.1146557382067255,0.0,0.02778451357168601,0.0,0.19254041411386486,0.0,3.402740743116894,3.145413410662479,1077.859519513962
1.1146206914570886,0.0,0.02786686480111643,0.0,0.19264041411386484,0.0,3.402659699688953,3.145371998989789,1077.0651839275993
1.114585641112203,0.0,0.027948950838950964,0.0,0.19274041411386483,0.0,3.4025786130817504,3.1453305786130907,1076.2711086621805
1.1145505871760133,0.0,0.028030773981383875,0.0,0.19284041411386482,0.0,3.402497483282546,3.1452891495432334,1075.4772940423309
1.1145155296524647,0.0,0.028112336490468876,0.0,0.1929404141138648,0.0,3.4024163102785896,3.1452477117910744,1074.6837403924999
1.1144804685455023,0.0,0.028193640594845214,0.0,0.1930404141138648,0.0,3.4023350940571135,3.1452062653674653,1073.8904480361211
1.1144454038590739,0.0,0.0282746884903999,0.0,0.1931404141138648,0.0,3.4022538346053453,3.1451648102832603,1073.0974172964711
1.114410335597129,0.0,0.028355482340941145,0.0,0.19324041411386478,0.0,3.4021725319104914,3.14512334654932,1072.3046484959773
1.1143752637636168,0.0,0.02843602427886997,0.0,0.19334041411386477,0.0,3.402091185959749,3.145081874176499,1071.5121419568181
1.1143401883624857,0.0,0.028516316405800973,0.0,0.19344041411386476,0.0,3.4020097967403093,3.1450403931756554,1070.7198980005999
1.1143051093976895,0.0,0.02859636079316286,0.0,0.19354041411386474,0.0,3.4019283642393394,3.1449989035576515,1069.9279169482752
1.11427002687318,0.0,0.028676159482831223,0.0,0.19364041411386473,0.0,3.4018468884440036,3.144957405333347,1069.1361991200429
1.1142349407929082,0.0,0.028755714487709576,0.0,0.19374041411386472,0.0,3.401765369341449,3.1449158985136005,1068.3447448363384
1.1141998511608304,0.0,0.028835027792274037,0.0,0.1938404141138647,0.0,3.4016838069188124,3.1448743831092782,1067.5535544159861
1.1141647579809026,0.0,0.0289141013531545,0.0,0.1939404141138647,0.0,3.4016022011632154,3.1448328591312427,1066.7626281782923
1.1141296612570812,0.0,0.028992937099677374,0.0,0.1940404141138647,0.0,3.4015205520617715,3.14479132659036,1065.971966441291
1.1140945609933228,0.0,0.02907153693439327,0.0,0.19414041411386468,0.0,3.4014388596015737,3.144749785497496,1065.1815695228545
1.1140594571935862,0.0,0.029149902733589226,0.0,0.19424041411386467,0.0,3.4013571237697127,3.144708235863516,1064.3914377403105
1.1140243498618323,0.0,0.02922803634778963,0.0,0.19434041411386466,0.0,3.4012753445532597,3.1446666776992913,1063.601571410048
1.1139892390020198,0.0,0.029305939602264172,0.0,0.19444041411386465,0.0,3.401193521939277,3.144625111015688,1062.811970848862
1.1139541246181122,0.0,0.029383614297488002,0.0,0.19454041411386463,0.0,3.4011116559148125,3.144583535823579,1062.022636371656
1.1139190067140705,0.0,0.02946106220962367,0.0,0.19464041411386462,0.0,3.4010297464669,3.144541952133834,1061.2335682941807
1.11388388529386,0.0,0.029538285090967686,0.0,0.1947404141138646,0.0,3.4009477935825663,3.144500359957325,1060.444766930471
1.1138487603614462,0.0,0.029615284670399474,0.0,0.1948404141138646,0.0,3.400865797248821,3.1444587593049285,1059.6562325947164
1.1138136319207927,0.0,0.029692062653830793,0.0,0.1949404141138646,0.0,3.400783757452663,3.144417150187516,1058.8679656004851
1.1137784999758689,0.0,0.029768620724597638,0.0,0.19504041411386458,0.0,3.4007016741810765,3.144375532615966,1058.0799662608783
1.1137433645306403,0.0,0.02984496054391709,0.0,0.19514041411386457,0.0,3.400619547421037,3.1443339066011524,1057.2922348880406
1.1137082255890793,0.0,0.029921083751243662,0.0,0.19524041411386456,0.0,3.4005373771595044,3.144292272153956,1056.504771794101
1.1136730831551531,0.0,0.02999699196471828,0.0,0.19534041411386455,0.0,3.400455163383429,3.1442506292852537,1055.7175772902556
1.1136379372328344,0.0,0.030072686781507766,0.0,0.19544041411386454,0.0,3.4003729060797454,3.1442089780059272,1054.9306516873362
1.1136027878260946,0.0,0.03014816977821302,0.0,0.19554041411386452,0.0,3.4002906052353783,3.1441673183268555,1054.1439952957594
1.1135676349389092,0.0,0.03022344251121126,0.0,0.1956404141138645,0.0,3.4002082608372395,3.144125650258923,1053.3576084250028
1.1135324785752494,0.0,0.03029850651705363,0.0,0.1957404141138645,0.0,3.400125872872227,3.144083973813012,1052.5714913847353
1.1134973187390929,0.0,0.03037336331277413,0.0,0.1958404141138645,0.0,3.4000434413272256,3.144042289000007,1051.785644483321
1.1134621554344162,0.0,0.030448014396261793,0.0,0.19594041411386448,0.0,3.39996096618911,3.1440005958307933,1051.0000680289286
1.1134269886651957,0.0,0.030522461246593822,0.0,0.19604041411386447,0.0,3.3998784474447423,3.143958894316258,1050.2147623292028
1.1133918184354121,0.0,0.0305967053243445,0.0,0.19614041411386446,0.0,3.399795885080971,3.143917184467291,1049.4297276915627
1.113356644749044,0.0,0.03067074807194233,0.0,0.19624041411386445,0.0,3.399713279084634,3.143875466294776,1048.6449644218271
1.1133214676100733,0.0,0.030744590913942556,0.0,0.19634041411386444,0.0,3.399630629442551,3.1438337398096077,1047.8604728264822
1.1132862870224798,0.0,0.030818235257378444,0.0,0.19644041411386443,0.0,3.399547936141539,3.1437920050226733,1047.0762532110468
1.113251102985165,0.0,0.03089168251928623,0.0,0.19654041411386441,0.0,3.3994651991561176,3.143750261937991,1046.292305791467
1.1131807246078087,0.0,0.03103799110952733,0.0,0.19674041411386442,0.0,3.3992995941528337,3.143666750960214,1044.7252292905232
1.1131103324946399,0.0,0.03118352755079693,0.0,0.19694041411386443,0.0,3.399133814290021,3.1435832069428042,1043.1592454856673
1.1130399266826467,0.0,0.0313283023423684,0.0,0.19714041411386443,0.0,3.398967859473898,3.1434996299798157,1041.5943568865532
1.1129695072037493,0.0,0.031472325761556744,0.0,0.19734041411386444,0.0,3.398801729598204,3.1434160201584413,1040.0305659047322
1.1128990740898876,0.0,0.031615607844601365,0.0,0.19754041411386444,0.0,3.3986354245564865,3.143332377565892,1038.4678749437562
1.1128286273730181,0.0,0.031758158394496146,0.0,0.19774041411386445,0.0,3.398468944242087,3.1432487022893985,1036.9062863985446
1.1127581670851157,0.0,0.031899986988491266,0.0,0.19794041411386445,0.0,3.398302288548155,3.143164994416207,1035.3458026551407
1.1126876932581717,0.0,0.03204110298529186,0.0,0.19814041411386446,0.0,3.398135457367632,3.143081254033582,1033.7864260917981
1.1126172059241972,0.0,0.032181515531949055,0.0,0.19834041411386447,0.0,3.397968450593266,3.1429974812288064,1032.2281590775476
1.1125467051152218,0.0,0.03232123357048936,0.0,0.19854041411386447,0.0,3.3978012681176035,3.1429136760891834,1030.6710039731274
1.1124761908632899,0.0,0.03246026584428876,0.0,0.19874041411386448,0.0,3.3976339098329924,3.142829838702026,1029.1149631310363
1.1124056632004657,0.0,0.03259862090416137,0.0,0.19894041411386448,0.0,3.3974663756315784,3.1427459691546726,1027.5600388950784
1.1123351221588318,0.0,0.032736307114237674,0.0,0.1991404141138645,0.0,3.3972986654053132,3.1426620675344776,1026.0062336006197
1.1122645677704885,0.0,0.03287333265760694,0.0,0.1993404141138645,0.0,3.3971307790459435,3.142578133928812,1024.4535495745372
1.1121940000675552,0.0,0.03300970554173543,0.0,0.1995404141138645,0.0,3.396962716445021,3.1424941684250656,1022.9019891349836
1.1121234190821694,0.0,0.03314543360368585,0.0,0.1997404141138645,0.0,3.3967944774938945,3.142410171110647,1021.35155459197
1.112052824846486,0.0,0.03328052451514506,0.0,0.1999404141138645,0.0,3.3966260620837128,3.1423261420729816,1019.8022482469395
1.1119822173926783,0.0,0.03341498578724696,0.0,0.20014041411386452,0.0,3.396457470105432,3.1422420813995124,1018.2540723928306
1.1119115967529385,0.0,0.033548824775219956,0.0,0.20034041411386452,0.0,3.396288701449802,3.1421579891777,1016.707029314149
1.1118409629594794,0.0,0.0336820486828664,0.0,0.20054041411386453,0.0,3.3961197560073746,3.142073865495027,1015.1611212868038
1.1117703160445283,0.0,0.03381466456689333,0.0,0.20074041411386453,0.0,3.395950633668507,3.1419897104389882,1013.616350578439
1.1116996560403345,0.0,0.033946679341046594,0.0,0.20094041411386454,0.0,3.3957813343233507,3.1419055240971026,1012.0727194481581
1.111628982979166,0.0,0.0340780997801341,0.0,0.20114041411386455,0.0,3.3956118578618626,3.1418213065569023,1010.5302301462996
1.1115582968933067,0.0,0.03420893252389476,0.0,0.20134041411386455,0.0,3.395442204173798,3.1417370579059396,1008.9888849154311
1.1114875978150622,0.0,0.034339184080710176,0.0,0.20154041411386456,0.0,3.3952723731487136,3.1416527782317862,1007.4486859891874
1.1114168857767552,0.0,0.0344688608312177,0.0,0.20174041411386456,0.0,3.3951023646759664,3.141568467622029,1005.9096355928323
1.1113461608107287,0.0,0.034597969031768684,0.0,0.20194041411386457,0.0,3.3949321786447175,3.141484126164275,1004.371735943474
1.1112754229493444,0.0,0.03472651481778334,0.0,0.20214041411386457,0.0,3.394761814943922,3.141399753946151,1002.8349892493507
1.111204672224983,0.0,0.03485450420699074,0.0,0.20234041411386458,0.0,3.3945912734623422,3.141315351055299,1001.2993977102929
1.111133908670045,0.0,0.03498194310254878,0.0,0.2025404141138646,0.0,3.394420554088543,3.141230917579382,999.7649635181984
1.1110631323169473,0.0,0.03510883729606678,0.0,0.2027404141138646,0.0,3.394249656710876,3.141146453606078,998.2316888563194
1.1109923431981306,0.0,0.0352351924705163,0.0,0.2029404141138646,0.0,3.3940785812175145,3.1410619592230864,996.6995758989549
1.1109215413460503,0.0,0.03536101420306158,0.0,0.2031404141138646,0.0,3.39390732749642,3.1409774345181245,995.1686268131805
1.1108507267931857,0.0,0.035486307967773446,0.0,0.2033404141138646,0.0,3.393735895435351,3.1408928795789266,993.6388437562964
1.1107798995720324,0.0,0.0356110791382805,0.0,0.20354041411386462,0.0,3.3935642849218826,3.1408082944932456,992.1102288782693
1.1107090597151064,0.0,0.0357353329903103,0.0,0.20374041411386462,0.0,3.3933924958433743,3.1407236793488553,990.5827843201089
1.110638207254943,0.0,0.03585907470416263,0.0,0.20394041411386463,0.0,3.393220528086998,3.140639034233544,989.0565122145568
1.1105673422240987,0.0,0.03598230936709155,0.0,0.20414041411386463,0.0,3.3930483815397223,3.140554359235122,987.5314146861504
1.110496464655146,0.0,0.03610504197563416,0.0,0.20434041411386464,0.0,3.3928760560883147,3.140469654441415,986.0074938509222
1.1104255745806837,0.0,0.03622727743781865,0.0,0.20454041411386464,0.0,3.3927035516193516,3.140384919940272,984.4847518162273
1.1103546720333235,0.0,0.03634902057537553,0.0,0.20474041411386465,0.0,3.3925308680192017,3.140300155819553,982.9631906814807
1.1102837570457016,0.0,0.03647027612579874,0.0,0.20494041411386466,0.0,3.392358005174037,3.1402153621671447,981.4428125376826
1.110212829650471,0.0,0.03659104874441169,0.0,0.20514041411386466,0.0,3.3921849629698384,3.140130539070946,979.9236194671473
1.110141889880307,0.0,0.03671134300631592,0.0,0.20534041411386467,0.0,3.3920117412923774,3.1400456866188793,978.405613544237
1.1100709377679046,0.0,0.03683116340831888,0.0,0.20554041411386467,0.0,3.3918383400272343,3.139960804898881,976.8887968346717
1.1099999733459776,0.0,0.036950514370785593,0.0,0.20574041411386468,0.0,3.391664759059785,3.1398758939989087,975.3731713960336
1.109928996647261,0.0,0.03706940023942978,0.0,0.20594041411386468,0.0,3.3914909982752137,3.1397909540069406,973.858739277601
1.1098580077045104,0.0,0.03718782528706688,0.0,0.2061404141138647,0.0,3.391317057558499,3.1397059850109685,972.3455025199826
1.1097870065505022,0.0,0.03730579371529515,0.0,0.2063404141138647,0.0,3.391142936794425,3.1396209870990077,970.8334631553694
1.1097159932180314,0.0,0.03742330965615277,0.0,0.2065404141138647,0.0,3.390968635867578,3.13953596035909,969.322623208191
1.1096449677399134,0.0,0.037540377173700845,0.0,0.2067404141138647,0.0,3.3907941546623417,3.139450904879263,967.812984694431
1.1095739301489864,0.0,0.03765700026556666,0.0,0.2069404141138647,0.0,3.3906194930629034,3.1393658207476007,966.3045496213724
1.109502880478108,0.0,0.037773182864454656,0.0,0.20714041411386472,0.0,3.3904446509532558,3.1392807080521887,964.7973199880788
1.1094318187601555,0.0,0.03788892883960512,0.0,0.20734041411386472,0.0,3.3902696282171885,3.1391955668811353,963.291297785674
1.1093607450280258,0.0,0.03800424199820997,0.0,0.20754041411386473,0.0,3.3900944247382934,3.139110397322564,961.7864849968013
1.109289659314642,0.0,0.038119126086771066,0.0,0.20774041411386474,0.0,3.3899190403999646,3.1390251994646214,960.2828835955177
1.1092185616529413,0.0,0.03823358479247447,0.0,0.20794041411386474,0.0,3.3897434750853987,3.1389399733954697,958.7804955479112
1.109147452075887,0.0,0.038347621744450805,0.0,0.20814041411386475,0.0,3.389567728677595,3.1388547192032927,957.279322811612
1.1090763306164597,0.0,0.03846124051507053,0.0,0.20834041411386475,0.0,3.38939180105935,3.138769436976289,955.7793673361057
1.1090051973076627,0.0,0.03857444462115249,0.0,0.20854041411386476,0.0,3.38921569211327,3.138684126802681,954.2806310626581
1.1089340521825197,0.0,0.03868723752516664,0.0,0.20874041411386476,0.0,3.389039401721755,3.1385987887707043,952.783115923974
1.108862895274076,0.0,0.03879962263638946,0.0,0.20894041411386477,0.0,3.388862929767011,3.1385134229686207,951.2868238448008
1.1087917266153986,0.0,0.03891160331204279,0.0,0.20914041411386478,0.0,3.388686276131048,3.138428029484703,949.7917567412735
1.108720546239574,0.0,0.039023182858385914,0.0,0.20934041411386478,0.0,3.3885094406956733,3.1383426084072483,948.2979165218107
1.1086493541797118,0.0,0.039134364531783095,0.0,0.2095404141138648,0.0,3.3883324233424994,3.138257159824572,946.8053050861333
1.1085781504689411,0.0,0.03924515153975768,0.0,0.2097404141138648,0.0,3.3881552239529396,3.1381716838250058,945.3139243258815
1.108506935140414,0.0,0.03935554704198905,0.0,0.2099404141138648,0.0,3.387977842408213,3.1380861804969022,943.8237761243154
1.1084357082273022,0.0,0.039465554151311553,0.0,0.2101404141138648,0.0,3.387800278589336,3.138000649928633,942.3348623566726
1.1083644697628028,0.0,0.03957517593465643,0.0,0.2103404141138648,0.0,3.387622532377127,3.137915092208589,940.8471848898503
1.1082932197801285,0.0,0.03968441541401921,0.0,0.21054041411386482,0.0,3.3874446036522126,3.137829507425177,939.3607455828156
1.1082219583125197,0.0,0.039793275567332885,0.0,0.21074041411386482,0.0,3.387266492295019,3.1377438956668295,937.8755462856109
1.1081506853932337,0.0,0.03990175932938743,0.0,0.21094041411386483,0.0,3.3870881981857726,3.137658257021989,936.3915888408477
1.108079401055553,0.0,0.04000986959266963,0.0,0.21114041411386483,0.0,3.386909721204504,3.1375725915791253,934.9088750823776
1.1080081053327797,0.0,0.040117609208222355,0.0,0.21134041411386484,0.0,3.386731061231047,3.1374868994267224,933.4274068363262
1.1079367982582404,0.0,0.04022498098645219,0.0,0.21154041411386484,0.0,3.3865522181450354,3.1374011806532867,931.9471859200095
1.1078654798652794,0.0,0.04033198769794902,0.0,0.21174041411386485,0.0,3.3863731918259097,3.1373154353473387,930.468214143275
1.1077941501872641,0.0,0.040438632074247007,0.0,0.21194041411386486,0.0,3.3861939821529132,3.1372296635974215,928.9904933076657
1.1077228092575884,0.0,0.040544916808583846,0.0,0.21214041411386486,0.0,3.3860145890050877,3.137143865492099,927.5140252058475
1.1076514571096645,0.0,0.040650844556657774,0.0,0.21234041411386487,0.0,3.3858350122612793,3.13705804111995,926.0388116227973
1.1075800937769265,0.0,0.04075641793734183,0.0,0.21254041411386487,0.0,3.3856552518001406,3.136972190569575,924.5648543358302
1.1075087192928306,0.0,0.040861639533394965,0.0,0.21274041411386488,0.0,3.3854753075001214,3.136886313929592,923.0921551132672
1.107437333690859,0.0,0.040966511892131574,0.0,0.21294041411386488,0.0,3.385295179239482,3.136800411288642,921.6207157156102
1.1073659370045112,0.0,0.04107103752612245,0.0,0.2131404141138649,0.0,3.385114866896278,3.13671448273538,920.1505378952834
1.107294529267312,0.0,0.04117521891382769,0.0,0.2133404141138649,0.0,3.3849343703483727,3.1366285283584827,918.6816233968088
1.1072231105128076,0.0,0.04127905850024403,0.0,0.2135404141138649,0.0,3.3847536894734325,3.136542548246645,917.2139739558803
1.1071516807745667,0.0,0.04138255869752691,0.0,0.2137404141138649,0.0,3.3845728241489277,3.136456542488582,915.7475913008553
1.107080240086184,0.0,0.04148572188559281,0.0,0.2139404141138649,0.0,3.3843917742521263,3.1363705111730296,914.2824771512338
1.1070087884812696,0.0,0.0415885504127404,0.0,0.21414041411386492,0.0,3.3842105396601085,3.1362844543887385,912.8186332191719
1.1069373259934632,0.0,0.04169104659619383,0.0,0.21434041411386492,0.0,3.384029120249753,3.1361983722244813,911.3560612080561
1.1068658526564246,0.0,0.04179321272269599,0.0,0.21454041411386493,0.0,3.3838475158977404,3.136112264769052,909.8947628134138
1.1067943685038344,0.0,0.04189505104905951,0.0,0.21474041411386494,0.0,3.3836657264805594,3.1360261321112564,908.4347397229146
1.1067228735693995,0.0,0.04199656380269368,0.0,0.21494041411386494,0.0,3.3834837518745013,3.135939974339929,906.9759936159282
1.1066513678868477,0.0,0.0420977531821498,0.0,0.21514041411386495,0.0,3.383301591955657,3.135853791543916,905.5185261634095
1.10657985148993,0.0,0.042198621357626816,0.0,0.21534041411386495,0.0,3.383119246599928,3.135767583812087,904.0623390291084
1.1065083244124219,0.0,0.04229917047147794,0.0,0.21554041411386496,0.0,3.3829367156830124,3.1356813512333304,902.6074338677577
1.1064367866881193,0.0,0.04239940263871016,0.0,0.21574041411386496,0.0,3.3827539990804216,3.135595093896551,901.1538123266389
1.1063652383508435,0.0,0.042499319947457495,0.0,0.21594041411386497,0.0,3.382571096667464,3.1355088118906753,899.7014760446142
1.1062936794344373,0.0,0.0425989244594575,0.0,0.21614041411386498,0.0,3.382388008319252,3.13542250530465,898.2504266530882
1.106222109972768,0.0,0.04269821821050937,0.0,0.21634041411386498,0.0,3.3822047339107058,3.135336174227437,896.8006657746384
1.1061505299997283,0.0,0.04279720321091868,0.0,0.216540414113865,0.0,3.3820212733165467,3.1352498187480227,895.3521950242637
1.1060789395492279,0.0,0.042895881445959225,0.0,0.216740414113865,0.0,3.3818376264113077,3.135163438955408,893.9050160090354
1.1060073386552074,0.0,0.0429942548762715,0.0,0.216940414113865,0.0,3.381653793069315,3.135077034938617,892.4591303274012
1.1059357273516246,0.0,0.04309232543831446,0.0,0.217140414113865,0.0,3.3814697731647065,3.134990606786689,891.0145395707074
1.105864105672465,0.0,0.04319009504475453,0.0,0.217340414113865,0.0,3.3812855665714263,3.1349041545886864,889.5712453215194
1.105792473651736,0.0,0.04328756558488161,0.0,0.21754041411386502,0.0,3.3811011731632186,3.134817678433689,888.1292491547617
1.1057208313234697,0.0,0.04338473892499615,0.0,0.21774041411386502,0.0,3.3809165928136333,3.134731178410796,886.6885526372918
1.1056491787217197,0.0,0.04348161690880399,0.0,0.21794041411386503,0.0,3.3807318253960297,3.1346446546091262,885.2491573280572
1.1055775158805667,0.0,0.043578201357782106,0.0,0.21814041411386503,0.0,3.3805468707835664,3.1345581071178166,883.811064777711
1.1055058428341122,0.0,0.04367449407155715,0.0,0.21834041411386504,0.0,3.3803617288492087,3.1344715360260262,882.3742765294498
1.1054341596164825,0.0,0.04377049682826564,0.0,0.21854041411386504,0.0,3.380176399465729,3.134384941422928,880.9387941180727
1.105362466261829,0.0,0.04386621138489928,0.0,0.21874041411386505,0.0,3.379990882505706,3.1342983233977217,879.5046190705032
1.1052907628043251,0.0,0.043961639477667534,0.0,0.21894041411386506,0.0,3.37980517784152,3.1342116820396186,878.071752905912
1.1052190492781713,0.0,0.04405678282231531,0.0,0.21914041411386506,0.0,3.3796192853453557,3.1341250174378565,876.6401971351927
1.105147325717588,0.0,0.04415164311448137,0.0,0.21934041411386507,0.0,3.379433204889211,3.134038329681687,875.2099532619548
1.1050755921568236,0.0,0.044246222029999706,0.0,0.21954041411386507,0.0,3.379246936344885,3.1339516188603818,873.7810227808455
1.1050038486301481,0.0,0.044340521225232105,0.0,0.21974041411386508,0.0,3.3790604795839765,3.133864885063235,872.3534071795123
1.104932095171858,0.0,0.04443454233737462,0.0,0.21994041411386508,0.0,3.3788738344779015,3.1337781283795567,870.9271079371749
1.1048603318162726,0.0,0.04452828698476414,0.0,0.2201404141138651,0.0,3.3786870008978758,3.133691348898679,869.5021265252767
1.1047885585977344,0.0,0.04462175676718319,0.0,0.2203404141138651,0.0,3.378499978714919,3.1336045467099503,868.0784644077111
1.1047167755506133,0.0,0.04471495326614185,0.0,0.2205404141138651,0.0,3.3783127677998626,3.1335177219027406,866.6561230399413
1.1046449827093037,0.0,0.044807878045170293,0.0,0.2207404141138651,0.0,3.37812536802334,3.1334308745664394,865.2351038694538
1.1045731801082208,0.0,0.044900532650111874,0.0,0.2209404141138651,0.0,3.3779377792557947,3.1333440047904526,863.8154083365712
1.104501367781807,0.0,0.04499291860938253,0.0,0.22114041411386512,0.0,3.3777500013674744,3.133257112664207,862.3970378731153
1.1044295457645308,0.0,0.04508503743424393,0.0,0.22134041411386512,0.0,3.377562034228431,3.1331701982771514,860.9799939032769
1.1043577140908827,0.0,0.04517689061907802,0.0,0.22154041411386513,0.0,3.3773738777085285,3.13308326171875,859.5642778435224
1.104285872795379,0.0,0.04526847964164205,0.0,0.22174041411386514,0.0,3.3771855316774313,3.132996303078487,858.1498911019524
1.1042140219125596,0.0,0.04535980596332268,0.0,0.22194041411386514,0.0,3.37699699600462,3.1329093224458666,856.7368350796127
1.1041421614769935,0.0,0.0454508710293771,0.0,0.22214041411386515,0.0,3.3768082705593745,3.1328223199104137,855.3251111688239
1.104070291523271,0.0,0.04554167626919489,0.0,0.22234041411386515,0.0,3.3766193552107824,3.1327352955616705,853.9147207547127
1.1039984120860058,0.0,0.04563222309653364,0.0,0.22254041411386516,0.0,3.3764302498277403,3.1326482494891965,852.5056652144549
1.1039265231998414,0.0,0.04572251290973957,0.0,0.22274041411386516,0.0,3.3762409542789533,3.132561181782576,851.0979459173873
1.1038546248994419,0.0,0.04581254709199993,0.0,0.22294041411386517,0.0,3.376051468432933,3.132474092531407,849.6915642250633
1.1037827172195005,0.0,0.04590232701155269,0.0,0.22314041411386518,0.0,3.3758617921579983,3.1323869818253107,848.2865214907979
1.1037108001947324,0.0,0.04599185402191946,0.0,0.22334041411386518,0.0,3.375671925322274,3.1322998497539247,846.8828190608654
1.1036388738598812,0.0,0.046081129462113436,0.0,0.2235404141138652,0.0,3.3754818677936957,3.132212696406909,845.4804582732183
1.1035669382497129,0.0,0.0461701546568691,0.0,0.2237404141138652,0.0,3.375291619440008,3.1321255218739386,844.0794404582794
1.1034949933990197,0.0,0.04625893091683667,0.0,0.2239404141138652,0.0,3.3751011801287594,3.1320383262447105,842.6797669385747
1.10342303934262,0.0,0.046347459538792365,0.0,0.2241404141138652,0.0,3.3749105497273084,3.1319511096089427,841.2814390289043
1.1033510761153567,0.0,0.046435741805848835,0.0,0.2243404141138652,0.0,3.374719728102824,3.1318638720563663,839.8844580364741
1.1032791037521001,0.0,0.04652377898763613,0.0,0.22454041411386522,0.0,3.374528715122281,3.131776613676738,838.488825260565
1.1032071222877438,0.0,0.046611572340516834,0.0,0.22474041411386522,0.0,3.3743375106524622,3.131689334559831,837.0945419926252
1.103135131757209,0.0,0.04669912310776177,0.0,0.22494041411386523,0.0,3.3741461145599634,3.1316020347954363,835.7016095164407
1.1030631321954418,0.0,0.046786432519743446,0.0,0.22514041411386523,0.0,3.3739545267111857,3.131514714473367,834.3100291081676
1.102991123637412,0.0,0.04687350179412528,0.0,0.22534041411386524,0.0,3.3737627469723384,3.1314273736834526,832.9198020365177
1.102919106118119,0.0,0.0469603321360285,0.0,0.22554041411386525,0.0,3.373570775209443,3.1313400125155435,831.5309295617337
1.1028470796725858,0.0,0.047046924738222244,0.0,0.22574041411386525,0.0,3.3733786112883295,3.13125263105951,830.1434129372897
1.1027750443358622,0.0,0.04713328078129274,0.0,0.22594041411386526,0.0,3.3731862550746325,3.1311652294052386,828.7572534081171
1.1027030001430222,0.0,0.047219401433818774,0.0,0.22614041411386526,0.0,3.372993706433804,3.131077807642637,827.3724522122084
1.1026309471291684,0.0,0.047305287852531554,0.0,0.22634041411386527,0.0,3.3728009652311024,3.1309903658616323,825.9890105792388
1.1025588853294281,0.0,0.04739094118248615,0.0,0.22654041411386527,0.0,3.3726080313315916,3.1309029041521694,824.6069297316083
1.1024868147789546,0.0,0.04747636255722249,0.0,0.22674041411386528,0.0,3.3724149046001526,3.1308154226042135,823.226210883939
1.102414735512928,0.0,0.04756155309892456,0.0,0.22694041411386529,0.0,3.372221584901471,3.130727921307748,821.8468552432303
1.1023426475665536,0.0,0.04764651391857692,0.0,0.2271404141138653,0.0,3.3720280721000453,3.1306404003527746,820.4688640087288
1.1022705509750657,0.0,0.04773124611611228,0.0,0.2273404141138653,0.0,3.371834366060184,3.130552859829318,819.0922383722045
1.1021984457737213,0.0,0.04781575078057781,0.0,0.2275404141138653,0.0,3.3716404666460047,3.130465299827417,817.7169795177426
1.1021263319978045,0.0,0.04790002899027016,0.0,0.2277404141138653,0.0,3.37144637372144,3.130377720437131,816.3430886220875
1.1020542096826287,0.0,0.04798408181288166,0.0,0.22794041411386531,0.0,3.371252087150225,3.1302901217485393,814.9705668535962
1.1019820788635324,0.0,0.04806791030564618,0.0,0.22814041411386532,0.0,3.371057606795916,3.130202503851742,813.5994153738125
1.101909939575878,0.0,0.04815151551549058,0.0,0.22834041411386533,0.0,3.3708629325218715,3.1301148668368524,812.2296353363238
1.101837791855059,0.0,0.04823489847915077,0.0,0.22854041411386533,0.0,3.370668064191268,3.13002721079401,810.8612278872249
1.1017656357364927,0.0,0.048318060223326846,0.0,0.22874041411386534,0.0,3.3704730016670887,3.129939535813369,809.4941941650519
1.1016934712556226,0.0,0.04840100176481365,0.0,0.22894041411386534,0.0,3.3702777448121295,3.1298518419851007,808.1285353006951
1.1016212984479206,0.0,0.048483724110620796,0.0,0.22914041411386535,0.0,3.3700822934890007,3.1297641293994003,806.7642524176588
1.1015491173488865,0.0,0.04856622825811214,0.0,0.22934041411386535,0.0,3.369886647560122,3.1296763981464797,805.401346631429
1.1014769279940428,0.0,0.048648515195135446,0.0,0.22954041411386536,0.0,3.369690806887724,3.129588648316568,804.0398190507505
1.101404730418943,0.0,0.04873058590013715,0.0,0.22974041411386537,0.0,3.369494771333854,3.1295008799999153,802.6796707760845
1.1013325246591663,0.0,0.048812441342290416,0.0,0.22994041411386537,0.0,3.3692985407603673,3.1294130932867903,801.320902900652
1.101260310750319,0.0,0.04889408248161716,0.0,0.23014041411386538,0.0,3.3691021150289333,3.129325288267481,799.9635165102652
1.1011880887280328,0.0,0.048975510269108034,0.0,0.23034041411386538,0.0,3.3689054940010332,3.129237465032292,798.6075126829378
1.101115858627969,0.0,0.0490567256468315,0.0,0.2305404141138654,0.0,3.3687086775379647,3.1291496236715495,797.2528924895603
1.1010436204858154,0.0,0.04913772954805605,0.0,0.2307404141138654,0.0,3.3685116655008325,3.1290617642755967,795.8996569933327
1.1009713743372855,0.0,0.04921852289736344,0.0,0.2309404141138654,0.0,3.3683144577505595,3.128973886934797,794.5478072498606
1.1008991202181222,0.0,0.049299106610753596,0.0,0.2311404141138654,0.0,3.3681170541478793,3.1288859917395304,793.197344307473
1.1008268581640952,0.0,0.04937948159575862,0.0,0.2313404141138654,0.0,3.367919454553344,3.128798078780198,791.8482692067075
1.100754588211,0.0,0.04945964875155149,0.0,0.23154041411386542,0.0,3.367721658827309,3.1287101481472193,790.5005829814222
1.1006823103946615,0.0,0.04953960896904787,0.0,0.23174041411386542,0.0,3.3675236668299564,3.1286221999310304,789.1542866569371
1.100610024750931,0.0,0.04961936313101107,0.0,0.23194041411386543,0.0,3.367325478421272,3.1285342342220885,787.8093812521585
1.1005377313156888,0.0,0.04969891211215711,0.0,0.23214041411386543,0.0,3.3671270934610593,3.1284462511108693,786.465867777692
1.1004654301248407,0.0,0.04977825677925434,0.0,0.23234041411386544,0.0,3.366928511808942,3.128358250687865,785.1237472372792
1.1003931212143212,0.0,0.04985739799122134,0.0,0.23254041411386545,0.0,3.3667297333243487,3.128270233043588,783.7830206271263
1.100320804620092,0.0,0.04993633659922627,0.0,0.23274041411386545,0.0,3.3665307578665287,3.1281821982685707,782.4436889360782
1.100248480378144,0.0,0.05001507344677904,0.0,0.23294041411386546,0.0,3.366331585294546,3.128094146453362,781.1057531453622
1.1001761485244947,0.0,0.050093609369831135,0.0,0.23314041411386546,0.0,3.3661322154672777,3.1280060776885295,779.7692142289136
1.100103809095189,0.0,0.050171945196866345,0.0,0.23334041411386547,0.0,3.3659326482434175,3.127917992064661,778.4340731536436
1.1000314621263003,0.0,0.05025008174899363,0.0,0.23354041411386547,0.0,3.365732883481477,3.12782988967236,777.1003308784555
1.0999591076539312,0.0,0.05032801984002992,0.0,0.23374041411386548,0.0,3.3655329210397773,3.1277417706022526,775.7679883552623
1.0998867457142099,0.0,0.05040576027660285,0.0,0.23394041411386549,0.0,3.3653327607764596,3.1276536349449797,774.4370465288525
1.0998143763432944,0.0,0.05048330385822457,0.0,0.2341404141138655,0.0,3.3651324025494858,3.127565482791202,773.1075063362077
1.0997419995773703,0.0,0.05056065137738447,0.0,0.2343404141138655,0.0,3.364931846216624,3.1274773142315997,771.7793687072108
1.0996696154526504,0.0,0.05063780361963634,0.0,0.2345404141138655,0.0,3.3647310916354654,3.1273891293568696,770.4526345643728
1.0995972240053782,0.0,0.05071476136367163,0.0,0.2347404141138655,0.0,3.3645301386634188,3.127300928257729,769.1273048229905
1.0995248252718226,0.0,0.050791525381414036,0.0,0.23494041411386551,0.0,3.3643289871577053,3.1272127110249115,767.8033803909445
1.0994524192882822,0.0,0.05086809643809333,0.0,0.23514041411386552,0.0,3.364127636975366,3.1271244777491694,766.4808621687699
1.0993800060910837,0.0,0.05094447529232283,0.0,0.23534041411386553,0.0,3.3639260879732613,3.1270362285212747,765.1597510499845
1.0993075857165837,0.0,0.05102066269618263,0.0,0.23554041411386553,0.0,3.363724340008063,3.126947963432017,763.8400479202246
1.0992351582011632,0.0,0.051096659395299796,0.0,0.23574041411386554,0.0,3.3635223929362668,3.1268596825722037,762.5217536588773
1.0991627235812365,0.0,0.05117246612891349,0.0,0.23594041411386554,0.0,3.3633202466141863,3.126771386032661,761.204869136958
1.0990902818932429,0.0,0.051248083629960535,0.0,0.23614041411386555,0.0,3.363117900897946,3.126683073904233,759.8893952188907
1.099017833173652,0.0,0.05132351262514336,0.0,0.23634041411386555,0.0,3.3629153556434983,3.126594746277783,758.5753327618826
1.0989453774589617,0.0,0.051398753835005015,0.0,0.23654041411386556,0.0,3.3627126107066068,3.1265064032441905,757.2626826155929
1.0988729147857002,0.0,0.05147380797399749,0.0,0.23674041411386557,0.0,3.362509665942858,3.1264180448943564,755.9514456224331
1.0988004451904199,0.0,0.05154867575056351,0.0,0.23694041411386557,0.0,3.362306521207658,3.126329671319195,754.6416226180324
1.098727968709707,0.0,0.05162335786718794,0.0,0.23714041411386558,0.0,3.36210317635623,3.126241282609643,753.3332144303608
1.0986554853801738,0.0,0.05169785502048007,0.0,0.23734041411386558,0.0,3.3618996312436114,3.126152878856655,752.0262218804996
1.098582995238461,0.0,0.05177216790124125,0.0,0.2375404141138656,0.0,3.3616958857246746,3.1260644601511984,750.7206457821956
1.0985104983212417,0.0,0.05184629719451732,0.0,0.2377404141138656,0.0,3.3614919396540968,3.125976026584266,749.4164869417948
1.0984379946652132,0.0,0.051920243579684666,0.0,0.2379404141138656,0.0,3.3612877928863805,3.1258875782468634,748.1137461593303
1.0983654843071058,0.0,0.05199400773049713,0.0,0.2381404141138656,0.0,3.361083445275853,3.1257991152300164,746.8124242265169
1.098292967283676,0.0,0.05206759031516091,0.0,0.2383404141138656,0.0,3.3608788966766543,3.125710637624768,745.5125219287886
1.0982204436317131,0.0,0.05214099199638913,0.0,0.23854041411386562,0.0,3.360674146942752,3.125622145522179,744.2140400438162
1.0981479133880303,0.0,0.05221421343147306,0.0,0.23874041411386562,0.0,3.3604691959279296,3.1255336390133284,742.916979342931
1.098075376589474,0.0,0.0522872552723348,0.0,0.23894041411386563,0.0,3.360264043485798,3.125445118189314,741.6213405896088
1.098002833272919,0.0,0.05236011816558969,0.0,0.23914041411386563,0.0,3.360058689469783,3.1253565831412486,740.327124540402
1.0979302834752693,0.0,0.052432802752607616,0.0,0.23934041411386564,0.0,3.3598531337331377,3.125268033960266,739.0343319449187
1.097857727233458,0.0,0.052505309669569684,0.0,0.23954041411386565,0.0,3.359647376128935,3.125179470737516,737.7429635457393
1.0977851645844476,0.0,0.052577639547525784,0.0,0.23974041411386565,0.0,3.3594414165100654,3.125090893564167,736.4530200781746
1.0977125955652303,0.0,0.05264979301245336,0.0,0.23994041411386566,0.0,3.3592352547292514,3.1250023025314024,735.1645022703412
1.0976400202128263,0.0,0.05272177068531181,0.0,0.24014041411386566,0.0,3.359028890639031,3.124913697730428,733.8774108437926
1.097567438564289,0.0,0.0527935731820931,0.0,0.24034041411386567,0.0,3.3588223240917676,3.124825079252463,732.5917465123782
1.0974948506566968,0.0,0.05286520111388771,0.0,0.24054041411386567,0.0,3.3586155549396506,3.1247364471887464,731.3075099835278
1.0974222565271616,0.0,0.05293665508692581,0.0,0.24074041411386568,0.0,3.3584085830346857,3.124647801630534,730.0247019571214
1.0973496562128238,0.0,0.053007935702636094,0.0,0.2409404141138657,0.0,3.358201408228711,3.1245591426690993,728.7433231263209
1.097277049750851,0.0,0.0530790435577022,0.0,0.2411404141138657,0.0,3.3579940303733817,3.124470470395734,727.4633741773382
1.0972044371784444,0.0,0.05314997924410408,0.0,0.2413404141138657,0.0,3.357786449320183,3.1243817849017455,726.1848557891637
1.0971318185328336,0.0,0.053220743349175405,0.0,0.2415404141138657,0.0,3.3575786649204193,3.1242930862784606,724.9077686337314
1.0970591938512753,0.0,0.05329133645565775,0.0,0.2417404141138657,0.0,3.3573706770252234,3.1242043746172214,723.6321133764022
1.0969865631710605,0.0,0.05336175914173655,0.0,0.24194041411386571,0.0,3.3571624854855497,3.1241156500093887,722.3578906750906
1.0969139265295083,0.0,0.053432011981101354,0.0,0.24214041411386572,0.0,3.356954090152186,3.124026912546341,721.0851011809852
1.0968412839639667,0.0,0.05350209554299147,0.0,0.24234041411386573,0.0,3.356745490875734,3.1239381623194737,719.8137455383455
1.096768635511816,0.0,0.053572010392239335,0.0,0.24254041411386573,0.0,3.3565366875066305,3.1238493994201977,718.5438243845172
1.0966959812104644,0.0,0.053641757089323415,0.0,0.24274041411386574,0.0,3.3563276798951343,3.123760623939945,717.2753383496738
1.0966233210973515,0.0,0.053711336190408965,0.0,0.24294041411386574,0.0,3.356118467891332,3.12367183597016,716.0082880572967
1.096550655209947,0.0,0.05378074824739525,0.0,0.24314041411386575,0.0,3.3559090513451393,3.1235830356023087,714.7426741238733
1.096477983585749,0.0,0.05384999380796555,0.0,0.24334041411386576,0.0,3.355699430106291,3.123494222927869,713.4784971590743
1.0964053062622894,0.0,0.05391907341561835,0.0,0.24354041411386576,0.0,3.3554896040243594,3.123405398038342,712.2157577655017
1.096332623277128,0.0,0.053987987609724154,0.0,0.24374041411386577,0.0,3.3552795729487337,3.1233165610252414,710.9544565389036
1.096259934667854,0.0,0.054056736925565764,0.0,0.24394041411386577,0.0,3.35506933672864,3.1232277119800997,709.6945940685374
1.0961872404720907,0.0,0.054125321894373836,0.0,0.24414041411386578,0.0,3.35485889521313,3.1231388509944664,708.4361709361309
1.0961145407274873,0.0,0.05419374304337976,0.0,0.24434041411386578,0.0,3.354648248251081,3.1230499781599046,707.1791877170269
1.0960418354717272,0.0,0.05426200089584515,0.0,0.2445404141138658,0.0,3.3544373956912,3.122961093568,705.9236449797497
1.095969124742521,0.0,0.05433009597111606,0.0,0.2447404141138658,0.0,3.354226337382027,3.12287219731035,704.6695432856905
1.0958964085776135,0.0,0.054398028784646876,0.0,0.2449404141138658,0.0,3.3540150731719236,3.1227832894785728,703.4168831896367
1.0958236870147775,0.0,0.05446579984805747,0.0,0.2451404141138658,0.0,3.35380360290909,3.1226943701643,702.1656652394894
1.0957509600918178,0.0,0.054533409669159885,0.0,0.2453404141138658,0.0,3.353591926441549,3.122605439459182,700.9158899763947
1.095678227846569,0.0,0.05460085875200381,0.0,0.24554041411386582,0.0,3.3533800436171575,3.122516497454884,699.6675579346061
1.095605490316897,0.0,0.054668147596912575,0.0,0.24574041411386582,0.0,3.3531679542836,3.12242754424309,698.420669641775
1.0955327475406982,0.0,0.05473527670051971,0.0,0.24594041411386583,0.0,3.352955658288394,3.1223385799154992,697.175225618659
1.095459999555899,0.0,0.05480224655581102,0.0,0.24614041411386584,0.0,3.3527431554788887,3.122249604563828,695.9312263791794
1.095387246400459,0.0,0.05486905765215298,0.0,0.24634041411386584,0.0,3.3525304457022616,3.1221606182798083,694.68867243063
1.095314488112366,0.0,0.05493571047534023,0.0,0.24654041411386585,0.0,3.352317528805525,3.122071621155188,693.447564273547
1.0952417247296413,0.0,0.055002205507618813,0.0,0.24674041411386585,0.0,3.3521044046355217,3.1219826132817357,692.2079024018361
1.0951689562903355,0.0,0.0550685432277349,0.0,0.24694041411386586,0.0,3.3518910730389293,3.1218935947512287,690.9696873022842
1.0950961828325305,0.0,0.055134724110958905,0.0,0.24714041411386586,0.0,3.351677533862252,3.121804565655468,689.7329194555798
1.095023404394339,0.0,0.05520074862912758,0.0,0.24734041411386587,0.0,3.351463786951833,3.1217155260862666,688.4975993351497
1.0949506210139068,0.0,0.055266617250670266,0.0,0.24754041411386588,0.0,3.3512498321538455,3.121626476135455,687.2637274080494
1.0948778327294069,0.0,0.05533233044065414,0.0,0.24774041411386588,0.0,3.3510356693142977,3.1215374158948794,686.031304134681
1.0948050395790485,0.0,0.055397888660802856,0.0,0.2479404141138659,0.0,3.350821298279032,3.121448345456403,684.8003299685237
1.0947322416010683,0.0,0.05546329236954354,0.0,0.2481404141138659,0.0,3.350606718893725,3.121359264911904,683.5708053565791
1.094659438833736,0.0,0.05552854202202868,0.0,0.2483404141138659,0.0,3.3503919310038857,3.1212701743532785,682.3427307391864
1.0945866313153505,0.0,0.055593638070178024,0.0,0.2485404141138659,0.0,3.3501769344548595,3.121181073872435,681.1161065500834
1.0945138190842456,0.0,0.055658580962696026,0.0,0.2487404141138659,0.0,3.3499617290918295,3.1210919635613013,679.8909332163271
1.0944410021787834,0.0,0.05572337114512091,0.0,0.24894041411386592,0.0,3.3497463147598094,3.121002843511819,678.6672111583396
1.0943681806373597,0.0,0.055788009059837565,0.0,0.24914041411386592,0.0,3.3495306913036513,3.120913713815948,677.4449407899267
1.0942953544983995,0.0,0.055852495146125315,0.0,0.24934041411386593,0.0,3.3493148585680474,3.1208245745656606,676.2241225184802
1.0942225238003604,0.0,0.055916829840174834,0.0,0.24954041411386593,0.0,3.3490988163975177,3.120735425852947,675.0047567445615
1.0941496885817334,0.0,0.055981013575120565,0.0,0.24974041411386594,0.0,3.3488825646364297,3.1206462677698137,673.7868438622539
1.0940768488810384,0.0,0.056045046781077364,0.0,0.24994041411386594,0.0,3.348666103128976,3.120557100408281,672.5703842590972
1.094004004736828,0.0,0.05610892988516069,0.0,0.25014041411386595,0.0,3.3484494317192004,3.120467923860387,671.3553783162022
1.0939311561876863,0.0,0.05617266331152193,0.0,0.25034041411386593,0.0,3.348232550250975,3.120378738218181,670.1418264078798
1.093858303272229,0.0,0.05623624748137211,0.0,0.2505404141138659,0.0,3.348015458568012,3.1202895435737315,668.92972890205
1.0937854460291052,0.0,0.0562996828130096,0.0,0.2507404141138659,0.0,3.3477981565138664,3.120200340019124,667.7190861601955
1.0937125844969924,0.0,0.056362969721855505,0.0,0.25094041411386586,0.0,3.347580643931927,3.1201111276464535,666.5098985371382
1.0936397187146032,0.0,0.056426108620469054,0.0,0.25114041411386584,0.0,3.3473629206654234,3.120021906547835,665.3021663812851
1.0935668487206809,0.0,0.05648909991858315,0.0,0.2513404141138658,0.0,3.3471449865574265,3.1199326768153988,664.0958900346441
1.0934939745540013,0.0,0.0565519440231287,0.0,0.2515404141138658,0.0,3.346926841450848,3.119843438541289,662.8910698324736
1.0934210962533704,0.0,0.056614641338263556,0.0,0.2517404141138658,0.0,3.3467084851884374,3.1197541918176634,661.6877061037857
1.0933482138576276,0.0,0.056677192265392654,0.0,0.25194041411386575,0.0,3.3464899176127876,3.119664936736697,660.485799171151
1.0932753274056428,0.0,0.05673959720320023,0.0,0.25214041411386573,0.0,3.3462711385663315,3.119575673390579,659.2853493507689
1.0932024369363231,0.0,0.05680185654766498,0.0,0.2523404141138657,0.0,3.3460521478913434,3.119486401871515,658.086356951894
1.0931295424885994,0.0,0.0568639706921047,0.0,0.2525404141138657,0.0,3.3458329454299394,3.1193971222717227,656.8888222780074
1.0930566441014424,0.0,0.0569259400271762,0.0,0.25274041411386566,0.0,3.3456135310240795,3.1193078346834384,655.6927456258634
1.09298374181385,0.0,0.0569877649409214,0.0,0.25294041411386564,0.0,3.345393904515565,3.11921853919891,654.498127285901
1.092910835664855,0.0,0.05704944581877845,0.0,0.2531404141138656,0.0,3.345174065746041,3.119129235910402,653.3049675420529
1.0928379256935215,0.0,0.05711098304361092,0.0,0.2533404141138656,0.0,3.344954014556997,3.1190399249101923,652.1132666719631
1.092765011938944,0.0,0.05717237699573338,0.0,0.2535404141138656,0.0,3.344733750789764,3.1189506062905745,650.9230249470331
1.0926920944402547,0.0,0.05723362805292505,0.0,0.25374041411386555,0.0,3.3445132742855166,3.1188612801438564,649.7342426320129
1.0926191732366126,0.0,0.05729473659046726,0.0,0.25394041411386553,0.0,3.3442925848852796,3.1187719465623616,648.5469199855842
1.0925462483672121,0.0,0.05735570298115471,0.0,0.2541404141138655,0.0,3.344071682429919,3.1186826056384245,647.36105725988
1.092473319871278,0.0,0.05741652759532696,0.0,0.2543404141138655,0.0,3.343850566760146,3.118593257464398,646.1766547008767
1.0924003877880701,0.0,0.05747721080088007,0.0,0.25454041411386547,0.0,3.343629237716521,3.1185039021326473,644.9937125481559
1.0923274521568787,0.0,0.057537752963299806,0.0,0.25474041411386544,0.0,3.3434076951394425,3.118414539735553,643.8122310350543
1.092254513017028,0.0,0.05759815444567656,0.0,0.2549404141138654,0.0,3.343185938869165,3.1183251703655084,642.6322103884668
1.0921815704078734,0.0,0.05765841560873049,0.0,0.2551404141138654,0.0,3.342963968745788,3.118235794114923,641.453650829264
1.0921086243688045,0.0,0.05771853681082974,0.0,0.2553404141138654,0.0,3.3427417846092555,3.118146411076218,640.2765525717641
1.0920356749392428,0.0,0.05777851840801396,0.0,0.25554041411386536,0.0,3.342519386299362,3.118057021341831,639.1009158242246
1.0919627221586399,0.0,0.05783836075401862,0.0,0.25574041411386533,0.0,3.342296773655746,3.1179676250042108,637.9267407887648
1.0918897660664848,0.0,0.05789806420028512,0.0,0.2559404141138653,0.0,3.342073946517901,3.1178782221558237,636.7540276608781
1.0918168067022973,0.0,0.057957629095991024,0.0,0.2561404141138653,0.0,3.3418509047251654,3.1177888128891467,635.5827766301621
1.0917438441056297,0.0,0.0580170557880656,0.0,0.25634041411386527,0.0,3.341627648116729,3.117699397296674,634.4129878798835
1.0916708783160651,0.0,0.058076344621215956,0.0,0.25654041411386524,0.0,3.3414041765316322,3.1176099754709092,633.2446615872553
1.0915979093732247,0.0,0.05813549593793434,0.0,0.2567404141138652,0.0,3.3411804898087634,3.117520547504374,632.0777979229986
1.0915249373167584,0.0,0.05819451007853096,0.0,0.2569404141138652,0.0,3.3409565877868643,3.1174311134895993,630.9123970518533
1.0914519621863483,0.0,0.05825338738114823,0.0,0.2571404141138652,0.0,3.3407324703045265,3.1173416735191335,629.7484591325087
1.091378984021713,0.0,0.058312128181775204,0.0,0.25734041411386516,0.0,3.3405081372001937,3.117252227685537,628.585984317324
1.0913060028626018,0.0,0.05837073281427393,0.0,0.25754041411386513,0.0,3.340283588312162,3.117162776081382,627.424972752458
1.091233018748797,0.0,0.0584292016103943,0.0,0.2577404141138651,0.0,3.3400588234785817,3.1170733187992563,626.2654245780823
1.0911600317201167,0.0,0.05848753489979055,0.0,0.2579404141138651,0.0,3.3398338425374505,3.116983855931761,625.10733992826
1.0910870418164074,0.0,0.058545733010046765,0.0,0.25814041411386507,0.0,3.3396086453266274,3.116894387571508,623.9507189308001
1.0910140490775526,0.0,0.05860379626668613,0.0,0.25834041411386505,0.0,3.3393832316838234,3.116804913811126,622.7955617074203
1.0909410535434672,0.0,0.05866172499319558,0.0,0.258540414113865,0.0,3.339157601446596,3.116715434743253,621.6418683739876
1.0908680552541004,0.0,0.0587195195110387,0.0,0.258740414113865,0.0,3.3389317544523673,3.116625950460543,620.4896390400265
1.0907950542494325,0.0,0.058777180139678475,0.0,0.258940414113865,0.0,3.3387056905384114,3.116536461055662,619.3388738091413
1.0907220505694797,0.0,0.05883470719658864,0.0,0.25914041411386496,0.0,3.3384794095418586,3.1164469666212873,618.1895727787826
1.0906490442542893,0.0,0.05889210099727565,0.0,0.25934041411386494,0.0,3.338252911299692,3.1163574672501118,617.0417360405254
1.0905760353439449,0.0,0.05894936185529094,0.0,0.2595404141138649,0.0,3.3380261956487556,3.1162679630348387,615.8953636796198
1.0905030238785596,0.0,0.05900649008225438,0.0,0.2597404141138649,0.0,3.337799262425752,3.1161784540681854,614.7504557755622
1.0904300098982818,0.0,0.059063485987864546,0.0,0.25994041411386487,0.0,3.337572111467235,3.1160889404428826,613.6070124018696
1.0903569934432924,0.0,0.05912034987991995,0.0,0.26014041411386485,0.0,3.337344742609623,3.11599942225167,612.4650336259276
1.0902839745538104,0.0,0.05917708206432508,0.0,0.2603404141138648,0.0,3.3371171556891883,3.1159098995873045,611.3245195088756
1.0902109532700803,0.0,0.059233682845125646,0.0,0.2605404141138648,0.0,3.336889350542063,3.115820372542551,610.1854701064823
1.0901379296323845,0.0,0.05929015252450723,0.0,0.2607404141138648,0.0,3.336661327004243,3.1157308412101896,609.0478854681999
1.0900649036810428,0.0,0.059346491402811334,0.0,0.26094041411386476,0.0,3.3364330849115813,3.1156413056830123,607.9117656372389
1.0899918754564004,0.0,0.059402699778566326,0.0,0.26114041411386474,0.0,3.3362046240997874,3.1155517660538234,606.7771106516716
1.0899188449988417,0.0,0.05945877794848858,0.0,0.2613404141138647,0.0,3.335975944404439,3.1154622224154367,605.6439205427614
1.0898458123487826,0.0,0.0595147262075011,0.0,0.2615404141138647,0.0,3.335747045660972,3.1153726748606823,604.5121953365262
1.0897727775466732,0.0,0.05957054484875048,0.0,0.2617404141138647,0.0,3.3355179277046827,3.115283123482398,603.3819350527622
1.0896997406329973,0.0,0.059626234163621554,0.0,0.26194041411386465,0.0,3.3352885903707326,3.1151935683734373,602.2531397052502
1.0896267016482735,0.0,0.059681794441749106,0.0,0.26214041411386463,0.0,3.335059033494145,3.1151040096266622,601.1258093023196
1.0895536606330523,0.0,0.059737225971037304,0.0,0.2623404141138646,0.0,3.3348292569098064,3.115014447334949,599.9999438459251
1.089480617627919,0.0,0.05979252903767015,0.0,0.2625404141138646,0.0,3.334599260452468,3.114924881591185,598.8755433325985
1.0894075726734915,0.0,0.05984770392612949,0.0,0.26274041411386456,0.0,3.334369043956746,3.114835312488268,597.7526077527002
1.0893345258104234,0.0,0.05990275091920475,0.0,0.26294041411386454,0.0,3.3341386072571195,3.1147457401191074,596.6311370909783
1.0892614770794011,0.0,0.059957670298008955,0.0,0.2631404141138645,0.0,3.333907950187935,3.1146561645766258,595.5111313262935
1.0891884265211444,0.0,0.060012462341995365,0.0,0.2633404141138645,0.0,3.3336770725834044,3.114566585953756,594.3925904315884
1.0891153741764088,0.0,0.06006712732896579,0.0,0.2635404141138645,0.0,3.3334459742776064,3.1144770043434415,593.2755143741219
1.0890423200859811,0.0,0.06012166553508977,0.0,0.26374041411386445,0.0,3.3332146551044883,3.114387419838638,592.1599031152539
1.0889692642906845,0.0,0.06017607723491201,0.0,0.26394041411386443,0.0,3.332983114897861,3.1142978325323125,591.0457566108682
1.0888962068313746,0.0,0.060230362701372823,0.0,0.2641404141138644,0.0,3.3327513534914064,3.1142082425174413,589.9330748106759
1.088823147748941,0.0,0.06028452220581533,0.0,0.2643404141138644,0.0,3.3325193707186744,3.114118649887014,588.8218576589029
1.0887500870843094,0.0,0.06033855601799907,0.0,0.26454041411386436,0.0,3.332287166413086,3.1140290547340292,587.7121050938927
1.088677024878437,0.0,0.060392464406118326,0.0,0.26474041411386434,0.0,3.3320547404079277,3.1139394571514973,586.6038170483844
1.0886039611723175,0.0,0.06044624763680701,0.0,0.2649404141138643,0.0,3.3318220925363615,3.113849857232439,585.496993449208
1.0885308960069764,0.0,0.060499905975158454,0.0,0.2651404141138643,0.0,3.331589222631415,3.113760255069886,584.3916342177035
1.0884578294234732,0.0,0.06055343968473603,0.0,0.2653404141138643,0.0,3.3313561305259918,3.1136706507568808,583.2877392694865
1.0883847614629047,0.0,0.06060684902757805,0.0,0.26554041411386425,0.0,3.3311228160528636,3.1135810443864753,582.18530851432
1.0883116921664004,0.0,0.06066013426422111,0.0,0.26574041411386423,0.0,3.3308892790446776,3.1134914360517336,581.0843418564366
1.0882386215751205,0.0,0.06071329565371011,0.0,0.2659404141138642,0.0,3.33065551933395,3.1134018258457274,579.9848391944439
1.0881655497302654,0.0,0.06076633345360128,0.0,0.2661404141138642,0.0,3.330421536753077,3.113312213861542,578.8868004210728
1.0880924766730664,0.0,0.06081924791998328,0.0,0.26634041411386417,0.0,3.330187331134322,3.113222600192269,577.7902254236873
1.0880194024447873,0.0,0.06087203930748943,0.0,0.26654041411386414,0.0,3.329952902309829,3.1131329849310143,576.6951140840793
1.0879463270867322,0.0,0.060924707869299335,0.0,0.2667404141138641,0.0,3.3297182501116147,3.113043368170891,575.6014662779305
1.0878732506402327,0.0,0.06097725385716441,0.0,0.2669404141138641,0.0,3.329483374371566,3.112953750005022,574.5092818759283
1.0878001731466593,0.0,0.06102967752140747,0.0,0.2671404141138641,0.0,3.3292482749214565,3.1128641305265408,573.4185607427537
1.0877270946474147,0.0,0.061081979110940876,0.0,0.26734041411386406,0.0,3.3290129515929316,3.1127745098285913,572.3293027378277
1.0876540151839384,0.0,0.061134158873272955,0.0,0.26754041411386403,0.0,3.328777404217513,3.1126848880043267,571.2415077147098
1.0875809347977003,0.0,0.061186217054527856,0.0,0.267740414113864,0.0,3.3285416326266035,3.112595265146908,570.155175521643
1.0875078535302098,0.0,0.06123815389944257,0.0,0.267940414113864,0.0,3.3283056366514825,3.112505641349509,569.0703060011003
1.0874347714230066,0.0,0.061289969651392016,0.0,0.26814041411386397,0.0,3.328069416123309,3.11241601670531,567.9868989902732
1.0873616885176665,0.0,0.06134166455239198,0.0,0.26834041411386395,0.0,3.327832970873122,3.1123263913075006,566.9049543207159
1.0872886048558,0.0,0.0613932388431105,0.0,0.2685404141138639,0.0,3.3275963007318414,3.1122367652492815,565.8244718184187
1.0872155204790528,0.0,0.06144469276287919,0.0,0.2687404141138639,0.0,3.327359405530269,3.1121471386238615,564.7454513038949
1.0871424354291024,0.0,0.061496026549706415,0.0,0.2689404141138639,0.0,3.3271222850990867,3.112057511524459,563.6678925923925
1.0870693497476644,0.0,0.06154724044028274,0.0,0.26914041411386386,0.0,3.3268849392688598,3.111967884044299,562.5917954933673
1.0869962634764876,0.0,0.06159833466999296,0.0,0.26934041411386384,0.0,3.3266473678700343,3.11187825627662,561.5171598110745
1.0869231766573542,0.0,0.06164930947293042,0.0,0.2695404141138638,0.0,3.3264095707329426,3.111788628314665,560.4439853442357
1.0868500893320823,0.0,0.06170016508190258,0.0,0.2697404141138638,0.0,3.326171547687798,3.111699000251687,559.3722718860165
1.0867770015425242,0.0,0.06175090172844106,0.0,0.26994041411386377,0.0,3.3259332985647037,3.1116093721809466,558.3020192243736
1.0867039133305687,0.0,0.0618015196428113,0.0,0.27014041411386375,0.0,3.325694823193641,3.111519744195717,557.2332271417285
1.0866308247381358,0.0,0.06185201905402823,0.0,0.2703404141138637,0.0,3.325456121404484,3.1114301163892746,556.1658954152148
1.0865577358071836,0.0,0.06190240018985698,0.0,0.2705404141138637,0.0,3.32521719302699,3.111340488854907,555.1000238163291
1.0864846465797033,0.0,0.06195266327682898,0.0,0.2707404141138637,0.0,3.3249780378908027,3.1112508616859085,554.0356121114883
1.086411557097721,0.0,0.06200280854025018,0.0,0.27094041411386366,0.0,3.3247386558254566,3.1111612349755835,552.9726600616137
1.0863384674032979,0.0,0.062052836204208414,0.0,0.27114041411386364,0.0,3.324499046660371,3.1110716088172423,551.9111674222875
1.0862653775385298,0.0,0.06210274649158508,0.0,0.2713404141138636,0.0,3.324259210224857,3.110981983304205,550.8511339436011
1.0861922875455472,0.0,0.06215253962406298,0.0,0.2715404141138636,0.0,3.3240191463481144,3.1108923585297976,549.7925593708218
1.0861191974665154,0.0,0.062202215822136586,0.0,0.27174041411386357,0.0,3.3237788548592335,3.110802734587357,548.7354434433963
1.086046107343635,0.0,0.062251775305120806,0.0,0.27194041411386355,0.0,3.323538335587196,3.110713111570223,547.679785895552
1.0859730172191417,0.0,0.06230121829115784,0.0,0.2721404141138635,0.0,3.3232975883608757,3.110623489571746,546.6255864563802
1.0858999271353054,0.0,0.06235054499723032,0.0,0.2723404141138635,0.0,3.3230566130090367,3.110533868685285,545.5728448496839
1.0858268371344308,0.0,0.06239975563916715,0.0,0.2725404141138635,0.0,3.3228154093603384,3.1104442490042032,544.5215607939524
1.085753747258859,0.0,0.062448850431651964,0.0,0.27274041411386346,0.0,3.322573977243331,3.1103546306218743,543.4717340023124
1.085680657550963,0.0,0.06249782958823599,0.0,0.27294041411386344,0.0,3.3223323164864618,3.110265013631675,542.423364182966
1.0856075680531545,0.0,0.06254669332133883,0.0,0.2731404141138634,0.0,3.3220904269180718,3.110175398126994,541.3764510385145
1.0855344788078782,0.0,0.06259544184226483,0.0,0.2733404141138634,0.0,3.321848308366402,3.110085784201223,540.3309942665046
1.0854613898576138,0.0,0.06264407536120838,0.0,0.2735404141138634,0.0,3.3216059606595785,3.109996171947763,539.2869935593792
1.085388301244876,0.0,0.06269259408726074,0.0,0.27374041411386335,0.0,3.3213633836256355,3.10990656146002,538.2444486043943
1.085315213012215,0.0,0.06274099822842144,0.0,0.27394041411386333,0.0,3.3211205770924987,3.109816952831408,537.20335908331
1.085242125202215,0.0,0.06278928799160487,0.0,0.2741404141138633,0.0,3.320877540887996,3.1097273461553465,536.1637246731298
1.085169037857498,0.0,0.06283746358264566,0.0,0.2743404141138633,0.0,3.3206342748398527,3.1096377415252636,535.125545045436
1.0850959510207168,0.0,0.06288552520631503,0.0,0.27454041411386326,0.0,3.320390778775694,3.1095481390345903,534.0888198668403
1.0850228647345646,0.0,0.0629334730663158,0.0,0.27474041411386324,0.0,3.3201470525230437,3.109458538776767,533.0535487985314
1.084949779041764,0.0,0.06298130736530604,0.0,0.2749404141138632,0.0,3.319903095909328,3.1093689408452385,532.0197314970669
1.0848766939850765,0.0,0.06302902830489358,0.0,0.2751404141138632,0.0,3.3196589087618738,3.109279345333456,530.9873676134677
1.0848036096072982,0.0,0.06307663608564955,0.0,0.2753404141138632,0.0,3.319414490907915,3.1091897523348786,529.956456793879
1.0847305259512585,0.0,0.06312413090711844,0.0,0.27554041411386315,0.0,3.3191698421745826,3.109100161942966,528.9269986792259
1.0846574430598253,0.0,0.06317151296781766,0.0,0.27574041411386313,0.0,3.318924962388914,3.1090105742511907,527.8989929054735
1.084584360975897,0.0,0.0632187824652569,0.0,0.2759404141138631,0.0,3.318679851377854,3.1089209893530247,526.8724391036526
1.0845112797424132,0.0,0.06326593959593163,0.0,0.2761404141138631,0.0,3.3184345089682497,3.1088314073419494,525.8473368993352
1.0844381994023427,0.0,0.06331298455534466,0.0,0.27634041411386306,0.0,3.318188934986852,3.10874182831145,524.823685913487
1.0843651199986934,0.0,0.06335991753800212,0.0,0.27654041411386304,0.0,3.317943129260323,3.1086522523550175,523.801485761946
1.0842920415745068,0.0,0.0634067387374286,0.0,0.276740414113863,0.0,3.3176970916152344,3.108562679566148,522.7807360553797
1.084218964172861,0.0,0.06345344834616795,0.0,0.276940414113863,0.0,3.3174508218780545,3.108473110038343,521.7614363996069
1.0841458878368664,0.0,0.06350004655579905,0.0,0.277140414113863,0.0,3.317204319875174,3.1083835438651075,520.7435863954097
1.084072812609673,0.0,0.06354653355693063,0.0,0.27734041411386295,0.0,3.316957585432885,3.1082939811399544,519.7271856386877
1.0839997385344617,0.0,0.06359290953922207,0.0,0.27754041411386293,0.0,3.316710618377394,3.108204421956398,518.7122337203072
1.083926665654452,0.0,0.06363917469137872,0.0,0.2777404141138629,0.0,3.316463418534818,3.10811486640796,517.6987302261559
1.083853594012896,0.0,0.06368532920116876,0.0,0.2779404141138629,0.0,3.316215985731183,3.108025314588165,516.6866747372615
1.0837805236530849,0.0,0.06373137325541793,0.0,0.27814041411386287,0.0,3.3159683197924315,3.107935766590542,515.6760668297024
1.0837074546183405,0.0,0.06377730704003091,0.0,0.27834041411386284,0.0,3.3157204205444155,3.107846222508627,514.6669060746632
1.0836343869520226,0.0,0.06382313073998754,0.0,0.2785404141138628,0.0,3.315472287812906,3.1077566824359555,513.6591920383928
1.083561320697527,0.0,0.06386884453935195,0.0,0.2787404141138628,0.0,3.3152239214235855,3.107667146466072,512.6529242822962
1.0834882558982832,0.0,0.06391444862128058,0.0,0.2789404141138628,0.0,3.314975321202054,3.107577614692522,511.64810236293397
1.0834151925977555,0.0,0.06395994316803068,0.0,0.27914041411386276,0.0,3.314726486973824,3.107488087208855,510.6447258319672
1.0833421308394464,0.0,0.0640053283609594,0.0,0.27934041411386273,0.0,3.31447741856433,3.1073985641086264,509.64279423616205
1.083269070666891,0.0,0.06405060438053935,0.0,0.2795404141138627,0.0,3.3142281157989237,3.107309045485394,508.64230711753737
1.0831960121236603,0.0,0.06409577140635969,0.0,0.2797404141138627,0.0,3.313978578502873,3.107219531432718,507.6432640133295
1.0831229552533643,0.0,0.06414082961713041,0.0,0.27994041411386267,0.0,3.313728806501368,3.1071300220441644,506.64566445570335
1.0830499000996403,0.0,0.06418577919069991,0.0,0.28014041411386265,0.0,3.3134787996195167,3.1070405174133002,505.6495079724667
1.0829768467061696,0.0,0.06423062030404461,0.0,0.2803404141138626,0.0,3.313228557682351,3.106951017633698,504.6547940861933
1.0829037951166638,0.0,0.06427535313328837,0.0,0.2805404141138626,0.0,3.3129780805148235,3.1068615227989302,503.6615223150103
1.0828307453748718,0.0,0.06431997785370225,0.0,0.2807404141138626,0.0,3.3127273679418066,3.1067720330025774,502.6696921721041
1.0827576975245778,0.0,0.06436449463971389,0.0,0.28094041411386256,0.0,3.312476419788102,3.1066825483382168,501.67930316592344
1.0826846516095994,0.0,0.0644089036649119,0.0,0.28114041411386254,0.0,3.31222523587843,3.1065930688994348,500.6903548004225
1.0826116076737928,0.0,0.06445320510205099,0.0,0.2813404141138625,0.0,3.3119738160374386,3.1065035947798134,499.7028465744728
1.0825385657610478,0.0,0.0644973991230587,0.0,0.2815404141138625,0.0,3.311722160089704,3.1064141260729445,498.71677798250073
1.0824655259152898,0.0,0.06454148589904422,0.0,0.28174041411386247,0.0,3.3114702678597268,3.106324662872416,497.73214851404305
1.0823924881804803,0.0,0.06458546560029703,0.0,0.28194041411386245,0.0,3.3112181391719346,3.1062352052718234,496.7489576541499
1.0823194526006141,0.0,0.06462933839630293,0.0,0.2821404141138624,0.0,3.3109657738506826,3.10614575336476,495.767204883098
1.0822464192197256,0.0,0.06467310445573832,0.0,0.2823404141138624,0.0,3.3107131717202583,3.106056307244824,494.78688967640176
1.0821733880818796,0.0,0.06471676394648719,0.0,0.2825404141138624,0.0,3.3104603326048743,3.105966867005614,493.8080115051679
1.0821003592311806,0.0,0.0647603170356362,0.0,0.28274041411386236,0.0,3.310207256328683,3.105877432740732,492.83056983567474
1.0820273327117649,0.0,0.06480376388949038,0.0,0.28294041411386234,0.0,3.309953942715758,3.10578800454378,491.8545641296854
1.081954308567809,0.0,0.06484710467356805,0.0,0.2831404141138623,0.0,3.3097003915901118,3.1056985825083627,490.8799938442103
1.081881286843519,0.0,0.064890339552618,0.0,0.2833404141138623,0.0,3.3094466027756866,3.105609166728086,489.9068584318795
1.0818082675831409,0.0,0.06493346869061423,0.0,0.28354041411386227,0.0,3.309192576096363,3.1055197572965567,488.9351573405777
1.0817352508309557,0.0,0.06497649225076754,0.0,0.28374041411386225,0.0,3.308938311375956,3.105430354307383,487.9648900135925
1.0816622366312767,0.0,0.06501941039553137,0.0,0.2839404141138622,0.0,3.3086838084382104,3.1053409578541755,486.9960558898307
1.0815892250284564,0.0,0.06506222328660259,0.0,0.2841404141138622,0.0,3.308429067106816,3.1052515680305417,486.0286544034765
1.081516216066881,0.0,0.06510493108493025,0.0,0.2843404141138622,0.0,3.308174087205396,3.1051621849300965,485.0626849842423
1.0814432097909725,0.0,0.06514753395072005,0.0,0.28454041411386216,0.0,3.307918868557511,3.105072808646451,484.0981470573412
1.0813702062451869,0.0,0.06519003204344175,0.0,0.28474041411386214,0.0,3.3076634109866645,3.104983439273215,483.1350400435093
1.081297205474019,0.0,0.0652324255218275,0.0,0.2849404141138621,0.0,3.3074077143162985,3.104894076904004,482.173363358786
1.0812242075219969,0.0,0.06527471454388499,0.0,0.2851404141138621,0.0,3.3071517783697932,3.104804721632432,481.21311641497084
1.0811512124336828,0.0,0.06531689926689876,0.0,0.2853404141138621,0.0,3.306895602970477,3.104715373552111,480.2542986193504
1.0810782202536764,0.0,0.0653589798474358,0.0,0.28554041411386205,0.0,3.306639187941616,3.1046260327566553,479.29690937458895
1.081005231026613,0.0,0.06540095644134891,0.0,0.28574041411386203,0.0,3.306382533106422,3.1045366993396786,478.3409480790756
1.0809322447971632,0.0,0.06544282920378319,0.0,0.285940414113862,0.0,3.3061256382880506,3.1044473733947937,477.3864141265948
1.0808592616100317,0.0,0.0654845982891821,0.0,0.286140414113862,0.0,3.3058685033096045,3.104358055015616,476.4333069067968
1.0807862815099598,0.0,0.06552626385129133,0.0,0.28634041411386196,0.0,3.305611127994132,3.1042687442957555,475.48162580455164
1.0807133045417239,0.0,0.06556782604316307,0.0,0.28654041411386194,0.0,3.3053535121646287,3.1041794413288266,474.53137020063264
1.0806403307501369,0.0,0.06560928501715853,0.0,0.2867404141138619,0.0,3.305095655644036,3.1040901462084403,473.5825394713164
1.0805673601800452,0.0,0.06565064092496024,0.0,0.2869404141138619,0.0,3.304837558255251,3.1040008590282064,472.6351329884525
1.0804943928763313,0.0,0.0656918939175695,0.0,0.2871404141138619,0.0,3.3045792198211124,3.103911579881736,471.68915011960905
1.0804214288839156,0.0,0.06573304414531124,0.0,0.28734041411386185,0.0,3.3043206401644185,3.1038223088626373,470.74459022796293
1.0803484682477493,0.0,0.06577409175784568,0.0,0.28754041411386183,0.0,3.304061819107912,3.1037330460645185,469.80145267246166
1.0802755110128237,0.0,0.06581503690416382,0.0,0.2877404141138618,0.0,3.303802756474293,3.103643791580985,468.8597368075832
1.0802025572241625,0.0,0.06585587973259889,0.0,0.2879404141138618,0.0,3.303543452086213,3.1035545455056424,467.9194419835352
1.0801296069268256,0.0,0.065896620390828,0.0,0.28814041411386176,0.0,3.3032839057662797,3.1034653079320935,466.9805675463358
1.080056660165909,0.0,0.06593725902587681,0.0,0.28834041411386174,0.0,3.3030241173370554,3.1033760789539393,466.043112837549
1.0799837169865432,0.0,0.06597779578412416,0.0,0.2885404141138617,0.0,3.3027640866210617,3.103286858664781,465.107077194672
1.0799107774338943,0.0,0.06601823081130764,0.0,0.2887404141138617,0.0,3.302503813440773,3.1031976471582143,464.17245995072835
1.0798378415531658,0.0,0.06605856425252374,0.0,0.2889404141138617,0.0,3.3022432976186256,3.103108444527836,463.2392604345954
1.0797649093895927,0.0,0.06609879625223973,0.0,0.28914041411386165,0.0,3.3019825389770157,3.1030192508672405,462.30747797099957
1.079691980988448,0.0,0.06613892695429262,0.0,0.28934041411386163,0.0,3.301721537338294,3.102930066270016,461.3771118802903
1.0796190563950399,0.0,0.06617895650189272,0.0,0.2895404141138616,0.0,3.301460292524781,3.102840890829752,460.44816147874917
1.0795461356547107,0.0,0.06621888503763172,0.0,0.2897404141138616,0.0,3.3011988043587537,3.1027517246400347,459.52062607839116
1.079473218812841,0.0,0.06625871270348266,0.0,0.28994041411386157,0.0,3.300937072662456,3.1026625677944457,458.5945049869491
1.0794003059148436,0.0,0.06629843964080928,0.0,0.29014041411386154,0.0,3.3006750972580914,3.1025734203865656,457.66979750817745
1.0793273970061672,0.0,0.06633806599036586,0.0,0.2903404141138615,0.0,3.3004128779678332,3.102484282509973,456.74650294163223
1.079254492132298,0.0,0.06637759189230286,0.0,0.2905404141138615,0.0,3.3001504146138196,3.1023951542582386,455.824620582546
1.0791815913387546,0.0,0.06641701748617171,0.0,0.2907404141138615,0.0,3.2998877070181534,3.102306035724934,454.9041497222687
1.0791086946710937,0.0,0.06645634291092706,0.0,0.29094041411386146,0.0,3.299624755002908,3.102216927003626,453.98508964783105
1.0790358021749036,0.0,0.06649556830493525,0.0,0.29114041411386143,0.0,3.299361558390125,3.1021278281878777,453.0674396423061
1.0789629138958128,0.0,0.06653469380596944,0.0,0.2913404141138614,0.0,3.29909811700182,3.102038739371249,452.1511989845445
1.0788900298794821,0.0,0.06657371955122375,0.0,0.2915404141138614,0.0,3.2988344306599724,3.1019496606472936,451.23636694933236
1.0788171501716064,0.0,0.06661264567731306,0.0,0.29174041411386137,0.0,3.298570499186539,3.101860592109564,450.3229428075142
1.078744274817919,0.0,0.06665147232027331,0.0,0.29194041411386135,0.0,3.2983063224034495,3.101771533851607,449.4109258257074
1.078671403864186,0.0,0.06669019961557113,0.0,0.2921404141138613,0.0,3.2980419001326053,3.1016824859669674,448.5003152666535
1.0785985373562101,0.0,0.06672882769810434,0.0,0.2923404141138613,0.0,3.2977772321958847,3.101593448549181,447.59111038894673
1.0785256753398296,0.0,0.0667673567022066,0.0,0.2925404141138613,0.0,3.2975123184151416,3.1015044216917818,446.6833104470844
1.0784528178609152,0.0,0.06680578676165304,0.0,0.29274041411386126,0.0,3.2972471586122114,3.1014154054882996,445.7769146918331
1.078379964965377,0.0,0.06684411800965975,0.0,0.29294041411386124,0.0,3.2969817526088963,3.1013264000322587,444.8719223696253
1.0783071166991571,0.0,0.06688235057889162,0.0,0.2931404141138612,0.0,3.2967161002269916,3.1012374054171774,443.96833272317076
1.0782342731081642,0.0,0.06692048460131818,0.0,0.2933404141138612,0.0,3.296450201308833,3.1011484217368253,443.0661450204889
1.0780886001363663,0.0,0.06699645753237628,0.0,0.2937404141138612,0.0,3.295917663027323,3.100970487552803,441.2659722048995
1.0779429464183037,0.0,0.06707203784848081,0.0,0.2941404141138612,0.0,3.2953841363998775,3.1007925982289595,439.4713978413356
1.077797312323138,0.0,0.06714722658731673,0.0,0.2945404141138612,0.0,3.2948496199794794,3.1006147545129465,437.68241566793824
1.0776516982205209,0.0,0.06722202477798915,0.0,0.29494041411386124,0.0,3.2943141123394635,3.100436957152574,435.89901938997104
1.0775061044806682,0.0,0.06729643344127759,0.0,0.29534041411386125,0.0,3.293777612052991,3.1002592068955526,434.12120265084843
1.0773605314743517,0.0,0.06737045358975706,0.0,0.29574041411386126,0.0,3.2932401176930717,3.100081504489482,432.34895903243296
1.0772149795729058,0.0,0.06744408622789805,0.0,0.29614041411386127,0.0,3.2927016278326064,3.099903850681853,430.5822820555062
1.077069449148224,0.0,0.06751733235217826,0.0,0.2965404141138613,0.0,3.2921621410444235,3.0997262462200386,428.8211651801512
1.0769239405727569,0.0,0.06759019295119197,0.0,0.2969404141138613,0.0,3.2916216559013027,3.0995486918512904,427.06560180617566
1.0767784542195138,0.0,0.06766266900575,0.0,0.2973404141138613,0.0,3.2910801709760245,3.0993711883227353,425.3155852735084
1.076632990462062,0.0,0.0677347614889865,0.0,0.2977404141138613,0.0,3.2905376848413996,3.099193736381366,423.5711088625918
1.0764875496745236,0.0,0.06780647136645931,0.0,0.29814041411386133,0.0,3.289994196070299,3.0990163367740426,421.83216579482666
1.0763421322315783,0.0,0.06787779959625241,0.0,0.29854041411386134,0.0,3.2894497032357037,3.0988389902474807,420.09874923282916
1.0761967385084594,0.0,0.06794874712907284,0.0,0.29894041411386135,0.0,3.2889042049107298,3.098661697548251,418.3708522810866
1.076051368880956,0.0,0.06801931490834981,0.0,0.29934041411386136,0.0,3.2883576996686683,3.098484459422775,416.64846798598523
1.0759060237254086,0.0,0.0680895038703321,0.0,0.2997404141138614,0.0,3.2878101860830236,3.0983072766173123,414.9315893367334
1.0757607034187122,0.0,0.06815931494418019,0.0,0.3001404141138614,0.0,3.28726166272755,3.098130149877967,413.22020926529194
1.0756154083383125,0.0,0.06822874905206232,0.0,0.3005404141138614,0.0,3.2867121281762937,3.0979530799506745,411.5143206469752
1.0754701388622077,0.0,0.0682978071092465,0.0,0.3009404141138614,0.0,3.28616158100362,3.0977760675811954,409.81391630077087
1.0753248953689447,0.0,0.06836649002419116,0.0,0.3013404141138614,0.0,3.2856100197842633,3.0975991135151166,408.1189889899251
1.0751796782376197,0.0,0.06843479869863572,0.0,0.30174041411386143,0.0,3.2850574430933555,3.0974222184978433,406.429531422162
1.075034487847877,0.0,0.0685027340276901,0.0,0.30214041411386144,0.0,3.2845038495064713,3.0972453832745903,404.74553625007445
1.0748893245799098,0.0,0.06857029689991805,0.0,0.30254041411386146,0.0,3.2839492375996677,3.0970686085903814,403.0669960717594
1.0747441888144558,0.0,0.06863748819743,0.0,0.30294041411386147,0.0,3.283393605949518,3.09689189519004,401.3939034307856
1.0745990809327977,0.0,0.06870430879596316,0.0,0.3033404141138615,0.0,3.2828369531331525,3.0967152438181897,399.7262508171192
1.0744540013167645,0.0,0.06877075956496613,0.0,0.3037404141138615,0.0,3.282279277728305,3.0965386552192427,398.06403066710743
1.074308950348726,0.0,0.06883684136768511,0.0,0.3041404141138615,0.0,3.281720578313341,3.0963621301373956,396.40723536408086
1.0741639284115958,0.0,0.06890255506124196,0.0,0.3045404141138615,0.0,3.2811608534673136,3.0961856693166276,394.75585723866345
1.0740189358888268,0.0,0.06896790149671636,0.0,0.3049404141138615,0.0,3.2806001017699846,3.096009273500691,393.10988856932147
1.0738739731644138,0.0,0.06903288151922454,0.0,0.30534041411386154,0.0,3.2800383218018863,3.095832943433109,391.4693215824766
1.0737290406228879,0.0,0.06909749596800106,0.0,0.30574041411386155,0.0,3.279475512144344,3.0956566798571656,389.8341484532326
1.0735841386493195,0.0,0.06916174567647113,0.0,0.30614041411386156,0.0,3.2789116713795305,3.0954804835159058,388.2043613055009
1.0734392676293125,0.0,0.06922563147233295,0.0,0.30654041411386157,0.0,3.2783467980905057,3.095304355152124,386.5799522126414
1.0732944279490086,0.0,0.06928915417762785,0.0,0.3069404141138616,0.0,3.27778089086125,3.095128295508364,384.96091319764946
1.0731496199950834,0.0,0.06935231460881683,0.0,0.3073404141138616,0.0,3.277213948276719,3.094952305326909,383.34723623361367
1.0730048441547408,0.0,0.06941511357685828,0.0,0.3077404141138616,0.0,3.2766459689228737,3.0947763853497774,381.7389132442155
1.0728601008157201,0.0,0.06947755188727228,0.0,0.3081404141138616,0.0,3.2760769513867376,3.094600536318718,380.13593610401597
1.0727153903662872,0.0,0.06953963034022036,0.0,0.3085404141138616,0.0,3.2755068942564236,3.0944247589752045,378.53829663887757
1.0725707131952371,0.0,0.06960134973057157,0.0,0.30894041411386164,0.0,3.274935796121191,3.094249054060426,376.9459866263511
1.0724260696918921,0.0,0.06966271084797396,0.0,0.30934041411386165,0.0,3.2743636555714817,3.0940734223152857,375.35899779613055
1.0722814602460997,0.0,0.06972371447692244,0.0,0.30974041411386166,0.0,3.27379047119897,3.093897864480393,373.77732183033424
1.072136885248231,0.0,0.06978436139682861,0.0,0.3101404141138617,0.0,3.273216241596597,3.0937223812960575,372.2009503640114
1.0719923450891786,0.0,0.06984465238208756,0.0,0.3105404141138617,0.0,3.2726409653586286,3.0935469735022822,370.6298749855175
1.0718478401603584,0.0,0.06990458820214243,0.0,0.3109404141138617,0.0,3.2720646410806893,3.0933716418387616,369.0640872368102
1.0717033708537018,0.0,0.069964169621554,0.0,0.3113404141138617,0.0,3.271487267359812,3.0931963870448698,367.5035786139723
1.0715589375616608,0.0,0.0700233974000611,0.0,0.3117404141138617,0.0,3.270908842794483,3.0930212098596574,365.94834056752234
1.0714145406772015,0.0,0.07008227229264681,0.0,0.31214041411386173,0.0,3.2703293659846864,3.09284611102185,364.3983645028959
1.071270180593807,0.0,0.07014079504960155,0.0,0.31254041411386174,0.0,3.2697488355319555,3.092671091269832,362.85364178060024
1.0711258577054696,0.0,0.07019896641658553,0.0,0.31294041411386175,0.0,3.26916725003941,3.0924961513416505,361.3141637169715
1.0709815724066947,0.0,0.07025678713469051,0.0,0.31334041411386176,0.0,3.2685846081118104,3.0923212919750016,359.7799215842539
1.070837325092498,0.0,0.07031425794049781,0.0,0.3137404141138618,0.0,3.2680009083556,3.09214651390723,358.250906611138
1.0706931161583995,0.0,0.07037137956614485,0.0,0.3141404141138618,0.0,3.267416149378956,3.0919718178753195,356.7271099831362
1.0705489460004276,0.0,0.07042815273937798,0.0,0.3145404141138618,0.0,3.2668303297918344,3.0917972046158857,355.208522842933
1.0704048150151113,0.0,0.07048457818361623,0.0,0.3149404141138618,0.0,3.266243448206016,3.0916226748651754,353.69513629088647
1.0702607235994857,0.0,0.07054065661800463,0.0,0.3153404141138618,0.0,3.265655503235158,3.0914482293590524,352.18694138512205
1.0701166721510835,0.0,0.07059638875747443,0.0,0.31574041411386183,0.0,3.2650664934948437,3.0912738688329995,350.68392914233993
1.0699726610679356,0.0,0.07065177531280069,0.0,0.31614041411386185,0.0,3.2644764176026273,3.0910995940221038,349.18609053786304
1.0698286907485695,0.0,0.07070681699065577,0.0,0.31654041411386186,0.0,3.263885274178078,3.0909254056610576,347.6934165061955
1.0696847615920073,0.0,0.07076151449366516,0.0,0.31694041411386187,0.0,3.2632930618428437,3.0907513044841486,346.20589794133036
1.0695408739977637,0.0,0.07081586852046272,0.0,0.3173404141138619,0.0,3.262699779220687,3.0905772912252507,344.7235256971487
1.06939702836584,0.0,0.07086987976574691,0.0,0.3177404141138619,0.0,3.2621054249375385,3.0904033666178243,343.2462905879256
1.0692532250967308,0.0,0.07092354892032764,0.0,0.3181404141138619,0.0,3.2615099976215527,3.0902295313949053,341.77418338849805
1.0691094645914136,0.0,0.07097687667118574,0.0,0.3185404141138619,0.0,3.26091349590315,3.090055786289097,340.307194834784
1.0689657472513505,0.0,0.07102986370152173,0.0,0.3189404141138619,0.0,3.260315918415072,3.0898821320325682,338.8453156241969
1.0688220734784837,0.0,0.07108251069080994,0.0,0.31934041411386194,0.0,3.2597172637924294,3.0897085693570436,337.3885364159245
1.068678443675239,0.0,0.0711348183148426,0.0,0.31974041411386195,0.0,3.259117530672762,3.0895350989938,335.9368478313288
1.0685348582445149,0.0,0.07118678724579099,0.0,0.32014041411386196,0.0,3.258516717696074,3.0893617216736535,334.4902404544496
1.0683913175896866,0.0,0.07123841815224619,0.0,0.32054041411386197,0.0,3.257914823504901,3.0891884381269605,333.04870483221043
1.0682478221146037,0.0,0.07128971169927101,0.0,0.320940414113862,0.0,3.2573118467443543,3.089015249083605,331.61223147492103
1.068104372223583,0.0,0.07134066854845127,0.0,0.321340414113862,0.0,3.256707786062175,3.0888421552729954,330.1808108566112
1.0679609683214115,0.0,0.07139128935794015,0.0,0.321740414113862,0.0,3.256102640108787,3.0886691574240572,328.7544334153738
1.0678176108133415,0.0,0.0714415747825063,0.0,0.322140414113862,0.0,3.25549640753735,3.0884962562652247,327.33308955389714
1.067674300105089,0.0,0.07149152547358312,0.0,0.32254041411386203,0.0,3.25488908700381,3.088323452524435,325.9167696395615
1.0675310366028288,0.0,0.07154114207931432,0.0,0.32294041411386204,0.0,3.254280677166956,3.0881507469291223,324.50546400510746
1.067387820713197,0.0,0.07159042524459663,0.0,0.32334041411386205,0.0,3.2536711766884756,3.0879781402062085,323.09916294884215
1.067244652843281,0.0,0.0716393756111327,0.0,0.32374041411386206,0.0,3.253060584233001,3.0878056330820987,321.6978567351083
1.067101533400627,0.0,0.07168799381746574,0.0,0.3241404141138621,0.0,3.252448898468174,3.0876332262826747,320.3015355945183
1.0669584627932265,0.0,0.07173628049903477,0.0,0.3245404141138621,0.0,3.2518361180646878,3.0874609205332826,318.9101897244875
1.0668154414295223,0.0,0.0717842362882094,0.0,0.3249404141138621,0.0,3.251222241696357,3.087288716558735,317.5238092895438
1.0666724697184025,0.0,0.0718318618143387,0.0,0.3253404141138621,0.0,3.250607268040159,3.087116615083295,316.1423844216189
1.0665295480691956,0.0,0.07187915770379355,0.0,0.3257404141138621,0.0,3.2499911957762975,3.086944616830674,314.7659052205556
1.0663866768916714,0.0,0.07192612458000706,0.0,0.32614041411386213,0.0,3.2493740235882544,3.0867727225240262,313.39436175445394
1.0662438565960388,0.0,0.07197276306351716,0.0,0.32654041411386214,0.0,3.248755750162854,3.086600932885936,312.02774405989226
1.0661010875929366,0.0,0.07201907377201182,0.0,0.32694041411386215,0.0,3.248136374190302,3.086429248638413,310.66604214251663
1.06595837029344,0.0,0.07206505732036364,0.0,0.32734041411386217,0.0,3.247515894364262,3.086257670502889,309.3092459772246
1.06581570510905,0.0,0.07211071432067652,0.0,0.3277404141138622,0.0,3.2468943093818994,3.0860861992002055,307.95734550867724
1.0656730924516935,0.0,0.0721560453823232,0.0,0.3281404141138622,0.0,3.2462716179439384,3.0859148354506085,306.6103306515389
1.0655305327337214,0.0,0.072201051111985,0.0,0.3285404141138622,0.0,3.245647818754731,3.0857435799737414,305.268191290955
1.065388026367905,0.0,0.07224573211369131,0.0,0.3289404141138622,0.0,3.245022910522302,3.0855724334886383,303.93091728278023
1.0652455737674316,0.0,0.07229008898885968,0.0,0.3293404141138622,0.0,3.2443968919584125,3.0854013967137135,302.59849845410304
1.0651031753459013,0.0,0.07233412233633416,0.0,0.32974041411386223,0.0,3.2437697617786188,3.08523047036676,301.2709246035257
1.0649608315173276,0.0,0.07237783275242132,0.0,0.33014041411386225,0.0,3.2431415187023283,3.0850596551649363,299.94818550150995
1.0648185426961305,0.0,0.07242122083093058,0.0,0.33054041411386226,0.0,3.242512161452857,3.0848889518247624,298.63027089075496
1.0646763092971345,0.0,0.07246428716321095,0.0,0.33094041411386227,0.0,3.241881688757498,3.0847183610621105,297.3171704865942
1.064534131735567,0.0,0.07250703233818674,0.0,0.3313404141138623,0.0,3.241250099347568,3.0845478835922,296.0088739772656
1.0643920104270514,0.0,0.07254945694239584,0.0,0.3317404141138623,0.0,3.240617391958474,3.0843775201295878,294.70537102445286
1.0642499457876085,0.0,0.07259156156002487,0.0,0.3321404141138623,0.0,3.2399835653297755,3.0842072713881614,293.40665126337484
1.0641079382336498,0.0,0.07263334677294521,0.0,0.3325404141138623,0.0,3.2393486182052347,3.0840371380811322,292.1127043033672
1.0639659881819747,0.0,0.07267481316074909,0.0,0.3329404141138623,0.0,3.2387125493328868,3.083867120921026,290.8235197281629
1.06382409604977,0.0,0.072715961300783,0.0,0.33334041411386234,0.0,3.2380753574651004,3.083697220619678,289.5390870962626
1.0636822622546018,0.0,0.0727567917681847,0.0,0.33374041411386235,0.0,3.2374370413586284,3.0835274378882236,288.25939594118574
1.0635404872144156,0.0,0.07279730513591655,0.0,0.33414041411386236,0.0,3.2367975997746803,3.0833577734370907,286.9844357720226
1.063398771347533,0.0,0.07283750197479787,0.0,0.33454041411386237,0.0,3.23615703147898,3.0831882279759926,285.7141960735608
1.0632571150726458,0.0,0.0728773828535415,0.0,0.3349404141138624,0.0,3.2355153352418213,3.083018802213921,284.44866630686795
1.063115518808813,0.0,0.07291694833878602,0.0,0.3353404141138624,0.0,3.234872509838143,3.082849496859137,283.18783590945594
1.0629739829754608,0.0,0.07295619899512688,0.0,0.3357404141138624,0.0,3.2342285540475784,3.0826803126191624,281.93169429570287
1.062832507992373,0.0,0.0729951353851529,0.0,0.3361404141138624,0.0,3.2335834666545216,3.0825112502007763,280.6802308572117
1.0626910942796937,0.0,0.07303375806947447,0.0,0.33654041411386243,0.0,3.232937246448199,3.0823423103100005,279.43343496314793
1.0625497422579184,0.0,0.07307206760675808,0.0,0.33694041411386244,0.0,3.2322898922227177,3.082173493652102,278.1912959605766
1.0624084523478918,0.0,0.0731100645537591,0.0,0.33734041411386245,0.0,3.231641402777137,3.082004800931571,276.9538031748398
1.0622672249708076,0.0,0.0731477494653487,0.0,0.33774041411386246,0.0,3.230991776915532,3.0818362328521256,275.7209459098509
1.0621260605482012,0.0,0.07318512289454823,0.0,0.3381404141138625,0.0,3.230341013447062,3.0816677901166987,274.49271344844425
1.061984959501944,0.0,0.07322218539256148,0.0,0.3385404141138625,0.0,3.229689111186015,3.0814994734274292,273.269095052795
1.0618439222542446,0.0,0.07325893750880044,0.0,0.3389404141138625,0.0,3.2290360689519004,3.0813312834856577,272.0500799646781
1.0617029492276406,0.0,0.07329537979092052,0.0,0.3393404141138625,0.0,3.228381885569487,3.0811632209919138,270.8356574058389
1.0615620408449993,0.0,0.07333151278484502,0.0,0.3397404141138625,0.0,3.2277265598688882,3.0809952866459116,269.6258165783348
1.061421197529508,0.0,0.07336733703479985,0.0,0.34014041411386253,0.0,3.227070090685613,3.080827481146541,268.4205466648395
1.0612804197046752,0.0,0.07340285308333909,0.0,0.34054041411386254,0.0,3.22641247686064,3.0806598051918592,267.21983682906233
1.0611397077943228,0.0,0.07343806147137644,0.0,0.34094041411386256,0.0,3.2257537172404787,3.0804922594790836,266.02367621599655
1.0609990622225853,0.0,0.07347296273821137,0.0,0.34134041411386257,0.0,3.225093810677233,3.08032484470458,264.83205395229766
1.0608584834139025,0.0,0.07350755742155998,0.0,0.3417404141138626,0.0,3.224432756028674,3.0801575615638623,263.6449591466298
1.0607179717930169,0.0,0.07354184605758257,0.0,0.3421404141138626,0.0,3.2237705521583027,3.0799904107515745,262.46238088997495
1.0605775277849712,0.0,0.0735758291809093,0.0,0.3425404141138626,0.0,3.223107197935411,3.079823392961492,261.2843082559612
1.0604371518151006,0.0,0.07360950732467081,0.0,0.3429404141138626,0.0,3.2224426922351586,3.079656508886505,260.11073030120997
1.0602968443090297,0.0,0.07364288102052481,0.0,0.3433404141138626,0.0,3.2217770339386314,3.0794897592186183,258.94163606569
1.0601566056926734,0.0,0.07367595079867936,0.0,0.34374041411386264,0.0,3.2211102219329173,3.0793231446489355,257.7770145729558
1.0600164363922218,0.0,0.07370871718792689,0.0,0.34414041411386265,0.0,3.2204422551111613,3.079156665867658,256.6168548306324
1.0598763368341468,0.0,0.07374118071566367,0.0,0.34454041411386266,0.0,3.2197731323726444,3.0789903235640694,255.4611458305548
1.059736307445192,0.0,0.0737733419079199,0.0,0.34494041411386267,0.0,3.219102852622848,3.078824118426534,254.30987654923007
1.0595963486523663,0.0,0.07380520128938628,0.0,0.3453404141138627,0.0,3.218431414773515,3.0786580511424844,253.1630359481635
1.0594564608829469,0.0,0.07383675938343601,0.0,0.3457404141138627,0.0,3.2177588177427285,3.0784921223984125,252.02061297404907
1.0593166445644668,0.0,0.07386801671215432,0.0,0.3461404141138627,0.0,3.2170850604549797,3.078326332879868,250.88259655925617
1.0591769001247164,0.0,0.07389897379636139,0.0,0.3465404141138627,0.0,3.2164101418412208,3.078160683271438,249.74897562202926
1.0590372279917344,0.0,0.07392963115563861,0.0,0.3469404141138627,0.0,3.215734060838958,3.077995174256752,248.61973906687518
1.0588976285938054,0.0,0.07395998930835253,0.0,0.34734041411386274,0.0,3.2150568163922997,3.077829806518463,247.49487578490385
1.0587581023594543,0.0,0.07399004877168067,0.0,0.34774041411386275,0.0,3.214378407452041,3.077664580738244,246.37437465406026
1.0586186497174441,0.0,0.07401981006163344,0.0,0.34814041411386276,0.0,3.2136988329757212,3.0774994975967793,245.25822453946859
1.0584792710967676,0.0,0.07404927369308116,0.0,0.3485404141138628,0.0,3.2130180919276996,3.0773345577737565,244.146414293806
1.0583399669266447,0.0,0.07407844017977581,0.0,0.3489404141138628,0.0,3.212336183279226,3.0771697619478533,243.03893275757952
1.0582007376365186,0.0,0.07410731003437483,0.0,0.3493404141138628,0.0,3.2116531060085096,3.0770051107967364,241.9357687593939
1.058061583656046,0.0,0.0741358837684674,0.0,0.3497404141138628,0.0,3.2109688591007894,3.076840604997048,240.83691111636148
1.0579225054150991,0.0,0.07416416189259303,0.0,0.3501404141138628,0.0,3.210283441548401,3.076676245224397,239.74234863434305
1.0577835033437566,0.0,0.07419214491626751,0.0,0.35054041411386283,0.0,3.2095968523508565,3.0765120321533543,238.6520701082447
1.057644577872298,0.0,0.07421983334800603,0.0,0.35094041411386284,0.0,3.2089090905149047,3.0763479664574405,237.56606432238186
1.0575057294312007,0.0,0.07424722769534427,0.0,0.35134041411386285,0.0,3.208220155054605,3.0761840488091177,236.4843200507779
1.0573669584511352,0.0,0.07427432846486048,0.0,0.35174041411386286,0.0,3.2075300449914077,3.076020279879784,235.40682605742342
1.0572282653629586,0.0,0.07430113616219919,0.0,0.3521404141138629,0.0,3.206838759354215,3.0758566603397597,234.33357109660886
1.0570896505977099,0.0,0.07432765129209204,0.0,0.3525404141138629,0.0,3.206146297179454,3.0756931908582854,233.2645439132562
1.0569511145866048,0.0,0.07435387435837995,0.0,0.3529404141138629,0.0,3.205452657511151,3.0755298721035067,232.19973324317954
1.0568126577610308,0.0,0.0743798058640345,0.0,0.3533404141138629,0.0,3.204757839401006,3.0753667047424678,231.13912781340986
1.0566742805525415,0.0,0.0744054463111793,0.0,0.3537404141138629,0.0,3.2040618419084534,3.0752036894411052,230.0827163425031
1.0565359833928538,0.0,0.07443079620110997,0.0,0.35414041411386293,0.0,3.2033646641007563,3.075040826864237,229.03048754076838
1.0563977667138365,0.0,0.07445585603431809,0.0,0.35454041411386295,0.0,3.2026663050530497,3.0748781176755537,227.9824301107119
1.0562596309475119,0.0,0.07448062631050853,0.0,0.35494041411386296,0.0,3.2019667638484393,3.074715562537609,226.93853274716122
1.0561215765260468,0.0,0.07450510752862187,0.0,0.35534041411386297,0.0,3.2012660395780568,3.074553162111812,225.89878413769145
1.0559836038817476,0.0,0.07452930018685357,0.0,0.355740414113863,0.0,3.200564131341145,3.074390917058421,224.86317296286256
1.0558457134470542,0.0,0.07455320478267671,0.0,0.356140414113863,0.0,3.19986103824512,3.0742288280365284,223.83168789649977
1.055707905654537,0.0,0.07457682181285759,0.0,0.356540414113863,0.0,3.1991567594056542,3.0740668957040582,222.80431760602903
1.0555701809368871,0.0,0.07460015177348,0.0,0.356940414113863,0.0,3.198451293946739,3.0739051207177552,221.78105075275005
1.0554325397269169,0.0,0.07462319515996124,0.0,0.357340414113863,0.0,3.1977446410007726,3.0737435037331706,220.76187599207356
1.055294982457547,0.0,0.07464595246707417,0.0,0.35774041411386304,0.0,3.197036799708621,3.0735820454046636,219.74678197391012
1.0551575095618069,0.0,0.0746684241889648,0.0,0.35814041411386305,0.0,3.196327769219691,3.073420746385383,218.7357573428684
1.0550201214728248,0.0,0.07469061081917276,0.0,0.35854041411386306,0.0,3.195617548692019,3.0732596073272638,217.7287907385961
1.0548828186238253,0.0,0.07471251285064794,0.0,0.35894041411386307,0.0,3.194906137292327,3.073098628881018,216.72587079602857
1.0547456014481238,0.0,0.07473413077577089,0.0,0.3593404141138631,0.0,3.1941935341961125,3.0729378116961197,215.72698614565223
1.054608470379115,0.0,0.07475546508637149,0.0,0.3597404141138631,0.0,3.1934797385877083,3.072777156420807,214.73212541389285
1.0544714258502736,0.0,0.07477651627374715,0.0,0.3601404141138631,0.0,3.1927647496603657,3.0726166637020618,213.74127722324835
1.0543344682951474,0.0,0.07479728482867867,0.0,0.3605404141138631,0.0,3.1920485666163296,3.072456334185607,212.7544301926681
1.054197598147347,0.0,0.07481777124145253,0.0,0.36094041411386313,0.0,3.191331188666911,3.0722961685158974,211.77157293781397
1.0540608158405445,0.0,0.07483797600187492,0.0,0.36134041411386314,0.0,3.190612615032556,3.07213616733611,210.79269407129294
1.0539241218084638,0.0,0.07485789959929183,0.0,0.36174041411386315,0.0,3.189892844942928,3.0719763312881327,209.81778220299606
1.0537875164848816,0.0,0.07487754252260367,0.0,0.36214041411386316,0.0,3.189171877636986,3.0718166610125586,208.8468259403076
1.0536510003036117,0.0,0.07489690526028596,0.0,0.3625404141138632,0.0,3.1884497123630493,3.0716571571486755,207.87981388842684
1.0535145736985037,0.0,0.07491598830040573,0.0,0.3629404141138632,0.0,3.187726348378876,3.071497820334456,206.9167346506311
1.0533782371034388,0.0,0.07493479213063665,0.0,0.3633404141138632,0.0,3.187001784951741,3.0713386512065486,205.95757682849336
1.0532419909523212,0.0,0.07495331723827638,0.0,0.3637404141138632,0.0,3.1862760213585144,3.071179650400273,205.00232902223865
1.0531058356790697,0.0,0.07497156411026618,0.0,0.3641404141138632,0.0,3.1855490568857254,3.0710208185496044,204.0509798309418
1.0529697717176179,0.0,0.07498953323320265,0.0,0.36454041411386323,0.0,3.1848208908296507,3.0708621562871676,203.10351785280716
1.0528337995019004,0.0,0.07500722509335858,0.0,0.36494041411386324,0.0,3.184091522496378,3.070703664244228,202.15993168545003
1.0526979194658517,0.0,0.07502464017669644,0.0,0.36534041411386325,0.0,3.1833609512018946,3.0705453430506826,201.22020992616655
1.0525621320433984,0.0,0.07504177896888477,0.0,0.36574041411386327,0.0,3.1826291762721497,3.0703871933350504,200.28434117213305
1.0524264376684516,0.0,0.07505864195531553,0.0,0.3661404141138633,0.0,3.1818961970431396,3.0702292157244626,199.35231402075618
1.052290836774901,0.0,0.07507522962111819,0.0,0.3665404141138633,0.0,3.18116201286098,3.070071410844656,198.4241170698843
1.0521553297966115,0.0,0.0750915424511757,0.0,0.3669404141138633,0.0,3.1804266230819844,3.069913779319959,197.49973891804166
1.0520199171674116,0.0,0.07510758093014085,0.0,0.3673404141138633,0.0,3.1796900270727333,3.0697563217732875,196.57916816470612
1.0518845993210886,0.0,0.07512334554245133,0.0,0.3677404141138633,0.0,3.178952224210157,3.069599038826135,195.66239341061925
1.0517493766913848,0.0,0.07513883677234334,0.0,0.36814041411386333,0.0,3.1782132138816093,3.06944193109856,194.74940325793278
1.0516142497119885,0.0,0.07515405510386844,0.0,0.36854041411386335,0.0,3.177472995484944,3.069284999209178,193.84018631053704
1.0514792188165263,0.0,0.07516900102090773,0.0,0.36894041411386336,0.0,3.176731568428586,3.0691282437751566,192.9347311743062
1.0513442844385577,0.0,0.07518367500718715,0.0,0.36934041411386337,0.0,3.1759889321316157,3.0689716654122,192.03302645731208
1.0512094470115694,0.0,0.0751980775462902,0.0,0.3697404141138634,0.0,3.1752450860238413,3.0688152647345457,191.1350607701092
1.0510747069689672,0.0,0.07521220912167456,0.0,0.3701404141138634,0.0,3.174500029545872,3.068659042354949,190.24082272595126
1.0509400647440699,0.0,0.075226070216685,0.0,0.3705404141138634,0.0,3.1737537621491985,3.0685029988846795,189.350300941032
1.0508055207701006,0.0,0.07523966131456848,0.0,0.3709404141138634,0.0,3.1730062832962664,3.0683471349335094,188.46348403479857
1.0506710754801822,0.0,0.07525298289848746,0.0,0.3713404141138634,0.0,3.1722575924605505,3.0681914511097026,187.58036063009195
1.0505367293073293,0.0,0.07526603545153421,0.0,0.37174041411386344,0.0,3.171507689126641,3.0680359480200097,186.70091935346983
1.0504024826844425,0.0,0.07527881945674346,0.0,0.37214041411386345,0.0,3.1707565727903044,3.067880626269655,185.8251488353826
1.0502683360442995,0.0,0.0752913353971074,0.0,0.37254041411386346,0.0,3.1700042429585746,3.0677254864623285,184.95303771047395
1.050134289819547,0.0,0.07530358375558978,0.0,0.37294041411386347,0.0,3.1692506991498104,3.067570529200178,184.0845746177772
1.0500003444427004,0.0,0.07531556501513542,0.0,0.3733404141138635,0.0,3.168495940893799,3.067415755083797,183.21974820094744
1.0498665003461274,0.0,0.07532727965868811,0.0,0.3737404141138635,0.0,3.1677399677317992,3.0672611647122183,182.35854710853408
1.0497327579620477,0.0,0.07533872816920113,0.0,0.3741404141138635,0.0,3.1669827792166494,3.067106758682902,181.50095999416004
1.0495991177225235,0.0,0.0753499110296496,0.0,0.3745404141138635,0.0,3.1662243749128214,3.0669525375917304,180.64697551679416
1.0494655800594512,0.0,0.07536082872304545,0.0,0.37494041411386353,0.0,3.1654647543965018,3.066798502032994,179.79658234096974
1.0493321454045559,0.0,0.0753714817324484,0.0,0.37534041411386354,0.0,3.164703917255672,3.066644652599386,178.9497691370185
1.0491988141893847,0.0,0.07538187054097846,0.0,0.37574041411386355,0.0,3.1639418630901806,3.066490989881988,178.10652458126464
1.0490655868452958,0.0,0.0753919956318301,0.0,0.37614041411386356,0.0,3.163178591511823,3.0663375144702685,177.26683735630485
1.0489324638034567,0.0,0.07540185748828131,0.0,0.3765404141138636,0.0,3.1624141021444143,3.0661842269520667,176.4306961511764
1.04879944549483,0.0,0.07541145659370964,0.0,0.3769404141138636,0.0,3.1616483946238563,3.066031127913587,175.59808966165292
1.0486665323501736,0.0,0.07542079343160096,0.0,0.3773404141138636,0.0,3.160881468598237,3.0658782179393875,174.76900659035113
1.0485337248000273,0.0,0.07542986848556257,0.0,0.3777404141138636,0.0,3.160113323727879,3.0657254976123722,173.94343564708709
1.0484010232747063,0.0,0.07543868223933618,0.0,0.3781404141138636,0.0,3.1593439596854327,3.0655729675137824,173.12136554899234
1.0482684282042982,0.0,0.07544723517680624,0.0,0.37854041411386363,0.0,3.1585733761559456,3.065420628223185,172.30278502078158
1.0481359400186492,0.0,0.07545552778201553,0.0,0.37894041411386364,0.0,3.1578015728369353,3.0652684803184647,171.48768279493254
1.0480035591473609,0.0,0.07546356053917316,0.0,0.37934041411386366,0.0,3.1570285494384738,3.0651165243758154,170.6760476119502
1.0478712860197812,0.0,0.07547133393266758,0.0,0.37974041411386367,0.0,3.156254305683251,3.0649647609697306,169.86786822051891
1.0477391210649953,0.0,0.07547884844707771,0.0,0.3801404141138637,0.0,3.155478841306653,3.0648131906729916,169.0631333777855
1.0476070647118214,0.0,0.07548610456718274,0.0,0.3805404141138637,0.0,3.1547021560568473,3.0646618140566635,168.26183184949826
1.0474751173887986,0.0,0.07549310277797469,0.0,0.3809404141138637,0.0,3.153924249694843,3.064510631690082,167.46395241027602
1.047343279524185,0.0,0.07549984356466709,0.0,0.3813404141138637,0.0,3.153145121994575,3.0643596441408425,166.66948384374695
1.0472115515459441,0.0,0.07550632741270756,0.0,0.3817404141138637,0.0,3.152364772742976,3.064208851974796,165.87841494282856
1.0470799338817387,0.0,0.07551255480778801,0.0,0.38214041411386374,0.0,3.151583201740045,3.0640582557560383,165.09073450989484
1.046948426958927,0.0,0.07551852623585312,0.0,0.38254041411386375,0.0,3.150800408798936,3.063907856046896,164.30643135696118
1.046817031204548,0.0,0.07552424218311359,0.0,0.38294041411386376,0.0,3.1500163937460135,3.0637576534079236,163.5254943059445
1.0466857470453212,0.0,0.07552970313605305,0.0,0.38334041411386377,0.0,3.149231156420946,3.063607648397893,162.7479121887821
1.0465545749076293,0.0,0.0755349095814423,0.0,0.3837404141138638,0.0,3.14844469667676,3.063457841573778,161.97367384772457
1.0464235152175223,0.0,0.07553986200634327,0.0,0.3841404141138638,0.0,3.1476570143799334,3.063308233490756,161.20276813543796
1.0462925684006956,0.0,0.07554456089812592,0.0,0.3845404141138638,0.0,3.1468681094104527,3.0631588247021906,160.43518391528926
1.046161734882496,0.0,0.07554900674447146,0.0,0.3849404141138638,0.0,3.1460779816618962,3.063009615759623,159.67091006145222
1.0460310150879022,0.0,0.07555320003338645,0.0,0.3853404141138638,0.0,3.145286631041501,3.0628606072127664,158.90993545918735
1.0459004094415225,0.0,0.07555714125321004,0.0,0.38574041411386384,0.0,3.144494057470242,3.062711799609496,158.15224900497526
1.0457699183675881,0.0,0.07556083089262278,0.0,0.38614041411386385,0.0,3.1437002608829054,3.062563193495836,157.39783960671537
1.0456395422899392,0.0,0.07556426944065846,0.0,0.38654041411386386,0.0,3.1429052412281484,3.0624147894159557,156.6466961839393
1.0455092816320217,0.0,0.07556745738671058,0.0,0.3869404141138639,0.0,3.142108998468586,3.062266587912157,155.89880766797694
1.045379136816877,0.0,0.07557039522054287,0.0,0.3873404141138639,0.0,3.1413115325808585,3.062118589524865,155.1541630021536
1.0452491082671358,0.0,0.07557308343229686,0.0,0.3877404141138639,0.0,3.1405128435557046,3.061970794792623,154.41275114195844
1.0451191964050064,0.0,0.07557552251250214,0.0,0.3881404141138639,0.0,3.13971293139803,3.061823204252077,153.6745610552485
1.0449894016522685,0.0,0.07557771295208443,0.0,0.3885404141138639,0.0,3.138911796126976,3.061675818437973,152.93958172242395
1.0448597244302669,0.0,0.0755796552423728,0.0,0.38894041411386393,0.0,3.1381094377760075,3.0615286378831437,152.20780213659322
1.0447301651598977,0.0,0.075581349875111,0.0,0.38934041411386394,0.0,3.1373058563929574,3.0613816631185,151.47921130377932
1.0446007242616062,0.0,0.07558279734246214,0.0,0.38974041411386395,0.0,3.136501052040125,3.061234894673025,150.75379824308487
1.044471402155374,0.0,0.07558399813702046,0.0,0.39014041411386396,0.0,3.135695024794328,3.0610883330737595,150.03155198684527
1.0443421992607136,0.0,0.07558495275181615,0.0,0.390540414113864,0.0,3.13488777474698,3.0609419788457974,149.31246158084804
1.0442131159966563,0.0,0.07558566168032635,0.0,0.390940414113864,0.0,3.134079302004158,3.0607958325122766,148.59651608447342
1.0440841527817486,0.0,0.07558612541648058,0.0,0.391340414113864,0.0,3.1332696066866728,3.0606498945943668,147.8837045708757
1.0439553100340402,0.0,0.07558634445466934,0.0,0.391740414113864,0.0,3.1324586889301487,3.0605041656112633,147.17401612715764
1.0438265881710753,0.0,0.07558631928975285,0.0,0.392140414113864,0.0,3.131646548885071,3.060358646080176,146.46743985453406
1.0436979876098869,0.0,0.07558605041706659,0.0,0.39254041411386403,0.0,3.1308331867168744,3.0602133365163233,145.76396486850462
1.0435695087669854,0.0,0.07558553833243044,0.0,0.39294041411386404,0.0,3.1300186026060044,3.0600682374329216,145.06358029901452
1.0434411520583526,0.0,0.07558478353215457,0.0,0.39334041411386406,0.0,3.129202796747988,3.0599233493411733,144.36627529062736
1.04331291789943,0.0,0.07558378651304788,0.0,0.39374041411386407,0.0,3.1283857693534967,3.0597786727502636,143.67203900268572
1.0431848067051137,0.0,0.07558254777242443,0.0,0.3941404141138641,0.0,3.127567520648419,3.0596342081673478,142.98086060945246
1.0430568188897418,0.0,0.07558106780811047,0.0,0.3945404141138641,0.0,3.1267480508739283,3.059489956097543,142.29272930032704
1.0429289548670897,0.0,0.07557934711845159,0.0,0.3949404141138641,0.0,3.125927360286549,3.0593459170439194,141.60763427993646
1.042801215050358,0.0,0.07557738620231921,0.0,0.3953404141138641,0.0,3.125105449158218,3.059202091507494,140.92556476834955
1.042673599852168,0.0,0.07557518555911709,0.0,0.3957404141138641,0.0,3.1242823177763652,3.0590584799872147,140.2465100011816
1.0425461096845465,0.0,0.07557274568878868,0.0,0.39614041411386414,0.0,3.123457966443963,3.0589150829799623,139.5704592298107
1.0424187449589253,0.0,0.07557006709182212,0.0,0.39654041411386415,0.0,3.1226323954796062,3.05877190098053,138.89740172147162
1.0422915060861229,0.0,0.07556715026925895,0.0,0.39694041411386416,0.0,3.1218056052175625,3.058628934481624,138.22732675946054
1.042164393476345,0.0,0.07556399572269745,0.0,0.39734041411386417,0.0,3.1209775960078563,3.058486183973849,137.5602236432402
1.04203740753917,0.0,0.07556060395430068,0.0,0.3977404141138642,0.0,3.1201483682163214,3.0583436499457033,136.89608168862054
1.0419105486835414,0.0,0.07555697546680232,0.0,0.3981404141138642,0.0,3.1193179222246634,3.0582013328835655,136.23489022789505
1.0417838173177587,0.0,0.07555311076351215,0.0,0.3985404141138642,0.0,3.1184862584305306,3.058059233271692,135.57663860999747
1.0416572138494713,0.0,0.07554901034832144,0.0,0.3989404141138642,0.0,3.117653377247581,3.0579173515922027,134.92131620062122
1.0415307386856638,0.0,0.07554467472571037,0.0,0.39934041411386423,0.0,3.116819279105529,3.057775688325076,134.2689123824042
1.0414043922326526,0.0,0.07554010440075196,0.0,0.39974041411386424,0.0,3.1159839644502245,3.057634243948136,133.61941655503358
1.0412781748960753,0.0,0.07553529987911745,0.0,0.40014041411386425,0.0,3.1151474337437164,3.0574930189370497,132.97281813541628
1.041152087080881,0.0,0.07553026166708297,0.0,0.40054041411386426,0.0,3.1143096874642997,3.057352013765316,132.3291065577926
1.0410261291913212,0.0,0.07552499027153435,0.0,0.4009404141138643,0.0,3.1134707261065873,3.057211228904253,131.68827127389267
1.0409003016309406,0.0,0.07551948619997229,0.0,0.4013404141138643,0.0,3.112630550181572,3.0570706648229966,131.05030175308463
1.040774604802572,0.0,0.07551374996051621,0.0,0.4017404141138643,0.0,3.111789160216688,3.0569303219884865,130.41518748247455
1.0406490391083207,0.0,0.07550778206191151,0.0,0.4021404141138643,0.0,3.110946556755864,3.0567902008654597,129.7829179670698
1.0405236049495594,0.0,0.07550158301353324,0.0,0.4025404141138643,0.0,3.1101027403595864,3.056650301916445,129.15348272991383
1.0403983027269197,0.0,0.07549515332539046,0.0,0.40294041411386433,0.0,3.109257711604966,3.0565106256017485,128.5268713122013
1.0402731328402828,0.0,0.075488493508131,0.0,0.40334041411386434,0.0,3.108411471085789,3.056371172379448,127.90307327340955
1.0401480956887665,0.0,0.07548160407304762,0.0,0.40374041411386435,0.0,3.1075640194125733,3.056231942705389,127.28207819144981
1.0400231916707219,0.0,0.07547448553208021,0.0,0.40414041411386437,0.0,3.106715357212638,3.0560929370331693,126.66387566277174
1.0398984211837208,0.0,0.07546713839782139,0.0,0.4045404141138644,0.0,3.1058654851301504,3.0559541558141348,126.04845530249105
1.0397737846245463,0.0,0.07545956318352115,0.0,0.4049404141138644,0.0,3.1050144038261873,3.0558155994973695,125.43580674454103
1.0396492823891867,0.0,0.07545176040308958,0.0,0.4053404141138644,0.0,3.104162113978795,3.055677268529689,124.82591964175779
1.0395249148728227,0.0,0.0754437305711025,0.0,0.4057404141138644,0.0,3.1033086162830377,3.0555391633556317,124.2187836660348
1.0394006824698194,0.0,0.07543547420280478,0.0,0.4061404141138644,0.0,3.1024539114510596,3.0554012844174507,123.61438850843248
1.03927658557372,0.0,0.07542699181411333,0.0,0.40654041411386443,0.0,3.1015980002121375,3.0552636321551043,123.01272387928805
1.0391526245772318,0.0,0.07541828392162271,0.0,0.40694041411386445,0.0,3.1007408833127355,3.0551262070062477,122.41377950834874
1.0390287998722214,0.0,0.07540935104260678,0.0,0.40734041411386446,0.0,3.099882561516565,3.0549890094062286,121.81754514488185
1.038905111849702,0.0,0.07540019369502395,0.0,0.40774041411386447,0.0,3.099023035604627,3.0548520397880745,121.22401055779659
1.0387815608998272,0.0,0.07539081239751924,0.0,0.4081404141138645,0.0,3.0981623063752757,3.0547152985824897,120.63316553574805
1.0386581474118775,0.0,0.07538120766942956,0.0,0.4085404141138645,0.0,3.0973003746442607,3.054578786217842,120.04499988726505
1.0385348717742577,0.0,0.07537138003078402,0.0,0.4089404141138645,0.0,3.0964372412447942,3.0544425031201583,119.45950344084721
1.038411734374481,0.0,0.07536133000231005,0.0,0.4093404141138645,0.0,3.0955729070275884,3.054306449713115,118.8766660450863
1.0382887355991643,0.0,0.07535105810543442,0.0,0.4097404141138645,0.0,3.0947073728609142,3.0541706264180313,118.29647756876545
1.0381658758340155,0.0,0.07534056486228762,0.0,0.41014041411386454,0.0,3.0938406396306477,3.054035033653862,117.71892790098576
1.0380431554638276,0.0,0.07532985079570571,0.0,0.41054041411386455,0.0,3.0929727082403193,3.0538996718371862,117.14400695124775
1.0379205748724674,0.0,0.07531891642923312,0.0,0.41094041411386456,0.0,3.092103579611173,3.053764541382204,116.57170464957565
1.0377981344428646,0.0,0.07530776228712671,0.0,0.41134041411386457,0.0,3.091233254682197,3.0536296427007255,116.00201094661935
1.037675834557009,0.0,0.07529638889435562,0.0,0.4117404141138646,0.0,3.090361734410192,3.0534949762021646,115.43491581374582
1.037553675595932,0.0,0.07528479677660688,0.0,0.4121404141138646,0.0,3.0894890197698026,3.0533605422935324,114.8704092431525
1.0374316579397045,0.0,0.07527298646028548,0.0,0.4125404141138646,0.0,3.0886151117535734,3.0532263413794265,114.3084812479679
1.0373097819674248,0.0,0.07526095847251774,0.0,0.4129404141138646,0.0,3.08774001137199,3.053092373862026,113.74912186234022
1.0371880480572095,0.0,0.07524871334115292,0.0,0.41334041411386463,0.0,3.0868637196535316,3.052958640141083,113.19232114154664
1.0370664565861851,0.0,0.0752362515947655,0.0,0.41374041411386464,0.0,3.0859862376447094,3.052825140613915,112.6380691620779
1.036945007930477,0.0,0.07522357376265743,0.0,0.41414041411386465,0.0,3.0851075664101115,3.0526918756754005,112.08635602174695
1.0368237024652016,0.0,0.07521068037485948,0.0,0.41454041411386466,0.0,3.0842277070324533,3.0525588457179653,111.53717183977307
1.0367025405644563,0.0,0.07519757196213378,0.0,0.4149404141138647,0.0,3.0833466606126136,3.0524260511315795,110.99050675687806
1.0365815226013109,0.0,0.07518424905597451,0.0,0.4153404141138647,0.0,3.0824644282696774,3.0522934923037512,110.44635093537883
1.0364606489477972,0.0,0.0751707121886105,0.0,0.4157404141138647,0.0,3.081581011140982,3.0521611696195174,109.90469455927467
1.036339919974901,0.0,0.07515696189300562,0.0,0.4161404141138647,0.0,3.0806964103821604,3.052029083461434,109.36552783433922
1.0362193360525525,0.0,0.07514299870286123,0.0,0.4165404141138647,0.0,3.0798106271671757,3.051897234209574,108.82884098820429
1.0360988975496144,0.0,0.07512882315261726,0.0,0.41694041411386473,0.0,3.0789236626883563,3.0517656222415184,108.29462427045402
1.0359786048338784,0.0,0.07511443577745212,0.0,0.41734041411386474,0.0,3.0780355181564563,3.0516342479323453,107.76286795269917
1.0358584582720487,0.0,0.07509983711328644,0.0,0.41774041411386476,0.0,3.077146194800665,3.0515031116546294,107.23356232867164
1.035738458229738,0.0,0.07508502769678137,0.0,0.41814041411386477,0.0,3.0762556938686703,3.0513722137784303,106.70669771430175
1.0356186050714578,0.0,0.0750700080653406,0.0,0.4185404141138648,0.0,3.0753640166266867,3.0512415546712877,106.18226444779859
1.0354988991606042,0.0,0.07505477875711233,0.0,0.4189404141138648,0.0,3.0744711643594775,3.0511111346982123,105.66025288973557
1.035379340859457,0.0,0.07503934031098738,0.0,0.4193404141138648,0.0,3.0735771383704216,3.050980954221681,105.14065342312384
1.0352599305291612,0.0,0.07502369326660252,0.0,0.4197404141138648,0.0,3.072681939981517,3.050851013601629,104.62345645349586
1.0351406685297249,0.0,0.07500783816433915,0.0,0.4201404141138648,0.0,3.071785570533438,3.0507213131954467,104.10865240898264
1.0350215552200066,0.0,0.07499177554532473,0.0,0.42054041411386484,0.0,3.070888031385554,3.0505918533579646,103.59623174037333
1.034902590957707,0.0,0.07497550595143239,0.0,0.42094041411386485,0.0,3.0699893239159732,3.0504626344414563,103.0861849212171
1.034783776099358,0.0,0.0749590299252823,0.0,0.42134041411386486,0.0,3.069089449521568,3.0503336567956243,102.57850244787411
1.0346651110003158,0.0,0.07494234801024065,0.0,0.42174041411386487,0.0,3.0681884096180068,3.050204920767598,102.07317483959795
1.0345465960147515,0.0,0.07492546075041975,0.0,0.4221404141138649,0.0,3.067286205639793,3.0500764267019256,101.57019263860155
1.0344282314956394,0.0,0.07490836869067947,0.0,0.4225404141138649,0.0,3.066382839040281,3.0499481749405684,101.06954641012936
1.0343100177947493,0.0,0.07489107237662565,0.0,0.4229404141138649,0.0,3.0654783112917183,3.0498201658228936,100.57122674253128
1.0341919552626413,0.0,0.07487357235460937,0.0,0.4233404141138649,0.0,3.064572623885273,3.049692399685665,100.07522424730934
1.0340740442486467,0.0,0.07485586917172928,0.0,0.4237404141138649,0.0,3.0636657783310453,3.049564876863045,99.5815295592163
1.0339562851008697,0.0,0.07483796337582817,0.0,0.42414041411386494,0.0,3.0627577761581217,3.049437597686578,99.09013333629065
1.0338386781661704,0.0,0.07481985551549462,0.0,0.42454041411386495,0.0,3.0618486189145733,3.0493105624851955,98.60102625993679
1.0337212237901598,0.0,0.07480154614006121,0.0,0.42494041411386496,0.0,3.0609383081675023,3.049183771585197,98.114199034986
1.03360392231719,0.0,0.07478303579960413,0.0,0.425340414113865,0.0,3.0600268455030593,3.0490572253102552,97.62964238975198
1.0334867740903435,0.0,0.07476432504494285,0.0,0.425740414113865,0.0,3.0591142325264626,3.0489309239814038,97.14734707609617
1.0333697794514247,0.0,0.074745414427639,0.0,0.426140414113865,0.0,3.058200470862028,3.048804867917034,96.66730386948794
1.033252938740952,0.0,0.07472630449999501,0.0,0.426540414113865,0.0,3.057285562153186,3.048679057432888,96.1895035690606
1.0331362522981467,0.0,0.07470699581505386,0.0,0.426940414113865,0.0,3.056369508062505,3.0485534928420517,95.71393699766594
1.0330197204609273,0.0,0.0746874889265969,0.0,0.42734041411386503,0.0,3.0554523102717215,3.0484281744549504,95.24059500193144
1.032903343565896,0.0,0.07466778438914369,0.0,0.42774041411386504,0.0,3.0545339704817414,3.0483031025793434,94.76946845232203
1.032787121948332,0.0,0.07464788275795017,0.0,0.42814041411386505,0.0,3.0536144904126727,3.0481782775203183,94.30054824318731
1.0326710559421834,0.0,0.07462778458900708,0.0,0.42854041411386506,0.0,3.0526938718038408,3.048053699580284,93.83382529281019
1.032555145880057,0.0,0.0746074904390389,0.0,0.4289404141138651,0.0,3.051772116413803,3.0479293690589633,93.36929054346558
1.032439392093208,0.0,0.07458700086550213,0.0,0.4293404141138651,0.0,3.0508492260203695,3.0478052862533955,92.906934961469
1.0323237949115334,0.0,0.07456631642658323,0.0,0.4297404141138651,0.0,3.049925202420615,3.0476814514579216,92.44674953723043
1.0322083546635628,0.0,0.07454543768119741,0.0,0.4301404141138651,0.0,3.0490000474308974,3.0475578649641824,91.98872528528531
1.0320930716764467,0.0,0.07452436518898653,0.0,0.4305404141138651,0.0,3.048073762886866,3.0474345270611156,91.53285324436666
1.0319779462759506,0.0,0.07450309951031725,0.0,0.43094041411386513,0.0,3.047146350643484,3.0473114380349484,91.079124477432
1.0318629787864462,0.0,0.07448164120627862,0.0,0.43134041411386514,0.0,3.04621781257503,3.04718859816919,90.62753007171457
1.0317481695309005,0.0,0.0744599908386804,0.0,0.43174041411386516,0.0,3.04528815057512,3.0470660077446303,90.17806113876588
1.031633518830867,0.0,0.07443814897005094,0.0,0.43214041411386517,0.0,3.0443573665567087,3.0469436670393333,89.73070881450903
1.0315190270064791,0.0,0.07441611616363422,0.0,0.4325404141138652,0.0,3.0434254624521073,3.0468215763286324,89.28546425926186
1.0314046943764401,0.0,0.07439389298338818,0.0,0.4329404141138652,0.0,3.0424924402129863,3.0466997358851238,88.8423186577925
1.0312905212580117,0.0,0.07437147999398246,0.0,0.4333404141138652,0.0,3.0415583018103827,3.0465781459786654,88.40126321935497
1.0311765079670117,0.0,0.07434887776079448,0.0,0.4337404141138652,0.0,3.0406230492347146,3.0464568068763658,87.96228917772021
1.0310626548177995,0.0,0.0743260868499078,0.0,0.4341404141138652,0.0,3.0396866844957864,3.046335718842587,87.52538779123262
1.0309489621232681,0.0,0.07430310782811,0.0,0.43454041411386524,0.0,3.038749209622786,3.0462148821389334,87.09055034282716
1.0308354301948388,0.0,0.07427994126288871,0.0,0.43494041411386525,0.0,3.0378106266642892,3.046094297024251,86.65776814007125
1.0307220593424495,0.0,0.07425658772242902,0.0,0.43534041411386526,0.0,3.036870937688278,3.0459739637546197,86.22703251520403
1.0306088498745465,0.0,0.07423304777561081,0.0,0.43574041411386527,0.0,3.0359301447821276,3.0458538825833545,85.79833482516977
1.0304958020980772,0.0,0.0742093219920054,0.0,0.4361404141138653,0.0,3.0349882500526157,3.045734053760993,85.3716664516422
1.0303829163184803,0.0,0.07418541094187261,0.0,0.4365404141138653,0.0,3.03404525562592,3.045614477535297,84.94701880106393
1.0302701928396787,0.0,0.07416131519615718,0.0,0.4369404141138653,0.0,3.0331011636476246,3.045495154151248,84.52438330467416
1.0301576319640675,0.0,0.07413703532648627,0.0,0.4373404141138653,0.0,3.032155976282704,3.0453760838510378,84.10375141854061
1.0300452339925112,0.0,0.07411257190516454,0.0,0.43774041411386533,0.0,3.031209695715544,3.0452572668740725,83.68511462358529
1.029932999224331,0.0,0.0740879255051722,0.0,0.43814041411386534,0.0,3.030262324149918,3.045138703456958,83.26846442560907
1.0298209279572963,0.0,0.07406309670016056,0.0,0.43854041411386535,0.0,3.0293138638089947,3.04502039383351,82.85379235533159
1.0297090204876185,0.0,0.07403808606444913,0.0,0.43894041411386536,0.0,3.0283643169353263,3.044902338234733,82.44108996840083
1.029597277109943,0.0,0.07401289417302044,0.0,0.4393404141138654,0.0,3.0274136857908536,3.044784536888831,82.03034884542461
1.029485698117338,0.0,0.07398752160151793,0.0,0.4397404141138654,0.0,3.0264619726568878,3.044666990021198,81.62156059200231
1.029374283801287,0.0,0.07396196892624128,0.0,0.4401404141138654,0.0,3.0255091798341054,3.0445496978544115,81.21471683873557
1.0292630344516855,0.0,0.07393623672414161,0.0,0.4405404141138654,0.0,3.0245553096425533,3.0444326606082326,80.80980924125024
1.029151950356824,0.0,0.07391032557281929,0.0,0.4409404141138654,0.0,3.0236003644216147,3.0443158784996034,80.40682948023007
1.029041031803388,0.0,0.07388423605051797,0.0,0.44134041411386543,0.0,3.0226443465300226,3.044199351742639,80.00576926142637
1.0289302790764456,0.0,0.07385796873612122,0.0,0.44174041411386544,0.0,3.021687258345836,3.044083080548627,79.60662031567858
1.0288196924594397,0.0,0.07383152420914844,0.0,0.44214041411386545,0.0,3.0207291022664275,3.043967065126025,79.20937439893339
1.0287092722341802,0.0,0.07380490304975003,0.0,0.44254041411386547,0.0,3.0197698807084725,3.043851305680456,78.81402329226503
1.0285990186808385,0.0,0.07377810583870285,0.0,0.4429404141138655,0.0,3.0188095961079426,3.043735802414703,78.4205588018846
1.028488932077936,0.0,0.07375113315740603,0.0,0.4433404141138655,0.0,3.0178482509200757,3.0436205555287104,78.02897275916214
1.028379012702338,0.0,0.07372398558787593,0.0,0.4437404141138655,0.0,3.0168858476193723,3.0435055652195775,77.63925702063992
1.0282692608292452,0.0,0.07369666371274221,0.0,0.4441404141138655,0.0,3.0159223886995696,3.0433908316815557,77.25140346804127
1.0281596767321868,0.0,0.07366916811524192,0.0,0.4445404141138655,0.0,3.014957876673634,3.043276355106048,76.8654040082933
1.0280502606830115,0.0,0.07364149937921564,0.0,0.44494041411386553,0.0,3.01399231407373,3.0431621356816048,76.48125057352735
1.0279410129518798,0.0,0.07361365808910228,0.0,0.44534041411386555,0.0,3.0130257034512082,3.043048173593919,76.09893512109807
1.0278319338072588,0.0,0.07358564482993343,0.0,0.44574041411386556,0.0,3.0120580473765846,3.042934469025826,75.71844963358836
1.0277230235159105,0.0,0.07355746018732925,0.0,0.44614041411386557,0.0,3.011089348439516,3.0428210221573013,75.3397861188256
1.0276142823428875,0.0,0.07352910474749261,0.0,0.4465404141138656,0.0,3.010119609248777,3.0427078331654553,74.96293660988246
1.0275057105515237,0.0,0.07350057909720425,0.0,0.4469404141138656,0.0,3.009148832432237,3.042594902224533,74.58789316508685
1.0273973084034271,0.0,0.0734718838238172,0.0,0.4473404141138656,0.0,3.0081770206368343,3.0424822295059135,74.21464786803477
1.0272890761584732,0.0,0.07344301951525145,0.0,0.4477404141138656,0.0,3.0072041765285564,3.042369815178101,73.84319282758543
1.0271810140747968,0.0,0.07341398675998857,0.0,0.4481404141138656,0.0,3.0062303027924075,3.0422576594067294,73.47352017787412
1.0270731224087835,0.0,0.07338478614706642,0.0,0.44854041411386564,0.0,3.005255402132375,3.042145762354556,73.10562207831688
1.0269654014150649,0.0,0.07335541826607285,0.0,0.44894041411386565,0.0,3.0042794772714143,3.0420341241814652,72.73949071360548
1.0268578513465099,0.0,0.0733258837071405,0.0,0.44934041411386566,0.0,3.0033025309514136,3.041922745044457,72.37511829372335
1.0267504724542162,0.0,0.07329618306094146,0.0,0.44974041411386567,0.0,3.002324565933155,3.041811625097653,72.0124970539326
1.0266432649875075,0.0,0.0732663169186801,0.0,0.4501404141138657,0.0,3.001345584996301,3.0417007644922913,71.65161925478614
1.02653622919392,0.0,0.07323628587208879,0.0,0.4505404141138657,0.0,3.0003655909393387,3.0415901633767257,71.29247718212522
1.0264293653192,0.0,0.07320609051342086,0.0,0.4509404141138657,0.0,2.9993845865795663,3.0414798218964254,70.93506314707457
1.0263226736072963,0.0,0.07317573143544488,0.0,0.4513404141138657,0.0,2.9984025747530483,3.0413697401939688,70.5793694860472
1.0262161543003518,0.0,0.07314520923143857,0.0,0.45174041411386573,0.0,2.997419558314582,3.0412599184090467,70.22538856073325
1.0261098076386976,0.0,0.07311452449518256,0.0,0.45214041411386574,0.0,2.996435540137664,3.041150356678458,69.87311275810839
1.0260036338608451,0.0,0.07308367782095428,0.0,0.45254041411386575,0.0,2.9954505231144464,3.0410410551361107,69.5225344904253
1.025897633203481,0.0,0.07305266980352142,0.0,0.45294041411386576,0.0,2.994464510155701,3.040932013913019,69.17364619520049
1.0257918059014586,0.0,0.0730215010381358,0.0,0.4533404141138658,0.0,2.9934775041907833,3.0408232331373015,68.82644033522467
1.0256861521877927,0.0,0.07299017212052657,0.0,0.4537404141138658,0.0,2.99248950816759,3.0407147129341823,68.48090939854623
1.0255806722936511,0.0,0.07295868364689416,0.0,0.4541404141138658,0.0,2.991500525052513,3.04060645342599,68.13704589846455
1.0254753664483507,0.0,0.07292703621390317,0.0,0.4545404141138658,0.0,2.9905105578304023,3.040498454732153,67.79484237352958
1.025370234879348,0.0,0.07289523041867617,0.0,0.4549404141138658,0.0,2.989519609504524,3.040390716969202,67.45429138752633
1.0252652778122349,0.0,0.07286326685878688,0.0,0.45534041411386583,0.0,2.988527683096504,3.0402832402507687,67.1153855294659
1.0251604954707307,0.0,0.0728311461322531,0.0,0.45574041411386584,0.0,2.9875347816463,3.0401760246875855,66.77811741358155
1.0250558880766774,0.0,0.07279886883753016,0.0,0.45614041411386586,0.0,2.9865409082121412,3.0400690703874838,66.44247967931804
1.0249514558500328,0.0,0.07276643557350361,0.0,0.45654041411386587,0.0,2.985546065870491,3.039962377455392,66.10846499130935
1.0248471990088617,0.0,0.07273384693948319,0.0,0.4569404141138659,0.0,2.9845502577159855,3.0398559459933425,65.77606603938136
1.024743117769335,0.0,0.07270110353519457,0.0,0.4573404141138659,0.0,2.9835534868613998,3.0397497761004573,65.4452755385285
1.0246392123457173,0.0,0.07266820596077325,0.0,0.4577404141138659,0.0,2.982555756437583,3.039643867872966,65.11608622890708
1.0245354829503681,0.0,0.0726351548167565,0.0,0.4581404141138659,0.0,2.9815570695934217,3.0395382214041886,64.78849087581858
1.0244319297937285,0.0,0.072601950704077,0.0,0.4585404141138659,0.0,2.980557429495771,3.039432836784546,64.46248226969462
1.0243285530843187,0.0,0.07256859422405526,0.0,0.45894041411386594,0.0,2.979556839329415,3.0393277141015567,64.13805322608252
1.0242253530287349,0.0,0.07253508597839163,0.0,0.45934041411386595,0.0,2.978555302297007,3.0392228534398353,63.815196585630076
1.0241223298316393,0.0,0.07250142656915966,0.0,0.45974041411386596,0.0,2.9775528216190175,3.0391182548810955,63.49390521406379
1.0240194836957541,0.0,0.07246761659879891,0.0,0.46014041411386597,0.0,2.9765494005336666,3.0390139185041494,63.174172002179475
1.0239168148218587,0.0,0.07243365667010644,0.0,0.460540414113866,0.0,2.975545042296879,3.0389098443849076,62.85598986581954
1.0238143234087829,0.0,0.07239954738622985,0.0,0.460940414113866,0.0,2.9745397501822266,3.03880603259638,62.53935174585186
1.0237120096534027,0.0,0.07236528935065933,0.0,0.461340414113866,0.0,2.9735335274808596,3.0387024832086724,62.22425060815576
1.0236098737506303,0.0,0.07233088316722049,0.0,0.461740414113866,0.0,2.9725263775014534,3.038599196288997,61.91067944360407
1.023507915893415,0.0,0.0722963294400661,0.0,0.462140414113866,0.0,2.971518303570144,3.0384961719016603,61.598631268027205
1.0234061362727336,0.0,0.07226162877366833,0.0,0.46254041411386604,0.0,2.9705093090304713,3.038393410108074,61.28809912221122
1.0233045350775851,0.0,0.07222678177281133,0.0,0.46294041411386605,0.0,2.969499397243306,3.038290910966751,60.97907607186514
1.023203112494988,0.0,0.07219178904258268,0.0,0.46334041411386606,0.0,2.9684885715867972,3.038188674533308,60.67155520760265
1.0231018687099727,0.0,0.07215665118836605,0.0,0.4637404141138661,0.0,2.9674768354562984,3.038086700860468,60.36552964491521
1.02300080390558,0.0,0.07212136881583232,0.0,0.4641404141138661,0.0,2.96646419226431,3.037984989998054,60.06099252414933
1.0228999182628506,0.0,0.0720859425309327,0.0,0.4645404141138661,0.0,2.9654506454404035,3.0378835419930006,59.75793701048531
1.022799211960825,0.0,0.07205037293988957,0.0,0.4649404141138661,0.0,2.9644361984311582,3.037782356889349,59.456356293908954
1.0226986851765376,0.0,0.07201466064918856,0.0,0.4653404141138661,0.0,2.963420854700099,3.0376814347282486,59.15624358918538
1.022598338085008,0.0,0.07197880626557093,0.0,0.46574041411386613,0.0,2.9624046177276044,3.037580775547961,58.85759213584075
1.022498170859244,0.0,0.07194281039602418,0.0,0.46614041411386614,0.0,2.9613874910108717,3.0374803793838594,58.560395198121796
1.0223981836702285,0.0,0.07190667364777487,0.0,0.46654041411386615,0.0,2.960369478063808,3.037380246268433,58.26464606498311
1.0222983766869218,0.0,0.07187039662827933,0.0,0.46694041411386616,0.0,2.9593505824169846,3.037280376231283,57.97033805004554
1.022198750076252,0.0,0.07183397994521584,0.0,0.4673404141138662,0.0,2.9583308076175494,3.0371807692991313,57.677464491582114
1.022099304003114,0.0,0.07179742420647575,0.0,0.4677404141138662,0.0,2.9573101572291587,3.037081425495819,57.3860187524763
1.022000038630365,0.0,0.0717607300201552,0.0,0.4681404141138662,0.0,2.9562886348319,3.0369823448423072,57.09599422020004
1.0219009541188167,0.0,0.07172389799454662,0.0,0.4685404141138662,0.0,2.9552662440222157,3.036883527356682,56.80738430677883
1.021802050627235,0.0,0.0716869287381297,0.0,0.4689404141138662,0.0,2.954242988412826,3.0367849730541545,56.52018244876868
1.0217033283123345,0.0,0.07164982285956331,0.0,0.46934041411386623,0.0,2.9532188716326515,3.0366866819470646,56.2343821072151
1.0216047873287741,0.0,0.07161258096767624,0.0,0.46974041411386624,0.0,2.9521938973267328,3.0365886540448828,55.94997676762783
1.0215064278291544,0.0,0.07157520367145881,0.0,0.47014041411386626,0.0,2.951168069156155,3.036490889354211,55.666959939946835
1.0214082499640098,0.0,0.07153769158005426,0.0,0.47054041411386627,0.0,2.9501413907979566,3.0363933878787877,55.38532515851202
1.021310253881812,0.0,0.07150004530274902,0.0,0.4709404141138663,0.0,2.949113865945066,3.0362961496194893,55.10506598202353
1.021212439728959,0.0,0.07146226544896488,0.0,0.4713404141138663,0.0,2.948085498306199,3.0361991745743317,54.82617599351464
1.021114807649774,0.0,0.07142435262824981,0.0,0.4717404141138663,0.0,2.947056291605782,3.036102462738477,54.54864880031515
1.0210173577865045,0.0,0.07138630745026829,0.0,0.4721404141138663,0.0,2.946026249583883,3.0360060141042307,54.27247803401431
1.0209200902793136,0.0,0.07134813052479348,0.0,0.4725404141138663,0.0,2.9449953759960996,3.035909828661051,53.99765735043054
1.020823005266282,0.0,0.07130982246169716,0.0,0.47294041411386634,0.0,2.9439636746134954,3.0358139063955445,53.724180429569245
1.0207261028834007,0.0,0.07127138387094117,0.0,0.47334041411386635,0.0,2.942931149222502,3.0357182472914768,53.4520409755916
1.0206293832645685,0.0,0.07123281536256847,0.0,0.47374041411386636,0.0,2.9418978036248293,3.035622851329771,53.1812327167775
1.0205328465415913,0.0,0.07119411754669329,0.0,0.47414041411386637,0.0,2.9408636416373914,3.0355277184885123,52.91174940548346
1.0204364928441756,0.0,0.07115529103349273,0.0,0.4745404141138664,0.0,2.9398286670921956,3.035432848742951,52.64358481811354
1.020340322299927,0.0,0.07111633643319709,0.0,0.4749404141138664,0.0,2.938792883836272,3.0353382420655093,52.37673275507133
1.0202443350343475,0.0,0.0710772543560808,0.0,0.4753404141138664,0.0,2.9377562957315684,3.035243898425778,52.111187040726406
1.0201485311708327,0.0,0.07103804541245291,0.0,0.4757404141138664,0.0,2.9367189066548676,3.0351498177905274,51.84694152338035
1.020052910830668,0.0,0.07099871021264807,0.0,0.47614041411386643,0.0,2.935680720497688,3.0350560001237064,51.58399007521491
1.0199574741330262,0.0,0.0709592493670171,0.0,0.47654041411386644,0.0,2.9346417411661907,3.0349624453864488,51.32232659226341
1.0198622211949664,0.0,0.07091966348591731,0.0,0.47694041411386645,0.0,2.9336019725810933,3.034869153537075,51.061944994362335
1.0197671521314293,0.0,0.07087995317970351,0.0,0.47734041411386646,0.0,2.932561418677565,3.034776124531099,50.80283922511826
1.0196722670552356,0.0,0.07084011905871836,0.0,0.4777404141138665,0.0,2.9315200834051276,3.03468335832123,50.545003251857736
1.0195775660770845,0.0,0.07080016173328278,0.0,0.4781404141138665,0.0,2.930477970727574,3.034590854857378,50.288431065594864
1.0194830493055493,0.0,0.07076008181368679,0.0,0.4785404141138665,0.0,2.9294350846228583,3.0344986140866563,50.03311668098047
1.0193887168470774,0.0,0.0707198799101796,0.0,0.4789404141138665,0.0,2.9283914290829944,3.0344066359533897,49.77905413626628
1.0192945688059873,0.0,0.07067955663296022,0.0,0.4793404141138665,0.0,2.9273470081139696,3.0343149203991135,49.52623749325791
1.0192006052844653,0.0,0.07063911259216807,0.0,0.47974041411386653,0.0,2.9263018257356324,3.034223467362583,49.274660837272805
1.0191068263825656,0.0,0.0705985483978729,0.0,0.48014041411386654,0.0,2.925255885981601,3.0341322767797774,49.024318277098374
1.0190132321982077,0.0,0.07055786466006565,0.0,0.48054041411386655,0.0,2.924209192899153,3.034041348583899,48.775203944941325
1.0189198228271739,0.0,0.0705170619886484,0.0,0.48094041411386657,0.0,2.923161750549131,3.0339506827053855,48.52731199639585
1.018826598363107,0.0,0.07047614099342499,0.0,0.4813404141138666,0.0,2.9221135630058295,3.033860279071912,48.28063661038385
1.0187335588975128,0.0,0.07043510228409101,0.0,0.4817404141138666,0.0,2.921064634356906,3.033770137608393,48.03517198911652
1.0186407045197525,0.0,0.07039394647022434,0.0,0.4821404141138666,0.0,2.9200149687032626,3.033680258236994,47.79091235805498
1.0185480353170444,0.0,0.07035267416127543,0.0,0.4825404141138666,0.0,2.9189645701589453,3.0335906408771294,47.547851965853724
1.0184555513744642,0.0,0.07031128596655707,0.0,0.4829404141138666,0.0,2.9179134428510363,3.033501285445473,47.30598508431568
1.018363252774941,0.0,0.07026978249523505,0.0,0.48334041411386663,0.0,2.9168615909195648,3.03341219185596,47.065306008353886
1.0182711395992565,0.0,0.07022816435631826,0.0,0.48374041411386665,0.0,2.91580901851736,3.033323360019795,46.825809055935906
1.0181792119260427,0.0,0.07018643215864899,0.0,0.48414041411386666,0.0,2.9147557298099827,3.033234789845458,46.58748856803828
1.018087469831786,0.0,0.07014458651089242,0.0,0.48454041411386667,0.0,2.9137017289755955,3.0331464812387052,46.35033890860126
1.01799591339082,0.0,0.07010262802152774,0.0,0.4849404141138667,0.0,2.9126470202048624,3.0330584341025806,46.114354464478936
1.0179045426753277,0.0,0.07006055729883748,0.0,0.4853404141138667,0.0,2.9115916077008284,3.0329706483374173,45.87952964538857
1.0178133577553417,0.0,0.070018374950898,0.0,0.4857404141138667,0.0,2.9105354956788227,3.0328831238408447,45.64585888386752
1.01772235869874,0.0,0.06997608158556945,0.0,0.4861404141138667,0.0,2.90947868836633,3.032795860507797,45.41333663521864
1.0176315455712488,0.0,0.06993367781048589,0.0,0.4865404141138667,0.0,2.9084211900028922,3.032708858230515,45.18195737746154
1.0175409184364408,0.0,0.0698911642330453,0.0,0.48694041411386674,0.0,2.9073630048399934,3.0326221168985548,44.951715611285834
1.017450477355734,0.0,0.06984854146039977,0.0,0.48734041411386675,0.0,2.906304137140937,3.0325356363987925,44.722605859998325
1.017360222388392,0.0,0.06980581009944528,0.0,0.48774041411386676,0.0,2.9052445911807423,3.0324494166154343,44.49462266947434
1.0172701535915238,0.0,0.06976297075681202,0.0,0.48814041411386677,0.0,2.9041843712460254,3.032363457430016,44.26776060810428
1.017180271020083,0.0,0.06972002403885424,0.0,0.4885404141138668,0.0,2.9031234816348794,3.0322777587214165,44.042014266746676
1.0170905747268695,0.0,0.06967697055164024,0.0,0.4889404141138668,0.0,2.90206192665677,3.0321923203658576,43.81737825867316
1.0170010647625274,0.0,0.0696338109009423,0.0,0.4893404141138668,0.0,2.9009997106324077,3.032107142236917,43.59384721951862
1.016911741175545,0.0,0.06959054569222703,0.0,0.4897404141138668,0.0,2.8999368378936343,3.0320222242055315,43.3714158072291
1.0168226040122568,0.0,0.069547175530645,0.0,0.49014041411386683,0.0,2.898873312783301,3.0319375661400025,43.15007870201056
1.0167336533168434,0.0,0.0695037010210207,0.0,0.49054041411386684,0.0,2.897809139655164,3.031853167906005,42.929830606272645
1.016644889131329,0.0,0.06946012276784279,0.0,0.49094041411386685,0.0,2.8967443228737473,3.0317690293665973,42.710666244581304
1.0165563114955865,0.0,0.06941644137525387,0.0,0.49134041411386686,0.0,2.895678866814235,3.03168515038222,42.492580363601476
1.0164679204473333,0.0,0.06937265744704042,0.0,0.4917404141138669,0.0,2.894612775862347,3.0316015308107116,42.275567732048074
1.0163797160221366,0.0,0.06932877158662287,0.0,0.4921404141138669,0.0,2.89354605441422,3.031518170507308,42.059623140624865
1.016291698253408,0.0,0.06928478439704552,0.0,0.4925404141138669,0.0,2.8924787068762834,3.0314350693246586,41.84474140198381
1.0162038671724123,0.0,0.06924069648096644,0.0,0.4929404141138669,0.0,2.891410737665142,3.031352227112823,41.63091735065363
1.01611622280826,0.0,0.06919650844064747,0.0,0.4933404141138669,0.0,2.89034215120745,3.0312696437192876,41.41814584300312
1.016028765187914,0.0,0.0691522208779442,0.0,0.49374041411386693,0.0,2.889272951939788,3.0311873189889686,41.20642175717397
1.0159414943361882,0.0,0.06910783439429598,0.0,0.49414041411386694,0.0,2.888203144308544,3.0311052527642217,40.99573999302996
1.0158544102757505,0.0,0.06906334959071547,0.0,0.49454041411386696,0.0,2.8871327327697904,3.031023444884844,40.78609547210361
1.0157675130271206,0.0,0.06901876706777928,0.0,0.49494041411386697,0.0,2.886061721789146,3.0309418951880884,40.57748313754189
1.0156808026086739,0.0,0.06897408742561742,0.0,0.495340414113867,0.0,2.8849901158416693,3.0308606035086725,40.36989795404466
1.0155942790366435,0.0,0.06892931126390332,0.0,0.495740414113867,0.0,2.8839179194117235,3.0307795696787774,40.16333490781771
1.0155079423251192,0.0,0.06888443918184406,0.0,0.496140414113867,0.0,2.8828451369928576,3.030698793528063,39.957789006506005
1.0154217924860514,0.0,0.06883947177816994,0.0,0.496540414113867,0.0,2.881771773087668,3.0306182748836754,39.75325527915095
1.0153358295292498,0.0,0.06879440965112502,0.0,0.496940414113867,0.0,2.880697832207686,3.0305380135702524,39.54972877611863
1.015250053462389,0.0,0.06874925339845643,0.0,0.49734041411386704,0.0,2.879623318873242,3.030458009409933,39.34720456906045
1.015164464291007,0.0,0.06870400361740497,0.0,0.49774041411386705,0.0,2.8785482376133396,3.0303782622223645,39.145677750840065
1.0150790620185086,0.0,0.06865866090469464,0.0,0.49814041411386706,0.0,2.8774725929655345,3.030298771824715,38.94514343548711
1.0149938466461668,0.0,0.06861322585652302,0.0,0.49854041411386707,0.0,2.8763963894757913,3.0302195380316754,38.745596758136955
1.0149088181731263,0.0,0.068567699068551,0.0,0.4989404141138671,0.0,2.875319631698376,3.03014056065547,38.5470328749723
1.0148239765964024,0.0,0.06852208113589302,0.0,0.4993404141138671,0.0,2.8742423241957056,3.03006183950587,38.34944696316823
1.014739321910888,0.0,0.06847637265310696,0.0,0.4997404141138671,0.0,2.873164471538238,3.0299833743901945,38.1528342208306
1.0146548541093505,0.0,0.06843057421418439,0.0,0.5001404141138671,0.0,2.8720860783043225,3.0299051651133233,37.95718986694118
1.014570573182438,0.0,0.06838468641254032,0.0,0.5005404141138671,0.0,2.871007149080089,3.029827211477708,37.762509141299816
1.0144864791186816,0.0,0.06833870984100347,0.0,0.500940414113867,0.0,2.8699276884593057,3.0297495132833716,37.56878730446546
1.0144025719044953,0.0,0.06829264509180659,0.0,0.501340414113867,0.0,2.8688477010432516,3.029672070327929,37.37601963769674
1.014318851524182,0.0,0.06824649275657604,0.0,0.5017404141138669,0.0,2.867767191440584,3.0295948824065873,37.18420144289438
1.0142353179599337,0.0,0.06820025342632229,0.0,0.5021404141138669,0.0,2.8666861642672137,3.029517949312159,36.99332804254489
1.0141519711918343,0.0,0.06815392769143008,0.0,0.5025404141138669,0.0,2.865604624146161,3.0294412708350698,36.80339477965488
1.0140688111978657,0.0,0.06810751614164832,0.0,0.5029404141138668,0.0,2.8645225757074355,3.0293648467633663,36.6143970176994
1.0139858379539064,0.0,0.06806101936608042,0.0,0.5033404141138668,0.0,2.8634400235879007,3.0292886768827305,36.42633014055977
1.0139030514337373,0.0,0.06801443795317455,0.0,0.5037404141138667,0.0,2.8623569724311366,3.029212760976481,36.23918955246421
1.0138204516090448,0.0,0.06796777249071367,0.0,0.5041404141138667,0.0,2.86127342688731,3.0291370988255877,36.052970677928656
1.013738038449423,0.0,0.06792102356580589,0.0,0.5045404141138666,0.0,2.860189391613048,3.029061690208681,35.86766896169502
1.0136558119223766,0.0,0.06787419176487468,0.0,0.5049404141138666,0.0,2.8591048712712883,3.0289865349020597,35.68327986867503
1.0135737719933264,0.0,0.0678272776736491,0.0,0.5053404141138665,0.0,2.8580198705311677,3.0289116326797005,35.499798883891714
1.01349191862561,0.0,0.06778028187715432,0.0,0.5057404141138665,0.0,2.8569343940678626,3.02883698331327,35.31722151241074
1.0134102517804882,0.0,0.06773320495970145,0.0,0.5061404141138665,0.0,2.855848446562483,3.02876258657213,35.13554327929248
1.013328771417147,0.0,0.06768604750487832,0.0,0.5065404141138664,0.0,2.8547620327019168,3.028688442223351,34.95475972951816
1.0132474774927007,0.0,0.06763881009553985,0.0,0.5069404141138664,0.0,2.8536751571787025,3.028614550031719,34.774866427943095
1.013166369962198,0.0,0.06759149331379802,0.0,0.5073404141138663,0.0,2.8525878246908967,3.028540909759749,34.59585895922952
1.0130854487786223,0.0,0.06754409774101275,0.0,0.5077404141138663,0.0,2.851500039941938,3.0284675211676935,34.41773292778025
1.0130047138929001,0.0,0.06749662395778197,0.0,0.5081404141138662,0.0,2.8504118076405076,3.028394384013547,34.24048395769219
1.0129241652539007,0.0,0.06744907254393251,0.0,0.5085404141138662,0.0,2.8493231325004063,3.028321498053067,34.064107692681205
1.0128438028084437,0.0,0.06740144407851005,0.0,0.5089404141138661,0.0,2.8482340192403997,3.0282488630397735,33.88859979603146
1.0127636265013011,0.0,0.06735373913977004,0.0,0.5093404141138661,0.0,2.847144472584106,3.028176478724964,33.71395595052948
1.0126836362752032,0.0,0.06730595830516821,0.0,0.5097404141138661,0.0,2.846054497259842,3.0281043448577236,33.54017185840415
1.0126038320708413,0.0,0.06725810215135085,0.0,0.510140414113866,0.0,2.8449640980004953,3.0280324611849347,33.367243241263495
1.0125242138268717,0.0,0.06721017125414595,0.0,0.510540414113866,0.0,2.8438732795433848,3.027960827451287,33.19516584003924
1.012444781479924,0.0,0.06716216618855327,0.0,0.5109404141138659,0.0,2.8427820466301346,3.027889443399289,33.02393541491911
1.0123655349646008,0.0,0.06711408752873538,0.0,0.5113404141138659,0.0,2.8416904040065214,3.0278183087692767,32.853547745288225
1.0122864742134858,0.0,0.06706593584800821,0.0,0.5117404141138658,0.0,2.840598356422359,3.0277474232994237,32.68399862966973
1.0122075991571469,0.0,0.06701771171883183,0.0,0.5121404141138658,0.0,2.839505908631343,3.027676786725755,32.51528388565757
1.0121289097241408,0.0,0.06696941571280131,0.0,0.5125404141138657,0.0,2.838413065390922,3.027606398782154,32.34739934985781
1.0120504058410198,0.0,0.06692104840063721,0.0,0.5129404141138657,0.0,2.83731983146217,3.027536259200375,32.18034087783228
1.0119720874323352,0.0,0.06687261035217677,0.0,0.5133404141138657,0.0,2.836226211609637,3.027466367710052,32.01410434402683
1.0118939544206411,0.0,0.06682410213636464,0.0,0.5137404141138656,0.0,2.835132210601216,3.0273967240387143,31.848685641714496
1.0118160067265032,0.0,0.06677552432124377,0.0,0.5141404141138656,0.0,2.834037833208015,3.02732732791179,31.68408068293771
1.0117382442685006,0.0,0.06672687747394629,0.0,0.5145404141138655,0.0,2.8329430842042083,3.0272581790526214,31.52028539843915
1.011660666963231,0.0,0.06667816216068474,0.0,0.5149404141138655,0.0,2.83184796836691,3.027189277182477,31.357295737602456
1.011583274725321,0.0,0.06662937894674269,0.0,0.5153404141138654,0.0,2.8307524904760353,3.0271206220205564,31.195107668389404
1.0115060674674228,0.0,0.06658052839646622,0.0,0.5157404141138654,0.0,2.8296566553141567,3.027052213284012,31.03371717728171
1.0114290451002295,0.0,0.06653161107325463,0.0,0.5161404141138654,0.0,2.828560467666382,3.0269840506879437,30.873120269215192
1.0113522075324723,0.0,0.0664826275395519,0.0,0.5165404141138653,0.0,2.8274639323202044,3.0269161339454294,30.71331296751554
1.0112755546709309,0.0,0.0664335783568378,0.0,0.5169404141138653,0.0,2.8263670540653734,3.0268484627675183,30.554291313842448
1.011199086420438,0.0,0.06638446408561868,0.0,0.5173404141138652,0.0,2.8252698376937566,3.0267810368632553,30.3960513681222
1.011122802683885,0.0,0.06633528528541946,0.0,0.5177404141138652,0.0,2.8241722879992057,3.0267138559396844,30.238589208485678
1.0110467033622272,0.0,0.06628604251477424,0.0,0.5181404141138651,0.0,2.8230744097774214,3.0266469197018617,30.08190093120762
1.0109707883544907,0.0,0.06623673633121811,0.0,0.5185404141138651,0.0,2.82197620782581,3.0265802278528695,29.925982650646027
1.010895057557777,0.0,0.0661873672912783,0.0,0.518940414113865,0.0,2.820877686943353,3.026513780093824,29.77083049917514
1.0108195108672722,0.0,0.06613793595046569,0.0,0.519340414113865,0.0,2.819778851930476,3.0264475761238883,29.616440627125783
1.010744148176248,0.0,0.06608844286326614,0.0,0.519740414113865,0.0,2.8186797075889034,3.026381615640284,29.462809202721942
1.0106689693760724,0.0,0.06603888858313227,0.0,0.5201404141138649,0.0,2.8175802587215304,3.0263158983383014,29.3099324120219
1.0105939743562147,0.0,0.06598927366247466,0.0,0.5205404141138649,0.0,2.8164805101322874,3.026250423911313,29.1578064588481
1.0105191630042503,0.0,0.06593959865265382,0.0,0.5209404141138648,0.0,2.815380466625999,3.0261851920507814,29.006427564731126
1.0104445352058673,0.0,0.06588986410397167,0.0,0.5213404141138648,0.0,2.8142801330082485,3.0261202024462777,28.85579196884639
1.0103700908448754,0.0,0.06584007056566307,0.0,0.5217404141138647,0.0,2.8131795140852556,3.026055454785486,28.705895927948653
1.0102958298032108,0.0,0.0657902185858879,0.0,0.5221404141138647,0.0,2.8120786146637267,3.025990948754216,28.556735716312865
1.010221751960941,0.0,0.0657403087117226,0.0,0.5225404141138646,0.0,2.810977439550732,3.0259266840364196,28.408307625669067
1.010147857196275,0.0,0.06569034148915205,0.0,0.5229404141138646,0.0,2.8098759935535615,3.025862660314197,28.26060796514099
1.0100741453855666,0.0,0.06564031746306159,0.0,0.5233404141138646,0.0,2.8087742814795957,3.025798877267813,28.11363306118244
1.0100006164033237,0.0,0.06559023717722867,0.0,0.5237404141138645,0.0,2.8076723081361754,3.025735334575705,27.967379257517734
1.0099272701222126,0.0,0.06554010117431538,0.0,0.5241404141138645,0.0,2.8065700783304544,3.025672031914497,27.821842915075848
1.0098541064130677,0.0,0.06548990999585973,0.0,0.5245404141138644,0.0,2.8054675968692857,3.0256089689590113,27.67702041192866
1.009781125144898,0.0,0.06543966418226833,0.0,0.5249404141138644,0.0,2.8043648685590767,3.025546145382278,27.53290814322989
1.00970832618489,0.0,0.06538936427280825,0.0,0.5253404141138643,0.0,2.8032618982056503,3.0254835608555517,27.38950252115111
1.009635709398421,0.0,0.0653390108055993,0.0,0.5257404141138643,0.0,2.8021586906141267,3.025421215048318,27.246799974818217
1.0095632746490608,0.0,0.06528860431760639,0.0,0.5261404141138643,0.0,2.8010552505887762,3.0253591076283097,27.104796950255498
1.0094910217985824,0.0,0.06523814534463154,0.0,0.5265404141138642,0.0,2.799951582932903,3.025297238261517,26.963489910310514
1.009418950706968,0.0,0.06518763442130633,0.0,0.5269404141138642,0.0,2.798847692448698,3.025235606612199,26.822875334605776
1.0093470612324158,0.0,0.0651370720810844,0.0,0.5273404141138641,0.0,2.797743583937116,3.025174212342896,26.682949719468347
1.0092753532313485,0.0,0.06508645885623388,0.0,0.5277404141138641,0.0,2.7966392621977425,3.0251130551144425,26.543709577866252
1.0092038265584187,0.0,0.06503579527782971,0.0,0.528140414113864,0.0,2.795534732028659,3.025052134585981,26.405151439352366
1.009132481066519,0.0,0.06498508187574659,0.0,0.528540414113864,0.0,2.7944299982263185,3.0249914504149675,26.267271849995808
1.0090613166067877,0.0,0.06493431917865099,0.0,0.5289404141138639,0.0,2.793325065585413,3.0249310022571905,26.130067372325314
1.0089903330286163,0.0,0.06488350771399445,0.0,0.5293404141138639,0.0,2.792219938898738,3.0248707897667826,25.993534585260804
1.008919530179659,0.0,0.06483264800800594,0.0,0.5297404141138639,0.0,2.7911146229570716,3.0248108125962276,25.857670084057787
1.0088489079058376,0.0,0.06478174058568463,0.0,0.5301404141138638,0.0,2.7900091225490375,3.0247510703963765,25.722470480238073
1.0087784660513512,0.0,0.064730785970793,0.0,0.5305404141138638,0.0,2.78890344246098,3.024691562816461,25.58793240153397
1.0087082044586835,0.0,0.0646797846858493,0.0,0.5309404141138637,0.0,2.787797587476836,3.024632289504103,25.45405249182395
1.0086381229686108,0.0,0.06462873725212102,0.0,0.5313404141138637,0.0,2.786691562378002,3.024573250105327,25.32082741106867
1.008568221420208,0.0,0.06457764418961745,0.0,0.5317404141138636,0.0,2.78558537194321,3.0245144442645757,25.18825383525205
1.0084984996508615,0.0,0.06452650601708297,0.0,0.5321404141138636,0.0,2.7844790209484045,3.024455871624716,25.056328456314617
1.0084289574962695,0.0,0.06447532325199022,0.0,0.5325404141138635,0.0,2.7833725141666013,3.02439753182706,24.9250479820978
1.0083595947904571,0.0,0.06442409641053298,0.0,0.5329404141138635,0.0,2.7822658563677747,3.0243394245113704,24.794409136280052
1.0082904113657818,0.0,0.06437282600761976,0.0,0.5333404141138635,0.0,2.781159052318726,3.0242815493158726,24.664408658309263
1.0082214070529396,0.0,0.06432151255686702,0.0,0.5337404141138634,0.0,2.7800521067829553,3.0242239058772733,24.53504330334868
1.0081525816809762,0.0,0.06427015657059232,0.0,0.5341404141138634,0.0,2.77894502452054,3.0241664938307693,24.406309842213822
1.0080839350772937,0.0,0.06421875855980798,0.0,0.5345404141138633,0.0,2.777837810288009,3.024109312810057,24.27820506130756
1.0080154670676589,0.0,0.06416731903421444,0.0,0.5349404141138633,0.0,2.7767304688382137,3.02405236244735,24.150725762557613
1.0079471774762132,0.0,0.06411583850219374,0.0,0.5353404141138632,0.0,2.775623004920212,3.023995642373387,24.02386876336029
1.0078790661254773,0.0,0.06406431747080335,0.0,0.5357404141138632,0.0,2.7745154232791385,3.0239391522174506,23.89763089651842
1.0078111328363633,0.0,0.06401275644576965,0.0,0.5361404141138632,0.0,2.7734077286560757,3.0238828916073706,23.77200901017379
1.0077433774281808,0.0,0.06396115593148158,0.0,0.5365404141138631,0.0,2.7722999257879475,3.0238268601695473,23.646999967751086
1.0076757997186474,0.0,0.06390951643098458,0.0,0.5369404141138631,0.0,2.771192019407382,3.023771057528953,23.522600647898592
1.0076083995238962,0.0,0.06385783844597454,0.0,0.537340414113863,0.0,2.7700840142426024,3.0237154833091515,23.39880794441836
1.0075411766584828,0.0,0.06380612247679116,0.0,0.537740414113863,0.0,2.7689759150172892,3.0236601371323113,23.275618766216596
1.0074741309353967,0.0,0.06375436902241284,0.0,0.5381404141138629,0.0,2.767867726450478,3.0236050186192127,23.153030037230444
1.0074072621660672,0.0,0.06370257858044974,0.0,0.5385404141138629,0.0,2.76675945325642,3.023550127389266,23.031038696378282
1.0073405701603746,0.0,0.06365075164713851,0.0,0.5389404141138628,0.0,2.7656511001444835,3.0234954630605193,22.909641697491665
1.007274054726657,0.0,0.06359888871733617,0.0,0.5393404141138628,0.0,2.764542671819012,3.0234410252496757,22.78883600925669
1.0072077156717212,0.0,0.06354699028451455,0.0,0.5397404141138628,0.0,2.763434172979229,3.0233868135721003,22.66861861515165
1.007141552800848,0.0,0.06349505684075438,0.0,0.5401404141138627,0.0,2.7623256083190997,3.023332827641838,22.548986513389565
1.0070755659178052,0.0,0.06344308887673951,0.0,0.5405404141138627,0.0,2.761216982527224,3.023279067071623,22.42993671685702
1.0070097548248529,0.0,0.0633910868817518,0.0,0.5409404141138626,0.0,2.7601083002867184,3.0232255314728937,22.31146625305019
1.0069441193227533,0.0,0.06333905134366512,0.0,0.5413404141138626,0.0,2.7589995662750892,3.0231722204558036,22.193572164017965
1.0068786592107828,0.0,0.0632869827489401,0.0,0.5417404141138625,0.0,2.757890785164143,3.023119133629231,22.076251506299002
1.0068133742867353,0.0,0.06323488158261875,0.0,0.5421404141138625,0.0,2.756781961619834,3.0230662706008,21.959501350866347
1.0067482643469372,0.0,0.06318274832831908,0.0,0.5425404141138624,0.0,2.7556731003021846,3.0230136309768834,21.84331878305838
1.0066833291862505,0.0,0.06313058346822979,0.0,0.5429404141138624,0.0,2.754564205865143,3.0229612143626214,21.727700902531424
1.0066185685980877,0.0,0.06307838748310507,0.0,0.5433404141138624,0.0,2.7534552829564936,3.022909020361934,21.61264482318399
1.0065539823744152,0.0,0.06302616085225977,0.0,0.5437404141138623,0.0,2.752346336217722,3.0228570485775283,21.498147673114026
1.0064895703057675,0.0,0.0629739040535637,0.0,0.5441404141138623,0.0,2.7512373702839197,3.02280529861092,21.384206594543976
1.0064253321812522,0.0,0.0629216175634372,0.0,0.5445404141138622,0.0,2.7501283897836597,3.0227537700624363,21.27081874377116
1.0063612677885636,0.0,0.06286930185684599,0.0,0.5449404141138622,0.0,2.749019399338898,3.0227024625312358,21.157981291103127
1.0062973769139865,0.0,0.06281695740729633,0.0,0.5453404141138621,0.0,2.7479104035648487,3.0226513756153155,21.04569142080266
1.0062336593424097,0.0,0.06276458468682998,0.0,0.5457404141138621,0.0,2.746801407069887,3.0226005089115286,20.93394633102188
1.0061701148573345,0.0,0.06271218416601984,0.0,0.546140414113862,0.0,2.745692414455431,3.0225498620155946,20.822743233745065
1.0061067432408817,0.0,0.06265975631396507,0.0,0.546540414113862,0.0,2.7445834303158363,3.022499434522111,20.71207935473783
1.0060435442738043,0.0,0.06260730159828638,0.0,0.546940414113862,0.0,2.7434744592382883,3.022449226024566,20.601951933474297
1.0059805177354932,0.0,0.06255482048512175,0.0,0.5473404141138619,0.0,2.7423655058026903,3.0223992361153535,20.492358223090413
1.0059176634039897,0.0,0.06250231343912167,0.0,0.5477404141138619,0.0,2.741256574581567,3.0223494643857824,20.383295490313934
1.0058549810559936,0.0,0.062449780923444914,0.0,0.5481404141138618,0.0,2.740147670139947,3.0222999104260913,20.274761015415585
1.0057924704668721,0.0,0.06239722339975411,0.0,0.5485404141138618,0.0,2.7390387970352634,3.0222505738254606,20.166752092142588
1.0057301314106697,0.0,0.06234464132821148,0.0,0.5489404141138617,0.0,2.7379299598172455,3.0222014541720243,20.059266027666084
1.005667963660119,0.0,0.0622920351674747,0.0,0.5493404141138617,0.0,2.7368211630278223,3.0221525510528817,19.952300142520592
1.0056059669866466,0.0,0.06223940537469262,0.0,0.5497404141138617,0.0,2.735712411201005,3.022103864054113,19.845851770541913
1.0055441411603872,0.0,0.062186752405501255,0.0,0.5501404141138616,0.0,2.7346037088628012,3.02205539276079,19.739918258813724
1.0054824859501885,0.0,0.06213407671401978,0.0,0.5505404141138616,0.0,2.733495060531097,3.0220071367569883,19.63449696761149
1.0054210011236249,0.0,0.062081378752846555,0.0,0.5509404141138615,0.0,2.7323864707155674,3.021959095625796,19.52958527033242
1.0053596864470038,0.0,0.062028658973055234,0.0,0.5513404141138615,0.0,2.7312779439175667,3.0219112689493373,19.425180553453956
1.005298541685377,0.0,0.06197591782419109,0.0,0.5517404141138614,0.0,2.730169484630034,3.021863656308772,19.32128021646364
1.0052375666025508,0.0,0.061923155754266976,0.0,0.5521404141138614,0.0,2.729061097337397,3.021816257284314,19.21788167180496
1.0051767609610924,0.0,0.06187037320975996,0.0,0.5525404141138613,0.0,2.7279527865154622,3.0217690714552465,19.11498234482586
1.005116124522343,0.0,0.061817570635607534,0.0,0.5529404141138613,0.0,2.726844556631324,3.021722098399928,19.012579673707734
1.0050556570474882,0.0,0.061764748475041896,0.0,0.5533404141138613,0.0,2.7257364121769374,3.021675337695184,18.910671110994095
1.0049352280175528,0.0,0.061659047161485465,0.0,0.5541404141138613,0.0,2.7235203971439295,3.0215824516464984,18.708326168801577
1.0048154719314704,0.0,0.06155327278476718,0.0,0.5549404141138613,0.0,2.7213047770038803,3.021490409909202,18.507927384233078
1.0046963868263135,0.0,0.061447428836307175,0.0,0.5557404141138613,0.0,2.719089587062492,3.0213992090720483,18.309454817878375
1.0045779707216598,0.0,0.0613415187823566,0.0,0.5565404141138613,0.0,2.716874862509091,3.0213088457097954,18.11288873097881
1.0044602216188445,0.0,0.061235546064062306,0.0,0.5573404141138614,0.0,2.7146606383800145,3.021219316384226,17.918209582046863
1.0043431375012692,0.0,0.06112951409737358,0.0,0.5581404141138614,0.0,2.7124469495557255,3.0211306176445367,17.725398025069197
1.004226716334714,0.0,0.06102342627295331,0.0,0.5589404141138614,0.0,2.7102338307579648,3.0210427460277263,17.534434907709375
1.0041109560676513,0.0,0.0609172859560931,0.0,0.5597404141138614,0.0,2.708021316546963,3.0209556980589762,17.34530126953041
1.003995854631557,0.0,0.060811096486632715,0.0,0.5605404141138615,0.0,2.70580944131869,3.020869470252044,17.157978340210718
1.0038814099412234,0.0,0.060704861178884045,0.0,0.5613404141138615,0.0,2.703598239302161,3.0207840591096407,16.972447537781754
1.0037676198950718,0.0,0.06059858332155858,0.0,0.5621404141138615,0.0,2.7013877445567878,3.020699461123817,16.788690466861304
1.0036544823754676,0.0,0.06049226617769996,0.0,0.5629404141138615,0.0,2.699177990969785,3.020615672776336,16.60668891690682
1.0035419952490314,0.0,0.060385912984619775,0.0,0.5637404141138616,0.0,2.696969012253616,3.0205326905390564,16.426424860468373
1.0034301563669508,0.0,0.06027952695383824,0.0,0.5645404141138616,0.0,2.6947608419434985,3.0204505108743094,16.24788045144848
1.0033189635652973,0.0,0.060173111271028576,0.0,0.5653404141138616,0.0,2.6925535133949574,3.0203691302352675,16.071038023375102
1.0032084146653348,0.0,0.06006666909596573,0.0,0.5661404141138616,0.0,2.690347059781425,3.020288545066318,15.895880087683942
1.0030985074738341,0.0,0.05996020356247901,0.0,0.5669404141138616,0.0,2.6881415140918956,3.0202087518034375,15.722389332001796
1.0029892397833837,0.0,0.059853717778408755,0.0,0.5677404141138617,0.0,2.685936909128628,3.0201297468745514,15.550548618439215
1.0028806093727032,0.0,0.059747214825567274,0.0,0.5685404141138617,0.0,2.683733277504904,3.020051526699904,15.380340981903611
1.0027726140069515,0.0,0.05964069775970374,0.0,0.5693404141138617,0.0,2.681530651642832,3.019974087692421,15.211749628393413
1.0026652514380394,0.0,0.059534169610472774,0.0,0.5701404141138617,0.0,2.6793290637712013,3.0198974262580673,15.044757933331649
1.0025585194049376,0.0,0.05942763338140716,0.0,0.5709404141138618,0.0,2.677128545923391,3.0198215387962115,14.879349439889204
1.0024524156339871,0.0,0.05932109204989483,0.0,0.5717404141138618,0.0,2.6749291299353346,3.0197464216999736,14.715507857311454
1.0023469378392067,0.0,0.05921454856715908,0.0,0.5725404141138618,0.0,2.672730847443522,3.0196720713565837,14.553217059266686
1.0022420837226,0.0,0.05910800585824313,0.0,0.5733404141138618,0.0,2.670533729883067,3.019598484147731,14.392461082199265
1.0021378509744632,0.0,0.059001466821998555,0.0,0.5741404141138619,0.0,2.66833780848582,3.0195256564499107,14.233224123676791
1.0020342372736883,0.0,0.0588949343310769,0.0,0.5749404141138619,0.0,2.6661431142785235,3.0194535846347716,14.075490540764179
1.0019312402880691,0.0,0.058788411231926144,0.0,0.5757404141138619,0.0,2.663949678081041,3.0193822650694573,13.919244848392292
1.0018288576746044,0.0,0.05868190034478951,0.0,0.5765404141138619,0.0,2.661757530504612,3.019311694116947,13.764471717736143
1.0017270870797994,0.0,0.05857540446370928,0.0,0.5773404141138619,0.0,2.6595667019501734,3.0192418681363895,13.611155974605055
1.001625926139966,0.0,0.0584689263565334,0.0,0.578140414113862,0.0,2.6573772226067267,3.0191727834834454,13.459282597834623
1.0015253724815243,0.0,0.05836246876492609,0.0,0.578940414113862,0.0,2.6551891224497575,3.019104436510607,13.308836717685633
1.001425423721298,0.0,0.058256034404381804,0.0,0.579740414113862,0.0,2.653002431239701,3.0190368235675384,13.159803614258557
1.0013260774668142,0.0,0.05814962596424308,0.0,0.580540414113862,0.0,2.6508171785204677,3.0189699410013935,13.012168715903123
1.0012273313165951,0.0,0.05804324610772126,0.0,0.5813404141138621,0.0,2.6486333936180086,3.018903785157143,12.86591759763914
1.0011291828604567,0.0,0.05793689747192153,0.0,0.5821404141138621,0.0,2.6464511056389415,3.018838352377889,12.72103597958764
1.0010316296797945,0.0,0.057830582667870625,0.0,0.5829404141138621,0.0,2.644270343469209,3.0187736390051882,12.577509725401733
1.000934669347881,0.0,0.05772430428054825,0.0,0.5837404141138621,0.0,2.642091135772814,3.01870964137936,12.435324840705672
1.0008382994301483,0.0,0.05761806486892171,0.0,0.5845404141138622,0.0,2.639913510990578,3.018646355839799,12.294467471547676
1.0007425174844806,0.0,0.05751186696598396,0.0,0.5853404141138622,0.0,2.637737497338959,3.0185837787252825,12.154923902839169
1.0006473210614957,0.0,0.05740571307879486,0.0,0.5861404141138622,0.0,2.635563122808929,3.0185219063742736,12.016680556826671
1.0005527077048302,0.0,0.05729960568852539,0.0,0.5869404141138622,0.0,2.6333904151648793,3.018460735125224,11.879723991537723
1.0004586749514215,0.0,0.057193547250505496,0.0,0.5877404141138622,0.0,2.631219401943589,3.01840026131687,11.744040899261059
1.0003652203317868,0.0,0.05708754019427442,0.0,0.5885404141138623,0.0,2.6290501104532398,3.018340481288526,11.609618105009133
1.0002723413703007,0.0,0.05698158692363484,0.0,0.5893404141138623,0.0,2.6268825677724714,3.018281391380381,11.476442565000095
1.0001800355854735,0.0,0.056875689816709235,0.0,0.5901404141138623,0.0,2.624716800749498,3.018222987933776,11.344501365129016
1.0000883004902203,0.0,0.056769851225999625,0.0,0.5909404141138623,0.0,2.622552836001248,3.0181652672915025,11.213781719466322
0.9999971335921388,0.0,0.05666407347845041,0.0,0.5917404141138624,0.0,2.620390699912582,3.018108225798071,11.084270968727186
0.9999065323937731,0.0,0.056558358875513866,0.0,0.5925404141138624,0.0,2.6182304186355303,3.0180518597999972,10.9559565787672
0.9998164943928853,0.0,0.05645270969321811,0.0,0.5933404141138624,0.0,2.6160720180885932,3.0179961656460748,10.828826139083596
0.9997270170827187,0.0,0.056347128182238686,0.0,0.5941404141138624,0.0,2.6139155239560714,3.017941139687641,10.702867361295159
0.9996380979522618,0.0,0.056241616567971865,0.0,0.5949404141138624,0.0,2.611760961687463,3.0178867782788537,10.578068077649345
0.9995497344865091,0.0,0.0561361770506115,0.0,0.5957404141138625,0.0,2.6096083564968846,3.0178330777769498,10.454416239512742
0.999461924166719,0.0,0.056030811805228065,0.0,0.5965404141138625,0.0,2.607457733362547,3.0177800345425068,10.33189991587139
0.9993746644706696,0.0,0.055925522981850266,0.0,0.5973404141138625,0.0,2.6053091170262737,3.0177276449397032,10.210507291827856
0.9992879528729163,0.0,0.05582031270554946,0.0,0.5981404141138625,0.0,2.603162531993066,3.0176759053365667,10.090226667098761
0.9992017868450378,0.0,0.05571518307652607,0.0,0.5989404141138626,0.0,2.6010180025307004,3.0176248121052325,9.971046454512699
0.999116163855889,0.0,0.055610136170198915,0.0,0.5997404141138626,0.0,2.5988755526693805,3.0175743616221884,9.852955178500142
0.9990310813718469,0.0,0.05550517403729681,0.0,0.6005404141138626,0.0,2.5967352062014286,3.01752455026851,9.73594147359481
0.998946536857054,0.0,0.0554002987039521,0.0,0.6013404141138626,0.0,2.5945969866810086,3.017475374430118,9.619994082914392
0.9988625277736617,0.0,0.05529551217179732,0.0,0.6021404141138627,0.0,2.5924609174239093,3.017426830497996,9.50510185664777
0.9987790515820669,0.0,0.055190816418062776,0.0,0.6029404141138627,0.0,2.5903270215073464,3.017378914868442,9.391253750540287
0.9986961057411531,0.0,0.05508621339567801,0.0,0.6037404141138627,0.0,2.5881953217698253,3.01733162394328,9.278438824364716
0.9986136877085209,0.0,0.054981705033373754,0.0,0.6045404141138627,0.0,2.5860658408110293,3.0172849541301043,9.166646240388207
0.9985317949407202,0.0,0.05487729323578691,0.0,0.6053404141138627,0.0,2.5839386009917518,3.0172389018424917,9.055865261842033
0.9984504248934809,0.0,0.054772979883567566,0.0,0.6061404141138628,0.0,2.58181362443387,3.017193463500221,8.946085251366824
0.9983695750219387,0.0,0.05466876683348738,0.0,0.6069404141138628,0.0,2.57969093302035,3.017148635529497,8.83729566945609
0.9982892427808594,0.0,0.05456465591855063,0.0,0.6077404141138628,0.0,2.577570548395301,3.017104414363153,8.729486072895334
0.9982094256248585,0.0,0.05446064894810652,0.0,0.6085404141138628,0.0,2.575452491964052,3.0170607964408687,8.62264611317239
0.9981301210086221,0.0,0.05435674770796393,0.0,0.6093404141138629,0.0,2.5733367848932764,3.017017778209371,8.516765534893878
0.9980513263871225,0.0,0.05425295396050723,0.0,0.6101404141138629,0.0,2.571223448111151,3.016975356122637,8.411834174174
0.9979730392158302,0.0,0.05414926944481464,0.0,0.6109404141138629,0.0,2.569112502307545,3.016933526642095,8.307841957003077
0.9978952569509266,0.0,0.05404569587677757,0.0,0.6117404141138629,0.0,2.567003967934249,3.016892286236817,8.204778897618596
0.9978179770495108,0.0,0.05394223494922204,0.0,0.612540414113863,0.0,2.564897865205237,3.016851631383715,8.102635096830394
0.9977411969698049,0.0,0.053838888332031494,0.0,0.613340414113863,0.0,2.562794214096968,3.016811558567722,8.001400740342586
0.9976649141713584,0.0,0.0537356576722713,0.0,0.614140414113863,0.0,2.5606930343487027,3.0167720642819864,7.901066097042991
0.9975891261152446,0.0,0.05363254459431453,0.0,0.614940414113863,0.0,2.558594345462881,3.0167331450280512,7.801621517276539
0.9975138302642634,0.0,0.05352955069996957,0.0,0.615740414113863,0.0,2.5564981667055107,3.0166947973160254,7.703057431066524
0.9974390240831302,0.0,0.053426677568608555,0.0,0.6165404141138631,0.0,2.5544045171065908,3.016657017664768,7.605364346337041
0.9973647050386719,0.0,0.05332392675729775,0.0,0.6173404141138631,0.0,2.5523134154605716,3.016619802602057,7.508532847079907
0.9972908706000134,0.0,0.053221299800928955,0.0,0.6181404141138631,0.0,2.5502248803268515,3.0165831486647576,7.412553591486928
0.9972175182387664,0.0,0.053118798212352145,0.0,0.6189404141138631,0.0,2.5481389300302792,3.016547052398984,7.317417310047206
0.9971446454292112,0.0,0.0530164234825094,0.0,0.6197404141138632,0.0,2.5460555826617215,3.0165115103602678,7.223114803614784
0.9970722496484791,0.0,0.05291417708057001,0.0,0.6205404141138632,0.0,2.543974856078624,3.0164765191137124,7.129636941386389
0.9970003283767296,0.0,0.05281206045406672,0.0,0.6213404141138632,0.0,2.5418967679056275,3.0164420752341496,7.036974658884958
0.9969288790973273,0.0,0.05271007502903312,0.0,0.6221404141138632,0.0,2.5398213355351906,3.0164081753062892,6.945118955848457
0.9968578992970141,0.0,0.052608222210141733,0.0,0.6229404141138633,0.0,2.5377485761282705,3.0163748159248724,6.854060894057845
0.9967873864660792,0.0,0.05250650338084373,0.0,0.6237404141138633,0.0,2.5356785066149916,3.0163419936948133,6.7637915951372225
0.9967173380985273,0.0,0.052404919903509005,0.0,0.6245404141138633,0.0,2.5336111436953646,3.016309705231343,6.674302238239221
0.9966477516922424,0.0,0.05230347311956733,0.0,0.6253404141138633,0.0,2.5315465038400338,3.016277947160149,6.585584057684743
0.9965786247491512,0.0,0.05220216434965064,0.0,0.6261404141138633,0.0,2.5294846032910328,3.016246716117513,6.497628340501439
0.9965099547753823,0.0,0.05210099489373593,0.0,0.6269404141138634,0.0,2.5274254580625817,3.0162160087504386,6.4104264238880955
0.9964417392814215,0.0,0.05199996603128867,0.0,0.6277404141138634,0.0,2.5253690839418894,3.016185821716789,6.323969692564777
0.9963739757822682,0.0,0.05189907902140765,0.0,0.6285404141138634,0.0,2.5233154964900084,3.016156151685406,6.2382495760266785
0.9963066617975855,0.0,0.05179833510297,0.0,0.6293404141138634,0.0,2.5212647110426794,3.016126995336237,6.153257545694455
0.9962397948518485,0.0,0.05169773549477674,0.0,0.6301404141138635,0.0,2.5192167427112175,3.0160983493604583,6.068985111910125
0.9961733724744921,0.0,0.05159728139569964,0.0,0.6309404141138635,0.0,2.51717160638342,3.016070210460591,5.985423820829553
0.9961073922000532,0.0,0.051496973984827984,0.0,0.6317404141138635,0.0,2.515129316724492,3.0160425753506113,5.902565251141711
0.9960418515683124,0.0,0.051396814421616206,0.0,0.6325404141138635,0.0,2.5130898881779875,3.016015440756069,5.820401010638122
0.9959767481244312,0.0,0.05129680384603198,0.0,0.6333404141138635,0.0,2.5110533349667796,3.0159888034141944,5.7389227326171675
0.9959120794190891,0.0,0.05119694337870494,0.0,0.6341404141138636,0.0,2.509019671094051,3.0159626600740013,5.658122072071725
0.9958478430086165,0.0,0.051097234121075384,0.0,0.6349404141138636,0.0,2.506988910344293,3.015937007496391,5.577990701696388
0.9957840364551244,0.0,0.05099767715554409,0.0,0.6357404141138636,0.0,2.504961066284333,3.0159118424542557,5.498520307650978
0.9957206573266321,0.0,0.05089827354562151,0.0,0.6365404141138636,0.0,2.5029361522643745,3.0158871617325733,5.419702585075708
0.995657703197195,0.0,0.05079902433607842,0.0,0.6373404141138637,0.0,2.5009141814190627,3.015862962128502,5.341529233339218
0.9955951716470248,0.0,0.05069993055309616,0.0,0.6381404141138637,0.0,2.49889516666856,3.01583924045147,5.263991950978111
0.9955330602626119,0.0,0.05060099320441708,0.0,0.6389404141138637,0.0,2.496879120719633,3.0158159935232702,5.1870824303427305
0.9954713666368423,0.0,0.050502213279495695,0.0,0.6397404141138637,0.0,2.4948660560667726,3.015793218178138,5.110792351816194
0.9954100883691124,0.0,0.050403591749649514,0.0,0.6405404141138638,0.0,2.492855984993319,3.0157709112628464,5.035113377726285
0.9953492230654445,0.0,0.050305129568210566,0.0,0.6413404141138638,0.0,2.490848919572592,3.0157490696367724,4.960037145756999
0.9952887683385946,0.0,0.050206827670676586,0.0,0.6421404141138638,0.0,2.48884487166906,3.0157276901719894,4.885555261873765
0.9952287218081621,0.0,0.050108686974862385,0.0,0.6429404141138638,0.0,2.4868438529395056,3.0157067697533324,4.811659292809377
0.9951690811006945,0.0,0.05001070838105176,0.0,0.6437404141138638,0.0,2.4848458748342046,3.015686305278477,4.738340757845462
0.9951098438497921,0.0,0.049912892772148686,0.0,0.6445404141138639,0.0,2.4828509485981294,3.015666293658005,4.665591120034051
0.9950510076962071,0.0,0.0498152410138291,0.0,0.6453404141138639,0.0,2.480859085272153,3.015646731815479,4.593401776665777
0.994992570287944,0.0,0.04971775395469243,0.0,0.6461404141138639,0.0,2.4788702956942754,3.0156276166875,4.521764048933491
0.9949345292803546,0.0,0.04962043242641313,0.0,0.6469404141138639,0.0,2.476884590500859,3.0156089452237764,4.450669170747929
0.9948768823362317,0.0,0.04952327724389188,0.0,0.647740414113864,0.0,2.474901980127868,3.015590714387183,4.380108276507196
0.994819627125903,0.0,0.049426289205407495,0.0,0.648540414113864,0.0,2.4729224748121275,3.0155729211538143,4.310072387786175
0.9947627613273168,0.0,0.04932946909276745,0.0,0.649340414113864,0.0,2.4709460845925912,3.0155555625130477,4.240552398834804
0.9947062826261321,0.0,0.049232817671459365,0.0,0.650140414113864,0.0,2.4689728193116216,3.015538635467595,4.171539060566483
0.9946501887158025,0.0,0.049136335690801614,0.0,0.650940414113864,0.0,2.4670026886162684,3.015522137033546,4.103022963126641
0.9945944772976583,0.0,0.04904002388409423,0.0,0.6517404141138641,0.0,2.465035701959569,3.015506064240426,4.0349945166020476
0.9945391460809874,0.0,0.048943882968769,0.0,0.6525404141138641,0.0,2.4630718686018556,3.015490414131241,3.967443929744138
0.9944841927831138,0.0,0.04884791364653988,0.0,0.6533404141138641,0.0,2.4611111976120648,3.015475183762517,3.900361186517177
0.9944296151294729,0.0,0.048752116603552734,0.0,0.6541404141138641,0.0,2.4591536978690565,3.0154603702043445,3.833736019966893
0.9943754108536866,0.0,0.048656492510534874,0.0,0.6549404141138642,0.0,2.4571993780629495,3.0154459705404233,3.767557883303179
0.9943215776976343,0.0,0.048561042022944395,0.0,0.6557404141138642,0.0,2.455248246696449,3.0154319818680895,3.7018159175000465
0.994268113411523,0.0,0.04846576578111897,0.0,0.6565404141138642,0.0,2.453300312086196,3.0154184012983607,3.6364989152092493
0.9942150157539543,0.0,0.04837066441042436,0.0,0.6573404141138642,0.0,2.4513555823641138,3.015405225955965,3.571595280202656
0.9941622824919919,0.0,0.04827573852140272,0.0,0.6581404141138643,0.0,2.44941406547876,3.0153924529793716,3.507092981761514
0.9941099114012228,0.0,0.048180988709919916,0.0,0.6589404141138643,0.0,2.4474757691966933,3.0153800795208254,3.442979503218732
0.9940579002658212,0.0,0.04808641555731309,0.0,0.6597404141138643,0.0,2.4455407011038326,3.015368102746367,3.3792417835955693
0.9940062468786062,0.0,0.047992019630537446,0.0,0.6605404141138643,0.0,2.4436088686068316,3.0153565198358616,3.315866151386678
0.9939549490411013,0.0,0.047897801482312485,0.0,0.6613404141138643,0.0,2.4416802789344585,3.0153453279830247,3.252838248885422
0.9939040045635886,0.0,0.047803761651267956,0.0,0.6621404141138644,0.0,2.4397549391389606,3.0153345243954393,3.190142945561661
0.9938534112651641,0.0,0.047709900662088967,0.0,0.6629404141138644,0.0,2.437832856097472,3.0153241062945786,3.127764238420374
0.9938031669737883,0.0,0.04761621902566121,0.0,0.6637404141138644,0.0,2.435914036513372,3.0153140709158213,3.0656851368149862
0.9937532695263374,0.0,0.04752271723921483,0.0,0.6645404141138644,0.0,2.433998486917697,3.0153044155084685,3.0038875287952536
0.9937037167686508,0.0,0.047429395786468244,0.0,0.6653404141138645,0.0,2.4320862136705306,3.0152951373357597,2.942352025036034
0.9936545065555787,0.0,0.04733625513777135,0.0,0.6661404141138645,0.0,2.430177222962386,3.015286233674882,2.8810577758583884
0.9936056367510251,0.0,0.04724329575024808,0.0,0.6669404141138645,0.0,2.428271520815614,3.0152777018169816,2.8199822553015164
0.9935571052279915,0.0,0.04715051806793808,0.0,0.6677404141138645,0.0,2.426369113085807,3.0152695390671758,2.7591010047240143
0.9935089098686191,0.0,0.0470579225219383,0.0,0.6685404141138646,0.0,2.4244700054631885,3.015261742744552,2.698387326429791
0.9934610485642263,0.0,0.04696550953054352,0.0,0.6693404141138646,0.0,2.4225742034740207,3.0152543101821863,2.6378119147668864
0.9934135192153479,0.0,0.04687327949938627,0.0,0.6701404141138646,0.0,2.4206817124820144,3.0152472387271314,2.577342408763645
0.9933663197317703,0.0,0.0467812328215764,0.0,0.6709404141138646,0.0,2.4187925376897224,3.0152405257404338,2.5169428445320214
0.9933194480325659,0.0,0.04668936987783959,0.0,0.6717404141138646,0.0,2.4169066841399505,3.015234168597124,2.4565729792905726
0.9932729020461272,0.0,0.046597691036655384,0.0,0.6725404141138647,0.0,2.4150241567171613,3.0152281646862193,2.396187447879055
0.9932266797101948,0.0,0.04650619665439424,0.0,0.6733404141138647,0.0,2.4131449601488804,3.0152225114107254,2.3357346987692846
0.9931807789718912,0.0,0.04641488707545469,0.0,0.6741404141138647,0.0,2.4112690990070944,3.0152172061876237,2.2751556349749844
0.9931351977877448,0.0,0.04632376263239838,0.0,0.6749404141138647,0.0,2.409396577709662,3.0152122464478732,2.214381853815441
0.9930899341237193,0.0,0.04623282364608582,0.0,0.6757404141138648,0.0,2.4075274005217175,3.0152076296364028,2.153333331574533
0.9930449859552364,0.0,0.04614207042581034,0.0,0.6765404141138648,0.0,2.4056615715570584,3.015203353212099,2.091915323893529
0.9930003512672007,0.0,0.04605150326943187,0.0,0.6773404141138648,0.0,2.4037990947795653,3.0151994146477996,2.0300141324567456
0.9929560280540211,0.0,0.04596112246350981,0.0,0.6781404141138648,0.0,2.4019399740045846,3.0151958114302833,1.9674911888226392
0.9929120143196312,0.0,0.04587092828343477,0.0,0.6789404141138649,0.0,2.400084212900338,3.015192541060255,1.904174561428293
0.9928683080775087,0.0,0.045780920993560376,0.0,0.6797404141138649,0.0,2.3982318149893023,3.0151896010523314,1.8398463729690584
0.9928249073506925,0.0,0.04569110084733314,0.0,0.6805404141138649,0.0,2.3963827836496185,3.015186988935032,1.7742234402228614
0.9927818101717996,0.0,0.045601468087422596,0.0,0.6813404141138649,0.0,2.394537122116466,3.015184702250755,1.7069260789964757
0.992739014583039,0.0,0.04551202294584992,0.0,0.682140414113865,0.0,2.3926948334834575,3.015182738555767,1.6374248567635734
0.992696518636227,0.0,0.04542276564411604,0.0,0.682940414113865,0.0,2.3908559207040265,3.015181095420179,1.5649426891487481
0.9926543203927972,0.0,0.04533369639332888,0.0,0.683740414113865,0.0,2.3890203865927973,3.0151797704279284,1.488255906418461
0.9926124179238134,0.0,0.04524481539432974,0.0,0.684540414113865,0.0,2.387188233826971,3.015178761176761,1.4052279087398902
0.9925708093099779,0.0,0.04515612283781889,0.0,0.685340414113865,0.0,2.3853594649477,3.0151780652782016,1.311438355695198
0.9925294926416414,0.0,0.04506761890448015,0.0,0.6861404141138651,0.0,2.383534082361448,3.015177680357538,1.1939027542582967
0.9924884660188074,0.0,0.04497930376510489,0.0,0.6869404141138651,0.0,2.381712088341371,3.015177604053797,1.0000000003752576
0.992447727551142,0.0,0.04489117758071497,0.0,0.6877404141138651,0.0,2.3798934850286666,3.0151778340197093,1.0000000000581355
0.992407275357975,0.0,0.04480324050268492,0.0,0.6885404141138651,0.0,2.3780782744339364,3.0151783679216955,1.0000000000026508
0.9923671075683062,0.0,0.044715492672863254,0.0,0.6893404141138652,0.0,2.3762664584385456,3.0151792034398297,1.0000000000360854
0.992327222320806,0.0,0.0446279342236928,0.0,0.6901404141138652,0.0,2.374458038795955,3.0151803382678146,1.0000021458075747
0.9922876177638176,0.0,0.044540565278330335,0.0,0.6909404141138652,0.0,2.372653017133092,3.0151817701129526,1.000000000013288
0.9922482920553573,0.0,0.04445338595076518,0.0,0.6917404141138652,0.0,2.3708513949516576,3.015183496696113,1.0000000000026594
0.9922092433631127,0.0,0.04436639634593711,0.0,0.6925404141138652,0.0,2.3690531736294873,3.0151855157517042,1.0000049705633003
0.9921704698644424,0.0,0.04427959655985306,0.0,0.6933404141138653,0.0,2.3672583544218604,3.0151878250276374,1.000000000002315
0.9921319697463709,0.0,0.04419298667970328,0.0,0.6941404141138653,0.0,2.365466938462839,3.015190422285295,1.00000000000557
0.9920937412055855,0.0,0.044106566783976474,0.0,0.6949404141138653,0.0,2.3636789267665774,3.0151933052995017,1.0000000000074882
0.9920557824484328,0.0,0.04402033694257409,0.0,0.6957404141138653,0.0,2.3618943202286347,3.0151964718584767,1.0000016163905388
0.9920180916909093,0.0,0.0439342972169234,0.0,0.6965404141138654,0.0,2.3601131196272793,3.0151999197638135,1.000001971143216
0.9919806671586574,0.0,0.043848447660090314,0.0,0.6973404141138654,0.0,2.358335325624793,3.015203646830433,1.0000000000058538
0.991943507086956,0.0,0.043762788316890594,0.0,0.6981404141138654,0.0,2.356560938768775,3.0152076508865497,1.0000000000059943
0.9919066097207117,0.0,0.04367731922400076,0.0,0.6989404141138654,0.0,2.3547899594934103,3.0152119297736335,1.0000000000088642
0.9918699733144493,0.0,0.043592040410067756,0.0,0.6997404141138654,0.0,2.3530223881207606,3.01521648134637,1.0000000000014202
0.9918335961323008,0.0,0.043506951895817665,0.0,0.7005404141138655,0.0,2.351258224862051,3.0152213034726247,1.0000000000017126
0.9917974764479939,0.0,0.04342205369416394,0.0,0.7013404141138655,0.0,2.349497469818923,3.0152263940333954,1.0000018432735374
0.9917616125448396,0.0,0.043337345810314225,0.0,0.7021404141138655,0.0,2.347740122984705,3.015231750922779,1.0000011964616642
0.9917260027157186,0.0,0.0432528282418765,0.0,0.7029404141138655,0.0,2.3459861842456724,3.0152373720479253,0.9999999999999937
0.9916906452630675,0.0,0.04316850097896455,0.0,0.7037404141138656,0.0,2.3442356533822886,3.015243255328995,1.00000000000177
0.9916555384988643,0.0,0.043084364004301934,0.0,0.7045404141138656,0.0,2.342488530070454,3.0152493986991216,1.0000018126930827
0.9916206807446112,0.0,0.04300041729332578,0.0,0.7053404141138656,0.0,2.3407448138827354,3.0152558001043586,1.0000000000027536
0.9915860703313192,0.0,0.042916660814289166,0.0,0.7061404141138656,0.0,2.339004504289604,3.0152624575036473,1.00000094763007
0.9915517055994912,0.0,0.042833094528362564,0.0,0.7069404141138657,0.0,2.337267600660651,3.015269368868762,1.000000000004007
0.9915175848991029,0.0,0.04274971838973505,0.0,0.7077404141138657,0.0,2.335534102265798,3.0152765321842687,1.0000024233987566
0.991483706589585,0.0,0.0426665323457136,0.0,0.7085404141138657,0.0,2.3338040082765157,3.01528394544748,0.9999999999999952
0.9914500690398028,0.0,0.04258353633682233,0.0,0.7093404141138657,0.0,2.332077317767012,3.015291606668409,1.0000000000007443
0.9914166706280376,0.0,0.04250073029690061,0.0,0.7101404141138657,0.0,2.3303540297154313,3.0152995138697185,1.0000015509669349
0.9913835097419635,0.0,0.04241811415319976,0.0,0.7109404141138658,0.0,2.328634143005043,3.0153076650866826,1.0000000000006326
0.9913505847786294,0.0,0.04233568782647993,0.0,0.7117404141138658,0.0,2.326917656425407,3.0153160583671266,1.0000000000000042
0.9913178941444335,0.0,0.04225345123110489,0.0,0.7125404141138658,0.0,2.3252045686735565,3.0153246917713874,1.0000016624209798
0.9912854362551021,0.0,0.0421714042751368,0.0,0.7133404141138658,0.0,2.3234948783551483,3.0153335633722658,1.0000000000003393
0.9912532095356665,0.0,0.04208954686042975,0.0,0.7141404141138659,0.0,2.3217885839856365,3.0153426712549707,1.0000000000034013
0.9912212124204395,0.0,0.04200787888272237,0.0,0.7149404141138659,0.0,2.3200856839913953,3.015352013517073,1.000000000000001
0.9911894433529881,0.0,0.04192640023172971,0.0,0.7157404141138659,0.0,2.318386176710877,3.0153615882684575,1.000000000000004
0.9911579007861124,0.0,0.04184511079123422,0.0,0.7165404141138659,0.0,2.3166900603957337,3.0153713936312685,1.0000017773114618
0.9911265831818178,0.0,0.041764010439175575,0.0,0.717340414113866,0.0,2.3149973332119522,3.0153814277398623,1.0000000000018074
0.9910954890112871,0.0,0.041683099047740084,0.0,0.718140414113866,0.0,2.313307993240954,3.0153916887407584,1.0000000000047125
0.9910646167548586,0.0,0.04160237648344897,0.0,0.718940414113866,0.0,2.3116220384807136,3.015402174792578,1.0000016879172255
0.991033964901994,0.0,0.041521842607245694,0.0,0.719740414113866,0.0,2.3099394668468585,3.015412884066005,1.000000000003088
0.9910035319512538,0.0,0.041441497274582566,0.0,0.720540414113866,0.0,2.308260276173761,3.0154238147437256,1.0000017564615784
0.9909733164102673,0.0,0.04136134033550659,0.0,0.7213404141138661,0.0,2.306584464215618,3.0154349650203773,1.0000014880568027
0.9909433167957057,0.0,0.041281371634744185,0.0,0.7221404141138661,0.0,2.3049120286475264,3.015446333102496,1.0000000000031781
0.9909135316332509,0.0,0.04120159101178512,0.0,0.7229404141138661,0.0,2.3032429670665637,3.0154579172084715,1.0000003718257655
0.9908839594575679,0.0,0.041121998300965815,0.0,0.7237404141138661,0.0,2.301577276992829,3.0154697155684773,1.0000000000038367
0.9908545988122739,0.0,0.04104259333155156,0.0,0.7245404141138662,0.0,2.2999149558705114,3.015481726424434,1.0000018125505663
0.9908254482499071,0.0,0.04096337592781804,0.0,0.7253404141138662,0.0,2.298256001068924,3.0154939480299428,1.0000000000012015
0.9907965063318978,0.0,0.0408843459091318,0.0,0.7261404141138662,0.0,2.2966004098835437,3.015506378650243,1.0000010298419055
0.9907677716285361,0.0,0.04080550309003024,0.0,0.7269404141138662,0.0,2.2949481795370374,3.0155190165621457,1.0000000000010374
0.9907392427189398,0.0,0.04072684728030033,0.0,0.7277404141138663,0.0,2.2932993071802836,3.0155318600539918,1.0000007092739032
0.9907109181910231,0.0,0.04064837828505697,0.0,0.7285404141138663,0.0,2.2916537898933784,3.015544907425587,0.9999999999999658
0.9906827966414649,0.0,0.04057009590482009,0.0,0.7293404141138663,0.0,2.290011624686643,3.0155581569881527,1.0000006441697578
0.9906548766756751,0.0,0.04049199993559137,0.0,0.7301404141138663,0.0,2.2883728085016197,3.0155716070642677,1.0000000000017033
0.9906271569077616,0.0,0.04041409016892961,0.0,0.7309404141138663,0.0,2.286737338212055,3.0155852559878182,1.0000019989806617
0.9905996359604976,0.0,0.040336366392025744,0.0,0.7317404141138664,0.0,2.285105210624884,3.0155991021039394,1.0000013661667175
0.9905723124652881,0.0,0.0402588283877771,0.0,0.7325404141138664,0.0,2.2834764224811916,3.015613143768957,0.9999999999999848
0.9905451850621355,0.0,0.04018147593486008,0.0,0.7333404141138664,0.0,2.281850970457184,3.015627379350337,1.000000000001643
0.9905182523996058,0.0,0.0401043088078034,0.0,0.7341404141138664,0.0,2.280228851165135,3.0156418072266264,1.0000000000010814
0.9904915131347923,0.0,0.04002732677705908,0.0,0.7349404141138665,0.0,2.2786100611543456,3.015656425787401,1.0000000000013518
0.9904649659332845,0.0,0.039950529609073686,0.0,0.7357404141138665,0.0,2.2769945969120626,3.0156712334332063,1.0000000000017255
0.9904386094691293,0.0,0.03987391706635828,0.0,0.7365404141138665,0.0,2.275382454864423,3.015686228575502,1.000002141239998
0.9904124424247983,0.0,0.039797488907558035,0.0,0.7373404141138665,0.0,2.2737736313773738,3.015701409636606,1.0000000000017397
0.9903864634911506,0.0,0.03972124488752019,0.0,0.7381404141138665,0.0,2.2721681227575816,3.0157167750496416,1.0000000000012002
0.9903606713673984,0.0,0.039645184757362575,0.0,0.7389404141138666,0.0,2.2705659252533383,3.015732323258477,1.0000000000000322
0.9903350647610699,0.0,0.03956930826454015,0.0,0.7397404141138666,0.0,2.2689670350554625,3.0157480527176688,1.0000000000024125
0.9903096423879739,0.0,0.039493615152911284,0.0,0.7405404141138666,0.0,2.267371448298186,3.0157639618924117,0.9999999999999362
0.9902844029721631,0.0,0.039418105162803654,0.0,0.7413404141138666,0.0,2.265779161060032,3.015780049258474,1.0000000000016824
0.9902593452458974,0.0,0.039342778031078614,0.0,0.7421404141138667,0.0,2.264190169364702,3.015796313302146,1.000000000001716
0.9902344679496076,0.0,0.03926763349119542,0.0,0.7429404141138667,0.0,2.2626044691819227,3.0158127525201857,1.0000000000013671
0.9902097698318574,0.0,0.03919267127327454,0.0,0.7437404141138667,0.0,2.261022056428317,3.0158293654197563,1.0000000000008202
0.9901852496493078,0.0,0.03911789110416018,0.0,0.7445404141138667,0.0,2.259442926968252,3.0158461505183753,1.000001326803032
0.9901609061666795,0.0,0.03904329270748218,0.0,0.7453404141138668,0.0,2.257867076614667,3.0158631063438524,1.0000000000021412
0.9901367381567131,0.0,0.03896887580371703,0.0,0.7461404141138668,0.0,2.2562945011299287,3.015880231434242,1.0000007087219165
0.9901127444001359,0.0,0.03889464011024841,0.0,0.7469404141138668,0.0,2.254725196226643,3.015897524337777,1.0000014543170783
0.9900889236856196,0.0,0.03882058534142689,0.0,0.7477404141138668,0.0,2.253159157568473,3.015914983612817,1.0000017728402446
0.9900652748097465,0.0,0.03874671120862888,0.0,0.7485404141138668,0.0,2.2515963807709585,3.015932607827792,1.0000000000006346
0.9900417965769686,0.0,0.038673017420314953,0.0,0.7493404141138669,0.0,2.250036861402307,3.015950395561148,1.000003045239551
0.9900184877995708,0.0,0.038599503682087456,0.0,0.7501404141138669,0.0,2.2484805949841933,3.0159683454012858,1.000000000000186
0.9899953472976332,0.0,0.03852616969674741,0.0,0.7509404141138669,0.0,2.2469275769925527,3.0159864559465084,0.9999999999999627
0.9899723738989915,0.0,0.038453015164350894,0.0,0.7517404141138669,0.0,2.2453778028583464,3.0160047258049625,1.0000000000002105
0.9899495664391995,0.0,0.038380039782264404,0.0,0.752540414113867,0.0,2.2438312679683508,3.0160231535945883,1.0000000000027582
0.9899269237614908,0.0,0.03830724324521997,0.0,0.753340414113867,0.0,2.2422879676659,3.016041737943052,0.999999999999828
0.9899044447167403,0.0,0.038234625245369205,0.0,0.754140414113867,0.0,2.240747897251662,3.016060477487701,1.0000000000011169
0.9898821281634247,0.0,0.038162185472337,0.0,0.754940414113867,0.0,2.239211051984377,3.016079370875505,0.9999999999997813
0.989859972967585,0.0,0.038089923613274415,0.0,0.755740414113867,0.0,2.237677427081596,3.0160984167629934,1.0000016251869495
0.9898379780027867,0.0,0.0380178393529109,0.0,0.7565404141138671,0.0,2.2361470177204317,3.01611761381621,1.0000009533429983
0.9898161421500828,0.0,0.03794593237360607,0.0,0.7573404141138671,0.0,2.234619819038258,3.01613696071065,1.0000010253736284
0.9897944642979727,0.0,0.037874202355400496,0.0,0.7581404141138671,0.0,2.233095826133455,3.016156456131209,1.0000000000007636
0.9897729433423649,0.0,0.03780264897606628,0.0,0.7589404141138671,0.0,2.231575034066097,3.016176098772121,1.0000000000004403
0.9897515781865383,0.0,0.03773127191115658,0.0,0.7597404141138672,0.0,2.230057437858681,3.016195887336913,1.0000022534762345
0.9897303677411013,0.0,0.0376600708340549,0.0,0.7605404141138672,0.0,2.228543032496805,3.016215820538339,1.0000000000003968
0.9897093109239564,0.0,0.03758904541602346,0.0,0.7613404141138672,0.0,2.2270318129298627,3.016235897098334,0.9999999999996988
0.9896884066602575,0.0,0.03751819532625123,0.0,0.7621404141138672,0.0,2.2255237740717315,3.0162561157479524,1.0000005185073462
0.9896676538823732,0.0,0.03744752023190106,0.0,0.7629404141138673,0.0,2.224018910801437,3.016276475227317,0.999999999999824
0.9896470515298474,0.0,0.03737701979815639,0.0,0.7637404141138673,0.0,2.222517217963836,3.0162969742855643,1.0000010064862166
0.9896265985493604,0.0,0.037306693688267535,0.0,0.7645404141138673,0.0,2.221018690370261,3.0163176116807846,0.999999999999435
0.9896062938946896,0.0,0.03723654156359686,0.0,0.7653404141138673,0.0,2.219523322799185,3.0163383861799757,1.0000000000013545
0.98958613652667,0.0,0.03716656308366397,0.0,0.7661404141138674,0.0,2.2180311099968706,3.016359296558985,1.0000000000011513
0.9895661254131576,0.0,0.03709675790618985,0.0,0.7669404141138674,0.0,2.216542046677999,3.0163803416024506,1.0000021688928191
0.9895462595289878,0.0,0.03702712568714093,0.0,0.7677404141138674,0.0,2.215056127526307,3.016401520103754,1.0000000000017248
0.9895265378559381,0.0,0.03695766608077188,0.0,0.7685404141138674,0.0,2.213573347195228,3.0164228308649657,1.0000007154973949
0.9895069593826885,0.0,0.03688837873966859,0.0,0.7693404141138674,0.0,2.2120937003084853,3.0164442726967864,1.0000000000004499
0.9894875231047835,0.0,0.03681926331479016,0.0,0.7701404141138675,0.0,2.210617181460722,3.016465844418497,1.000000000002516
0.9894682280245919,0.0,0.036750319455510265,0.0,0.7709404141138675,0.0,2.209143785218109,3.016487544857907,1.0000000000015292
0.98944907315127,0.0,0.036681546809658384,0.0,0.7717404141138675,0.0,2.2076735061189314,3.0165093728512966,0.9999999999998376
0.989430057500721,0.0,0.036612945023560155,0.0,0.7725404141138675,0.0,2.206206338674193,3.016531327243369,1.0000009415588451
0.9894111800955583,0.0,0.03654451374207719,0.0,0.7733404141138676,0.0,2.2047422773681946,3.0165534068871915,0.9999999999998666
0.9893924399650644,0.0,0.03647625260864664,0.0,0.7741404141138676,0.0,2.2032813166591185,3.0165756106441495,1.0000005698592314
0.9893738361451558,0.0,0.0364081612653199,0.0,0.7749404141138676,0.0,2.2018234509795938,3.016597937383887,1.0000000000008016
0.9893553676783403,0.0,0.03634023935280103,0.0,0.7757404141138676,0.0,2.200368674737272,3.01662038598426,1.0000000000013207
0.9893370336136824,0.0,0.036272486510484564,0.0,0.7765404141138676,0.0,2.1989169823153865,3.016642955331282,1.0000000000008737
0.9893188330067627,0.0,0.03620490237649278,0.0,0.7773404141138677,0.0,2.197468368073292,3.016665644319072,1.0000019505036373
0.9893007649196411,0.0,0.03613748658771259,0.0,0.7781404141138677,0.0,2.196022826347032,3.016688451849801,1.0000000000018623
0.9892828284208167,0.0,0.03607023877983179,0.0,0.7789404141138677,0.0,2.1945803514498676,3.016711376833646,1.0000000000027476
0.9892650225851917,0.0,0.03600315858737485,0.0,0.7797404141138677,0.0,2.1931409376728124,3.0167344181887343,1.0000000000002292
0.9892473464940323,0.0,0.035936245643738374,0.0,0.7805404141138678,0.0,2.1917045792851684,3.0167575748410895,1.0000000000011615
0.989229799234931,0.0,0.03586949958122585,0.0,0.7813404141138678,0.0,2.1902712705350353,3.016780845724587,1.0000000000000824
0.9892123799017685,0.0,0.03580292003108194,0.0,0.7821404141138678,0.0,2.188841005649846,3.0168042297809006,0.9999999999999383
0.9891950875946762,0.0,0.03573650662352655,0.0,0.7829404141138678,0.0,2.187413778836857,3.0168277259594487,1.0000000000010196
0.9891779214199989,0.0,0.03567025898778818,0.0,0.7837404141138679,0.0,2.1859895842836674,3.01685133321735,1.0000000000001537
0.9891608804902561,0.0,0.03560417675213671,0.0,0.7845404141138679,0.0,2.1845684161587067,3.0168750505193707,1.000000000001085
0.9891439639241058,0.0,0.03553825954391625,0.0,0.7853404141138679,0.0,2.1831502686117377,3.01689887683787,1.0000000000015286
0.9891271708463062,0.0,0.03547250698957685,0.0,0.7861404141138679,0.0,2.1817351357743333,3.0169228111527575,1.000000000001765
0.989110500387679,0.0,0.03540691871470638,0.0,0.786940414113868,0.0,2.1803230117603634,3.016946852451439,1.0000016265037215
0.9890939516850719,0.0,0.03534149434406138,0.0,0.787740414113868,0.0,2.1789138906664687,3.0169709997287715,1.0000000000008054
0.9890775238813215,0.0,0.03527623350159806,0.0,0.788540414113868,0.0,2.1775077665725258,3.0169952519870065,0.9999999999996144
0.989061216125217,0.0,0.035211135810502316,0.0,0.789340414113868,0.0,2.176104633542123,3.0170196082357505,1.000001560060631
0.9890450275714624,0.0,0.035146200893219855,0.0,0.790140414113868,0.0,2.1747044856229985,3.0170440674919106,1.0000009065965343
0.9890289573806406,0.0,0.03508142837148534,0.0,0.7909404141138681,0.0,2.1733073168475125,3.017068628779645,0.9999999999998817
0.989013004719176,0.0,0.03501681786635158,0.0,0.7917404141138681,0.0,2.1719131212330827,3.0170932911303203,1.0000000000002005
0.9889971687592994,0.0,0.03495236899821804,0.0,0.7925404141138681,0.0,2.1705218927826277,3.0171180535824567,1.0000009525398628
0.9889814486790097,0.0,0.034888081386858956,0.0,0.7933404141138681,0.0,2.16913362548501,3.017142915181689,0.9999999999997339
0.98896584366204,0.0,0.03482395465145118,0.0,0.7941404141138682,0.0,2.1677483133154536,3.017167874980709,1.1102837454668328
0.9889503528978194,0.0,0.034759988410601524,0.0,0.7949404141138682,0.0,2.1663659502359827,3.0171929320392237,1.1605404190846245
0.9889349755814375,0.0,0.03469618228237374,0.0,0.7957404141138682,0.0,2.1649865301958258,3.0172180854239095,1.2002826973323546
0.9889197109136099,0.0,0.03463253588431494,0.0,0.7965404141138682,0.0,2.163610047131855,3.0172433342083633,1.2346276327046772
0.9889045581006413,0.0,0.03456904883348198,0.0,0.7973404141138682,0.0,2.162236494968972,3.0172686774730537,1.2655298046596637
0.9888895163543893,0.0,0.0345057207464671,0.0,0.7981404141138683,0.0,2.16086586762052,3.017294114305278,1.2939844698122578
0.9888745848922313,0.0,0.034442551239423386,0.0,0.7989404141138683,0.0,2.159498158988687,3.017319643799116,1.3205799326046892
0.9888597629370263,0.0,0.03437953992808979,0.0,0.7997404141138683,0.0,2.1581333629648998,3.0173452650553805,1.3456979923669392
0.9888450497170821,0.0,0.03431668642781577,0.0,0.8005404141138683,0.0,2.156771473430208,3.0173709771815775,1.3696029393611506
0.9888304444661188,0.0,0.03425399035358575,0.0,0.8013404141138684,0.0,2.1554124842556677,3.017396779291852,1.392486601128896
0.9888159464232351,0.0,0.034191451320042685,0.0,0.8021404141138684,0.0,2.154056389302734,3.0174226705069525,1.4144933682025898
0.9888015548328717,0.0,0.03412906894151196,0.0,0.8029404141138684,0.0,2.1527031824236205,3.01744864995418,1.4357351049476639
0.9887872689447791,0.0,0.03406684283202445,0.0,0.8037404141138684,0.0,2.1513528574616685,3.017474716767344,1.4563005331227767
0.9887730880139813,0.0,0.034004772605339406,0.0,0.8045404141138685,0.0,2.150005408251728,3.01750087008672,1.4762614026246348
0.9887590113007427,0.0,0.03394285787496699,0.0,0.8053404141138685,0.0,2.1486608286205042,3.017527109059002,1.4956766991093442
0.9887450380705327,0.0,0.03388109825419042,0.0,0.8061404141138685,0.0,2.1473191123869095,3.0175534328372606,1.5145956014003858
0.988731167593993,0.0,0.033819493356087804,0.0,0.8069404141138685,0.0,2.1459802533624286,3.0175798405808987,1.5330596144736655
0.9887173991469024,0.0,0.033758042793553544,0.0,0.8077404141138685,0.0,2.144644245351459,3.0176063314556103,1.5511041424624898
0.9887037320101439,0.0,0.033696746179319614,0.0,0.8085404141138686,0.0,2.1433110821516452,3.0176329046333326,1.5687596713436354
0.9886901654696721,0.0,0.03363560312597645,0.0,0.8093404141138686,0.0,2.141980757554218,3.017659559292203,1.5860526733676106
0.9886766988164778,0.0,0.03357461324599322,0.0,0.8101404141138686,0.0,2.140653265344337,3.0176862946165226,1.603006309251554
0.9886633313465553,0.0,0.03351377615173823,0.0,0.8109404141138686,0.0,2.139328599301414,3.0177131097967056,1.6196409806586884
0.9886500623608703,0.0,0.03345309145549866,0.0,0.8117404141138687,0.0,2.138006753199428,3.0177400040292435,1.6359747701834284
0.9886368911653266,0.0,0.03339255876950018,0.0,0.8125404141138687,0.0,2.1366877208072546,3.0177669765166577,1.6520237955831276
0.9886238170707319,0.0,0.03333217770592631,0.0,0.8133404141138687,0.0,2.1353714958889745,3.0177940264674588,1.6678024977595096
0.9886108393927677,0.0,0.03327194787693708,0.0,0.8141404141138687,0.0,2.1340580722042004,3.0178211530961088,1.6833238770341847
0.9885979574519538,0.0,0.033211868894687906,0.0,0.8149404141138687,0.0,2.132747443508355,3.0178483556229736,1.6985996885532963
0.9885851705736187,0.0,0.03315194037134795,0.0,0.8157404141138688,0.0,2.131439603552997,3.0178756332742873,1.7136406051682438
0.9885724780878665,0.0,0.033092161919117964,0.0,0.8165404141138688,0.0,2.130134546086113,3.0179029852821064,1.7284563540888103
0.9885598793295437,0.0,0.033032533150248254,0.0,0.8173404141138688,0.0,2.1288322648524116,3.017930410884272,1.743055832338892
0.9885473736382088,0.0,0.03297305367705604,0.0,0.8181404141138688,0.0,2.1275327535936097,3.0179579093243687,1.757447204816331
0.9885349603581004,0.0,0.032913723111942676,0.0,0.8189404141138689,0.0,2.1262360060487198,3.017985479851685,1.7716379880994884
0.9885226388381049,0.0,0.032854541067410536,0.0,0.8197404141138689,0.0,2.1249420159543417,3.018013121721171,1.7856351224070273
0.9885104084317266,0.0,0.032795507156079755,0.0,0.8205404141138689,0.0,2.123650777044925,3.0180408341933984,1.799445033686705
0.9884982684970541,0.0,0.032736620990704395,0.0,0.8213404141138689,0.0,2.122362283053055,3.018068616534526,1.8130736874469766
0.988486218396732,0.0,0.03267788218418867,0.0,0.822140414113869,0.0,2.121076527709723,3.018096468016255,1.8265266356227094
0.9884742574979279,0.0,0.03261929034960276,0.0,0.822940414113869,0.0,2.1197935047445857,3.0181243879157895,1.8398090575081054
0.9884623851723032,0.0,0.032560845100198285,0.0,0.823740414113869,0.0,2.118513207886235,3.018152375515803,1.8529257956896257
0.9884506007959808,0.0,0.03250254604942374,0.0,0.824540414113869,0.0,2.1172356308624463,3.0181804301043944,1.8658813876749194
0.9884389037495166,0.0,0.032444392810939346,0.0,0.825340414113869,0.0,2.1159607674004572,3.0182085509750523,1.8786800938255919
0.9884272934178678,0.0,0.03238638499863198,0.0,0.8261404141138691,0.0,2.1146886112271917,3.0182367374266166,1.8913259221137875
0.9884157691903639,0.0,0.03232852222662972,0.0,0.8269404141138691,0.0,2.1134191560695292,3.0182649887632382,1.9038226501091495
0.9884043304606758,0.0,0.03227080410931607,0.0,0.8277404141138691,0.0,2.1121523956545327,3.0182933042943434,1.9161738446160126
0.9883929766267868,0.0,0.03221323026134396,0.0,0.8285404141138691,0.0,2.110888323709704,3.0183216833345976,1.928382879170433
0.9883817070909625,0.0,0.03215580029764966,0.0,0.8293404141138692,0.0,2.109626933963217,3.018350125203866,1.9404529497668057
0.9883705212597219,0.0,0.03209851383346627,0.0,0.8301404141138692,0.0,2.108368220144148,3.0183786292271755,1.9523870889428183
0.9883594185438074,0.0,0.03204137048433703,0.0,0.8309404141138692,0.0,2.107112175982708,3.018407194734682,1.9641881785012694
0.9883483983581566,0.0,0.03198436986612862,0.0,0.8317404141138692,0.0,2.1058587952104704,3.0184358210616264,1.9758589609509873
0.9883374601218723,0.0,0.03192751159504366,0.0,0.8325404141138693,0.0,2.104608071560601,3.018464507548309,1.9874020498879643
0.9883266032581949,0.0,0.03187079528763362,0.0,0.8333404141138693,0.0,2.1033599987680636,3.0184932535400453,1.9988199393776296
0.9883158271944731,0.0,0.03181422056081126,0.0,0.8341404141138693,0.0,2.1021145705698583,3.0185220583871293,2.010115012484218
0.9883051313621352,0.0,0.03175778703186267,0.0,0.8349404141138693,0.0,2.100871780705214,3.0185509214448025,2.0212895490304232
0.9882945151966613,0.0,0.03170149431845934,0.0,0.8357404141138693,0.0,2.0996316229158154,3.018579842073219,2.0323457326742504
0.9882839781375552,0.0,0.031645342038669866,0.0,0.8365404141138694,0.0,2.0983940909460004,3.0186088196374037,2.0432856573482523
0.988273519628316,0.0,0.0315893298109716,0.0,0.8373404141138694,0.0,2.097159178542982,3.0186378535072245,2.054111333179085
0.9882631391164107,0.0,0.03153345725426192,0.0,0.8381404141138694,0.0,2.0959268794570183,3.0186669430573536,2.0648246918870274
0.9882528360532464,0.0,0.03147772398786933,0.0,0.8389404141138694,0.0,2.094697187441641,3.0186960876672337,2.0754275917515512
0.9882426098941428,0.0,0.03142212963156454,0.0,0.8397404141138695,0.0,2.0934700962538386,3.0187252867210437,2.085921822164772
0.9882324600983049,0.0,0.03136667380557104,0.0,0.8405404141138695,0.0,2.092245599654242,3.0187545396076643,2.096309107828494
0.9882223861287963,0.0,0.0313113561305757,0.0,0.8413404141138695,0.0,2.0910236914073357,3.0187838457206455,2.106591112622817
0.9882123874525105,0.0,0.03125617622773905,0.0,0.8421404141138695,0.0,2.08980436528162,3.0188132044581715,2.1167694431679336
0.9882024635401468,0.0,0.03120113371870563,0.0,0.8429404141138696,0.0,2.0885876150498026,3.0188426152230274,2.126845652127546
0.9881926138661814,0.0,0.03114622822561367,0.0,0.8437404141138696,0.0,2.087373434488988,3.0188720774225644,2.136821241242652
0.988182837908842,0.0,0.03109145937110493,0.0,0.8445404141138696,0.0,2.086161817380844,3.0189015904686713,2.146697664179711
0.9881731351500804,0.0,0.031036826778334494,0.0,0.8453404141138696,0.0,2.084952757511782,3.0189311537777366,2.156476329128415
0.9881635050755477,0.0,0.03098233007097976,0.0,0.8461404141138696,0.0,2.0837462486731306,3.018960766770621,2.166158601239883
0.9881539471745675,0.0,0.030927968873250073,0.0,0.8469404141138697,0.0,2.0825422846613053,3.0189904288726193,2.1757458049026734
0.9881444609401094,0.0,0.03087374280989543,0.0,0.8477404141138697,0.0,2.0813408592779674,3.019020139513432,2.185239225823666
0.9881350458687647,0.0,0.030819651506215597,0.0,0.8485404141138697,0.0,2.0801419663301965,3.0190498981271334,2.194640113006236
0.98812570146072,0.0,0.030765694588068573,0.0,0.8493404141138697,0.0,2.078945599630649,3.019079704152138,2.2039496805726917
0.9881164272197316,0.0,0.03071187168187927,0.0,0.8501404141138698,0.0,2.0777517529977176,3.0191095570311695,2.213169109464804
0.9881072226531008,0.0,0.030658182414647777,0.0,0.8509404141138698,0.0,2.0765604202556873,3.0191394562112306,2.2222995490574626
0.9880980872716483,0.0,0.030604626413957524,0.0,0.8517404141138698,0.0,2.0753715952348912,3.0191694011435706,2.2313421186282874
0.9880890205896892,0.0,0.03055120330798329,0.0,0.8525404141138698,0.0,2.0741852717718556,3.0191993912836566,2.2402979087741723
0.9880800221250104,0.0,0.030497912725499236,0.0,0.8533404141138698,0.0,2.0730014437094493,3.0192294260911368,2.2491679827050928
0.9880710913988414,0.0,0.030444754295886223,0.0,0.8541404141138699,0.0,2.0718201048970473,3.0192595050298205,2.2579533774844296
0.9880622279358348,0.0,0.03039172764913977,0.0,0.8549404141138699,0.0,2.0706412491906416,3.0192896275676357,2.2666551051781543
0.9880534312640382,0.0,0.030338832415877037,0.0,0.8557404141138699,0.0,2.069464870453019,3.01931979317661,2.275274153940284
0.9880447009148728,0.0,0.030286068227344372,0.0,0.8565404141138699,0.0,2.0682909625538723,3.0193500013328327,2.2838114890248518
0.9880360364231079,0.0,0.03023343471542414,0.0,0.85734041411387,0.0,2.067119519369943,3.0193802515164294,2.2922680537556723
0.9880274373268371,0.0,0.030180931512641843,0.0,0.85814041411387,0.0,2.0659505347851694,3.019410543211529,2.300644770424843
0.9880189031674546,0.0,0.030128558252172706,0.0,0.85894041411387,0.0,2.064784002690803,3.0194408759062394,2.3089425411437956
0.988010433489632,0.0,0.030076314567848383,0.0,0.85974041411387,0.0,2.0636199169855454,3.0194712490926165,2.3171622486534527
0.9880020278412954,0.0,0.03002420009416353,0.0,0.8605404141138701,0.0,2.0624582715756743,3.019501662266631,2.325304757073513
0.9879936857736014,0.0,0.02997221446628202,0.0,0.8613404141138701,0.0,2.061299060375164,3.0195321149281433,2.333370912630824
0.9879854068409137,0.0,0.029920357320043167,0.0,0.8621404141138701,0.0,2.0601422773058244,3.019562606580879,2.341361544334288
0.9879771906007814,0.0,0.029868628291967854,0.0,0.8629404141138701,0.0,2.0589879162973923,3.0195931367323925,2.3492774646091568
0.9879690366139139,0.0,0.029817027019264412,0.0,0.8637404141138701,0.0,2.0578359712876884,3.0196237048940433,2.3571194699233313
0.9879609444441618,0.0,0.0297655531398344,0.0,0.8645404141138702,0.0,2.056686436222697,3.0196543105809717,2.3648883413356105
0.9879529136584916,0.0,0.029714206292278365,0.0,0.8653404141138702,0.0,2.055539305056706,3.0196849533120607,2.3725848450707363
0.9879449438269626,0.0,0.029662986115901215,0.0,0.8661404141138702,0.0,2.0543945717524155,3.01971563260992,2.3802097330273213
0.9879370345227096,0.0,0.0296118922507178,0.0,0.8669404141138702,0.0,2.053252230281023,3.0197463480008513,2.3877637432628793
0.9879291853219142,0.0,0.02956092433745804,0.0,0.8677404141138703,0.0,2.0521122746223743,3.0197770990148243,2.395247600470707
0.9879213958037882,0.0,0.029510082017572173,0.0,0.8685404141138703,0.0,2.050974698765034,3.0198078851854464,2.402662016421488
0.9879136655505486,0.0,0.029459364933235782,0.0,0.8693404141138703,0.0,2.0498394967064124,3.019838706049941,2.410007690393143
0.9879059941473987,0.0,0.02940877272735462,0.0,0.8701404141138703,0.0,2.04870666245285,3.019869561149118,2.4172853095579034
0.9878983811825034,0.0,0.029358305043569552,0.0,0.8709404141138704,0.0,2.04757619001973,3.019900450027347,2.424495549385668
0.98789082624697,0.0,0.02930796152626105,0.0,0.8717404141138704,0.0,2.0464480734315824,3.019931372232532,2.4316390740027103
0.987883328934828,0.0,0.02925774182055389,0.0,0.8725404141138704,0.0,2.0453223067221593,3.019962327316084,2.438716536527842
0.9878758888430053,0.0,0.029207645572321552,0.0,0.8733404141138704,0.0,2.0441988839345493,3.019993314832898,2.445728579425487
0.9878685055713087,0.0,0.029157672428190513,0.0,0.8741404141138704,0.0,2.043077799121267,3.0200243343413242,2.452675834815575
0.9878611787224033,0.0,0.02910782203554452,0.0,0.8749404141138705,0.0,2.041959046344332,3.0200553854031438,2.459558924776802
0.987853907901792,0.0,0.02905809404252864,0.0,0.8757404141138705,0.0,2.0408426196753817,3.0200864675835453,2.4663784616350863
0.9878466927177937,0.0,0.029008488098053325,0.0,0.8765404141138705,0.0,2.0397285131957363,3.020117580451098,2.4731350482414856
0.9878395327815256,0.0,0.028959003851798275,0.0,0.8773404141138705,0.0,2.0386167209964903,3.0201487235777247,2.4798292782454396
0.9878324277068798,0.0,0.028909640954216245,0.0,0.8781404141138706,0.0,2.0375072371786094,3.0201798965386804,2.48646173634301
0.9878253771105048,0.0,0.0288603990565367,0.0,0.8789404141138706,0.0,2.036400055852996,3.0202110989125264,2.493032998519155
0.9878183806117862,0.0,0.028811277810769382,0.0,0.8797404141138706,0.0,2.0352951711405893,3.0202423302811074,2.499543632290024
0.9878114378328261,0.0,0.028762276869707903,0.0,0.8805404141138706,0.0,2.0341925771724205,3.020273590229524,2.5059941969136093
0.9878045483984228,0.0,0.02871339588693304,0.0,0.8813404141138707,0.0,2.033092268089715,3.02030487834611,2.5123852436164986
0.9877977119360526,0.0,0.028664634516816022,0.0,0.8821404141138707,0.0,2.031994238043943,3.020336194222412,2.5187173158007914
0.9877909280758499,0.0,0.02861599241452177,0.0,0.8829404141138707,0.0,2.0308984811969206,3.020367537453157,2.524990949229566
0.9877841964505876,0.0,0.02856746923601196,0.0,0.8837404141138707,0.0,2.0298049917208676,3.02039890763624,2.531206672228988
0.9877775166956579,0.0,0.028519064638048083,0.0,0.8845404141138707,0.0,2.028713763798474,3.0204303043726908,2.537365005870549
0.9877708884490549,0.0,0.02847077827819421,0.0,0.8853404141138708,0.0,2.027624791622983,3.0204617272666607,2.5434664641427487
0.9877643113513525,0.0,0.028422609814820043,0.0,0.8861404141138708,0.0,2.0265380693982564,3.020493175925386,2.5495115541227813
0.9877577850456886,0.0,0.02837455890710346,0.0,0.8869404141138708,0.0,2.0254535913388283,3.020524649959178,2.555500776138685
0.9877513091777456,0.0,0.028326625215033225,0.0,0.8877404141138708,0.0,2.024371351669991,3.020556148981394,2.561434623925572
0.9877448833957321,0.0,0.028278808399411607,0.0,0.8885404141138709,0.0,2.023291344627842,3.020587672608416,2.567313584785796
0.9877385073503634,0.0,0.028231108121856734,0.0,0.8893404141138709,0.0,2.022213564459356,3.020619220459627,2.5731381397171456
0.9877321806948448,0.0,0.028183524044805116,0.0,0.8901404141138709,0.0,2.0211380054224373,3.020650792157391,2.578908763571043
0.9877259030848525,0.0,0.028136055831513837,0.0,0.8909404141138709,0.0,2.0200646617859968,3.020682387327029,2.584625925180978
0.9877196741785164,0.0,0.0280887031460629,0.0,0.891740414113871,0.0,2.018993527829983,3.0207140055967967,2.5902900874891452
0.9877134936364012,0.0,0.028041465653357238,0.0,0.892540414113871,0.0,2.0179245978454636,3.0207456465978666,2.595901707679693
0.98770736112149,0.0,0.027994343019128926,0.0,0.893340414113871,0.0,2.0168578661346706,3.0207773099643025,2.60146123730003
0.9877012762991656,0.0,0.027947334909939017,0.0,0.894140414113871,0.0,2.0157933270110595,3.0208089953330375,2.606969122378457
0.9876952388371937,0.0,0.02790044099317964,0.0,0.894940414113871,0.0,2.0147309747993503,3.0208407023438566,2.6124258035336156
0.9876892484057052,0.0,0.027853660937075662,0.0,0.8957404141138711,0.0,2.0136708038355904,3.0208724306393737,2.6178317160904863
0.9876833046771787,0.0,0.027806994410686577,0.0,0.8965404141138711,0.0,2.0126128084672055,3.020904179865007,2.623187290183224
0.9876774073264245,0.0,0.027760441083908176,0.0,0.8973404141138711,0.0,2.0115569830530426,3.0209359496689636,2.628492950864592
0.9876715560305668,0.0,0.027714000627474075,0.0,0.8981404141138711,0.0,2.010503321963422,3.020967739702218,2.633749118197051
0.9876657504690264,0.0,0.02766767271295747,0.0,0.8989404141138712,0.0,2.0094518195801756,3.0209995496184843,2.6389562073559665
0.9876599903235052,0.0,0.0276214570127723,0.0,0.8997404141138712,0.0,2.0084024702967076,3.0210313790742105,2.6441146287272357
0.9876542752779682,0.0,0.02757535320017498,0.0,0.9005404141138712,0.0,2.0073552685180296,3.021063227728543,2.6492247879826216
0.9876486050186282,0.0,0.0275293609492656,0.0,0.9013404141138712,0.0,2.006310208660796,3.021095095243314,2.654287086188072
0.9876429792339283,0.0,0.027483479934989178,0.0,0.9021404141138712,0.0,2.005267285153365,3.021126981283021,2.6593019198728847
0.9876373976145271,0.0,0.027437709833136932,0.0,0.9029404141138713,0.0,2.004226492435823,3.0211588855148066,2.6642696811243285
0.987631859853281,0.0,0.027392050320347333,0.0,0.9037404141138713,0.0,2.003187824960031,3.0211908076084413,2.6691907576576295
0.9876263656452284,0.0,0.027346501074107413,0.0,0.9045404141138713,0.0,2.0021512771896632,3.021222747236294,2.674065532910208
0.9876209146875756,0.0,0.0273010617727535,0.0,0.9053404141138713,0.0,2.001116843600235,3.0212547040733293,2.6788943860934378
0.9876155066796783,0.0,0.027255732095472402,0.0,0.9061404141138714,0.0,2.0000845186791687,3.021286677797071,2.6836776922902903
0.9876101413230282,0.0,0.027210511722302162,0.0,0.9069404141138714,0.0,1.9990542969257852,3.021318668087595,2.6884158225157
0.9876048183212349,0.0,0.02716540033413301,0.0,0.9077404141138714,0.0,1.998026172851373,3.0213506746275063,2.693109143784617
0.9875995373800137,0.0,0.027120397612708087,0.0,0.9085404141138714,0.0,1.997000140979207,3.02138269710192,2.697758019186387
0.987594298207167,0.0,0.02707550324062416,0.0,0.9093404141138715,0.0,1.9959761958445814,3.021414735198442,2.702362807946688
0.9875891005125713,0.0,0.027030716901332366,0.0,0.9101404141138715,0.0,1.9949543319948422,3.0214467886071517,2.706923865488644
0.9875839440081616,0.0,0.026986038279138726,0.0,0.9109404141138715,0.0,1.9939345439894207,3.0214788570205826,2.711441543504348
0.9875788284079143,0.0,0.02694146705920479,0.0,0.9117404141138715,0.0,1.992916826399862,3.0215109401337057,2.7159161900103355
0.9875737534278367,0.0,0.026897002927548066,0.0,0.9125404141138715,0.0,1.9919011738098396,3.0215430376439114,2.7203481494033444
0.9875687187859469,0.0,0.02685264557104257,0.0,0.9133404141138716,0.0,1.990887580815209,3.0215751492509852,2.7247377625217784
0.9875637242022628,0.0,0.026808394677419085,0.0,0.9141404141138716,0.0,1.9898760420240098,3.021607274657104,2.729085366708423
0.9875587693987871,0.0,0.026764249935265706,0.0,0.9149404141138716,0.0,1.9888665520565005,3.0216394135668,2.733391295852581
0.987553854099491,0.0,0.026720211034027972,0.0,0.9157404141138716,0.0,1.9878591055451824,3.0216715656869573,2.737655880450255
0.987548978030301,0.0,0.026676277664009134,0.0,0.9165404141138717,0.0,1.9868536971348327,3.02170373072679,2.7418794476579835
0.9875441409190845,0.0,0.026632449516370452,0.0,0.9173404141138717,0.0,1.985850321482504,3.021735908397824,2.7460623213418414
0.9875393424956362,0.0,0.02658872628313129,0.0,0.9181404141138717,0.0,1.9848489732575776,3.021768098413877,2.7502048221266895
0.9875345824916629,0.0,0.02654510765716917,0.0,0.9189404141138717,0.0,1.9838496471417435,3.02180030049105,2.754307267439664
0.9875298606407702,0.0,0.026501593332219908,0.0,0.9197404141138718,0.0,1.9828523378290728,3.0218325143477025,2.7583699715732912
0.9875251766784481,0.0,0.026458183002877635,0.0,0.9205404141138718,0.0,1.9818570400259823,3.021864739704437,2.7623932457085205
0.9875205303420586,0.0,0.026414876364594688,0.0,0.9213404141138718,0.0,1.980863748451297,3.0218969762840855,2.766377397983188
0.9875159213708191,0.0,0.02637167311368161,0.0,0.9221404141138718,0.0,1.9798724578362386,3.021929223811689,2.7703227335195875
0.9875113495057928,0.0,0.026328572947306995,0.0,0.9229404141138718,0.0,1.978883162924455,3.021961482014484,2.7742295544749553
0.9875068144898724,0.0,0.02628557556349733,0.0,0.9237404141138719,0.0,1.9778958584720425,3.0219937506218866,2.7780981600796313
0.987502316067767,0.0,0.0262426806611368,0.0,0.9245404141138719,0.0,1.9769105392475461,3.022026029365471,2.781928846684382
0.9874978539859895,0.0,0.026199887939967022,0.0,0.9253404141138719,0.0,1.9759272000319814,3.0220583179789617,2.785721907797502
0.9874934279928436,0.0,0.026157197100586834,0.0,0.9261404141138719,0.0,1.9749458356188518,3.0220906161982084,2.789477634113544
0.9874890378384102,0.0,0.026114607844451895,0.0,0.926940414113872,0.0,1.9739664408141515,3.022122923761178,2.793196313576838
0.9874846832745339,0.0,0.026072119873874307,0.0,0.927740414113872,0.0,1.9729890104363887,3.022155240407934,2.796878231392937
0.9874803640548112,0.0,0.026029732892022286,0.0,0.928540414113872,0.0,1.9720135393165954,3.022187565880624,2.800523670081686
0.9874760799345776,0.0,0.025987446602919757,0.0,0.929340414113872,0.0,1.9710400222983229,3.0222198999234586,2.804132909507615
0.9874718306708938,0.0,0.02594526071144567,0.0,0.930140414113872,0.0,1.970068454237679,3.022252242282706,2.807706226913897
0.9874676160225346,0.0,0.025903174923333744,0.0,0.9309404141138721,0.0,1.9690988300033099,3.022284592706667,2.811243896965462
0.9874634357499749,0.0,0.02586118894517179,0.0,0.9317404141138721,0.0,1.968131144476428,3.022316950945663,2.814746191768559
0.9874592896153773,0.0,0.02581930248440111,0.0,0.9325404141138721,0.0,1.967165392550814,3.022349316752023,2.8182133809193637
0.9874551773825823,0.0,0.02577751524931594,0.0,0.9333404141138721,0.0,1.9662015691328187,3.022381689880067,2.8216457315273433
0.9874510988170925,0.0,0.02573582694906277,0.0,0.9341404141138722,0.0,1.9652396691413776,3.0224140700860924,2.8250435082477576
0.9874470536860628,0.0,0.025694237293639694,0.0,0.9349404141138722,0.0,1.964279687508012,3.0224464571283547,2.8284069733143147
0.9874430417582877,0.0,0.025652745993895627,0.0,0.9357404141138722,0.0,1.9633216191768388,3.022478850767061,2.831736386570543
0.9874390628041886,0.0,0.025611352761529593,0.0,0.9365404141138722,0.0,1.962365459104575,3.0225112507643472,2.835032005506043
0.9874351165958032,0.0,0.025570057309090018,0.0,0.9373404141138723,0.0,1.9614112022605275,3.0225436568842676,2.838294085268176
0.9874312029067729,0.0,0.025528859349973784,0.0,0.9381404141138723,0.0,1.9604588436266226,3.022576068892783,2.8415228787106726
0.9874273215123309,0.0,0.02548775859842542,0.0,0.9389404141138723,0.0,1.9595083781973899,3.022608486557743,2.8447186364101302
0.9874234721892916,0.0,0.025446754769536426,0.0,0.9397404141138723,0.0,1.9585598009799687,3.0226409096488687,2.8478816066981443
0.9874196547160374,0.0,0.025405847579244016,0.0,0.9405404141138723,0.0,1.9576131069941076,3.022673337937749,2.851012035691708
0.9874158688725088,0.0,0.02536503674433052,0.0,0.9413404141138724,0.0,1.9566682912721811,3.0227057711978165,2.8541101673091283
0.9874121144401926,0.0,0.025324321982422286,0.0,0.9421404141138724,0.0,1.9557253488591673,3.022738209204337,2.8571762433105725
0.9874083912021095,0.0,0.02528370301198865,0.0,0.9429404141138724,0.0,1.95478427481266,3.0227706517343997,2.8602105033144305
0.9874046989428052,0.0,0.02524317955234103,0.0,0.9437404141138724,0.0,1.9538450642028748,3.0228030985668997,2.8632131848252422
0.9874010374483366,0.0,0.025202751323631818,0.0,0.9445404141138725,0.0,1.952907712112624,3.022835549482524,2.8661845232582337
0.9873974065062631,0.0,0.02516241804685335,0.0,0.9453404141138725,0.0,1.9519722136373592,3.022868004263741,2.8691247519707885
0.9873938059056335,0.0,0.02512217944383682,0.0,0.9461404141138725,0.0,1.9510385638851093,3.0229004626947837,2.8720341022713254
0.9873902354369773,0.0,0.02508203523725117,0.0,0.9469404141138725,0.0,1.9501067579765332,3.02293292456164,2.874912803457865
0.987386694892292,0.0,0.02504198515060186,0.0,0.9477404141138726,0.0,1.9491767910448878,3.0229653896520396,2.877761082837261
0.9873831840650338,0.0,0.025002028908229935,0.0,0.9485404141138726,0.0,1.9482486582360259,3.022997857755435,2.880579165738608
0.9873797027501061,0.0,0.024962166235310515,0.0,0.9493404141138726,0.0,1.9473223547084069,3.0230303286629994,2.8833672755556274
0.9873762507438492,0.0,0.02492239685785188,0.0,0.9501404141138726,0.0,1.9463978756330678,3.023062802167604,2.886125633745199
0.9873728278440294,0.0,0.024882720502694057,0.0,0.9509404141138726,0.0,1.9454752161936442,3.0230952780638103,2.8888544598674413
0.9873694338498299,0.0,0.024843136897507688,0.0,0.9517404141138727,0.0,1.9445543715863547,3.023127756147855,2.8915539716006213
0.9873660685618391,0.0,0.024803645770792682,0.0,0.9525404141138727,0.0,1.9436353370199824,3.02316023621764,2.8942243847603084
0.987362731782041,0.0,0.024764246851876878,0.0,0.9533404141138727,0.0,1.9427181077158862,3.023192718072721,2.896865913319689
0.9873594233138044,0.0,0.024724939870914866,0.0,0.9541404141138727,0.0,1.9418026789079896,3.0232252015142884,2.8994787694401682
0.9873561429618741,0.0,0.02468572455888647,0.0,0.9549404141138728,0.0,1.9408890458427692,3.023257686345165,2.902063163473876
0.987352890532359,0.0,0.02464660064759562,0.0,0.9557404141138728,0.0,1.9399772037792515,3.0232901723697845,2.9046193040023596
0.9873496658327245,0.0,0.024607567869668768,0.0,0.9565404141138728,0.0,1.9390671479889925,3.023322659394184,2.9071473978380213
0.9873464686717804,0.0,0.024568625958553546,0.0,0.9573404141138728,0.0,1.938158873756089,3.023355147225996,2.909647650063054
0.9873432988596723,0.0,0.02452977464851744,0.0,0.9581404141138729,0.0,1.9372523763771659,3.023387635674426,2.9121202640241517
0.9873401562078714,0.0,0.024491013674646213,0.0,0.9589404141138729,0.0,1.9363476511613478,3.023420124550254,2.914565441374924
0.9873370405291655,0.0,0.02445234277284264,0.0,0.9597404141138729,0.0,1.935444693430265,3.0234526136658086,2.9169833820784734
0.9873339516376487,0.0,0.02441376167982486,0.0,0.9605404141138729,0.0,1.9345434985180443,3.0234851028349676,2.9193742844324158
0.9873308893487125,0.0,0.02437527013312493,0.0,0.9613404141138729,0.0,1.933644061771295,3.0235175918731416,2.921738345082879
0.9873278534790351,0.0,0.024336867871087457,0.0,0.962140414113873,0.0,1.932746378549101,3.0235500805972575,2.9240757590466413
0.987324843846574,0.0,0.02429855463286789,0.0,0.962940414113873,0.0,1.9318504442229962,3.02358256882576,2.926386719721961
0.9873218602705554,0.0,0.024260330158431126,0.0,0.963740414113873,0.0,1.9309562541769747,3.0236150563785875,2.928671418912789
0.987318902571465,0.0,0.0242221941885499,0.0,0.964540414113873,0.0,1.9300638038074576,3.023647543077165,2.930930046837504
0.9873159705710387,0.0,0.02418414646480316,0.0,0.9653404141138731,0.0,1.9291730885233034,3.0236800287443986,2.933162792152201
0.9873130640922552,0.0,0.024146186729574682,0.0,0.9661404141138731,0.0,1.9282841037457692,3.023712513204657,2.9353698419652057
0.9873101829593238,0.0,0.02410831472605121,0.0,0.9669404141138731,0.0,1.927396844908521,3.0237449962837637,2.93755138185065
0.9873073269976793,0.0,0.02407053019822108,0.0,0.9677404141138731,0.0,1.9265113074576057,3.0237774778089865,2.939707595864645
0.9873044960339694,0.0,0.02403283289087242,0.0,0.9685404141138731,0.0,1.9256274868514418,3.0238099576090285,2.941838666565049
0.9873016898960488,0.0,0.02399522254959166,0.0,0.9693404141138732,0.0,1.9247453785608128,3.0238424355140117,2.9439447750215977
0.9872989084129681,0.0,0.023957698920761775,0.0,0.9701404141138732,0.0,1.9238649780688357,3.0238749113554704,2.946026100832361
0.9872961514149674,0.0,0.02392026175156064,0.0,0.9709404141138732,0.0,1.9229862808709643,3.0239073849663445,2.948082822141525
0.9872934187334657,0.0,0.02388291078995942,0.0,0.9717404141138732,0.0,1.9221092824749582,3.0239398561809585,2.9501151156519483
0.9872907102010533,0.0,0.02384564578472075,0.0,0.9725404141138733,0.0,1.9212339784008936,3.0239723248350248,2.9521231566347486
0.9872880256514834,0.0,0.023808466485397205,0.0,0.9733404141138733,0.0,1.9203603641811113,3.024004790765619,2.954107118956888
0.9872853649196631,0.0,0.02377137264232947,0.0,0.9741404141138733,0.0,1.9194884353602355,3.024037253811182,2.956067175080073
0.9872827278416457,0.0,0.02373436400664462,0.0,0.9749404141138733,0.0,1.9186181874951291,3.0240697138115022,2.9580034960833155
0.9872801142546219,0.0,0.023697440330254397,0.0,0.9757404141138734,0.0,1.917749616154905,3.0241021706077102,2.959916251677376
0.9872775239969115,0.0,0.023660601365853563,0.0,0.9765404141138734,0.0,1.9168827169208749,3.0241346240422633,2.96180561020881
0.9872749569079547,0.0,0.023623846866917906,0.0,0.9773404141138734,0.0,1.9160174853865783,3.024167073958943,2.9636717386903544
0.9872724128283068,0.0,0.02358717658770277,0.0,0.9781404141138734,0.0,1.9151539171577165,3.0241995202028376,2.9655148027970384
0.9872698915996262,0.0,0.023550590283241066,0.0,0.9789404141138734,0.0,1.9142920078521735,3.024231962620338,2.9673349668846627
0.9872673930646685,0.0,0.023514087709341512,0.0,0.9797404141138735,0.0,1.9134317530999763,3.024264401059127,2.969132394010355
0.987264917067278,0.0,0.02347766862258693,0.0,0.9805404141138735,0.0,1.9125731485432902,3.024296835368166,2.9709072459345425
0.9872624634523814,0.0,0.02344133278033237,0.0,0.9813404141138735,0.0,1.9117161898363872,3.0243292653976903,2.9726596831371612
0.9872600320659775,0.0,0.0234050799407033,0.0,0.9821404141138735,0.0,1.9108608726456413,3.024361690999196,2.974389864836138
0.9872576227551308,0.0,0.023368909862593747,0.0,0.9829404141138736,0.0,1.9100071926494981,3.0243941120254365,2.976097948988213
0.987255235367964,0.0,0.023332822305664625,0.0,0.9837404141138736,0.0,1.9091551455384652,3.024426528330402,2.977784092310456
0.9872528697536491,0.0,0.02329681703034165,0.0,0.9845404141138736,0.0,1.908304727015087,3.024458939769324,2.9794484502871224
0.9872505257624011,0.0,0.023260893797813684,0.0,0.9853404141138736,0.0,1.9074559327939369,3.024491346198654,2.98109117718266
0.9872482032454701,0.0,0.023225052370030825,0.0,0.9861404141138737,0.0,1.9066087586015703,3.024523747476062,2.9827124260557767
0.9872459020551343,0.0,0.023189292509702503,0.0,0.9869404141138737,0.0,1.905763200176537,3.024556143460426,2.9843123487677734
0.9872436220446906,0.0,0.023153613980295622,0.0,0.9877404141138737,0.0,1.904919253269355,3.0245885340118215,2.9858910959898846
0.9872413630684499,0.0,0.023118016546032755,0.0,0.9885404141138737,0.0,1.9040769136424627,3.024620918991513,2.9874488172255247
0.9872391249817278,0.0,0.023082499971890144,0.0,0.9893404141138737,0.0,1.9032361770702317,3.024653298261946,2.988985660813182
0.9872369076408378,0.0,0.023047064023595933,0.0,0.9901404141138738,0.0,1.9023970393389338,3.024685671686735,2.990501773939998
0.987234710903086,0.0,0.023011708467628112,0.0,0.9909404141138738,0.0,1.9015594962467135,3.024718039130664,2.9919973026481377
0.98723253462676,0.0,0.022976433071212818,0.0,0.9917404141138738,0.0,1.9007235436035779,3.0247504004596637,2.9934723918514177
0.9872303786711258,0.0,0.022941237602322223,0.0,0.9925404141138738,0.0,1.899889177231371,3.024782755540815,2.9949271853448067
0.9872282428964186,0.0,0.02290612182967272,0.0,0.9933404141138739,0.0,1.8990563929637552,3.024815104242336,2.9963618258112623
0.9872261271638356,0.0,0.02287108552272304,0.0,0.9941404141138739,0.0,1.8982251866461841,3.0248474464335726,2.9977764548346837
0.9872240313355316,0.0,0.02283612845167221,0.0,0.9949404141138739,0.0,1.8973955541358822,3.0248797819849935,2.999171212906484
0.9872219552746075,0.0,0.02280125038745775,0.0,0.9957404141138739,0.0,1.8965674913018293,3.024912110768174,3.000546239444414
0.9872198988451087,0.0,0.022766451101753606,0.0,0.996540414113874,0.0,1.8957409940247387,3.024944432655799,3.0019016727910235
0.9872178619120143,0.0,0.022731730366968295,0.0,0.997340414113874,0.0,1.8949160581970181,3.0249767475216482,3.0032376502319984
0.9872158443412333,0.0,0.022697087956242996,0.0,0.998140414113874,0.0,1.8940926797227697,3.0250090552405857,3.0045543080033617
0.9872138459995949,0.0,0.022662523643449478,0.0,0.998940414113874,0.0,1.8932708545177452,3.0250413556885567,3.0058517812969052
0.9872118667548444,0.0,0.022628037203188164,0.0,0.999740414113874,0.0,1.892450578509372,3.0250736487425818,3.0071302042779657
0.987209906475636,0.0,0.02259362841078633,0.0,1.000540414113874,0.0,1.8916318476366483,3.0251059342807407,3.0083897100834665
0.9872079650315253,0.0,0.02255929704229597,0.0,1.001340414113874,0.0,1.8908146578501934,3.0251382121821675,3.009630430843848
0.9872060422929637,0.0,0.022525042874491873,0.0,1.002140414113874,0.0,1.889999005112196,3.0251704823270487,3.0108524976840023
0.9872041381312924,0.0,0.022490865684869694,0.0,1.0029404141138738,0.0,1.8891848853963835,3.0252027445966085,3.012056040730489
0.9872022524187339,0.0,0.022456765251643928,0.0,1.0037404141138737,0.0,1.8883722946880204,3.0252349988731044,3.0132411891302437
0.9872003850283887,0.0,0.02242274135374599,0.0,1.0045404141138736,0.0,1.8875612289838617,3.025267245039815,3.0144080710487557
0.9871985358342268,0.0,0.02238879377082218,0.0,1.0053404141138735,0.0,1.886751684292145,3.0252994829810436,3.0155568136868736
0.9871967047110816,0.0,0.022354922283231757,0.0,1.0061404141138734,0.0,1.8859436566325687,3.025331712582095,3.0166875432794025
0.9871948915346449,0.0,0.022321126672044927,0.0,1.0069404141138734,0.0,1.8851371420362457,3.0253639337292797,3.017800385117413
0.9871930961814598,0.0,0.022287406719040767,0.0,1.0077404141138733,0.0,1.88433213654572,3.0253961463099044,3.0188954635487573
0.9871913185289153,0.0,0.022253762206705413,0.0,1.0085404141138732,0.0,1.8835286362148858,3.0254283502122616,3.0199729019797275
0.9871895584552387,0.0,0.022220192918229974,0.0,1.009340414113873,0.0,1.8827266371090312,3.025460545325622,3.0210328228970043
0.9871878158394918,0.0,0.02218669863750846,0.0,1.010140414113873,0.0,1.8819261353047465,3.025492731540231,3.0220753478696363
0.9871860905615628,0.0,0.02215327914913591,0.0,1.010940414113873,0.0,1.8811271268899594,3.0255249087473013,3.023100597551727
0.9871843825021628,0.0,0.022119934238406445,0.0,1.0117404141138728,0.0,1.880329607963862,3.0255570768389966,3.0241086917004565
0.9871826915428162,0.0,0.022086663691310963,0.0,1.0125404141138727,0.0,1.8795335746369188,3.0255892357084404,3.0250997491739335
0.9871810175658593,0.0,0.022053467294535514,0.0,1.0133404141138727,0.0,1.8787390230308354,3.025621385249698,3.0260738879507807
0.9871793604544318,0.0,0.022020344835459088,0.0,1.0141404141138726,0.0,1.8779459492785073,3.0256535253577685,3.027031225126759
0.9871777200924711,0.0,0.02198729610215163,0.0,1.0149404141138725,0.0,1.8771543495240415,3.025685655928584,3.027971876924136
0.9871760963647074,0.0,0.021954320883372052,0.0,1.0157404141138724,0.0,1.8763642199226922,3.0257177768590013,3.0288959587057924
0.9871744891566574,0.0,0.021921418968566274,0.0,1.0165404141138723,0.0,1.8755755566408612,3.0257498880467892,3.0298035849788656
0.9871728983546195,0.0,0.02188859014786516,0.0,1.0173404141138722,0.0,1.874788355856049,3.02578198939063,3.0306948694006524
0.9871713238456682,0.0,0.02185583421208251,0.0,1.0181404141138721,0.0,1.874002613756847,3.02581408079011,3.0315699247862025
0.9871697655176469,0.0,0.02182315095271307,0.0,1.018940414113872,0.0,1.873218326542918,3.025846162145707,3.0324288631156184
0.9871682232591642,0.0,0.021790540161930577,0.0,1.019740414113872,0.0,1.8724354904249527,3.025878233358793,3.0332717955481225
0.9871666969595879,0.0,0.021758001632585604,0.0,1.0205404141138719,0.0,1.8716541016246508,3.025910294331621,3.0340988324161513
0.9871651865090397,0.0,0.021725535158203736,0.0,1.0213404141138718,0.0,1.8708741563746967,3.0259423449673184,3.034910083243113
0.9871636917983891,0.0,0.021693140532983407,0.0,1.0221404141138717,0.0,1.8700956509187374,3.0259743851698877,3.035705656746252
0.9871622127192491,0.0,0.02166081755179396,0.0,1.0229404141138716,0.0,1.8693185815113535,3.026006414844191,3.036485660842625
0.98716074916397,0.0,0.021628566010173638,0.0,1.0237404141138715,0.0,1.868542944418036,3.026038433895949,3.037250202655426
0.9871593010256353,0.0,0.021596385704327585,0.0,1.0245404141138714,0.0,1.8677687359151551,3.0260704422317337,3.037999388528193
0.987157868198055,0.0,0.02156427643112578,0.0,1.0253404141138713,0.0,1.8669959522899364,3.0261024397589606,3.038733324021124
0.987156450575762,0.0,0.02153223798810109,0.0,1.0261404141138712,0.0,1.8662245898404386,3.026134426385886,3.0394521139212003
0.9871550480540046,0.0,0.021500270173447227,0.0,1.0269404141138712,0.0,1.865454644875524,3.026166402021592,3.0401558622514075
0.9871536605287448,0.0,0.021468372786016796,0.0,1.027740414113871,0.0,1.8646861137148352,3.0261983665759944,3.0408446722766787
0.9871522878966499,0.0,0.021436545625319152,0.0,1.028540414113871,0.0,1.863918992688767,3.026230319959824,3.0415186465050414
0.98715093005509,0.0,0.021404788491518577,0.0,1.029340414113871,0.0,1.8631532781384414,3.0262622620846265,3.0421778867020146
0.9871495869021321,0.0,0.021373101185432217,0.0,1.0301404141138708,0.0,1.8623889664156739,3.0262941928627534,3.0428224938932837
0.9871482583365337,0.0,0.021341483508527923,0.0,1.0309404141138707,0.0,1.8616260538829654,3.0263261122073635,3.0434525683669547
0.9871469442577401,0.0,0.021309935262922373,0.0,1.0317404141138706,0.0,1.8608645369134618,3.0263580200324087,3.0440682096790637
0.987145644565879,0.0,0.021278456251379245,0.0,1.0325404141138705,0.0,1.8601044118909231,3.0263899162526258,3.044669516674209
0.9871443591617541,0.0,0.021247046277306905,0.0,1.0333404141138705,0.0,1.8593456752097115,3.026421800783541,3.0452565874735917
0.9871430879468429,0.0,0.021215705144756573,0.0,1.0341404141138704,0.0,1.8585883232747606,3.026453673541458,3.0458295194910345
0.9871418308232893,0.0,0.021184432658420262,0.0,1.0349404141138703,0.0,1.8578323525015366,3.0264855344434536,3.0463884094356093
0.9871405876939007,0.0,0.02115322862362888,0.0,1.0357404141138702,0.0,1.8570777593160286,3.02651738340737,3.0469333533157767
0.9871393584621428,0.0,0.021122092846350186,0.0,1.03654041411387,0.0,1.8563245401547208,3.0265492203518076,3.047464446449137
0.9871381430321344,0.0,0.021091025133186687,0.0,1.03734041411387,0.0,1.8555726914645505,3.0265810451961297,3.047981783466361
0.9871369413086438,0.0,0.021060025291373845,0.0,1.03814041411387,0.0,1.8548222097028908,3.026612857860444,3.048485458320564
0.987135753197083,0.0,0.021029093128777963,0.0,1.0389404141138698,0.0,1.8540730913375383,3.0266446582656035,3.0489755642787078
0.9871345786035035,0.0,0.020998228453894187,0.0,1.0397404141138697,0.0,1.8533253328466568,3.0266764463332,3.0494521939502954
0.9871334174345934,0.0,0.020967431075844613,0.0,1.0405404141138697,0.0,1.8525789307187785,3.0267082219855586,3.0499154392703747
0.9871322695976698,0.0,0.02093670080437623,0.0,1.0413404141138696,0.0,1.8518338814527573,3.0267399851457335,3.0503653915228166
0.9871311350006773,0.0,0.020906037449858902,0.0,1.0421404141138695,0.0,1.8510901815577607,3.026771735737502,3.0508021413310393
0.9871300135521819,0.0,0.020875440823283575,0.0,1.0429404141138694,0.0,1.850347827553223,3.0268034736853533,3.051225778670404
0.9871289051613669,0.0,0.020844910736260068,0.0,1.0437404141138693,0.0,1.8496068159688326,3.026835198914495,3.05163639287661
0.987127809738029,0.0,0.02081444700101525,0.0,1.0445404141138692,0.0,1.8488671433444925,3.0268669113508375,3.052034072648185
0.9871267271925737,0.0,0.020784049430390975,0.0,1.0453404141138691,0.0,1.848128806230324,3.0268986109209957,3.052418906044094
0.9871256574360106,0.0,0.020753717837842255,0.0,1.046140414113869,0.0,1.847391801186599,3.026930297552276,3.052790980500757
0.9871246003799496,0.0,0.020723452037435072,0.0,1.046940414113869,0.0,1.8466561247837354,3.026961971172681,3.053150382832809
0.9871235559365971,0.0,0.02069325184384467,0.0,1.0477404141138689,0.0,1.8459217736022688,3.026993631710895,3.05349719923395
0.9871225240187506,0.0,0.02066311707235339,0.0,1.0485404141138688,0.0,1.8451887442328312,3.0270252790962866,3.0538315152842683
0.9871215045397953,0.0,0.020633047538848804,0.0,1.0493404141138687,0.0,1.8444570332761083,3.0270569132588983,3.0541534159640458
0.9871204974137007,0.0,0.020603043059821764,0.0,1.0501404141138686,0.0,1.8437266373428183,3.027088534129442,3.0544629856430316
0.9871195025550143,0.0,0.020573103452364395,0.0,1.0509404141138685,0.0,1.8429975530537055,3.0271201416393003,3.054760308091888
0.98711851987886,0.0,0.020543228534168272,0.0,1.0517404141138684,0.0,1.8422697770394731,3.0271517357205084,3.0550454664939095
0.9871175493009324,0.0,0.020513418123522253,0.0,1.0525404141138683,0.0,1.8415433059407966,3.027183316305767,3.0553185434414
0.9871165907374936,0.0,0.020483672039310737,0.0,1.0533404141138683,0.0,1.840818136408273,3.0272148833284227,3.055579620942403
0.987115644105368,0.0,0.020453990101011666,0.0,1.0541404141138682,0.0,1.8400942651024002,3.027246436722467,3.055828780425906
0.9871147093219413,0.0,0.02042437212869451,0.0,1.054940414113868,0.0,1.839371688693556,3.02727797642254,3.056066102747735
0.9871137863051526,0.0,0.02039481794301852,0.0,1.055740414113868,0.0,1.838650403861958,3.0273095023639085,3.0562916681916064
0.9871128749734928,0.0,0.020365327365230498,0.0,1.056540414113868,0.0,1.8379304072976481,3.0273410144824817,3.056505556476829
0.9871119752460018,0.0,0.020335900217163222,0.0,1.0573404141138678,0.0,1.8372116957004734,3.027372512714788,3.0567078467642927
0.9871110870422611,0.0,0.020306536321233238,0.0,1.0581404141138677,0.0,1.8364942657800247,3.027403996997984,3.0568986176535833
0.9871102102823934,0.0,0.020277235500439052,0.0,1.0589404141138676,0.0,1.8357781142556582,3.027435467269841,3.0570779471968383
0.9871093448870576,0.0,0.020247997578359288,0.0,1.0597404141138675,0.0,1.8350632378564207,3.0274669234687455,3.0572459128934275
0.9871084907774447,0.0,0.02021882237915057,0.0,1.0605404141138675,0.0,1.8343496333210676,3.0274983655336953,3.0574025917043923
0.9871076478752739,0.0,0.020189709727545888,0.0,1.0613404141138674,0.0,1.8336372973979929,3.0275297934042857,3.057548060051126
0.9871068161027898,0.0,0.020160659448852362,0.0,1.0621404141138673,0.0,1.8329262268452413,3.027561207020723,3.057682393815469
0.9871059953827588,0.0,0.02013167136894973,0.0,1.0629404141138672,0.0,1.832216418430455,3.027592606323795,3.057805668353007
0.9871051856384643,0.0,0.020102745314288045,0.0,1.063740414113867,0.0,1.8315078689308604,3.0276239912548957,3.057917958491911
0.9871043867937034,0.0,0.02007388111188606,0.0,1.064540414113867,0.0,1.830800575133232,3.0276553617559965,3.058019338536278
0.9871035987727836,0.0,0.02004507858932924,0.0,1.065340414113867,0.0,1.8300945338338714,3.027686717769652,3.05810988227539
0.9871028215005203,0.0,0.020016337574767878,0.0,1.0661404141138668,0.0,1.829389741838582,3.027718059238997,3.058189662979899
0.9871020549022318,0.0,0.01998765789691524,0.0,1.0669404141138668,0.0,1.828686195962632,3.0277493861077405,3.058258753415605
0.9871012989037345,0.0,0.019959039385045577,0.0,1.0677404141138667,0.0,1.8279838930307566,3.02778069832016,3.0583172258353866
0.9871005534313442,0.0,0.019930481868992423,0.0,1.0685404141138666,0.0,1.8272828298770816,3.027811995821099,3.058365151994215
0.9870998184118667,0.0,0.01990198517914656,0.0,1.0693404141138665,0.0,1.826583003345141,3.0278432785559635,3.0584026031472833
0.9870990937725987,0.0,0.01987354914645427,0.0,1.0701404141138664,0.0,1.8258844102878375,3.0278745464707137,3.058429650060233
0.9870983794413222,0.0,0.019845173602415382,0.0,1.0709404141138663,0.0,1.8251870475674075,3.0279057995118643,3.058446362997687
0.9870976753463024,0.0,0.019816858379081464,0.0,1.0717404141138662,0.0,1.8244909120554014,3.027937037626481,3.058452811745402
0.9870969814162834,0.0,0.01978860330905397,0.0,1.0725404141138661,0.0,1.823796000632652,3.02796826076217,3.0584490656072045
0.9870962975804848,0.0,0.01976040822548234,0.0,1.073340414113866,0.0,1.8231023101892594,3.0279994688670797,3.058435193398943
0.9870956237685994,0.0,0.019732272962062224,0.0,1.074140414113866,0.0,1.8224098376245488,3.028030661889896,3.05841126346712
0.9870949599107891,0.0,0.019704197353033526,0.0,1.0749404141138659,0.0,1.8217185798470625,3.0280618397798396,3.0583773436879906
0.9870943059376819,0.0,0.019676181233178654,0.0,1.0757404141138658,0.0,1.821028533774507,3.0280930024866604,3.0583335014633395
0.9870936617803683,0.0,0.019648224437820747,0.0,1.0765404141138657,0.0,1.8203396963337548,3.0281241499606235,3.058279803735716
0.9870930273703985,0.0,0.019620326802821646,0.0,1.0773404141138656,0.0,1.8196520644608032,3.028155282152529,3.058216316983586
0.9870924026397792,0.0,0.019592488164580237,0.0,1.0781404141138655,0.0,1.818965635100749,3.028186399013686,3.0581431072251957
0.9870917875209697,0.0,0.019564708360030596,0.0,1.0789404141138654,0.0,1.8182804052077652,3.028217500495915,3.05806024003098
0.9870911819468811,0.0,0.01953698722664008,0.0,1.0797404141138653,0.0,1.81759637174507,3.0282485865515545,3.0579677805154204
0.9870905858508688,0.0,0.019509324602407657,0.0,1.0805404141138653,0.0,1.8169135316848977,3.0282796571334396,3.057865793347193
0.9870899991667338,0.0,0.019481720325861925,0.0,1.0813404141138652,0.0,1.8162318820085008,3.028310712194914,3.0577543427542198
0.9870894218287177,0.0,0.019454174236059496,0.0,1.082140414113865,0.0,1.8155514197060696,3.0283417516898163,3.0576334925177813
0.9870888537714998,0.0,0.019426686172583058,0.0,1.082940414113865,0.0,1.8148721417767588,3.028372775572482,3.0575033059862475
0.9870882949301928,0.0,0.019399255975539594,0.0,1.083740414113865,0.0,1.8141940452286438,3.0284037837977347,3.057363846078738
0.9870877452403427,0.0,0.019371883485558655,0.0,1.0845404141138648,0.0,1.8135171270786683,3.028434776320887,3.057215175270961
0.9870872046379237,0.0,0.019344568543790512,0.0,1.0853404141138647,0.0,1.812841384352663,3.028465753097737,3.0570573556209384
0.9870866730593352,0.0,0.019317310991904448,0.0,1.0861404141138646,0.0,1.8121668140852771,3.0284967140845556,3.056890448762704
0.9870861504413994,0.0,0.01929011067208681,0.0,1.0869404141138646,0.0,1.8114934133199951,3.028527659238102,3.0567145159071827
0.9870856367213589,0.0,0.019262967427039483,0.0,1.0877404141138645,0.0,1.8108211791090716,3.0285585885155966,3.0565296178493124
0.9870851318368725,0.0,0.019235881099977876,0.0,1.0885404141138644,0.0,1.810150108513522,3.0285895018747366,3.056335814961618
0.9870846357260137,0.0,0.019208851534629354,0.0,1.0893404141138643,0.0,1.8094801986031055,3.0286203992736835,3.0561331672210064
0.9870841483272669,0.0,0.019181878575231334,0.0,1.0901404141138642,0.0,1.808811446456287,3.0286512806710606,3.055921734182805
0.987083669579525,0.0,0.019154962066529644,0.0,1.090940414113864,0.0,1.808143849160211,3.028682146025951,3.055701574999487
0.9870831994220853,0.0,0.019128101853776648,0.0,1.091740414113864,0.0,1.807477403810669,3.028712995297892,3.0554727484249575
0.9870827377946503,0.0,0.019101297782729662,0.0,1.092540414113864,0.0,1.8068121075121175,3.028743828446875,3.055235312818895
0.9870822846373194,0.0,0.019074549699649015,0.0,1.0933404141138638,0.0,1.8061479573775727,3.0287746454333377,3.0549893261272243
0.9870818398905916,0.0,0.019047857451296453,0.0,1.0941404141138638,0.0,1.8054849505286708,3.028805446218169,3.054734845924601
0.9870814034953587,0.0,0.01902122088493341,0.0,1.0949404141138637,0.0,1.8048230840955837,3.0288362307626926,3.0544719293758624
0.9870809753929056,0.0,0.01899463984831917,0.0,1.0957404141138636,0.0,1.80416235521701,3.0288669990286783,3.054200633274774
0.9870805555249054,0.0,0.018968114189709288,0.0,1.0965404141138635,0.0,1.8035027610401566,3.0288977509783264,3.0539210140205943
0.9870801438334171,0.0,0.018941643757853715,0.0,1.0973404141138634,0.0,1.8028442987207176,3.0289284865742716,3.05363312763443
0.987079740260885,0.0,0.01891522840199524,0.0,1.0981404141138633,0.0,1.80218696542281,3.0289592057795796,3.053337029760457
0.9870793447501327,0.0,0.018888867971867642,0.0,1.0989404141138632,0.0,1.8015307583190043,3.0289899085577394,3.053032775661962
0.9870789572443631,0.0,0.018862562317694107,0.0,1.0997404141138631,0.0,1.8008756745902645,3.029020594872664,3.052720420232711
0.9870785776871551,0.0,0.018836311290185426,0.0,1.100540414113863,0.0,1.8002217114259373,3.0290512646886874,3.0524000179980177
0.9870782060224605,0.0,0.018810114740538394,0.0,1.101340414113863,0.0,1.7995688660237044,3.029081917970558,3.0520716231111567
0.987077842194602,0.0,0.01878397252043405,0.0,1.1021404141138629,0.0,1.7989171355895812,3.029112554683439,3.0517352893630303
0.9870774861482697,0.0,0.01875788448203596,0.0,1.1029404141138628,0.0,1.798266517337891,3.0291431747929054,3.0513910701842084
0.9870771378285205,0.0,0.01873185047798867,0.0,1.1037404141138627,0.0,1.7976170084912202,3.02917377826494,3.051039018641317
0.9870767971807736,0.0,0.01870587036141597,0.0,1.1045404141138626,0.0,1.7969686062804104,3.029204365065923,3.050679187451379
0.9870764641508085,0.0,0.0186799439859191,0.0,1.1053404141138625,0.0,1.7963213079445273,3.0292349351626457,3.0503116289660306
0.9870761386847641,0.0,0.01865407120557529,0.0,1.1061404141138624,0.0,1.795675110730838,3.0292654885222907,3.049936395200284
0.9870758207291345,0.0,0.01862825187493598,0.0,1.1069404141138623,0.0,1.7950300118947766,3.0292960251124414,3.0495535378016223
0.9870755102307657,0.0,0.018602485849025113,0.0,1.1077404141138623,0.0,1.794386008699946,3.0293265449010702,3.049163108090317
0.9870752071368564,0.0,0.018576772983337653,0.0,1.1085404141138622,0.0,1.7937430984180567,3.0293570478565384,3.048765157032548
0.9870749113949527,0.0,0.018551113133837754,0.0,1.109340414113862,0.0,1.7931012783289255,3.0293875339475997,3.048359735251236
0.987074622952947,0.0,0.018525506156957267,0.0,1.110140414113862,0.0,1.7924605457204414,3.029418003143384,3.0479468930344678
0.9870743417590758,0.0,0.018499951909594064,0.0,1.110940414113862,0.0,1.7918208978885428,3.029448455413404,3.0475266803367838
0.9870740677619159,0.0,0.01847445024911026,0.0,1.1117404141138618,0.0,1.7911823321372113,3.029478890727556,3.0470991467772692
0.9870738009103839,0.0,0.01844900103333084,0.0,1.1125404141138617,0.0,1.7905448457784132,3.0295093090561043,3.046664341636959
0.9870735411537331,0.0,0.018423604120541837,0.0,1.1133404141138616,0.0,1.7899084361320936,3.0295397103696917,3.0462223138752256
0.9870732884415508,0.0,0.018398259369488787,0.0,1.1141404141138616,0.0,1.7892731005261544,3.029570094639328,3.0457731121248117
0.9870730427237567,0.0,0.018372966639375165,0.0,1.1149404141138615,0.0,1.7886388362964172,3.029600461836387,3.045316784690022
0.9870728039506005,0.0,0.01834772578986066,0.0,1.1157404141138614,0.0,1.7880056407866252,3.0296308119326145,3.0448533795528654
0.9870725720726585,0.0,0.018322536681059674,0.0,1.1165404141138613,0.0,1.787373511348376,3.029661144900108,3.0443829443825727
0.9870723470408335,0.0,0.01829739917353968,0.0,1.1173404141138612,0.0,1.786742445341154,3.029691460711332,3.0439055265272756
0.9870721288063505,0.0,0.01827231312831965,0.0,1.1181404141138611,0.0,1.786112440132243,3.0297217593391017,3.043421173017876
0.987071917320757,0.0,0.018247278406868496,0.0,1.118940414113861,0.0,1.785483493096744,3.0297520407565885,3.0429299305770092
0.9870717125359171,0.0,0.01822229487110334,0.0,1.119740414113861,0.0,1.7848556016175514,3.029782304937314,3.0424318456127453
0.9870715144040129,0.0,0.01819736238338812,0.0,1.1205404141138608,0.0,1.7842287630853009,3.0298125518551475,3.0419269642320708
0.9870713228775408,0.0,0.01817248080653192,0.0,1.1213404141138608,0.0,1.783602974898384,3.0298427814843074,3.0414153322229804
0.9870711379093091,0.0,0.018147650003787454,0.0,1.1221404141138607,0.0,1.7829782344628717,3.029872993799348,3.040896995087554
0.9870709594524367,0.0,0.018122869838849445,0.0,1.1229404141138606,0.0,1.7823545391925422,3.0299031887751693,3.040371998010707
0.9870707874603499,0.0,0.018098140175853063,0.0,1.1237404141138605,0.0,1.7817318865088445,3.029933366387009,3.03984038588741
0.9870706218867813,0.0,0.01807346087937245,0.0,1.1245404141138604,0.0,1.7811102738408455,3.029963526610438,3.0393022033135018
0.9870704626857678,0.0,0.018048831814419117,0.0,1.1253404141138603,0.0,1.7804896986252405,3.0299936694213603,3.038757494588504
0.9870703098116478,0.0,0.01802425284644035,0.0,1.1261404141138602,0.0,1.7798701583063048,3.0300237947960142,3.0382063037172875
0.9870701632190588,0.0,0.01799972384131781,0.0,1.1269404141138601,0.0,1.7792516503358955,3.030053902710958,3.0376486744189615
0.9870700228629373,0.0,0.017975244665365844,0.0,1.12774041411386,0.0,1.7786341721733991,3.0300839931430854,3.037084650124796
0.9870698886985145,0.0,0.017950815185330118,0.0,1.12854041411386,0.0,1.7780177212857295,3.0301140660696015,3.0365142739676
0.9870697606813161,0.0,0.017926435268385863,0.0,1.1293404141138599,0.0,1.77740229514731,3.0301441214680445,3.035937588812929
0.9870696387671586,0.0,0.017902104782136646,0.0,1.1301404141138598,0.0,1.7767878912400066,3.0301741593162594,3.0353546372287252
0.9870695229121496,0.0,0.017877823594612572,0.0,1.1309404141138597,0.0,1.7761745070531632,3.0302041795924195,3.0347654615141644
0.9870694130726828,0.0,0.01785359157426907,0.0,1.1317404141138596,0.0,1.7755621400835355,3.0302341822749925,3.034170103682594
0.9870693092054392,0.0,0.017829408589985028,0.0,1.1325404141138595,0.0,1.7749507878352975,3.0302641673427804,3.0335686054727846
0.9870692112673828,0.0,0.017805274511061654,0.0,1.1333404141138594,0.0,1.7743404478199805,3.030294134774875,3.0329610083529763
0.9870691192157603,0.0,0.017781189207220754,0.0,1.1341404141138594,0.0,1.773731117556491,3.0303240845506836,3.0323473535091208
0.9870690330080981,0.0,0.017757152548603307,0.0,1.1349404141138593,0.0,1.7731227945710692,3.030354016649917,3.0317276818686714
0.9870689526022001,0.0,0.017733164405767964,0.0,1.1357404141138592,0.0,1.7725154763972597,3.030383931052583,3.031102034081375
0.987068877956148,0.0,0.017709224649689628,0.0,1.136540414113859,0.0,1.7719091605758988,3.0304138277389976,3.0304704505341227
0.9870688090282967,0.0,0.01768533315175793,0.0,1.137340414113859,0.0,1.7713038446550797,3.0304437066897636,3.029832971348066
0.9870687457772745,0.0,0.017661489783775696,0.0,1.138140414113859,0.0,1.7706995261901495,3.0304735678857897,3.0291896363849036
0.9870686881619803,0.0,0.01763769441795766,0.0,1.1389404141138588,0.0,1.7700962027436602,3.030503411308267,3.028540485238527
0.9870686361415812,0.0,0.017613946926928765,0.0,1.1397404141138587,0.0,1.7694938718853943,3.030533236938686,3.0278855572476027
0.9870685896755121,0.0,0.017590247183722953,0.0,1.1405404141138586,0.0,1.7688925311922563,3.030563044758817,3.0272248914924718
0.9870685487234735,0.0,0.01756659506178151,0.0,1.1413404141138586,0.0,1.7682921782483472,3.030592834750727,3.0265585268008817
0.9870685132454283,0.0,0.017542990434951725,0.0,1.1421404141138585,0.0,1.7676928106448742,3.030622606896757,3.0258865017411094
0.9870684832016029,0.0,0.017519433177485475,0.0,1.1429404141138584,0.0,1.7670944259801566,3.0306523611795377,3.0252088546351947
0.9870684585524815,0.0,0.01749592316403766,0.0,1.1437404141138583,0.0,1.766497021859587,3.030682097581973,3.024525623548942
0.9870684392588086,0.0,0.01747246026966492,0.0,1.1445404141138582,0.0,1.7659005958956422,3.0307118160872513,3.023836846307316
0.9870684252815839,0.0,0.01744904436982413,0.0,1.1453404141138581,0.0,1.7653051457078213,3.0307415166788294,3.023142560480933
0.9870684165820626,0.0,0.01742567534037094,0.0,1.146140414113858,0.0,1.7647106689226453,3.030771199340445,3.0224428033987754
0.9870684131217523,0.0,0.017402353057558464,0.0,1.146940414113858,0.0,1.7641171631736259,3.030800864056101,3.021737612150894
0.9870684148624126,0.0,0.017379077398035767,0.0,1.1477404141138579,0.0,1.7635246261012507,3.030830510810074,3.0210270235760404
0.9870684217660529,0.0,0.01735584823884654,0.0,1.1485404141138578,0.0,1.7629330553529534,3.030860139586906,3.0203110742836765
0.9870684337949296,0.0,0.017332665457427607,0.0,1.1493404141138577,0.0,1.7623424485831065,3.030889750371405,3.01958980063585
0.9870684509115466,0.0,0.017309528931607625,0.0,1.1501404141138576,0.0,1.7617528034529772,3.0309193431486423,3.0188632387634002
0.9870684730786516,0.0,0.017286438539605584,0.0,1.1509404141138575,0.0,1.761164117630726,3.030948917903951,3.01813142456393
0.9870685002592362,0.0,0.017263394160029543,0.0,1.1517404141138574,0.0,1.760576388791363,3.0309784746229216,3.0173943936978174
0.9870685324165324,0.0,0.01724039567187514,0.0,1.1525404141138573,0.0,1.7599896146167562,3.0310080132914012,3.01665218159259
0.9870685695140134,0.0,0.017217442954524233,0.0,1.1533404141138572,0.0,1.7594037927955761,3.0310375338955016,3.0159048234515953
0.9870686115153893,0.0,0.017194535887743584,0.0,1.1541404141138571,0.0,1.7588189210233058,3.031067036421577,3.0151523542447856
0.9870686583846067,0.0,0.01717167435168342,0.0,1.154940414113857,0.0,1.7582349970021902,3.031096520856235,3.014394808721799
0.9870687100858491,0.0,0.0171488582268761,0.0,1.155740414113857,0.0,1.7576520184412414,3.031125987186341,3.0136322213969042
0.9870687665835312,0.0,0.01712608739423478,0.0,1.1565404141138569,0.0,1.7570699830561833,3.031155435398998,3.0128646265690286
0.987068827842301,0.0,0.01710336173505198,0.0,1.1573404141138568,0.0,1.7564888885694847,3.0311848654815616,3.012092058315415
0.9870688938270361,0.0,0.01708068113099832,0.0,1.1581404141138567,0.0,1.7559087327102656,3.0312142774216273,3.0113145504852508
0.9870689645028438,0.0,0.017058045464121152,0.0,1.1589404141138566,0.0,1.75532951321434,3.0312436712070365,3.0105321367159767
0.9870690398350569,0.0,0.01703545461684309,0.0,1.1597404141138565,0.0,1.7547512278241681,3.0312730468258677,3.009744850425112
0.9870691197892363,0.0,0.017012908471960905,0.0,1.1605404141138564,0.0,1.7541738742888238,3.031302404266443,3.0089527248124157
0.9870692043311657,0.0,0.01699040691264404,0.0,1.1613404141138564,0.0,1.7535974503639824,3.031331743517315,3.008155792866445
0.987069293426852,0.0,0.016967949822433274,0.0,1.1621404141138563,0.0,1.7530219538119272,3.0313610645672773,3.0073540873604063
0.9870693870425222,0.0,0.016945537085239475,0.0,1.1629404141138562,0.0,1.7524473824014755,3.031390367405348,3.0065476408606697
0.9870694851446253,0.0,0.016923168585342263,0.0,1.163740414113856,0.0,1.7518737339080148,3.0314196520207837,3.005736485716602
0.9870695876998268,0.0,0.016900844207388615,0.0,1.164540414113856,0.0,1.751301006113428,3.031448918403071,3.004920654071413
0.9870696946750098,0.0,0.01687856383639165,0.0,1.165340414113856,0.0,1.750729196806104,3.031478166541922,3.004100177864027
0.987069806037273,0.0,0.016856327357729347,0.0,1.1661404141138558,0.0,1.7501583037809263,3.03150739642727,3.003275088823253
0.9870699217539287,0.0,0.016834134657143077,0.0,1.1669404141138557,0.0,1.749588324839212,3.0315366080492856,3.002445418475643
0.9870700417925018,0.0,0.016811985620736537,0.0,1.1677404141138557,0.0,1.7490192577887373,3.0315658013983473,3.0016111981525473
0.9870701661207287,0.0,0.01678988013497427,0.0,1.1685404141138556,0.0,1.7484511004436802,3.031594976465065,3.0007724589684432
0.9870702947065545,0.0,0.01676781808668045,0.0,1.1693404141138555,0.0,1.7478838506246346,3.0316241332402605,2.9999292318475685
0.9870704275181347,0.0,0.016745799363037658,0.0,1.1701404141138554,0.0,1.7473175061585449,3.0316532717149824,2.999081547515381
0.9870705645238296,0.0,0.016723823851585513,0.0,1.1709404141138553,0.0,1.7467520648787254,3.0316823918804836,2.9982294364970405
0.9870707056922072,0.0,0.01670189144021939,0.0,1.1717404141138552,0.0,1.7461875246248286,3.0317114937282468,2.9973729291228413
0.9870708509920375,0.0,0.01668000201718928,0.0,1.1725404141138551,0.0,1.745623883242814,3.0317405772499493,2.996512055526523
0.9870710003922946,0.0,0.01665815547109844,0.0,1.173340414113855,0.0,1.7450611385849335,3.031769642437487,2.995646845653413
0.9870711538621547,0.0,0.01663635169090203,0.0,1.174140414113855,0.0,1.7444992885097272,3.031798689282974,2.99477732925335
0.9870713113709929,0.0,0.016614590565906102,0.0,1.1749404141138549,0.0,1.7439383308819723,3.0318277177787167,2.9939035358860266
0.9870714728883843,0.0,0.01659287198576608,0.0,1.1757404141138548,0.0,1.7433782635726909,3.0318567279172424,2.9930254949167896
0.9870716383841005,0.0,0.016571195840485796,0.0,1.1765404141138547,0.0,1.742819084459118,3.0318857196912683,2.9921432355352953
0.9870718078281104,0.0,0.016549562020415926,0.0,1.1773404141138546,0.0,1.7422607914246815,3.0319146930937295,2.991256786730162
0.9870719811905772,0.0,0.016527970416253104,0.0,1.1781404141138545,0.0,1.7417033823589811,3.031943648117748,2.9903661773129757
0.987072158441858,0.0,0.016506420919038364,0.0,1.1789404141138544,0.0,1.7411468551577707,3.0319725847566596,2.9894714359101267
0.987072339552502,0.0,0.016484913420156146,0.0,1.1797404141138543,0.0,1.7405912077229502,3.0320015030039866,2.988572590961485
0.9870725244932494,0.0,0.01646344781133294,0.0,1.1805404141138542,0.0,1.7400364379625066,3.0320304028534566,2.9876696707309973
0.9870727132350317,0.0,0.016442023984636157,0.0,1.1813404141138542,0.0,1.7394825437905597,3.032059284298989,2.9867627032967263
0.9870729057489667,0.0,0.016420641832472826,0.0,1.182140414113854,0.0,1.7389295231272723,3.0320881473346954,2.9858517165577423
0.987073102006361,0.0,0.016399301247588458,0.0,1.182940414113854,0.0,1.7383773738988801,3.032116991954882,2.9849367382389493
0.987073301978707,0.0,0.016378002123065803,0.0,1.183740414113854,0.0,1.7378260940376518,3.032145818154045,2.9840177958827225
0.9870735056376824,0.0,0.01635674435232362,0.0,1.1845404141138538,0.0,1.7372756814818697,3.0321746259268734,2.983094916861566
0.9870737129551471,0.0,0.016335527829115567,0.0,1.1853404141138537,0.0,1.736726134175822,3.0322034152682367,2.9821681283699197
0.9870739239031455,0.0,0.016314352447528924,0.0,1.1861404141138536,0.0,1.7361774500697722,3.032232186173196,2.9812374574271034
0.9870741384539015,0.0,0.01629321810198344,0.0,1.1869404141138535,0.0,1.7356296271199279,3.032260938636997,2.980302930888356
0.98707435657982,0.0,0.016272124687230126,0.0,1.1877404141138534,0.0,1.7350826632884628,3.03228967265507,2.9793645754250515
0.9870745782534842,0.0,0.016251072098350142,0.0,1.1885404141138534,0.0,1.7345365565434518,3.032318388223021,2.978422417548228
0.9870748034476562,0.0,0.016230060230753525,0.0,1.1893404141138533,0.0,1.733991304858879,3.0323470853366468,2.9774764836010315
0.9870750321352724,0.0,0.016209088980178057,0.0,1.1901404141138532,0.0,1.7334469062146014,3.0323757639919133,2.976526799755344
0.9870752642894468,0.0,0.016188158242688166,0.0,1.190940414113853,0.0,1.7329033585963571,3.0324044241849712,2.9755733920143115
0.9870754998834662,0.0,0.016167267914673617,0.0,1.191740414113853,0.0,1.7323606599957133,3.032433065912147,2.9746162862216314
0.987075738890791,0.0,0.01614641789284849,0.0,1.192540414113853,0.0,1.7318188084100803,3.0324616891699403,2.9736555080511797
0.9870759812850535,0.0,0.016125608074249988,0.0,1.1933404141138528,0.0,1.7312778018426527,3.032490293955023,2.9726910830162585
0.9870762270400564,0.0,0.016104838356237217,0.0,1.1941404141138527,0.0,1.7307376383024262,3.0325188802642433,2.971723036467839
0.9870764761297729,0.0,0.016084108636490145,0.0,1.1949404141138527,0.0,1.7301983158041703,3.032547448094618,2.9707513935991385
0.9870767285283438,0.0,0.01606341881300837,0.0,1.1957404141138526,0.0,1.7296598323683998,3.0325759974433346,2.9697761794372983
0.9870769842100777,0.0,0.01604276878411005,0.0,1.1965404141138525,0.0,1.7291221860213561,3.032604528307748,2.9687974188529838
0.9870772431494494,0.0,0.016022158448430704,0.0,1.1973404141138524,0.0,1.728585374795006,3.032633040685381,2.9678151365647776
0.9870775053211002,0.0,0.016001587704922184,0.0,1.1981404141138523,0.0,1.7280493967270074,3.032661534573924,2.966829357124986
0.9870777706998332,0.0,0.015981056452851406,0.0,1.1989404141138522,0.0,1.7275142498606912,3.032690009971228,2.965840104939049
0.9870780392606162,0.0,0.01596056459179936,0.0,1.1997404141138521,0.0,1.726979932245055,3.032718466875308,2.964847404249735
0.9870783109785792,0.0,0.015940112021659954,0.0,1.200540414113852,0.0,1.726446441934724,3.032746905284341,2.963851279154466
0.987078585829012,0.0,0.015919698642638792,0.0,1.201340414113852,0.0,1.72591377698997,3.0327753251966696,2.962851753591306
0.9870788637873658,0.0,0.01589932435525227,0.0,1.2021404141138519,0.0,1.7253819354766358,3.0328037266107923,2.9618488513513586
0.9870791448292492,0.0,0.015878989060326296,0.0,1.2029404141138518,0.0,1.7248509154661777,3.0328321095253634,2.960842596069437
0.9870794289304293,0.0,0.015858692658995303,0.0,1.2037404141138517,0.0,1.7243207150356055,3.0328604739391927,2.9598330112386106
0.9870797160668303,0.0,0.01583843505270107,0.0,1.2045404141138516,0.0,1.7237913322674707,3.0328888198512534,2.958820120199693
0.9870800062145317,0.0,0.015818216143191677,0.0,1.2053404141138515,0.0,1.723262765249901,3.032917147260666,2.9578039461443444
0.9870802993497674,0.0,0.015798035832520357,0.0,1.2061404141138514,0.0,1.7227350120764802,3.0329454561667077,2.956784512118384
0.9870805954489258,0.0,0.015777894023044553,0.0,1.2069404141138513,0.0,1.722208070846323,3.0329737465688034,2.955761841023892
0.987080894488548,0.0,0.01575779061742464,0.0,1.2077404141138512,0.0,1.7216819396640108,3.033002018466539,2.9547359556165236
0.9870811964453258,0.0,0.015737725518623003,0.0,1.2085404141138512,0.0,1.721156616639595,3.033030271859637,2.9537068785117295
0.9870815012961031,0.0,0.01571769862990292,0.0,1.209340414113851,0.0,1.720632099888564,3.033058506747978,2.9526746321774153
0.9870818090178729,0.0,0.01569770985482746,0.0,1.210140414113851,0.0,1.720108387531829,3.0330867231315843,2.9516392389393555
0.9870821195877767,0.0,0.01567775909725846,0.0,1.210940414113851,0.0,1.7195854776957158,3.0331149210106245,2.9506007209872993
0.9870824329831047,0.0,0.015657846261355447,0.0,1.2117404141138508,0.0,1.719063368511929,3.0331431003854172,2.9495591003684014
0.9870827491812924,0.0,0.015637971251574543,0.0,1.2125404141138507,0.0,1.7185420581175637,3.0331712612564186,2.948514398992223
0.9870830681599231,0.0,0.015618133972667505,0.0,1.2133404141138506,0.0,1.7180215446550657,3.0331994036242316,2.9474666386264636
0.9870833898967233,0.0,0.015598334329680594,0.0,1.2141404141138505,0.0,1.7175018262722137,3.033227527489598,2.946415840907592
0.9870837143695649,0.0,0.015578572227953578,0.0,1.2149404141138505,0.0,1.7169829011220947,3.033255632853401,2.9453620273313366
0.987084041556462,0.0,0.015558847573118631,0.0,1.2157404141138504,0.0,1.7164647673631324,3.033283719716664,2.9443052192557797
0.9870843714355716,0.0,0.015539160271099375,0.0,1.2165404141138503,0.0,1.7159474231590128,3.0333117880805496,2.943245437915293
0.9870847039851907,0.0,0.01551951022810981,0.0,1.2173404141138502,0.0,1.7154308666786895,3.0333398379463494,2.9421827043985527
0.9870850391837571,0.0,0.015499897350653224,0.0,1.21814041411385,0.0,1.7149150960963975,3.0333678693155037,2.941117039666354
0.9870853770098486,0.0,0.01548032154552131,0.0,1.21894041411385,0.0,1.7144001095915702,3.0333958821895743,2.940048464547965
0.9870857174421812,0.0,0.01546078271979299,0.0,1.21974041411385,0.0,1.7138859053488849,3.033423876570269,2.9389769997417976
0.9870860604596076,0.0,0.015441280780833518,0.0,1.2205404141138498,0.0,1.7133724815582096,3.0334518524594163,2.9379026658166882
0.9870864060411185,0.0,0.015421815636293364,0.0,1.2213404141138497,0.0,1.7128598364146055,3.033479809858989,2.9368254832110203
0.9870867541658397,0.0,0.015402387194107301,0.0,1.2221404141138497,0.0,1.7123479681182843,3.03350774877108,2.9357454722322163
0.9870871048130313,0.0,0.015382995362493308,0.0,1.2229404141138496,0.0,1.7118368748746347,3.0335356691979163,2.9346626530673716
0.9870874579620883,0.0,0.015363640049951634,0.0,1.2237404141138495,0.0,1.7113265548941725,3.033563571141852,2.933577045772107
0.9870878135925389,0.0,0.015344321165263807,0.0,1.2245404141138494,0.0,1.7108170063925106,3.0335914546053684,2.93248867027163
0.9870881716840432,0.0,0.015325038617491515,0.0,1.2253404141138493,0.0,1.710308227590388,3.033619319591078,2.931397546377841
0.9870885322163927,0.0,0.015305792315975827,0.0,1.2261404141138492,0.0,1.7098002167136301,3.0336471661017077,2.9303036937640634
0.9870888951695099,0.0,0.015286582170335959,0.0,1.2269404141138491,0.0,1.7092929719931107,3.0336749941401244,2.9292071319901654
0.9870892605234467,0.0,0.01526740809046853,0.0,1.227740414113849,0.0,1.708786491664765,3.0337028037093017,2.9281078804921004
0.9870896282583834,0.0,0.015248269986546364,0.0,1.228540414113849,0.0,1.7082807739695798,3.033730594812347,2.9270059585827024
0.9870899983546301,0.0,0.0152291677690177,0.0,1.2293404141138489,0.0,1.7077758171535362,3.0337583674524873,2.9259013854512803
0.9870903707926219,0.0,0.015210101348605093,0.0,1.2301404141138488,0.0,1.7072716194676407,3.0337861216330633,2.924794180171755
0.9870907455529223,0.0,0.01519107063630449,0.0,1.2309404141138487,0.0,1.7067681791678722,3.0338138573575444,2.9236843616906416
0.987091122616219,0.0,0.015172075543384247,0.0,1.2317404141138486,0.0,1.7062654945151814,3.033841574629511,2.922571948851051
0.9870915019633251,0.0,0.015153115981384222,0.0,1.2325404141138485,0.0,1.7057635637754909,3.033869273452665,2.921456960357127
0.9870918835751773,0.0,0.015134191862114735,0.0,1.2333404141138484,0.0,1.7052623852196365,3.033896953830821,2.920339414811953
0.9870922674328365,0.0,0.015115303097655661,0.0,1.2341404141138483,0.0,1.7047619571234014,3.0339246157679165,2.919219330698313
0.9870926535174845,0.0,0.015096449600355482,0.0,1.2349404141138483,0.0,1.7042622777674672,3.0339522592679926,2.9180967263776276
0.987093041810426,0.0,0.01507763128283028,0.0,1.2357404141138482,0.0,1.7037633454373993,3.0339798843352197,2.916971620103295
0.9870934322930851,0.0,0.015058848057962908,0.0,1.236540414113848,0.0,1.7032651584236531,3.0340074909738606,2.9158440300109696
0.9870938249470081,0.0,0.015040099838901942,0.0,1.237340414113848,0.0,1.7027677150215237,3.034035079188311,2.914713974128335
0.9870942197538579,0.0,0.015021386539060813,0.0,1.238140414113848,0.0,1.7022710135311778,3.034062648983056,2.9135814703569736
0.9870946166954178,0.0,0.01500270807211679,0.0,1.2389404141138478,0.0,1.7017750522575859,3.034090200362708,2.912446536502922
0.9870950157535882,0.0,0.014984064352010136,0.0,1.2397404141138477,0.0,1.7012798295105425,3.0341177333319833,2.911309190249842
0.987095416910387,0.0,0.014965455292943181,0.0,1.2405404141138476,0.0,1.7007853436046336,3.0341452478957045,2.910169449177434
0.9870958201479471,0.0,0.014946880809379278,0.0,1.2413404141138475,0.0,1.7002915928592381,3.0341727440588,2.9090273307502037
0.9870962254485177,0.0,0.01492834081604204,0.0,1.2421404141138475,0.0,1.699798575598489,3.0342002218263096,2.9078828523228375
0.987096632794463,0.0,0.014909835227914364,0.0,1.2429404141138474,0.0,1.6993062901512836,3.034227681203373,2.906736031150876
0.9870970421682607,0.0,0.014891363960237472,0.0,1.2437404141138473,0.0,1.6988147348512248,3.0342551221952396,2.9055868843701114
0.9870974535525014,0.0,0.014872926928510038,0.0,1.2445404141138472,0.0,1.6983239080366812,3.034282544807259,2.904435429015393
0.9870978669298891,0.0,0.014854524048487314,0.0,1.245340414113847,0.0,1.6978338080507005,3.034309949044884,2.9032816820205074
0.9870982822832389,0.0,0.014836155236180181,0.0,1.246140414113847,0.0,1.6973444332410113,3.0343373349136713,2.9021256602031387
0.987098699595478,0.0,0.01481782040785427,0.0,1.246940414113847,0.0,1.6968557819600367,3.0343647024192806,2.9009673802782885
0.987099118849642,0.0,0.014799519480029041,0.0,1.2477404141138468,0.0,1.6963678525648462,3.0343920515674645,2.899806858867754
0.9870995400288781,0.0,0.014781252369476956,0.0,1.2485404141138468,0.0,1.6958806434171658,3.03441938236408,2.89864411247014
0.9870999631164413,0.0,0.014763018993222502,0.0,1.2493404141138467,0.0,1.695394152883345,3.0344466948150846,2.8974791574997973
0.9871003880956964,0.0,0.014744819268541392,0.0,1.2501404141138466,0.0,1.6949083793343285,3.0344739889265333,2.8963120102562927
0.9871008149501129,0.0,0.014726653112959603,0.0,1.2509404141138465,0.0,1.6944233211457027,3.034501264704569,2.8951426869451655
0.9871012436632703,0.0,0.014708520444252565,0.0,1.2517404141138464,0.0,1.6939389766975994,3.034528522155445,2.893971203664152
0.9871016742188523,0.0,0.014690421180444224,0.0,1.2525404141138463,0.0,1.6934553443747604,3.0345557612855005,2.8927975764175184
0.9871021066006488,0.0,0.014672355239806234,0.0,1.2533404141138462,0.0,1.6929724225664304,3.034582982101173,2.891621821105356
0.9871025407925546,0.0,0.014654322540857068,0.0,1.2541404141138461,0.0,1.6924902096664367,3.0346101846089892,2.890443953527865
0.9871029767785681,0.0,0.014636323002361083,0.0,1.254940414113846,0.0,1.6920087040731224,3.0346373688155754,2.889263989390541
0.9871034145427917,0.0,0.01461835654332777,0.0,1.255740414113846,0.0,1.69152790418933,3.034664534727644,2.888081944297759
0.9871038540694307,0.0,0.014600423083010797,0.0,1.2565404141138459,0.0,1.6910478084224214,3.034691682352005,2.8868978337605506
0.9871042953427924,0.0,0.014582522540907247,0.0,1.2573404141138458,0.0,1.690568415184225,3.034718811695555,2.885711673186838
0.9871047383472851,0.0,0.014564654836756681,0.0,1.2581404141138457,0.0,1.6900897228910279,3.0347459227652767,2.8845234778989792
0.9871051830674189,0.0,0.014546819890540325,0.0,1.2589404141138456,0.0,1.6896117299635895,3.034773015568252,2.8833332631078585
0.9871056294878036,0.0,0.014529017622480237,0.0,1.2597404141138455,0.0,1.6891344348271116,3.034800090111643,2.8821410439480646
0.9871060775931483,0.0,0.014511247953038457,0.0,1.2605404141138454,0.0,1.6886578359111977,3.034827146402698,2.8809468354483996
0.987106527368262,0.0,0.01449351080291611,0.0,1.2613404141138453,0.0,1.688181931649882,3.034854184448764,2.879750652541891
0.9871069787980509,0.0,0.014475806093052684,0.0,1.2621404141138453,0.0,1.6877067204815959,3.0348812042572595,2.8785525100783547
0.9871074318675198,0.0,0.014458133744625089,0.0,1.2629404141138452,0.0,1.6872322008491296,3.0349082058356984,2.8773524228097482
0.9871078865617701,0.0,0.0144404936790469,0.0,1.263740414113845,0.0,1.6867583711996583,3.0349351891916743,2.876150405396972
0.987108342865999,0.0,0.014422885817967478,0.0,1.264540414113845,0.0,1.6862852299847244,3.034962154332864,2.87494647240559
0.9871088007655013,0.0,0.014405310083271193,0.0,1.265340414113845,0.0,1.6858127756601848,3.034989101267031,2.8737406383222908
0.9871092602456649,0.0,0.014387766397076519,0.0,1.2661404141138448,0.0,1.685341006686241,3.0350160300020224,2.872532917526326
0.9871097212919744,0.0,0.014370254681735365,0.0,1.2669404141138447,0.0,1.68486992152739,3.0350429405457624,2.871323324321285
0.9871101838900062,0.0,0.014352774859832109,0.0,1.2677404141138446,0.0,1.684399518652461,3.035069832906256,2.870111872919251
0.9871106480254319,0.0,0.014335326854182881,0.0,1.2685404141138445,0.0,1.683929796534516,3.035096707091592,2.8688985774362354
0.9871111136840158,0.0,0.014317910587834711,0.0,1.2693404141138445,0.0,1.6834607536509227,3.035123563109942,2.8676834519130403
0.987111580851613,0.0,0.01430052598406472,0.0,1.2701404141138444,0.0,1.6829923884833136,3.0351504009695485,2.8664665102899747
0.9871120495141715,0.0,0.0142831729663794,0.0,1.2709404141138443,0.0,1.6825246995175256,3.035177220678733,2.865247766432632
0.9871125196577297,0.0,0.014265851458513654,0.0,1.2717404141138442,0.0,1.6820576852436693,3.035204022245901,2.8640272341112145
0.9871129912684171,0.0,0.014248561384430166,0.0,1.272540414113844,0.0,1.681591344156046,3.0352308056795305,2.8628049270079106
0.9871134643324524,0.0,0.014231302668318527,0.0,1.273340414113844,0.0,1.6811256747531573,3.0352575709881755,2.8615808587379945
0.9871139388361441,0.0,0.014214075234594446,0.0,1.274140414113844,0.0,1.680660675537707,3.0352843181804667,2.8603550428114466
0.9871144147658893,0.0,0.014196879007898951,0.0,1.2749404141138438,0.0,1.680196345016567,3.03531104726511,2.8591274926654617
0.9871148921081737,0.0,0.014179713913097684,0.0,1.2757404141138438,0.0,1.6797326817007658,3.0353377582508863,2.8578982216475017
0.9871153708495696,0.0,0.014162579875280011,0.0,1.2765404141138437,0.0,1.679269684105505,3.035364451146645,2.8566672430303286
0.9871158509767373,0.0,0.014145476819758328,0.0,1.2773404141138436,0.0,1.678807350750086,3.035391125961314,2.8554345699907504
0.9871163324764232,0.0,0.014128404672067215,0.0,1.2781404141138435,0.0,1.6783456801579582,3.0354177827038926,2.8542002156421984
0.9871168153354601,0.0,0.014111363357962755,0.0,1.2789404141138434,0.0,1.6778846708566684,3.0354444213834504,2.8529641929993135
0.9871172995407655,0.0,0.01409435280342167,0.0,1.2797404141138433,0.0,1.6774243213778777,3.0354710420091267,2.851726515003786
0.9871177850793424,0.0,0.014077372934640632,0.0,1.2805404141138432,0.0,1.676964630257295,3.035497644590132,2.850487194518401
0.9871182719382781,0.0,0.014060423678035458,0.0,1.2813404141138431,0.0,1.6765055960347333,3.0355242291357456,2.8492462443194695
0.9871187601047434,0.0,0.014043504960240314,0.0,1.282140414113843,0.0,1.6760472172540424,3.0355507956553245,2.848003677112336
0.9871192495659927,0.0,0.014026616708107073,0.0,1.282940414113843,0.0,1.6755894924631052,3.0355773441582814,2.846759505516659
0.9871197403093628,0.0,0.01400975884870443,0.0,1.2837404141138429,0.0,1.67513242021388,3.035603874654102,2.8455137420774546
0.9871202323222728,0.0,0.013992931309317239,0.0,1.2845404141138428,0.0,1.6746759990622904,3.0356303871523407,2.8442663992587196
0.9871207255922237,0.0,0.013976134017445728,0.0,1.2853404141138427,0.0,1.6742202275683018,3.0356568816626166,2.8430174894501365
0.9871212201067981,0.0,0.01395936690080475,0.0,1.2861404141138426,0.0,1.673765104295839,3.0356833581946185,2.841767024956909
0.9871217158536582,0.0,0.013942629887323007,0.0,1.2869404141138425,0.0,1.6733106278128478,3.0357098167580996,2.840515018019512
0.9871222128205472,0.0,0.013925922905142506,0.0,1.2877404141138424,0.0,1.6728567966911903,3.035736257362867,2.8392614807956016
0.9871227109952877,0.0,0.01390924588261745,0.0,1.2885404141138423,0.0,1.6724036095067352,3.0357626800188116,2.838006425365616
0.9871232103657818,0.0,0.013892598748313915,0.0,1.2893404141138423,0.0,1.6719510648392355,3.0357890847358715,2.836749863739616
0.9871237109200091,0.0,0.013875981431008775,0.0,1.2901404141138422,0.0,1.671499161272424,3.035815471524055,2.835491807853955
0.9871242126460287,0.0,0.01385939385968921,0.0,1.290940414113842,0.0,1.6710478973939222,3.0358418403934317,2.834232269557877
0.9871247155319771,0.0,0.01384283596355186,0.0,1.291740414113842,0.0,1.670597271795254,3.0358681913541368,2.8329712606430784
0.987125219566067,0.0,0.013826307672002125,0.0,1.292540414113842,0.0,1.6701472830718478,3.0358945244163578,2.8317087928211087
0.9871257247365893,0.0,0.01380980891465349,0.0,1.2933404141138418,0.0,1.6696979298229957,3.0359208395903527,2.830444877730961
0.9871262310319093,0.0,0.013793339621326709,0.0,1.2941404141138417,0.0,1.6692492106518744,3.0359471368864313,2.8291795269383457
0.9871267384404703,0.0,0.013776899722049209,0.0,1.2949404141138416,0.0,1.6688011241654825,3.035973416314972,2.827912751935477
0.9871272469507882,0.0,0.013760489147054281,0.0,1.2957404141138416,0.0,1.6683536689746927,3.035999677886401,2.826644564152578
0.9871277565514557,0.0,0.01374410782678039,0.0,1.2965404141138415,0.0,1.667906843694202,3.0360259216112166,2.8253749749365977
0.987128267231139,0.0,0.013727755691870536,0.0,1.2973404141138414,0.0,1.667460646942499,3.036052147499963,2.8241039955707326
0.9871287789785788,0.0,0.013711432673171462,0.0,1.2981404141138413,0.0,1.6670150773419004,3.036078355563253,2.822831637264007
0.9871292917825873,0.0,0.013695138701732968,0.0,1.2989404141138412,0.0,1.6665701335185064,3.036104545811744,2.8215579111606224
0.9871298056320519,0.0,0.013678873708807309,0.0,1.2997404141138411,0.0,1.666125814102197,3.0361307182561568,2.8202828283339487
0.9871303205159313,0.0,0.013662637625848349,0.0,1.300540414113841,0.0,1.6656821177266354,3.0361568729072705,2.819006399786161
0.9871308364232559,0.0,0.013646430384510959,0.0,1.301340414113841,0.0,1.6652390430292145,3.0361830097759137,2.817728636451165
0.9871313533431285,0.0,0.013630251916650316,0.0,1.3021404141138408,0.0,1.6647965886510854,3.036209128872973,2.81644954919678
0.9871318712647222,0.0,0.013614102154321185,0.0,1.3029404141138408,0.0,1.6643547532371459,3.0362352302093907,2.8151691488227732
0.9871323901772814,0.0,0.013597981029777273,0.0,1.3037404141138407,0.0,1.6639135354359846,3.0362613137961603,2.8138874460646734
0.9871329100701199,0.0,0.013581888475470528,0.0,1.3045404141138406,0.0,1.6634729338999215,3.0362873796443264,2.812604451581112
0.9871334309326222,0.0,0.013565824424050426,0.0,1.3053404141138405,0.0,1.6630329472849625,3.0363134277649935,2.811320175975259
0.9871339527542407,0.0,0.013549788808363343,0.0,1.3061404141138404,0.0,1.6625935742508062,3.03633945816931,2.8100346297806746
0.9871344755244983,0.0,0.013533781561451873,0.0,1.3069404141138403,0.0,1.6621548134608104,3.036365470868482,2.8087478234644587
0.9871349992329853,0.0,0.013517802616554105,0.0,1.3077404141138402,0.0,1.661716663582014,3.0363914658737654,2.807459767427563
0.9871355238693605,0.0,0.013501851907103068,0.0,1.3085404141138401,0.0,1.661279123285086,3.036417443196461,2.8061704720090943
0.9871360494233499,0.0,0.01348592936672584,0.0,1.30934041411384,0.0,1.6608421912443523,3.036443402847934,2.804879947480411
0.9871365758847465,0.0,0.013470034929243159,0.0,1.31014041411384,0.0,1.6604058661377485,3.036469344839581,2.8035882040528954
0.9871371032434108,0.0,0.013454168528668552,0.0,1.3109404141138399,0.0,1.659970146646839,3.036495269182867,2.8022952518696473
0.9871376314892695,0.0,0.013438330099207823,0.0,1.3117404141138398,0.0,1.659535031456782,3.036521175889291,2.801001101013539
0.987138160612314,0.0,0.013422519575258234,0.0,1.3125404141138397,0.0,1.6591005192563189,3.0365470649704047,2.7997057615078136
0.9871386906026024,0.0,0.013406736891408004,0.0,1.3133404141138396,0.0,1.658666608737806,3.0365729364378087,2.798409243305617
0.9871392214502579,0.0,0.013390981982435565,0.0,1.3141404141138395,0.0,1.6582332985971495,3.036598790303153,2.797111556302479
0.9871397531454675,0.0,0.01337525478330894,0.0,1.3149404141138394,0.0,1.657800587533787,3.0366246265781287,2.7958127103329176
0.9871402856784833,0.0,0.01335955522918508,0.0,1.3157404141138394,0.0,1.6573684742507453,3.036650445274482,2.7945127151701215
0.9871408190396207,0.0,0.013343883255409233,0.0,1.3165404141138393,0.0,1.6569369574545674,3.0366762464039976,2.793211580518842
0.9871413532192589,0.0,0.013328238797514338,0.0,1.3173404141138392,0.0,1.6565060358553172,3.0367020299785072,2.791909316039522
0.9871418882078397,0.0,0.01331262179122029,0.0,1.318140414113839,0.0,1.6560757081665787,3.036727796009889,2.790605931315535
0.9871424239958678,0.0,0.013297032172433406,0.0,1.318940414113839,0.0,1.6556459731054285,3.036753544510061,2.7893014358781545
0.9871429605739113,0.0,0.013281469877245699,0.0,1.319740414113839,0.0,1.6552168293924545,3.036779275491001,2.7879958392010167
0.9871434979325977,0.0,0.013265934841934314,0.0,1.3205404141138388,0.0,1.6547882757517025,3.036804988964707,2.786689150692626
0.9871440360626181,0.0,0.013250427002960872,0.0,1.3213404141138387,0.0,1.654360310910694,3.0368306849432356,2.785381379712387
0.9871445749547245,0.0,0.013234946296970813,0.0,1.3221404141138386,0.0,1.6539329336004085,3.0368563634386883,2.784072535547154
0.9871451145997284,0.0,0.013219492660792809,0.0,1.3229404141138386,0.0,1.6535061425552884,3.0368820244631998,2.7827626274400785
0.9871456549885029,0.0,0.013204066031438156,0.0,1.3237404141138385,0.0,1.6530799365131779,3.036907668028949,2.7814516645634684
0.9871461961119803,0.0,0.013188666346100069,0.0,1.3245404141138384,0.0,1.6526543142153716,3.036933294148164,2.780139656046331
0.9871467379611527,0.0,0.013173293542153176,0.0,1.3253404141138383,0.0,1.6522292744065685,3.0369589028330997,2.7788266109508126
0.9871472805270713,0.0,0.013157947557152782,0.0,1.3261404141138382,0.0,1.6518048158348857,3.036984494096066,2.7775125382839296
0.9871478238008471,0.0,0.01314262832883438,0.0,1.3269404141138381,0.0,1.6513809372518038,3.0370100679494083,2.776197446995466
0.9871483677736478,0.0,0.013127335795112943,0.0,1.327740414113838,0.0,1.6509576374122241,3.0370356244055037,2.7748813459841637
0.9871489124367014,0.0,0.013112069894082373,0.0,1.328540414113838,0.0,1.6505349150743698,3.037061163476782,2.7735642440887296
0.9871494577812916,0.0,0.0130968305640148,0.0,1.3293404141138379,0.0,1.65011276899987,3.037086685175705,2.772246150096377
0.9871500037987606,0.0,0.01308161774336011,0.0,1.3301404141138378,0.0,1.6496911979537006,3.037112189514774,2.77092707273354
0.9871505504805076,0.0,0.013066431370745311,0.0,1.3309404141138377,0.0,1.6492702007041264,3.0371376765065214,2.769607020678587
0.9871510978179879,0.0,0.013051271384973764,0.0,1.3317404141138376,0.0,1.648849776022798,3.0371631461635347,2.76828600255033
0.987151645802714,0.0,0.013036137725024866,0.0,1.3325404141138375,0.0,1.6484299226846686,3.0371885984984224,2.766964026918413
0.9871521944262539,0.0,0.013021030330053238,0.0,1.3333404141138374,0.0,1.6480106394679777,3.0372140335238385,2.7656411022900897
0.9871527436802309,0.0,0.013005949139388195,0.0,1.3341404141138373,0.0,1.6475919251542794,3.0372394512524687,2.7643172371319538
0.9871532935563236,0.0,0.012990894092533175,0.0,1.3349404141138372,0.0,1.647173778528425,3.0372648516970377,2.762992439849635
0.9871538440462668,0.0,0.012975865129165156,0.0,1.3357404141138371,0.0,1.6467561983785197,3.0372902348703095,2.7616667187874424
0.9871543951418481,0.0,0.012960862189134031,0.0,1.336540414113837,0.0,1.64633918349595,3.037315600785073,2.760340082263217
0.9871549468349099,0.0,0.012945885212462007,0.0,1.337340414113837,0.0,1.6459227326753625,3.0373409494541628,2.7590125385168656
0.9871554991173502,0.0,0.012930934139343146,0.0,1.3381404141138369,0.0,1.6455068447146204,3.0373662808904482,2.757684095748126
0.9871560519811176,0.0,0.012916008910142624,0.0,1.3389404141138368,0.0,1.6450915184148565,3.0373915951068184,2.756354762103205
0.9871566054182164,0.0,0.01290110946539622,0.0,1.3397404141138367,0.0,1.6446767525804125,3.0374168921162177,2.7550245456753055
0.9871571594207027,0.0,0.012886235745809809,0.0,1.3405404141138366,0.0,1.6442625460188522,3.0374421719316067,2.7536934545157585
0.9871577139806852,0.0,0.01287138769225866,0.0,1.3413404141138365,0.0,1.6438488975409329,3.037467434565987,2.7523614966108134
0.987158269090325,0.0,0.012856565245786955,0.0,1.3421404141138364,0.0,1.643435805960611,3.0374926800323925,2.751028679910515
0.9871588247418358,0.0,0.012841768347607198,0.0,1.3429404141138364,0.0,1.6430232700950438,3.037517908343892,2.749695012303787
0.9871593809274818,0.0,0.012826996939099672,0.0,1.3437404141138363,0.0,1.6426112887645339,3.0375431195135736,2.7483605016348918
0.9871599376395788,0.0,0.012812250961811747,0.0,1.3445404141138362,0.0,1.642199860792587,3.037568313554578,2.7470251557020107
0.9871604948704944,0.0,0.012797530357457548,0.0,1.345340414113836,0.0,1.6417889850058158,3.0375934904800603,2.7456889822495163
0.9871610526126453,0.0,0.012782835067917176,0.0,1.346140414113836,0.0,1.641378660234013,3.037618650303208,2.7443519889733055
0.9871616108585001,0.0,0.012768165035236262,0.0,1.346940414113836,0.0,1.6409688853101148,3.0376437930372475,2.743014183525524
0.9871621696005765,0.0,0.012753520201625337,0.0,1.3477404141138358,0.0,1.6405596590701417,3.037668918695437,2.7416755734972895
0.9871627288314415,0.0,0.012738900509459429,0.0,1.3485404141138357,0.0,1.640150980353269,3.0376940272910447,2.7403361664545276
0.9871632885437137,0.0,0.012724305901277317,0.0,1.3493404141138357,0.0,1.6397428480017495,3.0377191188373973,2.738995969887686
0.9871638487300576,0.0,0.012709736319781085,0.0,1.3501404141138356,0.0,1.63933526086096,3.0377441933478284,2.737654991263889
0.9871644093831892,0.0,0.012695191707835599,0.0,1.3509404141138355,0.0,1.638928217779321,3.0377692508357104,2.7363132379902413
0.9871649704958715,0.0,0.01268067200846787,0.0,1.3517404141138354,0.0,1.6385217176083964,3.0377942913144436,2.7349707174283546
0.9871655320609157,0.0,0.0126661771648666,0.0,1.3525404141138353,0.0,1.6381157592027449,3.0378193147974475,2.7336274369046567
0.9871660940711822,0.0,0.012651707120381555,0.0,1.3533404141138352,0.0,1.6377103414200251,3.0378443212981914,2.732283403680228
0.9871666565195776,0.0,0.012637261818523166,0.0,1.3541404141138351,0.0,1.6373054631209265,3.0378693108301436,2.730938624981078
0.9871672193990559,0.0,0.012622841202961765,0.0,1.354940414113835,0.0,1.6369011231692052,3.0378942834068217,2.729593107987006
0.9871677827026194,0.0,0.012608445217527287,0.0,1.355740414113835,0.0,1.6364973204315951,3.0379192390417633,2.7282468598379728
0.9871683464233153,0.0,0.012594073806208571,0.0,1.3565404141138349,0.0,1.6360940537778974,3.0379441777485274,2.7268998876144104
0.9871689105542383,0.0,0.012579726913152914,0.0,1.3573404141138348,0.0,1.635691322080903,3.037969099540703,2.7255521983675552
0.9871694750885291,0.0,0.0125654044826655,0.0,1.3581404141138347,0.0,1.6352891242163905,3.037994004431912,2.7242037990832126
0.9871700400193745,0.0,0.012551106459208901,0.0,1.3589404141138346,0.0,1.6348874590631584,3.0380188924357903,2.7228546967370724
0.9871706053400057,0.0,0.012536832787402521,0.0,1.3597404141138345,0.0,1.634486325502972,3.0380437635660016,2.721504898222993
0.9871711710437008,0.0,0.012522583412022071,0.0,1.3605404141138344,0.0,1.6340857224205525,3.0380686178362493,2.7201544104155584
0.9871717371237819,0.0,0.012508358277999114,0.0,1.3613404141138343,0.0,1.6336856487036224,3.03809345526024,2.718803240133269
0.9871723035736163,0.0,0.012494157330420457,0.0,1.3621404141138342,0.0,1.6332861032428219,3.038118275851721,2.717451394160089
0.9871728703866144,0.0,0.012479980514527676,0.0,1.3629404141138342,0.0,1.6328870849317494,3.0381430796244464,2.7160988792317236
0.9871734375562324,0.0,0.012465827775716604,0.0,1.363740414113834,0.0,1.6324885926669594,3.0381678665922105,2.7147457020434342
0.9871740050759711,0.0,0.012451699059536797,0.0,1.364540414113834,0.0,1.632090625347881,3.0381926367688346,2.7133918692446795
0.9871745729393714,0.0,0.01243759431169103,0.0,1.3653404141138339,0.0,1.6316931818769151,3.038217390168138,2.7120373874507453
0.9871751411400211,0.0,0.01242351347803479,0.0,1.3661404141138338,0.0,1.6312962611593358,3.03824212680399,2.7106822632172953
0.9871757096715498,0.0,0.012409456504575806,0.0,1.3669404141138337,0.0,1.6308998621033395,3.038266846690265,2.709326503080632
0.9871762785276297,0.0,0.012395423337473432,0.0,1.3677404141138336,0.0,1.6305039836199948,3.0382915498408716,2.7079701135219056
0.9871768477019757,0.0,0.012381413923038284,0.0,1.3685404141138335,0.0,1.6301086246232572,3.03831623626973,2.7066131009794114
0.9871774171883453,0.0,0.012367428207731589,0.0,1.3693404141138334,0.0,1.6297137840299478,3.038340905990794,2.70525547185506
0.9871779869805372,0.0,0.01235346613816486,0.0,1.3701404141138334,0.0,1.6293194607597734,3.0383655590180223,2.703897232517499
0.9871785570723928,0.0,0.01233952766109921,0.0,1.3709404141138333,0.0,1.628925653735279,3.0383901953654107,2.702538389274083
0.9871791274577945,0.0,0.012325612723444993,0.0,1.3717404141138332,0.0,1.6285323618818397,3.0384148150469663,2.7011789484195408
0.9871796981306663,0.0,0.012311721272261255,0.0,1.372540414113833,0.0,1.6281395841276982,3.0384394180767247,2.6998189161798005
0.9871802690849726,0.0,0.012297853254755258,0.0,1.373340414113833,0.0,1.6277473194038976,3.038464004468726,2.698458298763375
0.9871808403147199,0.0,0.01228400861828195,0.0,1.374140414113833,0.0,1.6273555666443111,3.038488574237056,2.6970971023245105
0.9871814118139529,0.0,0.012270187310343487,0.0,1.3749404141138328,0.0,1.6269643247856371,3.0385131273957966,2.695735332987152
0.9871819835767585,0.0,0.012256389278588818,0.0,1.3757404141138327,0.0,1.626573592767356,3.0385376639590587,2.6943729968310204
0.9871825555972631,0.0,0.012242614470813106,0.0,1.3765404141138327,0.0,1.6261833695317418,3.038562183940974,2.6930100998932067
0.9871831278696328,0.0,0.012228862834957293,0.0,1.3773404141138326,0.0,1.625793654023845,3.038586687355691,2.6916466481934567
0.9871837003880721,0.0,0.012215134319107566,0.0,1.3781404141138325,0.0,1.6254044451915268,3.038611174217375,2.690282647673621
0.9871842731468272,0.0,0.012201428871495001,0.0,1.3789404141138324,0.0,1.6250157419853801,3.0386356445402125,2.688918104280301
0.9871848461401811,0.0,0.012187746440494892,0.0,1.3797404141138323,0.0,1.6246275433587676,3.0386600983384113,2.6875530238942242
0.9871854193624561,0.0,0.012174086974626469,0.0,1.3805404141138322,0.0,1.6242398482678064,3.038684535626183,2.686187412363974
0.9871859928080138,0.0,0.012160450422552297,0.0,1.3813404141138321,0.0,1.6238526556713413,3.038708956417774,2.6848212755043086
0.9871865664712534,0.0,0.012146836733077813,0.0,1.382140414113832,0.0,1.6234659645309706,3.0387333607274423,2.6834546190919784
0.987187140346612,0.0,0.01213324585515093,0.0,1.382940414113832,0.0,1.623079773810999,3.038757748569458,2.682087448865798
0.9871877144285655,0.0,0.012119677737861524,0.0,1.3837404141138319,0.0,1.6226940824784442,3.0387821199581104,2.680719770526473
0.9871882887116261,0.0,0.012106132330440904,0.0,1.3845404141138318,0.0,1.6223088895030564,3.0388064749077093,2.679351589732973
0.9871888631903449,0.0,0.01209260958226145,0.0,1.3853404141138317,0.0,1.6219241938572655,3.038830813432582,2.677982912124017
0.9871894378593082,0.0,0.012079109442836097,0.0,1.3861404141138316,0.0,1.6215399945161861,3.0388551355470597,2.6766137432823074
0.9871900127131411,0.0,0.01206563186181786,0.0,1.3869404141138315,0.0,1.6211562904576349,3.038879441265504,2.675244088769759
0.9871905877465046,0.0,0.012052176788999398,0.0,1.3877404141138314,0.0,1.6207730806620835,3.0389037306022884,2.6738739540985215
0.9871911629540947,0.0,0.012038744174312553,0.0,1.3885404141138313,0.0,1.6203903641126902,3.0389280035717863,2.6725033447653246
0.9871917383306462,0.0,0.01202533396782786,0.0,1.3893404141138312,0.0,1.6200081397952477,3.038952260188413,2.6711322662056
0.9871923138709285,0.0,0.012011946119754148,0.0,1.3901404141138312,0.0,1.619626406698231,3.038976500466581,2.6697607238347243
0.9871928895697473,0.0,0.01199858058043809,0.0,1.390940414113831,0.0,1.6192451638126995,3.039000724420718,2.668388723032883
0.9871934654219425,0.0,0.011985237300363591,0.0,1.391740414113831,0.0,1.6188644101324106,3.0390249320652702,2.667016269146722
0.987194041422391,0.0,0.011971916230151555,0.0,1.392540414113831,0.0,1.6184841446537173,3.0390491234147015,2.6656433674747317
0.9871946175660046,0.0,0.011958617320559368,0.0,1.3933404141138308,0.0,1.618104366375581,3.0390732984834834,2.664270023298429
0.9871951938477294,0.0,0.011945340522480365,0.0,1.3941404141138307,0.0,1.6177250742995666,3.0390974572861036,2.6628962418568443
0.987195770262545,0.0,0.011932085786943427,0.0,1.3949404141138306,0.0,1.6173462674298906,3.039121599837057,2.6615220283494008
0.987196346805469,0.0,0.011918853065112613,0.0,1.3957404141138305,0.0,1.616967944773297,3.039145726150872,2.660147387950358
0.9871969234715499,0.0,0.011905642308286654,0.0,1.3965404141138305,0.0,1.616590105339154,3.03916983624206,2.658772325802872
0.9871975002558716,0.0,0.011892453467898466,0.0,1.3973404141138304,0.0,1.6162127481394066,3.039193930125169,2.6573968470063516
0.9871980771535519,0.0,0.011879286495514813,0.0,1.3981404141138303,0.0,1.6158358721885409,3.039218007814749,2.656020956631402
0.9871986541597418,0.0,0.01186614134283576,0.0,1.3989404141138302,0.0,1.6154594765036332,3.0392420693253674,2.654644659708642
0.9871992312696267,0.0,0.011853017961694362,0.0,1.39974041411383,0.0,1.6150835601043065,3.0392661146716033,2.6532679612542447
0.9871998084784233,0.0,0.011839916304056135,0.0,1.40054041411383,0.0,1.6147081220127182,3.039290143868034,2.6518908662339813
0.9872003857813834,0.0,0.011826836322018624,0.0,1.40134041411383,0.0,1.6143331612535727,3.039314156929272,2.6505133795856475
0.9872009631737907,0.0,0.01181377796781104,0.0,1.4021404141138298,0.0,1.6139586768540994,3.039338153869927,2.649135506220329
0.9872015406509611,0.0,0.011800741193793733,0.0,1.4029404141138297,0.0,1.6135846678440566,3.0393621347046222,2.6477572510101925
0.9872021182082436,0.0,0.011787725952457893,0.0,1.4037404141138297,0.0,1.6132111332557242,3.039386099447988,2.6463786187970424
0.987202695841019,0.0,0.011774732196425013,0.0,1.4045404141138296,0.0,1.612838072123856,3.0394100481146724,2.6449996143867645
0.9872032735447007,0.0,0.011761759878446491,0.0,1.4053404141138295,0.0,1.6124654834857428,3.0394339807193322,2.6436202425689155
0.9872038513147335,0.0,0.011748808951403239,0.0,1.4061404141138294,0.0,1.6120933663811488,3.0394578972766357,2.642240508082537
0.9872044291465936,0.0,0.01173587936830525,0.0,1.4069404141138293,0.0,1.6117217198523073,3.039481797801253,2.64086041564664
0.9872050070357881,0.0,0.011722971082291105,0.0,1.4077404141138292,0.0,1.6113505429439745,3.0395056823078717,2.639479969946417
0.9872055849778577,0.0,0.01171008404662769,0.0,1.4085404141138291,0.0,1.6109798347033137,3.0395295508111992,2.638099175630896
0.9872061629683718,0.0,0.011697218214709705,0.0,1.409340414113829,0.0,1.6106095941800056,3.03955340332593,2.6367180373250325
0.9872067410029309,0.0,0.011684373540059174,0.0,1.410140414113829,0.0,1.6102398204261565,3.0395772398667855,2.635336559628421
0.9872073190771672,0.0,0.011671549976325185,0.0,1.4109404141138289,0.0,1.6098705124963126,3.0396010604484878,2.63395474709494
0.9872078971867428,0.0,0.011658747477283389,0.0,1.4117404141138288,0.0,1.609501669447463,3.0396248650857713,2.6325726042560196
0.9872084753273499,0.0,0.011645965996835565,0.0,1.4125404141138287,0.0,1.6091332903390494,3.039648653793378,2.6311901356193226
0.9872090534947113,0.0,0.011633205489009273,0.0,1.4133404141138286,0.0,1.608765374232913,3.039672426586063,2.6298073456539455
0.9872096316845794,0.0,0.011620465907957435,0.0,1.4141404141138285,0.0,1.6083979201933063,3.0396961834785787,2.6284242387999845
0.9872102098927363,0.0,0.011607747207957864,0.0,1.4149404141138284,0.0,1.608030927286925,3.0397199244857016,2.6270408194691632
0.9872107881149935,0.0,0.011595049343412942,0.0,1.4157404141138283,0.0,1.607664394582842,3.0397436496222014,2.6256570920404427
0.987211366347192,0.0,0.01158237226884917,0.0,1.4165404141138283,0.0,1.607298321152524,3.0397673589028633,2.6242730608843505
0.9872119445852029,0.0,0.011569715938916822,0.0,1.4173404141138282,0.0,1.606932706069819,3.039791052342482,2.6228887303012893
0.9872125228249244,0.0,0.011557080308389424,0.0,1.418140414113828,0.0,1.6065675484109783,3.0398147299558542,2.621504104604575
0.9872131010622857,0.0,0.011544465332163528,0.0,1.418940414113828,0.0,1.6062028472546004,3.0398383917577845,2.6201191880523114
0.9872136792932426,0.0,0.011531870965258123,0.0,1.419740414113828,0.0,1.6058386016816717,3.0398620377630885,2.6187339848913873
0.9872142575137809,0.0,0.011519297162814409,0.0,1.4205404141138278,0.0,1.6054748107755128,3.039885667986586,2.6173484993188714
0.9872148357199142,0.0,0.011506743880095309,0.0,1.4213404141138277,0.0,1.6051114736218242,3.039909282443104,2.6159627355210007
0.9872154139076841,0.0,0.011494211072485048,0.0,1.4221404141138276,0.0,1.604748589308617,3.0399328811474833,2.614576697656282
0.9872159920731599,0.0,0.011481698695488898,0.0,1.4229404141138275,0.0,1.6043861569262639,3.0399564641145527,2.6131903898425604
0.9872165702124397,0.0,0.011469206704732643,0.0,1.4237404141138275,0.0,1.604024175567462,3.0399800313591676,2.611803816184819
0.9872171483216482,0.0,0.011456735055962244,0.0,1.4245404141138274,0.0,1.603662644327226,3.0400035828961793,2.610416980739639
0.9872177263969371,0.0,0.011444283705043485,0.0,1.4253404141138273,0.0,1.6033015623028892,3.040027118740437,2.609029887566482
0.9872183044344877,0.0,0.01143185260796156,0.0,1.4261404141138272,0.0,1.6029409285940819,3.040050638906817,2.6076425406605
0.9872188824305059,0.0,0.01141944172082065,0.0,1.426940414113827,0.0,1.6025807423027563,3.0400741434101843,2.6062549440271967
0.987219460381226,0.0,0.011407050999843581,0.0,1.427740414113827,0.0,1.6022210025331565,3.040097632265417,2.604867101620175
0.9872200382829084,0.0,0.011394680401371482,0.0,1.428540414113827,0.0,1.6018617083917888,3.040121105487394,2.6034790173690574
0.9872206161318401,0.0,0.011382329881863332,0.0,1.4293404141138268,0.0,1.6015028589874762,3.0401445630909953,2.6020906951825493
0.987221193924335,0.0,0.011369999397895585,0.0,1.4301404141138268,0.0,1.6011444534312864,3.0401680050911186,2.600702138942508
0.9872217716567332,0.0,0.011357688906161862,0.0,1.4309404141138267,0.0,1.6007864908365677,3.0401914315026555,2.5993133525044048
0.9872223493253999,0.0,0.0113453983634725,0.0,1.4317404141138266,0.0,1.6004289703189183,3.0402148423405007,2.5979243396903478
0.9872229269267287,0.0,0.011333127726754252,0.0,1.4325404141138265,0.0,1.6000718909962104,3.040238237619566,2.596535104312168
0.9872235044571365,0.0,0.011320876953049765,0.0,1.4333404141138264,0.0,1.5997152519885454,3.040261617354761,2.5951456501247985
0.9872240819130671,0.0,0.01130864599951746,0.0,1.4341404141138263,0.0,1.599359052418273,3.040284981560992,2.5937559808952195
0.9872246592909892,0.0,0.011296434823430903,0.0,1.4349404141138262,0.0,1.5990032914099483,3.040308330253175,2.5923661003463243
0.9872252365873975,0.0,0.01128424338217857,0.0,1.4357404141138261,0.0,1.5986479680904004,3.0403316634462354,2.5909760121671326
0.9872258137988112,0.0,0.01127207163326348,0.0,1.436540414113826,0.0,1.5982930815886405,3.040354981155093,2.58958572003637
0.9872263909217752,0.0,0.011259919534302791,0.0,1.437340414113826,0.0,1.597938631035904,3.0403782833946775,2.5881952275937534
0.9872269679528587,0.0,0.011247787043027473,0.0,1.4381404141138259,0.0,1.5975846155656348,3.0404015701799127,2.586804538466032
0.9872275448886557,0.0,0.011235674117281894,0.0,1.4389404141138258,0.0,1.5972310343134704,3.040424841525733,2.5854136562550423
0.9872281217257859,0.0,0.011223580715023456,0.0,1.4397404141138257,0.0,1.5968778864172541,3.0404480974470873,2.584022584524143
0.9872286984608912,0.0,0.01121150679432234,0.0,1.4405404141138256,0.0,1.5965251710169963,3.040471337958897,2.582631326825386
0.9872292750906402,0.0,0.011199452313360983,0.0,1.4413404141138255,0.0,1.596172887254897,3.040494563076122,2.5812398866809008
0.9872298516117232,0.0,0.011187417230433858,0.0,1.4421404141138254,0.0,1.5958210342753325,3.040517772813691,2.579848267593197
0.9872304280208563,0.0,0.011175401503947056,0.0,1.4429404141138253,0.0,1.5954696112248328,3.0405409671865558,2.5784564730201236
0.9872310043147791,0.0,0.011163405092417927,0.0,1.4437404141138253,0.0,1.5951186172521137,3.0405641462096695,2.5770645064319027
0.9872315804902542,0.0,0.011151427954474732,0.0,1.4445404141138252,0.0,1.5947680515080087,3.0405873098979783,2.5756723712407847
0.9872321565440686,0.0,0.011139470048856312,0.0,1.445340414113825,0.0,1.5944179131455256,3.0406104582664377,2.5742800708487352
0.9872327324730313,0.0,0.011127531334411678,0.0,1.446140414113825,0.0,1.5940682013198104,3.04063359133,2.572887608638199
0.987233308273977,0.0,0.011115611770099766,0.0,1.446940414113825,0.0,1.5937189151881201,3.0406567091036285,2.5714949879612785
0.9872338839437611,0.0,0.011103711314988957,0.0,1.4477404141138248,0.0,1.5933700539098694,3.040679811602277,2.5701022121434205
0.9872344594792628,0.0,0.011091829928256828,0.0,1.4485404141138247,0.0,1.593021616646581,3.0407028988409017,2.568709284502847
0.9872350348773843,0.0,0.011079967569189757,0.0,1.4493404141138246,0.0,1.5926736025618875,3.0407259708344663,2.5673162083104484
0.9872356101350502,0.0,0.011068124197182607,0.0,1.4501404141138245,0.0,1.592326010821533,3.0407490275979288,2.5659229868364752
0.9872361852492086,0.0,0.011056299771738335,0.0,1.4509404141138245,0.0,1.5919788405933755,3.0407720691462656,2.564529623312753
0.9872367602168282,0.0,0.011044494252467715,0.0,1.4517404141138244,0.0,1.591632091047347,3.040795095494421,2.5631361209571977
0.9872373350349022,0.0,0.011032707599088946,0.0,1.4525404141138243,0.0,1.5912857613554938,3.0408181066573783,2.561742482955488
0.987237909700443,0.0,0.011020939771427306,0.0,1.4533404141138242,0.0,1.5909398506919175,3.04084110265008,2.560348712479016
0.987238484210488,0.0,0.011009190729414866,0.0,1.454140414113824,0.0,1.5905943582328388,3.0408640834875085,2.5589548126758923
0.9872390585620952,0.0,0.0109974604330901,0.0,1.454940414113824,0.0,1.5902492831564978,3.040887049184626,2.557560786666245
0.9872396327523443,0.0,0.01098574884259756,0.0,1.455740414113824,0.0,1.5899046246432458,3.040909999756402,2.5561666375586745
0.9872402067783358,0.0,0.01097405591818756,0.0,1.4565404141138238,0.0,1.5895603818754565,3.0409329352177914,2.5547723684273818
0.9872407806371933,0.0,0.01096238162021583,0.0,1.4573404141138238,0.0,1.5892165540375756,3.0409558555837695,2.5533779823269143
0.9872413543260606,0.0,0.01095072590914317,0.0,1.4581404141138237,0.0,1.588873140316104,3.0409787608692964,2.5519834823012313
0.9872419278421035,0.0,0.010939088745535144,0.0,1.4589404141138236,0.0,1.5885301398995486,3.041001651089342,2.5505888713516294
0.9872425011825072,0.0,0.010927470090061713,0.0,1.4597404141138235,0.0,1.5881875519784958,3.041024526258861,2.549194152476147
0.9872430743444808,0.0,0.010915869903496937,0.0,1.4605404141138234,0.0,1.5878453757455202,3.041047386392836,2.5477993286545373
0.9872436473252505,0.0,0.01090428814671864,0.0,1.4613404141138233,0.0,1.5875036103952398,3.04107023150621,2.5464044028143253
0.9872442201220663,0.0,0.010892724780708065,0.0,1.4621404141138232,0.0,1.5871622551242877,3.0410930616139593,2.545009377899958
0.9872447927321972,0.0,0.010881179766549598,0.0,1.4629404141138231,0.0,1.5868213091313024,3.0411158767310362,2.543614256812723
0.9872453651529334,0.0,0.010869653065430343,0.0,1.463740414113823,0.0,1.5864807716169134,3.0411386768724125,2.5422190424394238
0.9872459373815852,0.0,0.010858144638639924,0.0,1.464540414113823,0.0,1.5861406417837896,3.041161462053047,2.540823737630697
0.9872465094154815,0.0,0.010846654447570093,0.0,1.4653404141138229,0.0,1.5858009188365392,3.0411842322878764,2.539428345241768
0.9872470812519746,0.0,0.01083518245371437,0.0,1.4661404141138228,0.0,1.585461601981795,3.0412069875918832,2.5380328680947164
0.9872476528884334,0.0,0.01082372861866781,0.0,1.4669404141138227,0.0,1.585122690428155,3.0412297279800082,2.5366373089853846
0.9872482243222487,0.0,0.010812292904126622,0.0,1.4677404141138226,0.0,1.5847841833861895,3.0412524534672105,2.535241670697421
0.9872487955508302,0.0,0.010800875271887906,0.0,1.4685404141138225,0.0,1.5844460800684521,3.0412751640684377,2.5338459559937805
0.987249366571607,0.0,0.010789475683849236,0.0,1.4693404141138224,0.0,1.5841083796894357,3.041297859798643,2.53245016761003
0.9872499373820284,0.0,0.01077809410200848,0.0,1.4701404141138223,0.0,1.5837710814656214,3.041320540672775,2.531054308264856
0.9872505079795623,0.0,0.010766730488463386,0.0,1.4709404141138223,0.0,1.5834341846154039,3.0413432067057724,2.529658380654937
0.9872510783616965,0.0,0.010755384805411293,0.0,1.4717404141138222,0.0,1.5830976883591565,3.0413658579125884,2.5282623874734544
0.9872516485259369,0.0,0.010744057015148837,0.0,1.472540414113822,0.0,1.5827615919191713,3.041388494308155,2.5268663313657185
0.9872522184698093,0.0,0.010732747080071622,0.0,1.473340414113822,0.0,1.5824258945196856,3.0414111159074113,2.52547021497441
0.9872527881908584,0.0,0.01072145496267391,0.0,1.474140414113822,0.0,1.5820905953868531,3.041433722725303,2.524074040919253
0.9872533576866469,0.0,0.010710180625548299,0.0,1.4749404141138218,0.0,1.5817556937487782,3.0414563147767595,2.522677811805827
0.9872539269547561,0.0,0.010698924031385502,0.0,1.4757404141138217,0.0,1.5814211888354341,3.0414788920766997,2.5212815302095732
0.9872544959927868,0.0,0.010687685142973868,0.0,1.4765404141138216,0.0,1.581087079878754,3.041501454640067,2.5198851986958446
0.9872550647983581,0.0,0.010676463923199295,0.0,1.4773404141138216,0.0,1.5807533661125335,3.0415240024817813,2.5184888198007367
0.987255633369106,0.0,0.01066526033504475,0.0,1.4781404141138215,0.0,1.5804200467725102,3.0415465356167535,2.517092396049807
0.9872562017026864,0.0,0.010654074341589999,0.0,1.4789404141138214,0.0,1.5800871210962881,3.041569054059916,2.515695929947385
0.9872567697967719,0.0,0.010642905906011375,0.0,1.4797404141138213,0.0,1.5797545883233552,3.0415915578261776,2.5142994239806424
0.9872573376490539,0.0,0.010631754991581435,0.0,1.4805404141138212,0.0,1.5794224476951133,3.041614046930447,2.512902880609795
0.9872579052572421,0.0,0.010620621561668637,0.0,1.4813404141138211,0.0,1.579090698454805,3.0416365213876464,2.511506302281713
0.9872584726190624,0.0,0.010609505579737074,0.0,1.482140414113821,0.0,1.5787593398475614,3.0416589812126666,2.5101096914219987
0.9872590397322593,0.0,0.01059840700934618,0.0,1.482940414113821,0.0,1.5784283711203955,3.0416814264204057,2.508713050453535
0.9872596065945951,0.0,0.010587325814150372,0.0,1.4837404141138208,0.0,1.5780977915221557,3.041703857025775,2.5073163817579758
0.987260173203849,0.0,0.010576261957898857,0.0,1.4845404141138208,0.0,1.5777676003035637,3.0417262730436567,2.5059196877086216
0.9872607395578173,0.0,0.010565215404435255,0.0,1.4853404141138207,0.0,1.5774377967171773,3.0417486744889404,2.504522970657682
0.9872613056543138,0.0,0.010554186117697305,0.0,1.4861404141138206,0.0,1.5771083800174055,3.041771061376512,2.503126232943339
0.9872618714911701,0.0,0.010543174061716638,0.0,1.4869404141138205,0.0,1.5767793494605018,3.0417934337212573,2.5017294768771485
0.9872624370662338,0.0,0.010532179200618434,0.0,1.4877404141138204,0.0,1.5764507043045395,3.04181579153805,2.5003327047657673
0.9872630023773697,0.0,0.010521201498621138,0.0,1.4885404141138203,0.0,1.5761224438094321,3.0418381348417602,2.4989359189000058
0.9872635674224595,0.0,0.010510240920036178,0.0,1.4893404141138202,0.0,1.5757945672369105,3.041860463647256,2.497539121526919
0.9872641321994009,0.0,0.010499297429267647,0.0,1.4901404141138201,0.0,1.5754670738505356,3.041882777969401,2.496142314900572
0.9872646967061102,0.0,0.010488370990812108,0.0,1.49094041411382,0.0,1.5751399629156553,3.0419050778230607,2.4947455012483197
0.987265260940517,0.0,0.010477461569258188,0.0,1.49174041411382,0.0,1.5748132336994454,3.0419273632230706,2.4933486827735583
0.9872658249005709,0.0,0.010466569129286342,0.0,1.4925404141138199,0.0,1.5744868854708782,3.0419496341843058,2.4919518616936838
0.9872663885842342,0.0,0.01045569363566861,0.0,1.4933404141138198,0.0,1.574160917500717,3.041971890721586,2.490555040152189
0.987266951989488,0.0,0.010444835053268282,0.0,1.4941404141138197,0.0,1.5738353290615206,3.04199413284976,2.489158220329109
0.9872675151143281,0.0,0.0104339933470396,0.0,1.4949404141138196,0.0,1.573510119427635,3.0420163605836623,2.4877614043665024
0.9872680779567671,0.0,0.010423168482027555,0.0,1.4957404141138195,0.0,1.5731852878751873,3.04203857393812,2.486364594377813
0.9872686405148331,0.0,0.010412360423367541,0.0,1.4965404141138194,0.0,1.5728608336820795,3.042060772927955,2.4849677924727165
0.9872692027865695,0.0,0.01040156913628506,0.0,1.4973404141138194,0.0,1.5725367561279668,3.0420829575679864,2.4835710007502856
0.987269764770037,0.0,0.010390794586095554,0.0,1.4981404141138193,0.0,1.5722130544942972,3.0421051278730307,2.4821742212696485
0.9872703264633101,0.0,0.010380036738203952,0.0,1.4989404141138192,0.0,1.5718897280642583,3.042127283857894,2.480777456108362
0.9872708878644786,0.0,0.010369295558104575,0.0,1.499740414113819,0.0,1.5715667761228165,3.0421494255373602,2.4793807072883447
0.9872714489716504,0.0,0.01035857101138074,0.0,1.500540414113819,0.0,1.5712441979566478,3.0421715529262507,2.4779839768365024
0.9872720097829458,0.0,0.010347863063704511,0.0,1.501340414113819,0.0,1.5709219928542084,3.0421936660393443,2.476587266760155
0.9872725702965013,0.0,0.010337171680836473,0.0,1.5021404141138188,0.0,1.5706001601056792,3.042215764891419,2.4751905790609636
0.9872731305104689,0.0,0.01032649682862539,0.0,1.5029404141138187,0.0,1.5702786990029762,3.04223784949726,2.473793915695848
0.9872736904230153,0.0,0.010315838473007983,0.0,1.5037404141138186,0.0,1.5699576088397464,3.042259919871639,2.4723972786317465
0.9872742500323223,0.0,0.010305196580008662,0.0,1.5045404141138186,0.0,1.5696368889113714,3.0422819760293196,2.471000669806231
0.9872748093365863,0.0,0.010294571115739231,0.0,1.5053404141138185,0.0,1.5693165385149188,3.0423040179850567,2.4696040911496056
0.9872753683340186,0.0,0.010283962046398564,0.0,1.5061404141138184,0.0,1.5689965569492026,3.0423260457536156,2.468207544565031
0.9872759270228446,0.0,0.0102733693382725,0.0,1.5069404141138183,0.0,1.5686769435147436,3.0423480593497274,2.466811031958399
0.9872764854013056,0.0,0.010262792957733418,0.0,1.5077404141138182,0.0,1.568357697513755,3.042370058788144,2.4654145551928766
0.9872770434676562,0.0,0.010252232871240021,0.0,1.5085404141138181,0.0,1.5680388182501424,3.0423920440835994,2.464018116136236
0.9872776012201655,0.0,0.010241689045337126,0.0,1.509340414113818,0.0,1.5677203050295327,3.0424140152508126,2.462621716634514
0.9872781586571178,0.0,0.0102311614466553,0.0,1.510140414113818,0.0,1.5674021571592098,3.0424359723045145,2.461225358518991
0.9872787157768106,0.0,0.010220650041910726,0.0,1.5109404141138179,0.0,1.5670843739481657,3.0424579152594085,2.4598290436018138
0.9872792725775557,0.0,0.01021015479790475,0.0,1.5117404141138178,0.0,1.566766954707076,3.0424798441302103,2.4584327736842337
0.9872798290576794,0.0,0.010199675681523844,0.0,1.5125404141138177,0.0,1.5664498987482611,3.0425017589316172,2.457036550556338
0.9872803852155217,0.0,0.010189212659739192,0.0,1.5133404141138176,0.0,1.5661332053857415,3.042523659678321,2.455640375973816
0.9872809410494368,0.0,0.010178765699606457,0.0,1.5141404141138175,0.0,1.5658168739351843,3.042545546385015,2.454244251695716
0.9872814965577911,0.0,0.010168334768265586,0.0,1.5149404141138174,0.0,1.5655009037139178,3.042567419066363,2.4528481794686128
0.9872820517389674,0.0,0.010157919832940484,0.0,1.5157404141138173,0.0,1.5651852940409525,3.042589277737053,2.4514521610049433
0.9872826065913598,0.0,0.010147520860938784,0.0,1.5165404141138172,0.0,1.5648700442369012,3.0426111224117385,2.450056198020545
0.9872831611133771,0.0,0.01013713781965157,0.0,1.5173404141138171,0.0,1.5645551536240714,3.0426329531050857,2.4486602921954086
0.9872837153034417,0.0,0.010126770676553185,0.0,1.518140414113817,0.0,1.5642406215263618,3.0426547698317448,2.4472644452248677
0.9872842691599872,0.0,0.010116419399200875,0.0,1.518940414113817,0.0,1.5639264472693737,3.042676572606342,2.4458686587595264
0.9872848226814643,0.0,0.010106083955234674,0.0,1.5197404141138169,0.0,1.5636126301802598,3.0426983614435312,2.4444729344546916
0.9872853758663337,0.0,0.010095764312376986,0.0,1.5205404141138168,0.0,1.5632991695878784,3.0427201363579344,2.4430772739507343
0.9872859287130703,0.0,0.01008546043843247,0.0,1.5213404141138167,0.0,1.5629860648226443,3.042741897364168,2.4416816788529387
0.9872864812201616,0.0,0.010075172301287722,0.0,1.5221404141138166,0.0,1.5626733152166343,3.0427636444768402,2.4402861507735256
0.9872870333861096,0.0,0.010064899868911067,0.0,1.5229404141138165,0.0,1.5623609201034978,3.0427853777105653,2.4388906913037585
0.9872875852094273,0.0,0.010054643109352248,0.0,1.5237404141138164,0.0,1.562048878818556,3.042807097079937,2.437495302020757
0.9872881366886415,0.0,0.010044401990742243,0.0,1.5245404141138164,0.0,1.5617371906986557,3.0428288025995416,2.436099984482408
0.9872886878222907,0.0,0.010034176481292987,0.0,1.5253404141138163,0.0,1.5614258550823037,3.0428504942839547,2.4347047402345043
0.9872892386089287,0.0,0.010023966549297159,0.0,1.5261404141138162,0.0,1.5611148713095626,3.0428721721477605,2.4333095708239614
0.9872897890471181,0.0,0.010013772163127837,0.0,1.526940414113816,0.0,1.5608042387220973,3.0428938362055127,2.431914477751756
0.9872903391354362,0.0,0.01000359329123836,0.0,1.527740414113816,0.0,1.560493956663182,3.0429154864717733,2.4305194625413593
0.9872908888724735,0.0,0.009993429902162137,0.0,1.528540414113816,0.0,1.560184024477628,3.042937122961088,2.4291245266715755
0.9872914382568303,0.0,0.00998328196451217,0.0,1.5293404141138158,0.0,1.5598744415118557,3.042958745687992,2.427729671628047
0.9872919872871215,0.0,0.009973149446981045,0.0,1.5301404141138157,0.0,1.559565207113839,3.0429803546670287,2.4263348988689923
0.9872925359619729,0.0,0.009963032318340621,0.0,1.5309404141138157,0.0,1.5592563206331196,3.0430019499127066,2.4249402098445807
0.9872930842800226,0.0,0.009952930547441716,0.0,1.5317404141138156,0.0,1.558947781420812,3.0430235314395477,2.4235456059933704
0.9872936322399212,0.0,0.00994284410321396,0.0,1.5325404141138155,0.0,1.5586395888296014,3.043045099262062,2.4221510887350144
0.9872941798403305,0.0,0.009932772954665539,0.0,1.5333404141138154,0.0,1.5583317422136742,3.0430666533947357,2.4207566594799195
0.987294727079925,0.0,0.009922717070882922,0.0,1.5341404141138153,0.0,1.558024240928818,3.043088193852063,2.419362319631455
0.9872952739573907,0.0,0.00991267642103064,0.0,1.5349404141138152,0.0,1.5577170843323458,3.0431097206485282,2.4179680705666717
0.9872958204714252,0.0,0.009902650974351071,0.0,1.5357404141138151,0.0,1.5574102717831038,3.043131233798598,2.4165739136426403
0.9872963666207366,0.0,0.009892640700164157,0.0,1.536540414113815,0.0,1.5571038026415054,3.043152733316727,2.4151798502387756
0.9872969124040477,0.0,0.00988264556786726,0.0,1.537340414113815,0.0,1.5567976762694449,3.043174219217384,2.4137858816786686
0.9872974578200902,0.0,0.00987266554693482,0.0,1.5381404141138149,0.0,1.5564918920303772,3.0431956915150056,2.4123920092938995
0.9872980028676072,0.0,0.0098627006069182,0.0,1.5389404141138148,0.0,1.5561864492892719,3.0432171502240175,2.410998234413531
0.9872985475453548,0.0,0.009852750717445407,0.0,1.5397404141138147,0.0,1.5558813474126139,3.04323859535886,2.409604558323104
0.987299091852099,0.0,0.009842815848220875,0.0,1.5405404141138146,0.0,1.555576585768424,3.0432600269339436,2.408210982324811
0.9872996357866185,0.0,0.009832895969025278,0.0,1.5413404141138145,0.0,1.5552721637262028,3.0432814449636862,2.406817507688352
0.9873001793477013,0.0,0.009822991049715265,0.0,1.5421404141138144,0.0,1.5549680806569546,3.0433028494624668,2.405424135676789
0.9873007225341479,0.0,0.009813101060223147,0.0,1.5429404141138143,0.0,1.5546643359332106,3.0433242404446967,2.404030867565276
0.9873012653447695,0.0,0.009803225970556861,0.0,1.5437404141138142,0.0,1.5543609289289675,3.0433456179247447,2.402637704559832
0.9873018077783877,0.0,0.009793365750799579,0.0,1.5445404141138142,0.0,1.5540578590197578,3.0433669819169786,2.401244647906707
0.9873023498338359,0.0,0.009783520371109538,0.0,1.545340414113814,0.0,1.5537551255825666,3.0433883324357685,2.3998516988070917
0.9873028915099572,0.0,0.009773689801719818,0.0,1.546140414113814,0.0,1.5534527279958517,3.043409669495456,2.3984588584691364
0.9873034328056068,0.0,0.009763874012938116,0.0,1.5469404141138139,0.0,1.5531506656396015,3.043430993110397,2.397066128075718
0.9873039737196494,0.0,0.00975407297514653,0.0,1.5477404141138138,0.0,1.5528489378952264,3.04345230329491,2.3956735088154733
0.9873045142509611,0.0,0.009744286658801308,0.0,1.5485404141138137,0.0,1.5525475441456433,3.0434736000633267,2.394281001837053
0.9873050543984287,0.0,0.009734515034432649,0.0,1.5493404141138136,0.0,1.5522464837752152,3.0434948834299678,2.392888608306747
0.9873055941609483,0.0,0.009724758072644482,0.0,1.5501404141138135,0.0,1.551945756169779,3.0435161534091204,2.391496329344022
0.9873061335374278,0.0,0.009715015744114243,0.0,1.5509404141138134,0.0,1.5516453607166216,3.043537410015091,2.3901041660935616
0.9873066725267846,0.0,0.00970528801959264,0.0,1.5517404141138134,0.0,1.551345296804501,3.0435586532621546,2.388712119662506
0.9873072111279464,0.0,0.009695574869903426,0.0,1.5525404141138133,0.0,1.5510455638236087,3.043579883164593,2.3873201911530586
0.9873077493398523,0.0,0.009685876265943243,0.0,1.5533404141138132,0.0,1.5507461611655924,3.0436010997366743,2.385928381656461
0.9873082871614495,0.0,0.009676192178681342,0.0,1.554140414113813,0.0,1.5504470882235153,3.043622302992635,2.384536692248625
0.9873088245916976,0.0,0.009666522579159365,0.0,1.554940414113813,0.0,1.5501483443919304,3.043643492946742,2.3831451239973593
0.9873093616295642,0.0,0.009656867438491186,0.0,1.555740414113813,0.0,1.5498499290667807,3.04366466961321,2.3817536779599413
0.9873098982740288,0.0,0.009647226727862626,0.0,1.5565404141138128,0.0,1.54955184164545,3.0436858330062795,2.3803623551759743
0.9873104345240792,0.0,0.009637600418531296,0.0,1.5573404141138127,0.0,1.5492540815267548,3.043706983140153,2.3789711566809357
0.9873109703787135,0.0,0.009627988481826309,0.0,1.5581404141138127,0.0,1.5489566481109347,3.043728120029043,2.3775800834882164
0.9873115058369405,0.0,0.009618390889148188,0.0,1.5589404141138126,0.0,1.5486595407996309,3.04374924368714,2.3761891366067047
0.9873120408977775,0.0,0.009608807611968523,0.0,1.5597404141138125,0.0,1.54836275899593,3.043770354128626,2.3747983170311184
0.9873125755602521,0.0,0.009599238621829853,0.0,1.5605404141138124,0.0,1.5480663021042835,3.0437914513676723,2.373407625755123
0.987313109823402,0.0,0.009589683890345414,0.0,1.5613404141138123,0.0,1.5477701695305828,3.0438125354184487,2.372017063737771
0.9873136436862727,0.0,0.009580143389198874,0.0,1.5621404141138122,0.0,1.5474743606821164,3.0438336062951006,2.3706266319607825
0.9873141771479212,0.0,0.009570617090144272,0.0,1.5629404141138121,0.0,1.5471788749675588,3.0438546640117727,2.369236331342771
0.9873147102074137,0.0,0.00956110496500569,0.0,1.563740414113812,0.0,1.5468837117969816,3.0438757085826027,2.3678461628483243
0.9873152428638237,0.0,0.009551606985677037,0.0,1.564540414113812,0.0,1.5465888705818511,3.043896740021697,2.366456127391706
0.9873157751162368,0.0,0.009542123124121941,0.0,1.5653404141138119,0.0,1.5462943507350158,3.0439177583431793,2.3650662259009407
0.9873163069637463,0.0,0.009532653352373426,0.0,1.5661404141138118,0.0,1.5460001516707265,3.0439387635611483,2.363676459266083
0.9873168384054547,0.0,0.00952319764253379,0.0,1.5669404141138117,0.0,1.5457062728045754,3.0439597556896887,2.3622868283912286
0.9873173694404733,0.0,0.009513755966774368,0.0,1.5677404141138116,0.0,1.5454127135535467,3.0439807347428713,2.360897334161712
0.9873179000679249,0.0,0.009504328297335336,0.0,1.5685404141138115,0.0,1.545119473336,3.0440017007347833,2.3595079774379175
0.9873184302869383,0.0,0.009494914606525498,0.0,1.5693404141138114,0.0,1.5448265515716546,3.044022653679468,2.3581187590764046
0.9873189600966527,0.0,0.009485514866722044,0.0,1.5701404141138113,0.0,1.5445339476816144,3.044043593590979,2.356729679946633
0.9873194894962162,0.0,0.009476129050370485,0.0,1.5709404141138112,0.0,1.5442416610882834,3.0440645204833428,2.355340740867836
0.9873200184847853,0.0,0.009466757129984269,0.0,1.5717404141138112,0.0,1.5439496912155042,3.0440854343705857,2.3539519426775977
0.9873205470615264,0.0,0.009457399078144696,0.0,1.572540414113811,0.0,1.5436580374883793,3.0441063352667315,2.3525632861886234
0.987321075225613,0.0,0.009448054867500688,0.0,1.573340414113811,0.0,1.5433666993334525,3.044127223185771,2.351174772215398
0.9873216029762285,0.0,0.009438724470768607,0.0,1.574140414113811,0.0,1.543075676178539,3.044148098141698,2.349786401549312
0.9873221303125653,0.0,0.009429407860732018,0.0,1.5749404141138108,0.0,1.5427849674528114,3.044168960148506,2.348398174962534
0.9873226572338226,0.0,0.009420105010241516,0.0,1.5757404141138107,0.0,1.5424945725867982,3.0441898092201423,2.3470100932462996
0.9873231837392102,0.0,0.009410815892214515,0.0,1.5765404141138106,0.0,1.542204491012347,3.0442106453705873,2.345622157149938
0.9873237098279447,0.0,0.009401540479635082,0.0,1.5773404141138105,0.0,1.5419147221626428,3.044231468613772,2.3442343674332795
0.9873242354992524,0.0,0.009392278745553708,0.0,1.5781404141138105,0.0,1.5416252654721736,3.0442522789636395,2.3428467248341924
0.9873247607523673,0.0,0.009383030663087107,0.0,1.5789404141138104,0.0,1.5413361203767657,3.0442730764341173,2.3414592300951647
0.9873252855865319,0.0,0.009373796205418065,0.0,1.5797404141138103,0.0,1.5410472863135687,3.044293861039115,2.3400718839294923
0.9873258100009965,0.0,0.009364575345795195,0.0,1.5805404141138102,0.0,1.5407587627210275,3.044314632792531,2.338684687045789
0.987326333995021,0.0,0.009355368057532773,0.0,1.58134041411381,0.0,1.540470549038902,3.044335391708272,2.3372976401432926
0.9873268575678715,0.0,0.009346174314010544,0.0,1.58214041411381,0.0,1.5401826447082771,3.0443561378001975,2.335910743919521
0.9873273807188243,0.0,0.009336994088673514,0.0,1.58294041411381,0.0,1.539895049171517,3.044376871082196,2.3345239990555946
0.9873279034471621,0.0,0.009327827355031775,0.0,1.5837404141138098,0.0,1.5396077618722916,3.044397591568113,2.333137406217079
0.9873284257521763,0.0,0.009318674086660303,0.0,1.5845404141138097,0.0,1.5393207822555848,3.0444182992717947,2.3317509660507216
0.9873289476331661,0.0,0.009309534257198762,0.0,1.5853404141138097,0.0,1.5390341097676377,3.044438994207079,2.3303646792319057
0.9873294690894389,0.0,0.009300407840351358,0.0,1.5861404141138096,0.0,1.538747743856006,3.04445967638778,2.3289785463733055
0.9873299901203103,0.0,0.009291294809886575,0.0,1.5869404141138095,0.0,1.538461683969519,3.044480345827726,2.327592568132176
0.987330510725102,0.0,0.009282195139637035,0.0,1.5877404141138094,0.0,1.5381759295582962,3.0445010025406973,2.3262067451072097
0.987331030903146,0.0,0.009273108803499321,0.0,1.5885404141138093,0.0,1.5378904800737274,3.0445216465405,2.32482107791925
0.9873315506537795,0.0,0.00926403577543375,0.0,1.5893404141138092,0.0,1.5376053349684813,3.0445422778408973,2.323435567156672
0.9873320699763495,0.0,0.00925497602946423,0.0,1.5901404141138091,0.0,1.5373204936964815,3.044562896455662,2.322050213410995
0.9873325888702091,0.0,0.009245929539678035,0.0,1.590940414113809,0.0,1.5370359557129474,3.044583502398542,2.320665017271253
0.9873331073347197,0.0,0.009236896280225648,0.0,1.591740414113809,0.0,1.5367517204743293,3.0446040956832756,2.3192799793019527
0.9873336253692502,0.0,0.009227876225320541,0.0,1.5925404141138089,0.0,1.5364677874383539,3.044624676323603,2.3178951000657695
0.9873341429731767,0.0,0.009218869349239038,0.0,1.5933404141138088,0.0,1.5361841560640244,3.0446452443332355,2.3165103801073084
0.9873346601458829,0.0,0.009209875626320092,0.0,1.5941404141138087,0.0,1.5359008258115443,3.044665799725882,2.315125819970381
0.9873351768867608,0.0,0.009200895030965151,0.0,1.5949404141138086,0.0,1.535617796142414,3.044686342515247,2.3137414201838
0.987335693195207,0.0,0.009191927537637897,0.0,1.5957404141138085,0.0,1.5353350665193566,3.0447068727149884,2.3123571812749697
0.9873362090706288,0.0,0.009182973120864127,0.0,1.5965404141138084,0.0,1.5350526364063513,3.0447273903388052,2.3109731037533963
0.9873367245124381,0.0,0.009174031755231586,0.0,1.5973404141138083,0.0,1.5347705052686074,3.0447478954003313,2.3095891881122035
0.9873372395200559,0.0,0.00916510341538974,0.0,1.5981404141138082,0.0,1.534488672572563,3.044768387913226,2.3082054348536074
0.987337754092909,0.0,0.009156188076049574,0.0,1.5989404141138082,0.0,1.5342071377859072,3.0447888678911266,2.3068218444596904
0.9873382682304317,0.0,0.00914728571198348,0.0,1.599740414113808,0.0,1.5339259003775412,3.0448093353476535,2.3054384174075637
0.9873387819320658,0.0,0.009138396298025096,0.0,1.600540414113808,0.0,1.5336449598176092,3.044829790296413,2.3040551541593084
0.9873392951972596,0.0,0.009129519809068993,0.0,1.601340414113808,0.0,1.5333643155774475,3.0448502327510107,2.3026720551654507
0.9873398080254688,0.0,0.00912065622007066,0.0,1.6021404141138078,0.0,1.5330839671296308,3.044870662725034,2.3012891208727124
0.987340320416155,0.0,0.009111805506046207,0.0,1.6029404141138077,0.0,1.5328039139479583,3.0448910802320475,2.299906351717663
0.9873408323687889,0.0,0.009102967642072267,0.0,1.6037404141138076,0.0,1.5325241555074303,3.0449114852856347,2.298523748137052
0.9873413438828454,0.0,0.009094142603285787,0.0,1.6045404141138075,0.0,1.532244691284227,3.044931877899325,2.2971413105384695
0.9873418549578076,0.0,0.009085330364883832,0.0,1.6053404141138075,0.0,1.5319655207557903,3.044952258086663,2.295759039338049
0.9873423655931658,0.0,0.009076530902123452,0.0,1.6061404141138074,0.0,1.5316866434007381,3.044972625861188,2.294376934925779
0.9873428757884158,0.0,0.009067744190321499,0.0,1.6069404141138073,0.0,1.5314080586988592,3.0449929812364003,2.292994997699024
0.9873433855430608,0.0,0.009058970204854418,0.0,1.6077404141138072,0.0,1.5311297661311736,3.045013324225807,2.2916132280405717
0.9873438948566106,0.0,0.009050208921158133,0.0,1.608540414113807,0.0,1.5308517651798812,3.045033654842897,2.290231626312123
0.9873444037285816,0.0,0.009041460314727816,0.0,1.609340414113807,0.0,1.5305740553283622,3.0450539731011546,2.288850192895649
0.987344912158496,0.0,0.009032724361117768,0.0,1.610140414113807,0.0,1.5302966360612007,3.045074279014032,2.2874689281299556
0.9873454201458832,0.0,0.009024001035941207,0.0,1.6109404141138068,0.0,1.5300195068641598,3.0450945725949854,2.2860878323659257
0.9873459276902795,0.0,0.009015290314870122,0.0,1.6117404141138068,0.0,1.529742667224154,3.0451148538574615,2.284706905936794
0.9873464347912275,0.0,0.009006592173635083,0.0,1.6125404141138067,0.0,1.5294661166292844,3.0451351228149015,2.2833261491812675
0.9873469414482742,0.0,0.008997906588025099,0.0,1.6133404141138066,0.0,1.5291898545688658,3.04515537948069,2.2819455624105336
0.9873474476609758,0.0,0.008989233533887435,0.0,1.6141404141138065,0.0,1.5289138805333282,3.0451756238682544,2.2805651459185055
0.9873479534288935,0.0,0.008980572987127422,0.0,1.6149404141138064,0.0,1.5286381940142846,3.0451958559909897,2.2791849000332602
0.9873484587515942,0.0,0.008971924923708356,0.0,1.6157404141138063,0.0,1.5283627945045233,3.0452160758622577,2.2778048250311116
0.9873489636286511,0.0,0.008963289319651239,0.0,1.6165404141138062,0.0,1.5280876814979705,3.0452362834954223,2.276424921209558
0.9873494680596452,0.0,0.008954666151034678,0.0,1.6173404141138061,0.0,1.5278128544897411,3.0452564789038568,2.2750451888200924
0.9873499720441619,0.0,0.008946055393994694,0.0,1.618140414113806,0.0,1.5275383129760614,3.045276662100897,2.2736656281580077
0.9873504755817928,0.0,0.00893745702472459,0.0,1.618940414113806,0.0,1.5272640564543474,3.0452968330998584,2.2722862394601244
0.9873509786721372,0.0,0.008928871019474746,0.0,1.6197404141138059,0.0,1.5269900844231166,3.045316991914075,2.2709070229722825
0.9873514813147988,0.0,0.008920297354552449,0.0,1.6205404141138058,0.0,1.5267163963820776,3.0453371385568504,2.2695279789512717
0.9873519835093867,0.0,0.008911736006321778,0.0,1.6213404141138057,0.0,1.5264429918320577,3.045357273041455,2.2681491076223668
0.9873524852555183,0.0,0.008903186951203387,0.0,1.6221404141138056,0.0,1.5261698702750188,3.045377395381194,2.2667704092116416
0.9873529865528154,0.0,0.008894650165674416,0.0,1.6229404141138055,0.0,1.5258970312140385,3.0453975055893205,2.265391883917522
0.9873534874009052,0.0,0.008886125626268225,0.0,1.6237404141138054,0.0,1.5256244741533818,3.0454176036790845,2.2640135319726604
0.9873539877994215,0.0,0.008877613309574308,0.0,1.6245404141138053,0.0,1.525352198598392,3.0454376896637307,2.262635353552277
0.9873544877480042,0.0,0.00886911319223813,0.0,1.6253404141138053,0.0,1.5250802040555334,3.04545776355649,2.261257348861556
0.9873549872462982,0.0,0.00886062525096092,0.0,1.6261404141138052,0.0,1.5248084900324346,3.0454778253705825,2.2598795180658744
0.9873554862939549,0.0,0.008852149462499582,0.0,1.626940414113805,0.0,1.5245370560378202,3.0454978751192066,2.258501861355006
0.9873559848906303,0.0,0.008843685803666457,0.0,1.627740414113805,0.0,1.5242659015815025,3.0455179128155496,2.257124378876393
0.9873564830359867,0.0,0.008835234251329196,0.0,1.628540414113805,0.0,1.5239950261744621,3.0455379384727954,2.255747070799258
0.9873569807296927,0.0,0.008826794782410656,0.0,1.6293404141138048,0.0,1.5237244293287653,3.0455579521041143,2.2543699372692423
0.9873574779714208,0.0,0.00881836737388865,0.0,1.6301404141138047,0.0,1.52345411055755,3.0455779537226446,2.2529929784256746
0.9873579747608505,0.0,0.008809952002795867,0.0,1.6309404141138046,0.0,1.5231840693751035,3.0455979433415292,2.2516161943801625
0.987358471097666,0.0,0.008801548646219647,0.0,1.6317404141138045,0.0,1.5229143052967833,3.0456179209738985,2.2502395852937482
0.9873589669815578,0.0,0.008793157281301894,0.0,1.6325404141138045,0.0,1.522644817839086,3.0456378866328704,2.248863151251438
0.9873594624122198,0.0,0.008784777885238832,0.0,1.6333404141138044,0.0,1.5223756065195593,3.0456578403315326,2.2474868923680718
0.9873599573893549,0.0,0.00877641043528101,0.0,1.6341404141138043,0.0,1.522106670856848,3.045677782082988,2.2461108087429027
0.9873604519126677,0.0,0.008768054908732899,0.0,1.6349404141138042,0.0,1.5218380103707092,3.045697711900314,2.2447349004688797
0.9873609459818699,0.0,0.008759711282952993,0.0,1.635740414113804,0.0,1.5215696245819863,3.0457176297965614,2.243359167622521
0.987361439596679,0.0,0.008751379535353506,0.0,1.636540414113804,0.0,1.5213015130125727,3.045737535784796,2.2419836102850326
0.9873619327568153,0.0,0.008743059643400254,0.0,1.637340414113804,0.0,1.5210336751854518,3.0457574298780283,2.240608228518999
0.9873624254620079,0.0,0.008734751584612519,0.0,1.6381404141138038,0.0,1.5207661106247103,3.04577731208931,2.239233022386011
0.9873629177119876,0.0,0.008726455336562841,0.0,1.6389404141138038,0.0,1.5204988188554822,3.045797182431635,2.237857991926565
0.9873634095064932,0.0,0.00871817087687695,0.0,1.6397404141138037,0.0,1.520231799403993,3.045817040918019,2.236483137183609
0.9873639008452662,0.0,0.00870989818323358,0.0,1.6405404141138036,0.0,1.519965051797507,3.0458368875614243,2.2351084582056493
0.9873643917280556,0.0,0.008701637233364284,0.0,1.6413404141138035,0.0,1.5196985755643784,3.0458567223748476,2.2337339550063846
0.9873648821546124,0.0,0.008693388005053296,0.0,1.6421404141138034,0.0,1.519432370234018,3.045876545371223,2.2323596276174973
0.9873653721246963,0.0,0.00868515047613746,0.0,1.6429404141138033,0.0,1.519166435336894,3.04589635656352,2.2309854760361083
0.987365861638069,0.0,0.008676924624505929,0.0,1.6437404141138032,0.0,1.518900770404535,3.045916155964668,2.229611500266619
0.9873663506944989,0.0,0.008668710428100206,0.0,1.6445404141138031,0.0,1.518635374969513,3.045935943587583,2.2282377003134353
0.9873668392937581,0.0,0.008660507864913809,0.0,1.645340414113803,0.0,1.5183702485654562,3.0459557194451747,2.2268640761471286
0.9873673274356243,0.0,0.00865231691299227,0.0,1.646140414113803,0.0,1.5181053907270474,3.045975483550332,2.225490627757506
0.9873678151198801,0.0,0.00864413755043289,0.0,1.6469404141138029,0.0,1.5178408009900073,3.045995235915948,2.224117355124516
0.9873683023463127,0.0,0.008635969755384651,0.0,1.6477404141138028,0.0,1.517576478891094,3.046014976554882,2.2227442581964487
0.9873687891147139,0.0,0.008627813506048026,0.0,1.6485404141138027,0.0,1.517312423968123,3.0460347054799968,2.2213713369336725
0.9873692754248805,0.0,0.008619668780674876,0.0,1.6493404141138026,0.0,1.5170486357599453,3.0460544227041293,2.2199985912955906
0.9873697612766145,0.0,0.008611535557568308,0.0,1.6501404141138025,0.0,1.5167851138063826,3.04607412824011,2.218626021203551
0.9873702466697214,0.0,0.008603413815082442,0.0,1.6509404141138024,0.0,1.5165218576484045,3.0460938221007563,2.2172536266053533
0.9873707316040123,0.0,0.008595303531622365,0.0,1.6517404141138023,0.0,1.5162588668279111,3.046113504298876,2.215881407422858
0.9873712160793037,0.0,0.00858720468564401,0.0,1.6525404141138023,0.0,1.515996140887884,3.0461331748472578,2.214509363564371
0.9873717000954142,0.0,0.008579117255653877,0.0,1.6533404141138022,0.0,1.5157336793722767,3.0461528337586676,2.213137494954516
0.9873721836521699,0.0,0.008571041220208981,0.0,1.654140414113802,0.0,1.5154714818261128,3.0461724810458968,2.2117658014968615
0.9873726667493992,0.0,0.008562976557916744,0.0,1.654940414113802,0.0,1.515209547795399,3.0461921167216706,2.210394283066319
0.987373149386936,0.0,0.008554923247434773,0.0,1.655740414113802,0.0,1.5149478768271822,3.0462117407987357,2.2090229395714727
0.9873736315646194,0.0,0.008546881267470774,0.0,1.6565404141138018,0.0,1.5146864684694934,3.046231353289828,2.2076517708827743
0.9873741132822906,0.0,0.008538850596782359,0.0,1.6573404141138017,0.0,1.5144253222714052,3.046250954207638,2.2062807768668606
0.9873745945397981,0.0,0.008530831214177002,0.0,1.6581404141138016,0.0,1.5141644377829695,3.0462705435648734,2.2049099573984265
0.9873750753369925,0.0,0.008522823098511725,0.0,1.6589404141138016,0.0,1.5139038145552506,3.046290121374226,2.2035393123265488
0.9873755556737309,0.0,0.008514826228693179,0.0,1.6597404141138015,0.0,1.5136434521403146,3.046309687648373,2.202168841511806
0.9873760355498724,0.0,0.00850684058367735,0.0,1.6605404141138014,0.0,1.513383350091223,3.0463292423999526,2.200798544791028
0.9873765149652823,0.0,0.008498866142469448,0.0,1.6613404141138013,0.0,1.513123507962044,3.0463487856416287,2.199428421992479
0.9873769939198289,0.0,0.008490902884123783,0.0,1.6621404141138012,0.0,1.5128639253078369,3.0463683173860288,2.198058472947859
0.9873774724133858,0.0,0.00848295078774369,0.0,1.6629404141138011,0.0,1.5126046016846042,3.0463878376457663,2.196688697480166
0.9873779504458303,0.0,0.008475009832481246,0.0,1.663740414113801,0.0,1.512345536649433,3.0464073464334627,2.195319095407934
0.9873784280170442,0.0,0.008467079997537286,0.0,1.664540414113801,0.0,1.5120867297602985,3.0464268437617026,2.1939496665189804
0.9873789051269122,0.0,0.008459161262161131,0.0,1.6653404141138008,0.0,1.5118281805762266,3.046446329643063,2.192580410626503
0.9873793817753248,0.0,0.008451253605650603,0.0,1.6661404141138008,0.0,1.5115698886571682,3.046465804090109,2.1912113275109575
0.9873798579621766,0.0,0.00844335700735174,0.0,1.6669404141138007,0.0,1.5113118535640973,3.0464852671154126,2.189842416966568
0.9873803336873649,0.0,0.008435471446658764,0.0,1.6677404141138006,0.0,1.5110540748589238,3.0465047187314913,2.1884736787553907
0.987380808950792,0.0,0.008427596903013888,0.0,1.6685404141138005,0.0,1.5107965521045679,3.046524158950885,2.187105112661569
0.9873812837523641,0.0,0.008419733355907188,0.0,1.6693404141138004,0.0,1.5105392848649004,3.0465435877861076,2.1857367184308814
0.9873817580919911,0.0,0.008411880784876542,0.0,1.6701404141138003,0.0,1.5102822727047347,3.0465630052496504,2.184368495835457
0.9873822319695876,0.0,0.008404039169507393,0.0,1.6709404141138002,0.0,1.5100255151898998,3.0465824113540076,2.183000444608346
0.9873827053850717,0.0,0.00839620848943266,0.0,1.6717404141138001,0.0,1.5097690118871323,3.0466018061116587,2.1816325644879204
0.9873831783383646,0.0,0.008388388724332623,0.0,1.6725404141138,0.0,1.5095127623641829,3.0466211895350512,2.180264855216901
0.9873836508293932,0.0,0.008380579853934783,0.0,1.6733404141138,0.0,1.509256766189693,3.0466405616366434,2.178897316516041
0.9873841228580871,0.0,0.008372781858013713,0.0,1.6741404141137999,0.0,1.5090010229333328,3.046659922428869,2.1775299480910624
0.9873845944243798,0.0,0.008364994716390921,0.0,1.6749404141137998,0.0,1.5087455321656595,3.046679271924149,2.1761627496784426
0.9873850655282084,0.0,0.008357218408934759,0.0,1.6757404141137997,0.0,1.5084902934582158,3.0466986101348854,2.1747957209594384
0.9873855361695151,0.0,0.008349452915560275,0.0,1.6765404141137996,0.0,1.5082353063834664,3.0467179370734825,2.1734288616311335
0.987386006348244,0.0,0.008341698216229055,0.0,1.6773404141137995,0.0,1.5079805705148521,3.046737252752308,2.1720621714040576
0.9873864760643445,0.0,0.00833395429094911,0.0,1.6781404141137994,0.0,1.5077260854267263,3.046756557183744,2.170695649932882
0.9873869453177688,0.0,0.008326221119774792,0.0,1.6789404141137994,0.0,1.5074718506943754,3.0467758503801323,2.1693292969093916
0.9873874141084732,0.0,0.008318498682806572,0.0,1.6797404141137993,0.0,1.5072178658940665,3.046795132353824,2.167963111997042
0.9873878824364178,0.0,0.008310786960191007,0.0,1.6805404141137992,0.0,1.506964130602945,3.0468144031171494,2.166597094856306
0.9873883503015652,0.0,0.008303085932120546,0.0,1.681340414113799,0.0,1.5067106443991405,3.0468336626824053,2.165231245144346
0.9873888177038843,0.0,0.008295395578833454,0.0,1.682140414113799,0.0,1.5064574068616494,3.0468529110619227,2.163865562503109
0.9873892846433436,0.0,0.008287715880613626,0.0,1.682940414113799,0.0,1.506204417570456,3.0468721482679553,2.1625000465850115
0.9873897511199193,0.0,0.008280046817790532,0.0,1.6837404141137988,0.0,1.5059516761064307,3.046891374312802,2.1611346969946834
0.9873902171335887,0.0,0.008272388370739,0.0,1.6845404141137987,0.0,1.505699182051378,3.046910589208723,2.15976951338065
0.9873906826843326,0.0,0.008264740519879186,0.0,1.6853404141137986,0.0,1.5054469349880262,3.046929792967956,2.1584044953540538
0.9873911477721367,0.0,0.008257103245676385,0.0,1.6861404141137986,0.0,1.5051949345000044,3.046948985602746,2.1570396425318146
0.9873916123969889,0.0,0.008249476528640921,0.0,1.6869404141137985,0.0,1.5049431801718667,3.046968167125313,2.1556749544981955
0.9873920765588803,0.0,0.008241860349328056,0.0,1.6877404141137984,0.0,1.5046916715890999,3.0469873375478387,2.154310430877458
0.9873925402578079,0.0,0.0082342546883378,0.0,1.6885404141137983,0.0,1.5044404083380278,3.047006496882562,2.1529460712429196
0.987393003493769,0.0,0.008226659526314831,0.0,1.6893404141137982,0.0,1.5041893900059686,3.047025645141641,2.151581875179595
0.9873934662667655,0.0,0.008219074843948381,0.0,1.6901404141137981,0.0,1.5039386161811101,3.0470447823372346,2.1502178422670055
0.9873939285768034,0.0,0.008211500621972085,0.0,1.690940414113798,0.0,1.5036880864525186,3.047063908481515,2.14885397208154
0.987394390423892,0.0,0.008203936841163871,0.0,1.691740414113798,0.0,1.5034378004101951,3.047083023586632,2.1474902641660014
0.987394851808042,0.0,0.008196383482345871,0.0,1.6925404141137979,0.0,1.5031877576450015,3.047102127664678,2.14612671809893
0.9873953127292685,0.0,0.008188840526384163,0.0,1.6933404141137978,0.0,1.5029379577487578,3.04712122072779,2.1447633334084055
0.9873957731875922,0.0,0.008181307954188907,0.0,1.6941404141137977,0.0,1.502688400314086,3.047140302788078,2.1434001096439714
0.9873962331830329,0.0,0.008173785746713909,0.0,1.6949404141137976,0.0,1.5024390849345786,3.047159373857619,2.142037046343841
0.9873966927156161,0.0,0.00816627388495676,0.0,1.6957404141137975,0.0,1.5021900112046858,3.047178433948483,2.140674143028066
0.9873971517853706,0.0,0.00815877234995861,0.0,1.6965404141137974,0.0,1.501941178719725,3.047197483072738,2.1393113992213166
0.9873976103923275,0.0,0.008151281122804012,0.0,1.6973404141137973,0.0,1.501692587075927,3.0472165212424347,2.1379488144358376
0.9873980685365218,0.0,0.008143800184620882,0.0,1.6981404141137972,0.0,1.5014442358703781,3.047235548469606,2.136586388177017
0.9873985262179902,0.0,0.0081363295165803,0.0,1.6989404141137971,0.0,1.501196124701082,3.047254564766266,2.1352241199535955
0.9873989834367747,0.0,0.008128869099896484,0.0,1.699740414113797,0.0,1.500948253166852,3.047273570144435,2.1338620092388156
0.9873994401929181,0.0,0.008121418915826574,0.0,1.700540414113797,0.0,1.5007006208674567,3.0472925646160953,2.1325000555467652
0.9873998964864681,0.0,0.008113978945670614,0.0,1.7013404141137969,0.0,1.5004532274034816,3.04731154819323,2.131138258326742
0.9874003523174746,0.0,0.00810654917077135,0.0,1.7021404141137968,0.0,1.500206072376382,3.0473305208878068,2.129776617066795
0.9874008076859908,0.0,0.008099129572514128,0.0,1.7029404141137967,0.0,1.4999591553885,3.0473494827117897,2.1284151312390613
0.9874012625920727,0.0,0.008091720132326816,0.0,1.7037404141137966,0.0,1.4997124760430491,3.0473684336771174,2.1270538002875234
0.9874017170357791,0.0,0.008084320831679667,0.0,1.7045404141137965,0.0,1.4994660339440715,3.047387373795708,2.1256926236704294
0.987402171017172,0.0,0.008076931652085196,0.0,1.7053404141137964,0.0,1.4992198286965122,3.04740630307948,2.124331600822141
0.9874026245363169,0.0,0.008069552575098077,0.0,1.7061404141137964,0.0,1.4989738599061468,3.047425221540341,2.122970731197609
0.9874030775932812,0.0,0.008062183582315018,0.0,1.7069404141137963,0.0,1.498728127179599,3.047444129190166,2.121610014223052
0.9874035301881362,0.0,0.00805482465537462,0.0,1.7077404141137962,0.0,1.498482630124371,3.0474630260408526,2.120249449298967
0.9874039823209545,0.0,0.00804747577595734,0.0,1.708540414113796,0.0,1.4982373683488013,3.047481912104225,2.118889035877007
0.9874044339918137,0.0,0.00804013692578528,0.0,1.709340414113796,0.0,1.4979923414620933,3.0475007873921665,2.117528773348522
0.987404885200793,0.0,0.008032808086622179,0.0,1.710140414113796,0.0,1.4977475490742607,3.0475196519164904,2.116168661123686
0.9874053359479736,0.0,0.008025489240273166,0.0,1.7109404141137958,0.0,1.497502990796206,3.047538505689014,2.1148086985821
0.9874057862334419,0.0,0.008018180368584775,0.0,1.7117404141137957,0.0,1.4972586662396448,3.0475573487215666,2.1134488851489186
0.9874062360572852,0.0,0.008010881453444769,0.0,1.7125404141137957,0.0,1.4970145750171489,3.047576181025933,2.1120892201645627
0.9874066854195933,0.0,0.00800359247678203,0.0,1.7133404141137956,0.0,1.496770716742116,3.047595002613881,2.1107297030397234
0.9874071343204608,0.0,0.007996313420566472,0.0,1.7141404141137955,0.0,1.4965270910287813,3.0476138134971964,2.109370333110896
0.9874075827599826,0.0,0.007989044266808878,0.0,1.7149404141137954,0.0,1.496283697492229,3.0476326136876217,2.1080111097798624
0.9874080307382578,0.0,0.00798178499756085,0.0,1.7157404141137953,0.0,1.4960405357483644,3.0476514031968995,2.1066520323629456
0.9874084782553881,0.0,0.007974535594914674,0.0,1.7165404141137952,0.0,1.4957976054138984,3.0476701820367658,2.1052931002267328
0.9874089253114766,0.0,0.00796729604100319,0.0,1.7173404141137951,0.0,1.495554906106428,3.0476889502189106,2.1039343127202255
0.9874093719066313,0.0,0.007960066317999698,0.0,1.718140414113795,0.0,1.4953124374442954,3.0477077077550665,2.102575669178916
0.9874098180409605,0.0,0.00795284640811785,0.0,1.718940414113795,0.0,1.4950701990467508,3.0477264546569014,2.101217168902042
0.9874102637145766,0.0,0.007945636293611542,0.0,1.7197404141137949,0.0,1.4948281905338057,3.047745190936096,2.0998588112356025
0.9874107089275942,0.0,0.007938435956774811,0.0,1.7205404141137948,0.0,1.4945864115263034,3.04776391660431,2.0985005954928253
0.9874111536801302,0.0,0.007931245379941703,0.0,1.7213404141137947,0.0,1.4943448616459016,3.047782631673187,2.0971425209775227
0.9874115979723042,0.0,0.007924064545486163,0.0,1.7221404141137946,0.0,1.4941035405150986,3.0478013361543623,2.0957845869932648
0.9874120418042387,0.0,0.007916893435821984,0.0,1.7229404141137945,0.0,1.493862447757183,3.0478200300594582,2.0944267928274405
0.9874124851760583,0.0,0.007909732033402603,0.0,1.7237404141137944,0.0,1.4936215829962467,3.0478387134000866,2.093069137773235
0.9874129280878897,0.0,0.007902580320721072,0.0,1.7245404141137943,0.0,1.4933809458571907,3.0478573861878324,2.091711621100898
0.9874133705398634,0.0,0.007895438280309947,0.0,1.7253404141137942,0.0,1.4931405359657361,3.0478760484342833,2.090354242093287
0.9874138125321111,0.0,0.007888305894741125,0.0,1.7261404141137942,0.0,1.4929003529484257,3.047894700151002,2.088997000003569
0.9874142540647678,0.0,0.0078811831466258,0.0,1.726940414113794,0.0,1.492660396432552,3.0479133413495476,2.0876398941082455
0.9874146951379696,0.0,0.00787407001861429,0.0,1.727740414113794,0.0,1.492420666046234,3.047931972041451,2.086282923654532
0.9874151357518571,0.0,0.007866966493396004,0.0,1.7285404141137939,0.0,1.4921811614184144,3.047950592238258,2.084926087874005
0.987415575906571,0.0,0.007859872553699309,0.0,1.7293404141137938,0.0,1.4919418821787829,3.0479692019514553,2.083569386040167
0.9874160156022564,0.0,0.007852788182291372,0.0,1.7301404141137937,0.0,1.4917028279578415,3.047987801192573,2.0822128173405803
0.9874164548390599,0.0,0.007845713361978151,0.0,1.7309404141137936,0.0,1.491463998386912,3.0480063899730903,2.080856381035706
0.9874168936171299,0.0,0.007838648075604217,0.0,1.7317404141137935,0.0,1.4912253930980661,3.0480249683044742,2.0795000763275375
0.9874173319366171,0.0,0.007831592306052668,0.0,1.7325404141137934,0.0,1.4909870117241948,3.048043536198177,2.0781439024188377
0.9874177697976763,0.0,0.007824546036245066,0.0,1.7333404141137934,0.0,1.4907488538989386,3.048062093665662,2.0767878585281285
0.9874182072004628,0.0,0.007817509249141248,0.0,1.7341404141137933,0.0,1.49051091925674,3.048080640718368,2.0754319438675686
0.9874186441451344,0.0,0.007810481927739306,0.0,1.7349404141137932,0.0,1.490273207432827,3.0480991773676984,2.0740761575918927
0.9874190806318519,0.0,0.007803464055075426,0.0,1.735740414113793,0.0,1.4900357180632278,3.0481177036250817,2.0727204989093373
0.9874195166607775,0.0,0.007796455614223843,0.0,1.736540414113793,0.0,1.489798450784686,3.0481362195018966,2.0713649669807226
0.9874199522320762,0.0,0.007789456588296693,0.0,1.737340414113793,0.0,1.4895614052347756,3.048154725009525,2.0700095609921596
0.9874203873459155,0.0,0.00778246696044391,0.0,1.7381404141137928,0.0,1.4893245810518287,3.0481732201593523,2.068654280096561
0.987420822002463,0.0,0.007775486713853153,0.0,1.7389404141137927,0.0,1.489087977874946,3.0481917049626936,2.0672991234569507
0.9874212562018923,0.0,0.007768515831749685,0.0,1.7397404141137927,0.0,1.4888515953439958,3.048210179430942,2.0659440902197552
0.9874216899443755,0.0,0.007761554297396278,0.0,1.7405404141137926,0.0,1.488615433099596,3.0482286435753956,2.064589179523821
0.9874221232300888,0.0,0.007754602094093123,0.0,1.7413404141137925,0.0,1.4883794907831704,3.048247097407373,2.0632343905017687
0.98742255605921,0.0,0.007747659205177702,0.0,1.7421404141137924,0.0,1.4881437680368725,3.04826554093818,2.061879722292775
0.9874229884319192,0.0,0.0077407256140247,0.0,1.7429404141137923,0.0,1.4879082645036465,3.04828397417911,2.0605251740116053
0.9874234203483975,0.0,0.007733801304045916,0.0,1.7437404141137922,0.0,1.4876729798271724,3.048302397141422,2.0591707447726146
0.9874238518088296,0.0,0.007726886258690173,0.0,1.7445404141137921,0.0,1.4874379136518765,3.0483208098363868,2.0578164336743905
0.9874242828134022,0.0,0.007719980461443195,0.0,1.745340414113792,0.0,1.487203065622973,3.048339212275261,2.056462239838869
0.987424713362303,0.0,0.0077130838958274954,0.0,1.746140414113792,0.0,1.4869684353864163,3.0483576044692757,2.0551081623288736
0.9874251434557221,0.0,0.0077061965454023225,0.0,1.7469404141137919,0.0,1.4867340225889052,3.0483759864296474,2.0537542002568583
0.9874255730938524,0.0,0.007699318393763541,0.0,1.7477404141137918,0.0,1.4864998268778868,3.0483943581675956,2.0524003526923678
0.9874260022768873,0.0,0.0076924494245434955,0.0,1.7485404141137917,0.0,1.486265847901573,3.0484127196943076,2.051046618725824
0.9874264310050238,0.0,0.007685589621411007,0.0,1.7493404141137916,0.0,1.486032085308909,3.0484310710209686,2.0496929973902227
0.9874268592784595,0.0,0.007678738968071148,0.0,1.7501404141137915,0.0,1.4857985387495996,3.0484494121587495,2.0483394877526093
0.9874272870973956,0.0,0.007671897448265271,0.0,1.7509404141137914,0.0,1.4855652078740371,3.04846774311882,2.0469860888727034
0.9874277144620331,0.0,0.007665065045770841,0.0,1.7517404141137913,0.0,1.4853320923334503,3.048486063912298,2.045632799795052
0.9874281413725764,0.0,0.007658241744401323,0.0,1.7525404141137912,0.0,1.4850991917797094,3.048504374550327,2.0442796195618502
0.9874285678292317,0.0,0.00765142752800617,0.0,1.7533404141137912,0.0,1.4848665058654746,3.0485226750440235,2.0429265471779563
0.9874289938322067,0.0,0.007644622380470634,0.0,1.754140414113791,0.0,1.4846340342441333,3.0485409654044893,2.041573581705621
0.9874294193817118,0.0,0.007637826285715714,0.0,1.754940414113791,0.0,1.4844017765697861,3.0485592456428323,2.0402207221353996
0.9874298444779575,0.0,0.007631039227698076,0.0,1.755740414113791,0.0,1.4841697324973075,3.0485775157700994,2.038867967458988
0.9874302691211582,0.0,0.007624261190409918,0.0,1.7565404141137908,0.0,1.483937901682254,3.0485957757973825,2.037515316707818
0.9874306933115286,0.0,0.007617492157878914,0.0,1.7573404141137907,0.0,1.4837062837809165,3.048614025735715,2.0361627688584867
0.9874311170492864,0.0,0.007610732114168101,0.0,1.7581404141137906,0.0,1.4834748784503369,3.0486322655961473,2.034810322920397
0.9874315403346503,0.0,0.007603981043375778,0.0,1.7589404141137905,0.0,1.4832436853482747,3.048650495389695,2.0334579778432516
0.987431963167841,0.0,0.0075972389296354095,0.0,1.7597404141137905,0.0,1.4830127041331815,3.048668715127376,2.0321057326206526
0.9874323855490811,0.0,0.0075905057571155786,0.0,1.7605404141137904,0.0,1.4827819344642474,3.0486869248201844,2.030753586213488
0.9874328074785952,0.0,0.007583781510019814,0.0,1.7613404141137903,0.0,1.4825513760014062,3.0487051244791195,2.029401537579541
0.9874332289566087,0.0,0.007577066172586601,0.0,1.7621404141137902,0.0,1.4823210284052528,3.0487233141151244,2.0280495856679077
0.9874336499833504,0.0,0.007570359729089171,0.0,1.76294041411379,0.0,1.482090891337145,3.04874149373919,2.026697729424773
0.9874340705590494,0.0,0.007563662163835482,0.0,1.76374041411379,0.0,1.4818609644591234,3.048759663362258,2.0253459677922505
0.9874344906839366,0.0,0.007556973461168135,0.0,1.76454041411379,0.0,1.4816312474339706,3.048777822995245,2.0239942996848974
0.9874349103582462,0.0,0.007550293605464248,0.0,1.7653404141137898,0.0,1.48140173992513,3.0487959726490974,2.022642724035263
0.9874353295822111,0.0,0.007543622581135377,0.0,1.7661404141137897,0.0,1.481172441596787,3.0488141123346875,2.0212912397630176
0.9874357483560692,0.0,0.0075369603726274,0.0,1.7669404141137897,0.0,1.4809433521138353,3.048832242062947,2.019939845756038
0.9874361666800573,0.0,0.007530306964420489,0.0,1.7677404141137896,0.0,1.4807144711418545,3.0488503618447265,2.0185885409326363
0.9874365845544159,0.0,0.007523662341028974,0.0,1.7685404141137895,0.0,1.4804857983471387,3.048868471690908,2.0172373241839043
0.9874370019793864,0.0,0.007517026487001248,0.0,1.7693404141137894,0.0,1.4802573333966442,3.048886571612352,2.0158861943805695
0.9874374189552112,0.0,0.007510399386919677,0.0,1.7701404141137893,0.0,1.4800290759581118,3.0489046616198885,2.0145351504297717
0.987437835482135,0.0,0.007503781025400528,0.0,1.7709404141137892,0.0,1.4798010256998684,3.0489227417243594,2.013184191160235
0.987438251560404,0.0,0.007497171387093897,0.0,1.7717404141137891,0.0,1.4795731822910205,3.048940811936572,2.0118333154704238
0.9874386671902661,0.0,0.007490570456683598,0.0,1.772540414113789,0.0,1.4793455454013138,3.0489588722673275,2.010482522220227
0.9874390823719706,0.0,0.007483978218887021,0.0,1.773340414113789,0.0,1.4791181147012367,3.048976922727431,2.0091318102120272
0.9874394971057678,0.0,0.007477394658455147,0.0,1.7741404141137889,0.0,1.4788908898619126,3.0489949633276328,2.0077811783490436
0.9874399113919112,0.0,0.007470819760172375,0.0,1.7749404141137888,0.0,1.4786638705551818,3.0490129940787334,2.006430625404928
0.9874403252306538,0.0,0.007464253508856497,0.0,1.7757404141137887,0.0,1.4784370564535858,3.049031014991452,2.005080150241879
0.987440738622251,0.0,0.007457695889358542,0.0,1.7765404141137886,0.0,1.478210447230301,3.049049026076532,2.0037297516623758
0.987441151566961,0.0,0.007451146886562748,0.0,1.7773404141137885,0.0,1.4779840425592483,3.049067027344728,2.002379428488093
0.9874415640650412,0.0,0.0074446064853864805,0.0,1.7781404141137884,0.0,1.477757842114964,3.0490850188067142,2.001029179516751
0.9874419761167521,0.0,0.007438074670780053,0.0,1.7789404141137883,0.0,1.4775318455727064,3.049103000473213,1.9996790035409506
0.9874423877223546,0.0,0.007431551427726742,0.0,1.7797404141137882,0.0,1.4773060526084132,3.0491209723549018,1.9983288993568629
0.987442798882112,0.0,0.007425036741242661,0.0,1.7805404141137882,0.0,1.4770804628986633,3.0491389344624555,1.9969788657348646
0.9874432095962883,0.0,0.0074185305963767,0.0,1.781340414113788,0.0,1.4768550761207402,3.0491568868065233,1.9956289014496726
0.9874436198651508,0.0,0.00741203297821037,0.0,1.782140414113788,0.0,1.4766298919525773,3.049174829397791,1.9942790052848873
0.9874440296889653,0.0,0.007405543871857778,0.0,1.782940414113788,0.0,1.476404910072815,3.0491927622468635,1.992929175970573
0.9874444390680005,0.0,0.007399063262465558,0.0,1.7837404141137878,0.0,1.476180130160725,3.049210685364354,1.9915794122652508
0.9874448480025273,0.0,0.00739259113521271,0.0,1.7845404141137877,0.0,1.4759555518962455,3.0492285987609002,1.9902297129194852
0.9874452564928164,0.0,0.00738612747531059,0.0,1.7853404141137876,0.0,1.4757311749599946,3.0492465024470765,1.9888800766585866
0.9874456645391408,0.0,0.007379672268002772,0.0,1.7861404141137875,0.0,1.4755069990332808,3.049264396433473,1.9875305022024987
0.9874460721417752,0.0,0.007373225498565015,0.0,1.7869404141137875,0.0,1.4752830237980175,3.049282280730665,1.9861809882888704
0.9874464793009944,0.0,0.007366787152305138,0.0,1.7877404141137874,0.0,1.4750592489368186,3.049300155349196,1.9848315336078486
0.9874468860170761,0.0,0.007360357214562948,0.0,1.7885404141137873,0.0,1.4748356741329258,3.0493180202996246,1.9834821368712199
0.987447292290298,0.0,0.007353935670710128,0.0,1.7893404141137872,0.0,1.4746122990702837,3.049335875592483,1.9821327967734192
0.98744769812094,0.0,0.007347522506150243,0.0,1.790140414113787,0.0,1.4743891234334532,3.04935372123828,1.9807835119980344
0.9874481035092832,0.0,0.007341117706318553,0.0,1.790940414113787,0.0,1.474166146907661,3.049371557247535,1.9794342812246322
0.9874485084556103,0.0,0.007334721256681986,0.0,1.791740414113787,0.0,1.473943369178777,3.049389383630752,1.9780851031317823
0.987448912960203,0.0,0.007328333142739034,0.0,1.7925404141137868,0.0,1.4737207899333373,3.0494072003983717,1.976735976372784
0.9874493170233473,0.0,0.007321953350019705,0.0,1.7933404141137868,0.0,1.4734984088585321,3.0494250075608837,1.9753868995994157
0.9874497206453294,0.0,0.00731558186408539,0.0,1.7941404141137867,0.0,1.4732762256421517,3.0494428051287543,1.9740378714851676
0.9874501238264362,0.0,0.007309218670528811,0.0,1.7949404141137866,0.0,1.4730542399726885,3.049460593112409,1.972688890608679
0.9874505265669566,0.0,0.007302863754973946,0.0,1.7957404141137865,0.0,1.4728324515392637,3.0494783715222926,1.9713399556768314
0.9874509288671802,0.0,0.007296517103075919,0.0,1.7965404141137864,0.0,1.4726108600316314,3.0494961403688166,1.9699910652557755
0.9874513307273983,0.0,0.007290178700520968,0.0,1.7973404141137863,0.0,1.472389465140167,3.0495138996623825,1.968642217970301
0.9874517321479026,0.0,0.007283848533026306,0.0,1.7981404141137862,0.0,1.4721682665559221,3.049531649413373,1.9672934124460837
0.9874521331289872,0.0,0.007277526586340077,0.0,1.7989404141137861,0.0,1.471947263970575,3.0495493896321806,1.9659446472731057
0.9874525336709467,0.0,0.00727121284624125,0.0,1.799740414113786,0.0,1.4717264570764248,3.0495671203291765,1.9645959210186974
0.9874529337740765,0.0,0.007264907298539598,0.0,1.800540414113786,0.0,1.4715058455664187,3.0495848415146924,1.9632472323122063
0.9874533334386739,0.0,0.007258609929075506,0.0,1.8013404141137859,0.0,1.4712854291341182,3.0496025531990893,1.9618985796801618
0.9874537326650372,0.0,0.0072523207237200306,0.0,1.8021404141137858,0.0,1.4710652074737645,3.0496202553926848,1.9605499616974815
0.9874541314534657,0.0,0.007246039668374714,0.0,1.8029404141137857,0.0,1.4708451802801603,3.0496379481057954,1.9592013769209173
0.9874545298042599,0.0,0.0072397667489715375,0.0,1.8037404141137856,0.0,1.4706253472487831,3.0496556313487253,1.9578528239107638
0.9874549277177214,0.0,0.0072335019514728595,0.0,1.8045404141137855,0.0,1.4704057080757245,3.0496733051317655,1.9565043012009156
0.9874553251941529,0.0,0.007227245261871309,0.0,1.8053404141137854,0.0,1.4701862624577156,3.049690969465196,1.9551558072988073
0.9874557222338586,0.0,0.007220996666189759,0.0,1.8061404141137853,0.0,1.469967010092063,3.0497086243592735,1.9538073407716596
0.987456118837143,0.0,0.007214756150481155,0.0,1.8069404141137853,0.0,1.469747950676752,3.0497262698242538,1.9524589000839554
0.9874565150043125,0.0,0.007208523700828528,0.0,1.8077404141137852,0.0,1.4695290839103612,3.049743905870379,1.9511104837821445
0.987456910735674,0.0,0.0072022993033448845,0.0,1.808540414113785,0.0,1.4693104094920908,3.049761532507863,1.94976209032852
0.9874573060315363,0.0,0.007196082944173104,0.0,1.809340414113785,0.0,1.4690919271217442,3.049779149746941,1.9484137182442152
0.9874577008922083,0.0,0.007189874609485907,0.0,1.810140414113785,0.0,1.4688736364997546,3.049796757597803,1.9470653659805484
0.9874580953180002,0.0,0.0071836742854857315,0.0,1.8109404141137848,0.0,1.4686555373271981,3.0498143560706343,1.9457170319981723
0.9874584893092244,0.0,0.007177481958404722,0.0,1.8117404141137847,0.0,1.468437629305676,3.049831945175623,1.9443687148053532
0.9874588828661925,0.0,0.007171297614504542,0.0,1.8125404141137846,0.0,1.468219912137528,3.0498495249229314,1.9430204128253732
0.9874592759892179,0.0,0.0071651212400764335,0.0,1.8133404141137845,0.0,1.4680023855255737,3.0498670953226905,1.941672124483813
0.9874596686786159,0.0,0.007158952821441027,0.0,1.8141404141137845,0.0,1.467785049173346,3.0498846563850694,1.9403238482470786
0.987460060934701,0.0,0.007152792344948339,0.0,1.8149404141137844,0.0,1.4675679027849238,3.049902208120164,1.9389755825303778
0.9874604527577905,0.0,0.007146639796977655,0.0,1.8157404141137843,0.0,1.467350946064983,3.049919750538111,1.937627325738913
0.9874608441482019,0.0,0.0071404951639374705,0.0,1.8165404141137842,0.0,1.4671341787188639,3.049937283649008,1.9362790762922177
0.9874612351062534,0.0,0.007134358432265421,0.0,1.817340414113784,0.0,1.4669176004524551,3.0499548074629383,1.9349308326011647
0.987461625632265,0.0,0.007128229588428198,0.0,1.818140414113784,0.0,1.4667012109722508,3.0499723219899875,1.9335825930268973
0.9874620157265566,0.0,0.007122108618921473,0.0,1.818940414113784,0.0,1.4664850099853661,3.049989827240204,1.932234355952977
0.9874624053894497,0.0,0.007115995510269823,0.0,1.8197404141137838,0.0,1.4662689971994904,3.0500073232236473,1.93088611978913
0.987462794621267,0.0,0.007109890249026652,0.0,1.8205404141137838,0.0,1.4660531723229437,3.0500248099503633,1.9295378828620895
0.9874631834223314,0.0,0.007103792821774174,0.0,1.8213404141137837,0.0,1.465837535064584,3.050042287430356,1.9281896435320007
0.9874635717929674,0.0,0.007097703215123197,0.0,1.8221404141137836,0.0,1.4656220851339492,3.0500597556736664,1.926841400133113
0.9874639597334998,0.0,0.007091621415713224,0.0,1.8229404141137835,0.0,1.4654068222410677,3.050077214690273,1.925493151007673
0.9874643472442558,0.0,0.007085547410212272,0.0,1.8237404141137834,0.0,1.4651917460966204,3.0500946644901967,1.9241448944839958
0.9874647343255611,0.0,0.007079481185316806,0.0,1.8245404141137833,0.0,1.4649768564118797,3.050112105083383,1.922796628892495
0.9874651209777441,0.0,0.007073422727751705,0.0,1.8253404141137832,0.0,1.46476215289867,3.050129536479806,1.9214483525200436
0.9874655072011334,0.0,0.007067372024270154,0.0,1.8261404141137831,0.0,1.4645476352694253,3.0501469586894174,1.920100063653124
0.9874658929960588,0.0,0.0070613290616536005,0.0,1.826940414113783,0.0,1.4643333032371615,3.0501643717221603,1.9187517606193623
0.9874662783628512,0.0,0.007055293826711652,0.0,1.827740414113783,0.0,1.4641191565154754,3.0501817755879697,1.9174034416300345
0.9874666633018406,0.0,0.0070492663062820295,0.0,1.8285404141137829,0.0,1.4639051948185404,3.0501991702967275,1.916055105005357
0.9874670478133607,0.0,0.007043246487230478,0.0,1.8293404141137828,0.0,1.4636914178611298,3.050216555858373,1.914706748982183
0.9874674318977442,0.0,0.007037234356450709,0.0,1.8301404141137827,0.0,1.4634778253585576,3.0502339322827874,1.913358371828815
0.9874678155553247,0.0,0.007031229900864339,0.0,1.8309404141137826,0.0,1.4632644170267433,3.0502512995798283,1.912009971775126
0.9874681987864375,0.0,0.0070252331074207525,0.0,1.8317404141137825,0.0,1.4630511925821863,3.050268657759394,1.9106615470132433
0.9874685815914175,0.0,0.007019243963097103,0.0,1.8325404141137824,0.0,1.4628381517419593,3.050286006831317,1.9093130958061328
0.9874689639706015,0.0,0.007013262454898258,0.0,1.8333404141137823,0.0,1.4626252942236702,3.050303346805438,1.9079646163544977
0.9874693459243261,0.0,0.007007288569856634,0.0,1.8341404141137823,0.0,1.4624126197455594,3.0503206776915817,1.90661610683686
0.9874697274529307,0.0,0.007001322295032212,0.0,1.8349404141137822,0.0,1.4622001280263723,3.0503379994995923,1.9052675654590066
0.9874701085567528,0.0,0.006995363617512417,0.0,1.835740414113782,0.0,1.461987818785494,3.05035531223925,1.903918990400419
0.9874704892361321,0.0,0.006989412524412099,0.0,1.836540414113782,0.0,1.4617756917428089,3.0503726159203413,1.902570379817784
0.987470869491409,0.0,0.0069834690028734055,0.0,1.837340414113782,0.0,1.461563746618815,3.0503899105526493,1.9012217318661264
0.987471249322925,0.0,0.006977533040065722,0.0,1.8381404141137818,0.0,1.4613519831345572,3.0504071961459602,1.8998730447191552
0.9874716287310215,0.0,0.006971604623185676,0.0,1.8389404141137817,0.0,1.461140401011646,3.0504244727100054,1.8985243164870895
0.9874720077160416,0.0,0.006965683739456956,0.0,1.8397404141137816,0.0,1.4609289999722241,3.050441740254551,1.897175545309803
0.9874723862783285,0.0,0.006959770376130341,0.0,1.8405404141137816,0.0,1.4607177797390802,3.0504589987893076,1.8958267292938173
0.9874727644182261,0.0,0.0069538645204835405,0.0,1.8413404141137815,0.0,1.4605067400354483,3.0504762483240064,1.8944778665368693
0.987473142136079,0.0,0.006947966159821204,0.0,1.8421404141137814,0.0,1.460295880585202,3.0504934888683435,1.8931289551673136
0.9874735194322333,0.0,0.006942075281474818,0.0,1.8429404141137813,0.0,1.4600852011127612,3.0505107204320283,1.891779993244076
0.9874738963070349,0.0,0.006936191872802642,0.0,1.8437404141137812,0.0,1.45987470134305,3.0505279430247296,1.8904309788261089
0.9874742727608308,0.0,0.006930315921189642,0.0,1.8445404141137811,0.0,1.459664381001613,3.050545156656122,1.8890819100328746
0.9874746487939688,0.0,0.006924447414047419,0.0,1.845340414113781,0.0,1.4594542398144996,3.050562361335867,1.8877327848625929
0.9874750244067969,0.0,0.006918586338814143,0.0,1.846140414113781,0.0,1.4592442775083379,3.0505795570735947,1.8863836013823423
0.9874753995996645,0.0,0.006912732682954486,0.0,1.8469404141137808,0.0,1.4590344938102895,3.0505967438789527,1.8850343576016808
0.9874757743729218,0.0,0.00690688643395956,0.0,1.8477404141137808,0.0,1.4588248884480626,3.050613921761578,1.8836850515512724
0.9874761487269179,0.0,0.006901047579346836,0.0,1.8485404141137807,0.0,1.4586154611499242,3.0506310907310463,1.882335681251798
0.9874765226620048,0.0,0.006895216106660093,0.0,1.8493404141137806,0.0,1.4584062116446774,3.050648250796979,1.8809862446857357
0.9874768961785342,0.0,0.006889392003469358,0.0,1.8501404141137805,0.0,1.4581971396616888,3.0506654019689545,1.8796367398455522
0.9874772692768576,0.0,0.0068835752573707925,0.0,1.8509404141137804,0.0,1.4579882449308466,3.050682544256539,1.8782871647055734
0.9874776419573289,0.0,0.0068777658559867035,0.0,1.8517404141137803,0.0,1.457779527182577,3.0506996776692996,1.8769375172156164
0.987478014220302,0.0,0.006871963786965402,0.0,1.8525404141137802,0.0,1.4575709861478534,3.050716802216803,1.8755877953632383
0.9874783860661295,0.0,0.006866169037981167,0.0,1.8533404141137801,0.0,1.4573626215582354,3.0507339179085475,1.874237997045876
0.987478757495168,0.0,0.006860381596734218,0.0,1.85414041411378,0.0,1.4571544331457118,3.050751024754096,1.8728881202160488
0.9874791285077724,0.0,0.006854601450950601,0.0,1.85494041411378,0.0,1.4569464206429028,3.0507681227629404,1.8715381627815235
0.9874794991042987,0.0,0.006848828588382093,0.0,1.8557404141137799,0.0,1.4567385837829543,3.050785211944595,1.8701881226562653
0.9874798692851029,0.0,0.006843062996806236,0.0,1.8565404141137798,0.0,1.4565309222995007,3.0508022923085245,1.8688379977342653
0.9874802390505437,0.0,0.006837304664026193,0.0,1.8573404141137797,0.0,1.456323435926744,3.0508193638642456,1.8674877858981453
0.987480608400978,0.0,0.006831553577870733,0.0,1.8581404141137796,0.0,1.4561161243993972,3.0508364266211823,1.8661374850298191
0.9874809773367643,0.0,0.0068258097261940775,0.0,1.8589404141137795,0.0,1.4559089874527165,3.050853480588817,1.8647870929550205
0.9874813458582625,0.0,0.006820073096875978,0.0,1.8597404141137794,0.0,1.45570202482249,3.0508705257765913,1.8634366075437443
0.9874817139658312,0.0,0.0068143436778215286,0.0,1.8605404141137794,0.0,1.455495236245007,3.050887562193912,1.862086026613079
0.987482081659831,0.0,0.006808621456961139,0.0,1.8613404141137793,0.0,1.4552886214571268,3.0509045898502216,1.860735348009215
0.9874824489406225,0.0,0.0068029064222505115,0.0,1.8621404141137792,0.0,1.4550821801962017,3.0509216087549116,1.8593845695257838
0.9874828158085672,0.0,0.006797198561670538,0.0,1.862940414113779,0.0,1.454875912200104,3.0509386189173773,1.8580336889816293
0.987483182264026,0.0,0.006791497863227204,0.0,1.863740414113779,0.0,1.4546698172072696,3.050955620346992,1.8566827041189837
0.9874835483073626,0.0,0.006785804314951626,0.0,1.864540414113779,0.0,1.454463894956583,3.050972613053151,1.8553316127415198
0.987483913938939,0.0,0.006780117904899877,0.0,1.8653404141137788,0.0,1.4542581451875098,3.050989597045194,1.8539804126013593
0.9874842791591186,0.0,0.006774438621153003,0.0,1.8661404141137787,0.0,1.4540525676400242,3.05100657233247,1.8526291014669074
0.9874846439682659,0.0,0.006768766451816922,0.0,1.8669404141137786,0.0,1.4538471620545999,3.0510235389243254,1.8512776770487838
0.9874850083667445,0.0,0.006763101385022369,0.0,1.8677404141137786,0.0,1.4536419281722457,3.051040496830067,1.849926137047509
0.98748537235492,0.0,0.006757443408924856,0.0,1.8685404141137785,0.0,1.4534368657344519,3.0510574460590143,1.8485744792244188
0.9874857359331569,0.0,0.006751792511704557,0.0,1.8693404141137784,0.0,1.45323197448327,3.051074386620454,1.8472227012339575
0.9874860991018226,0.0,0.00674614868156631,0.0,1.8701404141137783,0.0,1.4530272541612141,3.0510913185237047,1.8458708007945686
0.9874864618612823,0.0,0.006740511906739501,0.0,1.8709404141137782,0.0,1.452822704511364,3.051108241778017,1.8445187755398718
0.987486824211903,0.0,0.006734882175478055,0.0,1.8717404141137781,0.0,1.4526183252772487,3.0511251563926485,1.8431666231482193
0.9874871861540526,0.0,0.006729259476060312,0.0,1.872540414113778,0.0,1.4524141162029556,3.0511420623768757,1.8418143412551187
0.9874875476880981,0.0,0.006723643796789016,0.0,1.873340414113778,0.0,1.4522100770330653,3.051158959739918,1.8404619274738696
0.9874879088144088,0.0,0.00671803512599125,0.0,1.8741404141137779,0.0,1.4520062075126325,3.0511758484910283,1.8391093794480073
0.9874882695333523,0.0,0.006712433452018343,0.0,1.8749404141137778,0.0,1.4518025073872884,3.051192728639394,1.837756694781591
0.9874886298452988,0.0,0.006706838763245849,0.0,1.8757404141137777,0.0,1.4515989764030757,3.0512096001942446,1.8364038710505515
0.987488989750617,0.0,0.00670125104807344,0.0,1.8765404141137776,0.0,1.4513956143066353,3.051226463164757,1.835050905811685
0.9874893492496782,0.0,0.006695670294924921,0.0,1.8773404141137775,0.0,1.4511924208450124,3.051243317560132,1.8336977966597439
0.9874897083428519,0.0,0.006690096492248048,0.0,1.8781404141137774,0.0,1.450989395765829,3.0512601633895327,1.8323445411348618
0.9874900670305089,0.0,0.006684529628514609,0.0,1.8789404141137773,0.0,1.4507865388171854,3.051277000662106,1.8309911367589622
0.9874904253130213,0.0,0.006678969692220277,0.0,1.8797404141137772,0.0,1.4505838497476713,3.051293829387018,1.8296375810447327
0.9874907831907604,0.0,0.006673416671884564,0.0,1.8805404141137771,0.0,1.450381328306367,3.05131064957339,1.8282838715012733
0.9874911406640984,0.0,0.00666787055605077,0.0,1.881340414113777,0.0,1.4501789742428373,3.0513274612303465,1.8269300056206368
0.9874914977334076,0.0,0.0066623313332859115,0.0,1.882140414113777,0.0,1.4499767873071985,3.0513442643670055,1.825575980899576
0.9874918543990616,0.0,0.006656798992180709,0.0,1.8829404141137769,0.0,1.4497747672499957,3.0513610589924665,1.8242217947811035
0.9874922106614336,0.0,0.0066512735213494385,0.0,1.8837404141137768,0.0,1.4495729138223006,3.051377845115833,1.8228674447036397
0.9874925665208969,0.0,0.00664575490943,0.0,1.8845404141137767,0.0,1.4493712267756618,3.05139462274615,1.821512928091917
0.9874929219778261,0.0,0.006640243145083703,0.0,1.8853404141137766,0.0,1.4491697058621216,3.0514113918925165,1.8201582424068734
0.9874932770325955,0.0,0.006634738216995355,0.0,1.8861404141137765,0.0,1.4489683508342142,3.051428152563966,1.818803384986111
0.9874936316855804,0.0,0.006629240113873106,0.0,1.8869404141137764,0.0,1.4487671614449655,3.0514449047695607,1.8174483532867192
0.9874939859371556,0.0,0.0066237488244484475,0.0,1.8877404141137764,0.0,1.4485661374478593,3.0514616485183157,1.816093144621549
0.9874943397876969,0.0,0.006618264337476105,0.0,1.8885404141137763,0.0,1.44836527859689,3.0514783838192527,1.814737756361787
0.9874946932375802,0.0,0.006612786641734014,0.0,1.8893404141137762,0.0,1.4481645846465434,3.0514951106813917,1.81338218586298
0.9874950462871821,0.0,0.006607315726023271,0.0,1.890140414113776,0.0,1.4479640553517552,3.051511829113725,1.8120264304308071
0.9874953989368788,0.0,0.006601851579168042,0.0,1.890940414113776,0.0,1.4477636904679787,3.0515285391252274,1.8106704874036883
0.9874957511870476,0.0,0.006596394190015527,0.0,1.891740414113776,0.0,1.4475634897511185,3.051545240724889,1.8093143540619219
0.987496103038066,0.0,0.006590943547435907,0.0,1.8925404141137758,0.0,1.4473634529575727,3.0515619339216693,1.8079580276643221
0.987496454490311,0.0,0.0065854996403222725,0.0,1.8933404141137757,0.0,1.4471635798442228,3.0515786187245006,1.806601505464859
0.9874968055441616,0.0,0.006580062457590577,0.0,1.8941404141137757,0.0,1.4469638701684138,3.0515952951423566,1.8052447847680893
0.9874971561999953,0.0,0.006574631988179577,0.0,1.8949404141137756,0.0,1.4467643236879693,3.0516119631841363,1.8038878627416715
0.9874975064581919,0.0,0.006569208221050773,0.0,1.8957404141137755,0.0,1.4465649401611818,3.051628622858793,1.802530736610625
0.9874978563191282,0.0,0.006563791145188354,0.0,1.8965404141137754,0.0,1.4463657193468316,3.0516452741751734,1.8011734035970266
0.9874982057831856,0.0,0.006558380749599165,0.0,1.8973404141137753,0.0,1.44616666100417,3.051661917142225,1.7998158608563557
0.9874985548507429,0.0,0.006552977023312595,0.0,1.8981404141137752,0.0,1.445967764892917,3.05167855176882,1.7984581055666995
0.9874989035221796,0.0,0.006547579955380582,0.0,1.8989404141137751,0.0,1.4457690307732451,3.0516951780638144,1.797100134842442
0.9874992517978766,0.0,0.006542189534877531,0.0,1.899740414113775,0.0,1.4455704584058189,3.0517117960360864,1.7957419458674115
0.9874995996782138,0.0,0.0065368057509002505,0.0,1.900540414113775,0.0,1.4453720475517495,3.051728405694474,1.7943835357054359
0.9874999471635716,0.0,0.006531428592567883,0.0,1.9013404141137749,0.0,1.4451737979726487,3.051745007047818,1.7930249014620139
0.9875002942543311,0.0,0.006526058049021931,0.0,1.9021404141137748,0.0,1.4449757094305622,3.0517616001049284,1.7916660402206064
0.9875006409508746,0.0,0.0065206941094261076,0.0,1.9029404141137747,0.0,1.4447777816879972,3.0517781848746606,1.7903069490504262
0.9875009872535833,0.0,0.006515336762966323,0.0,1.9037404141137746,0.0,1.4445800145079528,3.051794761365798,1.7889476249655272
0.9875013331628377,0.0,0.006509985998850602,0.0,1.9045404141137745,0.0,1.4443824076538734,3.0518113295871165,1.7875880650006732
0.9875016786790216,0.0,0.006504641806309095,0.0,1.9053404141137744,0.0,1.444184960889666,3.051827889547435,1.7862282661761246
0.9875020238025161,0.0,0.006499304174593959,0.0,1.9061404141137743,0.0,1.4439876739796935,3.0518444412554904,1.7848682254654393
0.9875023685337035,0.0,0.006493973092979331,0.0,1.9069404141137742,0.0,1.44379054668879,3.0518609847200358,1.7835079398370066
0.987502712872968,0.0,0.0064886485507612635,0.0,1.9077404141137742,0.0,1.4435935787822274,3.051877519949857,1.7821474062502642
0.9875030568206915,0.0,0.006483330537257682,0.0,1.908540414113774,0.0,1.4433967700257546,3.0518940469536626,1.7807866216337596
0.9875034003772583,0.0,0.006478019041808333,0.0,1.909340414113774,0.0,1.4432001201855624,3.051910565740199,1.7794255828669956
0.9875037435430508,0.0,0.006472714053774697,0.0,1.9101404141137739,0.0,1.4430036290283088,3.051927076318164,1.7780642869282197
0.9875040863184532,0.0,0.006467415562539994,0.0,1.9109404141137738,0.0,1.442807296321079,3.051943578696256,1.7767027305981544
0.9875044287038491,0.0,0.006462123557509068,0.0,1.9117404141137737,0.0,1.4426111218314734,3.0519600728831735,1.7753409107881182
0.9875047706996238,0.0,0.006456838028108387,0.0,1.9125404141137736,0.0,1.442415105327454,3.0519765588876218,1.7739788243364893
0.9875051123061601,0.0,0.006451558963785964,0.0,1.9133404141137735,0.0,1.4422192465775023,3.051993036718219,1.7726164680354692
0.9875054535238441,0.0,0.006446286354011283,0.0,1.9141404141137734,0.0,1.4420235453505414,3.052009506383681,1.7712538386884935
0.9875057943530601,0.0,0.006441020188275304,0.0,1.9149404141137734,0.0,1.44182800141589,3.05202596789263,1.769890933075445
0.987506134794192,0.0,0.0064357604560903395,0.0,1.9157404141137733,0.0,1.4416326145433962,3.0520424212536836,1.7685277479857477
0.9875064748476268,0.0,0.0064305071469901,0.0,1.9165404141137732,0.0,1.441437384503255,3.0520588664754964,1.7671642800896743
0.9875068145137487,0.0,0.006425260250529494,0.0,1.917340414113773,0.0,1.441242311066224,3.0520753035666752,1.7658005261803384
0.9875071537929433,0.0,0.0064200197562847595,0.0,1.918140414113773,0.0,1.4410473940033792,3.0520917325358017,1.764436482885259
0.987507492685597,0.0,0.006414785653853238,0.0,1.918940414113773,0.0,1.4408526330863634,3.052108153391501,1.7630721469341166
0.9875078311920958,0.0,0.006409557932853437,0.0,1.9197404141137728,0.0,1.4406580280871488,3.052124566142355,1.7617075149599288
0.9875081693128255,0.0,0.006404336582924944,0.0,1.9205404141137727,0.0,1.4404635787782554,3.0521409707969163,1.7603425835742477
0.9875085070481718,0.0,0.00639912159372836,0.0,1.9213404141137727,0.0,1.440269284932526,3.052157367363738,1.7589773494566565
0.9875088443985218,0.0,0.006393912954945262,0.0,1.9221404141137726,0.0,1.4400751463233583,3.052173755851385,1.7576118091241293
0.9875091813642618,0.0,0.006388710656278185,0.0,1.9229404141137725,0.0,1.4398811627245078,3.0521901362683725,1.756245959206889
0.9875095179457793,0.0,0.0063835146874504905,0.0,1.9237404141137724,0.0,1.4396873339101968,3.0522065086232635,1.7548797961845954
0.9875098541434608,0.0,0.00637832503820638,0.0,1.9245404141137723,0.0,1.4394936596550796,3.0522228729245597,1.753513316657896
0.9875101899576925,0.0,0.006373141698310848,0.0,1.9253404141137722,0.0,1.4393001397342435,3.052239229180725,1.7521465170734993
0.9875105253888641,0.0,0.0063679646575495845,0.0,1.9261404141137721,0.0,1.439106773923218,3.0522555774003437,1.7507793939438465
0.9875108604373601,0.0,0.006362793905728962,0.0,1.926940414113772,0.0,1.4389135619979614,3.0522719175918027,1.749411943751646
0.9875111951035698,0.0,0.006357629432675967,0.0,1.927740414113772,0.0,1.4387205037348383,3.05228824976363,1.7480441628659475
0.9875115293878804,0.0,0.006352471228238181,0.0,1.9285404141137719,0.0,1.4385275989106863,3.0523045739242693,1.7466760477476257
0.9875118632906796,0.0,0.0063473192822836675,0.0,1.9293404141137718,0.0,1.438334847302761,3.0523208900821714,1.7453075947921293
0.987512196812355,0.0,0.006342173584700972,0.0,1.9301404141137717,0.0,1.438142248688727,3.0523371982457776,1.7439388003319338
0.9875125299532953,0.0,0.006337034125399109,0.0,1.9309404141137716,0.0,1.4379498028466733,3.052353498423512,1.7425696607304881
0.9875128627138887,0.0,0.006331900894307395,0.0,1.9317404141137715,0.0,1.437757509555163,3.0523697906238128,1.7412001723420296
0.9875131950945234,0.0,0.006326773881375516,0.0,1.9325404141137714,0.0,1.437565368593132,3.052386074855077,1.7398303313877876
0.9875135270955869,0.0,0.0063216530765734195,0.0,1.9333404141137713,0.0,1.4373733797399666,3.052402351125671,1.738460134208842
0.9875138587174688,0.0,0.006316538469891265,0.0,1.9341404141137712,0.0,1.4371815427754724,3.0524186194440173,1.737089577010738
0.9875141899605576,0.0,0.0063114300513394065,0.0,1.9349404141137712,0.0,1.4369898574798727,3.0524348798184864,1.7357186560386721
0.9875145208252412,0.0,0.0063063278109483055,0.0,1.935740414113771,0.0,1.436798323633821,3.0524511322574166,1.734347367477461
0.9875148513119095,0.0,0.006301231738768512,0.0,1.936540414113771,0.0,1.436606941018387,3.0524673767692025,1.7329757075107437
0.9875151814209502,0.0,0.00629614182487062,0.0,1.937340414113771,0.0,1.4364157094150665,3.05248361336213,1.7316036722852683
0.9875155111527533,0.0,0.006291058059345168,0.0,1.9381404141137708,0.0,1.4362246286057627,3.0524998420445786,1.7302312579037842
0.987515840507708,0.0,0.0062859804323026625,0.0,1.9389404141137707,0.0,1.4360336983728068,3.052516062824867,1.7288584604902593
0.9875161694862027,0.0,0.0062809089338734725,0.0,1.9397404141137706,0.0,1.4358429184989094,3.0525322757112785,1.7274852761020671
0.9875164980886273,0.0,0.006275843554207813,0.0,1.9405404141137705,0.0,1.4356522887672756,3.052548480712134,1.7261117007726114
0.9875168263153704,0.0,0.006270784283475676,0.0,1.9413404141137705,0.0,1.4354618089614906,3.052564677835706,1.724737730531132
0.9875171541668223,0.0,0.006265731111866827,0.0,1.9421404141137704,0.0,1.435271478865485,3.052580867090284,1.7233633613823383
0.9875174816433719,0.0,0.006260684029590681,0.0,1.9429404141137703,0.0,1.435081298263682,3.0525970484841323,1.7219885892591291
0.9875178087454087,0.0,0.006255643026876319,0.0,1.9437404141137702,0.0,1.4348912669409173,3.052613222025502,1.7206134101205866
0.9875181354733229,0.0,0.006250608093972412,0.0,1.94454041411377,0.0,1.4347013846824044,3.0526293877226633,1.7192378198612603
0.9875184618275044,0.0,0.00624557922114723,0.0,1.94534041411377,0.0,1.4345116512737544,3.0526455455838364,1.71786181438259
0.9875187878083415,0.0,0.006240556398688462,0.0,1.94614041411377,0.0,1.4343220665010445,3.052661695617227,1.7164853895232053
0.9875191134162256,0.0,0.006235539616903329,0.0,1.9469404141137698,0.0,1.4341326301507022,3.052677837831085,1.7151085411197293
0.9875194386515452,0.0,0.006230528866118412,0.0,1.9477404141137697,0.0,1.433943342009611,3.052693972233582,1.7137312649588003
0.9875197635146913,0.0,0.006225524136679687,0.0,1.9485404141137697,0.0,1.433754201865021,3.052710098832937,1.7123535568178148
0.987520088006053,0.0,0.006220525418952442,0.0,1.9493404141137696,0.0,1.4335652095045779,3.052726217637306,1.7109754124279029
0.9875204121260209,0.0,0.006215532703321205,0.0,1.9501404141137695,0.0,1.4333763647164162,3.052742328654901,1.7095968274690798
0.9875207358749842,0.0,0.006210545980189779,0.0,1.9509404141137694,0.0,1.4331876672889765,3.0527584318938326,1.7082177976872053
0.9875210592533343,0.0,0.006205565239981103,0.0,1.9517404141137693,0.0,1.4329991170111327,3.0527745273623097,1.7068383186898515
0.9875213822614599,0.0,0.006200590473137284,0.0,1.9525404141137692,0.0,1.4328107136721753,3.0527906150684143,1.705458386088466
0.9875217048997521,0.0,0.006195621670119467,0.0,1.9533404141137691,0.0,1.4326224570618082,3.0528066950203323,1.704077995501899
0.9875220271686005,0.0,0.006190658821407905,0.0,1.954140414113769,0.0,1.432434346970101,3.052822767226135,1.702697142476152
0.9875223490683953,0.0,0.006185701917501777,0.0,1.954940414113769,0.0,1.4322463831875274,3.052838831693956,1.701315822514489
0.9875226705995274,0.0,0.0061807509489192605,0.0,1.9557404141137689,0.0,1.4320585655049816,3.052854888431903,1.6999340311347897
0.9875229917623854,0.0,0.006175805906197391,0.0,1.9565404141137688,0.0,1.4318708937137192,3.0528709374480347,1.6985517638221652
0.9875233125573614,0.0,0.006170866779892114,0.0,1.9573404141137687,0.0,1.4316833676054512,3.052886978750465,1.6971690159870507
0.9875236329848444,0.0,0.006165933560578163,0.0,1.9581404141137686,0.0,1.4314959869722161,3.0529030123472336,1.6957857830063872
0.9875239530452254,0.0,0.006161006238849037,0.0,1.9589404141137685,0.0,1.4313087516064766,3.052919038246425,1.694402060269307
0.9875242727388938,0.0,0.0061560848053169555,0.0,1.9597404141137684,0.0,1.4311216613011046,3.0529350564560525,1.6930178431218077
0.9875245920662402,0.0,0.00615116925061284,0.0,1.9605404141137683,0.0,1.430934715849327,3.052951066984164,1.6916331268474494
0.987524911027655,0.0,0.006146259565386214,0.0,1.9613404141137682,0.0,1.4307479150448121,3.052967069838801,1.6902479067062406
0.9875252296235283,0.0,0.006141355740305218,0.0,1.9621404141137682,0.0,1.4305612586815781,3.052983065027961,1.6888621779384982
0.9875255478542507,0.0,0.006136457766056529,0.0,1.962940414113768,0.0,1.4303747465540493,3.0529990525596715,1.6874759357498936
0.9875258657202115,0.0,0.006131565633345317,0.0,1.963740414113768,0.0,1.4301883784570384,3.0530150324418934,1.6860891753138427
0.9875261832218025,0.0,0.006126679332895218,0.0,1.964540414113768,0.0,1.4300021541857173,3.053031004682668,1.684701891725801
0.987526500359412,0.0,0.0061217988554482915,0.0,1.9653404141137678,0.0,1.4298160735356897,3.0530469692898943,1.6833140801152449
0.9875268171334309,0.0,0.006116924191764927,0.0,1.9661404141137677,0.0,1.429630136302956,3.05306292627158,1.6819257354881856
0.9875271335442498,0.0,0.006112055332623883,0.0,1.9669404141137676,0.0,1.4294443422837981,3.053078875635682,1.6805368529342668
0.9875274495922587,0.0,0.006107192268822183,0.0,1.9677404141137675,0.0,1.4292586912750427,3.053094817390138,1.6791474273832925
0.9875277652778472,0.0,0.0061023349911750865,0.0,1.9685404141137675,0.0,1.4290731830737575,3.0531107515428735,1.6777574537787205
0.9875280806014061,0.0,0.0060974834905160435,0.0,1.9693404141137674,0.0,1.4288878174774748,3.053126678101826,1.67636692708684
0.9875283955633243,0.0,0.0060926377576966655,0.0,1.9701404141137673,0.0,1.4287025942840463,3.0531425970748787,1.6749758421456828
0.9875287101639936,0.0,0.0060877977835866745,0.0,1.9709404141137672,0.0,1.4285175132918067,3.0531585084699873,1.6735841937446232
0.9875290244038023,0.0,0.0060829635590738335,0.0,1.971740414113767,0.0,1.4283325742993334,3.053174412295,1.672191976756224
0.9875293382831409,0.0,0.006078135075063973,0.0,1.972540414113767,0.0,1.428147777105706,3.0531903085577987,1.670799185903584
0.9875296518023999,0.0,0.0060733123224808415,0.0,1.973340414113767,0.0,1.4279631215103152,3.0532061972663014,1.6694058158983283
0.9875299649619674,0.0,0.006068495292266169,0.0,1.9741404141137668,0.0,1.4277786073129533,3.0532220784282997,1.6680118614241848
0.9875302777622351,0.0,0.006063683975379595,0.0,1.9749404141137668,0.0,1.427594234313771,3.053237952051697,1.6666173171090857
0.9875305902035912,0.0,0.006058878362798557,0.0,1.9757404141137667,0.0,1.4274100023132987,3.0532538181443014,1.6652221775723337
0.9875309022864273,0.0,0.006054078445518344,0.0,1.9765404141137666,0.0,1.4272259111124599,3.0532696767139966,1.6638264373615943
0.9875312140111319,0.0,0.006049284214551995,0.0,1.9773404141137665,0.0,1.4270419605125373,3.053285527768574,1.6624300909741945
0.9875315253780939,0.0,0.006044495660930266,0.0,1.9781404141137664,0.0,1.426858150315199,3.053301371315825,1.6610331328841932
0.9875318363877035,0.0,0.006039712775701613,0.0,1.9789404141137663,0.0,1.4266744803224767,3.0533172073635733,1.6596355575476123
0.9875321470403502,0.0,0.006034935549932149,0.0,1.9797404141137662,0.0,1.426490950336729,3.053333035919595,1.6582373593103565
0.9875324573364231,0.0,0.006030163974705531,0.0,1.9805404141137661,0.0,1.4263075601607988,3.053348856991688,1.656838532566006
0.9875327672763128,0.0,0.00602539804112304,0.0,1.981340414113766,0.0,1.4261243095977754,3.0533646705876416,1.6554390715809646
0.9875330768604059,0.0,0.006020637740303416,0.0,1.982140414113766,0.0,1.425941198451199,3.0533804767151502,1.6540389706129375
0.987533386089094,0.0,0.00601588306338292,0.0,1.9829404141137659,0.0,1.4257582265249242,3.0533962753820285,1.652638223868594
0.9875336949627656,0.0,0.006011134001515217,0.0,1.9837404141137658,0.0,1.4255753936232234,3.0534120665960045,1.6512368255069503
0.9875340034818088,0.0,0.006006390545871381,0.0,1.9845404141137657,0.0,1.4253926995507102,3.0534278503647765,1.6498347696832383
0.9875343116466135,0.0,0.006001652687639821,0.0,1.9853404141137656,0.0,1.425210144112339,3.053443626696107,1.6484320504604653
0.987534619457568,0.0,0.00599692041802627,0.0,1.9861404141137655,0.0,1.4250277271134597,3.0534593955976788,1.6470286618232286
0.9875349269150617,0.0,0.0059921937282537314,0.0,1.9869404141137654,0.0,1.4248454483598054,3.053475157077214,1.6456245977999864
0.9875352340194824,0.0,0.005987472609562414,0.0,1.9877404141137653,0.0,1.4246633076574307,3.0534909111423856,1.644219852300743
0.9875355407712202,0.0,0.005982757053209769,0.0,1.9885404141137653,0.0,1.4244813048127554,3.053506657800907,1.642814419197502
0.987535847170661,0.0,0.0059780470504703295,0.0,1.9893404141137652,0.0,1.4242994396325899,3.0535223970603775,1.6414082923599225
0.9875361532181959,0.0,0.0059733425926357785,0.0,1.990140414113765,0.0,1.4241177119240929,3.0535381289285417,1.6400014654902342
0.9875364589142119,0.0,0.005968643671014851,0.0,1.990940414113765,0.0,1.4239361214947648,3.0535538534130144,1.6385939324127243
0.9875367642590972,0.0,0.005963950276933319,0.0,1.991740414113765,0.0,1.4237546681524902,3.0535695705214265,1.637185686778553
0.9875370692532404,0.0,0.00595926240173393,0.0,1.9925404141137648,0.0,1.4235733517055045,3.0535852802614336,1.6357767222317643
0.9875373738970287,0.0,0.005954580036776394,0.0,1.9933404141137647,0.0,1.4233921719623674,3.053600982640621,1.6343670323300277
0.9875376781908507,0.0,0.005949903173437296,0.0,1.9941404141137646,0.0,1.4232111287320572,3.0536166776666422,1.6329566106166296
0.9875379821350941,0.0,0.005945231803110132,0.0,1.9949404141137645,0.0,1.4230302218238673,3.0536323653470814,1.6315454505274882
0.9875382857301465,0.0,0.005940565917205185,0.0,1.9957404141137645,0.0,1.4228494510474525,3.053648045689533,1.6301335455404988
0.9875385889763955,0.0,0.005935905507149565,0.0,1.9965404141137644,0.0,1.4226688162128056,3.053663718701577,1.6287208889679063
0.9875388918742286,0.0,0.005931250564387102,0.0,1.9973404141137643,0.0,1.4224883171303238,3.0536793843907923,1.6273074741414622
0.9875391944240328,0.0,0.005926601080378347,0.0,1.9981404141137642,0.0,1.4223079536107044,3.053695042764724,1.6258932943681765
0.9875394966261956,0.0,0.005921957046600499,0.0,1.998940414113764,0.0,1.4221277254649969,3.053710693830949,1.6244783427585943
0.9875397984811046,0.0,0.005917318454547454,0.0,1.999740414113764,0.0,1.4219476325046627,3.053726337597006,1.6230626125269416
0.9875400999891453,0.0,0.005912685295729601,0.0,2.000540414113764,0.0,1.42176767454145,3.053741974070399,1.6216460967168822
0.9875404011507058,0.0,0.005908057561673975,0.0,2.001340414113764,0.0,1.4215878513874591,3.053757603258684,1.6202287883716326
0.9875407019661732,0.0,0.005903435243924085,0.0,2.002140414113764,0.0,1.4214081628551785,3.0537732251693788,1.6188106804426743
0.9875410024359325,0.0,0.0058988183340398835,0.0,2.002940414113764,0.0,1.4212286087574133,3.053788839809961,1.617391765858469
0.9875413025603719,0.0,0.005894206823597839,0.0,2.003740414113764,0.0,1.4210491889073436,3.0538044471879555,1.6159720374682327
0.9875416023398763,0.0,0.005889600704190754,0.0,2.0045404141137637,0.0,1.420869903118456,3.053820047310814,1.6145514880348832
0.9875419017748328,0.0,0.005884999967427821,0.0,2.0053404141137636,0.0,1.4206907512045952,3.0538356401860325,1.613130110288096
0.9875422008656269,0.0,0.005880404604934526,0.0,2.0061404141137635,0.0,1.4205117329799937,3.0538512258210764,1.6117078968899305
0.9875424996126457,0.0,0.0058758146083526955,0.0,2.0069404141137634,0.0,1.4203328482591644,3.0538668042234187,1.6102848404616095
0.9875427980162733,0.0,0.0058712299693403375,0.0,2.0077404141137634,0.0,1.4201540968569928,3.0538823754004616,1.6088609335094461
0.9875430960768968,0.0,0.005866650679571718,0.0,2.0085404141137633,0.0,1.4199754785887215,3.053897939359686,1.6074361685038148
0.9875433937949001,0.0,0.0058620767307372285,0.0,2.009340414113763,0.0,1.4197969932699235,3.053913496108475,1.606010537848499
0.9875436911706705,0.0,0.005857508114543455,0.0,2.010140414113763,0.0,1.4196186407164668,3.0539290456543,1.6045840338918818
0.9875439882045914,0.0,0.005852944822713016,0.0,2.010940414113763,0.0,1.4194404207446492,3.053944588004513,1.6031566488631923
0.9875442848970489,0.0,0.005848386846984622,0.0,2.011740414113763,0.0,1.4192623331710381,3.05396012316655,1.6017283750192517
0.9875445812484277,0.0,0.005843834179112998,0.0,2.012540414113763,0.0,1.4190843778125726,3.0539756511477885,1.6002992044626427
0.9875448772591127,0.0,0.005839286810868857,0.0,2.0133404141137627,0.0,1.4189065544864916,3.0539911719556123,1.598869129229318
0.9875451729294876,0.0,0.005834744734038833,0.0,2.0141404141137627,0.0,1.4187288630104198,3.054006685597371,1.5974381413579726
0.9875454682599379,0.0,0.005830207940425508,0.0,2.0149404141137626,0.0,1.4185513032022792,3.05402219208045,1.5960062327337559
0.9875457632508475,0.0,0.005825676421847295,0.0,2.0157404141137625,0.0,1.4183738748803623,3.054037691412196,1.594573395185936
0.9875460579026007,0.0,0.005821150170138483,0.0,2.0165404141137624,0.0,1.4181965778632613,3.0540531835999456,1.5931396205299835
0.9875463522155808,0.0,0.005816629177149117,0.0,2.0173404141137623,0.0,1.4180194119699383,3.0540686686510217,1.5917049004297572
0.9875466461901723,0.0,0.0058121134347450375,0.0,2.018140414113762,0.0,1.4178423770196416,3.054084146572759,1.5902692265224057
0.9875469398267588,0.0,0.005807602934807795,0.0,2.018940414113762,0.0,1.4176654728319809,3.0540996173724775,1.5888325902918496
0.9875472331257231,0.0,0.0058030976692346236,0.0,2.019740414113762,0.0,1.4174886992269262,3.054115081057459,1.587394983275202
0.987547526087449,0.0,0.005798597629938428,0.0,2.020540414113762,0.0,1.4173120560247063,3.054130537635004,1.585956396857869
0.9875478187123191,0.0,0.005794102808847697,0.0,2.021340414113762,0.0,1.4171355430459556,3.0541459871123946,1.5845168223157065
0.9875481110007172,0.0,0.005789613197906513,0.0,2.0221404141137618,0.0,1.4169591601115976,3.05416142949694,1.5830762508827103
0.9875484029530249,0.0,0.005785128789074557,0.0,2.0229404141137617,0.0,1.416782907042857,3.0541768647958305,1.581634673693486
0.9875486945696261,0.0,0.005780649574326915,0.0,2.0237404141137616,0.0,1.4166067836613536,3.0541922930164036,1.580192081829856
0.9875489858509021,0.0,0.005776175545654203,0.0,2.0245404141137615,0.0,1.4164307897890045,3.0542077141658597,1.57874846626015
0.9875492767972354,0.0,0.005771706695062486,0.0,2.0253404141137614,0.0,1.416254925248053,3.054223128251431,1.5773038178610395
0.9875495674090088,0.0,0.005767243014573192,0.0,2.0261404141137613,0.0,1.4160791898610585,3.0542385352803922,1.5758581274414074
0.9875498576866032,0.0,0.005762784496223136,0.0,2.0269404141137612,0.0,1.4159035834508635,3.054253935259913,1.5744113857543747
0.9875501476304008,0.0,0.005758331132064445,0.0,2.027740414113761,0.0,1.4157281058407578,3.054269328197236,1.572963583402504
0.9875504372407827,0.0,0.005753882914164557,0.0,2.028540414113761,0.0,1.4155527568542565,3.0542847140995386,1.5715147108881493
0.9875507265181307,0.0,0.005749439834606166,0.0,2.029340414113761,0.0,1.4153775363152044,3.0543000929740236,1.5700647587287868
0.9875510154628253,0.0,0.005745001885487163,0.0,2.030140414113761,0.0,1.4152024440478035,3.054315464827866,1.5686137172605368
0.9875513040752475,0.0,0.00574056905892065,0.0,2.030940414113761,0.0,1.4150274798765723,3.0543308296682383,1.5671615766596894
0.9875515923557786,0.0,0.0057361413470348975,0.0,2.0317404141137607,0.0,1.4148526436262905,3.0543461875023104,1.5657083272170023
0.9875518803047993,0.0,0.005731718741973267,0.0,2.0325404141137606,0.0,1.4146779351221253,3.0543615383372487,1.5642539589283095
0.9875521679226889,0.0,0.005727301235894196,0.0,2.0333404141137605,0.0,1.414503354189583,3.0543768821801605,1.5627984617972952
0.9875524552098276,0.0,0.005722888820971183,0.0,2.0341404141137605,0.0,1.4143289006543995,3.054392219038194,1.5613418257077347
0.9875527421665958,0.0,0.005718481489392756,0.0,2.0349404141137604,0.0,1.4141545743427024,3.0544075489184754,1.559884040389778
0.9875530287933737,0.0,0.005714079233362379,0.0,2.0357404141137603,0.0,1.4139803750809117,3.0544228718281543,1.5584250955406254
0.98755331509054,0.0,0.005709682045098498,0.0,2.03654041411376,0.0,1.4138063026957581,3.054438187774302,1.5569649806877295
0.9875536010584748,0.0,0.005705289916834485,0.0,2.03734041411376,0.0,1.4136323570142673,3.0544534967640233,1.5555036853534834
0.9875538866975562,0.0,0.005700902840818512,0.0,2.03814041411376,0.0,1.4134585378638587,3.0544687988044057,1.5540411988726825
0.9875541720081636,0.0,0.005696520809313648,0.0,2.03894041411376,0.0,1.4132848450721902,3.054484093902543,1.5525775104902673
0.9875544569906761,0.0,0.0056921438145977965,0.0,2.03974041411376,0.0,1.4131112784672255,3.0544993820654867,1.5511126093499232
0.9875547416454725,0.0,0.005687771848963581,0.0,2.0405404141137597,0.0,1.4129378378773174,3.054514663300326,1.5496464844694557
0.9875550259729299,0.0,0.0056834049047183345,0.0,2.0413404141137597,0.0,1.412764523131076,3.054529937614104,1.5481791247664498
0.9875553099734267,0.0,0.005679042974184207,0.0,2.0421404141137596,0.0,1.4125913340574474,3.0545452050138255,1.546710519029895
0.9875555936473409,0.0,0.0056746860496979185,0.0,2.0429404141137595,0.0,1.4124182704856305,3.054560465506561,1.54524065597237
0.9875558769950505,0.0,0.005670334123610876,0.0,2.0437404141137594,0.0,1.4122453322452198,3.0545757190993355,1.5437695241759122
0.987556160016933,0.0,0.005665987188289077,0.0,2.0445404141137593,0.0,1.4120725191660481,3.054590965799169,1.5422971120388143
0.9875564427133645,0.0,0.005661645236113079,0.0,2.045340414113759,0.0,1.411899831078318,3.0546062056130348,1.5408234079014902
0.9875567250847234,0.0,0.005657308259477991,0.0,2.046140414113759,0.0,1.4117272678124952,3.05462143854798,1.53934839997846
0.9875570071313859,0.0,0.005652976250793442,0.0,2.046940414113759,0.0,1.411554829199358,3.054636664610965,1.5378720763442342
0.9875572888537282,0.0,0.005648649202483474,0.0,2.047740414113759,0.0,1.4113825150700237,3.054651883808976,1.5363944249727526
0.987557570252127,0.0,0.005644327106986654,0.0,2.048540414113759,0.0,1.4112103252558652,3.05466709614897,1.5349154336759891
0.9875578513269583,0.0,0.005640009956755871,0.0,2.049340414113759,0.0,1.411038259588637,3.0546823016379285,1.5334350901424503
0.9875581320785981,0.0,0.005635697744258432,0.0,2.0501404141137587,0.0,1.4108663179002963,3.0546975002828,1.531953381907539
0.9875584125074215,0.0,0.005631390461975975,0.0,2.0509404141137586,0.0,1.4106945000231814,3.0547126920905026,1.530470296431223
0.987558692613805,0.0,0.005627088102404427,0.0,2.0517404141137585,0.0,1.4105228057899013,3.054727877068025,1.5289858210076774
0.9875589723981225,0.0,0.005622790658054015,0.0,2.0525404141137584,0.0,1.4103512350334004,3.0547430552222314,1.5274999427639653
0.9875592518607501,0.0,0.005618498121449193,0.0,2.0533404141137583,0.0,1.4101797875868667,3.054758226560086,1.5260126487252648
0.9875595310020621,0.0,0.005614210485128604,0.0,2.0541404141137583,0.0,1.4100084632838823,3.0547733910884913,1.5245239257571694
0.9875598098224322,0.0,0.00560992774164512,0.0,2.054940414113758,0.0,1.4098372619581936,3.054788548814293,1.52303376056485
0.9875600883222362,0.0,0.005605649883565685,0.0,2.055740414113758,0.0,1.4096661834440103,3.05480369974447,1.5215421397432585
0.9875603665018465,0.0,0.005601376903471411,0.0,2.056540414113758,0.0,1.409495227575688,3.054818843885827,1.5200490497015966
0.9875606443616383,0.0,0.0055971087939574865,0.0,2.057340414113758,0.0,1.4093243941879965,3.0548339812452765,1.5185544767204608
0.9875609219019836,0.0,0.005592845547633094,0.0,2.058140414113758,0.0,1.4091536831159335,3.054849111829654,1.5170584069170423
0.9875611991232578,0.0,0.005588587157121502,0.0,2.0589404141137577,0.0,1.4089830941948622,3.054864235645865,1.5155608261981577
0.9875614760258322,0.0,0.005584333615059918,0.0,2.0597404141137576,0.0,1.4088126272603207,3.0548793527007003,1.5140617204712012
0.9875617526100805,0.0,0.005580084914099498,0.0,2.0605404141137575,0.0,1.4086422821482834,3.054894463001035,1.512561075282197
0.9875620288763749,0.0,0.005575841046905346,0.0,2.0613404141137575,0.0,1.408472058694958,3.054909566553671,1.511058876128252
0.9875623048250876,0.0,0.005571602006156432,0.0,2.0621404141137574,0.0,1.4083019567368054,3.0549246633654272,1.509555108312552
0.9875625804565911,0.0,0.005567367784545593,0.0,2.0629404141137573,0.0,1.4081319761106703,3.0549397534431337,1.5080497569937945
0.9875628557712568,0.0,0.005563138374779461,0.0,2.063740414113757,0.0,1.4079621166536234,3.0549548367935877,1.506542807089685
0.9875631307694565,0.0,0.0055589137695785246,0.0,2.064540414113757,0.0,1.407792378203055,3.0549699134235597,1.5050342433994541
0.9875634054515622,0.0,0.005554693961676982,0.0,2.065340414113757,0.0,1.4076227605966118,3.0549849833398763,1.5035240505705865
0.9875636798179439,0.0,0.005550478943822776,0.0,2.066140414113757,0.0,1.4074532636723072,3.0550000465492673,1.502012212959694
0.9875639538689726,0.0,0.005546268708777541,0.0,2.066940414113757,0.0,1.4072838872683862,3.0550151030585093,1.5004987148319082
0.9875642276050196,0.0,0.005542063249316598,0.0,2.0677404141137568,0.0,1.4071146312233944,3.05503015287439,1.4989835402352742
0.987564501026455,0.0,0.005537862558228895,0.0,2.0685404141137567,0.0,1.4069454953761582,3.0550451960036415,1.497466673062723
0.9875647741336487,0.0,0.005533666628316982,0.0,2.0693404141137566,0.0,1.4067764795658142,3.055060232453009,1.4959480969252885
0.9875650469269707,0.0,0.00552947545239701,0.0,2.0701404141137565,0.0,1.406607583631805,3.055075262229206,1.4944277952921148
0.98756531940679,0.0,0.0055252890232986435,0.0,2.0709404141137564,0.0,1.4064388074137852,3.0550902853389568,1.4929057514436523
0.9875655915734767,0.0,0.00552110733386506,0.0,2.0717404141137563,0.0,1.406270150751807,3.0551053017890046,1.4913819484337192
0.9875658634273992,0.0,0.005516930376952977,0.0,2.0725404141137562,0.0,1.4061016134861002,3.0551203115860037,1.4898563691478575
0.9875661349689273,0.0,0.005512758145432485,0.0,2.073340414113756,0.0,1.4059331954572565,3.0551353147367246,1.4883289961362096
0.9875664061984277,0.0,0.005508590632187128,0.0,2.074140414113756,0.0,1.4057648965061125,3.0551503112477825,1.4867998119008932
0.9875666771162709,0.0,0.005504427830113905,0.0,2.074940414113756,0.0,1.4055967164738172,3.0551653011259026,1.4852687986176378
0.987566947722824,0.0,0.005500269732123066,0.0,2.075740414113756,0.0,1.4054286552017754,3.055180284377774,1.4837359382395472
0.9875672180184538,0.0,0.005496116331138289,0.0,2.076540414113756,0.0,1.405260712531696,3.0551952610099757,1.4822012125741773
0.9875674880035294,0.0,0.005491967620096493,0.0,2.0773404141137557,0.0,1.40509288830558,3.0552102310292586,1.4806646030951809
0.9875677576784161,0.0,0.005487823591947897,0.0,2.0781404141137556,0.0,1.4049251823656785,3.0552251944421753,1.4791260910984247
0.9875680270434828,0.0,0.005483684239655962,0.0,2.0789404141137555,0.0,1.4047575945545232,3.0552401512554432,1.4775856575869557
0.9875682960990954,0.0,0.005479549556197352,0.0,2.0797404141137554,0.0,1.4045901247149692,3.055255101475658,1.4760432834526322
0.98756856484562,0.0,0.005475419534561913,0.0,2.0805404141137553,0.0,1.4044227726901304,3.0552700451094346,1.4744989491350835
0.9875688332834226,0.0,0.005471294167752663,0.0,2.0813404141137553,0.0,1.404255538323379,3.055284982163365,1.4729526350397455
0.9875691014128697,0.0,0.005467173448785689,0.0,2.082140414113755,0.0,1.4040884214584195,3.055299912644105,1.4714043211158867
0.9875693692343268,0.0,0.005463057370690271,0.0,2.082940414113755,0.0,1.403921421939162,3.055314836558199,1.4698539871651888
0.9875696367481591,0.0,0.005458945926508651,0.0,2.083740414113755,0.0,1.4037545396098239,3.0553297539122575,1.4683016126818198
0.987569903954732,0.0,0.005454839109296158,0.0,2.084540414113755,0.0,1.4035877743149598,3.0553446647128633,1.4667471769544582
0.9875701708544097,0.0,0.005450736912121101,0.0,2.085340414113755,0.0,1.403421125899351,3.0553595689665745,1.465190658900748
0.9875704374475572,0.0,0.00544663932806481,0.0,2.0861404141137547,0.0,1.4032545942079775,3.0553744666799494,1.4636320371627776
0.9875707037345381,0.0,0.005442546350221511,0.0,2.0869404141137546,0.0,1.4030881790862535,3.055389357859526,1.4620712901957496
0.987570969715717,0.0,0.00543845797169837,0.0,2.0877404141137546,0.0,1.4029218803797476,3.0554042425118713,1.4605083959955851
0.9875712353914576,0.0,0.005434374185615453,0.0,2.0885404141137545,0.0,1.4027556979343434,3.055419120643518,1.4589433324299248
0.9875715007621223,0.0,0.005430294985105646,0.0,2.0893404141137544,0.0,1.4025896315962063,3.055433992260965,1.4573760769541062
0.9875717658280757,0.0,0.005426220363314728,0.0,2.0901404141137543,0.0,1.4024236812117694,3.0554488573707683,1.4558066067519937
0.98757203058968,0.0,0.005422150313401226,0.0,2.090940414113754,0.0,1.4022578466277198,3.0554637159794265,1.4542348986188003
0.9875722950472977,0.0,0.0054180848285364765,0.0,2.091740414113754,0.0,1.4020921276910439,3.0554785680934238,1.4526609291707928
0.98757255920129,0.0,0.00541402390190451,0.0,2.092540414113754,0.0,1.401926524248981,3.0554934137192307,1.4510846745497554
0.9875728230520214,0.0,0.005409967526702158,0.0,2.093340414113754,0.0,1.4017610361490256,3.05550825286341,1.4495061106519984
0.987573086599851,0.0,0.00540591569613883,0.0,2.094140414113754,0.0,1.4015956632390039,3.0555230855323625,1.4479252129417652
0.9875733498451423,0.0,0.005401868403436695,0.0,2.0949404141137538,0.0,1.401430405366967,3.0555379117326185,1.4463419566491502
0.9875736127882554,0.0,0.005397825641830539,0.0,2.0957404141137537,0.0,1.401265262381207,3.0555527314705646,1.4447563165193036
0.9875738754295514,0.0,0.005393787404567671,0.0,2.0965404141137536,0.0,1.4011002341303425,3.0555675447527157,1.4431682670265427
0.9875741377693908,0.0,0.005389753684908046,0.0,2.0973404141137535,0.0,1.4009353204632453,3.05558235158549,1.441577782281838
0.9875743998081342,0.0,0.0053857244761241615,0.0,2.0981404141137534,0.0,1.400770521229003,3.0555971519753236,1.439984835930993
0.9875746615461403,0.0,0.005381699771500997,0.0,2.0989404141137533,0.0,1.4006058362770648,3.055611945928609,1.4383894012512215
0.9875749229837705,0.0,0.005377679564336078,0.0,2.0997404141137532,0.0,1.400441265457044,3.0556267334518106,1.4367914512045006
0.9875751841213832,0.0,0.005373663847939333,0.0,2.100540414113753,0.0,1.400276808618899,3.0556415145513185,1.4351909582469502
0.9875754449593381,0.0,0.005369652615633163,0.0,2.101340414113753,0.0,1.4001124656128086,3.0556562892335446,1.4335878944952396
0.9875757054979941,0.0,0.005365645860752384,0.0,2.102140414113753,0.0,1.3999482362892248,3.0556710575048722,1.431982231570966
0.987575965737709,0.0,0.005361643576644131,0.0,2.102940414113753,0.0,1.3997841204988992,3.0556858193716874,1.43037394080324
0.9875762256788418,0.0,0.005357645756667967,0.0,2.103740414113753,0.0,1.3996201180927714,3.055700574840375,1.4287629928454284
0.9875764853217502,0.0,0.005353652394195738,0.0,2.1045404141137527,0.0,1.3994562289221268,3.055715323917293,1.4271493581667665
0.9875767446667914,0.0,0.005349663482611584,0.0,2.1053404141137526,0.0,1.3992924528384765,3.05573006660879,1.4255330065623284
0.9875770037143238,0.0,0.005345679015311949,0.0,2.1061404141137525,0.0,1.3991287896935505,3.0557448029212475,1.4239139075058258
0.9875772624647031,0.0,0.005341698985705462,0.0,2.1069404141137524,0.0,1.398965239339402,3.0557595328609732,1.4222920298983743
0.9875775209182879,0.0,0.005337723387213019,0.0,2.1077404141137523,0.0,1.3988018016283532,3.055774256434363,1.420667342219899
0.9875777790754326,0.0,0.005333752213267679,0.0,2.1085404141137523,0.0,1.3986384764129036,3.0557889736476653,1.4190398123487369
0.9875780369364954,0.0,0.0053297854573146845,0.0,2.109340414113752,0.0,1.398475263545899,3.05580368450726,1.4174094077484263
0.9875782945018314,0.0,0.005325823112811376,0.0,2.110140414113752,0.0,1.3983121628804103,3.0558183890194526,1.4157760953243006
0.9875785517717947,0.0,0.005321865173227201,0.0,2.110940414113752,0.0,1.398149174269757,3.055833087190484,1.4141398414250594
0.9875788087467433,0.0,0.005317911632043741,0.0,2.111740414113752,0.0,1.3979862975675341,3.0558477790267453,1.4125006118863865
0.9875790654270301,0.0,0.0053139624827545735,0.0,2.112540414113752,0.0,1.3978235326275714,3.055862464534444,1.4108583719591232
0.9875793218130104,0.0,0.005310017718865328,0.0,2.1133404141137517,0.0,1.3976608793039922,3.055877143719883,1.4092130863279988
0.9875795779050389,0.0,0.005306077333893615,0.0,2.1141404141137516,0.0,1.397498337451148,3.05589181658935,1.407564719100653
0.9875798337034697,0.0,0.005302141321369059,0.0,2.1149404141137516,0.0,1.397335906923621,3.055906483149088,1.4059132336836613
0.9875800892086563,0.0,0.005298209674833167,0.0,2.1157404141137515,0.0,1.397173587576314,3.0559211434053717,1.404258593070884
0.987580344420952,0.0,0.005294282387839419,0.0,2.1165404141137514,0.0,1.3970113792643324,3.0559357973644223,1.4026007593925676
0.9875805993407103,0.0,0.005290359453953165,0.0,2.1173404141137513,0.0,1.396849281843067,3.0559504450324955,1.400939694366346
0.9875808539682842,0.0,0.005286440866751633,0.0,2.118140414113751,0.0,1.396687295168103,3.055965086415819,1.39927535880258
0.9875811083040261,0.0,0.0052825266198238885,0.0,2.118940414113751,0.0,1.3965254190953975,3.055979721520612,1.3976077130436981
0.9875813623482887,0.0,0.005278616706770796,0.0,2.119740414113751,0.0,1.396363653481034,3.0559943503531137,1.3959367166435372
0.9875816161014225,0.0,0.005274711121205023,0.0,2.120540414113751,0.0,1.3962019981814027,3.0560089729194626,1.39426232843943
0.9875818695637807,0.0,0.0052708098567510065,0.0,2.121340414113751,0.0,1.3960404530531452,3.0560235892259238,1.3925845065389966
0.9875821227357136,0.0,0.0052669129070449065,0.0,2.1221404141137508,0.0,1.3958790179531444,3.05603819927864,1.3909032083604551
0.9875823756175728,0.0,0.005263020265734585,0.0,2.1229404141137507,0.0,1.3957176927385653,3.0560528030838343,1.3892183904565631
0.9875826282097094,0.0,0.005259131926479628,0.0,2.1237404141137506,0.0,1.3955564772667441,3.056067400647674,1.387530008728828
0.9875828805124733,0.0,0.0052552478829512314,0.0,2.1245404141137505,0.0,1.3953953713953664,3.056081991976315,1.3858380180854095
0.9875831325262145,0.0,0.00525136812883225,0.0,2.1253404141137504,0.0,1.3952343749823186,3.0560965770759108,1.3841423728747926
0.9875833842512833,0.0,0.005247492657817157,0.0,2.1261404141137503,0.0,1.3950734878856799,3.056111155952623,1.3824430262459402
0.9875836356880286,0.0,0.005243621463611952,0.0,2.1269404141137502,0.0,1.3949127099638805,3.056125728612601,1.3807399308618695
0.9875838868367998,0.0,0.0052397545399342745,0.0,2.12774041411375,0.0,1.394752041075547,3.0561402950619483,1.3790330382144012
0.9875841376979457,0.0,0.005235891880513229,0.0,2.12854041411375,0.0,1.3945914810795321,3.0561548553068185,1.3773222989297433
0.9875843882718149,0.0,0.00523203347908945,0.0,2.12934041411375,0.0,1.3944310298349718,3.05616940935332,1.3756076627752205
0.9875846385587563,0.0,0.005228179329415053,0.0,2.13014041411375,0.0,1.3942706872012085,3.0561839572075913,1.3738890785150355
0.9875848885591173,0.0,0.005224329425253601,0.0,2.13094041411375,0.0,1.3941104530378683,3.056198498875715,1.372166493930544
0.9875851382732446,0.0,0.005220483760380081,0.0,2.1317404141137497,0.0,1.3939503272048464,3.056213034363756,1.3704398557203556
0.9875853877014867,0.0,0.005216642328580907,0.0,2.1325404141137496,0.0,1.3937903095621715,3.0562275636778455,1.3687091095948718
0.9875856368441903,0.0,0.005212805123653853,0.0,2.1333404141137495,0.0,1.393630399970219,3.0562420868240485,1.3669742001847347
0.9875858857017018,0.0,0.00520897213940803,0.0,2.1341404141137494,0.0,1.3934705982895588,3.0562566038084453,1.3652350709831147
0.9875861342743675,0.0,0.005205143369663935,0.0,2.1349404141137494,0.0,1.39331090438105,3.056271114637072,1.3634916644020767
0.987586382562534,0.0,0.005201318808253323,0.0,2.1357404141137493,0.0,1.3931513181057336,3.0562856193160135,1.3617439215825389
0.9875866305665469,0.0,0.005197498449019227,0.0,2.136540414113749,0.0,1.392991839324929,3.056300117851335,1.3599917825960506
0.9875868782867513,0.0,0.0051936822858159645,0.0,2.137340414113749,0.0,1.3928324679001691,3.0563146102490366,1.358235186077867
0.9875871257234924,0.0,0.005189870312509061,0.0,2.138140414113749,0.0,1.3926732036932767,3.056329096515169,1.3564740696712971
0.9875873728771142,0.0,0.0051860625229752455,0.0,2.138940414113749,0.0,1.392514046566252,3.0563435766557268,1.354708369489279
0.9875876197479625,0.0,0.005182258911102438,0.0,2.139740414113749,0.0,1.3923549963814006,3.0563580506767885,1.3529380202880752
0.987587866336381,0.0,0.005178459470789706,0.0,2.1405404141137487,0.0,1.3921960530011983,3.056372518584345,1.3511629555425906
0.987588112642713,0.0,0.005174664195947264,0.0,2.1413404141137486,0.0,1.3920372162884187,3.056386980384369,1.3493831072646627
0.9875883586673024,0.0,0.005170873080496426,0.0,2.1421404141137486,0.0,1.3918784861060227,3.0564014360828784,1.3475984059116248
0.9875886044104922,0.0,0.005167086118369571,0.0,2.1429404141137485,0.0,1.3917198623172258,3.0564158856858583,1.3458087805347456
0.9875888498726253,0.0,0.005163303303510187,0.0,2.1437404141137484,0.0,1.3915613447855086,3.0564303291992614,1.3440141584800962
0.987589095054044,0.0,0.005159524629872719,0.0,2.1445404141137483,0.0,1.3914029333745581,3.0564447666290917,1.3422144656776387
0.987589339955092,0.0,0.0051557500914227086,0.0,2.145340414113748,0.0,1.391244627948304,3.0564591979813427,1.340409626149263
0.9875895845761085,0.0,0.005151979682136589,0.0,2.146140414113748,0.0,1.3910864283709266,3.0564736232618914,1.3385995622753444
0.987589828917437,0.0,0.0051482133960018715,0.0,2.146940414113748,0.0,1.3909283345067704,3.056488042476727,1.3367841948001842
0.9875900729794183,0.0,0.0051444512270168875,0.0,2.147740414113748,0.0,1.3907703462205623,3.056502455631815,1.3349634424645527
0.9875903167623935,0.0,0.005140693169190991,0.0,2.148540414113748,0.0,1.3906124633771082,3.0565168627330532,1.3331372221131457
0.9875905602667023,0.0,0.005136939216544325,0.0,2.1493404141137478,0.0,1.390454685841503,3.0565312637863675,1.3313054487721296
0.987590803492686,0.0,0.0051331893631079845,0.0,2.1501404141137477,0.0,1.390297013479099,3.056545658797691,1.3294680352816353
0.9875910464406844,0.0,0.0051294436029238446,0.0,2.1509404141137476,0.0,1.390139446155489,3.0565600477729555,1.3276248925119651
0.9875912891110364,0.0,0.005125701930044658,0.0,2.1517404141137475,0.0,1.3899819837364193,3.056574430718004,1.3257759291060123
0.987591531504082,0.0,0.00512196433853392,0.0,2.1525404141137474,0.0,1.3898246260879434,3.0565888076387777,1.3239210514946067
0.9875917736201602,0.0,0.005118230822465932,0.0,2.1533404141137473,0.0,1.3896673730763283,3.0566031785411667,1.322060163755357
0.9875920154596093,0.0,0.005114501375925727,0.0,2.1541404141137472,0.0,1.389510224568067,3.056617543431039,1.3201931676523977
0.9875922570227675,0.0,0.005110775993009073,0.0,2.154940414113747,0.0,1.3893531804298629,3.056631902314259,1.3183199623986057
0.9875924983099731,0.0,0.005107054667822448,0.0,2.155740414113747,0.0,1.38919624052866,3.0566462551966938,1.3164404445906066
0.9875927393215634,0.0,0.0051033373944829805,0.0,2.156540414113747,0.0,1.3890394047316668,3.05666060208421,1.3145545083665762
0.9875929800578764,0.0,0.0050996241671184914,0.0,2.157340414113747,0.0,1.3888826729062635,3.056674942982661,1.31266204488923
0.9875932205192488,0.0,0.005095914979867398,0.0,2.158140414113747,0.0,1.388726044920087,3.056689277897898,1.3107629425118819
0.9875934607060165,0.0,0.005092209826878755,0.0,2.1589404141137467,0.0,1.388569520641023,3.056703606835712,1.3088570867471088
0.987593700618517,0.0,0.005088508702312203,0.0,2.1597404141137466,0.0,1.3884130999371438,3.056717929801974,1.3069443599151014
0.9875939402570858,0.0,0.005084811600337922,0.0,2.1605404141137465,0.0,1.3882567826767647,3.0567322468024933,1.3050246411405229
0.9875941796220585,0.0,0.005081118515136652,0.0,2.1613404141137464,0.0,1.3881005687284134,3.056746557843076,1.303097806271138
0.9875944187137713,0.0,0.005077429440899653,0.0,2.1621404141137464,0.0,1.3879444579608913,3.056760862929557,1.301163727765943
0.9875946575325583,0.0,0.005073744371828664,0.0,2.1629404141137463,0.0,1.3877884502431312,3.0567751620676997,1.2992222743809791
0.9875948960787538,0.0,0.00507006330213592,0.0,2.163740414113746,0.0,1.3876325454444074,3.0567894552632673,1.2972733112199335
0.9875951343526935,0.0,0.005066386226044057,0.0,2.164540414113746,0.0,1.3874767434341488,3.0568037425221286,1.2953166995120486
0.9875953723547108,0.0,0.0050627131377862095,0.0,2.165340414113746,0.0,1.387321044082011,3.0568180238499956,1.2933522964793451
0.9875956100851394,0.0,0.00505904403160586,0.0,2.166140414113746,0.0,1.3871654472578605,3.056832299252651,1.2913799550844693
0.9875958475443123,0.0,0.005055378901756873,0.0,2.166940414113746,0.0,1.3870099528318538,3.056846568735856,1.2893995240672678
0.9875960847325629,0.0,0.005051717742503523,0.0,2.1677404141137457,0.0,1.3868545606742821,3.0568608323053486,1.2874108474277441
0.9875963216502247,0.0,0.005048060548120363,0.0,2.1685404141137457,0.0,1.3866992706557122,3.056875089966936,1.2854137645967836
0.9875965582976293,0.0,0.0050444073128923135,0.0,2.1693404141137456,0.0,1.3865440826469042,3.056889341726289,1.2834081099031827
0.9875967946751087,0.0,0.0050407580311145235,0.0,2.1701404141137455,0.0,1.3863889965189093,3.0569035875891766,1.2813937125972905
0.9875970307829942,0.0,0.005037112697092449,0.0,2.1709404141137454,0.0,1.3862340121428967,3.0569178275612883,1.2793703966156333
0.9875972666216184,0.0,0.005033471305141822,0.0,2.1717404141137453,0.0,1.3860791293903016,3.0569320616483786,1.277337980075761
0.9875975021913119,0.0,0.005029833849588536,0.0,2.172540414113745,0.0,1.3859243481327812,3.0569462898561666,1.2752962753275217
0.9875977374924048,0.0,0.0050262003247687455,0.0,2.173340414113745,0.0,1.3857696682422092,3.056960512190294,1.2732450886410835
0.9875979725252282,0.0,0.005022570725028747,0.0,2.174140414113745,0.0,1.3856150895907113,3.056974728656513,1.271184219620262
0.9875982072901124,0.0,0.005018945044725036,0.0,2.174940414113745,0.0,1.3854606120505564,3.056988939260494,1.2691134613885078
0.9875984417873857,0.0,0.005015323278224177,0.0,2.175740414113745,0.0,1.385306235494297,3.057003144007888,1.267032599762837
0.9875986760173792,0.0,0.0050117054199029275,0.0,2.1765404141137448,0.0,1.3851519597946806,3.057017342904424,1.264941413371894
0.9875989099804211,0.0,0.005008091464148102,0.0,2.1773404141137447,0.0,1.3849977848246582,3.0570315359557263,1.262839672845384
0.9875991436768402,0.0,0.0050044814053565615,0.0,2.1781404141137446,0.0,1.3848437104574254,3.0570457231674846,1.2607271408644969
0.9875993771069652,0.0,0.0050008752379352844,0.0,2.1789404141137445,0.0,1.3846897365663555,3.057059904545328,1.258603571390895
0.9875996102711232,0.0,0.004997272956301217,0.0,2.1797404141137444,0.0,1.3845358630250606,3.0570740800948757,1.2564687094237352
0.9875998431696436,0.0,0.0049936745548813544,0.0,2.1805404141137443,0.0,1.3843820897073966,3.057088249821825,1.2543222905726414
0.9876000758028517,0.0,0.004990080028112611,0.0,2.1813404141137442,0.0,1.3842284164873595,3.0571024137317577,1.2521640403282788
0.9876003081710766,0.0,0.004986489370441975,0.0,2.182140414113744,0.0,1.384074843239234,3.057116571830325,1.249993673792399
0.9876005402746441,0.0,0.004982902576326273,0.0,2.182940414113744,0.0,1.383921369837469,3.0571307241231445,1.2478108949166145
0.9876007721138806,0.0,0.004979319640232307,0.0,2.183740414113744,0.0,1.3837679961567464,3.057144870615816,1.2456153959174057
0.9876010036891116,0.0,0.0049757405566367525,0.0,2.184540414113744,0.0,1.3836147220719888,3.057159011313919,1.243406856727037
0.9876012350006641,0.0,0.004972165320026198,0.0,2.185340414113744,0.0,1.3834615474582677,3.057173146223091,1.2411849443535106
0.987601466048862,0.0,0.004968593924897071,0.0,2.1861404141137437,0.0,1.3833084721909115,3.057187275348853,1.2389493117466974
0.9876016968340314,0.0,0.004965026365755617,0.0,2.1869404141137436,0.0,1.3831554961454462,3.057201398696847,1.2366995973783017
0.9876019273564967,0.0,0.0049614626371179155,0.0,2.1877404141137435,0.0,1.3830026191975966,3.0572155162726258,1.2344354242053472
0.9876021576165827,0.0,0.00495790273350984,0.0,2.1885404141137434,0.0,1.3828498412233536,3.0572296280817826,1.232156398799642
0.9876023876146126,0.0,0.004954346649467037,0.0,2.1893404141137434,0.0,1.3826971620988378,3.0572437341298304,1.2298621101338294
0.9876026173509103,0.0,0.004950794379534901,0.0,2.1901404141137433,0.0,1.3825445817004451,3.0572578344223285,1.2275521287053444
0.9876028468257995,0.0,0.004947245918268556,0.0,2.190940414113743,0.0,1.3823920999047272,3.0572719289648473,1.2252260052770594
0.9876030760396035,0.0,0.004943701260232853,0.0,2.191740414113743,0.0,1.3822397165885096,3.0572860177629257,1.2228832695047807
0.9876033049926438,0.0,0.00494016040000232,0.0,2.192540414113743,0.0,1.3820874316287508,3.057300100822032,1.2205234286615947
0.9876035336852438,0.0,0.004936623332161141,0.0,2.193340414113743,0.0,1.3819352449026574,3.0573141781477586,1.218145965971599
0.9876037621177249,0.0,0.004933090051303157,0.0,2.194140414113743,0.0,1.381783156287673,3.0573282497455976,1.2157503390703805
0.9876039902904096,0.0,0.004929560552031868,0.0,2.1949404141137427,0.0,1.3816311656613929,3.0573423156210646,1.2133359780431796
0.9876042182036184,0.0,0.004926034828960315,0.0,2.1957404141137427,0.0,1.3814792729016399,3.0573563757796753,1.2109022836359422
0.9876044458576727,0.0,0.0049225128767112205,0.0,2.1965404141137426,0.0,1.38132747788645,3.0573704302268734,1.2084486249873745
0.9876046732528927,0.0,0.004918994689916766,0.0,2.1973404141137425,0.0,1.381175780494059,3.057384478968185,1.2059743370524758
0.9876049003895987,0.0,0.004915480263218734,0.0,2.1981404141137424,0.0,1.3810241806029206,3.0573985220090876,1.2034787185627303
0.9876051272681111,0.0,0.004911969591268465,0.0,2.1989404141137423,0.0,1.3808726780916551,3.057412559355038,1.2009610282865375
0.9876053538887503,0.0,0.004908462668726745,0.0,2.199740414113742,0.0,1.3807212728391292,3.057426591011562,1.1984204827686813
0.9876055802518348,0.0,0.004904959490263872,0.0,2.200540414113742,0.0,1.380569964724424,3.0574406169840804,1.1958562519527267
0.9876058063576829,0.0,0.004901460050559604,0.0,2.201340414113742,0.0,1.3804187536267458,3.0574546372780134,1.1932674560388148
0.9876060322066136,0.0,0.004897964344303123,0.0,2.202140414113742,0.0,1.3802676394256037,3.0574686518988425,1.1906531607338093
0.9876062577989458,0.0,0.004894472366193084,0.0,2.202940414113742,0.0,1.3801166220006262,3.057482660852016,1.188012372377338
0.9876064831349967,0.0,0.004890984110937499,0.0,2.2037404141137418,0.0,1.3799657012317263,3.0574966641429375,1.1853440328517548
0.9876067082150846,0.0,0.004887499573253804,0.0,2.2045404141137417,0.0,1.3798148769989333,3.0575106617770595,1.1826470134459075
0.9876069330395261,0.0,0.004884018747868747,0.0,2.2053404141137416,0.0,1.379664149182532,3.0575246537597893,1.1799201077531543
0.9876071576086387,0.0,0.00488054162951847,0.0,2.2061404141137415,0.0,1.3795135176629993,3.0575386400965545,1.1771620245543861
0.9876073819227386,0.0,0.00487706821294843,0.0,2.2069404141137414,0.0,1.379362982320991,3.057552620792724,1.174371378989931
0.9876076059821418,0.0,0.004873598492913357,0.0,2.2077404141137413,0.0,1.3792125430373983,3.0575665958537135,1.1715466826126126
0.9876078297871648,0.0,0.004870132464177292,0.0,2.2085404141137412,0.0,1.3790621996933075,3.0575805652849306,1.1686863322994792
0.9876080533381232,0.0,0.004866670121513542,0.0,2.209340414113741,0.0,1.378911952169957,3.0575945290917623,1.1657885979140241
0.9876082766353319,0.0,0.0048632114597046494,0.0,2.210140414113741,0.0,1.3787618003488524,3.057608487279576,1.162851607140814
0.9876084996791056,0.0,0.0048597564735423995,0.0,2.210940414113741,0.0,1.378611744111615,3.057622439853712,1.159873328916541
0.9876087224697588,0.0,0.004856305157827744,0.0,2.211740414113741,0.0,1.378461783340174,3.057636386819566,1.1568515540583921
0.9876089450076064,0.0,0.004852857507370868,0.0,2.212540414113741,0.0,1.3783119179165733,3.057650328182506,1.1537838726093166
0.9876091672929616,0.0,0.004849413516991096,0.0,2.2133404141137407,0.0,1.3781621477230641,3.057664263947852,1.1506676467191466
0.9876093893261375,0.0,0.004845973181516897,0.0,2.2141404141137406,0.0,1.3780124726421175,3.0576781941209514,1.1474999804012502
0.9876096111074489,0.0,0.004842536495785912,0.0,2.2149404141137405,0.0,1.377862892556402,3.0576921187071733,1.1442776820179872
0.987609832637207,0.0,0.004839103454644815,0.0,2.2157404141137405,0.0,1.3777134073487383,3.057706037711813,1.1409972202917307
0.9876100539157256,0.0,0.004835674052949435,0.0,2.2165404141137404,0.0,1.37756401690221,3.057719951140239,1.1376546720042349
0.9876102749433155,0.0,0.0048322482855646404,0.0,2.2173404141137403,0.0,1.377414721100048,3.0577338589977012,1.1342456579097626
0.9876104957202898,0.0,0.004828826147364379,0.0,2.21814041411374,0.0,1.377265519825715,3.0577477612895567,1.130765264737563
0.9876107162469593,0.0,0.004825407633231589,0.0,2.21894041411374,0.0,1.3771164129628042,3.0577616580210973,1.1272079501637307
0.9876109365236352,0.0,0.0048219927380582315,0.0,2.21974041411374,0.0,1.376967400395189,3.0577755491976344,1.1235674234625024
0.9876111565506284,0.0,0.004818581456745307,0.0,2.22054041411374,0.0,1.376818482006856,3.0577894348244214,1.1198364961596579
0.9876113763282489,0.0,0.004815173784202724,0.0,2.22134041411374,0.0,1.3766696576820316,3.057803314906761,1.1160068920385284
0.9876115958568078,0.0,0.004811769715349399,0.0,2.2221404141137397,0.0,1.3765209273051555,3.057817189449951,1.1120690017943307
0.9876118151366138,0.0,0.0048083692451131475,0.0,2.2229404141137397,0.0,1.3763722907608231,3.0578310584592243,1.1080115620441253
0.9876120341679768,0.0,0.004804972368430745,0.0,2.2237404141137396,0.0,1.3762237479337787,3.057844921939851,1.1038212270809369
0.9876122529512061,0.0,0.004801579080247824,0.0,2.2245404141137395,0.0,1.3760752987090585,3.05785877989711,1.099481987186659
0.9876124714866102,0.0,0.0047981893755189055,0.0,2.2253404141137394,0.0,1.3759269429718235,3.0578726323362533,1.0949743592251733
0.9876126897744977,0.0,0.004794803249207422,0.0,2.2261404141137393,0.0,1.3757786806074541,3.057886479262483,1.0902742306006612
0.9876129078151759,0.0,0.004791420696285572,0.0,2.226940414113739,0.0,1.3756305115014968,3.057900320681048,1.085351157355746
0.9876131256089536,0.0,0.00478804171173444,0.0,2.227740414113739,0.0,1.3754824355397062,3.0579141565972074,1.0801657599792955
0.9876133431561382,0.0,0.004784666290543879,0.0,2.228540414113739,0.0,1.3753344526080244,3.05792798701619,1.0746655572086365
0.9876135604570357,0.0,0.004781294427712543,0.0,2.229340414113739,0.0,1.3751865625925737,3.057941811943161,1.068777910008436
0.9876137775119533,0.0,0.004777926118247862,0.0,2.230140414113739,0.0,1.375038765379703,3.057955631383349,1.0623971698826002
0.9876139943211976,0.0,0.0047745613571659904,0.0,2.230940414113739,0.0,1.3748910608558853,3.0579694453419863,1.0553588688094349
0.9876142108850747,0.0,0.004771200139491855,0.0,2.2317404141137387,0.0,1.374743448907831,3.0579832538242595,1.047380168035059
0.9876144272038895,0.0,0.004767842460259064,0.0,2.2325404141137386,0.0,1.3745959294224448,3.057997056835317,1.0378890486092955
0.9876146432779482,0.0,0.004764488314509925,0.0,2.2333404141137385,0.0,1.3744485022867499,3.0580108543804068,1.0252812519062193
0.9876148591075556,0.0,0.004761137697295456,0.0,2.2341404141137384,0.0,1.3743011673880268,3.058024646464654,1.000000000014497
0.9876150746930158,0.0,0.004757790603675264,0.0,2.2349404141137383,0.0,1.374153924613758,3.0580384330932455,1.0000000000155302
0.987615290034634,0.0,0.004754447028717675,0.0,2.2357404141137383,0.0,1.374006773851542,3.0580522142713615,1.0000000000085119
0.9876155051327135,0.0,0.004751106967499584,0.0,2.236540414113738,0.0,1.3738597149891827,3.0580659900041347,1.0000000000009812
0.9876157199875581,0.0,0.004747770415106511,0.0,2.237340414113738,0.0,1.3737127479147226,3.0580797602967316,1.0000000000080012
0.987615934599471,0.0,0.004744437366632547,0.0,2.238140414113738,0.0,1.3735658725163091,3.058093525154284,1.000000000035141
0.9876161489687558,0.0,0.004741107817180405,0.0,2.238940414113738,0.0,1.3734190886823565,3.0581072845819417,1.0000000000218314
0.9876163630957144,0.0,0.004737781761861257,0.0,2.239740414113738,0.0,1.3732723963014153,3.0581210385848374,1.0000000000164253
0.9876165769806488,0.0,0.00473445919579485,0.0,2.2405404141137377,0.0,1.3731257952622185,3.0581347871680915,1.0000000000019935
0.9876167906238623,0.0,0.004731140114109502,0.0,2.2413404141137376,0.0,1.372979285453697,3.0581485303368483,1.0000000000562905
0.9876170040256551,0.0,0.004727824511941957,0.0,2.2421404141137375,0.0,1.3728328667649523,3.0581622680961598,1.0000000000235256
0.9876172171863284,0.0,0.004724512384437447,0.0,2.2429404141137375,0.0,1.3726865390853145,3.058176000451148,1.0000000000045648
0.9876174301061837,0.0,0.004721203726749682,0.0,2.2437404141137374,0.0,1.3725403023042186,3.058189727406935,1.0000061038638526
0.9876176427855223,0.0,0.004717898534040819,0.0,2.2445404141137373,0.0,1.3723941563113393,3.0582034489686407,1.0000000000111031
0.9876178552246433,0.0,0.0047145968014814365,0.0,2.245340414113737,0.0,1.3722481009965266,3.0582171651412917,1.0000000000125453
0.9876180674238462,0.0,0.004711298524250481,0.0,2.246140414113737,0.0,1.3721021362498147,3.058230875929982,1.0000000000354807
0.987618279383432,0.0,0.004708003697535383,0.0,2.246940414113737,0.0,1.3719562619613417,3.0582445813398094,1.0000000000013922
0.987618491103699,0.0,0.004704712316531838,0.0,2.247740414113737,0.0,1.3718104780215779,3.0582582813758377,1.0000000000383416
0.987618702584946,0.0,0.004701424376443979,0.0,2.248540414113737,0.0,1.3716647843210577,3.058271976043091,0.9999999999996542
0.9876189138274719,0.0,0.004698139872484218,0.0,2.2493404141137368,0.0,1.3715191807504958,3.0582856653466806,1.0000039519045707
0.987619124831575,0.0,0.004694858799873337,0.0,2.2501404141137367,0.0,1.3713736672008758,3.0582993492916293,0.9999999999984325
0.987619335597552,0.0,0.00469158115384041,0.0,2.2509404141137366,0.0,1.3712282435632477,3.058313027882913,1.0000000000198646
0.987619546125702,0.0,0.004688306929622754,0.0,2.2517404141137365,0.0,1.3710829097289208,3.0583267011256874,1.0000000000333518
0.9876197564163212,0.0,0.004685036122466019,0.0,2.2525404141137364,0.0,1.3709376655893568,3.058340369024892,1.000000000006791
0.9876199664697065,0.0,0.00468176872762406,0.0,2.2533404141137363,0.0,1.3707925110361996,3.058354031585578,1.0000000000292977
0.9876201762861542,0.0,0.004678504740358961,0.0,2.2541404141137362,0.0,1.3706474459612832,3.0583676888127656,1.0000000000176161
0.9876203858659608,0.0,0.004675244155941093,0.0,2.254940414113736,0.0,1.3705024702565765,3.0583813407114366,1.0000000000077862
0.9876205952094222,0.0,0.0046719869696489336,0.0,2.255740414113736,0.0,1.3703575838142716,3.0583949872866505,1.0000000000819977
0.987620804316834,0.0,0.0046687331767692125,0.0,2.256540414113736,0.0,1.3702127865267189,3.058408628543374,1.0000071409809121
0.987621013188491,0.0,0.004665482772596805,0.0,2.257340414113736,0.0,1.3700680782864236,3.058422264486593,1.0000000000278415
0.9876212218246871,0.0,0.004662235752434701,0.0,2.258140414113736,0.0,1.3699234589861244,3.0584358951212653,1.0000000000135565
0.9876214302257186,0.0,0.004658992111594099,0.0,2.2589404141137357,0.0,1.3697789285186852,3.0584495204524176,1.000005293411593
0.987621638391878,0.0,0.0046557518453942326,0.0,2.2597404141137356,0.0,1.3696344867771686,3.058463140484986,1.0000000000006013
0.98762184632346,0.0,0.004652514949162477,0.0,2.2605404141137355,0.0,1.3694901336547805,3.058476755223966,1.0000000000175375
0.987622054020758,0.0,0.004649281418234279,0.0,2.2613404141137354,0.0,1.3693458690449696,3.0584903646743227,1.0000000000164873
0.9876222614840641,0.0,0.004646051247953148,0.0,2.2621404141137353,0.0,1.3692016928412605,3.0585039688409585,1.0000000000201008
0.9876224687136715,0.0,0.004642824433670651,0.0,2.2629404141137353,0.0,1.3690576049374787,3.05851756772884,0.9999999999981836
0.9876226757098738,0.0,0.004639600970746381,0.0,2.263740414113735,0.0,1.3689136052274922,3.058531161342966,1.0000053753309845
0.987622882472961,0.0,0.004636380854547922,0.0,2.264540414113735,0.0,1.3687696936054308,3.0585447496881883,1.0000000000318672
0.9876230890032264,0.0,0.004633164080450915,0.0,2.265340414113735,0.0,1.3686258699655596,3.0585583327694748,1.0000000000245524
0.9876232953009606,0.0,0.004629950643838929,0.0,2.266140414113735,0.0,1.3684821342023368,3.0585719105917333,1.0000000000059903
0.9876235013664553,0.0,0.004626740540103503,0.0,2.266940414113735,0.0,1.368338486210362,3.0585854831599235,1.000000000013661
0.9876237072000005,0.0,0.004623533764644152,0.0,2.2677404141137347,0.0,1.368194925884457,3.058599050478901,1.0000000000060023
0.9876239128018872,0.0,0.004620330312868304,0.0,2.2685404141137346,0.0,1.3680514531195545,3.0586126125536097,1.0000000000084852
0.9876241181724049,0.0,0.004617130180191317,0.0,2.2693404141137345,0.0,1.3679080678108173,3.0586261693889014,1.0000055136460184
0.9876243233118436,0.0,0.004613933362036408,0.0,2.2701404141137345,0.0,1.367764769853521,3.0586397209897154,1.0000114239013933
0.9876245282204925,0.0,0.004610739853834724,0.0,2.2709404141137344,0.0,1.367621559143157,3.058653267360918,1.0000027746737972
0.9876247328986403,0.0,0.0046075496510252795,0.0,2.2717404141137343,0.0,1.3674784355753815,3.0586668085073416,1.0000061146898946
0.9876249373465765,0.0,0.004604362749054884,0.0,2.272540414113734,0.0,1.3673353990460217,3.058680344433954,0.9999999999994261
0.9876251415645895,0.0,0.004601179143378245,0.0,2.273340414113734,0.0,1.3671924494510277,3.0586938751455817,1.0000000000295008
0.9876253455529658,0.0,0.0045979988294578495,0.0,2.274140414113734,0.0,1.3670495866865886,3.0587074006470285,1.0000000000237086
0.9876255493119944,0.0,0.004594821802763997,0.0,2.274940414113734,0.0,1.3669068106490025,3.0587209209432213,1.000000000032615
0.9876257528419625,0.0,0.004591648058774795,0.0,2.275740414113734,0.0,1.366764121234766,3.0587344360389723,1.000001399630061
0.9876259561431565,0.0,0.004588477592976048,0.0,2.2765404141137338,0.0,1.3666215183405936,3.0587479459391504,0.9999999999978763
0.9876261592158635,0.0,0.004585310400861427,0.0,2.2773404141137337,0.0,1.3664790018632358,3.0587614506485465,1.000007513550484
0.9876263620603698,0.0,0.00458214647793222,0.0,2.2781404141137336,0.0,1.36633657169976,3.058774950172059,1.0000009775555545
0.9876265646769616,0.0,0.004578985819697563,0.0,2.2789404141137335,0.0,1.3661942277472618,3.058788444514451,1.0000000000165001
0.9876267670659234,0.0,0.004575828421674159,0.0,2.2797404141137334,0.0,1.3660519699031415,3.0588019336805523,1.000000000009015
0.9876269692275415,0.0,0.004572674279386511,0.0,2.2805404141137333,0.0,1.3659097980648522,3.0588154176751816,1.000000000032338
0.9876271711621017,0.0,0.0045695233883667535,0.0,2.2813404141137332,0.0,1.3657677121300773,3.058828896503213,1.0000000000526308
0.9876273728698864,0.0,0.00456637574415468,0.0,2.282140414113733,0.0,1.365625711996644,3.0588423701693097,1.0000073730299261
0.9876275743511821,0.0,0.004563231342297732,0.0,2.282940414113733,0.0,1.3654837975625225,3.05885583867839,0.9999999999974443
0.9876277756062708,0.0,0.004560090178350967,0.0,2.283740414113733,0.0,1.3653419687259507,3.0588693020351476,1.0000141392861095
0.9876279766354377,0.0,0.004556952247877078,0.0,2.284540414113733,0.0,1.3652002253851523,3.0588827602444297,1.0000077207791453
0.9876281774389652,0.0,0.004553817546446327,0.0,2.285340414113733,0.0,1.3650585674387123,3.058896213310982,1.000010863290983
0.9876283780171363,0.0,0.004550686069636561,0.0,2.2861404141137327,0.0,1.364916994785223,3.058909661239574,1.0000000000016085
0.9876285783702349,0.0,0.004547557813033206,0.0,2.2869404141137326,0.0,1.364775507323534,3.058923104035034,1.0000000000037945
0.9876287784985408,0.0,0.004544432772229217,0.0,2.2877404141137325,0.0,1.3646341049526165,3.058936541701999,1.0000000000140892
0.9876289784023382,0.0,0.004541310942825127,0.0,2.2885404141137324,0.0,1.3644927875716177,3.058949974245305,1.0000000000012774
0.9876291780819076,0.0,0.004538192320428896,0.0,2.2893404141137323,0.0,1.3643515550798777,3.058963401669706,0.9999999999976582
0.9876293775375304,0.0,0.00453507690065608,0.0,2.2901404141137323,0.0,1.3642104073768222,3.058976823979898,1.0000000000286084
0.9876295767694873,0.0,0.004531964679129675,0.0,2.290940414113732,0.0,1.3640693443621368,3.0589902411806147,1.000011956042374
0.9876297757780594,0.0,0.004528855651480167,0.0,2.291740414113732,0.0,1.363928365935561,3.0590036532766183,1.000011846817755
0.9876299745635271,0.0,0.004525749813345482,0.0,2.292540414113732,0.0,1.3637874719970873,3.0590170602726303,1.000004205058504
0.9876301731261697,0.0,0.0045226471603710084,0.0,2.293340414113732,0.0,1.3636466624468206,3.0590304621733315,1.000000000065928
0.9876303714662674,0.0,0.004519547688209529,0.0,2.294140414113732,0.0,1.3635059371850689,3.059043858983477,1.00000322959371
0.9876305695840988,0.0,0.00451645139252127,0.0,2.2949404141137317,0.0,1.3633652961122606,3.059057250707723,1.0000000000277567
0.9876307674799435,0.0,0.004513358268973825,0.0,2.2957404141137316,0.0,1.363224739128998,3.059070637350824,1.0000102905772195
0.9876309651540796,0.0,0.004510268313242194,0.0,2.2965404141137316,0.0,1.363084266136031,3.059084018917428,1.0000000000070473
